analysis_scope,dataset_id,model_uid,compression_family,compression_profile,saliency_feature,sensitivity_metric,sample_count,identity_count,spearman_rho,bootstrap_confidence_level,bootstrap_ci_low,bootstrap_ci_high,bootstrap_valid_repeats,bootstrap_rank_strategy,association_algorithm_version
geometry,lfw,arcface-7972a704552df378345f,pca,pca_128,quadrant_top_left,angular_error_rad,9122,1674,0.0020219734273956434,0.95,-0.06413427126953335,0.057035525277576486,500,weighted_rerank,identity-cluster-weighted-rerank-v1
geometry,lfw,arcface-7972a704552df378345f,pca,pca_128,quadrant_top_left,reconstruction_mse,9122,1674,0.0020199087935399754,0.95,-0.06413456583806487,0.05703149135136964,500,weighted_rerank,identity-cluster-weighted-rerank-v1
geometry,lfw,arcface-7972a704552df378345f,pca,pca_128,quadrant_top_left,cosine_to_origin,9122,1674,-0.0020219734273956434,0.95,-0.057035525277576486,0.06413427126953332,500,weighted_rerank,identity-cluster-weighted-rerank-v1
geometry,lfw,arcface-7972a704552df378345f,pca,pca_128,quadrant_top_right,angular_error_rad,9122,1674,-0.04440488759731105,0.95,-0.09935538930530403,0.018041254697621294,500,weighted_rerank,identity-cluster-weighted-rerank-v1
geometry,lfw,arcface-7972a704552df378345f,pca,pca_128,quadrant_top_right,reconstruction_mse,9122,1674,-0.04440519673635151,0.95,-0.09935570422480912,0.018039956124156997,500,weighted_rerank,identity-cluster-weighted-rerank-v1
geometry,lfw,arcface-7972a704552df378345f,pca,pca_128,quadrant_top_right,cosine_to_origin,9122,1674,0.04440488759731105,0.95,-0.018041254697621318,0.09935538930530403,500,weighted_rerank,identity-cluster-weighted-rerank-v1
geometry,lfw,arcface-7972a704552df378345f,pca,pca_128,quadrant_bottom_left,angular_error_rad,9122,1674,0.016727950199392303,0.95,-0.03895063090056789,0.07008279844554363,500,weighted_rerank,identity-cluster-weighted-rerank-v1
geometry,lfw,arcface-7972a704552df378345f,pca,pca_128,quadrant_bottom_left,reconstruction_mse,9122,1674,0.016728354937842766,0.95,-0.03894689465804194,0.07008526442753091,500,weighted_rerank,identity-cluster-weighted-rerank-v1
geometry,lfw,arcface-7972a704552df378345f,pca,pca_128,quadrant_bottom_left,cosine_to_origin,9122,1674,-0.016727950199392303,0.95,-0.07008279844554365,0.03895063090056787,500,weighted_rerank,identity-cluster-weighted-rerank-v1
geometry,lfw,arcface-7972a704552df378345f,pca,pca_128,quadrant_bottom_right,angular_error_rad,9122,1674,0.07262517295444648,0.95,0.023439947379791163,0.1287339576613841,500,weighted_rerank,identity-cluster-weighted-rerank-v1
geometry,lfw,arcface-7972a704552df378345f,pca,pca_128,quadrant_bottom_right,reconstruction_mse,9122,1674,0.07262661158701393,0.95,0.023441314195613766,0.12873561118857763,500,weighted_rerank,identity-cluster-weighted-rerank-v1
geometry,lfw,arcface-7972a704552df378345f,pca,pca_128,quadrant_bottom_right,cosine_to_origin,9122,1674,-0.07262517295444648,0.95,-0.1287339576613841,-0.023439947379791173,500,weighted_rerank,identity-cluster-weighted-rerank-v1
geometry,lfw,arcface-7972a704552df378345f,pca,pca_128,left_eye_attention,angular_error_rad,9122,1674,0.03773114752561858,0.95,-0.0017818076471837658,0.07596288343313734,500,weighted_rerank,identity-cluster-weighted-rerank-v1
geometry,lfw,arcface-7972a704552df378345f,pca,pca_128,left_eye_attention,reconstruction_mse,9122,1674,0.0377307242198289,0.95,-0.0017817717382386871,0.07596118813214002,500,weighted_rerank,identity-cluster-weighted-rerank-v1
geometry,lfw,arcface-7972a704552df378345f,pca,pca_128,left_eye_attention,cosine_to_origin,9122,1674,-0.03773114752561858,0.95,-0.07596288343313734,0.0017818076471837634,500,weighted_rerank,identity-cluster-weighted-rerank-v1
geometry,lfw,arcface-7972a704552df378345f,pca,pca_128,right_eye_attention,angular_error_rad,9122,1674,-0.010190815654666617,0.95,-0.05764196768132781,0.04376872608506255,500,weighted_rerank,identity-cluster-weighted-rerank-v1
geometry,lfw,arcface-7972a704552df378345f,pca,pca_128,right_eye_attention,reconstruction_mse,9122,1674,-0.010192164845047104,0.95,-0.05764211602586902,0.043767050154593125,500,weighted_rerank,identity-cluster-weighted-rerank-v1
geometry,lfw,arcface-7972a704552df378345f,pca,pca_128,right_eye_attention,cosine_to_origin,9122,1674,0.010190815654666617,0.95,-0.04376872608506256,0.057641967681327795,500,weighted_rerank,identity-cluster-weighted-rerank-v1
geometry,lfw,arcface-7972a704552df378345f,pca,pca_128,nose_attention,angular_error_rad,9122,1674,0.04808954707296952,0.95,0.0022433372404367297,0.09464516569341913,500,weighted_rerank,identity-cluster-weighted-rerank-v1
geometry,lfw,arcface-7972a704552df378345f,pca,pca_128,nose_attention,reconstruction_mse,9122,1674,0.04809102723451979,0.95,0.002243602328568222,0.09464505918679847,500,weighted_rerank,identity-cluster-weighted-rerank-v1
geometry,lfw,arcface-7972a704552df378345f,pca,pca_128,nose_attention,cosine_to_origin,9122,1674,-0.04808954707296952,0.95,-0.09464516569341913,-0.0022433372404367367,500,weighted_rerank,identity-cluster-weighted-rerank-v1
geometry,lfw,arcface-7972a704552df378345f,pca,pca_128,mouth_attention,angular_error_rad,9122,1674,0.05680113707592805,0.95,0.008286071926064648,0.10093819252697869,500,weighted_rerank,identity-cluster-weighted-rerank-v1
geometry,lfw,arcface-7972a704552df378345f,pca,pca_128,mouth_attention,reconstruction_mse,9122,1674,0.05680150307661476,0.95,0.008285998109123501,0.10094179842358307,500,weighted_rerank,identity-cluster-weighted-rerank-v1
geometry,lfw,arcface-7972a704552df378345f,pca,pca_128,mouth_attention,cosine_to_origin,9122,1674,-0.05680113707592805,0.95,-0.1009381925269787,-0.008286071926064655,500,weighted_rerank,identity-cluster-weighted-rerank-v1
geometry,lfw,arcface-7972a704552df378345f,pca,pca_128,left_cheek_attention,angular_error_rad,9122,1674,0.027760252387141283,0.95,-0.02032068786223699,0.07114161570561725,500,weighted_rerank,identity-cluster-weighted-rerank-v1
geometry,lfw,arcface-7972a704552df378345f,pca,pca_128,left_cheek_attention,reconstruction_mse,9122,1674,0.02776086153190315,0.95,-0.02031882037608655,0.07114012693052103,500,weighted_rerank,identity-cluster-weighted-rerank-v1
geometry,lfw,arcface-7972a704552df378345f,pca,pca_128,left_cheek_attention,cosine_to_origin,9122,1674,-0.027760252387141283,0.95,-0.07114161570561726,0.020320687862236966,500,weighted_rerank,identity-cluster-weighted-rerank-v1
geometry,lfw,arcface-7972a704552df378345f,pca,pca_128,right_cheek_attention,angular_error_rad,9121,1674,-0.006724187723114117,0.95,-0.04687300952613476,0.04146442924068525,500,weighted_rerank,identity-cluster-weighted-rerank-v1
geometry,lfw,arcface-7972a704552df378345f,pca,pca_128,right_cheek_attention,reconstruction_mse,9121,1674,-0.006725770700854526,0.95,-0.04687324594099683,0.04145872784367771,500,weighted_rerank,identity-cluster-weighted-rerank-v1
geometry,lfw,arcface-7972a704552df378345f,pca,pca_128,right_cheek_attention,cosine_to_origin,9121,1674,0.006724187723114117,0.95,-0.041464429240685274,0.04687300952613476,500,weighted_rerank,identity-cluster-weighted-rerank-v1
geometry,lfw,arcface-7972a704552df378345f,pca,pca_128,jaw_attention,angular_error_rad,9122,1674,0.026511423293988534,0.95,-0.006989097726713063,0.05874060769795056,500,weighted_rerank,identity-cluster-weighted-rerank-v1
geometry,lfw,arcface-7972a704552df378345f,pca,pca_128,jaw_attention,reconstruction_mse,9122,1674,0.0265124502196213,0.95,-0.006988738467440751,0.05874239298821364,500,weighted_rerank,identity-cluster-weighted-rerank-v1
geometry,lfw,arcface-7972a704552df378345f,pca,pca_128,jaw_attention,cosine_to_origin,9122,1674,-0.026511423293988534,0.95,-0.058740607697950566,0.006989097726713059,500,weighted_rerank,identity-cluster-weighted-rerank-v1
geometry,lfw,arcface-7972a704552df378345f,pca,pca_128,face_attention,angular_error_rad,9122,1674,0.07153328888228734,0.95,0.020809152717561806,0.12300480681168732,500,weighted_rerank,identity-cluster-weighted-rerank-v1
geometry,lfw,arcface-7972a704552df378345f,pca,pca_128,face_attention,reconstruction_mse,9122,1674,0.07153332288798064,0.95,0.020804085727358083,0.12300681097225331,500,weighted_rerank,identity-cluster-weighted-rerank-v1
geometry,lfw,arcface-7972a704552df378345f,pca,pca_128,face_attention,cosine_to_origin,9122,1674,-0.07153328888228734,0.95,-0.12300480681168736,-0.020809152717561816,500,weighted_rerank,identity-cluster-weighted-rerank-v1
geometry,lfw,arcface-7972a704552df378345f,pca,pca_128,outside_face_attention,angular_error_rad,9122,1674,-0.07153328888228734,0.95,-0.12300480681168736,-0.020809152717561816,500,weighted_rerank,identity-cluster-weighted-rerank-v1
geometry,lfw,arcface-7972a704552df378345f,pca,pca_128,outside_face_attention,reconstruction_mse,9122,1674,-0.07153332288798064,0.95,-0.12300681097225336,-0.020804085727358094,500,weighted_rerank,identity-cluster-weighted-rerank-v1
geometry,lfw,arcface-7972a704552df378345f,pca,pca_128,outside_face_attention,cosine_to_origin,9122,1674,0.07153328888228734,0.95,0.020809152717561806,0.12300480681168732,500,weighted_rerank,identity-cluster-weighted-rerank-v1
geometry,lfw,arcface-7972a704552df378345f,pca,pca_128,saliency_entropy,angular_error_rad,9122,1674,0.033171398368247555,0.95,-0.03653555654950308,0.11167204157560258,500,weighted_rerank,identity-cluster-weighted-rerank-v1
geometry,lfw,arcface-7972a704552df378345f,pca,pca_128,saliency_entropy,reconstruction_mse,9122,1674,0.03317108331376374,0.95,-0.03653549684308637,0.11166928364229634,500,weighted_rerank,identity-cluster-weighted-rerank-v1
geometry,lfw,arcface-7972a704552df378345f,pca,pca_128,saliency_entropy,cosine_to_origin,9122,1674,-0.033171398368247555,0.95,-0.11167204157560258,0.03653555654950308,500,weighted_rerank,identity-cluster-weighted-rerank-v1
geometry,lfw,arcface-7972a704552df378345f,pca,pca_128,maximum_region_concentration,angular_error_rad,9122,1674,-0.051865960841816,0.95,-0.10862707087362339,0.0029897874570514508,500,weighted_rerank,identity-cluster-weighted-rerank-v1
geometry,lfw,arcface-7972a704552df378345f,pca,pca_128,maximum_region_concentration,reconstruction_mse,9122,1674,-0.05186529541492535,0.95,-0.10862562009760508,0.0029883334240760405,500,weighted_rerank,identity-cluster-weighted-rerank-v1
geometry,lfw,arcface-7972a704552df378345f,pca,pca_128,maximum_region_concentration,cosine_to_origin,9122,1674,0.051865960841816,0.95,-0.002989787457051466,0.10862707087362336,500,weighted_rerank,identity-cluster-weighted-rerank-v1
geometry,lfw,arcface-7972a704552df378345f,pca,pca_128,left_right_asymmetry,angular_error_rad,9122,1674,-0.044728114010366575,0.95,-0.1109797043908414,0.023505849832807717,500,weighted_rerank,identity-cluster-weighted-rerank-v1
geometry,lfw,arcface-7972a704552df378345f,pca,pca_128,left_right_asymmetry,reconstruction_mse,9122,1674,-0.044728694168993374,0.95,-0.11098189070413916,0.023507066619832966,500,weighted_rerank,identity-cluster-weighted-rerank-v1
geometry,lfw,arcface-7972a704552df378345f,pca,pca_128,left_right_asymmetry,cosine_to_origin,9122,1674,0.044728114010366575,0.95,-0.02350584983280772,0.1109797043908414,500,weighted_rerank,identity-cluster-weighted-rerank-v1
geometry,lfw,arcface-7972a704552df378345f,pca,pca_128,saliency_center_x,angular_error_rad,9122,1674,0.04787604088015938,0.95,0.0023447657314758933,0.09690373170189547,500,weighted_rerank,identity-cluster-weighted-rerank-v1
geometry,lfw,arcface-7972a704552df378345f,pca,pca_128,saliency_center_x,reconstruction_mse,9122,1674,0.04787799083949828,0.95,0.0023461713385634657,0.096904750133761,500,weighted_rerank,identity-cluster-weighted-rerank-v1
geometry,lfw,arcface-7972a704552df378345f,pca,pca_128,saliency_center_x,cosine_to_origin,9122,1674,-0.04787604088015938,0.95,-0.09690373170189547,-0.0023447657314759015,500,weighted_rerank,identity-cluster-weighted-rerank-v1
geometry,lfw,arcface-7972a704552df378345f,pca,pca_128,saliency_center_y,angular_error_rad,9122,1674,0.044047468221977935,0.95,-0.027291703351409506,0.1311339797478342,500,weighted_rerank,identity-cluster-weighted-rerank-v1
geometry,lfw,arcface-7972a704552df378345f,pca,pca_128,saliency_center_y,reconstruction_mse,9122,1674,0.04404853642084397,0.95,-0.027288791698680474,0.13113760997142382,500,weighted_rerank,identity-cluster-weighted-rerank-v1
geometry,lfw,arcface-7972a704552df378345f,pca,pca_128,saliency_center_y,cosine_to_origin,9122,1674,-0.044047468221977935,0.95,-0.13113397974783425,0.027291703351409503,500,weighted_rerank,identity-cluster-weighted-rerank-v1
geometry,lfw,arcface-7972a704552df378345f,pca,pca_128,saliency_spread,angular_error_rad,9122,1674,-0.0011976879477054276,0.95,-0.050894286782001585,0.04801661181544168,500,weighted_rerank,identity-cluster-weighted-rerank-v1
geometry,lfw,arcface-7972a704552df378345f,pca,pca_128,saliency_spread,reconstruction_mse,9122,1674,-0.0011973087867443743,0.95,-0.050896294938281836,0.04802238771452984,500,weighted_rerank,identity-cluster-weighted-rerank-v1
geometry,lfw,arcface-7972a704552df378345f,pca,pca_128,saliency_spread,cosine_to_origin,9122,1674,0.0011976879477054276,0.95,-0.04801661181544169,0.050894286782001585,500,weighted_rerank,identity-cluster-weighted-rerank-v1
geometry,lfw,arcface-7972a704552df378345f,pca,pca_256,quadrant_top_left,angular_error_rad,9122,1674,0.00416293214687055,0.95,-0.05062454328087415,0.052295889901719635,500,weighted_rerank,identity-cluster-weighted-rerank-v1
geometry,lfw,arcface-7972a704552df378345f,pca,pca_256,quadrant_top_left,reconstruction_mse,9122,1674,0.004163157398051103,0.95,-0.050622988612705755,0.05229603799446242,500,weighted_rerank,identity-cluster-weighted-rerank-v1
geometry,lfw,arcface-7972a704552df378345f,pca,pca_256,quadrant_top_left,cosine_to_origin,9122,1674,-0.00416293214687055,0.95,-0.052295889901719635,0.050624543280874144,500,weighted_rerank,identity-cluster-weighted-rerank-v1
geometry,lfw,arcface-7972a704552df378345f,pca,pca_256,quadrant_top_right,angular_error_rad,9122,1674,-0.0500536579379882,0.95,-0.09906379148172052,-0.0005458688934772579,500,weighted_rerank,identity-cluster-weighted-rerank-v1
geometry,lfw,arcface-7972a704552df378345f,pca,pca_256,quadrant_top_right,reconstruction_mse,9122,1674,-0.050053435545695975,0.95,-0.09906182952192512,-0.0005452159348257653,500,weighted_rerank,identity-cluster-weighted-rerank-v1
geometry,lfw,arcface-7972a704552df378345f,pca,pca_256,quadrant_top_right,cosine_to_origin,9122,1674,0.0500536579379882,0.95,0.0005458688934772295,0.09906379148172051,500,weighted_rerank,identity-cluster-weighted-rerank-v1
geometry,lfw,arcface-7972a704552df378345f,pca,pca_256,quadrant_bottom_left,angular_error_rad,9122,1674,0.021220776047220016,0.95,-0.025361287369346786,0.062000499658982786,500,weighted_rerank,identity-cluster-weighted-rerank-v1
geometry,lfw,arcface-7972a704552df378345f,pca,pca_256,quadrant_bottom_left,reconstruction_mse,9122,1674,0.021220885527856295,0.95,-0.025362817131497413,0.06199985258066689,500,weighted_rerank,identity-cluster-weighted-rerank-v1
geometry,lfw,arcface-7972a704552df378345f,pca,pca_256,quadrant_bottom_left,cosine_to_origin,9122,1674,-0.021220776047220016,0.95,-0.06200049965898279,0.025361287369346782,500,weighted_rerank,identity-cluster-weighted-rerank-v1
geometry,lfw,arcface-7972a704552df378345f,pca,pca_256,quadrant_bottom_right,angular_error_rad,9122,1674,0.06948342311218583,0.95,0.02232883770138166,0.11722092825139777,500,weighted_rerank,identity-cluster-weighted-rerank-v1
geometry,lfw,arcface-7972a704552df378345f,pca,pca_256,quadrant_bottom_right,reconstruction_mse,9122,1674,0.06948322243912458,0.95,0.022327820676677233,0.11722072281863796,500,weighted_rerank,identity-cluster-weighted-rerank-v1
geometry,lfw,arcface-7972a704552df378345f,pca,pca_256,quadrant_bottom_right,cosine_to_origin,9122,1674,-0.06948342311218583,0.95,-0.11722092825139777,-0.022328837701381683,500,weighted_rerank,identity-cluster-weighted-rerank-v1
geometry,lfw,arcface-7972a704552df378345f,pca,pca_256,left_eye_attention,angular_error_rad,9122,1674,0.04816261829477386,0.95,0.011876560386936505,0.08358203330075853,500,weighted_rerank,identity-cluster-weighted-rerank-v1
geometry,lfw,arcface-7972a704552df378345f,pca,pca_256,left_eye_attention,reconstruction_mse,9122,1674,0.04816240672237635,0.95,0.011877903981662495,0.08358162357467483,500,weighted_rerank,identity-cluster-weighted-rerank-v1
geometry,lfw,arcface-7972a704552df378345f,pca,pca_256,left_eye_attention,cosine_to_origin,9122,1674,-0.04816261829477386,0.95,-0.08358203330075854,-0.011876560386936508,500,weighted_rerank,identity-cluster-weighted-rerank-v1
geometry,lfw,arcface-7972a704552df378345f,pca,pca_256,right_eye_attention,angular_error_rad,9122,1674,0.010286883511334818,0.95,-0.03529542508507778,0.05502561090693913,500,weighted_rerank,identity-cluster-weighted-rerank-v1
geometry,lfw,arcface-7972a704552df378345f,pca,pca_256,right_eye_attention,reconstruction_mse,9122,1674,0.010287639507159265,0.95,-0.035290315540899786,0.055024481792657204,500,weighted_rerank,identity-cluster-weighted-rerank-v1
geometry,lfw,arcface-7972a704552df378345f,pca,pca_256,right_eye_attention,cosine_to_origin,9122,1674,-0.010286883511334818,0.95,-0.05502561090693914,0.03529542508507777,500,weighted_rerank,identity-cluster-weighted-rerank-v1
geometry,lfw,arcface-7972a704552df378345f,pca,pca_256,nose_attention,angular_error_rad,9122,1674,0.04521204399872078,0.95,-0.0006825911054623447,0.0955611598185257,500,weighted_rerank,identity-cluster-weighted-rerank-v1
geometry,lfw,arcface-7972a704552df378345f,pca,pca_256,nose_attention,reconstruction_mse,9122,1674,0.04521009559075228,0.95,-0.0006855251963812956,0.09555893636690813,500,weighted_rerank,identity-cluster-weighted-rerank-v1
geometry,lfw,arcface-7972a704552df378345f,pca,pca_256,nose_attention,cosine_to_origin,9122,1674,-0.04521204399872078,0.95,-0.09556115981852571,0.0006825911054623438,500,weighted_rerank,identity-cluster-weighted-rerank-v1
geometry,lfw,arcface-7972a704552df378345f,pca,pca_256,mouth_attention,angular_error_rad,9122,1674,0.05873796396716403,0.95,0.015127869498061875,0.09833092053921413,500,weighted_rerank,identity-cluster-weighted-rerank-v1
geometry,lfw,arcface-7972a704552df378345f,pca,pca_256,mouth_attention,reconstruction_mse,9122,1674,0.05873655274479225,0.95,0.015126054028834029,0.09832934844569696,500,weighted_rerank,identity-cluster-weighted-rerank-v1
geometry,lfw,arcface-7972a704552df378345f,pca,pca_256,mouth_attention,cosine_to_origin,9122,1674,-0.05873796396716403,0.95,-0.09833092053921415,-0.01512786949806189,500,weighted_rerank,identity-cluster-weighted-rerank-v1
geometry,lfw,arcface-7972a704552df378345f,pca,pca_256,left_cheek_attention,angular_error_rad,9122,1674,0.023220596428374735,0.95,-0.021830408126894657,0.06861850201731319,500,weighted_rerank,identity-cluster-weighted-rerank-v1
geometry,lfw,arcface-7972a704552df378345f,pca,pca_256,left_cheek_attention,reconstruction_mse,9122,1674,0.02322081773048996,0.95,-0.02183090513426643,0.06862018188718955,500,weighted_rerank,identity-cluster-weighted-rerank-v1
geometry,lfw,arcface-7972a704552df378345f,pca,pca_256,left_cheek_attention,cosine_to_origin,9122,1674,-0.023220596428374735,0.95,-0.0686185020173132,0.021830408126894647,500,weighted_rerank,identity-cluster-weighted-rerank-v1
geometry,lfw,arcface-7972a704552df378345f,pca,pca_256,right_cheek_attention,angular_error_rad,9121,1674,0.0026076119435985623,0.95,-0.03541000631542635,0.04309418215809485,500,weighted_rerank,identity-cluster-weighted-rerank-v1
geometry,lfw,arcface-7972a704552df378345f,pca,pca_256,right_cheek_attention,reconstruction_mse,9121,1674,0.0026085931564729685,0.95,-0.03540840545992121,0.04309416587201728,500,weighted_rerank,identity-cluster-weighted-rerank-v1
geometry,lfw,arcface-7972a704552df378345f,pca,pca_256,right_cheek_attention,cosine_to_origin,9121,1674,-0.0026076119435985623,0.95,-0.04309418215809485,0.03541000631542635,500,weighted_rerank,identity-cluster-weighted-rerank-v1
geometry,lfw,arcface-7972a704552df378345f,pca,pca_256,jaw_attention,angular_error_rad,9122,1674,0.04346327277599677,0.95,0.014426202415154651,0.07247386280473146,500,weighted_rerank,identity-cluster-weighted-rerank-v1
geometry,lfw,arcface-7972a704552df378345f,pca,pca_256,jaw_attention,reconstruction_mse,9122,1674,0.043462900043803356,0.95,0.014427229513415633,0.07247296703236066,500,weighted_rerank,identity-cluster-weighted-rerank-v1
geometry,lfw,arcface-7972a704552df378345f,pca,pca_256,jaw_attention,cosine_to_origin,9122,1674,-0.04346327277599677,0.95,-0.07247386280473146,-0.014426202415154651,500,weighted_rerank,identity-cluster-weighted-rerank-v1
geometry,lfw,arcface-7972a704552df378345f,pca,pca_256,face_attention,angular_error_rad,9122,1674,0.0705041171505193,0.95,0.02770626465907022,0.11319401581056045,500,weighted_rerank,identity-cluster-weighted-rerank-v1
geometry,lfw,arcface-7972a704552df378345f,pca,pca_256,face_attention,reconstruction_mse,9122,1674,0.07050435432086384,0.95,0.02770616647788759,0.11319248489451918,500,weighted_rerank,identity-cluster-weighted-rerank-v1
geometry,lfw,arcface-7972a704552df378345f,pca,pca_256,face_attention,cosine_to_origin,9122,1674,-0.0705041171505193,0.95,-0.11319401581056045,-0.027706264659070223,500,weighted_rerank,identity-cluster-weighted-rerank-v1
geometry,lfw,arcface-7972a704552df378345f,pca,pca_256,outside_face_attention,angular_error_rad,9122,1674,-0.0705041171505193,0.95,-0.11319401581056045,-0.027706264659070223,500,weighted_rerank,identity-cluster-weighted-rerank-v1
geometry,lfw,arcface-7972a704552df378345f,pca,pca_256,outside_face_attention,reconstruction_mse,9122,1674,-0.07050435432086384,0.95,-0.11319248489451918,-0.027706166477887595,500,weighted_rerank,identity-cluster-weighted-rerank-v1
geometry,lfw,arcface-7972a704552df378345f,pca,pca_256,outside_face_attention,cosine_to_origin,9122,1674,0.0705041171505193,0.95,0.02770626465907022,0.11319401581056045,500,weighted_rerank,identity-cluster-weighted-rerank-v1
geometry,lfw,arcface-7972a704552df378345f,pca,pca_256,saliency_entropy,angular_error_rad,9122,1674,0.027229531574400608,0.95,-0.03748778743712456,0.09116479706149284,500,weighted_rerank,identity-cluster-weighted-rerank-v1
geometry,lfw,arcface-7972a704552df378345f,pca,pca_256,saliency_entropy,reconstruction_mse,9122,1674,0.0272292869342817,0.95,-0.03748610730699936,0.09116431684666133,500,weighted_rerank,identity-cluster-weighted-rerank-v1
geometry,lfw,arcface-7972a704552df378345f,pca,pca_256,saliency_entropy,cosine_to_origin,9122,1674,-0.027229531574400608,0.95,-0.09116479706149289,0.03748778743712456,500,weighted_rerank,identity-cluster-weighted-rerank-v1
geometry,lfw,arcface-7972a704552df378345f,pca,pca_256,maximum_region_concentration,angular_error_rad,9122,1674,-0.04464537358291137,0.95,-0.09776675849737698,0.003310635748913501,500,weighted_rerank,identity-cluster-weighted-rerank-v1
geometry,lfw,arcface-7972a704552df378345f,pca,pca_256,maximum_region_concentration,reconstruction_mse,9122,1674,-0.04464502096562781,0.95,-0.09776746475595272,0.003311148050765229,500,weighted_rerank,identity-cluster-weighted-rerank-v1
geometry,lfw,arcface-7972a704552df378345f,pca,pca_256,maximum_region_concentration,cosine_to_origin,9122,1674,0.04464537358291137,0.95,-0.0033106357489135064,0.09776675849737695,500,weighted_rerank,identity-cluster-weighted-rerank-v1
geometry,lfw,arcface-7972a704552df378345f,pca,pca_256,left_right_asymmetry,angular_error_rad,9122,1674,-0.030477824308572436,0.95,-0.0939863064790741,0.02856298403359893,500,weighted_rerank,identity-cluster-weighted-rerank-v1
geometry,lfw,arcface-7972a704552df378345f,pca,pca_256,left_right_asymmetry,reconstruction_mse,9122,1674,-0.03047747876187636,0.95,-0.09398597853932102,0.028563042373874012,500,weighted_rerank,identity-cluster-weighted-rerank-v1
geometry,lfw,arcface-7972a704552df378345f,pca,pca_256,left_right_asymmetry,cosine_to_origin,9122,1674,0.030477824308572436,0.95,-0.028562984033598936,0.09398630647907406,500,weighted_rerank,identity-cluster-weighted-rerank-v1
geometry,lfw,arcface-7972a704552df378345f,pca,pca_256,saliency_center_x,angular_error_rad,9122,1674,0.030662098401748092,0.95,-0.010629806740380917,0.07068076396741622,500,weighted_rerank,identity-cluster-weighted-rerank-v1
geometry,lfw,arcface-7972a704552df378345f,pca,pca_256,saliency_center_x,reconstruction_mse,9122,1674,0.030661236094546535,0.95,-0.010631156962647086,0.07068082644339202,500,weighted_rerank,identity-cluster-weighted-rerank-v1
geometry,lfw,arcface-7972a704552df378345f,pca,pca_256,saliency_center_x,cosine_to_origin,9122,1674,-0.030662098401748092,0.95,-0.07068076396741622,0.010629806740380917,500,weighted_rerank,identity-cluster-weighted-rerank-v1
geometry,lfw,arcface-7972a704552df378345f,pca,pca_256,saliency_center_y,angular_error_rad,9122,1674,0.05057952250000977,0.95,-0.017244787898083477,0.1198658884878139,500,weighted_rerank,identity-cluster-weighted-rerank-v1
geometry,lfw,arcface-7972a704552df378345f,pca,pca_256,saliency_center_y,reconstruction_mse,9122,1674,0.05057942336025295,0.95,-0.01724434877649344,0.11986635317947257,500,weighted_rerank,identity-cluster-weighted-rerank-v1
geometry,lfw,arcface-7972a704552df378345f,pca,pca_256,saliency_center_y,cosine_to_origin,9122,1674,-0.05057952250000977,0.95,-0.11986588848781393,0.017244787898083466,500,weighted_rerank,identity-cluster-weighted-rerank-v1
geometry,lfw,arcface-7972a704552df378345f,pca,pca_256,saliency_spread,angular_error_rad,9122,1674,0.005622594127552282,0.95,-0.03465672478195371,0.04691605185486987,500,weighted_rerank,identity-cluster-weighted-rerank-v1
geometry,lfw,arcface-7972a704552df378345f,pca,pca_256,saliency_spread,reconstruction_mse,9122,1674,0.005621042410904178,0.95,-0.03465755104379194,0.04691291250935416,500,weighted_rerank,identity-cluster-weighted-rerank-v1
geometry,lfw,arcface-7972a704552df378345f,pca,pca_256,saliency_spread,cosine_to_origin,9122,1674,-0.005622594127552282,0.95,-0.046916051854869883,0.034656724781953696,500,weighted_rerank,identity-cluster-weighted-rerank-v1
geometry,lfw,arcface-7972a704552df378345f,pca,pca_32,quadrant_top_left,angular_error_rad,9122,1674,0.01270114081388969,0.95,-0.05358971686759137,0.07186509784185943,500,weighted_rerank,identity-cluster-weighted-rerank-v1
geometry,lfw,arcface-7972a704552df378345f,pca,pca_32,quadrant_top_left,reconstruction_mse,9122,1674,0.012708325406446962,0.95,-0.053562103459208234,0.07187578201307293,500,weighted_rerank,identity-cluster-weighted-rerank-v1
geometry,lfw,arcface-7972a704552df378345f,pca,pca_32,quadrant_top_left,cosine_to_origin,9122,1674,-0.01270114081388969,0.95,-0.07186509784185943,0.053589716867591355,500,weighted_rerank,identity-cluster-weighted-rerank-v1
geometry,lfw,arcface-7972a704552df378345f,pca,pca_32,quadrant_top_right,angular_error_rad,9122,1674,-0.03941637331741271,0.95,-0.09246422160791823,0.01938257617354252,500,weighted_rerank,identity-cluster-weighted-rerank-v1
geometry,lfw,arcface-7972a704552df378345f,pca,pca_32,quadrant_top_right,reconstruction_mse,9122,1674,-0.039440440820910826,0.95,-0.09247513534836332,0.019378914226737192,500,weighted_rerank,identity-cluster-weighted-rerank-v1
geometry,lfw,arcface-7972a704552df378345f,pca,pca_32,quadrant_top_right,cosine_to_origin,9122,1674,0.03941637331741271,0.95,-0.019382576173542557,0.09246422160791823,500,weighted_rerank,identity-cluster-weighted-rerank-v1
geometry,lfw,arcface-7972a704552df378345f,pca,pca_32,quadrant_bottom_left,angular_error_rad,9122,1674,0.016711721264154315,0.95,-0.03545577398133948,0.06774003596583784,500,weighted_rerank,identity-cluster-weighted-rerank-v1
geometry,lfw,arcface-7972a704552df378345f,pca,pca_32,quadrant_bottom_left,reconstruction_mse,9122,1674,0.01673427985597405,0.95,-0.03543721392773121,0.06774851864265731,500,weighted_rerank,identity-cluster-weighted-rerank-v1
geometry,lfw,arcface-7972a704552df378345f,pca,pca_32,quadrant_bottom_left,cosine_to_origin,9122,1674,-0.016711721264154315,0.95,-0.06774003596583786,0.03545577398133947,500,weighted_rerank,identity-cluster-weighted-rerank-v1
geometry,lfw,arcface-7972a704552df378345f,pca,pca_32,quadrant_bottom_right,angular_error_rad,9122,1674,0.06223762064400121,0.95,0.012364543899285551,0.12014276023546992,500,weighted_rerank,identity-cluster-weighted-rerank-v1
geometry,lfw,arcface-7972a704552df378345f,pca,pca_32,quadrant_bottom_right,reconstruction_mse,9122,1674,0.06222777877857467,0.95,0.01234406986653193,0.12012698253943589,500,weighted_rerank,identity-cluster-weighted-rerank-v1
geometry,lfw,arcface-7972a704552df378345f,pca,pca_32,quadrant_bottom_right,cosine_to_origin,9122,1674,-0.06223762064400121,0.95,-0.12014276023546992,-0.012364543899285558,500,weighted_rerank,identity-cluster-weighted-rerank-v1
geometry,lfw,arcface-7972a704552df378345f,pca,pca_32,left_eye_attention,angular_error_rad,9122,1674,0.03682415230784311,0.95,-0.0026701461754057064,0.07298867267755696,500,weighted_rerank,identity-cluster-weighted-rerank-v1
geometry,lfw,arcface-7972a704552df378345f,pca,pca_32,left_eye_attention,reconstruction_mse,9122,1674,0.03681465425867472,0.95,-0.00268596190898062,0.07295832365605807,500,weighted_rerank,identity-cluster-weighted-rerank-v1
geometry,lfw,arcface-7972a704552df378345f,pca,pca_32,left_eye_attention,cosine_to_origin,9122,1674,-0.03682415230784311,0.95,-0.07298867267755699,0.0026701461754056913,500,weighted_rerank,identity-cluster-weighted-rerank-v1
geometry,lfw,arcface-7972a704552df378345f,pca,pca_32,right_eye_attention,angular_error_rad,9122,1674,0.0002514026852369009,0.95,-0.04429309736296623,0.050313909347013755,500,weighted_rerank,identity-cluster-weighted-rerank-v1
geometry,lfw,arcface-7972a704552df378345f,pca,pca_32,right_eye_attention,reconstruction_mse,9122,1674,0.00023686841756236082,0.95,-0.04432342191756429,0.05029396477075722,500,weighted_rerank,identity-cluster-weighted-rerank-v1
geometry,lfw,arcface-7972a704552df378345f,pca,pca_32,right_eye_attention,cosine_to_origin,9122,1674,-0.0002514026852369009,0.95,-0.050313909347013755,0.04429309736296623,500,weighted_rerank,identity-cluster-weighted-rerank-v1
geometry,lfw,arcface-7972a704552df378345f,pca,pca_32,nose_attention,angular_error_rad,9122,1674,0.05638813016042913,0.95,0.004700272121900247,0.1101696583287048,500,weighted_rerank,identity-cluster-weighted-rerank-v1
geometry,lfw,arcface-7972a704552df378345f,pca,pca_32,nose_attention,reconstruction_mse,9122,1674,0.0563709753085662,0.95,0.004693748253337612,0.11014108917459287,500,weighted_rerank,identity-cluster-weighted-rerank-v1
geometry,lfw,arcface-7972a704552df378345f,pca,pca_32,nose_attention,cosine_to_origin,9122,1674,-0.05638813016042913,0.95,-0.11016965832870482,-0.00470027212190027,500,weighted_rerank,identity-cluster-weighted-rerank-v1
geometry,lfw,arcface-7972a704552df378345f,pca,pca_32,mouth_attention,angular_error_rad,9122,1674,0.04765171653738031,0.95,0.0002998922499958328,0.0930644504517488,500,weighted_rerank,identity-cluster-weighted-rerank-v1
geometry,lfw,arcface-7972a704552df378345f,pca,pca_32,mouth_attention,reconstruction_mse,9122,1674,0.04767204797565535,0.95,0.00030443188940008366,0.09308151330875113,500,weighted_rerank,identity-cluster-weighted-rerank-v1
geometry,lfw,arcface-7972a704552df378345f,pca,pca_32,mouth_attention,cosine_to_origin,9122,1674,-0.04765171653738031,0.95,-0.0930644504517488,-0.00029989224999584185,500,weighted_rerank,identity-cluster-weighted-rerank-v1
geometry,lfw,arcface-7972a704552df378345f,pca,pca_32,left_cheek_attention,angular_error_rad,9122,1674,0.031052301308499574,0.95,-0.015316279982795483,0.07822955440786686,500,weighted_rerank,identity-cluster-weighted-rerank-v1
geometry,lfw,arcface-7972a704552df378345f,pca,pca_32,left_cheek_attention,reconstruction_mse,9122,1674,0.03107427752095401,0.95,-0.015299308101305722,0.07827226855162873,500,weighted_rerank,identity-cluster-weighted-rerank-v1
geometry,lfw,arcface-7972a704552df378345f,pca,pca_32,left_cheek_attention,cosine_to_origin,9122,1674,-0.031052301308499574,0.95,-0.07822955440786687,0.015316279982795477,500,weighted_rerank,identity-cluster-weighted-rerank-v1
geometry,lfw,arcface-7972a704552df378345f,pca,pca_32,right_cheek_attention,angular_error_rad,9121,1674,0.0031696509076684525,0.95,-0.04317271457643622,0.04473573635827656,500,weighted_rerank,identity-cluster-weighted-rerank-v1
geometry,lfw,arcface-7972a704552df378345f,pca,pca_32,right_cheek_attention,reconstruction_mse,9121,1674,0.0031601334736957713,0.95,-0.04317520626495825,0.04472848455956792,500,weighted_rerank,identity-cluster-weighted-rerank-v1
geometry,lfw,arcface-7972a704552df378345f,pca,pca_32,right_cheek_attention,cosine_to_origin,9121,1674,-0.0031696509076684525,0.95,-0.044735736358276566,0.04317271457643621,500,weighted_rerank,identity-cluster-weighted-rerank-v1
geometry,lfw,arcface-7972a704552df378345f,pca,pca_32,jaw_attention,angular_error_rad,9122,1674,0.02888821380447665,0.95,-0.0015008774109009663,0.055248471386732494,500,weighted_rerank,identity-cluster-weighted-rerank-v1
geometry,lfw,arcface-7972a704552df378345f,pca,pca_32,jaw_attention,reconstruction_mse,9122,1674,0.028891476399550066,0.95,-0.0015050525865970242,0.055250652917833945,500,weighted_rerank,identity-cluster-weighted-rerank-v1
geometry,lfw,arcface-7972a704552df378345f,pca,pca_32,jaw_attention,cosine_to_origin,9122,1674,-0.02888821380447665,0.95,-0.05524847138673251,0.0015008774109009433,500,weighted_rerank,identity-cluster-weighted-rerank-v1
geometry,lfw,arcface-7972a704552df378345f,pca,pca_32,face_attention,angular_error_rad,9122,1674,0.07472617948455382,0.95,0.029455501942641956,0.1265288767394418,500,weighted_rerank,identity-cluster-weighted-rerank-v1
geometry,lfw,arcface-7972a704552df378345f,pca,pca_32,face_attention,reconstruction_mse,9122,1674,0.07471454493694907,0.95,0.029437674551573145,0.12652941245444604,500,weighted_rerank,identity-cluster-weighted-rerank-v1
geometry,lfw,arcface-7972a704552df378345f,pca,pca_32,face_attention,cosine_to_origin,9122,1674,-0.07472617948455382,0.95,-0.1265288767394418,-0.02945550194264197,500,weighted_rerank,identity-cluster-weighted-rerank-v1
geometry,lfw,arcface-7972a704552df378345f,pca,pca_32,outside_face_attention,angular_error_rad,9122,1674,-0.07472617948455382,0.95,-0.1265288767394418,-0.02945550194264197,500,weighted_rerank,identity-cluster-weighted-rerank-v1
geometry,lfw,arcface-7972a704552df378345f,pca,pca_32,outside_face_attention,reconstruction_mse,9122,1674,-0.07471454493694907,0.95,-0.12652941245444607,-0.02943767455157316,500,weighted_rerank,identity-cluster-weighted-rerank-v1
geometry,lfw,arcface-7972a704552df378345f,pca,pca_32,outside_face_attention,cosine_to_origin,9122,1674,0.07472617948455382,0.95,0.029455501942641956,0.1265288767394418,500,weighted_rerank,identity-cluster-weighted-rerank-v1
geometry,lfw,arcface-7972a704552df378345f,pca,pca_32,saliency_entropy,angular_error_rad,9122,1674,0.04118639098128893,0.95,-0.026890038176397336,0.12516104569809725,500,weighted_rerank,identity-cluster-weighted-rerank-v1
geometry,lfw,arcface-7972a704552df378345f,pca,pca_32,saliency_entropy,reconstruction_mse,9122,1674,0.04119754072603426,0.95,-0.02687813775306779,0.12515250137284767,500,weighted_rerank,identity-cluster-weighted-rerank-v1
geometry,lfw,arcface-7972a704552df378345f,pca,pca_32,saliency_entropy,cosine_to_origin,9122,1674,-0.04118639098128893,0.95,-0.1251610456980973,0.026890038176397336,500,weighted_rerank,identity-cluster-weighted-rerank-v1
geometry,lfw,arcface-7972a704552df378345f,pca,pca_32,maximum_region_concentration,angular_error_rad,9122,1674,-0.059554674163462426,0.95,-0.11276134652794623,-0.004676090677711325,500,weighted_rerank,identity-cluster-weighted-rerank-v1
geometry,lfw,arcface-7972a704552df378345f,pca,pca_32,maximum_region_concentration,reconstruction_mse,9122,1674,-0.05954360917080281,0.95,-0.1127524957144552,-0.004665303129066996,500,weighted_rerank,identity-cluster-weighted-rerank-v1
geometry,lfw,arcface-7972a704552df378345f,pca,pca_32,maximum_region_concentration,cosine_to_origin,9122,1674,0.059554674163462426,0.95,0.004676090677711301,0.11276134652794621,500,weighted_rerank,identity-cluster-weighted-rerank-v1
geometry,lfw,arcface-7972a704552df378345f,pca,pca_32,left_right_asymmetry,angular_error_rad,9122,1674,-0.04997492995082165,0.95,-0.1214750380958799,0.012118299983552603,500,weighted_rerank,identity-cluster-weighted-rerank-v1
geometry,lfw,arcface-7972a704552df378345f,pca,pca_32,left_right_asymmetry,reconstruction_mse,9122,1674,-0.049987676722139746,0.95,-0.12149782708724759,0.012106406465354727,500,weighted_rerank,identity-cluster-weighted-rerank-v1
geometry,lfw,arcface-7972a704552df378345f,pca,pca_32,left_right_asymmetry,cosine_to_origin,9122,1674,0.04997492995082165,0.95,-0.012118299983552606,0.12147503809587988,500,weighted_rerank,identity-cluster-weighted-rerank-v1
geometry,lfw,arcface-7972a704552df378345f,pca,pca_32,saliency_center_x,angular_error_rad,9122,1674,0.04225221998188728,0.95,0.0010613196023766536,0.08890740261671927,500,weighted_rerank,identity-cluster-weighted-rerank-v1
geometry,lfw,arcface-7972a704552df378345f,pca,pca_32,saliency_center_x,reconstruction_mse,9122,1674,0.04222233291812208,0.95,0.0010219632466517065,0.08888615509960025,500,weighted_rerank,identity-cluster-weighted-rerank-v1
geometry,lfw,arcface-7972a704552df378345f,pca,pca_32,saliency_center_x,cosine_to_origin,9122,1674,-0.04225221998188728,0.95,-0.08890740261671927,-0.0010613196023766542,500,weighted_rerank,identity-cluster-weighted-rerank-v1
geometry,lfw,arcface-7972a704552df378345f,pca,pca_32,saliency_center_y,angular_error_rad,9122,1674,0.035182815763755995,0.95,-0.04405937518266902,0.12207187669823305,500,weighted_rerank,identity-cluster-weighted-rerank-v1
geometry,lfw,arcface-7972a704552df378345f,pca,pca_32,saliency_center_y,reconstruction_mse,9122,1674,0.03518730381785972,0.95,-0.04405353152993206,0.12207726000157111,500,weighted_rerank,identity-cluster-weighted-rerank-v1
geometry,lfw,arcface-7972a704552df378345f,pca,pca_32,saliency_center_y,cosine_to_origin,9122,1674,-0.035182815763755995,0.95,-0.12207187669823306,0.044059375182668975,500,weighted_rerank,identity-cluster-weighted-rerank-v1
geometry,lfw,arcface-7972a704552df378345f,pca,pca_32,saliency_spread,angular_error_rad,9122,1674,-0.0069501940569204265,0.95,-0.05858099708764258,0.03978952331911048,500,weighted_rerank,identity-cluster-weighted-rerank-v1
geometry,lfw,arcface-7972a704552df378345f,pca,pca_32,saliency_spread,reconstruction_mse,9122,1674,-0.006920164077212686,0.95,-0.05855522455945703,0.03984004996858991,500,weighted_rerank,identity-cluster-weighted-rerank-v1
geometry,lfw,arcface-7972a704552df378345f,pca,pca_32,saliency_spread,cosine_to_origin,9122,1674,0.0069501940569204265,0.95,-0.0397895233191105,0.05858099708764257,500,weighted_rerank,identity-cluster-weighted-rerank-v1
geometry,lfw,arcface-7972a704552df378345f,pca,pca_384,quadrant_top_left,angular_error_rad,9122,1674,-0.009656613527471715,0.95,-0.06210399062267835,0.04129354418922113,500,weighted_rerank,identity-cluster-weighted-rerank-v1
geometry,lfw,arcface-7972a704552df378345f,pca,pca_384,quadrant_top_left,reconstruction_mse,9122,1674,-0.009760094659694102,0.95,-0.06215300361258793,0.04123356499089464,500,weighted_rerank,identity-cluster-weighted-rerank-v1
geometry,lfw,arcface-7972a704552df378345f,pca,pca_384,quadrant_top_left,cosine_to_origin,9122,1674,0.009656613527471715,0.95,-0.04129354418922115,0.06210399062267835,500,weighted_rerank,identity-cluster-weighted-rerank-v1
geometry,lfw,arcface-7972a704552df378345f,pca,pca_384,quadrant_top_right,angular_error_rad,9122,1674,-0.04485130557227268,0.95,-0.09566758732712242,0.009281666249911358,500,weighted_rerank,identity-cluster-weighted-rerank-v1
geometry,lfw,arcface-7972a704552df378345f,pca,pca_384,quadrant_top_right,reconstruction_mse,9122,1674,-0.04485586198198078,0.95,-0.09567129956905457,0.009218495194271597,500,weighted_rerank,identity-cluster-weighted-rerank-v1
geometry,lfw,arcface-7972a704552df378345f,pca,pca_384,quadrant_top_right,cosine_to_origin,9122,1674,0.04485130557227268,0.95,-0.009281666249911374,0.09566758732712242,500,weighted_rerank,identity-cluster-weighted-rerank-v1
geometry,lfw,arcface-7972a704552df378345f,pca,pca_384,quadrant_bottom_left,angular_error_rad,9122,1674,0.022522274642209714,0.95,-0.029226615587241947,0.07185989290840504,500,weighted_rerank,identity-cluster-weighted-rerank-v1
geometry,lfw,arcface-7972a704552df378345f,pca,pca_384,quadrant_bottom_left,reconstruction_mse,9122,1674,0.022572378293356683,0.95,-0.029223235499530292,0.07196456486392387,500,weighted_rerank,identity-cluster-weighted-rerank-v1
geometry,lfw,arcface-7972a704552df378345f,pca,pca_384,quadrant_bottom_left,cosine_to_origin,9122,1674,-0.022522274642209714,0.95,-0.07185989290840505,0.02922661558724193,500,weighted_rerank,identity-cluster-weighted-rerank-v1
geometry,lfw,arcface-7972a704552df378345f,pca,pca_384,quadrant_bottom_right,angular_error_rad,9122,1674,0.06907988086670716,0.95,0.01949067338472062,0.11743711903034994,500,weighted_rerank,identity-cluster-weighted-rerank-v1
geometry,lfw,arcface-7972a704552df378345f,pca,pca_384,quadrant_bottom_right,reconstruction_mse,9122,1674,0.0691064727864686,0.95,0.01947830561560444,0.11742774263479597,500,weighted_rerank,identity-cluster-weighted-rerank-v1
geometry,lfw,arcface-7972a704552df378345f,pca,pca_384,quadrant_bottom_right,cosine_to_origin,9122,1674,-0.06907988086670716,0.95,-0.11743711903034995,-0.01949067338472062,500,weighted_rerank,identity-cluster-weighted-rerank-v1
geometry,lfw,arcface-7972a704552df378345f,pca,pca_384,left_eye_attention,angular_error_rad,9122,1674,0.027732979932953077,0.95,-0.014676094930947335,0.06750131806858614,500,weighted_rerank,identity-cluster-weighted-rerank-v1
geometry,lfw,arcface-7972a704552df378345f,pca,pca_384,left_eye_attention,reconstruction_mse,9122,1674,0.027734788182556466,0.95,-0.014639336031055966,0.06749678041935435,500,weighted_rerank,identity-cluster-weighted-rerank-v1
geometry,lfw,arcface-7972a704552df378345f,pca,pca_384,left_eye_attention,cosine_to_origin,9122,1674,-0.027732979932953077,0.95,-0.06750131806858614,0.014676094930947316,500,weighted_rerank,identity-cluster-weighted-rerank-v1
geometry,lfw,arcface-7972a704552df378345f,pca,pca_384,right_eye_attention,angular_error_rad,9122,1674,-0.0018678401848294776,0.95,-0.04426969135102987,0.05009965581620631,500,weighted_rerank,identity-cluster-weighted-rerank-v1
geometry,lfw,arcface-7972a704552df378345f,pca,pca_384,right_eye_attention,reconstruction_mse,9122,1674,-0.0017691766939869945,0.95,-0.0441070340033001,0.05025582543653838,500,weighted_rerank,identity-cluster-weighted-rerank-v1
geometry,lfw,arcface-7972a704552df378345f,pca,pca_384,right_eye_attention,cosine_to_origin,9122,1674,0.0018678401848294776,0.95,-0.05009965581620633,0.044269691351029865,500,weighted_rerank,identity-cluster-weighted-rerank-v1
geometry,lfw,arcface-7972a704552df378345f,pca,pca_384,nose_attention,angular_error_rad,9122,1674,0.047501618483038265,0.95,-0.0021168877084722856,0.09877437917100225,500,weighted_rerank,identity-cluster-weighted-rerank-v1
geometry,lfw,arcface-7972a704552df378345f,pca,pca_384,nose_attention,reconstruction_mse,9122,1674,0.047447002207386665,0.95,-0.0022110153719722375,0.0987112661849281,500,weighted_rerank,identity-cluster-weighted-rerank-v1
geometry,lfw,arcface-7972a704552df378345f,pca,pca_384,nose_attention,cosine_to_origin,9122,1674,-0.047501618483038265,0.95,-0.09877437917100225,0.0021168877084722787,500,weighted_rerank,identity-cluster-weighted-rerank-v1
geometry,lfw,arcface-7972a704552df378345f,pca,pca_384,mouth_attention,angular_error_rad,9122,1674,0.04138170378782779,0.95,-0.0087040735729563,0.08973954881198286,500,weighted_rerank,identity-cluster-weighted-rerank-v1
geometry,lfw,arcface-7972a704552df378345f,pca,pca_384,mouth_attention,reconstruction_mse,9122,1674,0.0413206375262979,0.95,-0.008784272037690818,0.08964729355251472,500,weighted_rerank,identity-cluster-weighted-rerank-v1
geometry,lfw,arcface-7972a704552df378345f,pca,pca_384,mouth_attention,cosine_to_origin,9122,1674,-0.04138170378782779,0.95,-0.08973954881198287,0.0087040735729563,500,weighted_rerank,identity-cluster-weighted-rerank-v1
geometry,lfw,arcface-7972a704552df378345f,pca,pca_384,left_cheek_attention,angular_error_rad,9122,1674,0.02881369996493692,0.95,-0.015554361161583635,0.07510439111357728,500,weighted_rerank,identity-cluster-weighted-rerank-v1
geometry,lfw,arcface-7972a704552df378345f,pca,pca_384,left_cheek_attention,reconstruction_mse,9122,1674,0.028811973838739686,0.95,-0.015512682667038011,0.07505501252437502,500,weighted_rerank,identity-cluster-weighted-rerank-v1
geometry,lfw,arcface-7972a704552df378345f,pca,pca_384,left_cheek_attention,cosine_to_origin,9122,1674,-0.02881369996493692,0.95,-0.07510439111357728,0.015554361161583635,500,weighted_rerank,identity-cluster-weighted-rerank-v1
geometry,lfw,arcface-7972a704552df378345f,pca,pca_384,right_cheek_attention,angular_error_rad,9121,1674,-0.0041608438809287,0.95,-0.04018224321960396,0.037801415570744325,500,weighted_rerank,identity-cluster-weighted-rerank-v1
geometry,lfw,arcface-7972a704552df378345f,pca,pca_384,right_cheek_attention,reconstruction_mse,9121,1674,-0.004093351771791212,0.95,-0.04014401567181689,0.03786773072544322,500,weighted_rerank,identity-cluster-weighted-rerank-v1
geometry,lfw,arcface-7972a704552df378345f,pca,pca_384,right_cheek_attention,cosine_to_origin,9121,1674,0.0041608438809287,0.95,-0.03780141557074433,0.04018224321960395,500,weighted_rerank,identity-cluster-weighted-rerank-v1
geometry,lfw,arcface-7972a704552df378345f,pca,pca_384,jaw_attention,angular_error_rad,9122,1674,0.016375385607041815,0.95,-0.02101000934063718,0.0489060463567941,500,weighted_rerank,identity-cluster-weighted-rerank-v1
geometry,lfw,arcface-7972a704552df378345f,pca,pca_384,jaw_attention,reconstruction_mse,9122,1674,0.016375513475188487,0.95,-0.021053903897497124,0.04892597050868563,500,weighted_rerank,identity-cluster-weighted-rerank-v1
geometry,lfw,arcface-7972a704552df378345f,pca,pca_384,jaw_attention,cosine_to_origin,9122,1674,-0.016375385607041815,0.95,-0.04890604635679411,0.02101000934063716,500,weighted_rerank,identity-cluster-weighted-rerank-v1
geometry,lfw,arcface-7972a704552df378345f,pca,pca_384,face_attention,angular_error_rad,9122,1674,0.08790932952598672,0.95,0.049594540708089996,0.12542960421611288,500,weighted_rerank,identity-cluster-weighted-rerank-v1
geometry,lfw,arcface-7972a704552df378345f,pca,pca_384,face_attention,reconstruction_mse,9122,1674,0.08790022075876229,0.95,0.04960823115338907,0.1254197288822171,500,weighted_rerank,identity-cluster-weighted-rerank-v1
geometry,lfw,arcface-7972a704552df378345f,pca,pca_384,face_attention,cosine_to_origin,9122,1674,-0.08790932952598672,0.95,-0.12542960421611288,-0.049594540708089996,500,weighted_rerank,identity-cluster-weighted-rerank-v1
geometry,lfw,arcface-7972a704552df378345f,pca,pca_384,outside_face_attention,angular_error_rad,9122,1674,-0.08790932952598672,0.95,-0.12542960421611288,-0.049594540708089996,500,weighted_rerank,identity-cluster-weighted-rerank-v1
geometry,lfw,arcface-7972a704552df378345f,pca,pca_384,outside_face_attention,reconstruction_mse,9122,1674,-0.08790022075876229,0.95,-0.1254197288822171,-0.049608231153389075,500,weighted_rerank,identity-cluster-weighted-rerank-v1
geometry,lfw,arcface-7972a704552df378345f,pca,pca_384,outside_face_attention,cosine_to_origin,9122,1674,0.08790932952598672,0.95,0.049594540708089996,0.12542960421611288,500,weighted_rerank,identity-cluster-weighted-rerank-v1
geometry,lfw,arcface-7972a704552df378345f,pca,pca_384,saliency_entropy,angular_error_rad,9122,1674,0.009127258988094399,0.95,-0.05394280739059049,0.09254016601616129,500,weighted_rerank,identity-cluster-weighted-rerank-v1
geometry,lfw,arcface-7972a704552df378345f,pca,pca_384,saliency_entropy,reconstruction_mse,9122,1674,0.009168350078030903,0.95,-0.05389229440013009,0.09252557335868908,500,weighted_rerank,identity-cluster-weighted-rerank-v1
geometry,lfw,arcface-7972a704552df378345f,pca,pca_384,saliency_entropy,cosine_to_origin,9122,1674,-0.009127258988094399,0.95,-0.09254016601616129,0.05394280739059049,500,weighted_rerank,identity-cluster-weighted-rerank-v1
geometry,lfw,arcface-7972a704552df378345f,pca,pca_384,maximum_region_concentration,angular_error_rad,9122,1674,-0.039064599750414444,0.95,-0.1010531512809051,0.010987449208049957,500,weighted_rerank,identity-cluster-weighted-rerank-v1
geometry,lfw,arcface-7972a704552df378345f,pca,pca_384,maximum_region_concentration,reconstruction_mse,9122,1674,-0.03906908356820743,0.95,-0.10108161128854311,0.011028064653845438,500,weighted_rerank,identity-cluster-weighted-rerank-v1
geometry,lfw,arcface-7972a704552df378345f,pca,pca_384,maximum_region_concentration,cosine_to_origin,9122,1674,0.039064599750414444,0.95,-0.010987449208049957,0.1010531512809051,500,weighted_rerank,identity-cluster-weighted-rerank-v1
geometry,lfw,arcface-7972a704552df378345f,pca,pca_384,left_right_asymmetry,angular_error_rad,9122,1674,-0.026775310383992817,0.95,-0.09917957439767244,0.031878800376730104,500,weighted_rerank,identity-cluster-weighted-rerank-v1
geometry,lfw,arcface-7972a704552df378345f,pca,pca_384,left_right_asymmetry,reconstruction_mse,9122,1674,-0.026838228703268453,0.95,-0.09924617534240374,0.0318737608927985,500,weighted_rerank,identity-cluster-weighted-rerank-v1
geometry,lfw,arcface-7972a704552df378345f,pca,pca_384,left_right_asymmetry,cosine_to_origin,9122,1674,0.026775310383992817,0.95,-0.031878800376730146,0.09917957439767243,500,weighted_rerank,identity-cluster-weighted-rerank-v1
geometry,lfw,arcface-7972a704552df378345f,pca,pca_384,saliency_center_x,angular_error_rad,9122,1674,0.04821965813081336,0.95,0.007037423903706459,0.09641375035203975,500,weighted_rerank,identity-cluster-weighted-rerank-v1
geometry,lfw,arcface-7972a704552df378345f,pca,pca_384,saliency_center_x,reconstruction_mse,9122,1674,0.048226148868073984,0.95,0.006945433209051707,0.09646161310905452,500,weighted_rerank,identity-cluster-weighted-rerank-v1
geometry,lfw,arcface-7972a704552df378345f,pca,pca_384,saliency_center_x,cosine_to_origin,9122,1674,-0.04821965813081336,0.95,-0.09641375035203976,-0.00703742390370647,500,weighted_rerank,identity-cluster-weighted-rerank-v1
geometry,lfw,arcface-7972a704552df378345f,pca,pca_384,saliency_center_y,angular_error_rad,9122,1674,0.04724660671087842,0.95,-0.02741680311762101,0.12013625536069494,500,weighted_rerank,identity-cluster-weighted-rerank-v1
geometry,lfw,arcface-7972a704552df378345f,pca,pca_384,saliency_center_y,reconstruction_mse,9122,1674,0.04730062130235563,0.95,-0.02729894513571713,0.12021978166896,500,weighted_rerank,identity-cluster-weighted-rerank-v1
geometry,lfw,arcface-7972a704552df378345f,pca,pca_384,saliency_center_y,cosine_to_origin,9122,1674,-0.04724660671087842,0.95,-0.12013625536069494,0.027416803117620996,500,weighted_rerank,identity-cluster-weighted-rerank-v1
geometry,lfw,arcface-7972a704552df378345f,pca,pca_384,saliency_spread,angular_error_rad,9122,1674,-0.03182770858259854,0.95,-0.07347998361356256,0.008085934928204445,500,weighted_rerank,identity-cluster-weighted-rerank-v1
geometry,lfw,arcface-7972a704552df378345f,pca,pca_384,saliency_spread,reconstruction_mse,9122,1674,-0.031806145527134115,0.95,-0.07342010729997756,0.008109725281337883,500,weighted_rerank,identity-cluster-weighted-rerank-v1
geometry,lfw,arcface-7972a704552df378345f,pca,pca_384,saliency_spread,cosine_to_origin,9122,1674,0.03182770858259854,0.95,-0.008085934928204464,0.07347998361356255,500,weighted_rerank,identity-cluster-weighted-rerank-v1
geometry,lfw,arcface-7972a704552df378345f,pca,pca_64,quadrant_top_left,angular_error_rad,9122,1674,0.006153471975960181,0.95,-0.056839962391097926,0.06625958792762837,500,weighted_rerank,identity-cluster-weighted-rerank-v1
geometry,lfw,arcface-7972a704552df378345f,pca,pca_64,quadrant_top_left,reconstruction_mse,9122,1674,0.006152388689787112,0.95,-0.05684447080412461,0.06625896110063795,500,weighted_rerank,identity-cluster-weighted-rerank-v1
geometry,lfw,arcface-7972a704552df378345f,pca,pca_64,quadrant_top_left,cosine_to_origin,9122,1674,-0.006153471975960181,0.95,-0.06625958792762837,0.056839962391097905,500,weighted_rerank,identity-cluster-weighted-rerank-v1
geometry,lfw,arcface-7972a704552df378345f,pca,pca_64,quadrant_top_right,angular_error_rad,9122,1674,-0.048188666420963665,0.95,-0.10699600960408288,0.01224487585383011,500,weighted_rerank,identity-cluster-weighted-rerank-v1
geometry,lfw,arcface-7972a704552df378345f,pca,pca_64,quadrant_top_right,reconstruction_mse,9122,1674,-0.04819027236618554,0.95,-0.10699655248707851,0.012244467423533408,500,weighted_rerank,identity-cluster-weighted-rerank-v1
geometry,lfw,arcface-7972a704552df378345f,pca,pca_64,quadrant_top_right,cosine_to_origin,9122,1674,0.048188666420963665,0.95,-0.01224487585383012,0.10699600960408287,500,weighted_rerank,identity-cluster-weighted-rerank-v1
geometry,lfw,arcface-7972a704552df378345f,pca,pca_64,quadrant_bottom_left,angular_error_rad,9122,1674,0.026574540117671307,0.95,-0.033234215440833305,0.07637320848515966,500,weighted_rerank,identity-cluster-weighted-rerank-v1
geometry,lfw,arcface-7972a704552df378345f,pca,pca_64,quadrant_bottom_left,reconstruction_mse,9122,1674,0.026578894459003927,0.95,-0.03323035156396176,0.07638069330771957,500,weighted_rerank,identity-cluster-weighted-rerank-v1
geometry,lfw,arcface-7972a704552df378345f,pca,pca_64,quadrant_bottom_left,cosine_to_origin,9122,1674,-0.026574540117671307,0.95,-0.07637320848515967,0.03323421544083326,500,weighted_rerank,identity-cluster-weighted-rerank-v1
geometry,lfw,arcface-7972a704552df378345f,pca,pca_64,quadrant_bottom_right,angular_error_rad,9122,1674,0.06667706023230321,0.95,0.012189319675745214,0.12822330232466905,500,weighted_rerank,identity-cluster-weighted-rerank-v1
geometry,lfw,arcface-7972a704552df378345f,pca,pca_64,quadrant_bottom_right,reconstruction_mse,9122,1674,0.06667143092803157,0.95,0.01218388090374751,0.1282207926247012,500,weighted_rerank,identity-cluster-weighted-rerank-v1
geometry,lfw,arcface-7972a704552df378345f,pca,pca_64,quadrant_bottom_right,cosine_to_origin,9122,1674,-0.06667706023230321,0.95,-0.1282233023246691,-0.012189319675745222,500,weighted_rerank,identity-cluster-weighted-rerank-v1
geometry,lfw,arcface-7972a704552df378345f,pca,pca_64,left_eye_attention,angular_error_rad,9122,1674,0.036088023200640806,0.95,-0.004563128194507116,0.07352012711341967,500,weighted_rerank,identity-cluster-weighted-rerank-v1
geometry,lfw,arcface-7972a704552df378345f,pca,pca_64,left_eye_attention,reconstruction_mse,9122,1674,0.03608698943701113,0.95,-0.004568774774609602,0.07351836507263126,500,weighted_rerank,identity-cluster-weighted-rerank-v1
geometry,lfw,arcface-7972a704552df378345f,pca,pca_64,left_eye_attention,cosine_to_origin,9122,1674,-0.036088023200640806,0.95,-0.07352012711341967,0.004563128194507103,500,weighted_rerank,identity-cluster-weighted-rerank-v1
geometry,lfw,arcface-7972a704552df378345f,pca,pca_64,right_eye_attention,angular_error_rad,9122,1674,-0.007250632797696881,0.95,-0.05536489824882652,0.04438526080475963,500,weighted_rerank,identity-cluster-weighted-rerank-v1
geometry,lfw,arcface-7972a704552df378345f,pca,pca_64,right_eye_attention,reconstruction_mse,9122,1674,-0.007255097857814202,0.95,-0.055372793026791094,0.04437739507366995,500,weighted_rerank,identity-cluster-weighted-rerank-v1
geometry,lfw,arcface-7972a704552df378345f,pca,pca_64,right_eye_attention,cosine_to_origin,9122,1674,0.007250632797696881,0.95,-0.04438526080475964,0.05536489824882651,500,weighted_rerank,identity-cluster-weighted-rerank-v1
geometry,lfw,arcface-7972a704552df378345f,pca,pca_64,nose_attention,angular_error_rad,9122,1674,0.0640013854867884,0.95,0.020311820762109717,0.11579072652442839,500,weighted_rerank,identity-cluster-weighted-rerank-v1
geometry,lfw,arcface-7972a704552df378345f,pca,pca_64,nose_attention,reconstruction_mse,9122,1674,0.06400468122611204,0.95,0.020313567064424796,0.11579402575379223,500,weighted_rerank,identity-cluster-weighted-rerank-v1
geometry,lfw,arcface-7972a704552df378345f,pca,pca_64,nose_attention,cosine_to_origin,9122,1674,-0.0640013854867884,0.95,-0.1157907265244284,-0.020311820762109717,500,weighted_rerank,identity-cluster-weighted-rerank-v1
geometry,lfw,arcface-7972a704552df378345f,pca,pca_64,mouth_attention,angular_error_rad,9122,1674,0.05658254727431293,0.95,0.002535837410441383,0.10524161692039279,500,weighted_rerank,identity-cluster-weighted-rerank-v1
geometry,lfw,arcface-7972a704552df378345f,pca,pca_64,mouth_attention,reconstruction_mse,9122,1674,0.0565866851422099,0.95,0.002539021611958546,0.10524205269494985,500,weighted_rerank,identity-cluster-weighted-rerank-v1
geometry,lfw,arcface-7972a704552df378345f,pca,pca_64,mouth_attention,cosine_to_origin,9122,1674,-0.05658254727431293,0.95,-0.10524161692039279,-0.0025358374104413987,500,weighted_rerank,identity-cluster-weighted-rerank-v1
geometry,lfw,arcface-7972a704552df378345f,pca,pca_64,left_cheek_attention,angular_error_rad,9122,1674,0.036992463999954345,0.95,-0.010343396147948906,0.08403408937555892,500,weighted_rerank,identity-cluster-weighted-rerank-v1
geometry,lfw,arcface-7972a704552df378345f,pca,pca_64,left_cheek_attention,reconstruction_mse,9122,1674,0.03699545657826102,0.95,-0.010339630673276038,0.08403783429650195,500,weighted_rerank,identity-cluster-weighted-rerank-v1
geometry,lfw,arcface-7972a704552df378345f,pca,pca_64,left_cheek_attention,cosine_to_origin,9122,1674,-0.036992463999954345,0.95,-0.08403408937555894,0.010343396147948904,500,weighted_rerank,identity-cluster-weighted-rerank-v1
geometry,lfw,arcface-7972a704552df378345f,pca,pca_64,right_cheek_attention,angular_error_rad,9121,1674,0.0007224335365715441,0.95,-0.03472794264335918,0.04217893528433773,500,weighted_rerank,identity-cluster-weighted-rerank-v1
geometry,lfw,arcface-7972a704552df378345f,pca,pca_64,right_cheek_attention,reconstruction_mse,9121,1674,0.0007192502590147901,0.95,-0.03472499925286207,0.042166889596012405,500,weighted_rerank,identity-cluster-weighted-rerank-v1
geometry,lfw,arcface-7972a704552df378345f,pca,pca_64,right_cheek_attention,cosine_to_origin,9121,1674,-0.0007224335365715441,0.95,-0.04217893528433773,0.03472794264335918,500,weighted_rerank,identity-cluster-weighted-rerank-v1
geometry,lfw,arcface-7972a704552df378345f,pca,pca_64,jaw_attention,angular_error_rad,9122,1674,0.024571990186308252,0.95,-0.005131417764215775,0.05748017432932204,500,weighted_rerank,identity-cluster-weighted-rerank-v1
geometry,lfw,arcface-7972a704552df378345f,pca,pca_64,jaw_attention,reconstruction_mse,9122,1674,0.02457338337999994,0.95,-0.005129750697476672,0.057480913542705445,500,weighted_rerank,identity-cluster-weighted-rerank-v1
geometry,lfw,arcface-7972a704552df378345f,pca,pca_64,jaw_attention,cosine_to_origin,9122,1674,-0.024571990186308252,0.95,-0.05748017432932205,0.005131417764215775,500,weighted_rerank,identity-cluster-weighted-rerank-v1
geometry,lfw,arcface-7972a704552df378345f,pca,pca_64,face_attention,angular_error_rad,9122,1674,0.0764685386626349,0.95,0.029849551761336714,0.125197908357568,500,weighted_rerank,identity-cluster-weighted-rerank-v1
geometry,lfw,arcface-7972a704552df378345f,pca,pca_64,face_attention,reconstruction_mse,9122,1674,0.07646216334607778,0.95,0.029839934526872437,0.1251923813165855,500,weighted_rerank,identity-cluster-weighted-rerank-v1
geometry,lfw,arcface-7972a704552df378345f,pca,pca_64,face_attention,cosine_to_origin,9122,1674,-0.0764685386626349,0.95,-0.125197908357568,-0.029849551761336718,500,weighted_rerank,identity-cluster-weighted-rerank-v1
geometry,lfw,arcface-7972a704552df378345f,pca,pca_64,outside_face_attention,angular_error_rad,9122,1674,-0.0764685386626349,0.95,-0.125197908357568,-0.029849551761336718,500,weighted_rerank,identity-cluster-weighted-rerank-v1
geometry,lfw,arcface-7972a704552df378345f,pca,pca_64,outside_face_attention,reconstruction_mse,9122,1674,-0.07646216334607778,0.95,-0.1251923813165855,-0.029839934526872443,500,weighted_rerank,identity-cluster-weighted-rerank-v1
geometry,lfw,arcface-7972a704552df378345f,pca,pca_64,outside_face_attention,cosine_to_origin,9122,1674,0.0764685386626349,0.95,0.029849551761336714,0.125197908357568,500,weighted_rerank,identity-cluster-weighted-rerank-v1
geometry,lfw,arcface-7972a704552df378345f,pca,pca_64,saliency_entropy,angular_error_rad,9122,1674,0.04427931187444663,0.95,-0.028646653573598194,0.12525234251229428,500,weighted_rerank,identity-cluster-weighted-rerank-v1
geometry,lfw,arcface-7972a704552df378345f,pca,pca_64,saliency_entropy,reconstruction_mse,9122,1674,0.044286214284460244,0.95,-0.028639593757849746,0.12525914149635886,500,weighted_rerank,identity-cluster-weighted-rerank-v1
geometry,lfw,arcface-7972a704552df378345f,pca,pca_64,saliency_entropy,cosine_to_origin,9122,1674,-0.04427931187444663,0.95,-0.1252523425122943,0.028646653573598177,500,weighted_rerank,identity-cluster-weighted-rerank-v1
geometry,lfw,arcface-7972a704552df378345f,pca,pca_64,maximum_region_concentration,angular_error_rad,9122,1674,-0.06023378808103051,0.95,-0.12141033599123438,-0.013280245452701359,500,weighted_rerank,identity-cluster-weighted-rerank-v1
geometry,lfw,arcface-7972a704552df378345f,pca,pca_64,maximum_region_concentration,reconstruction_mse,9122,1674,-0.06023148680051805,0.95,-0.12140874155603527,-0.013273563743121792,500,weighted_rerank,identity-cluster-weighted-rerank-v1
geometry,lfw,arcface-7972a704552df378345f,pca,pca_64,maximum_region_concentration,cosine_to_origin,9122,1674,0.06023378808103051,0.95,0.013280245452701348,0.12141033599123437,500,weighted_rerank,identity-cluster-weighted-rerank-v1
geometry,lfw,arcface-7972a704552df378345f,pca,pca_64,left_right_asymmetry,angular_error_rad,9122,1674,-0.05902954643335978,0.95,-0.12405203605693935,0.0057454658029771925,500,weighted_rerank,identity-cluster-weighted-rerank-v1
geometry,lfw,arcface-7972a704552df378345f,pca,pca_64,left_right_asymmetry,reconstruction_mse,9122,1674,-0.059034604035789924,0.95,-0.12405159623730032,0.005738518578858982,500,weighted_rerank,identity-cluster-weighted-rerank-v1
geometry,lfw,arcface-7972a704552df378345f,pca,pca_64,left_right_asymmetry,cosine_to_origin,9122,1674,0.05902954643335978,0.95,-0.005745465802977256,0.12405203605693935,500,weighted_rerank,identity-cluster-weighted-rerank-v1
geometry,lfw,arcface-7972a704552df378345f,pca,pca_64,saliency_center_x,angular_error_rad,9122,1674,0.04098534996893652,0.95,-0.0023433894798320777,0.09303957940043912,500,weighted_rerank,identity-cluster-weighted-rerank-v1
geometry,lfw,arcface-7972a704552df378345f,pca,pca_64,saliency_center_x,reconstruction_mse,9122,1674,0.040981963439584185,0.95,-0.00234671421311697,0.09303834665776615,500,weighted_rerank,identity-cluster-weighted-rerank-v1
geometry,lfw,arcface-7972a704552df378345f,pca,pca_64,saliency_center_x,cosine_to_origin,9122,1674,-0.04098534996893652,0.95,-0.09303957940043912,0.0023433894798320547,500,weighted_rerank,identity-cluster-weighted-rerank-v1
geometry,lfw,arcface-7972a704552df378345f,pca,pca_64,saliency_center_y,angular_error_rad,9122,1674,0.043215724948215635,0.95,-0.03938294487056876,0.12458766455592304,500,weighted_rerank,identity-cluster-weighted-rerank-v1
geometry,lfw,arcface-7972a704552df378345f,pca,pca_64,saliency_center_y,reconstruction_mse,9122,1674,0.04321192537869806,0.95,-0.039389005861943854,0.12458535532622235,500,weighted_rerank,identity-cluster-weighted-rerank-v1
geometry,lfw,arcface-7972a704552df378345f,pca,pca_64,saliency_center_y,cosine_to_origin,9122,1674,-0.043215724948215635,0.95,-0.12458766455592306,0.03938294487056876,500,weighted_rerank,identity-cluster-weighted-rerank-v1
geometry,lfw,arcface-7972a704552df378345f,pca,pca_64,saliency_spread,angular_error_rad,9122,1674,-0.009048104104207012,0.95,-0.05465694582585062,0.037164366524554494,500,weighted_rerank,identity-cluster-weighted-rerank-v1
geometry,lfw,arcface-7972a704552df378345f,pca,pca_64,saliency_spread,reconstruction_mse,9122,1674,-0.009043735741821397,0.95,-0.054654465948033616,0.0371775672161965,500,weighted_rerank,identity-cluster-weighted-rerank-v1
geometry,lfw,arcface-7972a704552df378345f,pca,pca_64,saliency_spread,cosine_to_origin,9122,1674,0.009048104104207012,0.95,-0.0371643665245545,0.054656945825850616,500,weighted_rerank,identity-cluster-weighted-rerank-v1
geometry,lfw,arcface-7972a704552df378345f,pq,pq_512_m128_b8,quadrant_top_left,angular_error_rad,9122,1674,0.0052949846946307895,0.95,-0.05969699907425278,0.06786205243723341,500,weighted_rerank,identity-cluster-weighted-rerank-v1
geometry,lfw,arcface-7972a704552df378345f,pq,pq_512_m128_b8,quadrant_top_left,reconstruction_mse,9122,1674,0.005227719788066707,0.95,-0.0598877181254587,0.06800959731100055,500,weighted_rerank,identity-cluster-weighted-rerank-v1
geometry,lfw,arcface-7972a704552df378345f,pq,pq_512_m128_b8,quadrant_top_left,cosine_to_origin,9122,1674,-0.0052949846946307895,0.95,-0.06786205243723342,0.05969699907425278,500,weighted_rerank,identity-cluster-weighted-rerank-v1
geometry,lfw,arcface-7972a704552df378345f,pq,pq_512_m128_b8,quadrant_top_right,angular_error_rad,9122,1674,-0.0006118896105493257,0.95,-0.05475749138325097,0.05896963717912295,500,weighted_rerank,identity-cluster-weighted-rerank-v1
geometry,lfw,arcface-7972a704552df378345f,pq,pq_512_m128_b8,quadrant_top_right,reconstruction_mse,9122,1674,-0.0005962553865586676,0.95,-0.05493168720992975,0.05879298078163966,500,weighted_rerank,identity-cluster-weighted-rerank-v1
geometry,lfw,arcface-7972a704552df378345f,pq,pq_512_m128_b8,quadrant_top_right,cosine_to_origin,9122,1674,0.0006118896105493257,0.95,-0.05896963717912295,0.05475749138325092,500,weighted_rerank,identity-cluster-weighted-rerank-v1
geometry,lfw,arcface-7972a704552df378345f,pq,pq_512_m128_b8,quadrant_bottom_left,angular_error_rad,9122,1674,-0.02559021392958728,0.95,-0.07755479267952774,0.02756695167217972,500,weighted_rerank,identity-cluster-weighted-rerank-v1
geometry,lfw,arcface-7972a704552df378345f,pq,pq_512_m128_b8,quadrant_bottom_left,reconstruction_mse,9122,1674,-0.02526142444936605,0.95,-0.0769524255977758,0.027945777775820062,500,weighted_rerank,identity-cluster-weighted-rerank-v1
geometry,lfw,arcface-7972a704552df378345f,pq,pq_512_m128_b8,quadrant_bottom_left,cosine_to_origin,9122,1674,0.02559021392958728,0.95,-0.027566951672179738,0.07755479267952772,500,weighted_rerank,identity-cluster-weighted-rerank-v1
geometry,lfw,arcface-7972a704552df378345f,pq,pq_512_m128_b8,quadrant_bottom_right,angular_error_rad,9122,1674,0.042799583207198726,0.95,-0.01259980298198476,0.09982557619710875,500,weighted_rerank,identity-cluster-weighted-rerank-v1
geometry,lfw,arcface-7972a704552df378345f,pq,pq_512_m128_b8,quadrant_bottom_right,reconstruction_mse,9122,1674,0.04252727329393136,0.95,-0.01298287526132348,0.0996759349773793,500,weighted_rerank,identity-cluster-weighted-rerank-v1
geometry,lfw,arcface-7972a704552df378345f,pq,pq_512_m128_b8,quadrant_bottom_right,cosine_to_origin,9122,1674,-0.042799583207198726,0.95,-0.09982557619710876,0.012599802981984744,500,weighted_rerank,identity-cluster-weighted-rerank-v1
geometry,lfw,arcface-7972a704552df378345f,pq,pq_512_m128_b8,left_eye_attention,angular_error_rad,9122,1674,0.02444286960587723,0.95,-0.015621269907323753,0.06529204405697822,500,weighted_rerank,identity-cluster-weighted-rerank-v1
geometry,lfw,arcface-7972a704552df378345f,pq,pq_512_m128_b8,left_eye_attention,reconstruction_mse,9122,1674,0.0241550295915216,0.95,-0.015964079050478964,0.06520527093066111,500,weighted_rerank,identity-cluster-weighted-rerank-v1
geometry,lfw,arcface-7972a704552df378345f,pq,pq_512_m128_b8,left_eye_attention,cosine_to_origin,9122,1674,-0.02444286960587723,0.95,-0.06529204405697822,0.015621269907323753,500,weighted_rerank,identity-cluster-weighted-rerank-v1
geometry,lfw,arcface-7972a704552df378345f,pq,pq_512_m128_b8,right_eye_attention,angular_error_rad,9122,1674,0.020818299205000123,0.95,-0.025992463961736677,0.07430925477981684,500,weighted_rerank,identity-cluster-weighted-rerank-v1
geometry,lfw,arcface-7972a704552df378345f,pq,pq_512_m128_b8,right_eye_attention,reconstruction_mse,9122,1674,0.020595567057199272,0.95,-0.026173639619334003,0.07401770021898893,500,weighted_rerank,identity-cluster-weighted-rerank-v1
geometry,lfw,arcface-7972a704552df378345f,pq,pq_512_m128_b8,right_eye_attention,cosine_to_origin,9122,1674,-0.020818299205000123,0.95,-0.07430925477981684,0.025992463961736642,500,weighted_rerank,identity-cluster-weighted-rerank-v1
geometry,lfw,arcface-7972a704552df378345f,pq,pq_512_m128_b8,nose_attention,angular_error_rad,9122,1674,0.003362331256397524,0.95,-0.04169702675729026,0.061589529374754676,500,weighted_rerank,identity-cluster-weighted-rerank-v1
geometry,lfw,arcface-7972a704552df378345f,pq,pq_512_m128_b8,nose_attention,reconstruction_mse,9122,1674,0.0031496601717363377,0.95,-0.04170951951625088,0.06141542005884528,500,weighted_rerank,identity-cluster-weighted-rerank-v1
geometry,lfw,arcface-7972a704552df378345f,pq,pq_512_m128_b8,nose_attention,cosine_to_origin,9122,1674,-0.003362331256397524,0.95,-0.0615895293747547,0.04169702675729025,500,weighted_rerank,identity-cluster-weighted-rerank-v1
geometry,lfw,arcface-7972a704552df378345f,pq,pq_512_m128_b8,mouth_attention,angular_error_rad,9122,1674,0.009370027272064404,0.95,-0.05912105006332972,0.0773580382674559,500,weighted_rerank,identity-cluster-weighted-rerank-v1
geometry,lfw,arcface-7972a704552df378345f,pq,pq_512_m128_b8,mouth_attention,reconstruction_mse,9122,1674,0.009308670531997349,0.95,-0.05900544642285249,0.0773388849278811,500,weighted_rerank,identity-cluster-weighted-rerank-v1
geometry,lfw,arcface-7972a704552df378345f,pq,pq_512_m128_b8,mouth_attention,cosine_to_origin,9122,1674,-0.009370027272064404,0.95,-0.07735803826745591,0.05912105006332967,500,weighted_rerank,identity-cluster-weighted-rerank-v1
geometry,lfw,arcface-7972a704552df378345f,pq,pq_512_m128_b8,left_cheek_attention,angular_error_rad,9122,1674,0.022658330023213123,0.95,-0.020922854215280534,0.061021064913576256,500,weighted_rerank,identity-cluster-weighted-rerank-v1
geometry,lfw,arcface-7972a704552df378345f,pq,pq_512_m128_b8,left_cheek_attention,reconstruction_mse,9122,1674,0.022773735322281587,0.95,-0.020634006768869242,0.060972495748280196,500,weighted_rerank,identity-cluster-weighted-rerank-v1
geometry,lfw,arcface-7972a704552df378345f,pq,pq_512_m128_b8,left_cheek_attention,cosine_to_origin,9122,1674,-0.022658330023213123,0.95,-0.061021064913576256,0.02092285421528053,500,weighted_rerank,identity-cluster-weighted-rerank-v1
geometry,lfw,arcface-7972a704552df378345f,pq,pq_512_m128_b8,right_cheek_attention,angular_error_rad,9121,1674,0.0036671289246021266,0.95,-0.03571038969160057,0.04595756066654783,500,weighted_rerank,identity-cluster-weighted-rerank-v1
geometry,lfw,arcface-7972a704552df378345f,pq,pq_512_m128_b8,right_cheek_attention,reconstruction_mse,9121,1674,0.003599685388186336,0.95,-0.03582143874073625,0.04614305695920286,500,weighted_rerank,identity-cluster-weighted-rerank-v1
geometry,lfw,arcface-7972a704552df378345f,pq,pq_512_m128_b8,right_cheek_attention,cosine_to_origin,9121,1674,-0.0036671289246021266,0.95,-0.04595756066654783,0.03571038969160057,500,weighted_rerank,identity-cluster-weighted-rerank-v1
geometry,lfw,arcface-7972a704552df378345f,pq,pq_512_m128_b8,jaw_attention,angular_error_rad,9122,1674,-0.008569991862554527,0.95,-0.04509760435809345,0.031113634511573274,500,weighted_rerank,identity-cluster-weighted-rerank-v1
geometry,lfw,arcface-7972a704552df378345f,pq,pq_512_m128_b8,jaw_attention,reconstruction_mse,9122,1674,-0.00801520873583794,0.95,-0.04388135017205293,0.03136688488943625,500,weighted_rerank,identity-cluster-weighted-rerank-v1
geometry,lfw,arcface-7972a704552df378345f,pq,pq_512_m128_b8,jaw_attention,cosine_to_origin,9122,1674,0.008569991862554527,0.95,-0.031113634511573278,0.04509760435809344,500,weighted_rerank,identity-cluster-weighted-rerank-v1
geometry,lfw,arcface-7972a704552df378345f,pq,pq_512_m128_b8,face_attention,angular_error_rad,9122,1674,0.04855753995241511,0.95,-0.006011848835091422,0.10176953344585758,500,weighted_rerank,identity-cluster-weighted-rerank-v1
geometry,lfw,arcface-7972a704552df378345f,pq,pq_512_m128_b8,face_attention,reconstruction_mse,9122,1674,0.04838785315532043,0.95,-0.0061254946867412355,0.10157833870167979,500,weighted_rerank,identity-cluster-weighted-rerank-v1
geometry,lfw,arcface-7972a704552df378345f,pq,pq_512_m128_b8,face_attention,cosine_to_origin,9122,1674,-0.04855753995241511,0.95,-0.10176953344585758,0.006011848835091414,500,weighted_rerank,identity-cluster-weighted-rerank-v1
geometry,lfw,arcface-7972a704552df378345f,pq,pq_512_m128_b8,outside_face_attention,angular_error_rad,9122,1674,-0.04855753995241511,0.95,-0.10176953344585758,0.006011848835091414,500,weighted_rerank,identity-cluster-weighted-rerank-v1
geometry,lfw,arcface-7972a704552df378345f,pq,pq_512_m128_b8,outside_face_attention,reconstruction_mse,9122,1674,-0.04838785315532043,0.95,-0.1015783387016798,0.006125494686741233,500,weighted_rerank,identity-cluster-weighted-rerank-v1
geometry,lfw,arcface-7972a704552df378345f,pq,pq_512_m128_b8,outside_face_attention,cosine_to_origin,9122,1674,0.04855753995241511,0.95,-0.006011848835091422,0.10176953344585758,500,weighted_rerank,identity-cluster-weighted-rerank-v1
geometry,lfw,arcface-7972a704552df378345f,pq,pq_512_m128_b8,saliency_entropy,angular_error_rad,9122,1674,-0.011529782660862926,0.95,-0.09982612376058679,0.0916676890654517,500,weighted_rerank,identity-cluster-weighted-rerank-v1
geometry,lfw,arcface-7972a704552df378345f,pq,pq_512_m128_b8,saliency_entropy,reconstruction_mse,9122,1674,-0.011299684207049101,0.95,-0.09917651251237246,0.09188414780976473,500,weighted_rerank,identity-cluster-weighted-rerank-v1
geometry,lfw,arcface-7972a704552df378345f,pq,pq_512_m128_b8,saliency_entropy,cosine_to_origin,9122,1674,0.011529782660862926,0.95,-0.0916676890654517,0.09982612376058678,500,weighted_rerank,identity-cluster-weighted-rerank-v1
geometry,lfw,arcface-7972a704552df378345f,pq,pq_512_m128_b8,maximum_region_concentration,angular_error_rad,9122,1674,-0.020203961552276235,0.95,-0.0826528887849951,0.03187786300059128,500,weighted_rerank,identity-cluster-weighted-rerank-v1
geometry,lfw,arcface-7972a704552df378345f,pq,pq_512_m128_b8,maximum_region_concentration,reconstruction_mse,9122,1674,-0.020402415783099828,0.95,-0.083050394690275,0.03165928031987623,500,weighted_rerank,identity-cluster-weighted-rerank-v1
geometry,lfw,arcface-7972a704552df378345f,pq,pq_512_m128_b8,maximum_region_concentration,cosine_to_origin,9122,1674,0.020203961552276235,0.95,-0.03187786300059129,0.0826528887849951,500,weighted_rerank,identity-cluster-weighted-rerank-v1
geometry,lfw,arcface-7972a704552df378345f,pq,pq_512_m128_b8,left_right_asymmetry,angular_error_rad,9122,1674,0.006942041352997561,0.95,-0.08163322179141512,0.07658854528021923,500,weighted_rerank,identity-cluster-weighted-rerank-v1
geometry,lfw,arcface-7972a704552df378345f,pq,pq_512_m128_b8,left_right_asymmetry,reconstruction_mse,9122,1674,0.007258401352613011,0.95,-0.08149973907601925,0.07665672405806329,500,weighted_rerank,identity-cluster-weighted-rerank-v1
geometry,lfw,arcface-7972a704552df378345f,pq,pq_512_m128_b8,left_right_asymmetry,cosine_to_origin,9122,1674,-0.006942041352997561,0.95,-0.07658854528021926,0.08163322179141508,500,weighted_rerank,identity-cluster-weighted-rerank-v1
geometry,lfw,arcface-7972a704552df378345f,pq,pq_512_m128_b8,saliency_center_x,angular_error_rad,9122,1674,0.03586853623674923,0.95,-0.007757417056311856,0.08031597949927402,500,weighted_rerank,identity-cluster-weighted-rerank-v1
geometry,lfw,arcface-7972a704552df378345f,pq,pq_512_m128_b8,saliency_center_x,reconstruction_mse,9122,1674,0.035507298929776505,0.95,-0.008156873726108209,0.08003797485037376,500,weighted_rerank,identity-cluster-weighted-rerank-v1
geometry,lfw,arcface-7972a704552df378345f,pq,pq_512_m128_b8,saliency_center_x,cosine_to_origin,9122,1674,-0.03586853623674923,0.95,-0.08031597949927403,0.0077574170563118406,500,weighted_rerank,identity-cluster-weighted-rerank-v1
geometry,lfw,arcface-7972a704552df378345f,pq,pq_512_m128_b8,saliency_center_y,angular_error_rad,9122,1674,0.00784019464258423,0.95,-0.07075601970780025,0.08648141295540832,500,weighted_rerank,identity-cluster-weighted-rerank-v1
geometry,lfw,arcface-7972a704552df378345f,pq,pq_512_m128_b8,saliency_center_y,reconstruction_mse,9122,1674,0.008011863225851837,0.95,-0.07064940619046774,0.08647291162735772,500,weighted_rerank,identity-cluster-weighted-rerank-v1
geometry,lfw,arcface-7972a704552df378345f,pq,pq_512_m128_b8,saliency_center_y,cosine_to_origin,9122,1674,-0.00784019464258423,0.95,-0.08648141295540834,0.07075601970780025,500,weighted_rerank,identity-cluster-weighted-rerank-v1
geometry,lfw,arcface-7972a704552df378345f,pq,pq_512_m128_b8,saliency_spread,angular_error_rad,9122,1674,-0.019225701574827742,0.95,-0.0889060681052521,0.048518022713440905,500,weighted_rerank,identity-cluster-weighted-rerank-v1
geometry,lfw,arcface-7972a704552df378345f,pq,pq_512_m128_b8,saliency_spread,reconstruction_mse,9122,1674,-0.01890921609374769,0.95,-0.08821514616859702,0.04880437007261344,500,weighted_rerank,identity-cluster-weighted-rerank-v1
geometry,lfw,arcface-7972a704552df378345f,pq,pq_512_m128_b8,saliency_spread,cosine_to_origin,9122,1674,0.019225701574827742,0.95,-0.048518022713440905,0.0889060681052521,500,weighted_rerank,identity-cluster-weighted-rerank-v1
geometry,lfw,arcface-7972a704552df378345f,pq,pq_512_m16_b8,quadrant_top_left,angular_error_rad,9122,1674,0.007590397269613032,0.95,-0.04409136116854533,0.06589299194227134,500,weighted_rerank,identity-cluster-weighted-rerank-v1
geometry,lfw,arcface-7972a704552df378345f,pq,pq_512_m16_b8,quadrant_top_left,reconstruction_mse,9122,1674,0.008019791233189735,0.95,-0.043748899229104014,0.06631677984362738,500,weighted_rerank,identity-cluster-weighted-rerank-v1
geometry,lfw,arcface-7972a704552df378345f,pq,pq_512_m16_b8,quadrant_top_left,cosine_to_origin,9122,1674,-0.007590397269613032,0.95,-0.06589299194227136,0.044091361168545326,500,weighted_rerank,identity-cluster-weighted-rerank-v1
geometry,lfw,arcface-7972a704552df378345f,pq,pq_512_m16_b8,quadrant_top_right,angular_error_rad,9122,1674,-0.007626589426049399,0.95,-0.06031261774702792,0.04868130656908203,500,weighted_rerank,identity-cluster-weighted-rerank-v1
geometry,lfw,arcface-7972a704552df378345f,pq,pq_512_m16_b8,quadrant_top_right,reconstruction_mse,9122,1674,-0.007163227773312536,0.95,-0.05953285188211629,0.04925419366281711,500,weighted_rerank,identity-cluster-weighted-rerank-v1
geometry,lfw,arcface-7972a704552df378345f,pq,pq_512_m16_b8,quadrant_top_right,cosine_to_origin,9122,1674,0.007626589426049399,0.95,-0.04868130656908203,0.06031261774702791,500,weighted_rerank,identity-cluster-weighted-rerank-v1
geometry,lfw,arcface-7972a704552df378345f,pq,pq_512_m16_b8,quadrant_bottom_left,angular_error_rad,9122,1674,-0.01788632824456143,0.95,-0.07054313920510616,0.03212799490653998,500,weighted_rerank,identity-cluster-weighted-rerank-v1
geometry,lfw,arcface-7972a704552df378345f,pq,pq_512_m16_b8,quadrant_bottom_left,reconstruction_mse,9122,1674,-0.01850775578195409,0.95,-0.0715505385485441,0.03237915342215838,500,weighted_rerank,identity-cluster-weighted-rerank-v1
geometry,lfw,arcface-7972a704552df378345f,pq,pq_512_m16_b8,quadrant_bottom_left,cosine_to_origin,9122,1674,0.01788632824456143,0.95,-0.03212799490653998,0.07054313920510616,500,weighted_rerank,identity-cluster-weighted-rerank-v1
geometry,lfw,arcface-7972a704552df378345f,pq,pq_512_m16_b8,quadrant_bottom_right,angular_error_rad,9122,1674,0.04864598539892264,0.95,-0.006465861167264803,0.09307540647422012,500,weighted_rerank,identity-cluster-weighted-rerank-v1
geometry,lfw,arcface-7972a704552df378345f,pq,pq_512_m16_b8,quadrant_bottom_right,reconstruction_mse,9122,1674,0.0490775683074588,0.95,-0.006137765955747855,0.09366997812624578,500,weighted_rerank,identity-cluster-weighted-rerank-v1
geometry,lfw,arcface-7972a704552df378345f,pq,pq_512_m16_b8,quadrant_bottom_right,cosine_to_origin,9122,1674,-0.04864598539892264,0.95,-0.09307540647422013,0.006465861167264801,500,weighted_rerank,identity-cluster-weighted-rerank-v1
geometry,lfw,arcface-7972a704552df378345f,pq,pq_512_m16_b8,left_eye_attention,angular_error_rad,9122,1674,0.023607152958509462,0.95,-0.016517289968821517,0.06940943162847409,500,weighted_rerank,identity-cluster-weighted-rerank-v1
geometry,lfw,arcface-7972a704552df378345f,pq,pq_512_m16_b8,left_eye_attention,reconstruction_mse,9122,1674,0.02467471724663475,0.95,-0.01559225893722194,0.07041083365077536,500,weighted_rerank,identity-cluster-weighted-rerank-v1
geometry,lfw,arcface-7972a704552df378345f,pq,pq_512_m16_b8,left_eye_attention,cosine_to_origin,9122,1674,-0.023607152958509462,0.95,-0.06940943162847409,0.016517289968821517,500,weighted_rerank,identity-cluster-weighted-rerank-v1
geometry,lfw,arcface-7972a704552df378345f,pq,pq_512_m16_b8,right_eye_attention,angular_error_rad,9122,1674,0.014876203663119536,0.95,-0.02777720616232754,0.061029156950501366,500,weighted_rerank,identity-cluster-weighted-rerank-v1
geometry,lfw,arcface-7972a704552df378345f,pq,pq_512_m16_b8,right_eye_attention,reconstruction_mse,9122,1674,0.015393378708201292,0.95,-0.026523748034002266,0.061720571545915016,500,weighted_rerank,identity-cluster-weighted-rerank-v1
geometry,lfw,arcface-7972a704552df378345f,pq,pq_512_m16_b8,right_eye_attention,cosine_to_origin,9122,1674,-0.014876203663119536,0.95,-0.061029156950501366,0.02777720616232753,500,weighted_rerank,identity-cluster-weighted-rerank-v1
geometry,lfw,arcface-7972a704552df378345f,pq,pq_512_m16_b8,nose_attention,angular_error_rad,9122,1674,0.0018939520321671261,0.95,-0.04801187484062503,0.05331361053601431,500,weighted_rerank,identity-cluster-weighted-rerank-v1
geometry,lfw,arcface-7972a704552df378345f,pq,pq_512_m16_b8,nose_attention,reconstruction_mse,9122,1674,0.001955842039751578,0.95,-0.047662358603468805,0.05340941257586918,500,weighted_rerank,identity-cluster-weighted-rerank-v1
geometry,lfw,arcface-7972a704552df378345f,pq,pq_512_m16_b8,nose_attention,cosine_to_origin,9122,1674,-0.0018939520321671261,0.95,-0.05331361053601432,0.048011874840625,500,weighted_rerank,identity-cluster-weighted-rerank-v1
geometry,lfw,arcface-7972a704552df378345f,pq,pq_512_m16_b8,mouth_attention,angular_error_rad,9122,1674,0.02403976225131044,0.95,-0.03476622559671731,0.08483663002764587,500,weighted_rerank,identity-cluster-weighted-rerank-v1
geometry,lfw,arcface-7972a704552df378345f,pq,pq_512_m16_b8,mouth_attention,reconstruction_mse,9122,1674,0.026076630913926833,0.95,-0.032637361144852245,0.08744899932102669,500,weighted_rerank,identity-cluster-weighted-rerank-v1
geometry,lfw,arcface-7972a704552df378345f,pq,pq_512_m16_b8,mouth_attention,cosine_to_origin,9122,1674,-0.02403976225131044,0.95,-0.0848366300276459,0.03476622559671731,500,weighted_rerank,identity-cluster-weighted-rerank-v1
geometry,lfw,arcface-7972a704552df378345f,pq,pq_512_m16_b8,left_cheek_attention,angular_error_rad,9122,1674,0.023043926333858,0.95,-0.020467149067184966,0.07030983891500879,500,weighted_rerank,identity-cluster-weighted-rerank-v1
geometry,lfw,arcface-7972a704552df378345f,pq,pq_512_m16_b8,left_cheek_attention,reconstruction_mse,9122,1674,0.02390186684235532,0.95,-0.019084941581917876,0.0715938404814163,500,weighted_rerank,identity-cluster-weighted-rerank-v1
geometry,lfw,arcface-7972a704552df378345f,pq,pq_512_m16_b8,left_cheek_attention,cosine_to_origin,9122,1674,-0.023043926333858,0.95,-0.07030983891500883,0.020467149067184946,500,weighted_rerank,identity-cluster-weighted-rerank-v1
geometry,lfw,arcface-7972a704552df378345f,pq,pq_512_m16_b8,right_cheek_attention,angular_error_rad,9121,1674,-0.003362451505022508,0.95,-0.046434306706684324,0.03930643436272417,500,weighted_rerank,identity-cluster-weighted-rerank-v1
geometry,lfw,arcface-7972a704552df378345f,pq,pq_512_m16_b8,right_cheek_attention,reconstruction_mse,9121,1674,-0.0018342408505351267,0.95,-0.04511654011814888,0.04039986253626739,500,weighted_rerank,identity-cluster-weighted-rerank-v1
geometry,lfw,arcface-7972a704552df378345f,pq,pq_512_m16_b8,right_cheek_attention,cosine_to_origin,9121,1674,0.003362451505022508,0.95,-0.03930643436272418,0.04643430670668431,500,weighted_rerank,identity-cluster-weighted-rerank-v1
geometry,lfw,arcface-7972a704552df378345f,pq,pq_512_m16_b8,jaw_attention,angular_error_rad,9122,1674,-0.0027748231865536914,0.95,-0.03790813680328237,0.032814762963887696,500,weighted_rerank,identity-cluster-weighted-rerank-v1
geometry,lfw,arcface-7972a704552df378345f,pq,pq_512_m16_b8,jaw_attention,reconstruction_mse,9122,1674,-0.0019571681021734342,0.95,-0.03693309381515421,0.03385106240662598,500,weighted_rerank,identity-cluster-weighted-rerank-v1
geometry,lfw,arcface-7972a704552df378345f,pq,pq_512_m16_b8,jaw_attention,cosine_to_origin,9122,1674,0.0027748231865536914,0.95,-0.032814762963887696,0.037908136803282366,500,weighted_rerank,identity-cluster-weighted-rerank-v1
geometry,lfw,arcface-7972a704552df378345f,pq,pq_512_m16_b8,face_attention,angular_error_rad,9122,1674,0.04351113491969839,0.95,-0.013433219634639894,0.08853353213727701,500,weighted_rerank,identity-cluster-weighted-rerank-v1
geometry,lfw,arcface-7972a704552df378345f,pq,pq_512_m16_b8,face_attention,reconstruction_mse,9122,1674,0.04368030801107546,0.95,-0.013075341186594088,0.08888385557241389,500,weighted_rerank,identity-cluster-weighted-rerank-v1
geometry,lfw,arcface-7972a704552df378345f,pq,pq_512_m16_b8,face_attention,cosine_to_origin,9122,1674,-0.04351113491969839,0.95,-0.08853353213727704,0.013433219634639892,500,weighted_rerank,identity-cluster-weighted-rerank-v1
geometry,lfw,arcface-7972a704552df378345f,pq,pq_512_m16_b8,outside_face_attention,angular_error_rad,9122,1674,-0.04351113491969839,0.95,-0.08853353213727704,0.013433219634639892,500,weighted_rerank,identity-cluster-weighted-rerank-v1
geometry,lfw,arcface-7972a704552df378345f,pq,pq_512_m16_b8,outside_face_attention,reconstruction_mse,9122,1674,-0.04368030801107546,0.95,-0.0888838555724139,0.013075341186594078,500,weighted_rerank,identity-cluster-weighted-rerank-v1
geometry,lfw,arcface-7972a704552df378345f,pq,pq_512_m16_b8,outside_face_attention,cosine_to_origin,9122,1674,0.04351113491969839,0.95,-0.013433219634639894,0.08853353213727701,500,weighted_rerank,identity-cluster-weighted-rerank-v1
geometry,lfw,arcface-7972a704552df378345f,pq,pq_512_m16_b8,saliency_entropy,angular_error_rad,9122,1674,-0.005332075421692526,0.95,-0.07899185207083279,0.09842947341778978,500,weighted_rerank,identity-cluster-weighted-rerank-v1
geometry,lfw,arcface-7972a704552df378345f,pq,pq_512_m16_b8,saliency_entropy,reconstruction_mse,9122,1674,-0.0038191107517588077,0.95,-0.07750337271501066,0.09889328701651301,500,weighted_rerank,identity-cluster-weighted-rerank-v1
geometry,lfw,arcface-7972a704552df378345f,pq,pq_512_m16_b8,saliency_entropy,cosine_to_origin,9122,1674,0.005332075421692526,0.95,-0.09842947341778978,0.07899185207083277,500,weighted_rerank,identity-cluster-weighted-rerank-v1
geometry,lfw,arcface-7972a704552df378345f,pq,pq_512_m16_b8,maximum_region_concentration,angular_error_rad,9122,1674,-0.02917445646925703,0.95,-0.08761768162410191,0.017675033503261023,500,weighted_rerank,identity-cluster-weighted-rerank-v1
geometry,lfw,arcface-7972a704552df378345f,pq,pq_512_m16_b8,maximum_region_concentration,reconstruction_mse,9122,1674,-0.029661816896180797,0.95,-0.08882727965283686,0.017490906540817593,500,weighted_rerank,identity-cluster-weighted-rerank-v1
geometry,lfw,arcface-7972a704552df378345f,pq,pq_512_m16_b8,maximum_region_concentration,cosine_to_origin,9122,1674,0.02917445646925703,0.95,-0.017675033503261037,0.0876176816241019,500,weighted_rerank,identity-cluster-weighted-rerank-v1
geometry,lfw,arcface-7972a704552df378345f,pq,pq_512_m16_b8,left_right_asymmetry,angular_error_rad,9122,1674,-0.0015759272614727237,0.95,-0.0851915591973888,0.06200913192529324,500,weighted_rerank,identity-cluster-weighted-rerank-v1
geometry,lfw,arcface-7972a704552df378345f,pq,pq_512_m16_b8,left_right_asymmetry,reconstruction_mse,9122,1674,-0.0031628735370690143,0.95,-0.08628444988354422,0.06095300335583639,500,weighted_rerank,identity-cluster-weighted-rerank-v1
geometry,lfw,arcface-7972a704552df378345f,pq,pq_512_m16_b8,left_right_asymmetry,cosine_to_origin,9122,1674,0.0015759272614727237,0.95,-0.06200913192529324,0.0851915591973888,500,weighted_rerank,identity-cluster-weighted-rerank-v1
geometry,lfw,arcface-7972a704552df378345f,pq,pq_512_m16_b8,saliency_center_x,angular_error_rad,9122,1674,0.038742546831146925,0.95,-0.006555400320812618,0.08420052597170001,500,weighted_rerank,identity-cluster-weighted-rerank-v1
geometry,lfw,arcface-7972a704552df378345f,pq,pq_512_m16_b8,saliency_center_x,reconstruction_mse,9122,1674,0.03917364237248104,0.95,-0.006005288374032694,0.08474068233437415,500,weighted_rerank,identity-cluster-weighted-rerank-v1
geometry,lfw,arcface-7972a704552df378345f,pq,pq_512_m16_b8,saliency_center_x,cosine_to_origin,9122,1674,-0.038742546831146925,0.95,-0.08420052597170005,0.006555400320812612,500,weighted_rerank,identity-cluster-weighted-rerank-v1
geometry,lfw,arcface-7972a704552df378345f,pq,pq_512_m16_b8,saliency_center_y,angular_error_rad,9122,1674,0.011662189032480485,0.95,-0.061799115267473684,0.07996778722181767,500,weighted_rerank,identity-cluster-weighted-rerank-v1
geometry,lfw,arcface-7972a704552df378345f,pq,pq_512_m16_b8,saliency_center_y,reconstruction_mse,9122,1674,0.010914324466873423,0.95,-0.06362589431404052,0.08046323533212442,500,weighted_rerank,identity-cluster-weighted-rerank-v1
geometry,lfw,arcface-7972a704552df378345f,pq,pq_512_m16_b8,saliency_center_y,cosine_to_origin,9122,1674,-0.011662189032480485,0.95,-0.07996778722181772,0.06179911526747367,500,weighted_rerank,identity-cluster-weighted-rerank-v1
geometry,lfw,arcface-7972a704552df378345f,pq,pq_512_m16_b8,saliency_spread,angular_error_rad,9122,1674,-0.0016284432956211845,0.95,-0.06172942543211491,0.06070745250852323,500,weighted_rerank,identity-cluster-weighted-rerank-v1
geometry,lfw,arcface-7972a704552df378345f,pq,pq_512_m16_b8,saliency_spread,reconstruction_mse,9122,1674,-0.0015515310159812698,0.95,-0.06183966696116874,0.061352729399788246,500,weighted_rerank,identity-cluster-weighted-rerank-v1
geometry,lfw,arcface-7972a704552df378345f,pq,pq_512_m16_b8,saliency_spread,cosine_to_origin,9122,1674,0.0016284432956211845,0.95,-0.06070745250852324,0.0617294254321149,500,weighted_rerank,identity-cluster-weighted-rerank-v1
geometry,lfw,arcface-7972a704552df378345f,pq,pq_512_m32_b8,quadrant_top_left,angular_error_rad,9122,1674,0.006754520982561101,0.95,-0.04849958032489871,0.07073092139683958,500,weighted_rerank,identity-cluster-weighted-rerank-v1
geometry,lfw,arcface-7972a704552df378345f,pq,pq_512_m32_b8,quadrant_top_left,reconstruction_mse,9122,1674,0.007371963810554559,0.95,-0.04822904626454096,0.07158565180632101,500,weighted_rerank,identity-cluster-weighted-rerank-v1
geometry,lfw,arcface-7972a704552df378345f,pq,pq_512_m32_b8,quadrant_top_left,cosine_to_origin,9122,1674,-0.006754520982561101,0.95,-0.07073092139683958,0.048499580324898706,500,weighted_rerank,identity-cluster-weighted-rerank-v1
geometry,lfw,arcface-7972a704552df378345f,pq,pq_512_m32_b8,quadrant_top_right,angular_error_rad,9122,1674,-0.007902905643902988,0.95,-0.06135271094022728,0.05229966508245618,500,weighted_rerank,identity-cluster-weighted-rerank-v1
geometry,lfw,arcface-7972a704552df378345f,pq,pq_512_m32_b8,quadrant_top_right,reconstruction_mse,9122,1674,-0.00789559637269865,0.95,-0.0614014434960972,0.051883944124930644,500,weighted_rerank,identity-cluster-weighted-rerank-v1
geometry,lfw,arcface-7972a704552df378345f,pq,pq_512_m32_b8,quadrant_top_right,cosine_to_origin,9122,1674,0.007902905643902988,0.95,-0.05229966508245619,0.06135271094022727,500,weighted_rerank,identity-cluster-weighted-rerank-v1
geometry,lfw,arcface-7972a704552df378345f,pq,pq_512_m32_b8,quadrant_bottom_left,angular_error_rad,9122,1674,-0.022209973878571654,0.95,-0.07236862401873155,0.030663324430365672,500,weighted_rerank,identity-cluster-weighted-rerank-v1
geometry,lfw,arcface-7972a704552df378345f,pq,pq_512_m32_b8,quadrant_bottom_left,reconstruction_mse,9122,1674,-0.022679285952876344,0.95,-0.07332960560889576,0.030211387078372565,500,weighted_rerank,identity-cluster-weighted-rerank-v1
geometry,lfw,arcface-7972a704552df378345f,pq,pq_512_m32_b8,quadrant_bottom_left,cosine_to_origin,9122,1674,0.022209973878571654,0.95,-0.030663324430365686,0.07236862401873155,500,weighted_rerank,identity-cluster-weighted-rerank-v1
geometry,lfw,arcface-7972a704552df378345f,pq,pq_512_m32_b8,quadrant_bottom_right,angular_error_rad,9122,1674,0.048836885559559694,0.95,-0.011303996160814556,0.0994447800141417,500,weighted_rerank,identity-cluster-weighted-rerank-v1
geometry,lfw,arcface-7972a704552df378345f,pq,pq_512_m32_b8,quadrant_bottom_right,reconstruction_mse,9122,1674,0.04841350714759113,0.95,-0.011483323366667922,0.09871758519535986,500,weighted_rerank,identity-cluster-weighted-rerank-v1
geometry,lfw,arcface-7972a704552df378345f,pq,pq_512_m32_b8,quadrant_bottom_right,cosine_to_origin,9122,1674,-0.048836885559559694,0.95,-0.0994447800141417,0.011303996160814532,500,weighted_rerank,identity-cluster-weighted-rerank-v1
geometry,lfw,arcface-7972a704552df378345f,pq,pq_512_m32_b8,left_eye_attention,angular_error_rad,9122,1674,0.02121023069335262,0.95,-0.023524463171989737,0.06643419030765796,500,weighted_rerank,identity-cluster-weighted-rerank-v1
geometry,lfw,arcface-7972a704552df378345f,pq,pq_512_m32_b8,left_eye_attention,reconstruction_mse,9122,1674,0.02132711405035147,0.95,-0.023118482277905868,0.06684660535742894,500,weighted_rerank,identity-cluster-weighted-rerank-v1
geometry,lfw,arcface-7972a704552df378345f,pq,pq_512_m32_b8,left_eye_attention,cosine_to_origin,9122,1674,-0.02121023069335262,0.95,-0.06643419030765797,0.023524463171989737,500,weighted_rerank,identity-cluster-weighted-rerank-v1
geometry,lfw,arcface-7972a704552df378345f,pq,pq_512_m32_b8,right_eye_attention,angular_error_rad,9122,1674,0.01294221696037027,0.95,-0.03816963278203625,0.05992965596049394,500,weighted_rerank,identity-cluster-weighted-rerank-v1
geometry,lfw,arcface-7972a704552df378345f,pq,pq_512_m32_b8,right_eye_attention,reconstruction_mse,9122,1674,0.01321961982331387,0.95,-0.037630337137166125,0.060410222077414186,500,weighted_rerank,identity-cluster-weighted-rerank-v1
geometry,lfw,arcface-7972a704552df378345f,pq,pq_512_m32_b8,right_eye_attention,cosine_to_origin,9122,1674,-0.01294221696037027,0.95,-0.05992965596049395,0.03816963278203623,500,weighted_rerank,identity-cluster-weighted-rerank-v1
geometry,lfw,arcface-7972a704552df378345f,pq,pq_512_m32_b8,nose_attention,angular_error_rad,9122,1674,0.004340376598782344,0.95,-0.04049410242451531,0.058184930954420504,500,weighted_rerank,identity-cluster-weighted-rerank-v1
geometry,lfw,arcface-7972a704552df378345f,pq,pq_512_m32_b8,nose_attention,reconstruction_mse,9122,1674,0.004081998643982534,0.95,-0.04056860065955868,0.05795577089930132,500,weighted_rerank,identity-cluster-weighted-rerank-v1
geometry,lfw,arcface-7972a704552df378345f,pq,pq_512_m32_b8,nose_attention,cosine_to_origin,9122,1674,-0.004340376598782344,0.95,-0.05818493095442052,0.04049410242451531,500,weighted_rerank,identity-cluster-weighted-rerank-v1
geometry,lfw,arcface-7972a704552df378345f,pq,pq_512_m32_b8,mouth_attention,angular_error_rad,9122,1674,0.017223072762132575,0.95,-0.04758785772960673,0.07857620989242219,500,weighted_rerank,identity-cluster-weighted-rerank-v1
geometry,lfw,arcface-7972a704552df378345f,pq,pq_512_m32_b8,mouth_attention,reconstruction_mse,9122,1674,0.016807250563349287,0.95,-0.047505359277970095,0.07856423125691861,500,weighted_rerank,identity-cluster-weighted-rerank-v1
geometry,lfw,arcface-7972a704552df378345f,pq,pq_512_m32_b8,mouth_attention,cosine_to_origin,9122,1674,-0.017223072762132575,0.95,-0.0785762098924222,0.04758785772960671,500,weighted_rerank,identity-cluster-weighted-rerank-v1
geometry,lfw,arcface-7972a704552df378345f,pq,pq_512_m32_b8,left_cheek_attention,angular_error_rad,9122,1674,0.02214589876359539,0.95,-0.027038514971219924,0.06251868642650797,500,weighted_rerank,identity-cluster-weighted-rerank-v1
geometry,lfw,arcface-7972a704552df378345f,pq,pq_512_m32_b8,left_cheek_attention,reconstruction_mse,9122,1674,0.022051705051743593,0.95,-0.027413173475786347,0.0622213874434365,500,weighted_rerank,identity-cluster-weighted-rerank-v1
geometry,lfw,arcface-7972a704552df378345f,pq,pq_512_m32_b8,left_cheek_attention,cosine_to_origin,9122,1674,-0.02214589876359539,0.95,-0.06251868642650799,0.027038514971219906,500,weighted_rerank,identity-cluster-weighted-rerank-v1
geometry,lfw,arcface-7972a704552df378345f,pq,pq_512_m32_b8,right_cheek_attention,angular_error_rad,9121,1674,-0.0019717772892964233,0.95,-0.045108811358561825,0.03881850315923748,500,weighted_rerank,identity-cluster-weighted-rerank-v1
geometry,lfw,arcface-7972a704552df378345f,pq,pq_512_m32_b8,right_cheek_attention,reconstruction_mse,9121,1674,-0.0012881576456730594,0.95,-0.04465928165245592,0.03958054007203719,500,weighted_rerank,identity-cluster-weighted-rerank-v1
geometry,lfw,arcface-7972a704552df378345f,pq,pq_512_m32_b8,right_cheek_attention,cosine_to_origin,9121,1674,0.0019717772892964233,0.95,-0.03881850315923748,0.04510881135856181,500,weighted_rerank,identity-cluster-weighted-rerank-v1
geometry,lfw,arcface-7972a704552df378345f,pq,pq_512_m32_b8,jaw_attention,angular_error_rad,9122,1674,-0.008368216124488723,0.95,-0.04620363493532839,0.030527673870259887,500,weighted_rerank,identity-cluster-weighted-rerank-v1
geometry,lfw,arcface-7972a704552df378345f,pq,pq_512_m32_b8,jaw_attention,reconstruction_mse,9122,1674,-0.00843464852824082,0.95,-0.0463348312744331,0.03035140634963506,500,weighted_rerank,identity-cluster-weighted-rerank-v1
geometry,lfw,arcface-7972a704552df378345f,pq,pq_512_m32_b8,jaw_attention,cosine_to_origin,9122,1674,0.008368216124488723,0.95,-0.0305276738702599,0.04620363493532838,500,weighted_rerank,identity-cluster-weighted-rerank-v1
geometry,lfw,arcface-7972a704552df378345f,pq,pq_512_m32_b8,face_attention,angular_error_rad,9122,1674,0.04088469966333677,0.95,-0.013617592338913914,0.08742818722782789,500,weighted_rerank,identity-cluster-weighted-rerank-v1
geometry,lfw,arcface-7972a704552df378345f,pq,pq_512_m32_b8,face_attention,reconstruction_mse,9122,1674,0.039996572512580784,0.95,-0.014589458156861563,0.0860420966314827,500,weighted_rerank,identity-cluster-weighted-rerank-v1
geometry,lfw,arcface-7972a704552df378345f,pq,pq_512_m32_b8,face_attention,cosine_to_origin,9122,1674,-0.04088469966333677,0.95,-0.0874281872278279,0.013617592338913914,500,weighted_rerank,identity-cluster-weighted-rerank-v1
geometry,lfw,arcface-7972a704552df378345f,pq,pq_512_m32_b8,outside_face_attention,angular_error_rad,9122,1674,-0.04088469966333677,0.95,-0.0874281872278279,0.013617592338913914,500,weighted_rerank,identity-cluster-weighted-rerank-v1
geometry,lfw,arcface-7972a704552df378345f,pq,pq_512_m32_b8,outside_face_attention,reconstruction_mse,9122,1674,-0.039996572512580784,0.95,-0.0860420966314827,0.014589458156861558,500,weighted_rerank,identity-cluster-weighted-rerank-v1
geometry,lfw,arcface-7972a704552df378345f,pq,pq_512_m32_b8,outside_face_attention,cosine_to_origin,9122,1674,0.04088469966333677,0.95,-0.013617592338913914,0.08742818722782789,500,weighted_rerank,identity-cluster-weighted-rerank-v1
geometry,lfw,arcface-7972a704552df378345f,pq,pq_512_m32_b8,saliency_entropy,angular_error_rad,9122,1674,-0.013299770742193157,0.95,-0.09361295889673321,0.08072531791498838,500,weighted_rerank,identity-cluster-weighted-rerank-v1
geometry,lfw,arcface-7972a704552df378345f,pq,pq_512_m32_b8,saliency_entropy,reconstruction_mse,9122,1674,-0.012910965155301076,0.95,-0.09343839440384895,0.08111737978878547,500,weighted_rerank,identity-cluster-weighted-rerank-v1
geometry,lfw,arcface-7972a704552df378345f,pq,pq_512_m32_b8,saliency_entropy,cosine_to_origin,9122,1674,0.013299770742193157,0.95,-0.0807253179149884,0.0936129588967332,500,weighted_rerank,identity-cluster-weighted-rerank-v1
geometry,lfw,arcface-7972a704552df378345f,pq,pq_512_m32_b8,maximum_region_concentration,angular_error_rad,9122,1674,-0.024061487028813555,0.95,-0.07867238784041054,0.02887439286324091,500,weighted_rerank,identity-cluster-weighted-rerank-v1
geometry,lfw,arcface-7972a704552df378345f,pq,pq_512_m32_b8,maximum_region_concentration,reconstruction_mse,9122,1674,-0.023707228943337398,0.95,-0.07854782094746852,0.029923692212761387,500,weighted_rerank,identity-cluster-weighted-rerank-v1
geometry,lfw,arcface-7972a704552df378345f,pq,pq_512_m32_b8,maximum_region_concentration,cosine_to_origin,9122,1674,0.024061487028813555,0.95,-0.028874392863240922,0.0786723878404105,500,weighted_rerank,identity-cluster-weighted-rerank-v1
geometry,lfw,arcface-7972a704552df378345f,pq,pq_512_m32_b8,left_right_asymmetry,angular_error_rad,9122,1674,0.009796115093919625,0.95,-0.07415538399386219,0.07733320716425135,500,weighted_rerank,identity-cluster-weighted-rerank-v1
geometry,lfw,arcface-7972a704552df378345f,pq,pq_512_m32_b8,left_right_asymmetry,reconstruction_mse,9122,1674,0.009077209682609068,0.95,-0.07489927943609585,0.07676204572983927,500,weighted_rerank,identity-cluster-weighted-rerank-v1
geometry,lfw,arcface-7972a704552df378345f,pq,pq_512_m32_b8,left_right_asymmetry,cosine_to_origin,9122,1674,-0.009796115093919625,0.95,-0.07733320716425136,0.07415538399386219,500,weighted_rerank,identity-cluster-weighted-rerank-v1
geometry,lfw,arcface-7972a704552df378345f,pq,pq_512_m32_b8,saliency_center_x,angular_error_rad,9122,1674,0.037004338653675695,0.95,-0.0016908374654240157,0.08418530271263058,500,weighted_rerank,identity-cluster-weighted-rerank-v1
geometry,lfw,arcface-7972a704552df378345f,pq,pq_512_m32_b8,saliency_center_x,reconstruction_mse,9122,1674,0.036598503103437485,0.95,-0.0020857762753857074,0.08400487061454441,500,weighted_rerank,identity-cluster-weighted-rerank-v1
geometry,lfw,arcface-7972a704552df378345f,pq,pq_512_m32_b8,saliency_center_x,cosine_to_origin,9122,1674,-0.037004338653675695,0.95,-0.08418530271263058,0.0016908374654240152,500,weighted_rerank,identity-cluster-weighted-rerank-v1
geometry,lfw,arcface-7972a704552df378345f,pq,pq_512_m32_b8,saliency_center_y,angular_error_rad,9122,1674,0.006609580081797158,0.95,-0.07055541562764399,0.08609949834401348,500,weighted_rerank,identity-cluster-weighted-rerank-v1
geometry,lfw,arcface-7972a704552df378345f,pq,pq_512_m32_b8,saliency_center_y,reconstruction_mse,9122,1674,0.005959766917361531,0.95,-0.0711985429786935,0.08611640059713464,500,weighted_rerank,identity-cluster-weighted-rerank-v1
geometry,lfw,arcface-7972a704552df378345f,pq,pq_512_m32_b8,saliency_center_y,cosine_to_origin,9122,1674,-0.006609580081797158,0.95,-0.0860994983440135,0.07055541562764397,500,weighted_rerank,identity-cluster-weighted-rerank-v1
geometry,lfw,arcface-7972a704552df378345f,pq,pq_512_m32_b8,saliency_spread,angular_error_rad,9122,1674,-0.002867215954233876,0.95,-0.0695129459193064,0.05775595644693467,500,weighted_rerank,identity-cluster-weighted-rerank-v1
geometry,lfw,arcface-7972a704552df378345f,pq,pq_512_m32_b8,saliency_spread,reconstruction_mse,9122,1674,-0.0029077607241865954,0.95,-0.07006377454643986,0.05816910228111811,500,weighted_rerank,identity-cluster-weighted-rerank-v1
geometry,lfw,arcface-7972a704552df378345f,pq,pq_512_m32_b8,saliency_spread,cosine_to_origin,9122,1674,0.002867215954233876,0.95,-0.057755956446934674,0.06951294591930637,500,weighted_rerank,identity-cluster-weighted-rerank-v1
geometry,lfw,arcface-7972a704552df378345f,pq,pq_512_m64_b8,quadrant_top_left,angular_error_rad,9122,1674,0.008085458718709693,0.95,-0.04857989656972589,0.06612158088218724,500,weighted_rerank,identity-cluster-weighted-rerank-v1
geometry,lfw,arcface-7972a704552df378345f,pq,pq_512_m64_b8,quadrant_top_left,reconstruction_mse,9122,1674,0.007720290304263569,0.95,-0.04899760244119319,0.06599357534285946,500,weighted_rerank,identity-cluster-weighted-rerank-v1
geometry,lfw,arcface-7972a704552df378345f,pq,pq_512_m64_b8,quadrant_top_left,cosine_to_origin,9122,1674,-0.008085458718709693,0.95,-0.06612158088218725,0.04857989656972588,500,weighted_rerank,identity-cluster-weighted-rerank-v1
geometry,lfw,arcface-7972a704552df378345f,pq,pq_512_m64_b8,quadrant_top_right,angular_error_rad,9122,1674,-0.009005322417369252,0.95,-0.06722644980016178,0.04898891614112867,500,weighted_rerank,identity-cluster-weighted-rerank-v1
geometry,lfw,arcface-7972a704552df378345f,pq,pq_512_m64_b8,quadrant_top_right,reconstruction_mse,9122,1674,-0.0091346499776683,0.95,-0.06772805056702884,0.0486968763785496,500,weighted_rerank,identity-cluster-weighted-rerank-v1
geometry,lfw,arcface-7972a704552df378345f,pq,pq_512_m64_b8,quadrant_top_right,cosine_to_origin,9122,1674,0.009005322417369252,0.95,-0.04898891614112868,0.06722644980016176,500,weighted_rerank,identity-cluster-weighted-rerank-v1
geometry,lfw,arcface-7972a704552df378345f,pq,pq_512_m64_b8,quadrant_bottom_left,angular_error_rad,9122,1674,-0.02009550325484818,0.95,-0.0747149016536326,0.03439491133046229,500,weighted_rerank,identity-cluster-weighted-rerank-v1
geometry,lfw,arcface-7972a704552df378345f,pq,pq_512_m64_b8,quadrant_bottom_left,reconstruction_mse,9122,1674,-0.02005171182242854,0.95,-0.07492809549377404,0.03441574535686548,500,weighted_rerank,identity-cluster-weighted-rerank-v1
geometry,lfw,arcface-7972a704552df378345f,pq,pq_512_m64_b8,quadrant_bottom_left,cosine_to_origin,9122,1674,0.02009550325484818,0.95,-0.03439491133046229,0.0747149016536326,500,weighted_rerank,identity-cluster-weighted-rerank-v1
geometry,lfw,arcface-7972a704552df378345f,pq,pq_512_m64_b8,quadrant_bottom_right,angular_error_rad,9122,1674,0.04536814465967583,0.95,-0.010772492768314896,0.10397594664593705,500,weighted_rerank,identity-cluster-weighted-rerank-v1
geometry,lfw,arcface-7972a704552df378345f,pq,pq_512_m64_b8,quadrant_bottom_right,reconstruction_mse,9122,1674,0.04543543383515636,0.95,-0.011005441959584035,0.10399148911770979,500,weighted_rerank,identity-cluster-weighted-rerank-v1
geometry,lfw,arcface-7972a704552df378345f,pq,pq_512_m64_b8,quadrant_bottom_right,cosine_to_origin,9122,1674,-0.04536814465967583,0.95,-0.10397594664593705,0.010772492768314877,500,weighted_rerank,identity-cluster-weighted-rerank-v1
geometry,lfw,arcface-7972a704552df378345f,pq,pq_512_m64_b8,left_eye_attention,angular_error_rad,9122,1674,0.024837065807858445,0.95,-0.018817426941494433,0.07227992450668352,500,weighted_rerank,identity-cluster-weighted-rerank-v1
geometry,lfw,arcface-7972a704552df378345f,pq,pq_512_m64_b8,left_eye_attention,reconstruction_mse,9122,1674,0.024688258685049046,0.95,-0.019169904073571057,0.07239861602775356,500,weighted_rerank,identity-cluster-weighted-rerank-v1
geometry,lfw,arcface-7972a704552df378345f,pq,pq_512_m64_b8,left_eye_attention,cosine_to_origin,9122,1674,-0.024837065807858445,0.95,-0.07227992450668352,0.01881742694149443,500,weighted_rerank,identity-cluster-weighted-rerank-v1
geometry,lfw,arcface-7972a704552df378345f,pq,pq_512_m64_b8,right_eye_attention,angular_error_rad,9122,1674,0.014111439190578513,0.95,-0.03271133464197321,0.06745622703461178,500,weighted_rerank,identity-cluster-weighted-rerank-v1
geometry,lfw,arcface-7972a704552df378345f,pq,pq_512_m64_b8,right_eye_attention,reconstruction_mse,9122,1674,0.014194442785940722,0.95,-0.03285969034994878,0.06775473754539489,500,weighted_rerank,identity-cluster-weighted-rerank-v1
geometry,lfw,arcface-7972a704552df378345f,pq,pq_512_m64_b8,right_eye_attention,cosine_to_origin,9122,1674,-0.014111439190578513,0.95,-0.06745622703461178,0.032711334641973205,500,weighted_rerank,identity-cluster-weighted-rerank-v1
geometry,lfw,arcface-7972a704552df378345f,pq,pq_512_m64_b8,nose_attention,angular_error_rad,9122,1674,0.0026472682013471576,0.95,-0.047167524469286896,0.06065247009594546,500,weighted_rerank,identity-cluster-weighted-rerank-v1
geometry,lfw,arcface-7972a704552df378345f,pq,pq_512_m64_b8,nose_attention,reconstruction_mse,9122,1674,0.002762320225720222,0.95,-0.04687214863853788,0.06052248080825504,500,weighted_rerank,identity-cluster-weighted-rerank-v1
geometry,lfw,arcface-7972a704552df378345f,pq,pq_512_m64_b8,nose_attention,cosine_to_origin,9122,1674,-0.0026472682013471576,0.95,-0.06065247009594549,0.047167524469286896,500,weighted_rerank,identity-cluster-weighted-rerank-v1
geometry,lfw,arcface-7972a704552df378345f,pq,pq_512_m64_b8,mouth_attention,angular_error_rad,9122,1674,0.018563977048269727,0.95,-0.04285357553218484,0.08514368853690475,500,weighted_rerank,identity-cluster-weighted-rerank-v1
geometry,lfw,arcface-7972a704552df378345f,pq,pq_512_m64_b8,mouth_attention,reconstruction_mse,9122,1674,0.017836717549697102,0.95,-0.044373583350456394,0.08492016110389972,500,weighted_rerank,identity-cluster-weighted-rerank-v1
geometry,lfw,arcface-7972a704552df378345f,pq,pq_512_m64_b8,mouth_attention,cosine_to_origin,9122,1674,-0.018563977048269727,0.95,-0.08514368853690477,0.04285357553218484,500,weighted_rerank,identity-cluster-weighted-rerank-v1
geometry,lfw,arcface-7972a704552df378345f,pq,pq_512_m64_b8,left_cheek_attention,angular_error_rad,9122,1674,0.02358870472065803,0.95,-0.021970318753616797,0.06487412887698846,500,weighted_rerank,identity-cluster-weighted-rerank-v1
geometry,lfw,arcface-7972a704552df378345f,pq,pq_512_m64_b8,left_cheek_attention,reconstruction_mse,9122,1674,0.02376283447024885,0.95,-0.021873245222949835,0.06538161842570102,500,weighted_rerank,identity-cluster-weighted-rerank-v1
geometry,lfw,arcface-7972a704552df378345f,pq,pq_512_m64_b8,left_cheek_attention,cosine_to_origin,9122,1674,-0.02358870472065803,0.95,-0.06487412887698846,0.021970318753616797,500,weighted_rerank,identity-cluster-weighted-rerank-v1
geometry,lfw,arcface-7972a704552df378345f,pq,pq_512_m64_b8,right_cheek_attention,angular_error_rad,9121,1674,0.00021491950390652175,0.95,-0.03766410384726407,0.042660574271474926,500,weighted_rerank,identity-cluster-weighted-rerank-v1
geometry,lfw,arcface-7972a704552df378345f,pq,pq_512_m64_b8,right_cheek_attention,reconstruction_mse,9121,1674,0.00031016022804130136,0.95,-0.0375785838040373,0.04280907783558902,500,weighted_rerank,identity-cluster-weighted-rerank-v1
geometry,lfw,arcface-7972a704552df378345f,pq,pq_512_m64_b8,right_cheek_attention,cosine_to_origin,9121,1674,-0.00021491950390652175,0.95,-0.04266057427147493,0.03766410384726406,500,weighted_rerank,identity-cluster-weighted-rerank-v1
geometry,lfw,arcface-7972a704552df378345f,pq,pq_512_m64_b8,jaw_attention,angular_error_rad,9122,1674,-0.00313100341256289,0.95,-0.03997175904744203,0.034820290290168865,500,weighted_rerank,identity-cluster-weighted-rerank-v1
geometry,lfw,arcface-7972a704552df378345f,pq,pq_512_m64_b8,jaw_attention,reconstruction_mse,9122,1674,-0.003717548253323298,0.95,-0.04050825292639796,0.0345060957432999,500,weighted_rerank,identity-cluster-weighted-rerank-v1
geometry,lfw,arcface-7972a704552df378345f,pq,pq_512_m64_b8,jaw_attention,cosine_to_origin,9122,1674,0.00313100341256289,0.95,-0.034820290290168865,0.03997175904744203,500,weighted_rerank,identity-cluster-weighted-rerank-v1
geometry,lfw,arcface-7972a704552df378345f,pq,pq_512_m64_b8,face_attention,angular_error_rad,9122,1674,0.04819641351222131,0.95,-0.010436708048334273,0.09913818090333378,500,weighted_rerank,identity-cluster-weighted-rerank-v1
geometry,lfw,arcface-7972a704552df378345f,pq,pq_512_m64_b8,face_attention,reconstruction_mse,9122,1674,0.048563647175737815,0.95,-0.010250124547571477,0.09991775686070085,500,weighted_rerank,identity-cluster-weighted-rerank-v1
geometry,lfw,arcface-7972a704552df378345f,pq,pq_512_m64_b8,face_attention,cosine_to_origin,9122,1674,-0.04819641351222131,0.95,-0.09913818090333378,0.010436708048334265,500,weighted_rerank,identity-cluster-weighted-rerank-v1
geometry,lfw,arcface-7972a704552df378345f,pq,pq_512_m64_b8,outside_face_attention,angular_error_rad,9122,1674,-0.04819641351222131,0.95,-0.09913818090333378,0.010436708048334265,500,weighted_rerank,identity-cluster-weighted-rerank-v1
geometry,lfw,arcface-7972a704552df378345f,pq,pq_512_m64_b8,outside_face_attention,reconstruction_mse,9122,1674,-0.048563647175737815,0.95,-0.09991775686070085,0.010250124547571461,500,weighted_rerank,identity-cluster-weighted-rerank-v1
geometry,lfw,arcface-7972a704552df378345f,pq,pq_512_m64_b8,outside_face_attention,cosine_to_origin,9122,1674,0.04819641351222131,0.95,-0.010436708048334273,0.09913818090333378,500,weighted_rerank,identity-cluster-weighted-rerank-v1
geometry,lfw,arcface-7972a704552df378345f,pq,pq_512_m64_b8,saliency_entropy,angular_error_rad,9122,1674,-0.010861995123106243,0.95,-0.09878822250774894,0.09308090782769889,500,weighted_rerank,identity-cluster-weighted-rerank-v1
geometry,lfw,arcface-7972a704552df378345f,pq,pq_512_m64_b8,saliency_entropy,reconstruction_mse,9122,1674,-0.011712932487068796,0.95,-0.10051677541040586,0.09284996807441226,500,weighted_rerank,identity-cluster-weighted-rerank-v1
geometry,lfw,arcface-7972a704552df378345f,pq,pq_512_m64_b8,saliency_entropy,cosine_to_origin,9122,1674,0.010861995123106243,0.95,-0.09308090782769889,0.09878822250774894,500,weighted_rerank,identity-cluster-weighted-rerank-v1
geometry,lfw,arcface-7972a704552df378345f,pq,pq_512_m64_b8,maximum_region_concentration,angular_error_rad,9122,1674,-0.02453229240271117,0.95,-0.08393595050214592,0.02635395483088233,500,weighted_rerank,identity-cluster-weighted-rerank-v1
geometry,lfw,arcface-7972a704552df378345f,pq,pq_512_m64_b8,maximum_region_concentration,reconstruction_mse,9122,1674,-0.02394251479997279,0.95,-0.08367757591554278,0.026929046668450658,500,weighted_rerank,identity-cluster-weighted-rerank-v1
geometry,lfw,arcface-7972a704552df378345f,pq,pq_512_m64_b8,maximum_region_concentration,cosine_to_origin,9122,1674,0.02453229240271117,0.95,-0.02635395483088233,0.08393595050214592,500,weighted_rerank,identity-cluster-weighted-rerank-v1
geometry,lfw,arcface-7972a704552df378345f,pq,pq_512_m64_b8,left_right_asymmetry,angular_error_rad,9122,1674,0.006946228480346055,0.95,-0.08103413953980158,0.08020942092622745,500,weighted_rerank,identity-cluster-weighted-rerank-v1
geometry,lfw,arcface-7972a704552df378345f,pq,pq_512_m64_b8,left_right_asymmetry,reconstruction_mse,9122,1674,0.007720654212208309,0.95,-0.0809310033444211,0.08138412807170062,500,weighted_rerank,identity-cluster-weighted-rerank-v1
geometry,lfw,arcface-7972a704552df378345f,pq,pq_512_m64_b8,left_right_asymmetry,cosine_to_origin,9122,1674,-0.006946228480346055,0.95,-0.08020942092622746,0.08103413953980158,500,weighted_rerank,identity-cluster-weighted-rerank-v1
geometry,lfw,arcface-7972a704552df378345f,pq,pq_512_m64_b8,saliency_center_x,angular_error_rad,9122,1674,0.032142291757823925,0.95,-0.011472532791360915,0.08075241732813128,500,weighted_rerank,identity-cluster-weighted-rerank-v1
geometry,lfw,arcface-7972a704552df378345f,pq,pq_512_m64_b8,saliency_center_x,reconstruction_mse,9122,1674,0.032023313931833775,0.95,-0.011632248741495828,0.08057433304951779,500,weighted_rerank,identity-cluster-weighted-rerank-v1
geometry,lfw,arcface-7972a704552df378345f,pq,pq_512_m64_b8,saliency_center_x,cosine_to_origin,9122,1674,-0.032142291757823925,0.95,-0.08075241732813128,0.011472532791360913,500,weighted_rerank,identity-cluster-weighted-rerank-v1
geometry,lfw,arcface-7972a704552df378345f,pq,pq_512_m64_b8,saliency_center_y,angular_error_rad,9122,1674,0.011578862169632451,0.95,-0.06152608271838725,0.09603739677207565,500,weighted_rerank,identity-cluster-weighted-rerank-v1
geometry,lfw,arcface-7972a704552df378345f,pq,pq_512_m64_b8,saliency_center_y,reconstruction_mse,9122,1674,0.01176245155376648,0.95,-0.06109505218706361,0.09601103945115814,500,weighted_rerank,identity-cluster-weighted-rerank-v1
geometry,lfw,arcface-7972a704552df378345f,pq,pq_512_m64_b8,saliency_center_y,cosine_to_origin,9122,1674,-0.011578862169632451,0.95,-0.09603739677207566,0.06152608271838724,500,weighted_rerank,identity-cluster-weighted-rerank-v1
geometry,lfw,arcface-7972a704552df378345f,pq,pq_512_m64_b8,saliency_spread,angular_error_rad,9122,1674,-0.006353084874693164,0.95,-0.07273677605350379,0.06683467776889065,500,weighted_rerank,identity-cluster-weighted-rerank-v1
geometry,lfw,arcface-7972a704552df378345f,pq,pq_512_m64_b8,saliency_spread,reconstruction_mse,9122,1674,-0.007087438784074919,0.95,-0.0747875392599886,0.0667696759929508,500,weighted_rerank,identity-cluster-weighted-rerank-v1
geometry,lfw,arcface-7972a704552df378345f,pq,pq_512_m64_b8,saliency_spread,cosine_to_origin,9122,1674,0.006353084874693164,0.95,-0.06683467776889065,0.07273677605350377,500,weighted_rerank,identity-cluster-weighted-rerank-v1
geometry,lfw,arcface-7972a704552df378345f,pq,pq_512_m8_b8,quadrant_top_left,angular_error_rad,9122,1674,0.013340101848586675,0.95,-0.048085844243828384,0.07072746817724196,500,weighted_rerank,identity-cluster-weighted-rerank-v1
geometry,lfw,arcface-7972a704552df378345f,pq,pq_512_m8_b8,quadrant_top_left,reconstruction_mse,9122,1674,0.01306733343508288,0.95,-0.04818772006087174,0.07116565699782805,500,weighted_rerank,identity-cluster-weighted-rerank-v1
geometry,lfw,arcface-7972a704552df378345f,pq,pq_512_m8_b8,quadrant_top_left,cosine_to_origin,9122,1674,-0.013340101848586675,0.95,-0.07072746817724197,0.04808584424382835,500,weighted_rerank,identity-cluster-weighted-rerank-v1
geometry,lfw,arcface-7972a704552df378345f,pq,pq_512_m8_b8,quadrant_top_right,angular_error_rad,9122,1674,-0.01075026845006036,0.95,-0.06802911056514101,0.04764202404247657,500,weighted_rerank,identity-cluster-weighted-rerank-v1
geometry,lfw,arcface-7972a704552df378345f,pq,pq_512_m8_b8,quadrant_top_right,reconstruction_mse,9122,1674,-0.008414933692683228,0.95,-0.06605838024252013,0.05047108643587098,500,weighted_rerank,identity-cluster-weighted-rerank-v1
geometry,lfw,arcface-7972a704552df378345f,pq,pq_512_m8_b8,quadrant_top_right,cosine_to_origin,9122,1674,0.01075026845006036,0.95,-0.04764202404247658,0.068029110565141,500,weighted_rerank,identity-cluster-weighted-rerank-v1
geometry,lfw,arcface-7972a704552df378345f,pq,pq_512_m8_b8,quadrant_bottom_left,angular_error_rad,9122,1674,-0.0216911505816952,0.95,-0.07212889591300778,0.03592419575089917,500,weighted_rerank,identity-cluster-weighted-rerank-v1
geometry,lfw,arcface-7972a704552df378345f,pq,pq_512_m8_b8,quadrant_bottom_left,reconstruction_mse,9122,1674,-0.023418272374654797,0.95,-0.07376045167402925,0.03391987396485161,500,weighted_rerank,identity-cluster-weighted-rerank-v1
geometry,lfw,arcface-7972a704552df378345f,pq,pq_512_m8_b8,quadrant_bottom_left,cosine_to_origin,9122,1674,0.0216911505816952,0.95,-0.03592419575089917,0.07212889591300778,500,weighted_rerank,identity-cluster-weighted-rerank-v1
geometry,lfw,arcface-7972a704552df378345f,pq,pq_512_m8_b8,quadrant_bottom_right,angular_error_rad,9122,1674,0.04890994477527836,0.95,-0.004557637811141639,0.10538658355583685,500,weighted_rerank,identity-cluster-weighted-rerank-v1
geometry,lfw,arcface-7972a704552df378345f,pq,pq_512_m8_b8,quadrant_bottom_right,reconstruction_mse,9122,1674,0.047817071718449594,0.95,-0.006010325264950925,0.1040417558947131,500,weighted_rerank,identity-cluster-weighted-rerank-v1
geometry,lfw,arcface-7972a704552df378345f,pq,pq_512_m8_b8,quadrant_bottom_right,cosine_to_origin,9122,1674,-0.04890994477527836,0.95,-0.10538658355583685,0.004557637811141639,500,weighted_rerank,identity-cluster-weighted-rerank-v1
geometry,lfw,arcface-7972a704552df378345f,pq,pq_512_m8_b8,left_eye_attention,angular_error_rad,9122,1674,0.020570060120366267,0.95,-0.02236309458778516,0.06343599913099865,500,weighted_rerank,identity-cluster-weighted-rerank-v1
geometry,lfw,arcface-7972a704552df378345f,pq,pq_512_m8_b8,left_eye_attention,reconstruction_mse,9122,1674,0.02042063951471204,0.95,-0.022420386912343045,0.06315237444249143,500,weighted_rerank,identity-cluster-weighted-rerank-v1
geometry,lfw,arcface-7972a704552df378345f,pq,pq_512_m8_b8,left_eye_attention,cosine_to_origin,9122,1674,-0.020570060120366267,0.95,-0.06343599913099865,0.02236309458778515,500,weighted_rerank,identity-cluster-weighted-rerank-v1
geometry,lfw,arcface-7972a704552df378345f,pq,pq_512_m8_b8,right_eye_attention,angular_error_rad,9122,1674,0.00918832715990195,0.95,-0.03714376693831385,0.05581687313256285,500,weighted_rerank,identity-cluster-weighted-rerank-v1
geometry,lfw,arcface-7972a704552df378345f,pq,pq_512_m8_b8,right_eye_attention,reconstruction_mse,9122,1674,0.008865097266715518,0.95,-0.03816856449275097,0.055609600734413255,500,weighted_rerank,identity-cluster-weighted-rerank-v1
geometry,lfw,arcface-7972a704552df378345f,pq,pq_512_m8_b8,right_eye_attention,cosine_to_origin,9122,1674,-0.00918832715990195,0.95,-0.05581687313256286,0.037143766938313845,500,weighted_rerank,identity-cluster-weighted-rerank-v1
geometry,lfw,arcface-7972a704552df378345f,pq,pq_512_m8_b8,nose_attention,angular_error_rad,9122,1674,0.002646055034882832,0.95,-0.05228793741667968,0.05535656846836565,500,weighted_rerank,identity-cluster-weighted-rerank-v1
geometry,lfw,arcface-7972a704552df378345f,pq,pq_512_m8_b8,nose_attention,reconstruction_mse,9122,1674,0.002731915929535416,0.95,-0.05155052679730765,0.055053070843107656,500,weighted_rerank,identity-cluster-weighted-rerank-v1
geometry,lfw,arcface-7972a704552df378345f,pq,pq_512_m8_b8,nose_attention,cosine_to_origin,9122,1674,-0.002646055034882832,0.95,-0.055356568468365654,0.05228793741667968,500,weighted_rerank,identity-cluster-weighted-rerank-v1
geometry,lfw,arcface-7972a704552df378345f,pq,pq_512_m8_b8,mouth_attention,angular_error_rad,9122,1674,0.02216844040249972,0.95,-0.035141220903597684,0.07803060494686968,500,weighted_rerank,identity-cluster-weighted-rerank-v1
geometry,lfw,arcface-7972a704552df378345f,pq,pq_512_m8_b8,mouth_attention,reconstruction_mse,9122,1674,0.01946342418581407,0.95,-0.03821301946071886,0.07523079674841815,500,weighted_rerank,identity-cluster-weighted-rerank-v1
geometry,lfw,arcface-7972a704552df378345f,pq,pq_512_m8_b8,mouth_attention,cosine_to_origin,9122,1674,-0.02216844040249972,0.95,-0.07803060494686971,0.035141220903597684,500,weighted_rerank,identity-cluster-weighted-rerank-v1
geometry,lfw,arcface-7972a704552df378345f,pq,pq_512_m8_b8,left_cheek_attention,angular_error_rad,9122,1674,0.017470688744425714,0.95,-0.028869575563872867,0.061298919131264624,500,weighted_rerank,identity-cluster-weighted-rerank-v1
geometry,lfw,arcface-7972a704552df378345f,pq,pq_512_m8_b8,left_cheek_attention,reconstruction_mse,9122,1674,0.015571149361251386,0.95,-0.030673665594187407,0.0598258785699493,500,weighted_rerank,identity-cluster-weighted-rerank-v1
geometry,lfw,arcface-7972a704552df378345f,pq,pq_512_m8_b8,left_cheek_attention,cosine_to_origin,9122,1674,-0.017470688744425714,0.95,-0.061298919131264624,0.028869575563872863,500,weighted_rerank,identity-cluster-weighted-rerank-v1
geometry,lfw,arcface-7972a704552df378345f,pq,pq_512_m8_b8,right_cheek_attention,angular_error_rad,9121,1674,-0.004915431461862083,0.95,-0.0501604992147704,0.032818364135764604,500,weighted_rerank,identity-cluster-weighted-rerank-v1
geometry,lfw,arcface-7972a704552df378345f,pq,pq_512_m8_b8,right_cheek_attention,reconstruction_mse,9121,1674,-0.005478638095927838,0.95,-0.050671417638368965,0.032627063549512475,500,weighted_rerank,identity-cluster-weighted-rerank-v1
geometry,lfw,arcface-7972a704552df378345f,pq,pq_512_m8_b8,right_cheek_attention,cosine_to_origin,9121,1674,0.004915431461862083,0.95,-0.032818364135764604,0.0501604992147704,500,weighted_rerank,identity-cluster-weighted-rerank-v1
geometry,lfw,arcface-7972a704552df378345f,pq,pq_512_m8_b8,jaw_attention,angular_error_rad,9122,1674,0.00015232847275611276,0.95,-0.03418268854676543,0.03641998923343921,500,weighted_rerank,identity-cluster-weighted-rerank-v1
geometry,lfw,arcface-7972a704552df378345f,pq,pq_512_m8_b8,jaw_attention,reconstruction_mse,9122,1674,-0.0009794744527184065,0.95,-0.0357593410174987,0.03587073464728739,500,weighted_rerank,identity-cluster-weighted-rerank-v1
geometry,lfw,arcface-7972a704552df378345f,pq,pq_512_m8_b8,jaw_attention,cosine_to_origin,9122,1674,-0.00015232847275611276,0.95,-0.03641998923343922,0.034182688546765407,500,weighted_rerank,identity-cluster-weighted-rerank-v1
geometry,lfw,arcface-7972a704552df378345f,pq,pq_512_m8_b8,face_attention,angular_error_rad,9122,1674,0.03441416405051572,0.95,-0.01972508334670486,0.08824306936263296,500,weighted_rerank,identity-cluster-weighted-rerank-v1
geometry,lfw,arcface-7972a704552df378345f,pq,pq_512_m8_b8,face_attention,reconstruction_mse,9122,1674,0.03468409420892855,0.95,-0.019687574286195046,0.08897661018681471,500,weighted_rerank,identity-cluster-weighted-rerank-v1
geometry,lfw,arcface-7972a704552df378345f,pq,pq_512_m8_b8,face_attention,cosine_to_origin,9122,1674,-0.03441416405051572,0.95,-0.08824306936263296,0.01972508334670484,500,weighted_rerank,identity-cluster-weighted-rerank-v1
geometry,lfw,arcface-7972a704552df378345f,pq,pq_512_m8_b8,outside_face_attention,angular_error_rad,9122,1674,-0.03441416405051572,0.95,-0.08824306936263296,0.01972508334670484,500,weighted_rerank,identity-cluster-weighted-rerank-v1
geometry,lfw,arcface-7972a704552df378345f,pq,pq_512_m8_b8,outside_face_attention,reconstruction_mse,9122,1674,-0.03468409420892855,0.95,-0.08897661018681471,0.019687574286195036,500,weighted_rerank,identity-cluster-weighted-rerank-v1
geometry,lfw,arcface-7972a704552df378345f,pq,pq_512_m8_b8,outside_face_attention,cosine_to_origin,9122,1674,0.03441416405051572,0.95,-0.01972508334670486,0.08824306936263296,500,weighted_rerank,identity-cluster-weighted-rerank-v1
geometry,lfw,arcface-7972a704552df378345f,pq,pq_512_m8_b8,saliency_entropy,angular_error_rad,9122,1674,-0.004819751023745216,0.95,-0.08196297582112125,0.08508286342946993,500,weighted_rerank,identity-cluster-weighted-rerank-v1
geometry,lfw,arcface-7972a704552df378345f,pq,pq_512_m8_b8,saliency_entropy,reconstruction_mse,9122,1674,-0.007828227473989716,0.95,-0.08567875810332107,0.0833861508147238,500,weighted_rerank,identity-cluster-weighted-rerank-v1
geometry,lfw,arcface-7972a704552df378345f,pq,pq_512_m8_b8,saliency_entropy,cosine_to_origin,9122,1674,0.004819751023745216,0.95,-0.08508286342946994,0.08196297582112123,500,weighted_rerank,identity-cluster-weighted-rerank-v1
geometry,lfw,arcface-7972a704552df378345f,pq,pq_512_m8_b8,maximum_region_concentration,angular_error_rad,9122,1674,-0.02593085908911576,0.95,-0.07773416352211647,0.022777403649816903,500,weighted_rerank,identity-cluster-weighted-rerank-v1
geometry,lfw,arcface-7972a704552df378345f,pq,pq_512_m8_b8,maximum_region_concentration,reconstruction_mse,9122,1674,-0.02512372994445465,0.95,-0.07722864974304637,0.023635753667688695,500,weighted_rerank,identity-cluster-weighted-rerank-v1
geometry,lfw,arcface-7972a704552df378345f,pq,pq_512_m8_b8,maximum_region_concentration,cosine_to_origin,9122,1674,0.02593085908911576,0.95,-0.022777403649816917,0.07773416352211646,500,weighted_rerank,identity-cluster-weighted-rerank-v1
geometry,lfw,arcface-7972a704552df378345f,pq,pq_512_m8_b8,left_right_asymmetry,angular_error_rad,9122,1674,-0.00039668279312532934,0.95,-0.07786046819577916,0.06441447491734248,500,weighted_rerank,identity-cluster-weighted-rerank-v1
geometry,lfw,arcface-7972a704552df378345f,pq,pq_512_m8_b8,left_right_asymmetry,reconstruction_mse,9122,1674,0.002261287783043428,0.95,-0.0758861071180345,0.06785275736668092,500,weighted_rerank,identity-cluster-weighted-rerank-v1
geometry,lfw,arcface-7972a704552df378345f,pq,pq_512_m8_b8,left_right_asymmetry,cosine_to_origin,9122,1674,0.00039668279312532934,0.95,-0.06441447491734248,0.07786046819577915,500,weighted_rerank,identity-cluster-weighted-rerank-v1
geometry,lfw,arcface-7972a704552df378345f,pq,pq_512_m8_b8,saliency_center_x,angular_error_rad,9122,1674,0.035737775585063435,0.95,-0.011267000626376915,0.07751854022392324,500,weighted_rerank,identity-cluster-weighted-rerank-v1
geometry,lfw,arcface-7972a704552df378345f,pq,pq_512_m8_b8,saliency_center_x,reconstruction_mse,9122,1674,0.03658835043192385,0.95,-0.010100316007010843,0.07848571588291087,500,weighted_rerank,identity-cluster-weighted-rerank-v1
geometry,lfw,arcface-7972a704552df378345f,pq,pq_512_m8_b8,saliency_center_x,cosine_to_origin,9122,1674,-0.035737775585063435,0.95,-0.07751854022392324,0.011267000626376908,500,weighted_rerank,identity-cluster-weighted-rerank-v1
geometry,lfw,arcface-7972a704552df378345f,pq,pq_512_m8_b8,saliency_center_y,angular_error_rad,9122,1674,0.004788506171746715,0.95,-0.06951599906252333,0.08548876586162706,500,weighted_rerank,identity-cluster-weighted-rerank-v1
geometry,lfw,arcface-7972a704552df378345f,pq,pq_512_m8_b8,saliency_center_y,reconstruction_mse,9122,1674,0.0029652656050749462,0.95,-0.07090060247898725,0.08476505279202609,500,weighted_rerank,identity-cluster-weighted-rerank-v1
geometry,lfw,arcface-7972a704552df378345f,pq,pq_512_m8_b8,saliency_center_y,cosine_to_origin,9122,1674,-0.004788506171746715,0.95,-0.08548876586162707,0.06951599906252333,500,weighted_rerank,identity-cluster-weighted-rerank-v1
geometry,lfw,arcface-7972a704552df378345f,pq,pq_512_m8_b8,saliency_spread,angular_error_rad,9122,1674,0.008532945607118767,0.95,-0.04894812012183765,0.06826964522591551,500,weighted_rerank,identity-cluster-weighted-rerank-v1
geometry,lfw,arcface-7972a704552df378345f,pq,pq_512_m8_b8,saliency_spread,reconstruction_mse,9122,1674,0.006613430456061397,0.95,-0.05180253900152995,0.06781972636043757,500,weighted_rerank,identity-cluster-weighted-rerank-v1
geometry,lfw,arcface-7972a704552df378345f,pq,pq_512_m8_b8,saliency_spread,cosine_to_origin,9122,1674,-0.008532945607118767,0.95,-0.06826964522591554,0.048948120121837635,500,weighted_rerank,identity-cluster-weighted-rerank-v1
