analysis_scope,dataset_id,model_uid,compression_family,compression_profile,saliency_feature,sensitivity_metric,sample_count,identity_count,event_count,non_event_count,event_rate,spearman_rho,bootstrap_confidence_level,bootstrap_ci_low,bootstrap_ci_high,bootstrap_valid_repeats,bootstrap_rank_strategy,association_algorithm_version,event_support_eligible,association_status
geometry,lfw,edgeface-a348c305af33c223b337,pca,pca_128,quadrant_top_left,angular_error_rad,9055,1674,,,,-0.01317570618446025,0.95,-0.033762878699320986,0.008607983395615696,500,weighted_rerank,identity-cluster-weighted-rerank-v1,,continuous_outcome
geometry,lfw,edgeface-a348c305af33c223b337,pca,pca_128,quadrant_top_left,reconstruction_mse,9055,1674,,,,0.015981565845483933,0.95,-0.01177622155457177,0.04525726665780439,500,weighted_rerank,identity-cluster-weighted-rerank-v1,,continuous_outcome
geometry,lfw,edgeface-a348c305af33c223b337,pca,pca_128,quadrant_top_left,cosine_to_origin,9055,1674,,,,0.01317570618446025,0.95,-0.0086079833956157,0.03376287869932098,500,weighted_rerank,identity-cluster-weighted-rerank-v1,,continuous_outcome
geometry,lfw,edgeface-a348c305af33c223b337,pca,pca_128,quadrant_top_right,angular_error_rad,9055,1674,,,,-0.014251775451535538,0.95,-0.03220312679960495,0.006747625407361468,500,weighted_rerank,identity-cluster-weighted-rerank-v1,,continuous_outcome
geometry,lfw,edgeface-a348c305af33c223b337,pca,pca_128,quadrant_top_right,reconstruction_mse,9055,1674,,,,0.00845569601975048,0.95,-0.017768330816957306,0.03842538200185659,500,weighted_rerank,identity-cluster-weighted-rerank-v1,,continuous_outcome
geometry,lfw,edgeface-a348c305af33c223b337,pca,pca_128,quadrant_top_right,cosine_to_origin,9055,1674,,,,0.014251775451535538,0.95,-0.0067476254073614746,0.03220312679960495,500,weighted_rerank,identity-cluster-weighted-rerank-v1,,continuous_outcome
geometry,lfw,edgeface-a348c305af33c223b337,pca,pca_128,quadrant_bottom_left,angular_error_rad,9055,1674,,,,0.029726508730668923,0.95,0.009692554481512156,0.05040694884923039,500,weighted_rerank,identity-cluster-weighted-rerank-v1,,continuous_outcome
geometry,lfw,edgeface-a348c305af33c223b337,pca,pca_128,quadrant_bottom_left,reconstruction_mse,9055,1674,,,,-0.0223328027488656,0.95,-0.05632210180522392,0.009789092310343799,500,weighted_rerank,identity-cluster-weighted-rerank-v1,,continuous_outcome
geometry,lfw,edgeface-a348c305af33c223b337,pca,pca_128,quadrant_bottom_left,cosine_to_origin,9055,1674,,,,-0.029726508730668923,0.95,-0.05040694884923039,-0.009692554481512159,500,weighted_rerank,identity-cluster-weighted-rerank-v1,,continuous_outcome
geometry,lfw,edgeface-a348c305af33c223b337,pca,pca_128,quadrant_bottom_right,angular_error_rad,9055,1674,,,,0.016146417470907445,0.95,-0.0020194603875762825,0.03568681135965125,500,weighted_rerank,identity-cluster-weighted-rerank-v1,,continuous_outcome
geometry,lfw,edgeface-a348c305af33c223b337,pca,pca_128,quadrant_bottom_right,reconstruction_mse,9055,1674,,,,0.0003562282600655766,0.95,-0.02843737978520995,0.02678192776419986,500,weighted_rerank,identity-cluster-weighted-rerank-v1,,continuous_outcome
geometry,lfw,edgeface-a348c305af33c223b337,pca,pca_128,quadrant_bottom_right,cosine_to_origin,9055,1674,,,,-0.016146417470907445,0.95,-0.03568681135965125,0.002019460387576276,500,weighted_rerank,identity-cluster-weighted-rerank-v1,,continuous_outcome
geometry,lfw,edgeface-a348c305af33c223b337,pca,pca_128,left_eye_attention,angular_error_rad,9055,1674,,,,0.010260512830108471,0.95,-0.009296720894506673,0.030047255524903966,500,weighted_rerank,identity-cluster-weighted-rerank-v1,,continuous_outcome
geometry,lfw,edgeface-a348c305af33c223b337,pca,pca_128,left_eye_attention,reconstruction_mse,9055,1674,,,,0.016737160305176347,0.95,-0.00900481717520031,0.0437083531460447,500,weighted_rerank,identity-cluster-weighted-rerank-v1,,continuous_outcome
geometry,lfw,edgeface-a348c305af33c223b337,pca,pca_128,left_eye_attention,cosine_to_origin,9055,1674,,,,-0.010260512830108471,0.95,-0.030047255524903966,0.009296720894506668,500,weighted_rerank,identity-cluster-weighted-rerank-v1,,continuous_outcome
geometry,lfw,edgeface-a348c305af33c223b337,pca,pca_128,right_eye_attention,angular_error_rad,9055,1674,,,,0.0010866297304064395,0.95,-0.01647424595621925,0.018497449008853938,500,weighted_rerank,identity-cluster-weighted-rerank-v1,,continuous_outcome
geometry,lfw,edgeface-a348c305af33c223b337,pca,pca_128,right_eye_attention,reconstruction_mse,9055,1674,,,,-0.0090987104953069,0.95,-0.03808713510664554,0.018585592084300724,500,weighted_rerank,identity-cluster-weighted-rerank-v1,,continuous_outcome
geometry,lfw,edgeface-a348c305af33c223b337,pca,pca_128,right_eye_attention,cosine_to_origin,9055,1674,,,,-0.0010866297304064395,0.95,-0.018497449008853938,0.016474245956219245,500,weighted_rerank,identity-cluster-weighted-rerank-v1,,continuous_outcome
geometry,lfw,edgeface-a348c305af33c223b337,pca,pca_128,nose_attention,angular_error_rad,9055,1674,,,,0.01179384238706459,0.95,-0.010505133617375359,0.030370096565475794,500,weighted_rerank,identity-cluster-weighted-rerank-v1,,continuous_outcome
geometry,lfw,edgeface-a348c305af33c223b337,pca,pca_128,nose_attention,reconstruction_mse,9055,1674,,,,0.012233716246777654,0.95,-0.019876980266382075,0.044171761792560896,500,weighted_rerank,identity-cluster-weighted-rerank-v1,,continuous_outcome
geometry,lfw,edgeface-a348c305af33c223b337,pca,pca_128,nose_attention,cosine_to_origin,9055,1674,,,,-0.01179384238706459,0.95,-0.030370096565475794,0.010505133617375354,500,weighted_rerank,identity-cluster-weighted-rerank-v1,,continuous_outcome
geometry,lfw,edgeface-a348c305af33c223b337,pca,pca_128,mouth_attention,angular_error_rad,9055,1674,,,,0.01749247139727103,0.95,-0.004897223090039353,0.039607841758259585,500,weighted_rerank,identity-cluster-weighted-rerank-v1,,continuous_outcome
geometry,lfw,edgeface-a348c305af33c223b337,pca,pca_128,mouth_attention,reconstruction_mse,9055,1674,,,,-0.04177783134331222,0.95,-0.08892838727444938,0.00035707484083448914,500,weighted_rerank,identity-cluster-weighted-rerank-v1,,continuous_outcome
geometry,lfw,edgeface-a348c305af33c223b337,pca,pca_128,mouth_attention,cosine_to_origin,9055,1674,,,,-0.01749247139727103,0.95,-0.039607841758259585,0.00489722309003935,500,weighted_rerank,identity-cluster-weighted-rerank-v1,,continuous_outcome
geometry,lfw,edgeface-a348c305af33c223b337,pca,pca_128,left_cheek_attention,angular_error_rad,9055,1674,,,,0.012692136164579364,0.95,-0.009844402884741005,0.03285424060795779,500,weighted_rerank,identity-cluster-weighted-rerank-v1,,continuous_outcome
geometry,lfw,edgeface-a348c305af33c223b337,pca,pca_128,left_cheek_attention,reconstruction_mse,9055,1674,,,,-0.02321283387866679,0.95,-0.04939206322003018,0.005863089620061511,500,weighted_rerank,identity-cluster-weighted-rerank-v1,,continuous_outcome
geometry,lfw,edgeface-a348c305af33c223b337,pca,pca_128,left_cheek_attention,cosine_to_origin,9055,1674,,,,-0.012692136164579364,0.95,-0.0328542406079578,0.009844402884740994,500,weighted_rerank,identity-cluster-weighted-rerank-v1,,continuous_outcome
geometry,lfw,edgeface-a348c305af33c223b337,pca,pca_128,right_cheek_attention,angular_error_rad,9054,1674,,,,0.009416454980768135,0.95,-0.010836737810782123,0.030576421772420977,500,weighted_rerank,identity-cluster-weighted-rerank-v1,,continuous_outcome
geometry,lfw,edgeface-a348c305af33c223b337,pca,pca_128,right_cheek_attention,reconstruction_mse,9054,1674,,,,-0.030075143788252105,0.95,-0.060900297156868254,0.0002930026941654631,500,weighted_rerank,identity-cluster-weighted-rerank-v1,,continuous_outcome
geometry,lfw,edgeface-a348c305af33c223b337,pca,pca_128,right_cheek_attention,cosine_to_origin,9054,1674,,,,-0.009416454980768135,0.95,-0.030576421772420977,0.01083673781078212,500,weighted_rerank,identity-cluster-weighted-rerank-v1,,continuous_outcome
geometry,lfw,edgeface-a348c305af33c223b337,pca,pca_128,jaw_attention,angular_error_rad,9055,1674,,,,0.021094309023987488,0.95,0.0015559936845469583,0.04101836599361175,500,weighted_rerank,identity-cluster-weighted-rerank-v1,,continuous_outcome
geometry,lfw,edgeface-a348c305af33c223b337,pca,pca_128,jaw_attention,reconstruction_mse,9055,1674,,,,-0.02109382304391197,0.95,-0.05148873067738555,0.005024121876456459,500,weighted_rerank,identity-cluster-weighted-rerank-v1,,continuous_outcome
geometry,lfw,edgeface-a348c305af33c223b337,pca,pca_128,jaw_attention,cosine_to_origin,9055,1674,,,,-0.021094309023987488,0.95,-0.041018365993611756,-0.001555993684546959,500,weighted_rerank,identity-cluster-weighted-rerank-v1,,continuous_outcome
geometry,lfw,edgeface-a348c305af33c223b337,pca,pca_128,face_attention,angular_error_rad,9055,1674,,,,0.018900689965856466,0.95,-0.0016562222021281477,0.04122365214986434,500,weighted_rerank,identity-cluster-weighted-rerank-v1,,continuous_outcome
geometry,lfw,edgeface-a348c305af33c223b337,pca,pca_128,face_attention,reconstruction_mse,9055,1674,,,,-0.050493197125686666,0.95,-0.09228938062455283,-0.016984585473414738,500,weighted_rerank,identity-cluster-weighted-rerank-v1,,continuous_outcome
geometry,lfw,edgeface-a348c305af33c223b337,pca,pca_128,face_attention,cosine_to_origin,9055,1674,,,,-0.018900689965856466,0.95,-0.04122365214986435,0.0016562222021281473,500,weighted_rerank,identity-cluster-weighted-rerank-v1,,continuous_outcome
geometry,lfw,edgeface-a348c305af33c223b337,pca,pca_128,outside_face_attention,angular_error_rad,9055,1674,,,,-0.018900689965856466,0.95,-0.04122365214986435,0.0016562222021281473,500,weighted_rerank,identity-cluster-weighted-rerank-v1,,continuous_outcome
geometry,lfw,edgeface-a348c305af33c223b337,pca,pca_128,outside_face_attention,reconstruction_mse,9055,1674,,,,0.050493197125686666,0.95,0.01698458547341473,0.09228938062455283,500,weighted_rerank,identity-cluster-weighted-rerank-v1,,continuous_outcome
geometry,lfw,edgeface-a348c305af33c223b337,pca,pca_128,outside_face_attention,cosine_to_origin,9055,1674,,,,0.018900689965856466,0.95,-0.0016562222021281477,0.04122365214986434,500,weighted_rerank,identity-cluster-weighted-rerank-v1,,continuous_outcome
geometry,lfw,edgeface-a348c305af33c223b337,pca,pca_128,saliency_entropy,angular_error_rad,9055,1674,,,,0.006030457973023042,0.95,-0.014396007421205302,0.025517873497755153,500,weighted_rerank,identity-cluster-weighted-rerank-v1,,continuous_outcome
geometry,lfw,edgeface-a348c305af33c223b337,pca,pca_128,saliency_entropy,reconstruction_mse,9055,1674,,,,0.007292162853489539,0.95,-0.03034797547563671,0.04301297182945802,500,weighted_rerank,identity-cluster-weighted-rerank-v1,,continuous_outcome
geometry,lfw,edgeface-a348c305af33c223b337,pca,pca_128,saliency_entropy,cosine_to_origin,9055,1674,,,,-0.006030457973023042,0.95,-0.025517873497755153,0.014396007421205302,500,weighted_rerank,identity-cluster-weighted-rerank-v1,,continuous_outcome
geometry,lfw,edgeface-a348c305af33c223b337,pca,pca_128,maximum_region_concentration,angular_error_rad,9055,1674,,,,-0.01324713882231462,0.95,-0.037033172572318564,0.005592788558330316,500,weighted_rerank,identity-cluster-weighted-rerank-v1,,continuous_outcome
geometry,lfw,edgeface-a348c305af33c223b337,pca,pca_128,maximum_region_concentration,reconstruction_mse,9055,1674,,,,0.006897259284360162,0.95,-0.02070217075800945,0.03135333702467783,500,weighted_rerank,identity-cluster-weighted-rerank-v1,,continuous_outcome
geometry,lfw,edgeface-a348c305af33c223b337,pca,pca_128,maximum_region_concentration,cosine_to_origin,9055,1674,,,,0.01324713882231462,0.95,-0.0055927885583303165,0.03703317257231856,500,weighted_rerank,identity-cluster-weighted-rerank-v1,,continuous_outcome
geometry,lfw,edgeface-a348c305af33c223b337,pca,pca_128,left_right_asymmetry,angular_error_rad,9055,1674,,,,-0.006964437095879414,0.95,-0.029878841409180863,0.011254507233265605,500,weighted_rerank,identity-cluster-weighted-rerank-v1,,continuous_outcome
geometry,lfw,edgeface-a348c305af33c223b337,pca,pca_128,left_right_asymmetry,reconstruction_mse,9055,1674,,,,-0.00915714195185793,0.95,-0.040915353524204855,0.026320263547641515,500,weighted_rerank,identity-cluster-weighted-rerank-v1,,continuous_outcome
geometry,lfw,edgeface-a348c305af33c223b337,pca,pca_128,left_right_asymmetry,cosine_to_origin,9055,1674,,,,0.006964437095879414,0.95,-0.011254507233265607,0.029878841409180863,500,weighted_rerank,identity-cluster-weighted-rerank-v1,,continuous_outcome
geometry,lfw,edgeface-a348c305af33c223b337,pca,pca_128,saliency_center_x,angular_error_rad,9055,1674,,,,-0.00212648807582621,0.95,-0.021942879639614297,0.017419991952171837,500,weighted_rerank,identity-cluster-weighted-rerank-v1,,continuous_outcome
geometry,lfw,edgeface-a348c305af33c223b337,pca,pca_128,saliency_center_x,reconstruction_mse,9055,1674,,,,-0.0053529317592768575,0.95,-0.02590863972917472,0.018905318220371305,500,weighted_rerank,identity-cluster-weighted-rerank-v1,,continuous_outcome
geometry,lfw,edgeface-a348c305af33c223b337,pca,pca_128,saliency_center_x,cosine_to_origin,9055,1674,,,,0.00212648807582621,0.95,-0.01741999195217184,0.021942879639614294,500,weighted_rerank,identity-cluster-weighted-rerank-v1,,continuous_outcome
geometry,lfw,edgeface-a348c305af33c223b337,pca,pca_128,saliency_center_y,angular_error_rad,9055,1674,,,,0.03171520183185548,0.95,0.011030627236492395,0.051371119626162025,500,weighted_rerank,identity-cluster-weighted-rerank-v1,,continuous_outcome
geometry,lfw,edgeface-a348c305af33c223b337,pca,pca_128,saliency_center_y,reconstruction_mse,9055,1674,,,,-0.019580602353542986,0.95,-0.05420444398741879,0.015717688240764832,500,weighted_rerank,identity-cluster-weighted-rerank-v1,,continuous_outcome
geometry,lfw,edgeface-a348c305af33c223b337,pca,pca_128,saliency_center_y,cosine_to_origin,9055,1674,,,,-0.03171520183185548,0.95,-0.05137111962616203,-0.011030627236492395,500,weighted_rerank,identity-cluster-weighted-rerank-v1,,continuous_outcome
geometry,lfw,edgeface-a348c305af33c223b337,pca,pca_128,saliency_spread,angular_error_rad,9055,1674,,,,-0.01004857774464749,0.95,-0.031335839126402316,0.010767867278834784,500,weighted_rerank,identity-cluster-weighted-rerank-v1,,continuous_outcome
geometry,lfw,edgeface-a348c305af33c223b337,pca,pca_128,saliency_spread,reconstruction_mse,9055,1674,,,,0.029281777171329546,0.95,0.003834975262441303,0.05399980994899938,500,weighted_rerank,identity-cluster-weighted-rerank-v1,,continuous_outcome
geometry,lfw,edgeface-a348c305af33c223b337,pca,pca_128,saliency_spread,cosine_to_origin,9055,1674,,,,0.01004857774464749,0.95,-0.010767867278834789,0.031335839126402316,500,weighted_rerank,identity-cluster-weighted-rerank-v1,,continuous_outcome
geometry,lfw,edgeface-a348c305af33c223b337,pca,pca_256,quadrant_top_left,angular_error_rad,9055,1674,,,,-0.0036648815226491206,0.95,-0.02480286041431648,0.01625008235922884,500,weighted_rerank,identity-cluster-weighted-rerank-v1,,continuous_outcome
geometry,lfw,edgeface-a348c305af33c223b337,pca,pca_256,quadrant_top_left,reconstruction_mse,9055,1674,,,,0.020576888248312507,0.95,-0.007244110874919119,0.04707184317967164,500,weighted_rerank,identity-cluster-weighted-rerank-v1,,continuous_outcome
geometry,lfw,edgeface-a348c305af33c223b337,pca,pca_256,quadrant_top_left,cosine_to_origin,9055,1674,,,,0.0036648815226491206,0.95,-0.016250082359228844,0.024802860414316466,500,weighted_rerank,identity-cluster-weighted-rerank-v1,,continuous_outcome
geometry,lfw,edgeface-a348c305af33c223b337,pca,pca_256,quadrant_top_right,angular_error_rad,9055,1674,,,,-0.00741231621642664,0.95,-0.02523716706810374,0.014703385387696884,500,weighted_rerank,identity-cluster-weighted-rerank-v1,,continuous_outcome
geometry,lfw,edgeface-a348c305af33c223b337,pca,pca_256,quadrant_top_right,reconstruction_mse,9055,1674,,,,0.010406631392502239,0.95,-0.019223139273785616,0.03822893914140154,500,weighted_rerank,identity-cluster-weighted-rerank-v1,,continuous_outcome
geometry,lfw,edgeface-a348c305af33c223b337,pca,pca_256,quadrant_top_right,cosine_to_origin,9055,1674,,,,0.00741231621642664,0.95,-0.014703385387696888,0.02523716706810374,500,weighted_rerank,identity-cluster-weighted-rerank-v1,,continuous_outcome
geometry,lfw,edgeface-a348c305af33c223b337,pca,pca_256,quadrant_bottom_left,angular_error_rad,9055,1674,,,,0.009983726484640187,0.95,-0.010887514993455033,0.029518523492683215,500,weighted_rerank,identity-cluster-weighted-rerank-v1,,continuous_outcome
geometry,lfw,edgeface-a348c305af33c223b337,pca,pca_256,quadrant_bottom_left,reconstruction_mse,9055,1674,,,,-0.02736104796721154,0.95,-0.06754381670925777,0.004746998456251343,500,weighted_rerank,identity-cluster-weighted-rerank-v1,,continuous_outcome
geometry,lfw,edgeface-a348c305af33c223b337,pca,pca_256,quadrant_bottom_left,cosine_to_origin,9055,1674,,,,-0.009983726484640187,0.95,-0.029518523492683215,0.010887514993455015,500,weighted_rerank,identity-cluster-weighted-rerank-v1,,continuous_outcome
geometry,lfw,edgeface-a348c305af33c223b337,pca,pca_256,quadrant_bottom_right,angular_error_rad,9055,1674,,,,-0.0038148072875247374,0.95,-0.025577076068980957,0.018453318344245056,500,weighted_rerank,identity-cluster-weighted-rerank-v1,,continuous_outcome
geometry,lfw,edgeface-a348c305af33c223b337,pca,pca_256,quadrant_bottom_right,reconstruction_mse,9055,1674,,,,-0.0017645569944369983,0.95,-0.028463270871047566,0.026260784064790762,500,weighted_rerank,identity-cluster-weighted-rerank-v1,,continuous_outcome
geometry,lfw,edgeface-a348c305af33c223b337,pca,pca_256,quadrant_bottom_right,cosine_to_origin,9055,1674,,,,0.0038148072875247374,0.95,-0.018453318344245063,0.025577076068980947,500,weighted_rerank,identity-cluster-weighted-rerank-v1,,continuous_outcome
geometry,lfw,edgeface-a348c305af33c223b337,pca,pca_256,left_eye_attention,angular_error_rad,9055,1674,,,,0.015026683195752035,0.95,-0.006517803790094241,0.036388036292613786,500,weighted_rerank,identity-cluster-weighted-rerank-v1,,continuous_outcome
geometry,lfw,edgeface-a348c305af33c223b337,pca,pca_256,left_eye_attention,reconstruction_mse,9055,1674,,,,0.015658909905361635,0.95,-0.012242485230033866,0.041873590240184166,500,weighted_rerank,identity-cluster-weighted-rerank-v1,,continuous_outcome
geometry,lfw,edgeface-a348c305af33c223b337,pca,pca_256,left_eye_attention,cosine_to_origin,9055,1674,,,,-0.015026683195752035,0.95,-0.03638803629261379,0.006517803790094237,500,weighted_rerank,identity-cluster-weighted-rerank-v1,,continuous_outcome
geometry,lfw,edgeface-a348c305af33c223b337,pca,pca_256,right_eye_attention,angular_error_rad,9055,1674,,,,0.020662798118092893,0.95,6.757805917632983e-05,0.0394571850332369,500,weighted_rerank,identity-cluster-weighted-rerank-v1,,continuous_outcome
geometry,lfw,edgeface-a348c305af33c223b337,pca,pca_256,right_eye_attention,reconstruction_mse,9055,1674,,,,-0.011544507760339492,0.95,-0.040587785155025695,0.01486510219426402,500,weighted_rerank,identity-cluster-weighted-rerank-v1,,continuous_outcome
geometry,lfw,edgeface-a348c305af33c223b337,pca,pca_256,right_eye_attention,cosine_to_origin,9055,1674,,,,-0.020662798118092893,0.95,-0.039457185033236905,-6.757805917633123e-05,500,weighted_rerank,identity-cluster-weighted-rerank-v1,,continuous_outcome
geometry,lfw,edgeface-a348c305af33c223b337,pca,pca_256,nose_attention,angular_error_rad,9055,1674,,,,0.019561076225196015,0.95,-0.0005025789228826844,0.04072808128452513,500,weighted_rerank,identity-cluster-weighted-rerank-v1,,continuous_outcome
geometry,lfw,edgeface-a348c305af33c223b337,pca,pca_256,nose_attention,reconstruction_mse,9055,1674,,,,0.008260270685839458,0.95,-0.02832468005584656,0.03832451747066863,500,weighted_rerank,identity-cluster-weighted-rerank-v1,,continuous_outcome
geometry,lfw,edgeface-a348c305af33c223b337,pca,pca_256,nose_attention,cosine_to_origin,9055,1674,,,,-0.019561076225196015,0.95,-0.04072808128452514,0.0005025789228826777,500,weighted_rerank,identity-cluster-weighted-rerank-v1,,continuous_outcome
geometry,lfw,edgeface-a348c305af33c223b337,pca,pca_256,mouth_attention,angular_error_rad,9055,1674,,,,0.0004632018129438158,0.95,-0.020131029468694963,0.019299366023422058,500,weighted_rerank,identity-cluster-weighted-rerank-v1,,continuous_outcome
geometry,lfw,edgeface-a348c305af33c223b337,pca,pca_256,mouth_attention,reconstruction_mse,9055,1674,,,,-0.044838840178217744,0.95,-0.09618450361001543,-0.004693037045221184,500,weighted_rerank,identity-cluster-weighted-rerank-v1,,continuous_outcome
geometry,lfw,edgeface-a348c305af33c223b337,pca,pca_256,mouth_attention,cosine_to_origin,9055,1674,,,,-0.0004632018129438158,0.95,-0.019299366023422058,0.020131029468694963,500,weighted_rerank,identity-cluster-weighted-rerank-v1,,continuous_outcome
geometry,lfw,edgeface-a348c305af33c223b337,pca,pca_256,left_cheek_attention,angular_error_rad,9055,1674,,,,0.008112807197558419,0.95,-0.012410390402698186,0.028916119649410453,500,weighted_rerank,identity-cluster-weighted-rerank-v1,,continuous_outcome
geometry,lfw,edgeface-a348c305af33c223b337,pca,pca_256,left_cheek_attention,reconstruction_mse,9055,1674,,,,-0.027285607346149952,0.95,-0.05668107173564889,0.001083247635278348,500,weighted_rerank,identity-cluster-weighted-rerank-v1,,continuous_outcome
geometry,lfw,edgeface-a348c305af33c223b337,pca,pca_256,left_cheek_attention,cosine_to_origin,9055,1674,,,,-0.008112807197558419,0.95,-0.028916119649410457,0.012410390402698182,500,weighted_rerank,identity-cluster-weighted-rerank-v1,,continuous_outcome
geometry,lfw,edgeface-a348c305af33c223b337,pca,pca_256,right_cheek_attention,angular_error_rad,9054,1674,,,,0.0041995338382956994,0.95,-0.01388170503363085,0.02219573909803393,500,weighted_rerank,identity-cluster-weighted-rerank-v1,,continuous_outcome
geometry,lfw,edgeface-a348c305af33c223b337,pca,pca_256,right_cheek_attention,reconstruction_mse,9054,1674,,,,-0.03486610241500994,0.95,-0.06273191751359627,-0.004148440516358812,500,weighted_rerank,identity-cluster-weighted-rerank-v1,,continuous_outcome
geometry,lfw,edgeface-a348c305af33c223b337,pca,pca_256,right_cheek_attention,cosine_to_origin,9054,1674,,,,-0.0041995338382956994,0.95,-0.02219573909803393,0.013881705033630839,500,weighted_rerank,identity-cluster-weighted-rerank-v1,,continuous_outcome
geometry,lfw,edgeface-a348c305af33c223b337,pca,pca_256,jaw_attention,angular_error_rad,9055,1674,,,,0.027290785059063027,0.95,0.008369425730432934,0.04980842618874171,500,weighted_rerank,identity-cluster-weighted-rerank-v1,,continuous_outcome
geometry,lfw,edgeface-a348c305af33c223b337,pca,pca_256,jaw_attention,reconstruction_mse,9055,1674,,,,-0.020907444525693156,0.95,-0.05254489715105273,0.006971642393638934,500,weighted_rerank,identity-cluster-weighted-rerank-v1,,continuous_outcome
geometry,lfw,edgeface-a348c305af33c223b337,pca,pca_256,jaw_attention,cosine_to_origin,9055,1674,,,,-0.027290785059063027,0.95,-0.04980842618874172,-0.008369425730432934,500,weighted_rerank,identity-cluster-weighted-rerank-v1,,continuous_outcome
geometry,lfw,edgeface-a348c305af33c223b337,pca,pca_256,face_attention,angular_error_rad,9055,1674,,,,0.022527752661892986,0.95,0.005126380538929107,0.04297017732609303,500,weighted_rerank,identity-cluster-weighted-rerank-v1,,continuous_outcome
geometry,lfw,edgeface-a348c305af33c223b337,pca,pca_256,face_attention,reconstruction_mse,9055,1674,,,,-0.05591701098421682,0.95,-0.09345828030200574,-0.017981194458471746,500,weighted_rerank,identity-cluster-weighted-rerank-v1,,continuous_outcome
geometry,lfw,edgeface-a348c305af33c223b337,pca,pca_256,face_attention,cosine_to_origin,9055,1674,,,,-0.022527752661892986,0.95,-0.04297017732609304,-0.005126380538929108,500,weighted_rerank,identity-cluster-weighted-rerank-v1,,continuous_outcome
geometry,lfw,edgeface-a348c305af33c223b337,pca,pca_256,outside_face_attention,angular_error_rad,9055,1674,,,,-0.022527752661892986,0.95,-0.04297017732609304,-0.005126380538929108,500,weighted_rerank,identity-cluster-weighted-rerank-v1,,continuous_outcome
geometry,lfw,edgeface-a348c305af33c223b337,pca,pca_256,outside_face_attention,reconstruction_mse,9055,1674,,,,0.05591701098421682,0.95,0.01798119445847173,0.09345828030200574,500,weighted_rerank,identity-cluster-weighted-rerank-v1,,continuous_outcome
geometry,lfw,edgeface-a348c305af33c223b337,pca,pca_256,outside_face_attention,cosine_to_origin,9055,1674,,,,0.022527752661892986,0.95,0.005126380538929107,0.04297017732609303,500,weighted_rerank,identity-cluster-weighted-rerank-v1,,continuous_outcome
geometry,lfw,edgeface-a348c305af33c223b337,pca,pca_256,saliency_entropy,angular_error_rad,9055,1674,,,,0.004275778659538237,0.95,-0.015501831764170006,0.02402572581194826,500,weighted_rerank,identity-cluster-weighted-rerank-v1,,continuous_outcome
geometry,lfw,edgeface-a348c305af33c223b337,pca,pca_256,saliency_entropy,reconstruction_mse,9055,1674,,,,0.005419648117543806,0.95,-0.033334878707657556,0.03815322581845225,500,weighted_rerank,identity-cluster-weighted-rerank-v1,,continuous_outcome
geometry,lfw,edgeface-a348c305af33c223b337,pca,pca_256,saliency_entropy,cosine_to_origin,9055,1674,,,,-0.004275778659538237,0.95,-0.024025725811948263,0.015501831764170004,500,weighted_rerank,identity-cluster-weighted-rerank-v1,,continuous_outcome
geometry,lfw,edgeface-a348c305af33c223b337,pca,pca_256,maximum_region_concentration,angular_error_rad,9055,1674,,,,-0.007976061134833158,0.95,-0.030313048049215356,0.013501981520777355,500,weighted_rerank,identity-cluster-weighted-rerank-v1,,continuous_outcome
geometry,lfw,edgeface-a348c305af33c223b337,pca,pca_256,maximum_region_concentration,reconstruction_mse,9055,1674,,,,0.009963098867079133,0.95,-0.017025157707373638,0.03713981401695974,500,weighted_rerank,identity-cluster-weighted-rerank-v1,,continuous_outcome
geometry,lfw,edgeface-a348c305af33c223b337,pca,pca_256,maximum_region_concentration,cosine_to_origin,9055,1674,,,,0.007976061134833158,0.95,-0.013501981520777358,0.030313048049215342,500,weighted_rerank,identity-cluster-weighted-rerank-v1,,continuous_outcome
geometry,lfw,edgeface-a348c305af33c223b337,pca,pca_256,left_right_asymmetry,angular_error_rad,9055,1674,,,,0.006523625348486723,0.95,-0.017704648114868958,0.03001549665109869,500,weighted_rerank,identity-cluster-weighted-rerank-v1,,continuous_outcome
geometry,lfw,edgeface-a348c305af33c223b337,pca,pca_256,left_right_asymmetry,reconstruction_mse,9055,1674,,,,-0.008280520933425307,0.95,-0.04089823620201662,0.026941047310616837,500,weighted_rerank,identity-cluster-weighted-rerank-v1,,continuous_outcome
geometry,lfw,edgeface-a348c305af33c223b337,pca,pca_256,left_right_asymmetry,cosine_to_origin,9055,1674,,,,-0.006523625348486723,0.95,-0.030015496651098695,0.017704648114868958,500,weighted_rerank,identity-cluster-weighted-rerank-v1,,continuous_outcome
geometry,lfw,edgeface-a348c305af33c223b337,pca,pca_256,saliency_center_x,angular_error_rad,9055,1674,,,,-0.004919000885355647,0.95,-0.024443670740929718,0.015152667077532099,500,weighted_rerank,identity-cluster-weighted-rerank-v1,,continuous_outcome
geometry,lfw,edgeface-a348c305af33c223b337,pca,pca_256,saliency_center_x,reconstruction_mse,9055,1674,,,,-0.007122571503790558,0.95,-0.026067797210083076,0.016704630226165102,500,weighted_rerank,identity-cluster-weighted-rerank-v1,,continuous_outcome
geometry,lfw,edgeface-a348c305af33c223b337,pca,pca_256,saliency_center_x,cosine_to_origin,9055,1674,,,,0.004919000885355647,0.95,-0.0151526670775321,0.024443670740929714,500,weighted_rerank,identity-cluster-weighted-rerank-v1,,continuous_outcome
geometry,lfw,edgeface-a348c305af33c223b337,pca,pca_256,saliency_center_y,angular_error_rad,9055,1674,,,,0.012871685829221671,0.95,-0.007379608061911488,0.031846937016620794,500,weighted_rerank,identity-cluster-weighted-rerank-v1,,continuous_outcome
geometry,lfw,edgeface-a348c305af33c223b337,pca,pca_256,saliency_center_y,reconstruction_mse,9055,1674,,,,-0.023659789049098205,0.95,-0.05877824246849341,0.010886091659825046,500,weighted_rerank,identity-cluster-weighted-rerank-v1,,continuous_outcome
geometry,lfw,edgeface-a348c305af33c223b337,pca,pca_256,saliency_center_y,cosine_to_origin,9055,1674,,,,-0.012871685829221671,0.95,-0.0318469370166208,0.007379608061911484,500,weighted_rerank,identity-cluster-weighted-rerank-v1,,continuous_outcome
geometry,lfw,edgeface-a348c305af33c223b337,pca,pca_256,saliency_spread,angular_error_rad,9055,1674,,,,-0.02290294752244984,0.95,-0.04471125601622434,-0.001433745864224976,500,weighted_rerank,identity-cluster-weighted-rerank-v1,,continuous_outcome
geometry,lfw,edgeface-a348c305af33c223b337,pca,pca_256,saliency_spread,reconstruction_mse,9055,1674,,,,0.03079623560601981,0.95,0.006469068022353303,0.056675458557021656,500,weighted_rerank,identity-cluster-weighted-rerank-v1,,continuous_outcome
geometry,lfw,edgeface-a348c305af33c223b337,pca,pca_256,saliency_spread,cosine_to_origin,9055,1674,,,,0.02290294752244984,0.95,0.0014337458642249715,0.04471125601622433,500,weighted_rerank,identity-cluster-weighted-rerank-v1,,continuous_outcome
geometry,lfw,edgeface-a348c305af33c223b337,pca,pca_32,quadrant_top_left,angular_error_rad,9055,1674,,,,0.02416336797072466,0.95,-0.012469274146968107,0.060390956790852504,500,weighted_rerank,identity-cluster-weighted-rerank-v1,,continuous_outcome
geometry,lfw,edgeface-a348c305af33c223b337,pca,pca_32,quadrant_top_left,reconstruction_mse,9055,1674,,,,0.024159675975525877,0.95,-0.012460819238801399,0.06039510809535393,500,weighted_rerank,identity-cluster-weighted-rerank-v1,,continuous_outcome
geometry,lfw,edgeface-a348c305af33c223b337,pca,pca_32,quadrant_top_left,cosine_to_origin,9055,1674,,,,-0.02416336797072466,0.95,-0.06039095679085251,0.012469274146968093,500,weighted_rerank,identity-cluster-weighted-rerank-v1,,continuous_outcome
geometry,lfw,edgeface-a348c305af33c223b337,pca,pca_32,quadrant_top_right,angular_error_rad,9055,1674,,,,-0.0018093932941707367,0.95,-0.0467092232463107,0.03874215945531584,500,weighted_rerank,identity-cluster-weighted-rerank-v1,,continuous_outcome
geometry,lfw,edgeface-a348c305af33c223b337,pca,pca_32,quadrant_top_right,reconstruction_mse,9055,1674,,,,-0.0017801731248556034,0.95,-0.046668514696872866,0.03875046766323468,500,weighted_rerank,identity-cluster-weighted-rerank-v1,,continuous_outcome
geometry,lfw,edgeface-a348c305af33c223b337,pca,pca_32,quadrant_top_right,cosine_to_origin,9055,1674,,,,0.0018093932941707367,0.95,-0.03874215945531589,0.046709223246310695,500,weighted_rerank,identity-cluster-weighted-rerank-v1,,continuous_outcome
geometry,lfw,edgeface-a348c305af33c223b337,pca,pca_32,quadrant_bottom_left,angular_error_rad,9055,1674,,,,-0.015762067111651408,0.95,-0.06818078427976416,0.03980165122823194,500,weighted_rerank,identity-cluster-weighted-rerank-v1,,continuous_outcome
geometry,lfw,edgeface-a348c305af33c223b337,pca,pca_32,quadrant_bottom_left,reconstruction_mse,9055,1674,,,,-0.015783319625115377,0.95,-0.06818150013730204,0.0397714171642271,500,weighted_rerank,identity-cluster-weighted-rerank-v1,,continuous_outcome
geometry,lfw,edgeface-a348c305af33c223b337,pca,pca_32,quadrant_bottom_left,cosine_to_origin,9055,1674,,,,0.015762067111651408,0.95,-0.03980165122823195,0.06818078427976416,500,weighted_rerank,identity-cluster-weighted-rerank-v1,,continuous_outcome
geometry,lfw,edgeface-a348c305af33c223b337,pca,pca_32,quadrant_bottom_right,angular_error_rad,9055,1674,,,,-0.02682149454764285,0.95,-0.053546769871170914,-0.001205058293897753,500,weighted_rerank,identity-cluster-weighted-rerank-v1,,continuous_outcome
geometry,lfw,edgeface-a348c305af33c223b337,pca,pca_32,quadrant_bottom_right,reconstruction_mse,9055,1674,,,,-0.026833226068411768,0.95,-0.05356723541281212,-0.0012216437610042404,500,weighted_rerank,identity-cluster-weighted-rerank-v1,,continuous_outcome
geometry,lfw,edgeface-a348c305af33c223b337,pca,pca_32,quadrant_bottom_right,cosine_to_origin,9055,1674,,,,0.02682149454764285,0.95,0.0012050582938977522,0.05354676987117091,500,weighted_rerank,identity-cluster-weighted-rerank-v1,,continuous_outcome
geometry,lfw,edgeface-a348c305af33c223b337,pca,pca_32,left_eye_attention,angular_error_rad,9055,1674,,,,0.01731647564087594,0.95,-0.015797534375926143,0.047692033664573835,500,weighted_rerank,identity-cluster-weighted-rerank-v1,,continuous_outcome
geometry,lfw,edgeface-a348c305af33c223b337,pca,pca_32,left_eye_attention,reconstruction_mse,9055,1674,,,,0.01727450915238972,0.95,-0.015834461930822094,0.04765935804765228,500,weighted_rerank,identity-cluster-weighted-rerank-v1,,continuous_outcome
geometry,lfw,edgeface-a348c305af33c223b337,pca,pca_32,left_eye_attention,cosine_to_origin,9055,1674,,,,-0.01731647564087594,0.95,-0.04769203366457384,0.01579753437592614,500,weighted_rerank,identity-cluster-weighted-rerank-v1,,continuous_outcome
geometry,lfw,edgeface-a348c305af33c223b337,pca,pca_32,right_eye_attention,angular_error_rad,9055,1674,,,,-0.018194456018761497,0.95,-0.05334114593067568,0.016123813676833947,500,weighted_rerank,identity-cluster-weighted-rerank-v1,,continuous_outcome
geometry,lfw,edgeface-a348c305af33c223b337,pca,pca_32,right_eye_attention,reconstruction_mse,9055,1674,,,,-0.018215142187011677,0.95,-0.053347816326072044,0.01610618530605883,500,weighted_rerank,identity-cluster-weighted-rerank-v1,,continuous_outcome
geometry,lfw,edgeface-a348c305af33c223b337,pca,pca_32,right_eye_attention,cosine_to_origin,9055,1674,,,,0.018194456018761497,0.95,-0.016123813676833954,0.053341145930675675,500,weighted_rerank,identity-cluster-weighted-rerank-v1,,continuous_outcome
geometry,lfw,edgeface-a348c305af33c223b337,pca,pca_32,nose_attention,angular_error_rad,9055,1674,,,,0.028083708936356044,0.95,-0.014727818342097864,0.07525207791673037,500,weighted_rerank,identity-cluster-weighted-rerank-v1,,continuous_outcome
geometry,lfw,edgeface-a348c305af33c223b337,pca,pca_32,nose_attention,reconstruction_mse,9055,1674,,,,0.02806047083069088,0.95,-0.014765261517617487,0.07518536499180457,500,weighted_rerank,identity-cluster-weighted-rerank-v1,,continuous_outcome
geometry,lfw,edgeface-a348c305af33c223b337,pca,pca_32,nose_attention,cosine_to_origin,9055,1674,,,,-0.028083708936356044,0.95,-0.07525207791673039,0.014727818342097862,500,weighted_rerank,identity-cluster-weighted-rerank-v1,,continuous_outcome
geometry,lfw,edgeface-a348c305af33c223b337,pca,pca_32,mouth_attention,angular_error_rad,9055,1674,,,,-0.03143526733720975,0.95,-0.0999397492189143,0.02062992540286589,500,weighted_rerank,identity-cluster-weighted-rerank-v1,,continuous_outcome
geometry,lfw,edgeface-a348c305af33c223b337,pca,pca_32,mouth_attention,reconstruction_mse,9055,1674,,,,-0.03143222777764217,0.95,-0.09992715767381288,0.020636854159194907,500,weighted_rerank,identity-cluster-weighted-rerank-v1,,continuous_outcome
geometry,lfw,edgeface-a348c305af33c223b337,pca,pca_32,mouth_attention,cosine_to_origin,9055,1674,,,,0.03143526733720975,0.95,-0.020629925402865894,0.09993974921891428,500,weighted_rerank,identity-cluster-weighted-rerank-v1,,continuous_outcome
geometry,lfw,edgeface-a348c305af33c223b337,pca,pca_32,left_cheek_attention,angular_error_rad,9055,1674,,,,-0.035129138580345366,0.95,-0.07337077759778085,0.004554157889755923,500,weighted_rerank,identity-cluster-weighted-rerank-v1,,continuous_outcome
geometry,lfw,edgeface-a348c305af33c223b337,pca,pca_32,left_cheek_attention,reconstruction_mse,9055,1674,,,,-0.03516670959337777,0.95,-0.07341278420514634,0.004456521676642274,500,weighted_rerank,identity-cluster-weighted-rerank-v1,,continuous_outcome
geometry,lfw,edgeface-a348c305af33c223b337,pca,pca_32,left_cheek_attention,cosine_to_origin,9055,1674,,,,0.035129138580345366,0.95,-0.004554157889755923,0.07337077759778084,500,weighted_rerank,identity-cluster-weighted-rerank-v1,,continuous_outcome
geometry,lfw,edgeface-a348c305af33c223b337,pca,pca_32,right_cheek_attention,angular_error_rad,9054,1674,,,,-0.03444144512332771,0.95,-0.07532455055580282,0.021586953255775913,500,weighted_rerank,identity-cluster-weighted-rerank-v1,,continuous_outcome
geometry,lfw,edgeface-a348c305af33c223b337,pca,pca_32,right_cheek_attention,reconstruction_mse,9054,1674,,,,-0.03447705621896837,0.95,-0.0753182976968,0.021481800924353808,500,weighted_rerank,identity-cluster-weighted-rerank-v1,,continuous_outcome
geometry,lfw,edgeface-a348c305af33c223b337,pca,pca_32,right_cheek_attention,cosine_to_origin,9054,1674,,,,0.03444144512332771,0.95,-0.021586953255775913,0.07532455055580281,500,weighted_rerank,identity-cluster-weighted-rerank-v1,,continuous_outcome
geometry,lfw,edgeface-a348c305af33c223b337,pca,pca_32,jaw_attention,angular_error_rad,9055,1674,,,,-0.027322288388132235,0.95,-0.060842515121638595,0.004738751564169735,500,weighted_rerank,identity-cluster-weighted-rerank-v1,,continuous_outcome
geometry,lfw,edgeface-a348c305af33c223b337,pca,pca_32,jaw_attention,reconstruction_mse,9055,1674,,,,-0.027335395850221943,0.95,-0.06084951598349772,0.004746595360747721,500,weighted_rerank,identity-cluster-weighted-rerank-v1,,continuous_outcome
geometry,lfw,edgeface-a348c305af33c223b337,pca,pca_32,jaw_attention,cosine_to_origin,9055,1674,,,,0.027322288388132235,0.95,-0.004738751564169747,0.06084251512163859,500,weighted_rerank,identity-cluster-weighted-rerank-v1,,continuous_outcome
geometry,lfw,edgeface-a348c305af33c223b337,pca,pca_32,face_attention,angular_error_rad,9055,1674,,,,-0.04107163672730282,0.95,-0.09300228757089454,0.004922995144409956,500,weighted_rerank,identity-cluster-weighted-rerank-v1,,continuous_outcome
geometry,lfw,edgeface-a348c305af33c223b337,pca,pca_32,face_attention,reconstruction_mse,9055,1674,,,,-0.0410985873563057,0.95,-0.09303698054702886,0.004873647269399134,500,weighted_rerank,identity-cluster-weighted-rerank-v1,,continuous_outcome
geometry,lfw,edgeface-a348c305af33c223b337,pca,pca_32,face_attention,cosine_to_origin,9055,1674,,,,0.04107163672730282,0.95,-0.004922995144409959,0.09300228757089454,500,weighted_rerank,identity-cluster-weighted-rerank-v1,,continuous_outcome
geometry,lfw,edgeface-a348c305af33c223b337,pca,pca_32,outside_face_attention,angular_error_rad,9055,1674,,,,0.04107163672730282,0.95,-0.004922995144409959,0.09300228757089454,500,weighted_rerank,identity-cluster-weighted-rerank-v1,,continuous_outcome
geometry,lfw,edgeface-a348c305af33c223b337,pca,pca_32,outside_face_attention,reconstruction_mse,9055,1674,,,,0.0410985873563057,0.95,-0.004873647269399138,0.09303698054702884,500,weighted_rerank,identity-cluster-weighted-rerank-v1,,continuous_outcome
geometry,lfw,edgeface-a348c305af33c223b337,pca,pca_32,outside_face_attention,cosine_to_origin,9055,1674,,,,-0.04107163672730282,0.95,-0.09300228757089454,0.004922995144409956,500,weighted_rerank,identity-cluster-weighted-rerank-v1,,continuous_outcome
geometry,lfw,edgeface-a348c305af33c223b337,pca,pca_32,saliency_entropy,angular_error_rad,9055,1674,,,,-0.023341750350063598,0.95,-0.06276603711313287,0.027620369185882766,500,weighted_rerank,identity-cluster-weighted-rerank-v1,,continuous_outcome
geometry,lfw,edgeface-a348c305af33c223b337,pca,pca_32,saliency_entropy,reconstruction_mse,9055,1674,,,,-0.023364138841324777,0.95,-0.06276100153375819,0.027608378026094404,500,weighted_rerank,identity-cluster-weighted-rerank-v1,,continuous_outcome
geometry,lfw,edgeface-a348c305af33c223b337,pca,pca_32,saliency_entropy,cosine_to_origin,9055,1674,,,,0.023341750350063598,0.95,-0.02762036918588277,0.06276603711313287,500,weighted_rerank,identity-cluster-weighted-rerank-v1,,continuous_outcome
geometry,lfw,edgeface-a348c305af33c223b337,pca,pca_32,maximum_region_concentration,angular_error_rad,9055,1674,,,,0.035606928860833845,0.95,0.004967789666066484,0.06059189408358909,500,weighted_rerank,identity-cluster-weighted-rerank-v1,,continuous_outcome
geometry,lfw,edgeface-a348c305af33c223b337,pca,pca_32,maximum_region_concentration,reconstruction_mse,9055,1674,,,,0.03561850771842873,0.95,0.004976320152206078,0.060614057651054855,500,weighted_rerank,identity-cluster-weighted-rerank-v1,,continuous_outcome
geometry,lfw,edgeface-a348c305af33c223b337,pca,pca_32,maximum_region_concentration,cosine_to_origin,9055,1674,,,,-0.035606928860833845,0.95,-0.06059189408358911,-0.004967789666066499,500,weighted_rerank,identity-cluster-weighted-rerank-v1,,continuous_outcome
geometry,lfw,edgeface-a348c305af33c223b337,pca,pca_32,left_right_asymmetry,angular_error_rad,9055,1674,,,,0.03408641390469879,0.95,-0.0104006982925739,0.07186813869476015,500,weighted_rerank,identity-cluster-weighted-rerank-v1,,continuous_outcome
geometry,lfw,edgeface-a348c305af33c223b337,pca,pca_32,left_right_asymmetry,reconstruction_mse,9055,1674,,,,0.03412476071563009,0.95,-0.01034915766717418,0.07190416383649854,500,weighted_rerank,identity-cluster-weighted-rerank-v1,,continuous_outcome
geometry,lfw,edgeface-a348c305af33c223b337,pca,pca_32,left_right_asymmetry,cosine_to_origin,9055,1674,,,,-0.03408641390469879,0.95,-0.07186813869476016,0.0104006982925739,500,weighted_rerank,identity-cluster-weighted-rerank-v1,,continuous_outcome
geometry,lfw,edgeface-a348c305af33c223b337,pca,pca_32,saliency_center_x,angular_error_rad,9055,1674,,,,-0.019812725226120945,0.95,-0.051194712438899385,0.009515522214096116,500,weighted_rerank,identity-cluster-weighted-rerank-v1,,continuous_outcome
geometry,lfw,edgeface-a348c305af33c223b337,pca,pca_32,saliency_center_x,reconstruction_mse,9055,1674,,,,-0.019791137231591586,0.95,-0.05113665226405496,0.009513193646648155,500,weighted_rerank,identity-cluster-weighted-rerank-v1,,continuous_outcome
geometry,lfw,edgeface-a348c305af33c223b337,pca,pca_32,saliency_center_x,cosine_to_origin,9055,1674,,,,0.019812725226120945,0.95,-0.00951552221409612,0.05119471243889938,500,weighted_rerank,identity-cluster-weighted-rerank-v1,,continuous_outcome
geometry,lfw,edgeface-a348c305af33c223b337,pca,pca_32,saliency_center_y,angular_error_rad,9055,1674,,,,-0.01918746478651718,0.95,-0.07134346675243322,0.029358539439924794,500,weighted_rerank,identity-cluster-weighted-rerank-v1,,continuous_outcome
geometry,lfw,edgeface-a348c305af33c223b337,pca,pca_32,saliency_center_y,reconstruction_mse,9055,1674,,,,-0.019195768953584918,0.95,-0.07133884962095402,0.029348387998630338,500,weighted_rerank,identity-cluster-weighted-rerank-v1,,continuous_outcome
geometry,lfw,edgeface-a348c305af33c223b337,pca,pca_32,saliency_center_y,cosine_to_origin,9055,1674,,,,0.01918746478651718,0.95,-0.029358539439924797,0.07134346675243321,500,weighted_rerank,identity-cluster-weighted-rerank-v1,,continuous_outcome
geometry,lfw,edgeface-a348c305af33c223b337,pca,pca_32,saliency_spread,angular_error_rad,9055,1674,,,,0.005837440502945692,0.95,-0.0337096568468879,0.04858296659433669,500,weighted_rerank,identity-cluster-weighted-rerank-v1,,continuous_outcome
geometry,lfw,edgeface-a348c305af33c223b337,pca,pca_32,saliency_spread,reconstruction_mse,9055,1674,,,,0.00583634945900485,0.95,-0.03373688457183288,0.04860301607351787,500,weighted_rerank,identity-cluster-weighted-rerank-v1,,continuous_outcome
geometry,lfw,edgeface-a348c305af33c223b337,pca,pca_32,saliency_spread,cosine_to_origin,9055,1674,,,,-0.005837440502945692,0.95,-0.0485829665943367,0.033709656846887884,500,weighted_rerank,identity-cluster-weighted-rerank-v1,,continuous_outcome
geometry,lfw,edgeface-a348c305af33c223b337,pca,pca_384,quadrant_top_left,angular_error_rad,9055,1674,,,,-0.013321518352955385,0.95,-0.03358182231039492,0.005060687847556136,500,weighted_rerank,identity-cluster-weighted-rerank-v1,,continuous_outcome
geometry,lfw,edgeface-a348c305af33c223b337,pca,pca_384,quadrant_top_left,reconstruction_mse,9055,1674,,,,0.019322499799906228,0.95,-0.007651688344816438,0.049316220541360076,500,weighted_rerank,identity-cluster-weighted-rerank-v1,,continuous_outcome
geometry,lfw,edgeface-a348c305af33c223b337,pca,pca_384,quadrant_top_left,cosine_to_origin,9055,1674,,,,0.013321518352955385,0.95,-0.005060687847556137,0.03358182231039491,500,weighted_rerank,identity-cluster-weighted-rerank-v1,,continuous_outcome
geometry,lfw,edgeface-a348c305af33c223b337,pca,pca_384,quadrant_top_right,angular_error_rad,9055,1674,,,,-0.009853204759875002,0.95,-0.028093946995263352,0.009354299780657256,500,weighted_rerank,identity-cluster-weighted-rerank-v1,,continuous_outcome
geometry,lfw,edgeface-a348c305af33c223b337,pca,pca_384,quadrant_top_right,reconstruction_mse,9055,1674,,,,0.010537771915446444,0.95,-0.01782207905796821,0.04217352436420185,500,weighted_rerank,identity-cluster-weighted-rerank-v1,,continuous_outcome
geometry,lfw,edgeface-a348c305af33c223b337,pca,pca_384,quadrant_top_right,cosine_to_origin,9055,1674,,,,0.009853204759875002,0.95,-0.00935429978065726,0.028093946995263352,500,weighted_rerank,identity-cluster-weighted-rerank-v1,,continuous_outcome
geometry,lfw,edgeface-a348c305af33c223b337,pca,pca_384,quadrant_bottom_left,angular_error_rad,9055,1674,,,,0.01430426822651405,0.95,-0.0037927972325564677,0.030861537545908545,500,weighted_rerank,identity-cluster-weighted-rerank-v1,,continuous_outcome
geometry,lfw,edgeface-a348c305af33c223b337,pca,pca_384,quadrant_bottom_left,reconstruction_mse,9055,1674,,,,-0.027683254697590365,0.95,-0.06383146619050223,0.0053465211345570625,500,weighted_rerank,identity-cluster-weighted-rerank-v1,,continuous_outcome
geometry,lfw,edgeface-a348c305af33c223b337,pca,pca_384,quadrant_bottom_left,cosine_to_origin,9055,1674,,,,-0.01430426822651405,0.95,-0.03086153754590855,0.003792797232556464,500,weighted_rerank,identity-cluster-weighted-rerank-v1,,continuous_outcome
geometry,lfw,edgeface-a348c305af33c223b337,pca,pca_384,quadrant_bottom_right,angular_error_rad,9055,1674,,,,0.011735831152772458,0.95,-0.00772624048545983,0.029521554034571018,500,weighted_rerank,identity-cluster-weighted-rerank-v1,,continuous_outcome
geometry,lfw,edgeface-a348c305af33c223b337,pca,pca_384,quadrant_bottom_right,reconstruction_mse,9055,1674,,,,-0.00016995054671366865,0.95,-0.02965646683603729,0.030147545571215194,500,weighted_rerank,identity-cluster-weighted-rerank-v1,,continuous_outcome
geometry,lfw,edgeface-a348c305af33c223b337,pca,pca_384,quadrant_bottom_right,cosine_to_origin,9055,1674,,,,-0.011735831152772458,0.95,-0.029521554034571018,0.007726240485459807,500,weighted_rerank,identity-cluster-weighted-rerank-v1,,continuous_outcome
geometry,lfw,edgeface-a348c305af33c223b337,pca,pca_384,left_eye_attention,angular_error_rad,9055,1674,,,,-0.01751413870678908,0.95,-0.03705973146644563,0.0022144291278241115,500,weighted_rerank,identity-cluster-weighted-rerank-v1,,continuous_outcome
geometry,lfw,edgeface-a348c305af33c223b337,pca,pca_384,left_eye_attention,reconstruction_mse,9055,1674,,,,0.01593167544231333,0.95,-0.013264282171818862,0.04437633150553827,500,weighted_rerank,identity-cluster-weighted-rerank-v1,,continuous_outcome
geometry,lfw,edgeface-a348c305af33c223b337,pca,pca_384,left_eye_attention,cosine_to_origin,9055,1674,,,,0.01751413870678908,0.95,-0.002214429127824121,0.03705973146644563,500,weighted_rerank,identity-cluster-weighted-rerank-v1,,continuous_outcome
geometry,lfw,edgeface-a348c305af33c223b337,pca,pca_384,right_eye_attention,angular_error_rad,9055,1674,,,,0.004543514751845157,0.95,-0.015292390132934989,0.025271778734565563,500,weighted_rerank,identity-cluster-weighted-rerank-v1,,continuous_outcome
geometry,lfw,edgeface-a348c305af33c223b337,pca,pca_384,right_eye_attention,reconstruction_mse,9055,1674,,,,-0.010197204592894613,0.95,-0.0411811511427743,0.014623231951402896,500,weighted_rerank,identity-cluster-weighted-rerank-v1,,continuous_outcome
geometry,lfw,edgeface-a348c305af33c223b337,pca,pca_384,right_eye_attention,cosine_to_origin,9055,1674,,,,-0.004543514751845157,0.95,-0.025271778734565566,0.015292390132934989,500,weighted_rerank,identity-cluster-weighted-rerank-v1,,continuous_outcome
geometry,lfw,edgeface-a348c305af33c223b337,pca,pca_384,nose_attention,angular_error_rad,9055,1674,,,,0.0058489442922306225,0.95,-0.013487140580548097,0.023412922684502152,500,weighted_rerank,identity-cluster-weighted-rerank-v1,,continuous_outcome
geometry,lfw,edgeface-a348c305af33c223b337,pca,pca_384,nose_attention,reconstruction_mse,9055,1674,,,,0.009255201509623808,0.95,-0.027753719957135554,0.0426953110129787,500,weighted_rerank,identity-cluster-weighted-rerank-v1,,continuous_outcome
geometry,lfw,edgeface-a348c305af33c223b337,pca,pca_384,nose_attention,cosine_to_origin,9055,1674,,,,-0.0058489442922306225,0.95,-0.023412922684502156,0.013487140580548097,500,weighted_rerank,identity-cluster-weighted-rerank-v1,,continuous_outcome
geometry,lfw,edgeface-a348c305af33c223b337,pca,pca_384,mouth_attention,angular_error_rad,9055,1674,,,,0.007705367564950824,0.95,-0.013143024717126927,0.025221346186051857,500,weighted_rerank,identity-cluster-weighted-rerank-v1,,continuous_outcome
geometry,lfw,edgeface-a348c305af33c223b337,pca,pca_384,mouth_attention,reconstruction_mse,9055,1674,,,,-0.04609523187698737,0.95,-0.09867802382569704,-0.0013092158828203674,500,weighted_rerank,identity-cluster-weighted-rerank-v1,,continuous_outcome
geometry,lfw,edgeface-a348c305af33c223b337,pca,pca_384,mouth_attention,cosine_to_origin,9055,1674,,,,-0.007705367564950824,0.95,-0.02522134618605186,0.013143024717126925,500,weighted_rerank,identity-cluster-weighted-rerank-v1,,continuous_outcome
geometry,lfw,edgeface-a348c305af33c223b337,pca,pca_384,left_cheek_attention,angular_error_rad,9055,1674,,,,0.006194395202459822,0.95,-0.014932867521089212,0.026465044846821748,500,weighted_rerank,identity-cluster-weighted-rerank-v1,,continuous_outcome
geometry,lfw,edgeface-a348c305af33c223b337,pca,pca_384,left_cheek_attention,reconstruction_mse,9055,1674,,,,-0.028460278221439872,0.95,-0.05770062973428746,0.0030858571836109745,500,weighted_rerank,identity-cluster-weighted-rerank-v1,,continuous_outcome
geometry,lfw,edgeface-a348c305af33c223b337,pca,pca_384,left_cheek_attention,cosine_to_origin,9055,1674,,,,-0.006194395202459822,0.95,-0.02646504484682175,0.014932867521089209,500,weighted_rerank,identity-cluster-weighted-rerank-v1,,continuous_outcome
geometry,lfw,edgeface-a348c305af33c223b337,pca,pca_384,right_cheek_attention,angular_error_rad,9054,1674,,,,0.009055450246102862,0.95,-0.011081690490051558,0.028664342206989775,500,weighted_rerank,identity-cluster-weighted-rerank-v1,,continuous_outcome
geometry,lfw,edgeface-a348c305af33c223b337,pca,pca_384,right_cheek_attention,reconstruction_mse,9054,1674,,,,-0.034406179519888204,0.95,-0.06652000151760754,-0.005925302035911473,500,weighted_rerank,identity-cluster-weighted-rerank-v1,,continuous_outcome
geometry,lfw,edgeface-a348c305af33c223b337,pca,pca_384,right_cheek_attention,cosine_to_origin,9054,1674,,,,-0.009055450246102862,0.95,-0.028664342206989775,0.011081690490051557,500,weighted_rerank,identity-cluster-weighted-rerank-v1,,continuous_outcome
geometry,lfw,edgeface-a348c305af33c223b337,pca,pca_384,jaw_attention,angular_error_rad,9055,1674,,,,0.019941087051692712,0.95,0.001248430827132869,0.03930314369685772,500,weighted_rerank,identity-cluster-weighted-rerank-v1,,continuous_outcome
geometry,lfw,edgeface-a348c305af33c223b337,pca,pca_384,jaw_attention,reconstruction_mse,9055,1674,,,,-0.021099435027215886,0.95,-0.05188980953630443,0.007185226932698473,500,weighted_rerank,identity-cluster-weighted-rerank-v1,,continuous_outcome
geometry,lfw,edgeface-a348c305af33c223b337,pca,pca_384,jaw_attention,cosine_to_origin,9055,1674,,,,-0.019941087051692712,0.95,-0.03930314369685772,-0.001248430827132875,500,weighted_rerank,identity-cluster-weighted-rerank-v1,,continuous_outcome
geometry,lfw,edgeface-a348c305af33c223b337,pca,pca_384,face_attention,angular_error_rad,9055,1674,,,,0.007090526942796936,0.95,-0.01329246904297656,0.026915592129133713,500,weighted_rerank,identity-cluster-weighted-rerank-v1,,continuous_outcome
geometry,lfw,edgeface-a348c305af33c223b337,pca,pca_384,face_attention,reconstruction_mse,9055,1674,,,,-0.0561760636048071,0.95,-0.09595302498900019,-0.020738036555878248,500,weighted_rerank,identity-cluster-weighted-rerank-v1,,continuous_outcome
geometry,lfw,edgeface-a348c305af33c223b337,pca,pca_384,face_attention,cosine_to_origin,9055,1674,,,,-0.007090526942796936,0.95,-0.026915592129133727,0.013292469042976552,500,weighted_rerank,identity-cluster-weighted-rerank-v1,,continuous_outcome
geometry,lfw,edgeface-a348c305af33c223b337,pca,pca_384,outside_face_attention,angular_error_rad,9055,1674,,,,-0.007090526942796936,0.95,-0.026915592129133727,0.013292469042976552,500,weighted_rerank,identity-cluster-weighted-rerank-v1,,continuous_outcome
geometry,lfw,edgeface-a348c305af33c223b337,pca,pca_384,outside_face_attention,reconstruction_mse,9055,1674,,,,0.0561760636048071,0.95,0.020738036555878244,0.09595302498900017,500,weighted_rerank,identity-cluster-weighted-rerank-v1,,continuous_outcome
geometry,lfw,edgeface-a348c305af33c223b337,pca,pca_384,outside_face_attention,cosine_to_origin,9055,1674,,,,0.007090526942796936,0.95,-0.01329246904297656,0.026915592129133713,500,weighted_rerank,identity-cluster-weighted-rerank-v1,,continuous_outcome
geometry,lfw,edgeface-a348c305af33c223b337,pca,pca_384,saliency_entropy,angular_error_rad,9055,1674,,,,0.008767275792004687,0.95,-0.013202440804490258,0.03120131151739624,500,weighted_rerank,identity-cluster-weighted-rerank-v1,,continuous_outcome
geometry,lfw,edgeface-a348c305af33c223b337,pca,pca_384,saliency_entropy,reconstruction_mse,9055,1674,,,,0.0050184805613656,0.95,-0.03415702242065505,0.040722035357736906,500,weighted_rerank,identity-cluster-weighted-rerank-v1,,continuous_outcome
geometry,lfw,edgeface-a348c305af33c223b337,pca,pca_384,saliency_entropy,cosine_to_origin,9055,1674,,,,-0.008767275792004687,0.95,-0.031201311517396246,0.013202440804490257,500,weighted_rerank,identity-cluster-weighted-rerank-v1,,continuous_outcome
geometry,lfw,edgeface-a348c305af33c223b337,pca,pca_384,maximum_region_concentration,angular_error_rad,9055,1674,,,,-0.005816933510827954,0.95,-0.027393875125389062,0.014876874223435437,500,weighted_rerank,identity-cluster-weighted-rerank-v1,,continuous_outcome
geometry,lfw,edgeface-a348c305af33c223b337,pca,pca_384,maximum_region_concentration,reconstruction_mse,9055,1674,,,,0.00961148710286296,0.95,-0.018489743358112255,0.036402751370113715,500,weighted_rerank,identity-cluster-weighted-rerank-v1,,continuous_outcome
geometry,lfw,edgeface-a348c305af33c223b337,pca,pca_384,maximum_region_concentration,cosine_to_origin,9055,1674,,,,0.005816933510827954,0.95,-0.014876874223435444,0.027393875125389062,500,weighted_rerank,identity-cluster-weighted-rerank-v1,,continuous_outcome
geometry,lfw,edgeface-a348c305af33c223b337,pca,pca_384,left_right_asymmetry,angular_error_rad,9055,1674,,,,0.008598822801793839,0.95,-0.011270988716883132,0.03098716471628017,500,weighted_rerank,identity-cluster-weighted-rerank-v1,,continuous_outcome
geometry,lfw,edgeface-a348c305af33c223b337,pca,pca_384,left_right_asymmetry,reconstruction_mse,9055,1674,,,,-0.008424030337925032,0.95,-0.04036149509582301,0.027055241059957505,500,weighted_rerank,identity-cluster-weighted-rerank-v1,,continuous_outcome
geometry,lfw,edgeface-a348c305af33c223b337,pca,pca_384,left_right_asymmetry,cosine_to_origin,9055,1674,,,,-0.008598822801793839,0.95,-0.030987164716280186,0.011270988716883127,500,weighted_rerank,identity-cluster-weighted-rerank-v1,,continuous_outcome
geometry,lfw,edgeface-a348c305af33c223b337,pca,pca_384,saliency_center_x,angular_error_rad,9055,1674,,,,-0.006430316660273213,0.95,-0.02681866550182497,0.013839700639626532,500,weighted_rerank,identity-cluster-weighted-rerank-v1,,continuous_outcome
geometry,lfw,edgeface-a348c305af33c223b337,pca,pca_384,saliency_center_x,reconstruction_mse,9055,1674,,,,-0.005646889942681435,0.95,-0.02749939617026054,0.017498865314328028,500,weighted_rerank,identity-cluster-weighted-rerank-v1,,continuous_outcome
geometry,lfw,edgeface-a348c305af33c223b337,pca,pca_384,saliency_center_x,cosine_to_origin,9055,1674,,,,0.006430316660273213,0.95,-0.013839700639626534,0.026818665501824962,500,weighted_rerank,identity-cluster-weighted-rerank-v1,,continuous_outcome
geometry,lfw,edgeface-a348c305af33c223b337,pca,pca_384,saliency_center_y,angular_error_rad,9055,1674,,,,0.018549943024241098,0.95,0.0023848009727217346,0.03562896048284591,500,weighted_rerank,identity-cluster-weighted-rerank-v1,,continuous_outcome
geometry,lfw,edgeface-a348c305af33c223b337,pca,pca_384,saliency_center_y,reconstruction_mse,9055,1674,,,,-0.023314885816903757,0.95,-0.060429621096715465,0.01084643246986347,500,weighted_rerank,identity-cluster-weighted-rerank-v1,,continuous_outcome
geometry,lfw,edgeface-a348c305af33c223b337,pca,pca_384,saliency_center_y,cosine_to_origin,9055,1674,,,,-0.018549943024241098,0.95,-0.03562896048284591,-0.002384800972721736,500,weighted_rerank,identity-cluster-weighted-rerank-v1,,continuous_outcome
geometry,lfw,edgeface-a348c305af33c223b337,pca,pca_384,saliency_spread,angular_error_rad,9055,1674,,,,-0.003014678872572797,0.95,-0.027727181645140455,0.019184717913937215,500,weighted_rerank,identity-cluster-weighted-rerank-v1,,continuous_outcome
geometry,lfw,edgeface-a348c305af33c223b337,pca,pca_384,saliency_spread,reconstruction_mse,9055,1674,,,,0.03122195231758146,0.95,0.0048318219055742025,0.060480121421529226,500,weighted_rerank,identity-cluster-weighted-rerank-v1,,continuous_outcome
geometry,lfw,edgeface-a348c305af33c223b337,pca,pca_384,saliency_spread,cosine_to_origin,9055,1674,,,,0.003014678872572797,0.95,-0.01918471791393722,0.02772718164514045,500,weighted_rerank,identity-cluster-weighted-rerank-v1,,continuous_outcome
geometry,lfw,edgeface-a348c305af33c223b337,pca,pca_64,quadrant_top_left,angular_error_rad,9055,1674,,,,0.021373863653356077,0.95,-0.011983366259610148,0.06070668109104495,500,weighted_rerank,identity-cluster-weighted-rerank-v1,,continuous_outcome
geometry,lfw,edgeface-a348c305af33c223b337,pca,pca_64,quadrant_top_left,reconstruction_mse,9055,1674,,,,0.021378616742093376,0.95,-0.011977896797179416,0.0607092751105036,500,weighted_rerank,identity-cluster-weighted-rerank-v1,,continuous_outcome
geometry,lfw,edgeface-a348c305af33c223b337,pca,pca_64,quadrant_top_left,cosine_to_origin,9055,1674,,,,-0.021373863653356077,0.95,-0.06070668109104495,0.011983366259610145,500,weighted_rerank,identity-cluster-weighted-rerank-v1,,continuous_outcome
geometry,lfw,edgeface-a348c305af33c223b337,pca,pca_64,quadrant_top_right,angular_error_rad,9055,1674,,,,0.026452874686235965,0.95,-0.009423942209392501,0.05987287890262488,500,weighted_rerank,identity-cluster-weighted-rerank-v1,,continuous_outcome
geometry,lfw,edgeface-a348c305af33c223b337,pca,pca_64,quadrant_top_right,reconstruction_mse,9055,1674,,,,0.02648196325883212,0.95,-0.009406484612376814,0.059909528350199207,500,weighted_rerank,identity-cluster-weighted-rerank-v1,,continuous_outcome
geometry,lfw,edgeface-a348c305af33c223b337,pca,pca_64,quadrant_top_right,cosine_to_origin,9055,1674,,,,-0.026452874686235965,0.95,-0.05987287890262489,0.009423942209392494,500,weighted_rerank,identity-cluster-weighted-rerank-v1,,continuous_outcome
geometry,lfw,edgeface-a348c305af33c223b337,pca,pca_64,quadrant_bottom_left,angular_error_rad,9055,1674,,,,-0.036302355969697025,0.95,-0.08310723237676193,0.005531500611290319,500,weighted_rerank,identity-cluster-weighted-rerank-v1,,continuous_outcome
geometry,lfw,edgeface-a348c305af33c223b337,pca,pca_64,quadrant_bottom_left,reconstruction_mse,9055,1674,,,,-0.03632996832470632,0.95,-0.08312086888700682,0.005519062121585162,500,weighted_rerank,identity-cluster-weighted-rerank-v1,,continuous_outcome
geometry,lfw,edgeface-a348c305af33c223b337,pca,pca_64,quadrant_bottom_left,cosine_to_origin,9055,1674,,,,0.036302355969697025,0.95,-0.005531500611290323,0.08310723237676192,500,weighted_rerank,identity-cluster-weighted-rerank-v1,,continuous_outcome
geometry,lfw,edgeface-a348c305af33c223b337,pca,pca_64,quadrant_bottom_right,angular_error_rad,9055,1674,,,,-0.019554098217956617,0.95,-0.04612518948490508,0.006865364330847922,500,weighted_rerank,identity-cluster-weighted-rerank-v1,,continuous_outcome
geometry,lfw,edgeface-a348c305af33c223b337,pca,pca_64,quadrant_bottom_right,reconstruction_mse,9055,1674,,,,-0.019561350543794116,0.95,-0.046139399617790545,0.00686013555093396,500,weighted_rerank,identity-cluster-weighted-rerank-v1,,continuous_outcome
geometry,lfw,edgeface-a348c305af33c223b337,pca,pca_64,quadrant_bottom_right,cosine_to_origin,9055,1674,,,,0.019554098217956617,0.95,-0.006865364330847933,0.04612518948490507,500,weighted_rerank,identity-cluster-weighted-rerank-v1,,continuous_outcome
geometry,lfw,edgeface-a348c305af33c223b337,pca,pca_64,left_eye_attention,angular_error_rad,9055,1674,,,,-0.001963695212805375,0.95,-0.03479212431466627,0.025463625278112766,500,weighted_rerank,identity-cluster-weighted-rerank-v1,,continuous_outcome
geometry,lfw,edgeface-a348c305af33c223b337,pca,pca_64,left_eye_attention,reconstruction_mse,9055,1674,,,,-0.0019684283870476686,0.95,-0.03478547067789155,0.025459867944967036,500,weighted_rerank,identity-cluster-weighted-rerank-v1,,continuous_outcome
geometry,lfw,edgeface-a348c305af33c223b337,pca,pca_64,left_eye_attention,cosine_to_origin,9055,1674,,,,0.001963695212805375,0.95,-0.02546362527811277,0.034792124314666266,500,weighted_rerank,identity-cluster-weighted-rerank-v1,,continuous_outcome
geometry,lfw,edgeface-a348c305af33c223b337,pca,pca_64,right_eye_attention,angular_error_rad,9055,1674,,,,-0.015268453287617913,0.95,-0.04910948358675447,0.01589978242665392,500,weighted_rerank,identity-cluster-weighted-rerank-v1,,continuous_outcome
geometry,lfw,edgeface-a348c305af33c223b337,pca,pca_64,right_eye_attention,reconstruction_mse,9055,1674,,,,-0.015265662373336866,0.95,-0.04911230013375223,0.01591395866169612,500,weighted_rerank,identity-cluster-weighted-rerank-v1,,continuous_outcome
geometry,lfw,edgeface-a348c305af33c223b337,pca,pca_64,right_eye_attention,cosine_to_origin,9055,1674,,,,0.015268453287617913,0.95,-0.015899782426653936,0.04910948358675447,500,weighted_rerank,identity-cluster-weighted-rerank-v1,,continuous_outcome
geometry,lfw,edgeface-a348c305af33c223b337,pca,pca_64,nose_attention,angular_error_rad,9055,1674,,,,-0.0064761707764292445,0.95,-0.045700118702717805,0.02951355061973985,500,weighted_rerank,identity-cluster-weighted-rerank-v1,,continuous_outcome
geometry,lfw,edgeface-a348c305af33c223b337,pca,pca_64,nose_attention,reconstruction_mse,9055,1674,,,,-0.006505472710261057,0.95,-0.045709141830207946,0.029487638608507047,500,weighted_rerank,identity-cluster-weighted-rerank-v1,,continuous_outcome
geometry,lfw,edgeface-a348c305af33c223b337,pca,pca_64,nose_attention,cosine_to_origin,9055,1674,,,,0.0064761707764292445,0.95,-0.02951355061973985,0.0457001187027178,500,weighted_rerank,identity-cluster-weighted-rerank-v1,,continuous_outcome
geometry,lfw,edgeface-a348c305af33c223b337,pca,pca_64,mouth_attention,angular_error_rad,9055,1674,,,,-0.0465414089661245,0.95,-0.11570406765820378,0.0066241521574727956,500,weighted_rerank,identity-cluster-weighted-rerank-v1,,continuous_outcome
geometry,lfw,edgeface-a348c305af33c223b337,pca,pca_64,mouth_attention,reconstruction_mse,9055,1674,,,,-0.046546271341078894,0.95,-0.11570696878777917,0.006614280063004831,500,weighted_rerank,identity-cluster-weighted-rerank-v1,,continuous_outcome
geometry,lfw,edgeface-a348c305af33c223b337,pca,pca_64,mouth_attention,cosine_to_origin,9055,1674,,,,0.0465414089661245,0.95,-0.006624152157472799,0.11570406765820376,500,weighted_rerank,identity-cluster-weighted-rerank-v1,,continuous_outcome
geometry,lfw,edgeface-a348c305af33c223b337,pca,pca_64,left_cheek_attention,angular_error_rad,9055,1674,,,,-0.04651353658874263,0.95,-0.08177952079643001,-0.011553835591147667,500,weighted_rerank,identity-cluster-weighted-rerank-v1,,continuous_outcome
geometry,lfw,edgeface-a348c305af33c223b337,pca,pca_64,left_cheek_attention,reconstruction_mse,9055,1674,,,,-0.04652723879312154,0.95,-0.08180294574142807,-0.011561374873709665,500,weighted_rerank,identity-cluster-weighted-rerank-v1,,continuous_outcome
geometry,lfw,edgeface-a348c305af33c223b337,pca,pca_64,left_cheek_attention,cosine_to_origin,9055,1674,,,,0.04651353658874263,0.95,0.011553835591147659,0.08177952079643001,500,weighted_rerank,identity-cluster-weighted-rerank-v1,,continuous_outcome
geometry,lfw,edgeface-a348c305af33c223b337,pca,pca_64,right_cheek_attention,angular_error_rad,9054,1674,,,,-0.04619950589213764,0.95,-0.08147058337296544,-0.012814572818473756,500,weighted_rerank,identity-cluster-weighted-rerank-v1,,continuous_outcome
geometry,lfw,edgeface-a348c305af33c223b337,pca,pca_64,right_cheek_attention,reconstruction_mse,9054,1674,,,,-0.04621435273584715,0.95,-0.08147237468320366,-0.012829549397415757,500,weighted_rerank,identity-cluster-weighted-rerank-v1,,continuous_outcome
geometry,lfw,edgeface-a348c305af33c223b337,pca,pca_64,right_cheek_attention,cosine_to_origin,9054,1674,,,,0.04619950589213764,0.95,0.012814572818473736,0.08147058337296542,500,weighted_rerank,identity-cluster-weighted-rerank-v1,,continuous_outcome
geometry,lfw,edgeface-a348c305af33c223b337,pca,pca_64,jaw_attention,angular_error_rad,9055,1674,,,,-0.021107124141376124,0.95,-0.056247052069713484,0.009889135167168444,500,weighted_rerank,identity-cluster-weighted-rerank-v1,,continuous_outcome
geometry,lfw,edgeface-a348c305af33c223b337,pca,pca_64,jaw_attention,reconstruction_mse,9055,1674,,,,-0.02110815715860852,0.95,-0.05624123663585351,0.009896107838708347,500,weighted_rerank,identity-cluster-weighted-rerank-v1,,continuous_outcome
geometry,lfw,edgeface-a348c305af33c223b337,pca,pca_64,jaw_attention,cosine_to_origin,9055,1674,,,,0.021107124141376124,0.95,-0.009889135167168444,0.05624705206971348,500,weighted_rerank,identity-cluster-weighted-rerank-v1,,continuous_outcome
geometry,lfw,edgeface-a348c305af33c223b337,pca,pca_64,face_attention,angular_error_rad,9055,1674,,,,-0.03938158620665634,0.95,-0.08865925484992003,0.007418605855523446,500,weighted_rerank,identity-cluster-weighted-rerank-v1,,continuous_outcome
geometry,lfw,edgeface-a348c305af33c223b337,pca,pca_64,face_attention,reconstruction_mse,9055,1674,,,,-0.03938754704996698,0.95,-0.08865776264429721,0.007402930756821526,500,weighted_rerank,identity-cluster-weighted-rerank-v1,,continuous_outcome
geometry,lfw,edgeface-a348c305af33c223b337,pca,pca_64,face_attention,cosine_to_origin,9055,1674,,,,0.03938158620665634,0.95,-0.007418605855523451,0.08865925484992003,500,weighted_rerank,identity-cluster-weighted-rerank-v1,,continuous_outcome
geometry,lfw,edgeface-a348c305af33c223b337,pca,pca_64,outside_face_attention,angular_error_rad,9055,1674,,,,0.03938158620665634,0.95,-0.007418605855523451,0.08865925484992003,500,weighted_rerank,identity-cluster-weighted-rerank-v1,,continuous_outcome
geometry,lfw,edgeface-a348c305af33c223b337,pca,pca_64,outside_face_attention,reconstruction_mse,9055,1674,,,,0.03938754704996698,0.95,-0.007402930756821529,0.0886577626442972,500,weighted_rerank,identity-cluster-weighted-rerank-v1,,continuous_outcome
geometry,lfw,edgeface-a348c305af33c223b337,pca,pca_64,outside_face_attention,cosine_to_origin,9055,1674,,,,-0.03938158620665634,0.95,-0.08865925484992003,0.007418605855523446,500,weighted_rerank,identity-cluster-weighted-rerank-v1,,continuous_outcome
geometry,lfw,edgeface-a348c305af33c223b337,pca,pca_64,saliency_entropy,angular_error_rad,9055,1674,,,,-0.020356547461680724,0.95,-0.06861648198297461,0.02248213646245459,500,weighted_rerank,identity-cluster-weighted-rerank-v1,,continuous_outcome
geometry,lfw,edgeface-a348c305af33c223b337,pca,pca_64,saliency_entropy,reconstruction_mse,9055,1674,,,,-0.020353346795663807,0.95,-0.06860695639379814,0.022479482205971336,500,weighted_rerank,identity-cluster-weighted-rerank-v1,,continuous_outcome
geometry,lfw,edgeface-a348c305af33c223b337,pca,pca_64,saliency_entropy,cosine_to_origin,9055,1674,,,,0.020356547461680724,0.95,-0.02248213646245459,0.06861648198297456,500,weighted_rerank,identity-cluster-weighted-rerank-v1,,continuous_outcome
geometry,lfw,edgeface-a348c305af33c223b337,pca,pca_64,maximum_region_concentration,angular_error_rad,9055,1674,,,,0.0176566564919295,0.95,-0.012168499208373797,0.04942661954075797,500,weighted_rerank,identity-cluster-weighted-rerank-v1,,continuous_outcome
geometry,lfw,edgeface-a348c305af33c223b337,pca,pca_64,maximum_region_concentration,reconstruction_mse,9055,1674,,,,0.017659418065386217,0.95,-0.012169800917929638,0.04942920107969649,500,weighted_rerank,identity-cluster-weighted-rerank-v1,,continuous_outcome
geometry,lfw,edgeface-a348c305af33c223b337,pca,pca_64,maximum_region_concentration,cosine_to_origin,9055,1674,,,,-0.0176566564919295,0.95,-0.049426619540757985,0.012168499208373793,500,weighted_rerank,identity-cluster-weighted-rerank-v1,,continuous_outcome
geometry,lfw,edgeface-a348c305af33c223b337,pca,pca_64,left_right_asymmetry,angular_error_rad,9055,1674,,,,0.028844370706472895,0.95,-0.011806443548713637,0.07247022954712593,500,weighted_rerank,identity-cluster-weighted-rerank-v1,,continuous_outcome
geometry,lfw,edgeface-a348c305af33c223b337,pca,pca_64,left_right_asymmetry,reconstruction_mse,9055,1674,,,,0.02884328366921419,0.95,-0.011804884334589157,0.07247633835581752,500,weighted_rerank,identity-cluster-weighted-rerank-v1,,continuous_outcome
geometry,lfw,edgeface-a348c305af33c223b337,pca,pca_64,left_right_asymmetry,cosine_to_origin,9055,1674,,,,-0.028844370706472895,0.95,-0.07247022954712593,0.01180644354871363,500,weighted_rerank,identity-cluster-weighted-rerank-v1,,continuous_outcome
geometry,lfw,edgeface-a348c305af33c223b337,pca,pca_64,saliency_center_x,angular_error_rad,9055,1674,,,,0.00033939809217178527,0.95,-0.02019039676003046,0.023178709578482896,500,weighted_rerank,identity-cluster-weighted-rerank-v1,,continuous_outcome
geometry,lfw,edgeface-a348c305af33c223b337,pca,pca_64,saliency_center_x,reconstruction_mse,9055,1674,,,,0.0003575660437917579,0.95,-0.020182095075224855,0.023193651826099903,500,weighted_rerank,identity-cluster-weighted-rerank-v1,,continuous_outcome
geometry,lfw,edgeface-a348c305af33c223b337,pca,pca_64,saliency_center_x,cosine_to_origin,9055,1674,,,,-0.00033939809217178527,0.95,-0.023178709578482903,0.02019039676003046,500,weighted_rerank,identity-cluster-weighted-rerank-v1,,continuous_outcome
geometry,lfw,edgeface-a348c305af33c223b337,pca,pca_64,saliency_center_y,angular_error_rad,9055,1674,,,,-0.027739185028344476,0.95,-0.07541260224135442,0.011394900660638488,500,weighted_rerank,identity-cluster-weighted-rerank-v1,,continuous_outcome
geometry,lfw,edgeface-a348c305af33c223b337,pca,pca_64,saliency_center_y,reconstruction_mse,9055,1674,,,,-0.027757682257496436,0.95,-0.0754315950607811,0.011385800017178675,500,weighted_rerank,identity-cluster-weighted-rerank-v1,,continuous_outcome
geometry,lfw,edgeface-a348c305af33c223b337,pca,pca_64,saliency_center_y,cosine_to_origin,9055,1674,,,,0.027739185028344476,0.95,-0.01139490066063849,0.07541260224135442,500,weighted_rerank,identity-cluster-weighted-rerank-v1,,continuous_outcome
geometry,lfw,edgeface-a348c305af33c223b337,pca,pca_64,saliency_spread,angular_error_rad,9055,1674,,,,0.006086446708962503,0.95,-0.030559824274868537,0.04147784016473395,500,weighted_rerank,identity-cluster-weighted-rerank-v1,,continuous_outcome
geometry,lfw,edgeface-a348c305af33c223b337,pca,pca_64,saliency_spread,reconstruction_mse,9055,1674,,,,0.0060809122512495975,0.95,-0.030555972028001952,0.041478014818969657,500,weighted_rerank,identity-cluster-weighted-rerank-v1,,continuous_outcome
geometry,lfw,edgeface-a348c305af33c223b337,pca,pca_64,saliency_spread,cosine_to_origin,9055,1674,,,,-0.006086446708962503,0.95,-0.041477840164733965,0.030559824274868523,500,weighted_rerank,identity-cluster-weighted-rerank-v1,,continuous_outcome
geometry,lfw,edgeface-a348c305af33c223b337,pq,pq_512_m128_b8,quadrant_top_left,angular_error_rad,9055,1674,,,,0.019305644915885347,0.95,-0.017144977428248102,0.05555731505131511,500,weighted_rerank,identity-cluster-weighted-rerank-v1,,continuous_outcome
geometry,lfw,edgeface-a348c305af33c223b337,pq,pq_512_m128_b8,quadrant_top_left,reconstruction_mse,9055,1674,,,,0.01906321656424446,0.95,-0.01723935076099137,0.05535522171829946,500,weighted_rerank,identity-cluster-weighted-rerank-v1,,continuous_outcome
geometry,lfw,edgeface-a348c305af33c223b337,pq,pq_512_m128_b8,quadrant_top_left,cosine_to_origin,9055,1674,,,,-0.019305644915885347,0.95,-0.05555731505131513,0.017144977428248095,500,weighted_rerank,identity-cluster-weighted-rerank-v1,,continuous_outcome
geometry,lfw,edgeface-a348c305af33c223b337,pq,pq_512_m128_b8,quadrant_top_right,angular_error_rad,9055,1674,,,,0.014411824433515777,0.95,-0.02535059879324143,0.04847574460997063,500,weighted_rerank,identity-cluster-weighted-rerank-v1,,continuous_outcome
geometry,lfw,edgeface-a348c305af33c223b337,pq,pq_512_m128_b8,quadrant_top_right,reconstruction_mse,9055,1674,,,,0.014514112947615046,0.95,-0.02506466732684491,0.048662086610906416,500,weighted_rerank,identity-cluster-weighted-rerank-v1,,continuous_outcome
geometry,lfw,edgeface-a348c305af33c223b337,pq,pq_512_m128_b8,quadrant_top_right,cosine_to_origin,9055,1674,,,,-0.014411824433515777,0.95,-0.04847574460997064,0.025350598793241426,500,weighted_rerank,identity-cluster-weighted-rerank-v1,,continuous_outcome
geometry,lfw,edgeface-a348c305af33c223b337,pq,pq_512_m128_b8,quadrant_bottom_left,angular_error_rad,9055,1674,,,,-0.030003603450053845,0.95,-0.07505399488045768,0.016838437955938014,500,weighted_rerank,identity-cluster-weighted-rerank-v1,,continuous_outcome
geometry,lfw,edgeface-a348c305af33c223b337,pq,pq_512_m128_b8,quadrant_bottom_left,reconstruction_mse,9055,1674,,,,-0.02983976718475508,0.95,-0.07505001961488864,0.017174410626366262,500,weighted_rerank,identity-cluster-weighted-rerank-v1,,continuous_outcome
geometry,lfw,edgeface-a348c305af33c223b337,pq,pq_512_m128_b8,quadrant_bottom_left,cosine_to_origin,9055,1674,,,,0.030003603450053845,0.95,-0.016838437955938014,0.07505399488045768,500,weighted_rerank,identity-cluster-weighted-rerank-v1,,continuous_outcome
geometry,lfw,edgeface-a348c305af33c223b337,pq,pq_512_m128_b8,quadrant_bottom_right,angular_error_rad,9055,1674,,,,-0.00730503402604316,0.95,-0.03489448399379546,0.02297977434528956,500,weighted_rerank,identity-cluster-weighted-rerank-v1,,continuous_outcome
geometry,lfw,edgeface-a348c305af33c223b337,pq,pq_512_m128_b8,quadrant_bottom_right,reconstruction_mse,9055,1674,,,,-0.007244040267193793,0.95,-0.03489452013879505,0.02283731543437054,500,weighted_rerank,identity-cluster-weighted-rerank-v1,,continuous_outcome
geometry,lfw,edgeface-a348c305af33c223b337,pq,pq_512_m128_b8,quadrant_bottom_right,cosine_to_origin,9055,1674,,,,0.00730503402604316,0.95,-0.022979774345289562,0.03489448399379545,500,weighted_rerank,identity-cluster-weighted-rerank-v1,,continuous_outcome
geometry,lfw,edgeface-a348c305af33c223b337,pq,pq_512_m128_b8,left_eye_attention,angular_error_rad,9055,1674,,,,-0.0023318974721025522,0.95,-0.034430394740428846,0.03288078735326442,500,weighted_rerank,identity-cluster-weighted-rerank-v1,,continuous_outcome
geometry,lfw,edgeface-a348c305af33c223b337,pq,pq_512_m128_b8,left_eye_attention,reconstruction_mse,9055,1674,,,,-0.002376460571807117,0.95,-0.03449592610061378,0.032961914337930394,500,weighted_rerank,identity-cluster-weighted-rerank-v1,,continuous_outcome
geometry,lfw,edgeface-a348c305af33c223b337,pq,pq_512_m128_b8,left_eye_attention,cosine_to_origin,9055,1674,,,,0.0023318974721025522,0.95,-0.03288078735326442,0.03443039474042884,500,weighted_rerank,identity-cluster-weighted-rerank-v1,,continuous_outcome
geometry,lfw,edgeface-a348c305af33c223b337,pq,pq_512_m128_b8,right_eye_attention,angular_error_rad,9055,1674,,,,-0.014521081547056943,0.95,-0.0462211123111783,0.017825838140420734,500,weighted_rerank,identity-cluster-weighted-rerank-v1,,continuous_outcome
geometry,lfw,edgeface-a348c305af33c223b337,pq,pq_512_m128_b8,right_eye_attention,reconstruction_mse,9055,1674,,,,-0.01428551041086274,0.95,-0.04598924204514465,0.017867111214979334,500,weighted_rerank,identity-cluster-weighted-rerank-v1,,continuous_outcome
geometry,lfw,edgeface-a348c305af33c223b337,pq,pq_512_m128_b8,right_eye_attention,cosine_to_origin,9055,1674,,,,0.014521081547056943,0.95,-0.017825838140420745,0.046221112311178286,500,weighted_rerank,identity-cluster-weighted-rerank-v1,,continuous_outcome
geometry,lfw,edgeface-a348c305af33c223b337,pq,pq_512_m128_b8,nose_attention,angular_error_rad,9055,1674,,,,-0.009997757002959786,0.95,-0.04893799888854916,0.036571105342676366,500,weighted_rerank,identity-cluster-weighted-rerank-v1,,continuous_outcome
geometry,lfw,edgeface-a348c305af33c223b337,pq,pq_512_m128_b8,nose_attention,reconstruction_mse,9055,1674,,,,-0.009523517505958768,0.95,-0.048349656539916824,0.03711822268856058,500,weighted_rerank,identity-cluster-weighted-rerank-v1,,continuous_outcome
geometry,lfw,edgeface-a348c305af33c223b337,pq,pq_512_m128_b8,nose_attention,cosine_to_origin,9055,1674,,,,0.009997757002959786,0.95,-0.03657110534267637,0.04893799888854915,500,weighted_rerank,identity-cluster-weighted-rerank-v1,,continuous_outcome
geometry,lfw,edgeface-a348c305af33c223b337,pq,pq_512_m128_b8,mouth_attention,angular_error_rad,9055,1674,,,,-0.039817055953909324,0.95,-0.10858658352835632,0.012934052969657099,500,weighted_rerank,identity-cluster-weighted-rerank-v1,,continuous_outcome
geometry,lfw,edgeface-a348c305af33c223b337,pq,pq_512_m128_b8,mouth_attention,reconstruction_mse,9055,1674,,,,-0.03968315702046526,0.95,-0.10819845848362168,0.013005432027051496,500,weighted_rerank,identity-cluster-weighted-rerank-v1,,continuous_outcome
geometry,lfw,edgeface-a348c305af33c223b337,pq,pq_512_m128_b8,mouth_attention,cosine_to_origin,9055,1674,,,,0.039817055953909324,0.95,-0.012934052969657113,0.1085865835283563,500,weighted_rerank,identity-cluster-weighted-rerank-v1,,continuous_outcome
geometry,lfw,edgeface-a348c305af33c223b337,pq,pq_512_m128_b8,left_cheek_attention,angular_error_rad,9055,1674,,,,-0.0409886308140062,0.95,-0.07541630558227903,-0.004256680279667366,500,weighted_rerank,identity-cluster-weighted-rerank-v1,,continuous_outcome
geometry,lfw,edgeface-a348c305af33c223b337,pq,pq_512_m128_b8,left_cheek_attention,reconstruction_mse,9055,1674,,,,-0.0406716216912178,0.95,-0.07520285276669121,-0.00392920684186459,500,weighted_rerank,identity-cluster-weighted-rerank-v1,,continuous_outcome
geometry,lfw,edgeface-a348c305af33c223b337,pq,pq_512_m128_b8,left_cheek_attention,cosine_to_origin,9055,1674,,,,0.0409886308140062,0.95,0.004256680279667355,0.07541630558227903,500,weighted_rerank,identity-cluster-weighted-rerank-v1,,continuous_outcome
geometry,lfw,edgeface-a348c305af33c223b337,pq,pq_512_m128_b8,right_cheek_attention,angular_error_rad,9054,1674,,,,-0.05713788397411082,0.95,-0.0928558405348338,-0.022102923929187016,500,weighted_rerank,identity-cluster-weighted-rerank-v1,,continuous_outcome
geometry,lfw,edgeface-a348c305af33c223b337,pq,pq_512_m128_b8,right_cheek_attention,reconstruction_mse,9054,1674,,,,-0.05691273429284348,0.95,-0.09265069385718729,-0.021917300782436096,500,weighted_rerank,identity-cluster-weighted-rerank-v1,,continuous_outcome
geometry,lfw,edgeface-a348c305af33c223b337,pq,pq_512_m128_b8,right_cheek_attention,cosine_to_origin,9054,1674,,,,0.05713788397411082,0.95,0.022102923929187012,0.09285584053483377,500,weighted_rerank,identity-cluster-weighted-rerank-v1,,continuous_outcome
geometry,lfw,edgeface-a348c305af33c223b337,pq,pq_512_m128_b8,jaw_attention,angular_error_rad,9055,1674,,,,-0.025111585504228706,0.95,-0.05488047456128662,0.005835536678734141,500,weighted_rerank,identity-cluster-weighted-rerank-v1,,continuous_outcome
geometry,lfw,edgeface-a348c305af33c223b337,pq,pq_512_m128_b8,jaw_attention,reconstruction_mse,9055,1674,,,,-0.02493082389918656,0.95,-0.054565203388162245,0.006091709647839106,500,weighted_rerank,identity-cluster-weighted-rerank-v1,,continuous_outcome
geometry,lfw,edgeface-a348c305af33c223b337,pq,pq_512_m128_b8,jaw_attention,cosine_to_origin,9055,1674,,,,0.025111585504228706,0.95,-0.005835536678734144,0.05488047456128662,500,weighted_rerank,identity-cluster-weighted-rerank-v1,,continuous_outcome
geometry,lfw,edgeface-a348c305af33c223b337,pq,pq_512_m128_b8,face_attention,angular_error_rad,9055,1674,,,,-0.031109059083888443,0.95,-0.08112760946565253,0.017726377345063365,500,weighted_rerank,identity-cluster-weighted-rerank-v1,,continuous_outcome
geometry,lfw,edgeface-a348c305af33c223b337,pq,pq_512_m128_b8,face_attention,reconstruction_mse,9055,1674,,,,-0.030761153517766943,0.95,-0.08088377231456083,0.018530106391034102,500,weighted_rerank,identity-cluster-weighted-rerank-v1,,continuous_outcome
geometry,lfw,edgeface-a348c305af33c223b337,pq,pq_512_m128_b8,face_attention,cosine_to_origin,9055,1674,,,,0.031109059083888443,0.95,-0.01772637734506337,0.08112760946565253,500,weighted_rerank,identity-cluster-weighted-rerank-v1,,continuous_outcome
geometry,lfw,edgeface-a348c305af33c223b337,pq,pq_512_m128_b8,outside_face_attention,angular_error_rad,9055,1674,,,,0.031109059083888443,0.95,-0.01772637734506337,0.08112760946565253,500,weighted_rerank,identity-cluster-weighted-rerank-v1,,continuous_outcome
geometry,lfw,edgeface-a348c305af33c223b337,pq,pq_512_m128_b8,outside_face_attention,reconstruction_mse,9055,1674,,,,0.030761153517766943,0.95,-0.018530106391034112,0.08088377231456081,500,weighted_rerank,identity-cluster-weighted-rerank-v1,,continuous_outcome
geometry,lfw,edgeface-a348c305af33c223b337,pq,pq_512_m128_b8,outside_face_attention,cosine_to_origin,9055,1674,,,,-0.031109059083888443,0.95,-0.08112760946565253,0.017726377345063365,500,weighted_rerank,identity-cluster-weighted-rerank-v1,,continuous_outcome
geometry,lfw,edgeface-a348c305af33c223b337,pq,pq_512_m128_b8,saliency_entropy,angular_error_rad,9055,1674,,,,-0.022387143196775254,0.95,-0.06362251510632261,0.018931476622769984,500,weighted_rerank,identity-cluster-weighted-rerank-v1,,continuous_outcome
geometry,lfw,edgeface-a348c305af33c223b337,pq,pq_512_m128_b8,saliency_entropy,reconstruction_mse,9055,1674,,,,-0.022596123161143525,0.95,-0.06352974824157742,0.01878114911886349,500,weighted_rerank,identity-cluster-weighted-rerank-v1,,continuous_outcome
geometry,lfw,edgeface-a348c305af33c223b337,pq,pq_512_m128_b8,saliency_entropy,cosine_to_origin,9055,1674,,,,0.022387143196775254,0.95,-0.01893147662277001,0.06362251510632261,500,weighted_rerank,identity-cluster-weighted-rerank-v1,,continuous_outcome
geometry,lfw,edgeface-a348c305af33c223b337,pq,pq_512_m128_b8,maximum_region_concentration,angular_error_rad,9055,1674,,,,0.0169106696849618,0.95,-0.011721260103019496,0.048282480882630194,500,weighted_rerank,identity-cluster-weighted-rerank-v1,,continuous_outcome
geometry,lfw,edgeface-a348c305af33c223b337,pq,pq_512_m128_b8,maximum_region_concentration,reconstruction_mse,9055,1674,,,,0.016750601033912974,0.95,-0.011854049913604281,0.04800667740241945,500,weighted_rerank,identity-cluster-weighted-rerank-v1,,continuous_outcome
geometry,lfw,edgeface-a348c305af33c223b337,pq,pq_512_m128_b8,maximum_region_concentration,cosine_to_origin,9055,1674,,,,-0.0169106696849618,0.95,-0.0482824808826302,0.011721260103019491,500,weighted_rerank,identity-cluster-weighted-rerank-v1,,continuous_outcome
geometry,lfw,edgeface-a348c305af33c223b337,pq,pq_512_m128_b8,left_right_asymmetry,angular_error_rad,9055,1674,,,,0.03450514774252527,0.95,-7.711853253943618e-05,0.07196664210859667,500,weighted_rerank,identity-cluster-weighted-rerank-v1,,continuous_outcome
geometry,lfw,edgeface-a348c305af33c223b337,pq,pq_512_m128_b8,left_right_asymmetry,reconstruction_mse,9055,1674,,,,0.03460598794248216,0.95,-3.354622985061278e-05,0.0720552617212455,500,weighted_rerank,identity-cluster-weighted-rerank-v1,,continuous_outcome
geometry,lfw,edgeface-a348c305af33c223b337,pq,pq_512_m128_b8,left_right_asymmetry,cosine_to_origin,9055,1674,,,,-0.03450514774252527,0.95,-0.0719666421085967,7.711853253943542e-05,500,weighted_rerank,identity-cluster-weighted-rerank-v1,,continuous_outcome
geometry,lfw,edgeface-a348c305af33c223b337,pq,pq_512_m128_b8,saliency_center_x,angular_error_rad,9055,1674,,,,0.003354188100200387,0.95,-0.025329799155790898,0.027212132556227384,500,weighted_rerank,identity-cluster-weighted-rerank-v1,,continuous_outcome
geometry,lfw,edgeface-a348c305af33c223b337,pq,pq_512_m128_b8,saliency_center_x,reconstruction_mse,9055,1674,,,,0.003732061077080113,0.95,-0.02507434266645793,0.02746667413521527,500,weighted_rerank,identity-cluster-weighted-rerank-v1,,continuous_outcome
geometry,lfw,edgeface-a348c305af33c223b337,pq,pq_512_m128_b8,saliency_center_x,cosine_to_origin,9055,1674,,,,-0.003354188100200387,0.95,-0.02721213255622739,0.025329799155790894,500,weighted_rerank,identity-cluster-weighted-rerank-v1,,continuous_outcome
geometry,lfw,edgeface-a348c305af33c223b337,pq,pq_512_m128_b8,saliency_center_y,angular_error_rad,9055,1674,,,,-0.013945051883676009,0.95,-0.06179642120889938,0.03142186357372715,500,weighted_rerank,identity-cluster-weighted-rerank-v1,,continuous_outcome
geometry,lfw,edgeface-a348c305af33c223b337,pq,pq_512_m128_b8,saliency_center_y,reconstruction_mse,9055,1674,,,,-0.013891138572004856,0.95,-0.06172226189550923,0.031404404974497487,500,weighted_rerank,identity-cluster-weighted-rerank-v1,,continuous_outcome
geometry,lfw,edgeface-a348c305af33c223b337,pq,pq_512_m128_b8,saliency_center_y,cosine_to_origin,9055,1674,,,,0.013945051883676009,0.95,-0.03142186357372715,0.06179642120889936,500,weighted_rerank,identity-cluster-weighted-rerank-v1,,continuous_outcome
geometry,lfw,edgeface-a348c305af33c223b337,pq,pq_512_m128_b8,saliency_spread,angular_error_rad,9055,1674,,,,0.011395286003055675,0.95,-0.02570784366232892,0.04527670708591802,500,weighted_rerank,identity-cluster-weighted-rerank-v1,,continuous_outcome
geometry,lfw,edgeface-a348c305af33c223b337,pq,pq_512_m128_b8,saliency_spread,reconstruction_mse,9055,1674,,,,0.011363219451720502,0.95,-0.025821629775473,0.045006515316575894,500,weighted_rerank,identity-cluster-weighted-rerank-v1,,continuous_outcome
geometry,lfw,edgeface-a348c305af33c223b337,pq,pq_512_m128_b8,saliency_spread,cosine_to_origin,9055,1674,,,,-0.011395286003055675,0.95,-0.04527670708591802,0.025707843662328894,500,weighted_rerank,identity-cluster-weighted-rerank-v1,,continuous_outcome
geometry,lfw,edgeface-a348c305af33c223b337,pq,pq_512_m16_b8,quadrant_top_left,angular_error_rad,9055,1674,,,,0.023587813570104563,0.95,-0.011134879379238322,0.05943342435272729,500,weighted_rerank,identity-cluster-weighted-rerank-v1,,continuous_outcome
geometry,lfw,edgeface-a348c305af33c223b337,pq,pq_512_m16_b8,quadrant_top_left,reconstruction_mse,9055,1674,,,,0.023967117420057363,0.95,-0.010772940451077464,0.059821100912052824,500,weighted_rerank,identity-cluster-weighted-rerank-v1,,continuous_outcome
geometry,lfw,edgeface-a348c305af33c223b337,pq,pq_512_m16_b8,quadrant_top_left,cosine_to_origin,9055,1674,,,,-0.023587813570104563,0.95,-0.05943342435272729,0.011134879379238313,500,weighted_rerank,identity-cluster-weighted-rerank-v1,,continuous_outcome
geometry,lfw,edgeface-a348c305af33c223b337,pq,pq_512_m16_b8,quadrant_top_right,angular_error_rad,9055,1674,,,,0.01096902781172672,0.95,-0.025860148436373274,0.045493687182673034,500,weighted_rerank,identity-cluster-weighted-rerank-v1,,continuous_outcome
geometry,lfw,edgeface-a348c305af33c223b337,pq,pq_512_m16_b8,quadrant_top_right,reconstruction_mse,9055,1674,,,,0.011037746619459997,0.95,-0.026074062201224792,0.04617725944835149,500,weighted_rerank,identity-cluster-weighted-rerank-v1,,continuous_outcome
geometry,lfw,edgeface-a348c305af33c223b337,pq,pq_512_m16_b8,quadrant_top_right,cosine_to_origin,9055,1674,,,,-0.01096902781172672,0.95,-0.045493687182673034,0.025860148436373256,500,weighted_rerank,identity-cluster-weighted-rerank-v1,,continuous_outcome
geometry,lfw,edgeface-a348c305af33c223b337,pq,pq_512_m16_b8,quadrant_bottom_left,angular_error_rad,9055,1674,,,,-0.026440679229569424,0.95,-0.07248676123488383,0.020050938599124192,500,weighted_rerank,identity-cluster-weighted-rerank-v1,,continuous_outcome
geometry,lfw,edgeface-a348c305af33c223b337,pq,pq_512_m16_b8,quadrant_bottom_left,reconstruction_mse,9055,1674,,,,-0.026280940677928837,0.95,-0.07265086354912095,0.020335278431625737,500,weighted_rerank,identity-cluster-weighted-rerank-v1,,continuous_outcome
geometry,lfw,edgeface-a348c305af33c223b337,pq,pq_512_m16_b8,quadrant_bottom_left,cosine_to_origin,9055,1674,,,,0.026440679229569424,0.95,-0.020050938599124206,0.0724867612348838,500,weighted_rerank,identity-cluster-weighted-rerank-v1,,continuous_outcome
geometry,lfw,edgeface-a348c305af33c223b337,pq,pq_512_m16_b8,quadrant_bottom_right,angular_error_rad,9055,1674,,,,-0.014640292190305718,0.95,-0.04463075011675115,0.01466256592042623,500,weighted_rerank,identity-cluster-weighted-rerank-v1,,continuous_outcome
geometry,lfw,edgeface-a348c305af33c223b337,pq,pq_512_m16_b8,quadrant_bottom_right,reconstruction_mse,9055,1674,,,,-0.01511849205496733,0.95,-0.04451635653141232,0.014034761934631393,500,weighted_rerank,identity-cluster-weighted-rerank-v1,,continuous_outcome
geometry,lfw,edgeface-a348c305af33c223b337,pq,pq_512_m16_b8,quadrant_bottom_right,cosine_to_origin,9055,1674,,,,0.014640292190305718,0.95,-0.014662565920426243,0.04463075011675114,500,weighted_rerank,identity-cluster-weighted-rerank-v1,,continuous_outcome
geometry,lfw,edgeface-a348c305af33c223b337,pq,pq_512_m16_b8,left_eye_attention,angular_error_rad,9055,1674,,,,0.0004959179678136703,0.95,-0.02865936958362834,0.03186496793570107,500,weighted_rerank,identity-cluster-weighted-rerank-v1,,continuous_outcome
geometry,lfw,edgeface-a348c305af33c223b337,pq,pq_512_m16_b8,left_eye_attention,reconstruction_mse,9055,1674,,,,-8.638649270598783e-06,0.95,-0.029273037763764248,0.03179032792646649,500,weighted_rerank,identity-cluster-weighted-rerank-v1,,continuous_outcome
geometry,lfw,edgeface-a348c305af33c223b337,pq,pq_512_m16_b8,left_eye_attention,cosine_to_origin,9055,1674,,,,-0.0004959179678136703,0.95,-0.03186496793570107,0.028659369583628334,500,weighted_rerank,identity-cluster-weighted-rerank-v1,,continuous_outcome
geometry,lfw,edgeface-a348c305af33c223b337,pq,pq_512_m16_b8,right_eye_attention,angular_error_rad,9055,1674,,,,-0.018309154033472004,0.95,-0.04910981365877922,0.016363780756630673,500,weighted_rerank,identity-cluster-weighted-rerank-v1,,continuous_outcome
geometry,lfw,edgeface-a348c305af33c223b337,pq,pq_512_m16_b8,right_eye_attention,reconstruction_mse,9055,1674,,,,-0.018212491808039643,0.95,-0.04916180422913084,0.016901357698157673,500,weighted_rerank,identity-cluster-weighted-rerank-v1,,continuous_outcome
geometry,lfw,edgeface-a348c305af33c223b337,pq,pq_512_m16_b8,right_eye_attention,cosine_to_origin,9055,1674,,,,0.018309154033472004,0.95,-0.016363780756630676,0.049109813658779214,500,weighted_rerank,identity-cluster-weighted-rerank-v1,,continuous_outcome
geometry,lfw,edgeface-a348c305af33c223b337,pq,pq_512_m16_b8,nose_attention,angular_error_rad,9055,1674,,,,-0.003637087653596246,0.95,-0.03918007231905795,0.03262527718703043,500,weighted_rerank,identity-cluster-weighted-rerank-v1,,continuous_outcome
geometry,lfw,edgeface-a348c305af33c223b337,pq,pq_512_m16_b8,nose_attention,reconstruction_mse,9055,1674,,,,-0.003879299120143963,0.95,-0.03930222900982813,0.03300209866260938,500,weighted_rerank,identity-cluster-weighted-rerank-v1,,continuous_outcome
geometry,lfw,edgeface-a348c305af33c223b337,pq,pq_512_m16_b8,nose_attention,cosine_to_origin,9055,1674,,,,0.003637087653596246,0.95,-0.03262527718703043,0.03918007231905794,500,weighted_rerank,identity-cluster-weighted-rerank-v1,,continuous_outcome
geometry,lfw,edgeface-a348c305af33c223b337,pq,pq_512_m16_b8,mouth_attention,angular_error_rad,9055,1674,,,,-0.04447972115930275,0.95,-0.11084652813834418,0.00615876436010282,500,weighted_rerank,identity-cluster-weighted-rerank-v1,,continuous_outcome
geometry,lfw,edgeface-a348c305af33c223b337,pq,pq_512_m16_b8,mouth_attention,reconstruction_mse,9055,1674,,,,-0.04336053205685595,0.95,-0.11017161160612643,0.008111664357332286,500,weighted_rerank,identity-cluster-weighted-rerank-v1,,continuous_outcome
geometry,lfw,edgeface-a348c305af33c223b337,pq,pq_512_m16_b8,mouth_attention,cosine_to_origin,9055,1674,,,,0.04447972115930275,0.95,-0.006158764360102833,0.11084652813834411,500,weighted_rerank,identity-cluster-weighted-rerank-v1,,continuous_outcome
geometry,lfw,edgeface-a348c305af33c223b337,pq,pq_512_m16_b8,left_cheek_attention,angular_error_rad,9055,1674,,,,-0.040943219396921575,0.95,-0.0754463255117529,-0.00516133993278207,500,weighted_rerank,identity-cluster-weighted-rerank-v1,,continuous_outcome
geometry,lfw,edgeface-a348c305af33c223b337,pq,pq_512_m16_b8,left_cheek_attention,reconstruction_mse,9055,1674,,,,-0.04057660806144998,0.95,-0.07543594286435565,-0.005156668251790935,500,weighted_rerank,identity-cluster-weighted-rerank-v1,,continuous_outcome
geometry,lfw,edgeface-a348c305af33c223b337,pq,pq_512_m16_b8,left_cheek_attention,cosine_to_origin,9055,1674,,,,0.040943219396921575,0.95,0.005161339932782069,0.07544632551175286,500,weighted_rerank,identity-cluster-weighted-rerank-v1,,continuous_outcome
geometry,lfw,edgeface-a348c305af33c223b337,pq,pq_512_m16_b8,right_cheek_attention,angular_error_rad,9054,1674,,,,-0.05482846368021329,0.95,-0.08690688395168104,-0.021646449395699235,500,weighted_rerank,identity-cluster-weighted-rerank-v1,,continuous_outcome
geometry,lfw,edgeface-a348c305af33c223b337,pq,pq_512_m16_b8,right_cheek_attention,reconstruction_mse,9054,1674,,,,-0.055347849186542786,0.95,-0.0876936730745245,-0.02250334983740835,500,weighted_rerank,identity-cluster-weighted-rerank-v1,,continuous_outcome
geometry,lfw,edgeface-a348c305af33c223b337,pq,pq_512_m16_b8,right_cheek_attention,cosine_to_origin,9054,1674,,,,0.05482846368021329,0.95,0.02164644939569923,0.08690688395168104,500,weighted_rerank,identity-cluster-weighted-rerank-v1,,continuous_outcome
geometry,lfw,edgeface-a348c305af33c223b337,pq,pq_512_m16_b8,jaw_attention,angular_error_rad,9055,1674,,,,-0.03017029393634028,0.95,-0.06358120402373828,-0.00016622517634071844,500,weighted_rerank,identity-cluster-weighted-rerank-v1,,continuous_outcome
geometry,lfw,edgeface-a348c305af33c223b337,pq,pq_512_m16_b8,jaw_attention,reconstruction_mse,9055,1674,,,,-0.030460460112848215,0.95,-0.06410900089745596,3.1640387055935576e-05,500,weighted_rerank,identity-cluster-weighted-rerank-v1,,continuous_outcome
geometry,lfw,edgeface-a348c305af33c223b337,pq,pq_512_m16_b8,jaw_attention,cosine_to_origin,9055,1674,,,,0.03017029393634028,0.95,0.00016622517634071117,0.06358120402373825,500,weighted_rerank,identity-cluster-weighted-rerank-v1,,continuous_outcome
geometry,lfw,edgeface-a348c305af33c223b337,pq,pq_512_m16_b8,face_attention,angular_error_rad,9055,1674,,,,-0.03471593704006681,0.95,-0.07881019117178018,0.011470694850614527,500,weighted_rerank,identity-cluster-weighted-rerank-v1,,continuous_outcome
geometry,lfw,edgeface-a348c305af33c223b337,pq,pq_512_m16_b8,face_attention,reconstruction_mse,9055,1674,,,,-0.03464144166349934,0.95,-0.07918424832995674,0.011816038506638572,500,weighted_rerank,identity-cluster-weighted-rerank-v1,,continuous_outcome
geometry,lfw,edgeface-a348c305af33c223b337,pq,pq_512_m16_b8,face_attention,cosine_to_origin,9055,1674,,,,0.03471593704006681,0.95,-0.011470694850614544,0.07881019117178013,500,weighted_rerank,identity-cluster-weighted-rerank-v1,,continuous_outcome
geometry,lfw,edgeface-a348c305af33c223b337,pq,pq_512_m16_b8,outside_face_attention,angular_error_rad,9055,1674,,,,0.03471593704006681,0.95,-0.011470694850614544,0.07881019117178013,500,weighted_rerank,identity-cluster-weighted-rerank-v1,,continuous_outcome
geometry,lfw,edgeface-a348c305af33c223b337,pq,pq_512_m16_b8,outside_face_attention,reconstruction_mse,9055,1674,,,,0.03464144166349934,0.95,-0.011816038506638595,0.0791842483299567,500,weighted_rerank,identity-cluster-weighted-rerank-v1,,continuous_outcome
geometry,lfw,edgeface-a348c305af33c223b337,pq,pq_512_m16_b8,outside_face_attention,cosine_to_origin,9055,1674,,,,-0.03471593704006681,0.95,-0.07881019117178018,0.011470694850614527,500,weighted_rerank,identity-cluster-weighted-rerank-v1,,continuous_outcome
geometry,lfw,edgeface-a348c305af33c223b337,pq,pq_512_m16_b8,saliency_entropy,angular_error_rad,9055,1674,,,,-0.029011928758737517,0.95,-0.0738666485808408,0.016863402254744093,500,weighted_rerank,identity-cluster-weighted-rerank-v1,,continuous_outcome
geometry,lfw,edgeface-a348c305af33c223b337,pq,pq_512_m16_b8,saliency_entropy,reconstruction_mse,9055,1674,,,,-0.028599884527189683,0.95,-0.07372438781765218,0.016858125331249186,500,weighted_rerank,identity-cluster-weighted-rerank-v1,,continuous_outcome
geometry,lfw,edgeface-a348c305af33c223b337,pq,pq_512_m16_b8,saliency_entropy,cosine_to_origin,9055,1674,,,,0.029011928758737517,0.95,-0.016863402254744107,0.0738666485808408,500,weighted_rerank,identity-cluster-weighted-rerank-v1,,continuous_outcome
geometry,lfw,edgeface-a348c305af33c223b337,pq,pq_512_m16_b8,maximum_region_concentration,angular_error_rad,9055,1674,,,,0.024532284805858822,0.95,-0.006751124482920307,0.05520189726555682,500,weighted_rerank,identity-cluster-weighted-rerank-v1,,continuous_outcome
geometry,lfw,edgeface-a348c305af33c223b337,pq,pq_512_m16_b8,maximum_region_concentration,reconstruction_mse,9055,1674,,,,0.024172262461665164,0.95,-0.00725346497195457,0.054691837734832376,500,weighted_rerank,identity-cluster-weighted-rerank-v1,,continuous_outcome
geometry,lfw,edgeface-a348c305af33c223b337,pq,pq_512_m16_b8,maximum_region_concentration,cosine_to_origin,9055,1674,,,,-0.024532284805858822,0.95,-0.055201897265556826,0.006751124482920307,500,weighted_rerank,identity-cluster-weighted-rerank-v1,,continuous_outcome
geometry,lfw,edgeface-a348c305af33c223b337,pq,pq_512_m16_b8,left_right_asymmetry,angular_error_rad,9055,1674,,,,0.03902582432513409,0.95,0.0023619328012598273,0.08038295379130338,500,weighted_rerank,identity-cluster-weighted-rerank-v1,,continuous_outcome
geometry,lfw,edgeface-a348c305af33c223b337,pq,pq_512_m16_b8,left_right_asymmetry,reconstruction_mse,9055,1674,,,,0.038891952540230854,0.95,0.0016089049878247896,0.08064459705480548,500,weighted_rerank,identity-cluster-weighted-rerank-v1,,continuous_outcome
geometry,lfw,edgeface-a348c305af33c223b337,pq,pq_512_m16_b8,left_right_asymmetry,cosine_to_origin,9055,1674,,,,-0.03902582432513409,0.95,-0.08038295379130339,-0.0023619328012598286,500,weighted_rerank,identity-cluster-weighted-rerank-v1,,continuous_outcome
geometry,lfw,edgeface-a348c305af33c223b337,pq,pq_512_m16_b8,saliency_center_x,angular_error_rad,9055,1674,,,,-0.004082182595806024,0.95,-0.029312764874518508,0.018769068393242223,500,weighted_rerank,identity-cluster-weighted-rerank-v1,,continuous_outcome
geometry,lfw,edgeface-a348c305af33c223b337,pq,pq_512_m16_b8,saliency_center_x,reconstruction_mse,9055,1674,,,,-0.004112735975834228,0.95,-0.02946154486623682,0.018892193778953566,500,weighted_rerank,identity-cluster-weighted-rerank-v1,,continuous_outcome
geometry,lfw,edgeface-a348c305af33c223b337,pq,pq_512_m16_b8,saliency_center_x,cosine_to_origin,9055,1674,,,,0.004082182595806024,0.95,-0.018769068393242223,0.029312764874518508,500,weighted_rerank,identity-cluster-weighted-rerank-v1,,continuous_outcome
geometry,lfw,edgeface-a348c305af33c223b337,pq,pq_512_m16_b8,saliency_center_y,angular_error_rad,9055,1674,,,,-0.018035723927902744,0.95,-0.06270312125765987,0.027711328480604456,500,weighted_rerank,identity-cluster-weighted-rerank-v1,,continuous_outcome
geometry,lfw,edgeface-a348c305af33c223b337,pq,pq_512_m16_b8,saliency_center_y,reconstruction_mse,9055,1674,,,,-0.01793656055999855,0.95,-0.06254609668575535,0.027856315787572184,500,weighted_rerank,identity-cluster-weighted-rerank-v1,,continuous_outcome
geometry,lfw,edgeface-a348c305af33c223b337,pq,pq_512_m16_b8,saliency_center_y,cosine_to_origin,9055,1674,,,,0.018035723927902744,0.95,-0.027711328480604456,0.06270312125765987,500,weighted_rerank,identity-cluster-weighted-rerank-v1,,continuous_outcome
geometry,lfw,edgeface-a348c305af33c223b337,pq,pq_512_m16_b8,saliency_spread,angular_error_rad,9055,1674,,,,0.011111221806820391,0.95,-0.02540762637127257,0.04488888887773744,500,weighted_rerank,identity-cluster-weighted-rerank-v1,,continuous_outcome
geometry,lfw,edgeface-a348c305af33c223b337,pq,pq_512_m16_b8,saliency_spread,reconstruction_mse,9055,1674,,,,0.011511605888601143,0.95,-0.025382127305479323,0.04522213718517071,500,weighted_rerank,identity-cluster-weighted-rerank-v1,,continuous_outcome
geometry,lfw,edgeface-a348c305af33c223b337,pq,pq_512_m16_b8,saliency_spread,cosine_to_origin,9055,1674,,,,-0.011111221806820391,0.95,-0.04488888887773746,0.02540762637127257,500,weighted_rerank,identity-cluster-weighted-rerank-v1,,continuous_outcome
geometry,lfw,edgeface-a348c305af33c223b337,pq,pq_512_m32_b8,quadrant_top_left,angular_error_rad,9055,1674,,,,0.02418501475087034,0.95,-0.009093453601432473,0.06344433558544135,500,weighted_rerank,identity-cluster-weighted-rerank-v1,,continuous_outcome
geometry,lfw,edgeface-a348c305af33c223b337,pq,pq_512_m32_b8,quadrant_top_left,reconstruction_mse,9055,1674,,,,0.02443236270257967,0.95,-0.009497998261317064,0.06373936481369431,500,weighted_rerank,identity-cluster-weighted-rerank-v1,,continuous_outcome
geometry,lfw,edgeface-a348c305af33c223b337,pq,pq_512_m32_b8,quadrant_top_left,cosine_to_origin,9055,1674,,,,-0.02418501475087034,0.95,-0.06344433558544137,0.00909345360143247,500,weighted_rerank,identity-cluster-weighted-rerank-v1,,continuous_outcome
geometry,lfw,edgeface-a348c305af33c223b337,pq,pq_512_m32_b8,quadrant_top_right,angular_error_rad,9055,1674,,,,0.015739025205094626,0.95,-0.02249979754083863,0.05387736725532607,500,weighted_rerank,identity-cluster-weighted-rerank-v1,,continuous_outcome
geometry,lfw,edgeface-a348c305af33c223b337,pq,pq_512_m32_b8,quadrant_top_right,reconstruction_mse,9055,1674,,,,0.01594014614445718,0.95,-0.02243138469953699,0.05414100687165264,500,weighted_rerank,identity-cluster-weighted-rerank-v1,,continuous_outcome
geometry,lfw,edgeface-a348c305af33c223b337,pq,pq_512_m32_b8,quadrant_top_right,cosine_to_origin,9055,1674,,,,-0.015739025205094626,0.95,-0.053877367255326075,0.022499797540838626,500,weighted_rerank,identity-cluster-weighted-rerank-v1,,continuous_outcome
geometry,lfw,edgeface-a348c305af33c223b337,pq,pq_512_m32_b8,quadrant_bottom_left,angular_error_rad,9055,1674,,,,-0.031714680478328594,0.95,-0.07808524514364537,0.011057813370894998,500,weighted_rerank,identity-cluster-weighted-rerank-v1,,continuous_outcome
geometry,lfw,edgeface-a348c305af33c223b337,pq,pq_512_m32_b8,quadrant_bottom_left,reconstruction_mse,9055,1674,,,,-0.032002571467147994,0.95,-0.0782107050263679,0.010941779235108253,500,weighted_rerank,identity-cluster-weighted-rerank-v1,,continuous_outcome
geometry,lfw,edgeface-a348c305af33c223b337,pq,pq_512_m32_b8,quadrant_bottom_left,cosine_to_origin,9055,1674,,,,0.031714680478328594,0.95,-0.011057813370895005,0.07808524514364537,500,weighted_rerank,identity-cluster-weighted-rerank-v1,,continuous_outcome
geometry,lfw,edgeface-a348c305af33c223b337,pq,pq_512_m32_b8,quadrant_bottom_right,angular_error_rad,9055,1674,,,,-0.015446041550020724,0.95,-0.04821097411899299,0.010623494018966345,500,weighted_rerank,identity-cluster-weighted-rerank-v1,,continuous_outcome
geometry,lfw,edgeface-a348c305af33c223b337,pq,pq_512_m32_b8,quadrant_bottom_right,reconstruction_mse,9055,1674,,,,-0.015580251413553325,0.95,-0.04836866232594065,0.010388745305366149,500,weighted_rerank,identity-cluster-weighted-rerank-v1,,continuous_outcome
geometry,lfw,edgeface-a348c305af33c223b337,pq,pq_512_m32_b8,quadrant_bottom_right,cosine_to_origin,9055,1674,,,,0.015446041550020724,0.95,-0.010623494018966352,0.04821097411899298,500,weighted_rerank,identity-cluster-weighted-rerank-v1,,continuous_outcome
geometry,lfw,edgeface-a348c305af33c223b337,pq,pq_512_m32_b8,left_eye_attention,angular_error_rad,9055,1674,,,,-0.0033994125155389168,0.95,-0.03466057366620745,0.02959741039372961,500,weighted_rerank,identity-cluster-weighted-rerank-v1,,continuous_outcome
geometry,lfw,edgeface-a348c305af33c223b337,pq,pq_512_m32_b8,left_eye_attention,reconstruction_mse,9055,1674,,,,-0.00319969581122448,0.95,-0.03469985835908314,0.02999582239646538,500,weighted_rerank,identity-cluster-weighted-rerank-v1,,continuous_outcome
geometry,lfw,edgeface-a348c305af33c223b337,pq,pq_512_m32_b8,left_eye_attention,cosine_to_origin,9055,1674,,,,0.0033994125155389168,0.95,-0.029597410393729612,0.03466057366620743,500,weighted_rerank,identity-cluster-weighted-rerank-v1,,continuous_outcome
geometry,lfw,edgeface-a348c305af33c223b337,pq,pq_512_m32_b8,right_eye_attention,angular_error_rad,9055,1674,,,,-0.015610397940036984,0.95,-0.051035947593677806,0.018016066063552882,500,weighted_rerank,identity-cluster-weighted-rerank-v1,,continuous_outcome
geometry,lfw,edgeface-a348c305af33c223b337,pq,pq_512_m32_b8,right_eye_attention,reconstruction_mse,9055,1674,,,,-0.015270191982458813,0.95,-0.05093236043555366,0.018621966448611624,500,weighted_rerank,identity-cluster-weighted-rerank-v1,,continuous_outcome
geometry,lfw,edgeface-a348c305af33c223b337,pq,pq_512_m32_b8,right_eye_attention,cosine_to_origin,9055,1674,,,,0.015610397940036984,0.95,-0.018016066063552882,0.051035947593677806,500,weighted_rerank,identity-cluster-weighted-rerank-v1,,continuous_outcome
geometry,lfw,edgeface-a348c305af33c223b337,pq,pq_512_m32_b8,nose_attention,angular_error_rad,9055,1674,,,,-0.003202045455183964,0.95,-0.03983385511354592,0.03889403403415502,500,weighted_rerank,identity-cluster-weighted-rerank-v1,,continuous_outcome
geometry,lfw,edgeface-a348c305af33c223b337,pq,pq_512_m32_b8,nose_attention,reconstruction_mse,9055,1674,,,,-0.0033353742765869572,0.95,-0.04005314307347138,0.039000812434628274,500,weighted_rerank,identity-cluster-weighted-rerank-v1,,continuous_outcome
geometry,lfw,edgeface-a348c305af33c223b337,pq,pq_512_m32_b8,nose_attention,cosine_to_origin,9055,1674,,,,0.003202045455183964,0.95,-0.03889403403415502,0.03983385511354591,500,weighted_rerank,identity-cluster-weighted-rerank-v1,,continuous_outcome
geometry,lfw,edgeface-a348c305af33c223b337,pq,pq_512_m32_b8,mouth_attention,angular_error_rad,9055,1674,,,,-0.04565212552979964,0.95,-0.11461777352935452,0.005660517228210273,500,weighted_rerank,identity-cluster-weighted-rerank-v1,,continuous_outcome
geometry,lfw,edgeface-a348c305af33c223b337,pq,pq_512_m32_b8,mouth_attention,reconstruction_mse,9055,1674,,,,-0.04593619726911766,0.95,-0.11497257118010772,0.005024517855286983,500,weighted_rerank,identity-cluster-weighted-rerank-v1,,continuous_outcome
geometry,lfw,edgeface-a348c305af33c223b337,pq,pq_512_m32_b8,mouth_attention,cosine_to_origin,9055,1674,,,,0.04565212552979964,0.95,-0.005660517228210279,0.1146177735293545,500,weighted_rerank,identity-cluster-weighted-rerank-v1,,continuous_outcome
geometry,lfw,edgeface-a348c305af33c223b337,pq,pq_512_m32_b8,left_cheek_attention,angular_error_rad,9055,1674,,,,-0.046390280442684756,0.95,-0.07953088705967466,-0.010247046921230163,500,weighted_rerank,identity-cluster-weighted-rerank-v1,,continuous_outcome
geometry,lfw,edgeface-a348c305af33c223b337,pq,pq_512_m32_b8,left_cheek_attention,reconstruction_mse,9055,1674,,,,-0.04652918812954535,0.95,-0.07936437899877914,-0.010436173169339208,500,weighted_rerank,identity-cluster-weighted-rerank-v1,,continuous_outcome
geometry,lfw,edgeface-a348c305af33c223b337,pq,pq_512_m32_b8,left_cheek_attention,cosine_to_origin,9055,1674,,,,0.046390280442684756,0.95,0.01024704692123016,0.07953088705967466,500,weighted_rerank,identity-cluster-weighted-rerank-v1,,continuous_outcome
geometry,lfw,edgeface-a348c305af33c223b337,pq,pq_512_m32_b8,right_cheek_attention,angular_error_rad,9054,1674,,,,-0.05683432212339666,0.95,-0.09113082542751165,-0.020555408032104577,500,weighted_rerank,identity-cluster-weighted-rerank-v1,,continuous_outcome
geometry,lfw,edgeface-a348c305af33c223b337,pq,pq_512_m32_b8,right_cheek_attention,reconstruction_mse,9054,1674,,,,-0.05723251000998194,0.95,-0.0917190464493165,-0.021144206496023818,500,weighted_rerank,identity-cluster-weighted-rerank-v1,,continuous_outcome
geometry,lfw,edgeface-a348c305af33c223b337,pq,pq_512_m32_b8,right_cheek_attention,cosine_to_origin,9054,1674,,,,0.05683432212339666,0.95,0.020555408032104573,0.09113082542751165,500,weighted_rerank,identity-cluster-weighted-rerank-v1,,continuous_outcome
geometry,lfw,edgeface-a348c305af33c223b337,pq,pq_512_m32_b8,jaw_attention,angular_error_rad,9055,1674,,,,-0.02961786361022479,0.95,-0.060621797837220076,0.004479569034064404,500,weighted_rerank,identity-cluster-weighted-rerank-v1,,continuous_outcome
geometry,lfw,edgeface-a348c305af33c223b337,pq,pq_512_m32_b8,jaw_attention,reconstruction_mse,9055,1674,,,,-0.030352630075890546,0.95,-0.061388614293942524,0.003912168903249472,500,weighted_rerank,identity-cluster-weighted-rerank-v1,,continuous_outcome
geometry,lfw,edgeface-a348c305af33c223b337,pq,pq_512_m32_b8,jaw_attention,cosine_to_origin,9055,1674,,,,0.02961786361022479,0.95,-0.004479569034064412,0.06062179783722007,500,weighted_rerank,identity-cluster-weighted-rerank-v1,,continuous_outcome
geometry,lfw,edgeface-a348c305af33c223b337,pq,pq_512_m32_b8,face_attention,angular_error_rad,9055,1674,,,,-0.030963172879232597,0.95,-0.0881084249825351,0.01676710129939787,500,weighted_rerank,identity-cluster-weighted-rerank-v1,,continuous_outcome
geometry,lfw,edgeface-a348c305af33c223b337,pq,pq_512_m32_b8,face_attention,reconstruction_mse,9055,1674,,,,-0.03080402303310057,0.95,-0.08791460073836081,0.016745488639794946,500,weighted_rerank,identity-cluster-weighted-rerank-v1,,continuous_outcome
geometry,lfw,edgeface-a348c305af33c223b337,pq,pq_512_m32_b8,face_attention,cosine_to_origin,9055,1674,,,,0.030963172879232597,0.95,-0.016767101299397874,0.08810842498253509,500,weighted_rerank,identity-cluster-weighted-rerank-v1,,continuous_outcome
geometry,lfw,edgeface-a348c305af33c223b337,pq,pq_512_m32_b8,outside_face_attention,angular_error_rad,9055,1674,,,,0.030963172879232597,0.95,-0.016767101299397874,0.08810842498253509,500,weighted_rerank,identity-cluster-weighted-rerank-v1,,continuous_outcome
geometry,lfw,edgeface-a348c305af33c223b337,pq,pq_512_m32_b8,outside_face_attention,reconstruction_mse,9055,1674,,,,0.03080402303310057,0.95,-0.016745488639794952,0.08791460073836081,500,weighted_rerank,identity-cluster-weighted-rerank-v1,,continuous_outcome
geometry,lfw,edgeface-a348c305af33c223b337,pq,pq_512_m32_b8,outside_face_attention,cosine_to_origin,9055,1674,,,,-0.030963172879232597,0.95,-0.0881084249825351,0.01676710129939787,500,weighted_rerank,identity-cluster-weighted-rerank-v1,,continuous_outcome
geometry,lfw,edgeface-a348c305af33c223b337,pq,pq_512_m32_b8,saliency_entropy,angular_error_rad,9055,1674,,,,-0.03118129223651446,0.95,-0.07270201330654023,0.01768888025616293,500,weighted_rerank,identity-cluster-weighted-rerank-v1,,continuous_outcome
geometry,lfw,edgeface-a348c305af33c223b337,pq,pq_512_m32_b8,saliency_entropy,reconstruction_mse,9055,1674,,,,-0.03118153083949322,0.95,-0.0726291986265755,0.01689792861968971,500,weighted_rerank,identity-cluster-weighted-rerank-v1,,continuous_outcome
geometry,lfw,edgeface-a348c305af33c223b337,pq,pq_512_m32_b8,saliency_entropy,cosine_to_origin,9055,1674,,,,0.03118129223651446,0.95,-0.017688880256162946,0.07270201330654023,500,weighted_rerank,identity-cluster-weighted-rerank-v1,,continuous_outcome
geometry,lfw,edgeface-a348c305af33c223b337,pq,pq_512_m32_b8,maximum_region_concentration,angular_error_rad,9055,1674,,,,0.025401801370846393,0.95,-0.006101876490839878,0.05837137938083239,500,weighted_rerank,identity-cluster-weighted-rerank-v1,,continuous_outcome
geometry,lfw,edgeface-a348c305af33c223b337,pq,pq_512_m32_b8,maximum_region_concentration,reconstruction_mse,9055,1674,,,,0.0256525110741031,0.95,-0.005601155661009516,0.05838822397179258,500,weighted_rerank,identity-cluster-weighted-rerank-v1,,continuous_outcome
geometry,lfw,edgeface-a348c305af33c223b337,pq,pq_512_m32_b8,maximum_region_concentration,cosine_to_origin,9055,1674,,,,-0.025401801370846393,0.95,-0.058371379380832394,0.006101876490839864,500,weighted_rerank,identity-cluster-weighted-rerank-v1,,continuous_outcome
geometry,lfw,edgeface-a348c305af33c223b337,pq,pq_512_m32_b8,left_right_asymmetry,angular_error_rad,9055,1674,,,,0.04153749698744401,0.95,-0.001973770733397352,0.08018021422513034,500,weighted_rerank,identity-cluster-weighted-rerank-v1,,continuous_outcome
geometry,lfw,edgeface-a348c305af33c223b337,pq,pq_512_m32_b8,left_right_asymmetry,reconstruction_mse,9055,1674,,,,0.041399744126127534,0.95,-0.0020976547325833607,0.07972999809661238,500,weighted_rerank,identity-cluster-weighted-rerank-v1,,continuous_outcome
geometry,lfw,edgeface-a348c305af33c223b337,pq,pq_512_m32_b8,left_right_asymmetry,cosine_to_origin,9055,1674,,,,-0.04153749698744401,0.95,-0.08018021422513036,0.00197377073339735,500,weighted_rerank,identity-cluster-weighted-rerank-v1,,continuous_outcome
geometry,lfw,edgeface-a348c305af33c223b337,pq,pq_512_m32_b8,saliency_center_x,angular_error_rad,9055,1674,,,,0.001609252258213204,0.95,-0.023732122992137047,0.02491927722228997,500,weighted_rerank,identity-cluster-weighted-rerank-v1,,continuous_outcome
geometry,lfw,edgeface-a348c305af33c223b337,pq,pq_512_m32_b8,saliency_center_x,reconstruction_mse,9055,1674,,,,0.0016037358146630684,0.95,-0.023728895843055303,0.025111357400720742,500,weighted_rerank,identity-cluster-weighted-rerank-v1,,continuous_outcome
geometry,lfw,edgeface-a348c305af33c223b337,pq,pq_512_m32_b8,saliency_center_x,cosine_to_origin,9055,1674,,,,-0.001609252258213204,0.95,-0.024919277222289975,0.023732122992137034,500,weighted_rerank,identity-cluster-weighted-rerank-v1,,continuous_outcome
geometry,lfw,edgeface-a348c305af33c223b337,pq,pq_512_m32_b8,saliency_center_y,angular_error_rad,9055,1674,,,,-0.021365674047841655,0.95,-0.07136328378724742,0.021534641259090905,500,weighted_rerank,identity-cluster-weighted-rerank-v1,,continuous_outcome
geometry,lfw,edgeface-a348c305af33c223b337,pq,pq_512_m32_b8,saliency_center_y,reconstruction_mse,9055,1674,,,,-0.02141271538401206,0.95,-0.07176699396279997,0.021050540081842192,500,weighted_rerank,identity-cluster-weighted-rerank-v1,,continuous_outcome
geometry,lfw,edgeface-a348c305af33c223b337,pq,pq_512_m32_b8,saliency_center_y,cosine_to_origin,9055,1674,,,,0.021365674047841655,0.95,-0.02153464125909091,0.07136328378724739,500,weighted_rerank,identity-cluster-weighted-rerank-v1,,continuous_outcome
geometry,lfw,edgeface-a348c305af33c223b337,pq,pq_512_m32_b8,saliency_spread,angular_error_rad,9055,1674,,,,0.006251012860300795,0.95,-0.030591345864713446,0.044653441793553544,500,weighted_rerank,identity-cluster-weighted-rerank-v1,,continuous_outcome
geometry,lfw,edgeface-a348c305af33c223b337,pq,pq_512_m32_b8,saliency_spread,reconstruction_mse,9055,1674,,,,0.006145380141577897,0.95,-0.0306883933632526,0.044411675780239156,500,weighted_rerank,identity-cluster-weighted-rerank-v1,,continuous_outcome
geometry,lfw,edgeface-a348c305af33c223b337,pq,pq_512_m32_b8,saliency_spread,cosine_to_origin,9055,1674,,,,-0.006251012860300795,0.95,-0.044653441793553565,0.030591345864713442,500,weighted_rerank,identity-cluster-weighted-rerank-v1,,continuous_outcome
geometry,lfw,edgeface-a348c305af33c223b337,pq,pq_512_m64_b8,quadrant_top_left,angular_error_rad,9055,1674,,,,0.019620679133754117,0.95,-0.016501495481911068,0.05616363555224374,500,weighted_rerank,identity-cluster-weighted-rerank-v1,,continuous_outcome
geometry,lfw,edgeface-a348c305af33c223b337,pq,pq_512_m64_b8,quadrant_top_left,reconstruction_mse,9055,1674,,,,0.019813614958125357,0.95,-0.01630461705498596,0.056200065243416,500,weighted_rerank,identity-cluster-weighted-rerank-v1,,continuous_outcome
geometry,lfw,edgeface-a348c305af33c223b337,pq,pq_512_m64_b8,quadrant_top_left,cosine_to_origin,9055,1674,,,,-0.019620679133754117,0.95,-0.05616363555224376,0.016501495481911047,500,weighted_rerank,identity-cluster-weighted-rerank-v1,,continuous_outcome
geometry,lfw,edgeface-a348c305af33c223b337,pq,pq_512_m64_b8,quadrant_top_right,angular_error_rad,9055,1674,,,,0.016225272115675343,0.95,-0.02088051342361023,0.050536451947046625,500,weighted_rerank,identity-cluster-weighted-rerank-v1,,continuous_outcome
geometry,lfw,edgeface-a348c305af33c223b337,pq,pq_512_m64_b8,quadrant_top_right,reconstruction_mse,9055,1674,,,,0.016567911251760267,0.95,-0.02054995730112629,0.05087784686591264,500,weighted_rerank,identity-cluster-weighted-rerank-v1,,continuous_outcome
geometry,lfw,edgeface-a348c305af33c223b337,pq,pq_512_m64_b8,quadrant_top_right,cosine_to_origin,9055,1674,,,,-0.016225272115675343,0.95,-0.050536451947046625,0.02088051342361023,500,weighted_rerank,identity-cluster-weighted-rerank-v1,,continuous_outcome
geometry,lfw,edgeface-a348c305af33c223b337,pq,pq_512_m64_b8,quadrant_bottom_left,angular_error_rad,9055,1674,,,,-0.03236583364394391,0.95,-0.0774788109778754,0.011783936488750693,500,weighted_rerank,identity-cluster-weighted-rerank-v1,,continuous_outcome
geometry,lfw,edgeface-a348c305af33c223b337,pq,pq_512_m64_b8,quadrant_bottom_left,reconstruction_mse,9055,1674,,,,-0.032875964114588985,0.95,-0.07805912535186509,0.011213378386869404,500,weighted_rerank,identity-cluster-weighted-rerank-v1,,continuous_outcome
geometry,lfw,edgeface-a348c305af33c223b337,pq,pq_512_m64_b8,quadrant_bottom_left,cosine_to_origin,9055,1674,,,,0.03236583364394391,0.95,-0.011783936488750694,0.0774788109778754,500,weighted_rerank,identity-cluster-weighted-rerank-v1,,continuous_outcome
geometry,lfw,edgeface-a348c305af33c223b337,pq,pq_512_m64_b8,quadrant_bottom_right,angular_error_rad,9055,1674,,,,-0.010420981040879972,0.95,-0.039854044979740474,0.018809578560206503,500,weighted_rerank,identity-cluster-weighted-rerank-v1,,continuous_outcome
geometry,lfw,edgeface-a348c305af33c223b337,pq,pq_512_m64_b8,quadrant_bottom_right,reconstruction_mse,9055,1674,,,,-0.010530285460130427,0.95,-0.040048335359762106,0.018633130101630244,500,weighted_rerank,identity-cluster-weighted-rerank-v1,,continuous_outcome
geometry,lfw,edgeface-a348c305af33c223b337,pq,pq_512_m64_b8,quadrant_bottom_right,cosine_to_origin,9055,1674,,,,0.010420981040879972,0.95,-0.018809578560206503,0.039854044979740454,500,weighted_rerank,identity-cluster-weighted-rerank-v1,,continuous_outcome
geometry,lfw,edgeface-a348c305af33c223b337,pq,pq_512_m64_b8,left_eye_attention,angular_error_rad,9055,1674,,,,-0.006967985234422618,0.95,-0.037658029067710694,0.026432867344839947,500,weighted_rerank,identity-cluster-weighted-rerank-v1,,continuous_outcome
geometry,lfw,edgeface-a348c305af33c223b337,pq,pq_512_m64_b8,left_eye_attention,reconstruction_mse,9055,1674,,,,-0.006776703309650106,0.95,-0.0373704505702013,0.026690180368069926,500,weighted_rerank,identity-cluster-weighted-rerank-v1,,continuous_outcome
geometry,lfw,edgeface-a348c305af33c223b337,pq,pq_512_m64_b8,left_eye_attention,cosine_to_origin,9055,1674,,,,0.006967985234422618,0.95,-0.026432867344839954,0.037658029067710694,500,weighted_rerank,identity-cluster-weighted-rerank-v1,,continuous_outcome
geometry,lfw,edgeface-a348c305af33c223b337,pq,pq_512_m64_b8,right_eye_attention,angular_error_rad,9055,1674,,,,-0.02180812127988541,0.95,-0.05352552139340196,0.015928970271865343,500,weighted_rerank,identity-cluster-weighted-rerank-v1,,continuous_outcome
geometry,lfw,edgeface-a348c305af33c223b337,pq,pq_512_m64_b8,right_eye_attention,reconstruction_mse,9055,1674,,,,-0.0215919706990645,0.95,-0.0533274909075908,0.01617386986052439,500,weighted_rerank,identity-cluster-weighted-rerank-v1,,continuous_outcome
geometry,lfw,edgeface-a348c305af33c223b337,pq,pq_512_m64_b8,right_eye_attention,cosine_to_origin,9055,1674,,,,0.02180812127988541,0.95,-0.015928970271865343,0.053525521393401956,500,weighted_rerank,identity-cluster-weighted-rerank-v1,,continuous_outcome
geometry,lfw,edgeface-a348c305af33c223b337,pq,pq_512_m64_b8,nose_attention,angular_error_rad,9055,1674,,,,-0.005730048203829489,0.95,-0.04031383124203163,0.038391679885527476,500,weighted_rerank,identity-cluster-weighted-rerank-v1,,continuous_outcome
geometry,lfw,edgeface-a348c305af33c223b337,pq,pq_512_m64_b8,nose_attention,reconstruction_mse,9055,1674,,,,-0.005805403240132037,0.95,-0.04035903284063852,0.03861858751925153,500,weighted_rerank,identity-cluster-weighted-rerank-v1,,continuous_outcome
geometry,lfw,edgeface-a348c305af33c223b337,pq,pq_512_m64_b8,nose_attention,cosine_to_origin,9055,1674,,,,0.005730048203829489,0.95,-0.03839167988552748,0.040313831242031604,500,weighted_rerank,identity-cluster-weighted-rerank-v1,,continuous_outcome
geometry,lfw,edgeface-a348c305af33c223b337,pq,pq_512_m64_b8,mouth_attention,angular_error_rad,9055,1674,,,,-0.04188595993204612,0.95,-0.10686097952936903,0.012202352478606272,500,weighted_rerank,identity-cluster-weighted-rerank-v1,,continuous_outcome
geometry,lfw,edgeface-a348c305af33c223b337,pq,pq_512_m64_b8,mouth_attention,reconstruction_mse,9055,1674,,,,-0.04200227902939017,0.95,-0.10689782066342923,0.011980067401155819,500,weighted_rerank,identity-cluster-weighted-rerank-v1,,continuous_outcome
geometry,lfw,edgeface-a348c305af33c223b337,pq,pq_512_m64_b8,mouth_attention,cosine_to_origin,9055,1674,,,,0.04188595993204612,0.95,-0.012202352478606288,0.10686097952936903,500,weighted_rerank,identity-cluster-weighted-rerank-v1,,continuous_outcome
geometry,lfw,edgeface-a348c305af33c223b337,pq,pq_512_m64_b8,left_cheek_attention,angular_error_rad,9055,1674,,,,-0.04297227633957101,0.95,-0.07701484150703798,-0.0019418590436667228,500,weighted_rerank,identity-cluster-weighted-rerank-v1,,continuous_outcome
geometry,lfw,edgeface-a348c305af33c223b337,pq,pq_512_m64_b8,left_cheek_attention,reconstruction_mse,9055,1674,,,,-0.04307808853754201,0.95,-0.07710506581298192,-0.002008784244861616,500,weighted_rerank,identity-cluster-weighted-rerank-v1,,continuous_outcome
geometry,lfw,edgeface-a348c305af33c223b337,pq,pq_512_m64_b8,left_cheek_attention,cosine_to_origin,9055,1674,,,,0.04297227633957101,0.95,0.0019418590436666933,0.07701484150703797,500,weighted_rerank,identity-cluster-weighted-rerank-v1,,continuous_outcome
geometry,lfw,edgeface-a348c305af33c223b337,pq,pq_512_m64_b8,right_cheek_attention,angular_error_rad,9054,1674,,,,-0.060479624546567835,0.95,-0.0944470023945324,-0.021470221456238312,500,weighted_rerank,identity-cluster-weighted-rerank-v1,,continuous_outcome
geometry,lfw,edgeface-a348c305af33c223b337,pq,pq_512_m64_b8,right_cheek_attention,reconstruction_mse,9054,1674,,,,-0.06066589073598248,0.95,-0.09469249381126424,-0.021668931442791514,500,weighted_rerank,identity-cluster-weighted-rerank-v1,,continuous_outcome
geometry,lfw,edgeface-a348c305af33c223b337,pq,pq_512_m64_b8,right_cheek_attention,cosine_to_origin,9054,1674,,,,0.060479624546567835,0.95,0.021470221456238305,0.0944470023945324,500,weighted_rerank,identity-cluster-weighted-rerank-v1,,continuous_outcome
geometry,lfw,edgeface-a348c305af33c223b337,pq,pq_512_m64_b8,jaw_attention,angular_error_rad,9055,1674,,,,-0.030643972520034764,0.95,-0.06196693803060602,0.0035132143788741267,500,weighted_rerank,identity-cluster-weighted-rerank-v1,,continuous_outcome
geometry,lfw,edgeface-a348c305af33c223b337,pq,pq_512_m64_b8,jaw_attention,reconstruction_mse,9055,1674,,,,-0.030793111113787915,0.95,-0.06205379936973838,0.003376598184939636,500,weighted_rerank,identity-cluster-weighted-rerank-v1,,continuous_outcome
geometry,lfw,edgeface-a348c305af33c223b337,pq,pq_512_m64_b8,jaw_attention,cosine_to_origin,9055,1674,,,,0.030643972520034764,0.95,-0.0035132143788741276,0.06196693803060602,500,weighted_rerank,identity-cluster-weighted-rerank-v1,,continuous_outcome
geometry,lfw,edgeface-a348c305af33c223b337,pq,pq_512_m64_b8,face_attention,angular_error_rad,9055,1674,,,,-0.032674602282494004,0.95,-0.08074068729000264,0.017036442455989006,500,weighted_rerank,identity-cluster-weighted-rerank-v1,,continuous_outcome
geometry,lfw,edgeface-a348c305af33c223b337,pq,pq_512_m64_b8,face_attention,reconstruction_mse,9055,1674,,,,-0.032797690867951944,0.95,-0.08106960991834453,0.017176284036290602,500,weighted_rerank,identity-cluster-weighted-rerank-v1,,continuous_outcome
geometry,lfw,edgeface-a348c305af33c223b337,pq,pq_512_m64_b8,face_attention,cosine_to_origin,9055,1674,,,,0.032674602282494004,0.95,-0.01703644245598902,0.08074068729000262,500,weighted_rerank,identity-cluster-weighted-rerank-v1,,continuous_outcome
geometry,lfw,edgeface-a348c305af33c223b337,pq,pq_512_m64_b8,outside_face_attention,angular_error_rad,9055,1674,,,,0.032674602282494004,0.95,-0.01703644245598902,0.08074068729000262,500,weighted_rerank,identity-cluster-weighted-rerank-v1,,continuous_outcome
geometry,lfw,edgeface-a348c305af33c223b337,pq,pq_512_m64_b8,outside_face_attention,reconstruction_mse,9055,1674,,,,0.032797690867951944,0.95,-0.017176284036290613,0.08106960991834451,500,weighted_rerank,identity-cluster-weighted-rerank-v1,,continuous_outcome
geometry,lfw,edgeface-a348c305af33c223b337,pq,pq_512_m64_b8,outside_face_attention,cosine_to_origin,9055,1674,,,,-0.032674602282494004,0.95,-0.08074068729000264,0.017036442455989006,500,weighted_rerank,identity-cluster-weighted-rerank-v1,,continuous_outcome
geometry,lfw,edgeface-a348c305af33c223b337,pq,pq_512_m64_b8,saliency_entropy,angular_error_rad,9055,1674,,,,-0.031462718966739356,0.95,-0.07298308333047065,0.012379153944572832,500,weighted_rerank,identity-cluster-weighted-rerank-v1,,continuous_outcome
geometry,lfw,edgeface-a348c305af33c223b337,pq,pq_512_m64_b8,saliency_entropy,reconstruction_mse,9055,1674,,,,-0.03142116306381984,0.95,-0.07307503502488165,0.012447440682862552,500,weighted_rerank,identity-cluster-weighted-rerank-v1,,continuous_outcome
geometry,lfw,edgeface-a348c305af33c223b337,pq,pq_512_m64_b8,saliency_entropy,cosine_to_origin,9055,1674,,,,0.031462718966739356,0.95,-0.012379153944572835,0.07298308333047065,500,weighted_rerank,identity-cluster-weighted-rerank-v1,,continuous_outcome
geometry,lfw,edgeface-a348c305af33c223b337,pq,pq_512_m64_b8,maximum_region_concentration,angular_error_rad,9055,1674,,,,0.02263636180826255,0.95,-0.006139379718703475,0.05297522719373144,500,weighted_rerank,identity-cluster-weighted-rerank-v1,,continuous_outcome
geometry,lfw,edgeface-a348c305af33c223b337,pq,pq_512_m64_b8,maximum_region_concentration,reconstruction_mse,9055,1674,,,,0.022773543462690116,0.95,-0.005864833850934779,0.05341130542987562,500,weighted_rerank,identity-cluster-weighted-rerank-v1,,continuous_outcome
geometry,lfw,edgeface-a348c305af33c223b337,pq,pq_512_m64_b8,maximum_region_concentration,cosine_to_origin,9055,1674,,,,-0.02263636180826255,0.95,-0.052975227193731454,0.006139379718703471,500,weighted_rerank,identity-cluster-weighted-rerank-v1,,continuous_outcome
geometry,lfw,edgeface-a348c305af33c223b337,pq,pq_512_m64_b8,left_right_asymmetry,angular_error_rad,9055,1674,,,,0.038958321542642955,0.95,-0.0008255885597444497,0.08023716414151155,500,weighted_rerank,identity-cluster-weighted-rerank-v1,,continuous_outcome
geometry,lfw,edgeface-a348c305af33c223b337,pq,pq_512_m64_b8,left_right_asymmetry,reconstruction_mse,9055,1674,,,,0.039169477869492604,0.95,-0.0007095598597899506,0.08044647597977983,500,weighted_rerank,identity-cluster-weighted-rerank-v1,,continuous_outcome
geometry,lfw,edgeface-a348c305af33c223b337,pq,pq_512_m64_b8,left_right_asymmetry,cosine_to_origin,9055,1674,,,,-0.038958321542642955,0.95,-0.08023716414151155,0.0008255885597444237,500,weighted_rerank,identity-cluster-weighted-rerank-v1,,continuous_outcome
geometry,lfw,edgeface-a348c305af33c223b337,pq,pq_512_m64_b8,saliency_center_x,angular_error_rad,9055,1674,,,,0.009830145045576867,0.95,-0.01628688072146853,0.03541600362897303,500,weighted_rerank,identity-cluster-weighted-rerank-v1,,continuous_outcome
geometry,lfw,edgeface-a348c305af33c223b337,pq,pq_512_m64_b8,saliency_center_x,reconstruction_mse,9055,1674,,,,0.010034728537419864,0.95,-0.01603056953659874,0.035690541101278554,500,weighted_rerank,identity-cluster-weighted-rerank-v1,,continuous_outcome
geometry,lfw,edgeface-a348c305af33c223b337,pq,pq_512_m64_b8,saliency_center_x,cosine_to_origin,9055,1674,,,,-0.009830145045576867,0.95,-0.035416003628973035,0.01628688072146852,500,weighted_rerank,identity-cluster-weighted-rerank-v1,,continuous_outcome
geometry,lfw,edgeface-a348c305af33c223b337,pq,pq_512_m64_b8,saliency_center_y,angular_error_rad,9055,1674,,,,-0.019085663855780848,0.95,-0.06616487727334604,0.024617780159265593,500,weighted_rerank,identity-cluster-weighted-rerank-v1,,continuous_outcome
geometry,lfw,edgeface-a348c305af33c223b337,pq,pq_512_m64_b8,saliency_center_y,reconstruction_mse,9055,1674,,,,-0.01950260300800134,0.95,-0.06624392855495542,0.024071959227542804,500,weighted_rerank,identity-cluster-weighted-rerank-v1,,continuous_outcome
geometry,lfw,edgeface-a348c305af33c223b337,pq,pq_512_m64_b8,saliency_center_y,cosine_to_origin,9055,1674,,,,0.019085663855780848,0.95,-0.0246177801592656,0.06616487727334601,500,weighted_rerank,identity-cluster-weighted-rerank-v1,,continuous_outcome
geometry,lfw,edgeface-a348c305af33c223b337,pq,pq_512_m64_b8,saliency_spread,angular_error_rad,9055,1674,,,,0.007169867226043014,0.95,-0.031212220988170013,0.04195776678855071,500,weighted_rerank,identity-cluster-weighted-rerank-v1,,continuous_outcome
geometry,lfw,edgeface-a348c305af33c223b337,pq,pq_512_m64_b8,saliency_spread,reconstruction_mse,9055,1674,,,,0.007279345756063012,0.95,-0.03137483921069509,0.04228777524986368,500,weighted_rerank,identity-cluster-weighted-rerank-v1,,continuous_outcome
geometry,lfw,edgeface-a348c305af33c223b337,pq,pq_512_m64_b8,saliency_spread,cosine_to_origin,9055,1674,,,,-0.007169867226043014,0.95,-0.04195776678855073,0.031212220988170003,500,weighted_rerank,identity-cluster-weighted-rerank-v1,,continuous_outcome
geometry,lfw,edgeface-a348c305af33c223b337,pq,pq_512_m8_b8,quadrant_top_left,angular_error_rad,9055,1674,,,,0.020634672585692453,0.95,-0.011998656781347934,0.05402890336688161,500,weighted_rerank,identity-cluster-weighted-rerank-v1,,continuous_outcome
geometry,lfw,edgeface-a348c305af33c223b337,pq,pq_512_m8_b8,quadrant_top_left,reconstruction_mse,9055,1674,,,,0.020013260581412447,0.95,-0.012656271177433549,0.05400949873448073,500,weighted_rerank,identity-cluster-weighted-rerank-v1,,continuous_outcome
geometry,lfw,edgeface-a348c305af33c223b337,pq,pq_512_m8_b8,quadrant_top_left,cosine_to_origin,9055,1674,,,,-0.020634672585692453,0.95,-0.05402890336688162,0.011998656781347932,500,weighted_rerank,identity-cluster-weighted-rerank-v1,,continuous_outcome
geometry,lfw,edgeface-a348c305af33c223b337,pq,pq_512_m8_b8,quadrant_top_right,angular_error_rad,9055,1674,,,,0.012668368151004994,0.95,-0.02406830218034471,0.043261855575275586,500,weighted_rerank,identity-cluster-weighted-rerank-v1,,continuous_outcome
geometry,lfw,edgeface-a348c305af33c223b337,pq,pq_512_m8_b8,quadrant_top_right,reconstruction_mse,9055,1674,,,,0.0138906463809066,0.95,-0.023003028682550237,0.04440734171738803,500,weighted_rerank,identity-cluster-weighted-rerank-v1,,continuous_outcome
geometry,lfw,edgeface-a348c305af33c223b337,pq,pq_512_m8_b8,quadrant_top_right,cosine_to_origin,9055,1674,,,,-0.012668368151004994,0.95,-0.04326185557527559,0.024068302180344704,500,weighted_rerank,identity-cluster-weighted-rerank-v1,,continuous_outcome
geometry,lfw,edgeface-a348c305af33c223b337,pq,pq_512_m8_b8,quadrant_bottom_left,angular_error_rad,9055,1674,,,,-0.02729393396545345,0.95,-0.06857233119167921,0.013756800104117665,500,weighted_rerank,identity-cluster-weighted-rerank-v1,,continuous_outcome
geometry,lfw,edgeface-a348c305af33c223b337,pq,pq_512_m8_b8,quadrant_bottom_left,reconstruction_mse,9055,1674,,,,-0.028222522682040358,0.95,-0.06988655941042829,0.012503503405927704,500,weighted_rerank,identity-cluster-weighted-rerank-v1,,continuous_outcome
geometry,lfw,edgeface-a348c305af33c223b337,pq,pq_512_m8_b8,quadrant_bottom_left,cosine_to_origin,9055,1674,,,,0.02729393396545345,0.95,-0.013756800104117672,0.06857233119167919,500,weighted_rerank,identity-cluster-weighted-rerank-v1,,continuous_outcome
geometry,lfw,edgeface-a348c305af33c223b337,pq,pq_512_m8_b8,quadrant_bottom_right,angular_error_rad,9055,1674,,,,-0.013026273583785246,0.95,-0.039993327382136346,0.014661264918883539,500,weighted_rerank,identity-cluster-weighted-rerank-v1,,continuous_outcome
geometry,lfw,edgeface-a348c305af33c223b337,pq,pq_512_m8_b8,quadrant_bottom_right,reconstruction_mse,9055,1674,,,,-0.01266559886015743,0.95,-0.039525589188363845,0.015138929852484682,500,weighted_rerank,identity-cluster-weighted-rerank-v1,,continuous_outcome
geometry,lfw,edgeface-a348c305af33c223b337,pq,pq_512_m8_b8,quadrant_bottom_right,cosine_to_origin,9055,1674,,,,0.013026273583785246,0.95,-0.014661264918883553,0.03999332738213634,500,weighted_rerank,identity-cluster-weighted-rerank-v1,,continuous_outcome
geometry,lfw,edgeface-a348c305af33c223b337,pq,pq_512_m8_b8,left_eye_attention,angular_error_rad,9055,1674,,,,0.0008740479241881278,0.95,-0.029838822323831046,0.031681553322324904,500,weighted_rerank,identity-cluster-weighted-rerank-v1,,continuous_outcome
geometry,lfw,edgeface-a348c305af33c223b337,pq,pq_512_m8_b8,left_eye_attention,reconstruction_mse,9055,1674,,,,-0.00020517382148756358,0.95,-0.03092239565220134,0.03056025496050411,500,weighted_rerank,identity-cluster-weighted-rerank-v1,,continuous_outcome
geometry,lfw,edgeface-a348c305af33c223b337,pq,pq_512_m8_b8,left_eye_attention,cosine_to_origin,9055,1674,,,,-0.0008740479241881278,0.95,-0.031681553322324904,0.029838822323831046,500,weighted_rerank,identity-cluster-weighted-rerank-v1,,continuous_outcome
geometry,lfw,edgeface-a348c305af33c223b337,pq,pq_512_m8_b8,right_eye_attention,angular_error_rad,9055,1674,,,,-0.011454438921884337,0.95,-0.04788778947217162,0.021136650662306918,500,weighted_rerank,identity-cluster-weighted-rerank-v1,,continuous_outcome
geometry,lfw,edgeface-a348c305af33c223b337,pq,pq_512_m8_b8,right_eye_attention,reconstruction_mse,9055,1674,,,,-0.011978611233030657,0.95,-0.04843837189013211,0.02010944248709747,500,weighted_rerank,identity-cluster-weighted-rerank-v1,,continuous_outcome
geometry,lfw,edgeface-a348c305af33c223b337,pq,pq_512_m8_b8,right_eye_attention,cosine_to_origin,9055,1674,,,,0.011454438921884337,0.95,-0.02113665066230692,0.04788778947217162,500,weighted_rerank,identity-cluster-weighted-rerank-v1,,continuous_outcome
geometry,lfw,edgeface-a348c305af33c223b337,pq,pq_512_m8_b8,nose_attention,angular_error_rad,9055,1674,,,,-8.725488928424293e-05,0.95,-0.0366492542435618,0.03579811104808197,500,weighted_rerank,identity-cluster-weighted-rerank-v1,,continuous_outcome
geometry,lfw,edgeface-a348c305af33c223b337,pq,pq_512_m8_b8,nose_attention,reconstruction_mse,9055,1674,,,,-0.0014080166951734308,0.95,-0.038809599726899305,0.034722466970302304,500,weighted_rerank,identity-cluster-weighted-rerank-v1,,continuous_outcome
geometry,lfw,edgeface-a348c305af33c223b337,pq,pq_512_m8_b8,nose_attention,cosine_to_origin,9055,1674,,,,8.725488928424293e-05,0.95,-0.03579811104808197,0.03664925424356179,500,weighted_rerank,identity-cluster-weighted-rerank-v1,,continuous_outcome
geometry,lfw,edgeface-a348c305af33c223b337,pq,pq_512_m8_b8,mouth_attention,angular_error_rad,9055,1674,,,,-0.04199845456092855,0.95,-0.10589758369220033,0.008110551539190247,500,weighted_rerank,identity-cluster-weighted-rerank-v1,,continuous_outcome
geometry,lfw,edgeface-a348c305af33c223b337,pq,pq_512_m8_b8,mouth_attention,reconstruction_mse,9055,1674,,,,-0.04282974169092524,0.95,-0.10691389625578968,0.007842944581553738,500,weighted_rerank,identity-cluster-weighted-rerank-v1,,continuous_outcome
geometry,lfw,edgeface-a348c305af33c223b337,pq,pq_512_m8_b8,mouth_attention,cosine_to_origin,9055,1674,,,,0.04199845456092855,0.95,-0.00811055153919025,0.10589758369220031,500,weighted_rerank,identity-cluster-weighted-rerank-v1,,continuous_outcome
geometry,lfw,edgeface-a348c305af33c223b337,pq,pq_512_m8_b8,left_cheek_attention,angular_error_rad,9055,1674,,,,-0.04621053345185644,0.95,-0.07773113032570377,-0.01184800099040367,500,weighted_rerank,identity-cluster-weighted-rerank-v1,,continuous_outcome
geometry,lfw,edgeface-a348c305af33c223b337,pq,pq_512_m8_b8,left_cheek_attention,reconstruction_mse,9055,1674,,,,-0.0461526551443899,0.95,-0.07705103292980939,-0.011267203428186129,500,weighted_rerank,identity-cluster-weighted-rerank-v1,,continuous_outcome
geometry,lfw,edgeface-a348c305af33c223b337,pq,pq_512_m8_b8,left_cheek_attention,cosine_to_origin,9055,1674,,,,0.04621053345185644,0.95,0.011848000990403649,0.07773113032570377,500,weighted_rerank,identity-cluster-weighted-rerank-v1,,continuous_outcome
geometry,lfw,edgeface-a348c305af33c223b337,pq,pq_512_m8_b8,right_cheek_attention,angular_error_rad,9054,1674,,,,-0.05795363471599899,0.95,-0.0909417312599976,-0.022082298146177157,500,weighted_rerank,identity-cluster-weighted-rerank-v1,,continuous_outcome
geometry,lfw,edgeface-a348c305af33c223b337,pq,pq_512_m8_b8,right_cheek_attention,reconstruction_mse,9054,1674,,,,-0.05772081712468748,0.95,-0.09074240951005652,-0.022196704175731715,500,weighted_rerank,identity-cluster-weighted-rerank-v1,,continuous_outcome
geometry,lfw,edgeface-a348c305af33c223b337,pq,pq_512_m8_b8,right_cheek_attention,cosine_to_origin,9054,1674,,,,0.05795363471599899,0.95,0.022082298146177154,0.0909417312599976,500,weighted_rerank,identity-cluster-weighted-rerank-v1,,continuous_outcome
geometry,lfw,edgeface-a348c305af33c223b337,pq,pq_512_m8_b8,jaw_attention,angular_error_rad,9055,1674,,,,-0.028477027554242227,0.95,-0.06023803581589752,0.0029114284214245907,500,weighted_rerank,identity-cluster-weighted-rerank-v1,,continuous_outcome
geometry,lfw,edgeface-a348c305af33c223b337,pq,pq_512_m8_b8,jaw_attention,reconstruction_mse,9055,1674,,,,-0.028631105813637293,0.95,-0.06028420987960611,0.0031959470236454022,500,weighted_rerank,identity-cluster-weighted-rerank-v1,,continuous_outcome
geometry,lfw,edgeface-a348c305af33c223b337,pq,pq_512_m8_b8,jaw_attention,cosine_to_origin,9055,1674,,,,0.028477027554242227,0.95,-0.0029114284214245938,0.06023803581589751,500,weighted_rerank,identity-cluster-weighted-rerank-v1,,continuous_outcome
geometry,lfw,edgeface-a348c305af33c223b337,pq,pq_512_m8_b8,face_attention,angular_error_rad,9055,1674,,,,-0.030208132599941942,0.95,-0.07201466146186397,0.013625485135738637,500,weighted_rerank,identity-cluster-weighted-rerank-v1,,continuous_outcome
geometry,lfw,edgeface-a348c305af33c223b337,pq,pq_512_m8_b8,face_attention,reconstruction_mse,9055,1674,,,,-0.03040966171722581,0.95,-0.07232748310045514,0.013599966589703284,500,weighted_rerank,identity-cluster-weighted-rerank-v1,,continuous_outcome
geometry,lfw,edgeface-a348c305af33c223b337,pq,pq_512_m8_b8,face_attention,cosine_to_origin,9055,1674,,,,0.030208132599941942,0.95,-0.013625485135738637,0.07201466146186397,500,weighted_rerank,identity-cluster-weighted-rerank-v1,,continuous_outcome
geometry,lfw,edgeface-a348c305af33c223b337,pq,pq_512_m8_b8,outside_face_attention,angular_error_rad,9055,1674,,,,0.030208132599941942,0.95,-0.013625485135738637,0.07201466146186397,500,weighted_rerank,identity-cluster-weighted-rerank-v1,,continuous_outcome
geometry,lfw,edgeface-a348c305af33c223b337,pq,pq_512_m8_b8,outside_face_attention,reconstruction_mse,9055,1674,,,,0.03040966171722581,0.95,-0.013599966589703298,0.07232748310045513,500,weighted_rerank,identity-cluster-weighted-rerank-v1,,continuous_outcome
geometry,lfw,edgeface-a348c305af33c223b337,pq,pq_512_m8_b8,outside_face_attention,cosine_to_origin,9055,1674,,,,-0.030208132599941942,0.95,-0.07201466146186397,0.013625485135738637,500,weighted_rerank,identity-cluster-weighted-rerank-v1,,continuous_outcome
geometry,lfw,edgeface-a348c305af33c223b337,pq,pq_512_m8_b8,saliency_entropy,angular_error_rad,9055,1674,,,,-0.028044626997619566,0.95,-0.06923682311954044,0.018457538162988115,500,weighted_rerank,identity-cluster-weighted-rerank-v1,,continuous_outcome
geometry,lfw,edgeface-a348c305af33c223b337,pq,pq_512_m8_b8,saliency_entropy,reconstruction_mse,9055,1674,,,,-0.02856229299760965,0.95,-0.07040004402369616,0.01738668236443887,500,weighted_rerank,identity-cluster-weighted-rerank-v1,,continuous_outcome
geometry,lfw,edgeface-a348c305af33c223b337,pq,pq_512_m8_b8,saliency_entropy,cosine_to_origin,9055,1674,,,,0.028044626997619566,0.95,-0.018457538162988125,0.06923682311954042,500,weighted_rerank,identity-cluster-weighted-rerank-v1,,continuous_outcome
geometry,lfw,edgeface-a348c305af33c223b337,pq,pq_512_m8_b8,maximum_region_concentration,angular_error_rad,9055,1674,,,,0.025258611071767512,0.95,-0.007645242805646265,0.058897520099705336,500,weighted_rerank,identity-cluster-weighted-rerank-v1,,continuous_outcome
geometry,lfw,edgeface-a348c305af33c223b337,pq,pq_512_m8_b8,maximum_region_concentration,reconstruction_mse,9055,1674,,,,0.02459932266419492,0.95,-0.008404997540495097,0.05857907776132993,500,weighted_rerank,identity-cluster-weighted-rerank-v1,,continuous_outcome
geometry,lfw,edgeface-a348c305af33c223b337,pq,pq_512_m8_b8,maximum_region_concentration,cosine_to_origin,9055,1674,,,,-0.025258611071767512,0.95,-0.05889752009970538,0.007645242805646256,500,weighted_rerank,identity-cluster-weighted-rerank-v1,,continuous_outcome
geometry,lfw,edgeface-a348c305af33c223b337,pq,pq_512_m8_b8,left_right_asymmetry,angular_error_rad,9055,1674,,,,0.04047155637821069,0.95,0.00371169411237299,0.07661205705873571,500,weighted_rerank,identity-cluster-weighted-rerank-v1,,continuous_outcome
geometry,lfw,edgeface-a348c305af33c223b337,pq,pq_512_m8_b8,left_right_asymmetry,reconstruction_mse,9055,1674,,,,0.03992809119923912,0.95,0.003790893466368638,0.07637358041716875,500,weighted_rerank,identity-cluster-weighted-rerank-v1,,continuous_outcome
geometry,lfw,edgeface-a348c305af33c223b337,pq,pq_512_m8_b8,left_right_asymmetry,cosine_to_origin,9055,1674,,,,-0.04047155637821069,0.95,-0.07661205705873571,-0.003711694112372992,500,weighted_rerank,identity-cluster-weighted-rerank-v1,,continuous_outcome
geometry,lfw,edgeface-a348c305af33c223b337,pq,pq_512_m8_b8,saliency_center_x,angular_error_rad,9055,1674,,,,-0.0018156445260580363,0.95,-0.028664685744573613,0.02160174060201126,500,weighted_rerank,identity-cluster-weighted-rerank-v1,,continuous_outcome
geometry,lfw,edgeface-a348c305af33c223b337,pq,pq_512_m8_b8,saliency_center_x,reconstruction_mse,9055,1674,,,,-1.714854932159012e-05,0.95,-0.026753041445984307,0.023098674565385256,500,weighted_rerank,identity-cluster-weighted-rerank-v1,,continuous_outcome
geometry,lfw,edgeface-a348c305af33c223b337,pq,pq_512_m8_b8,saliency_center_x,cosine_to_origin,9055,1674,,,,0.0018156445260580363,0.95,-0.021601740602011265,0.028664685744573606,500,weighted_rerank,identity-cluster-weighted-rerank-v1,,continuous_outcome
geometry,lfw,edgeface-a348c305af33c223b337,pq,pq_512_m8_b8,saliency_center_y,angular_error_rad,9055,1674,,,,-0.018294238308036236,0.95,-0.0602140153229268,0.021225994388134464,500,weighted_rerank,identity-cluster-weighted-rerank-v1,,continuous_outcome
geometry,lfw,edgeface-a348c305af33c223b337,pq,pq_512_m8_b8,saliency_center_y,reconstruction_mse,9055,1674,,,,-0.018877392148401857,0.95,-0.0612270451180144,0.02071076545461867,500,weighted_rerank,identity-cluster-weighted-rerank-v1,,continuous_outcome
geometry,lfw,edgeface-a348c305af33c223b337,pq,pq_512_m8_b8,saliency_center_y,cosine_to_origin,9055,1674,,,,0.018294238308036236,0.95,-0.021225994388134467,0.06021401532292679,500,weighted_rerank,identity-cluster-weighted-rerank-v1,,continuous_outcome
geometry,lfw,edgeface-a348c305af33c223b337,pq,pq_512_m8_b8,saliency_spread,angular_error_rad,9055,1674,,,,0.009667898658027228,0.95,-0.027353200615645955,0.041632898232622444,500,weighted_rerank,identity-cluster-weighted-rerank-v1,,continuous_outcome
geometry,lfw,edgeface-a348c305af33c223b337,pq,pq_512_m8_b8,saliency_spread,reconstruction_mse,9055,1674,,,,0.010252712360828777,0.95,-0.02705200739332756,0.04269477511038677,500,weighted_rerank,identity-cluster-weighted-rerank-v1,,continuous_outcome
geometry,lfw,edgeface-a348c305af33c223b337,pq,pq_512_m8_b8,saliency_spread,cosine_to_origin,9055,1674,,,,-0.009667898658027228,0.95,-0.041632898232622444,0.027353200615645952,500,weighted_rerank,identity-cluster-weighted-rerank-v1,,continuous_outcome
