dataset,model_uid,run_id,extraction_uid,origin_embedding_artifact_uid,protocol_uid,compression_family,compression_profile,search_mode,query_representation,gallery_representation,distance_function,origin_score_space,compressed_score_space,score_spaces_comparable,frozen_origin_threshold_applicable,latency_measurement_repeats,latency_timer,compressed_index_build_latency_ms,compressed_gallery_add_latency_ms,compressed_gallery_encode_latency_ms,origin_search_latency_ms_total,compressed_search_latency_ms_total,compressed_search_latency_ms_per_query,compressed_search_queries_per_second,gallery_template_count,origin_storage_bytes_per_embedding,origin_gallery_storage_bytes,compressed_gallery_storage_bytes,amortized_storage_bytes_per_gallery_template,threshold_policy,target_fpir,threshold_source_split,evaluation_split,top_k,query_count,mated_count,non_mated_count,decision_threshold,origin_decision_threshold,compressed_decision_threshold,origin_rank1_correct_count,origin_rank1_rate,compressed_rank1_correct_count,compressed_rank1_rate,origin_top_k_correct_count,origin_top_k_rate,compressed_top_k_correct_count,compressed_top_k_rate,origin_accepted_count,compressed_accepted_count,origin_dir_rank1_count,origin_dir_rank1_denominator,origin_dir_rank1,origin_dir_rank1_wilson95_low,origin_dir_rank1_wilson95_high,compressed_dir_rank1_count,compressed_dir_rank1_denominator,compressed_dir_rank1,compressed_dir_rank1_wilson95_low,compressed_dir_rank1_wilson95_high,both_dir_rank1_count,compressed_minus_origin_dir_rank1,compressed_minus_origin_dir_rank1_paired_bootstrap95_low,compressed_minus_origin_dir_rank1_paired_bootstrap95_high,tpir_rank,origin_tpir_at_rank_k_count,origin_tpir_at_rank_k_denominator,origin_tpir_at_rank_k,origin_tpir_at_rank_k_wilson95_low,origin_tpir_at_rank_k_wilson95_high,compressed_tpir_at_rank_k_count,compressed_tpir_at_rank_k_denominator,compressed_tpir_at_rank_k,compressed_tpir_at_rank_k_wilson95_low,compressed_tpir_at_rank_k_wilson95_high,both_tpir_at_rank_k_count,compressed_minus_origin_tpir_at_rank_k,compressed_minus_origin_tpir_at_rank_k_paired_bootstrap95_low,compressed_minus_origin_tpir_at_rank_k_paired_bootstrap95_high,compressed_tpir_at_rank_k_retention,origin_tpir20_count,origin_tpir20_denominator,origin_tpir20,compressed_tpir20_count,compressed_tpir20_denominator,compressed_tpir20,compressed_tpir20_retention,origin_closed_set_rank20_recall,compressed_closed_set_rank20_recall,origin_false_accept_count,origin_fpir_denominator,origin_fpir,origin_realized_fpir,origin_fpir_wilson95_low,origin_fpir_wilson95_high,compressed_false_accept_count,compressed_fpir_denominator,compressed_fpir,compressed_realized_fpir,compressed_fpir_wilson95_low,compressed_fpir_wilson95_high,both_false_accept_count,compressed_minus_origin_fpir,compressed_minus_origin_fpir_paired_bootstrap95_low,compressed_minus_origin_fpir_paired_bootstrap95_high,confidence_interval_unit,rate_confidence_interval_method,difference_confidence_interval_method,difference_confidence_interval_resamples,difference_confidence_interval_random_seed,agreement_with_origin_count,agreement_with_origin_rate,mean_top_k_identity_jaccard,mean_top1_score_drift,mean_abs_top1_score_drift,threshold_crossing_count,threshold_crossing_rate,accept_to_reject_count,accept_to_reject_rate,reject_to_accept_count,reject_to_accept_rate,origin_decision_correct_count,origin_decision_correct_rate,compressed_decision_correct_count,compressed_decision_correct_rate,origin_fallback_count,storage_bytes_per_embedding,codebook_bytes,codebook_bytes_source,codec_parameter_bytes,codec_parameter_bytes_source
lfw,arcface-7972a704552df378345f,20260829-R001-245d09db,population-a8d0f8d60f18444a282a481c,origin-embedding-2a24946a994787647ad927a9,lfw-identity-disjoint-open-set-v1,pq,pq_512_m128_b8,pq_adc_exhaustive,origin_float32,pq_code,squared_l2_asymmetric,cosine_similarity,negative_squared_l2_adc,False,False,1,time.perf_counter,5.88140000036,0.0171000010596,2.58779999967,7.58419999875,93.3814,0.0431522181146,23173.7797891,50,2048,102400,530688,10613.76,recalibrated_compressed,0.01,calibration,test,20,2164,476,1688,,0.346786439419,-1.2625079155,469,0.985294117647,469,0.985294117647,472,0.991596638655,472,0.991596638655,469,467,466,476,0.978991596639,0.961764485681,0.98854939741,466,476,0.978991596639,0.961764485681,0.98854939741,466,0,0,0,20,466,476,0.978991596639,0.961764485681,0.98854939741,466,476,0.978991596639,0.961764485681,0.98854939741,466,0,0,0,1,466,476,0.978991596639,466,476,0.978991596639,1,0.991596638655,0.991596638655,3,1688,0.00177725118483,0.00177725118483,0.000604605803334,0.00521240427724,1,1688,0.000592417061611,0.000592417061611,0.000104583813744,0.00334813853813,1,-0.00118483412322,-0.00296208530806,0,probe,wilson_score,paired_nonparametric_bootstrap_percentile,2000,42,1660,0.767097966728,0.79008032606,,,2,0.000924214417745,2,0.000924214417745,0,0,2151,0.993992606285,2153,0.994916820702,0,128,524288,faiss_centroids,524288,faiss_centroids
lfw,arcface-7972a704552df378345f,20260829-R001-245d09db,population-a8d0f8d60f18444a282a481c,origin-embedding-2a24946a994787647ad927a9,lfw-identity-disjoint-open-set-v1,pq,pq_512_m128_b8,pq_adc_exhaustive,origin_float32,pq_code,squared_l2_asymmetric,cosine_similarity,negative_squared_l2_adc,False,False,1,time.perf_counter,5.88140000036,0.0171000010596,2.58779999967,7.58419999875,93.3814,0.0431522181146,23173.7797891,50,2048,102400,530688,10613.76,recalibrated_compressed,0.05,calibration,test,20,2164,476,1688,,0.346786439419,-1.2625079155,469,0.985294117647,469,0.985294117647,472,0.991596638655,472,0.991596638655,469,467,466,476,0.978991596639,0.961764485681,0.98854939741,466,476,0.978991596639,0.961764485681,0.98854939741,466,0,0,0,20,466,476,0.978991596639,0.961764485681,0.98854939741,466,476,0.978991596639,0.961764485681,0.98854939741,466,0,0,0,1,466,476,0.978991596639,466,476,0.978991596639,1,0.991596638655,0.991596638655,3,1688,0.00177725118483,0.00177725118483,0.000604605803334,0.00521240427724,1,1688,0.000592417061611,0.000592417061611,0.000104583813744,0.00334813853813,1,-0.00118483412322,-0.00296208530806,0,probe,wilson_score,paired_nonparametric_bootstrap_percentile,2000,42,1660,0.767097966728,0.79008032606,,,2,0.000924214417745,2,0.000924214417745,0,0,2151,0.993992606285,2153,0.994916820702,0,128,524288,faiss_centroids,524288,faiss_centroids
lfw,arcface-7972a704552df378345f,20260829-R001-245d09db,population-a8d0f8d60f18444a282a481c,origin-embedding-2a24946a994787647ad927a9,lfw-identity-disjoint-open-set-v1,pq,pq_512_m128_b8,pq_adc_exhaustive,origin_float32,pq_code,squared_l2_asymmetric,cosine_similarity,negative_squared_l2_adc,False,False,1,time.perf_counter,5.88140000036,0.0171000010596,2.58779999967,7.58419999875,93.3814,0.0431522181146,23173.7797891,50,2048,102400,530688,10613.76,recalibrated_compressed,0.1,calibration,test,20,2164,476,1688,,0.346786439419,-1.2625079155,469,0.985294117647,469,0.985294117647,472,0.991596638655,472,0.991596638655,469,467,466,476,0.978991596639,0.961764485681,0.98854939741,466,476,0.978991596639,0.961764485681,0.98854939741,466,0,0,0,20,466,476,0.978991596639,0.961764485681,0.98854939741,466,476,0.978991596639,0.961764485681,0.98854939741,466,0,0,0,1,466,476,0.978991596639,466,476,0.978991596639,1,0.991596638655,0.991596638655,3,1688,0.00177725118483,0.00177725118483,0.000604605803334,0.00521240427724,1,1688,0.000592417061611,0.000592417061611,0.000104583813744,0.00334813853813,1,-0.00118483412322,-0.00296208530806,0,probe,wilson_score,paired_nonparametric_bootstrap_percentile,2000,42,1660,0.767097966728,0.79008032606,,,2,0.000924214417745,2,0.000924214417745,0,0,2151,0.993992606285,2153,0.994916820702,0,128,524288,faiss_centroids,524288,faiss_centroids
lfw,arcface-7972a704552df378345f,20260829-R001-245d09db,population-a8d0f8d60f18444a282a481c,origin-embedding-2a24946a994787647ad927a9,lfw-identity-disjoint-open-set-v1,pq,pq_512_m128_b8,pq_adc_exhaustive,origin_float32,pq_code,squared_l2_asymmetric,cosine_similarity,negative_squared_l2_adc,False,False,1,time.perf_counter,5.88140000036,0.0171000010596,2.58779999967,7.58419999875,93.3814,0.0431522181146,23173.7797891,50,2048,102400,530688,10613.76,recalibrated_compressed,0.2,calibration,test,20,2164,476,1688,,0.346786439419,-1.2625079155,469,0.985294117647,469,0.985294117647,472,0.991596638655,472,0.991596638655,469,467,466,476,0.978991596639,0.961764485681,0.98854939741,466,476,0.978991596639,0.961764485681,0.98854939741,466,0,0,0,20,466,476,0.978991596639,0.961764485681,0.98854939741,466,476,0.978991596639,0.961764485681,0.98854939741,466,0,0,0,1,466,476,0.978991596639,466,476,0.978991596639,1,0.991596638655,0.991596638655,3,1688,0.00177725118483,0.00177725118483,0.000604605803334,0.00521240427724,1,1688,0.000592417061611,0.000592417061611,0.000104583813744,0.00334813853813,1,-0.00118483412322,-0.00296208530806,0,probe,wilson_score,paired_nonparametric_bootstrap_percentile,2000,42,1660,0.767097966728,0.79008032606,,,2,0.000924214417745,2,0.000924214417745,0,0,2151,0.993992606285,2153,0.994916820702,0,128,524288,faiss_centroids,524288,faiss_centroids
lfw,arcface-7972a704552df378345f,20260829-R001-245d09db,population-a8d0f8d60f18444a282a481c,origin-embedding-2a24946a994787647ad927a9,lfw-identity-disjoint-open-set-v1,pq,pq_512_m128_b8,pq_adc_exhaustive,origin_float32,pq_code,squared_l2_asymmetric,cosine_similarity,negative_squared_l2_adc,False,False,1,time.perf_counter,5.88140000036,0.0171000010596,2.58779999967,7.58419999875,93.3814,0.0431522181146,23173.7797891,50,2048,102400,530688,10613.76,recalibrated_compressed,0.3,calibration,test,20,2164,476,1688,,0.346786439419,-1.2625079155,469,0.985294117647,469,0.985294117647,472,0.991596638655,472,0.991596638655,469,467,466,476,0.978991596639,0.961764485681,0.98854939741,466,476,0.978991596639,0.961764485681,0.98854939741,466,0,0,0,20,466,476,0.978991596639,0.961764485681,0.98854939741,466,476,0.978991596639,0.961764485681,0.98854939741,466,0,0,0,1,466,476,0.978991596639,466,476,0.978991596639,1,0.991596638655,0.991596638655,3,1688,0.00177725118483,0.00177725118483,0.000604605803334,0.00521240427724,1,1688,0.000592417061611,0.000592417061611,0.000104583813744,0.00334813853813,1,-0.00118483412322,-0.00296208530806,0,probe,wilson_score,paired_nonparametric_bootstrap_percentile,2000,42,1660,0.767097966728,0.79008032606,,,2,0.000924214417745,2,0.000924214417745,0,0,2151,0.993992606285,2153,0.994916820702,0,128,524288,faiss_centroids,524288,faiss_centroids
lfw,arcface-7972a704552df378345f,20260829-R001-245d09db,population-a8d0f8d60f18444a282a481c,origin-embedding-2a24946a994787647ad927a9,lfw-identity-disjoint-open-set-v1,pq,pq_512_m128_b8,pq_one_sided_cosine,origin_float32,pq_reconstructed_float32,cosine_similarity,cosine_similarity,cosine_similarity,True,True,1,time.perf_counter,,,,7.88159999865,9.09670000146,0.00420365064763,237888.465009,50,2048,102400,530688,10613.76,frozen_origin,0.01,calibration,test,20,2164,476,1688,0.346786439419,0.346786439419,0.346786439419,469,0.985294117647,468,0.983193277311,472,0.991596638655,472,0.991596638655,469,467,466,476,0.978991596639,0.961764485681,0.98854939741,466,476,0.978991596639,0.961764485681,0.98854939741,466,0,0,0,20,466,476,0.978991596639,0.961764485681,0.98854939741,466,476,0.978991596639,0.961764485681,0.98854939741,466,0,0,0,1,466,476,0.978991596639,466,476,0.978991596639,1,0.991596638655,0.991596638655,3,1688,0.00177725118483,0.00177725118483,0.000604605803334,0.00521240427724,1,1688,0.000592417061611,0.000592417061611,0.000104583813744,0.00334813853813,1,-0.00118483412322,-0.00296208530806,0,probe,wilson_score,paired_nonparametric_bootstrap_percentile,2000,42,1769,0.817467652495,0.843524114986,-0.013684629881,0.018365014885,2,0.000924214417745,2,0.000924214417745,0,0,2151,0.993992606285,2153,0.994916820702,0,128,524288,faiss_centroids,524288,faiss_centroids
lfw,arcface-7972a704552df378345f,20260829-R001-245d09db,population-a8d0f8d60f18444a282a481c,origin-embedding-2a24946a994787647ad927a9,lfw-identity-disjoint-open-set-v1,pq,pq_512_m128_b8,pq_one_sided_cosine,origin_float32,pq_reconstructed_float32,cosine_similarity,cosine_similarity,cosine_similarity,True,True,1,time.perf_counter,,,,7.88159999865,9.09670000146,0.00420365064763,237888.465009,50,2048,102400,530688,10613.76,frozen_origin,0.05,calibration,test,20,2164,476,1688,0.346786439419,0.346786439419,0.346786439419,469,0.985294117647,468,0.983193277311,472,0.991596638655,472,0.991596638655,469,467,466,476,0.978991596639,0.961764485681,0.98854939741,466,476,0.978991596639,0.961764485681,0.98854939741,466,0,0,0,20,466,476,0.978991596639,0.961764485681,0.98854939741,466,476,0.978991596639,0.961764485681,0.98854939741,466,0,0,0,1,466,476,0.978991596639,466,476,0.978991596639,1,0.991596638655,0.991596638655,3,1688,0.00177725118483,0.00177725118483,0.000604605803334,0.00521240427724,1,1688,0.000592417061611,0.000592417061611,0.000104583813744,0.00334813853813,1,-0.00118483412322,-0.00296208530806,0,probe,wilson_score,paired_nonparametric_bootstrap_percentile,2000,42,1769,0.817467652495,0.843524114986,-0.013684629881,0.018365014885,2,0.000924214417745,2,0.000924214417745,0,0,2151,0.993992606285,2153,0.994916820702,0,128,524288,faiss_centroids,524288,faiss_centroids
lfw,arcface-7972a704552df378345f,20260829-R001-245d09db,population-a8d0f8d60f18444a282a481c,origin-embedding-2a24946a994787647ad927a9,lfw-identity-disjoint-open-set-v1,pq,pq_512_m128_b8,pq_one_sided_cosine,origin_float32,pq_reconstructed_float32,cosine_similarity,cosine_similarity,cosine_similarity,True,True,1,time.perf_counter,,,,7.88159999865,9.09670000146,0.00420365064763,237888.465009,50,2048,102400,530688,10613.76,frozen_origin,0.1,calibration,test,20,2164,476,1688,0.346786439419,0.346786439419,0.346786439419,469,0.985294117647,468,0.983193277311,472,0.991596638655,472,0.991596638655,469,467,466,476,0.978991596639,0.961764485681,0.98854939741,466,476,0.978991596639,0.961764485681,0.98854939741,466,0,0,0,20,466,476,0.978991596639,0.961764485681,0.98854939741,466,476,0.978991596639,0.961764485681,0.98854939741,466,0,0,0,1,466,476,0.978991596639,466,476,0.978991596639,1,0.991596638655,0.991596638655,3,1688,0.00177725118483,0.00177725118483,0.000604605803334,0.00521240427724,1,1688,0.000592417061611,0.000592417061611,0.000104583813744,0.00334813853813,1,-0.00118483412322,-0.00296208530806,0,probe,wilson_score,paired_nonparametric_bootstrap_percentile,2000,42,1769,0.817467652495,0.843524114986,-0.013684629881,0.018365014885,2,0.000924214417745,2,0.000924214417745,0,0,2151,0.993992606285,2153,0.994916820702,0,128,524288,faiss_centroids,524288,faiss_centroids
lfw,arcface-7972a704552df378345f,20260829-R001-245d09db,population-a8d0f8d60f18444a282a481c,origin-embedding-2a24946a994787647ad927a9,lfw-identity-disjoint-open-set-v1,pq,pq_512_m128_b8,pq_one_sided_cosine,origin_float32,pq_reconstructed_float32,cosine_similarity,cosine_similarity,cosine_similarity,True,True,1,time.perf_counter,,,,7.88159999865,9.09670000146,0.00420365064763,237888.465009,50,2048,102400,530688,10613.76,frozen_origin,0.2,calibration,test,20,2164,476,1688,0.346786439419,0.346786439419,0.346786439419,469,0.985294117647,468,0.983193277311,472,0.991596638655,472,0.991596638655,469,467,466,476,0.978991596639,0.961764485681,0.98854939741,466,476,0.978991596639,0.961764485681,0.98854939741,466,0,0,0,20,466,476,0.978991596639,0.961764485681,0.98854939741,466,476,0.978991596639,0.961764485681,0.98854939741,466,0,0,0,1,466,476,0.978991596639,466,476,0.978991596639,1,0.991596638655,0.991596638655,3,1688,0.00177725118483,0.00177725118483,0.000604605803334,0.00521240427724,1,1688,0.000592417061611,0.000592417061611,0.000104583813744,0.00334813853813,1,-0.00118483412322,-0.00296208530806,0,probe,wilson_score,paired_nonparametric_bootstrap_percentile,2000,42,1769,0.817467652495,0.843524114986,-0.013684629881,0.018365014885,2,0.000924214417745,2,0.000924214417745,0,0,2151,0.993992606285,2153,0.994916820702,0,128,524288,faiss_centroids,524288,faiss_centroids
lfw,arcface-7972a704552df378345f,20260829-R001-245d09db,population-a8d0f8d60f18444a282a481c,origin-embedding-2a24946a994787647ad927a9,lfw-identity-disjoint-open-set-v1,pq,pq_512_m128_b8,pq_one_sided_cosine,origin_float32,pq_reconstructed_float32,cosine_similarity,cosine_similarity,cosine_similarity,True,True,1,time.perf_counter,,,,7.88159999865,9.09670000146,0.00420365064763,237888.465009,50,2048,102400,530688,10613.76,frozen_origin,0.3,calibration,test,20,2164,476,1688,0.346786439419,0.346786439419,0.346786439419,469,0.985294117647,468,0.983193277311,472,0.991596638655,472,0.991596638655,469,467,466,476,0.978991596639,0.961764485681,0.98854939741,466,476,0.978991596639,0.961764485681,0.98854939741,466,0,0,0,20,466,476,0.978991596639,0.961764485681,0.98854939741,466,476,0.978991596639,0.961764485681,0.98854939741,466,0,0,0,1,466,476,0.978991596639,466,476,0.978991596639,1,0.991596638655,0.991596638655,3,1688,0.00177725118483,0.00177725118483,0.000604605803334,0.00521240427724,1,1688,0.000592417061611,0.000592417061611,0.000104583813744,0.00334813853813,1,-0.00118483412322,-0.00296208530806,0,probe,wilson_score,paired_nonparametric_bootstrap_percentile,2000,42,1769,0.817467652495,0.843524114986,-0.013684629881,0.018365014885,2,0.000924214417745,2,0.000924214417745,0,0,2151,0.993992606285,2153,0.994916820702,0,128,524288,faiss_centroids,524288,faiss_centroids
lfw,arcface-7972a704552df378345f,20260829-R001-245d09db,population-a8d0f8d60f18444a282a481c,origin-embedding-2a24946a994787647ad927a9,lfw-identity-disjoint-open-set-v1,pq,pq_512_m128_b8,pq_one_sided_cosine,origin_float32,pq_reconstructed_float32,cosine_similarity,cosine_similarity,cosine_similarity,True,True,1,time.perf_counter,,,,7.88159999865,9.09670000146,0.00420365064763,237888.465009,50,2048,102400,530688,10613.76,recalibrated_compressed,0.01,calibration,test,20,2164,476,1688,,0.346786439419,0.319215893745,469,0.985294117647,468,0.983193277311,472,0.991596638655,472,0.991596638655,469,471,466,476,0.978991596639,0.961764485681,0.98854939741,466,476,0.978991596639,0.961764485681,0.98854939741,466,0,0,0,20,466,476,0.978991596639,0.961764485681,0.98854939741,466,476,0.978991596639,0.961764485681,0.98854939741,466,0,0,0,1,466,476,0.978991596639,466,476,0.978991596639,1,0.991596638655,0.991596638655,3,1688,0.00177725118483,0.00177725118483,0.000604605803334,0.00521240427724,5,1688,0.00296208530806,0.00296208530806,0.00126586908499,0.00691542872429,3,0.00118483412322,0,0.00296208530806,probe,wilson_score,paired_nonparametric_bootstrap_percentile,2000,42,1769,0.817467652495,0.843524114986,-0.013684629881,0.018365014885,2,0.000924214417745,0,0,2,0.000924214417745,2151,0.993992606285,2149,0.993068391867,0,128,524288,faiss_centroids,524288,faiss_centroids
lfw,arcface-7972a704552df378345f,20260829-R001-245d09db,population-a8d0f8d60f18444a282a481c,origin-embedding-2a24946a994787647ad927a9,lfw-identity-disjoint-open-set-v1,pq,pq_512_m128_b8,pq_one_sided_cosine,origin_float32,pq_reconstructed_float32,cosine_similarity,cosine_similarity,cosine_similarity,True,True,1,time.perf_counter,,,,7.88159999865,9.09670000146,0.00420365064763,237888.465009,50,2048,102400,530688,10613.76,recalibrated_compressed,0.05,calibration,test,20,2164,476,1688,,0.346786439419,0.319215893745,469,0.985294117647,468,0.983193277311,472,0.991596638655,472,0.991596638655,469,471,466,476,0.978991596639,0.961764485681,0.98854939741,466,476,0.978991596639,0.961764485681,0.98854939741,466,0,0,0,20,466,476,0.978991596639,0.961764485681,0.98854939741,466,476,0.978991596639,0.961764485681,0.98854939741,466,0,0,0,1,466,476,0.978991596639,466,476,0.978991596639,1,0.991596638655,0.991596638655,3,1688,0.00177725118483,0.00177725118483,0.000604605803334,0.00521240427724,5,1688,0.00296208530806,0.00296208530806,0.00126586908499,0.00691542872429,3,0.00118483412322,0,0.00296208530806,probe,wilson_score,paired_nonparametric_bootstrap_percentile,2000,42,1769,0.817467652495,0.843524114986,-0.013684629881,0.018365014885,2,0.000924214417745,0,0,2,0.000924214417745,2151,0.993992606285,2149,0.993068391867,0,128,524288,faiss_centroids,524288,faiss_centroids
lfw,arcface-7972a704552df378345f,20260829-R001-245d09db,population-a8d0f8d60f18444a282a481c,origin-embedding-2a24946a994787647ad927a9,lfw-identity-disjoint-open-set-v1,pq,pq_512_m128_b8,pq_one_sided_cosine,origin_float32,pq_reconstructed_float32,cosine_similarity,cosine_similarity,cosine_similarity,True,True,1,time.perf_counter,,,,7.88159999865,9.09670000146,0.00420365064763,237888.465009,50,2048,102400,530688,10613.76,recalibrated_compressed,0.1,calibration,test,20,2164,476,1688,,0.346786439419,0.319215893745,469,0.985294117647,468,0.983193277311,472,0.991596638655,472,0.991596638655,469,471,466,476,0.978991596639,0.961764485681,0.98854939741,466,476,0.978991596639,0.961764485681,0.98854939741,466,0,0,0,20,466,476,0.978991596639,0.961764485681,0.98854939741,466,476,0.978991596639,0.961764485681,0.98854939741,466,0,0,0,1,466,476,0.978991596639,466,476,0.978991596639,1,0.991596638655,0.991596638655,3,1688,0.00177725118483,0.00177725118483,0.000604605803334,0.00521240427724,5,1688,0.00296208530806,0.00296208530806,0.00126586908499,0.00691542872429,3,0.00118483412322,0,0.00296208530806,probe,wilson_score,paired_nonparametric_bootstrap_percentile,2000,42,1769,0.817467652495,0.843524114986,-0.013684629881,0.018365014885,2,0.000924214417745,0,0,2,0.000924214417745,2151,0.993992606285,2149,0.993068391867,0,128,524288,faiss_centroids,524288,faiss_centroids
lfw,arcface-7972a704552df378345f,20260829-R001-245d09db,population-a8d0f8d60f18444a282a481c,origin-embedding-2a24946a994787647ad927a9,lfw-identity-disjoint-open-set-v1,pq,pq_512_m128_b8,pq_one_sided_cosine,origin_float32,pq_reconstructed_float32,cosine_similarity,cosine_similarity,cosine_similarity,True,True,1,time.perf_counter,,,,7.88159999865,9.09670000146,0.00420365064763,237888.465009,50,2048,102400,530688,10613.76,recalibrated_compressed,0.2,calibration,test,20,2164,476,1688,,0.346786439419,0.319215893745,469,0.985294117647,468,0.983193277311,472,0.991596638655,472,0.991596638655,469,471,466,476,0.978991596639,0.961764485681,0.98854939741,466,476,0.978991596639,0.961764485681,0.98854939741,466,0,0,0,20,466,476,0.978991596639,0.961764485681,0.98854939741,466,476,0.978991596639,0.961764485681,0.98854939741,466,0,0,0,1,466,476,0.978991596639,466,476,0.978991596639,1,0.991596638655,0.991596638655,3,1688,0.00177725118483,0.00177725118483,0.000604605803334,0.00521240427724,5,1688,0.00296208530806,0.00296208530806,0.00126586908499,0.00691542872429,3,0.00118483412322,0,0.00296208530806,probe,wilson_score,paired_nonparametric_bootstrap_percentile,2000,42,1769,0.817467652495,0.843524114986,-0.013684629881,0.018365014885,2,0.000924214417745,0,0,2,0.000924214417745,2151,0.993992606285,2149,0.993068391867,0,128,524288,faiss_centroids,524288,faiss_centroids
lfw,arcface-7972a704552df378345f,20260829-R001-245d09db,population-a8d0f8d60f18444a282a481c,origin-embedding-2a24946a994787647ad927a9,lfw-identity-disjoint-open-set-v1,pq,pq_512_m128_b8,pq_one_sided_cosine,origin_float32,pq_reconstructed_float32,cosine_similarity,cosine_similarity,cosine_similarity,True,True,1,time.perf_counter,,,,7.88159999865,9.09670000146,0.00420365064763,237888.465009,50,2048,102400,530688,10613.76,recalibrated_compressed,0.3,calibration,test,20,2164,476,1688,,0.346786439419,0.319215893745,469,0.985294117647,468,0.983193277311,472,0.991596638655,472,0.991596638655,469,471,466,476,0.978991596639,0.961764485681,0.98854939741,466,476,0.978991596639,0.961764485681,0.98854939741,466,0,0,0,20,466,476,0.978991596639,0.961764485681,0.98854939741,466,476,0.978991596639,0.961764485681,0.98854939741,466,0,0,0,1,466,476,0.978991596639,466,476,0.978991596639,1,0.991596638655,0.991596638655,3,1688,0.00177725118483,0.00177725118483,0.000604605803334,0.00521240427724,5,1688,0.00296208530806,0.00296208530806,0.00126586908499,0.00691542872429,3,0.00118483412322,0,0.00296208530806,probe,wilson_score,paired_nonparametric_bootstrap_percentile,2000,42,1769,0.817467652495,0.843524114986,-0.013684629881,0.018365014885,2,0.000924214417745,0,0,2,0.000924214417745,2151,0.993992606285,2149,0.993068391867,0,128,524288,faiss_centroids,524288,faiss_centroids
lfw,arcface-7972a704552df378345f,20260829-R001-245d09db,population-a8d0f8d60f18444a282a481c,origin-embedding-2a24946a994787647ad927a9,lfw-identity-disjoint-open-set-v1,pq,pq_512_m128_b8,pq_reconstruction_cosine,pq_reconstructed_float32,pq_reconstructed_float32,cosine_similarity,cosine_similarity,cosine_similarity,True,True,1,time.perf_counter,,,,7.58419999875,6.47869999921,0.00299385397376,334017.627034,50,2048,102400,530688,10613.76,frozen_origin,0.01,calibration,test,20,2164,476,1688,0.346786439419,0.346786439419,0.346786439419,469,0.985294117647,467,0.981092436975,472,0.991596638655,472,0.991596638655,469,467,466,476,0.978991596639,0.961764485681,0.98854939741,466,476,0.978991596639,0.961764485681,0.98854939741,466,0,0,0,20,466,476,0.978991596639,0.961764485681,0.98854939741,466,476,0.978991596639,0.961764485681,0.98854939741,466,0,0,0,1,466,476,0.978991596639,466,476,0.978991596639,1,0.991596638655,0.991596638655,3,1688,0.00177725118483,0.00177725118483,0.000604605803334,0.00521240427724,1,1688,0.000592417061611,0.000592417061611,0.000104583813744,0.00334813853813,1,-0.00118483412322,-0.00296208530806,0,probe,wilson_score,paired_nonparametric_bootstrap_percentile,2000,42,1637,0.756469500924,0.787118320109,-0.0245264543017,0.0295719231329,2,0.000924214417745,2,0.000924214417745,0,0,2151,0.993992606285,2153,0.994916820702,0,128,524288,faiss_centroids,524288,faiss_centroids
lfw,arcface-7972a704552df378345f,20260829-R001-245d09db,population-a8d0f8d60f18444a282a481c,origin-embedding-2a24946a994787647ad927a9,lfw-identity-disjoint-open-set-v1,pq,pq_512_m128_b8,pq_reconstruction_cosine,pq_reconstructed_float32,pq_reconstructed_float32,cosine_similarity,cosine_similarity,cosine_similarity,True,True,1,time.perf_counter,,,,7.58419999875,6.47869999921,0.00299385397376,334017.627034,50,2048,102400,530688,10613.76,frozen_origin,0.05,calibration,test,20,2164,476,1688,0.346786439419,0.346786439419,0.346786439419,469,0.985294117647,467,0.981092436975,472,0.991596638655,472,0.991596638655,469,467,466,476,0.978991596639,0.961764485681,0.98854939741,466,476,0.978991596639,0.961764485681,0.98854939741,466,0,0,0,20,466,476,0.978991596639,0.961764485681,0.98854939741,466,476,0.978991596639,0.961764485681,0.98854939741,466,0,0,0,1,466,476,0.978991596639,466,476,0.978991596639,1,0.991596638655,0.991596638655,3,1688,0.00177725118483,0.00177725118483,0.000604605803334,0.00521240427724,1,1688,0.000592417061611,0.000592417061611,0.000104583813744,0.00334813853813,1,-0.00118483412322,-0.00296208530806,0,probe,wilson_score,paired_nonparametric_bootstrap_percentile,2000,42,1637,0.756469500924,0.787118320109,-0.0245264543017,0.0295719231329,2,0.000924214417745,2,0.000924214417745,0,0,2151,0.993992606285,2153,0.994916820702,0,128,524288,faiss_centroids,524288,faiss_centroids
lfw,arcface-7972a704552df378345f,20260829-R001-245d09db,population-a8d0f8d60f18444a282a481c,origin-embedding-2a24946a994787647ad927a9,lfw-identity-disjoint-open-set-v1,pq,pq_512_m128_b8,pq_reconstruction_cosine,pq_reconstructed_float32,pq_reconstructed_float32,cosine_similarity,cosine_similarity,cosine_similarity,True,True,1,time.perf_counter,,,,7.58419999875,6.47869999921,0.00299385397376,334017.627034,50,2048,102400,530688,10613.76,frozen_origin,0.1,calibration,test,20,2164,476,1688,0.346786439419,0.346786439419,0.346786439419,469,0.985294117647,467,0.981092436975,472,0.991596638655,472,0.991596638655,469,467,466,476,0.978991596639,0.961764485681,0.98854939741,466,476,0.978991596639,0.961764485681,0.98854939741,466,0,0,0,20,466,476,0.978991596639,0.961764485681,0.98854939741,466,476,0.978991596639,0.961764485681,0.98854939741,466,0,0,0,1,466,476,0.978991596639,466,476,0.978991596639,1,0.991596638655,0.991596638655,3,1688,0.00177725118483,0.00177725118483,0.000604605803334,0.00521240427724,1,1688,0.000592417061611,0.000592417061611,0.000104583813744,0.00334813853813,1,-0.00118483412322,-0.00296208530806,0,probe,wilson_score,paired_nonparametric_bootstrap_percentile,2000,42,1637,0.756469500924,0.787118320109,-0.0245264543017,0.0295719231329,2,0.000924214417745,2,0.000924214417745,0,0,2151,0.993992606285,2153,0.994916820702,0,128,524288,faiss_centroids,524288,faiss_centroids
lfw,arcface-7972a704552df378345f,20260829-R001-245d09db,population-a8d0f8d60f18444a282a481c,origin-embedding-2a24946a994787647ad927a9,lfw-identity-disjoint-open-set-v1,pq,pq_512_m128_b8,pq_reconstruction_cosine,pq_reconstructed_float32,pq_reconstructed_float32,cosine_similarity,cosine_similarity,cosine_similarity,True,True,1,time.perf_counter,,,,7.58419999875,6.47869999921,0.00299385397376,334017.627034,50,2048,102400,530688,10613.76,frozen_origin,0.2,calibration,test,20,2164,476,1688,0.346786439419,0.346786439419,0.346786439419,469,0.985294117647,467,0.981092436975,472,0.991596638655,472,0.991596638655,469,467,466,476,0.978991596639,0.961764485681,0.98854939741,466,476,0.978991596639,0.961764485681,0.98854939741,466,0,0,0,20,466,476,0.978991596639,0.961764485681,0.98854939741,466,476,0.978991596639,0.961764485681,0.98854939741,466,0,0,0,1,466,476,0.978991596639,466,476,0.978991596639,1,0.991596638655,0.991596638655,3,1688,0.00177725118483,0.00177725118483,0.000604605803334,0.00521240427724,1,1688,0.000592417061611,0.000592417061611,0.000104583813744,0.00334813853813,1,-0.00118483412322,-0.00296208530806,0,probe,wilson_score,paired_nonparametric_bootstrap_percentile,2000,42,1637,0.756469500924,0.787118320109,-0.0245264543017,0.0295719231329,2,0.000924214417745,2,0.000924214417745,0,0,2151,0.993992606285,2153,0.994916820702,0,128,524288,faiss_centroids,524288,faiss_centroids
lfw,arcface-7972a704552df378345f,20260829-R001-245d09db,population-a8d0f8d60f18444a282a481c,origin-embedding-2a24946a994787647ad927a9,lfw-identity-disjoint-open-set-v1,pq,pq_512_m128_b8,pq_reconstruction_cosine,pq_reconstructed_float32,pq_reconstructed_float32,cosine_similarity,cosine_similarity,cosine_similarity,True,True,1,time.perf_counter,,,,7.58419999875,6.47869999921,0.00299385397376,334017.627034,50,2048,102400,530688,10613.76,frozen_origin,0.3,calibration,test,20,2164,476,1688,0.346786439419,0.346786439419,0.346786439419,469,0.985294117647,467,0.981092436975,472,0.991596638655,472,0.991596638655,469,467,466,476,0.978991596639,0.961764485681,0.98854939741,466,476,0.978991596639,0.961764485681,0.98854939741,466,0,0,0,20,466,476,0.978991596639,0.961764485681,0.98854939741,466,476,0.978991596639,0.961764485681,0.98854939741,466,0,0,0,1,466,476,0.978991596639,466,476,0.978991596639,1,0.991596638655,0.991596638655,3,1688,0.00177725118483,0.00177725118483,0.000604605803334,0.00521240427724,1,1688,0.000592417061611,0.000592417061611,0.000104583813744,0.00334813853813,1,-0.00118483412322,-0.00296208530806,0,probe,wilson_score,paired_nonparametric_bootstrap_percentile,2000,42,1637,0.756469500924,0.787118320109,-0.0245264543017,0.0295719231329,2,0.000924214417745,2,0.000924214417745,0,0,2151,0.993992606285,2153,0.994916820702,0,128,524288,faiss_centroids,524288,faiss_centroids
lfw,arcface-7972a704552df378345f,20260829-R001-245d09db,population-a8d0f8d60f18444a282a481c,origin-embedding-2a24946a994787647ad927a9,lfw-identity-disjoint-open-set-v1,pq,pq_512_m128_b8,pq_reconstruction_cosine,pq_reconstructed_float32,pq_reconstructed_float32,cosine_similarity,cosine_similarity,cosine_similarity,True,True,1,time.perf_counter,,,,7.58419999875,6.47869999921,0.00299385397376,334017.627034,50,2048,102400,530688,10613.76,recalibrated_compressed,0.01,calibration,test,20,2164,476,1688,,0.346786439419,0.313377559185,469,0.985294117647,467,0.981092436975,472,0.991596638655,472,0.991596638655,469,468,466,476,0.978991596639,0.961764485681,0.98854939741,466,476,0.978991596639,0.961764485681,0.98854939741,466,0,0,0,20,466,476,0.978991596639,0.961764485681,0.98854939741,466,476,0.978991596639,0.961764485681,0.98854939741,466,0,0,0,1,466,476,0.978991596639,466,476,0.978991596639,1,0.991596638655,0.991596638655,3,1688,0.00177725118483,0.00177725118483,0.000604605803334,0.00521240427724,2,1688,0.00118483412322,0.00118483412322,0.000324984408263,0.00430988180796,2,-0.000592417061611,-0.00177725118483,0,probe,wilson_score,paired_nonparametric_bootstrap_percentile,2000,42,1637,0.756469500924,0.787118320109,-0.0245264543017,0.0295719231329,1,0.000462107208872,1,0.000462107208872,0,0,2151,0.993992606285,2152,0.994454713494,0,128,524288,faiss_centroids,524288,faiss_centroids
lfw,arcface-7972a704552df378345f,20260829-R001-245d09db,population-a8d0f8d60f18444a282a481c,origin-embedding-2a24946a994787647ad927a9,lfw-identity-disjoint-open-set-v1,pq,pq_512_m128_b8,pq_reconstruction_cosine,pq_reconstructed_float32,pq_reconstructed_float32,cosine_similarity,cosine_similarity,cosine_similarity,True,True,1,time.perf_counter,,,,7.58419999875,6.47869999921,0.00299385397376,334017.627034,50,2048,102400,530688,10613.76,recalibrated_compressed,0.05,calibration,test,20,2164,476,1688,,0.346786439419,0.313377559185,469,0.985294117647,467,0.981092436975,472,0.991596638655,472,0.991596638655,469,468,466,476,0.978991596639,0.961764485681,0.98854939741,466,476,0.978991596639,0.961764485681,0.98854939741,466,0,0,0,20,466,476,0.978991596639,0.961764485681,0.98854939741,466,476,0.978991596639,0.961764485681,0.98854939741,466,0,0,0,1,466,476,0.978991596639,466,476,0.978991596639,1,0.991596638655,0.991596638655,3,1688,0.00177725118483,0.00177725118483,0.000604605803334,0.00521240427724,2,1688,0.00118483412322,0.00118483412322,0.000324984408263,0.00430988180796,2,-0.000592417061611,-0.00177725118483,0,probe,wilson_score,paired_nonparametric_bootstrap_percentile,2000,42,1637,0.756469500924,0.787118320109,-0.0245264543017,0.0295719231329,1,0.000462107208872,1,0.000462107208872,0,0,2151,0.993992606285,2152,0.994454713494,0,128,524288,faiss_centroids,524288,faiss_centroids
lfw,arcface-7972a704552df378345f,20260829-R001-245d09db,population-a8d0f8d60f18444a282a481c,origin-embedding-2a24946a994787647ad927a9,lfw-identity-disjoint-open-set-v1,pq,pq_512_m128_b8,pq_reconstruction_cosine,pq_reconstructed_float32,pq_reconstructed_float32,cosine_similarity,cosine_similarity,cosine_similarity,True,True,1,time.perf_counter,,,,7.58419999875,6.47869999921,0.00299385397376,334017.627034,50,2048,102400,530688,10613.76,recalibrated_compressed,0.1,calibration,test,20,2164,476,1688,,0.346786439419,0.313377559185,469,0.985294117647,467,0.981092436975,472,0.991596638655,472,0.991596638655,469,468,466,476,0.978991596639,0.961764485681,0.98854939741,466,476,0.978991596639,0.961764485681,0.98854939741,466,0,0,0,20,466,476,0.978991596639,0.961764485681,0.98854939741,466,476,0.978991596639,0.961764485681,0.98854939741,466,0,0,0,1,466,476,0.978991596639,466,476,0.978991596639,1,0.991596638655,0.991596638655,3,1688,0.00177725118483,0.00177725118483,0.000604605803334,0.00521240427724,2,1688,0.00118483412322,0.00118483412322,0.000324984408263,0.00430988180796,2,-0.000592417061611,-0.00177725118483,0,probe,wilson_score,paired_nonparametric_bootstrap_percentile,2000,42,1637,0.756469500924,0.787118320109,-0.0245264543017,0.0295719231329,1,0.000462107208872,1,0.000462107208872,0,0,2151,0.993992606285,2152,0.994454713494,0,128,524288,faiss_centroids,524288,faiss_centroids
lfw,arcface-7972a704552df378345f,20260829-R001-245d09db,population-a8d0f8d60f18444a282a481c,origin-embedding-2a24946a994787647ad927a9,lfw-identity-disjoint-open-set-v1,pq,pq_512_m128_b8,pq_reconstruction_cosine,pq_reconstructed_float32,pq_reconstructed_float32,cosine_similarity,cosine_similarity,cosine_similarity,True,True,1,time.perf_counter,,,,7.58419999875,6.47869999921,0.00299385397376,334017.627034,50,2048,102400,530688,10613.76,recalibrated_compressed,0.2,calibration,test,20,2164,476,1688,,0.346786439419,0.313377559185,469,0.985294117647,467,0.981092436975,472,0.991596638655,472,0.991596638655,469,468,466,476,0.978991596639,0.961764485681,0.98854939741,466,476,0.978991596639,0.961764485681,0.98854939741,466,0,0,0,20,466,476,0.978991596639,0.961764485681,0.98854939741,466,476,0.978991596639,0.961764485681,0.98854939741,466,0,0,0,1,466,476,0.978991596639,466,476,0.978991596639,1,0.991596638655,0.991596638655,3,1688,0.00177725118483,0.00177725118483,0.000604605803334,0.00521240427724,2,1688,0.00118483412322,0.00118483412322,0.000324984408263,0.00430988180796,2,-0.000592417061611,-0.00177725118483,0,probe,wilson_score,paired_nonparametric_bootstrap_percentile,2000,42,1637,0.756469500924,0.787118320109,-0.0245264543017,0.0295719231329,1,0.000462107208872,1,0.000462107208872,0,0,2151,0.993992606285,2152,0.994454713494,0,128,524288,faiss_centroids,524288,faiss_centroids
lfw,arcface-7972a704552df378345f,20260829-R001-245d09db,population-a8d0f8d60f18444a282a481c,origin-embedding-2a24946a994787647ad927a9,lfw-identity-disjoint-open-set-v1,pq,pq_512_m128_b8,pq_reconstruction_cosine,pq_reconstructed_float32,pq_reconstructed_float32,cosine_similarity,cosine_similarity,cosine_similarity,True,True,1,time.perf_counter,,,,7.58419999875,6.47869999921,0.00299385397376,334017.627034,50,2048,102400,530688,10613.76,recalibrated_compressed,0.3,calibration,test,20,2164,476,1688,,0.346786439419,0.313377559185,469,0.985294117647,467,0.981092436975,472,0.991596638655,472,0.991596638655,469,468,466,476,0.978991596639,0.961764485681,0.98854939741,466,476,0.978991596639,0.961764485681,0.98854939741,466,0,0,0,20,466,476,0.978991596639,0.961764485681,0.98854939741,466,476,0.978991596639,0.961764485681,0.98854939741,466,0,0,0,1,466,476,0.978991596639,466,476,0.978991596639,1,0.991596638655,0.991596638655,3,1688,0.00177725118483,0.00177725118483,0.000604605803334,0.00521240427724,2,1688,0.00118483412322,0.00118483412322,0.000324984408263,0.00430988180796,2,-0.000592417061611,-0.00177725118483,0,probe,wilson_score,paired_nonparametric_bootstrap_percentile,2000,42,1637,0.756469500924,0.787118320109,-0.0245264543017,0.0295719231329,1,0.000462107208872,1,0.000462107208872,0,0,2151,0.993992606285,2152,0.994454713494,0,128,524288,faiss_centroids,524288,faiss_centroids
lfw,arcface-7972a704552df378345f,20260829-R001-245d09db,population-a8d0f8d60f18444a282a481c,origin-embedding-2a24946a994787647ad927a9,lfw-identity-disjoint-open-set-v1,pq,pq_512_m128_b8,pq_sdc_exhaustive,pq_code,pq_code,squared_l2_symmetric,cosine_similarity,negative_squared_l2_sdc,False,False,1,time.perf_counter,5.93520000075,0,2.58779999967,7.58419999875,92.0120999999,0.0425194547135,23518.6459172,50,2048,102400,530688,10613.76,recalibrated_compressed,0.01,calibration,test,20,2164,476,1688,,0.346786439419,-1.18789255619,469,0.985294117647,467,0.981092436975,472,0.991596638655,472,0.991596638655,469,467,466,476,0.978991596639,0.961764485681,0.98854939741,466,476,0.978991596639,0.961764485681,0.98854939741,466,0,0,0,20,466,476,0.978991596639,0.961764485681,0.98854939741,466,476,0.978991596639,0.961764485681,0.98854939741,466,0,0,0,1,466,476,0.978991596639,466,476,0.978991596639,1,0.991596638655,0.991596638655,3,1688,0.00177725118483,0.00177725118483,0.000604605803334,0.00521240427724,1,1688,0.000592417061611,0.000592417061611,0.000104583813744,0.00334813853813,1,-0.00118483412322,-0.00296208530806,0,probe,wilson_score,paired_nonparametric_bootstrap_percentile,2000,42,1573,0.726894639556,0.741500938809,,,2,0.000924214417745,2,0.000924214417745,0,0,2151,0.993992606285,2153,0.994916820702,0,128,524288,faiss_centroids,524288,faiss_centroids
lfw,arcface-7972a704552df378345f,20260829-R001-245d09db,population-a8d0f8d60f18444a282a481c,origin-embedding-2a24946a994787647ad927a9,lfw-identity-disjoint-open-set-v1,pq,pq_512_m128_b8,pq_sdc_exhaustive,pq_code,pq_code,squared_l2_symmetric,cosine_similarity,negative_squared_l2_sdc,False,False,1,time.perf_counter,5.93520000075,0,2.58779999967,7.58419999875,92.0120999999,0.0425194547135,23518.6459172,50,2048,102400,530688,10613.76,recalibrated_compressed,0.05,calibration,test,20,2164,476,1688,,0.346786439419,-1.18789255619,469,0.985294117647,467,0.981092436975,472,0.991596638655,472,0.991596638655,469,467,466,476,0.978991596639,0.961764485681,0.98854939741,466,476,0.978991596639,0.961764485681,0.98854939741,466,0,0,0,20,466,476,0.978991596639,0.961764485681,0.98854939741,466,476,0.978991596639,0.961764485681,0.98854939741,466,0,0,0,1,466,476,0.978991596639,466,476,0.978991596639,1,0.991596638655,0.991596638655,3,1688,0.00177725118483,0.00177725118483,0.000604605803334,0.00521240427724,1,1688,0.000592417061611,0.000592417061611,0.000104583813744,0.00334813853813,1,-0.00118483412322,-0.00296208530806,0,probe,wilson_score,paired_nonparametric_bootstrap_percentile,2000,42,1573,0.726894639556,0.741500938809,,,2,0.000924214417745,2,0.000924214417745,0,0,2151,0.993992606285,2153,0.994916820702,0,128,524288,faiss_centroids,524288,faiss_centroids
lfw,arcface-7972a704552df378345f,20260829-R001-245d09db,population-a8d0f8d60f18444a282a481c,origin-embedding-2a24946a994787647ad927a9,lfw-identity-disjoint-open-set-v1,pq,pq_512_m128_b8,pq_sdc_exhaustive,pq_code,pq_code,squared_l2_symmetric,cosine_similarity,negative_squared_l2_sdc,False,False,1,time.perf_counter,5.93520000075,0,2.58779999967,7.58419999875,92.0120999999,0.0425194547135,23518.6459172,50,2048,102400,530688,10613.76,recalibrated_compressed,0.1,calibration,test,20,2164,476,1688,,0.346786439419,-1.18789255619,469,0.985294117647,467,0.981092436975,472,0.991596638655,472,0.991596638655,469,467,466,476,0.978991596639,0.961764485681,0.98854939741,466,476,0.978991596639,0.961764485681,0.98854939741,466,0,0,0,20,466,476,0.978991596639,0.961764485681,0.98854939741,466,476,0.978991596639,0.961764485681,0.98854939741,466,0,0,0,1,466,476,0.978991596639,466,476,0.978991596639,1,0.991596638655,0.991596638655,3,1688,0.00177725118483,0.00177725118483,0.000604605803334,0.00521240427724,1,1688,0.000592417061611,0.000592417061611,0.000104583813744,0.00334813853813,1,-0.00118483412322,-0.00296208530806,0,probe,wilson_score,paired_nonparametric_bootstrap_percentile,2000,42,1573,0.726894639556,0.741500938809,,,2,0.000924214417745,2,0.000924214417745,0,0,2151,0.993992606285,2153,0.994916820702,0,128,524288,faiss_centroids,524288,faiss_centroids
lfw,arcface-7972a704552df378345f,20260829-R001-245d09db,population-a8d0f8d60f18444a282a481c,origin-embedding-2a24946a994787647ad927a9,lfw-identity-disjoint-open-set-v1,pq,pq_512_m128_b8,pq_sdc_exhaustive,pq_code,pq_code,squared_l2_symmetric,cosine_similarity,negative_squared_l2_sdc,False,False,1,time.perf_counter,5.93520000075,0,2.58779999967,7.58419999875,92.0120999999,0.0425194547135,23518.6459172,50,2048,102400,530688,10613.76,recalibrated_compressed,0.2,calibration,test,20,2164,476,1688,,0.346786439419,-1.18789255619,469,0.985294117647,467,0.981092436975,472,0.991596638655,472,0.991596638655,469,467,466,476,0.978991596639,0.961764485681,0.98854939741,466,476,0.978991596639,0.961764485681,0.98854939741,466,0,0,0,20,466,476,0.978991596639,0.961764485681,0.98854939741,466,476,0.978991596639,0.961764485681,0.98854939741,466,0,0,0,1,466,476,0.978991596639,466,476,0.978991596639,1,0.991596638655,0.991596638655,3,1688,0.00177725118483,0.00177725118483,0.000604605803334,0.00521240427724,1,1688,0.000592417061611,0.000592417061611,0.000104583813744,0.00334813853813,1,-0.00118483412322,-0.00296208530806,0,probe,wilson_score,paired_nonparametric_bootstrap_percentile,2000,42,1573,0.726894639556,0.741500938809,,,2,0.000924214417745,2,0.000924214417745,0,0,2151,0.993992606285,2153,0.994916820702,0,128,524288,faiss_centroids,524288,faiss_centroids
lfw,arcface-7972a704552df378345f,20260829-R001-245d09db,population-a8d0f8d60f18444a282a481c,origin-embedding-2a24946a994787647ad927a9,lfw-identity-disjoint-open-set-v1,pq,pq_512_m128_b8,pq_sdc_exhaustive,pq_code,pq_code,squared_l2_symmetric,cosine_similarity,negative_squared_l2_sdc,False,False,1,time.perf_counter,5.93520000075,0,2.58779999967,7.58419999875,92.0120999999,0.0425194547135,23518.6459172,50,2048,102400,530688,10613.76,recalibrated_compressed,0.3,calibration,test,20,2164,476,1688,,0.346786439419,-1.18789255619,469,0.985294117647,467,0.981092436975,472,0.991596638655,472,0.991596638655,469,467,466,476,0.978991596639,0.961764485681,0.98854939741,466,476,0.978991596639,0.961764485681,0.98854939741,466,0,0,0,20,466,476,0.978991596639,0.961764485681,0.98854939741,466,476,0.978991596639,0.961764485681,0.98854939741,466,0,0,0,1,466,476,0.978991596639,466,476,0.978991596639,1,0.991596638655,0.991596638655,3,1688,0.00177725118483,0.00177725118483,0.000604605803334,0.00521240427724,1,1688,0.000592417061611,0.000592417061611,0.000104583813744,0.00334813853813,1,-0.00118483412322,-0.00296208530806,0,probe,wilson_score,paired_nonparametric_bootstrap_percentile,2000,42,1573,0.726894639556,0.741500938809,,,2,0.000924214417745,2,0.000924214417745,0,0,2151,0.993992606285,2153,0.994916820702,0,128,524288,faiss_centroids,524288,faiss_centroids
lfw,arcface-7972a704552df378345f,20260829-R001-245d09db,population-a8d0f8d60f18444a282a481c,origin-embedding-2a24946a994787647ad927a9,lfw-identity-disjoint-open-set-v1,pq,pq_512_m16_b8,pq_adc_exhaustive,origin_float32,pq_code,squared_l2_asymmetric,cosine_similarity,negative_squared_l2_adc,False,False,1,time.perf_counter,0.0543000005564,0.0101000005088,0.542699999642,7.18439999946,20.4596000003,0.0094545286508,105769.418755,50,2048,102400,525088,10501.76,recalibrated_compressed,0.01,calibration,test,20,2164,476,1688,,0.346786439419,-1.13705360889,469,0.985294117647,466,0.978991596639,472,0.991596638655,473,0.993697478992,469,538,466,476,0.978991596639,0.961764485681,0.98854939741,466,476,0.978991596639,0.961764485681,0.98854939741,466,0,0,0,20,466,476,0.978991596639,0.961764485681,0.98854939741,466,476,0.978991596639,0.961764485681,0.98854939741,466,0,0,0,1,466,476,0.978991596639,466,476,0.978991596639,1,0.991596638655,0.993697478992,3,1688,0.00177725118483,0.00177725118483,0.000604605803334,0.00521240427724,72,1688,0.042654028436,0.042654028436,0.034007600616,0.0533773361048,3,0.0408767772512,0.031990521327,0.0497778436019,probe,wilson_score,paired_nonparametric_bootstrap_percentile,2000,42,872,0.402957486137,0.472518652962,,,69,0.0318853974122,0,0,69,0.0318853974122,2151,0.993992606285,2082,0.962107208872,0,16,524288,faiss_centroids,524288,faiss_centroids
lfw,arcface-7972a704552df378345f,20260829-R001-245d09db,population-a8d0f8d60f18444a282a481c,origin-embedding-2a24946a994787647ad927a9,lfw-identity-disjoint-open-set-v1,pq,pq_512_m16_b8,pq_adc_exhaustive,origin_float32,pq_code,squared_l2_asymmetric,cosine_similarity,negative_squared_l2_adc,False,False,1,time.perf_counter,0.0543000005564,0.0101000005088,0.542699999642,7.18439999946,20.4596000003,0.0094545286508,105769.418755,50,2048,102400,525088,10501.76,recalibrated_compressed,0.05,calibration,test,20,2164,476,1688,,0.346786439419,-1.13705360889,469,0.985294117647,466,0.978991596639,472,0.991596638655,473,0.993697478992,469,538,466,476,0.978991596639,0.961764485681,0.98854939741,466,476,0.978991596639,0.961764485681,0.98854939741,466,0,0,0,20,466,476,0.978991596639,0.961764485681,0.98854939741,466,476,0.978991596639,0.961764485681,0.98854939741,466,0,0,0,1,466,476,0.978991596639,466,476,0.978991596639,1,0.991596638655,0.993697478992,3,1688,0.00177725118483,0.00177725118483,0.000604605803334,0.00521240427724,72,1688,0.042654028436,0.042654028436,0.034007600616,0.0533773361048,3,0.0408767772512,0.031990521327,0.0497778436019,probe,wilson_score,paired_nonparametric_bootstrap_percentile,2000,42,872,0.402957486137,0.472518652962,,,69,0.0318853974122,0,0,69,0.0318853974122,2151,0.993992606285,2082,0.962107208872,0,16,524288,faiss_centroids,524288,faiss_centroids
lfw,arcface-7972a704552df378345f,20260829-R001-245d09db,population-a8d0f8d60f18444a282a481c,origin-embedding-2a24946a994787647ad927a9,lfw-identity-disjoint-open-set-v1,pq,pq_512_m16_b8,pq_adc_exhaustive,origin_float32,pq_code,squared_l2_asymmetric,cosine_similarity,negative_squared_l2_adc,False,False,1,time.perf_counter,0.0543000005564,0.0101000005088,0.542699999642,7.18439999946,20.4596000003,0.0094545286508,105769.418755,50,2048,102400,525088,10501.76,recalibrated_compressed,0.1,calibration,test,20,2164,476,1688,,0.346786439419,-1.17481207848,469,0.985294117647,466,0.978991596639,472,0.991596638655,473,0.993697478992,469,789,466,476,0.978991596639,0.961764485681,0.98854939741,466,476,0.978991596639,0.961764485681,0.98854939741,466,0,0,0,20,466,476,0.978991596639,0.961764485681,0.98854939741,466,476,0.978991596639,0.961764485681,0.98854939741,466,0,0,0,1,466,476,0.978991596639,466,476,0.978991596639,1,0.991596638655,0.993697478992,3,1688,0.00177725118483,0.00177725118483,0.000604605803334,0.00521240427724,321,1688,0.190165876777,0.190165876777,0.172156539034,0.20958221991,3,0.188388625592,0.170601303318,0.206753554502,probe,wilson_score,paired_nonparametric_bootstrap_percentile,2000,42,872,0.402957486137,0.472518652962,,,320,0.147874306839,0,0,320,0.147874306839,2151,0.993992606285,1833,0.847042513863,0,16,524288,faiss_centroids,524288,faiss_centroids
lfw,arcface-7972a704552df378345f,20260829-R001-245d09db,population-a8d0f8d60f18444a282a481c,origin-embedding-2a24946a994787647ad927a9,lfw-identity-disjoint-open-set-v1,pq,pq_512_m16_b8,pq_adc_exhaustive,origin_float32,pq_code,squared_l2_asymmetric,cosine_similarity,negative_squared_l2_adc,False,False,1,time.perf_counter,0.0543000005564,0.0101000005088,0.542699999642,7.18439999946,20.4596000003,0.0094545286508,105769.418755,50,2048,102400,525088,10501.76,recalibrated_compressed,0.2,calibration,test,20,2164,476,1688,,0.346786439419,-1.17481207848,469,0.985294117647,466,0.978991596639,472,0.991596638655,473,0.993697478992,469,789,466,476,0.978991596639,0.961764485681,0.98854939741,466,476,0.978991596639,0.961764485681,0.98854939741,466,0,0,0,20,466,476,0.978991596639,0.961764485681,0.98854939741,466,476,0.978991596639,0.961764485681,0.98854939741,466,0,0,0,1,466,476,0.978991596639,466,476,0.978991596639,1,0.991596638655,0.993697478992,3,1688,0.00177725118483,0.00177725118483,0.000604605803334,0.00521240427724,321,1688,0.190165876777,0.190165876777,0.172156539034,0.20958221991,3,0.188388625592,0.170601303318,0.206753554502,probe,wilson_score,paired_nonparametric_bootstrap_percentile,2000,42,872,0.402957486137,0.472518652962,,,320,0.147874306839,0,0,320,0.147874306839,2151,0.993992606285,1833,0.847042513863,0,16,524288,faiss_centroids,524288,faiss_centroids
lfw,arcface-7972a704552df378345f,20260829-R001-245d09db,population-a8d0f8d60f18444a282a481c,origin-embedding-2a24946a994787647ad927a9,lfw-identity-disjoint-open-set-v1,pq,pq_512_m16_b8,pq_adc_exhaustive,origin_float32,pq_code,squared_l2_asymmetric,cosine_similarity,negative_squared_l2_adc,False,False,1,time.perf_counter,0.0543000005564,0.0101000005088,0.542699999642,7.18439999946,20.4596000003,0.0094545286508,105769.418755,50,2048,102400,525088,10501.76,recalibrated_compressed,0.3,calibration,test,20,2164,476,1688,,0.346786439419,-1.17481207848,469,0.985294117647,466,0.978991596639,472,0.991596638655,473,0.993697478992,469,789,466,476,0.978991596639,0.961764485681,0.98854939741,466,476,0.978991596639,0.961764485681,0.98854939741,466,0,0,0,20,466,476,0.978991596639,0.961764485681,0.98854939741,466,476,0.978991596639,0.961764485681,0.98854939741,466,0,0,0,1,466,476,0.978991596639,466,476,0.978991596639,1,0.991596638655,0.993697478992,3,1688,0.00177725118483,0.00177725118483,0.000604605803334,0.00521240427724,321,1688,0.190165876777,0.190165876777,0.172156539034,0.20958221991,3,0.188388625592,0.170601303318,0.206753554502,probe,wilson_score,paired_nonparametric_bootstrap_percentile,2000,42,872,0.402957486137,0.472518652962,,,320,0.147874306839,0,0,320,0.147874306839,2151,0.993992606285,1833,0.847042513863,0,16,524288,faiss_centroids,524288,faiss_centroids
lfw,arcface-7972a704552df378345f,20260829-R001-245d09db,population-a8d0f8d60f18444a282a481c,origin-embedding-2a24946a994787647ad927a9,lfw-identity-disjoint-open-set-v1,pq,pq_512_m16_b8,pq_one_sided_cosine,origin_float32,pq_reconstructed_float32,cosine_similarity,cosine_similarity,cosine_similarity,True,True,1,time.perf_counter,,,,6.64739999957,9.37130000057,0.00433054528677,230917.802212,50,2048,102400,525088,10501.76,frozen_origin,0.01,calibration,test,20,2164,476,1688,0.346786439419,0.346786439419,0.346786439419,469,0.985294117647,467,0.981092436975,472,0.991596638655,473,0.993697478992,469,430,466,476,0.978991596639,0.961764485681,0.98854939741,429,476,0.901260504202,0.871164220314,0.924932058942,429,-0.077731092437,-0.100840336134,-0.0546218487395,20,466,476,0.978991596639,0.961764485681,0.98854939741,429,476,0.901260504202,0.871164220314,0.924932058942,429,-0.077731092437,-0.100840336134,-0.0546218487395,0.920600858369,466,476,0.978991596639,429,476,0.901260504202,0.920600858369,0.991596638655,0.993697478992,3,1688,0.00177725118483,0.00177725118483,0.000604605803334,0.00521240427724,1,1688,0.000592417061611,0.000592417061611,0.000104583813744,0.00334813853813,1,-0.00118483412322,-0.00296208530806,0,probe,wilson_score,paired_nonparametric_bootstrap_percentile,2000,42,916,0.423290203327,0.50991177495,-0.120496410467,0.12417912078,39,0.018022181146,39,0.018022181146,0,0,2151,0.993992606285,2116,0.977818853974,0,16,524288,faiss_centroids,524288,faiss_centroids
lfw,arcface-7972a704552df378345f,20260829-R001-245d09db,population-a8d0f8d60f18444a282a481c,origin-embedding-2a24946a994787647ad927a9,lfw-identity-disjoint-open-set-v1,pq,pq_512_m16_b8,pq_one_sided_cosine,origin_float32,pq_reconstructed_float32,cosine_similarity,cosine_similarity,cosine_similarity,True,True,1,time.perf_counter,,,,6.64739999957,9.37130000057,0.00433054528677,230917.802212,50,2048,102400,525088,10501.76,frozen_origin,0.05,calibration,test,20,2164,476,1688,0.346786439419,0.346786439419,0.346786439419,469,0.985294117647,467,0.981092436975,472,0.991596638655,473,0.993697478992,469,430,466,476,0.978991596639,0.961764485681,0.98854939741,429,476,0.901260504202,0.871164220314,0.924932058942,429,-0.077731092437,-0.100840336134,-0.0546218487395,20,466,476,0.978991596639,0.961764485681,0.98854939741,429,476,0.901260504202,0.871164220314,0.924932058942,429,-0.077731092437,-0.100840336134,-0.0546218487395,0.920600858369,466,476,0.978991596639,429,476,0.901260504202,0.920600858369,0.991596638655,0.993697478992,3,1688,0.00177725118483,0.00177725118483,0.000604605803334,0.00521240427724,1,1688,0.000592417061611,0.000592417061611,0.000104583813744,0.00334813853813,1,-0.00118483412322,-0.00296208530806,0,probe,wilson_score,paired_nonparametric_bootstrap_percentile,2000,42,916,0.423290203327,0.50991177495,-0.120496410467,0.12417912078,39,0.018022181146,39,0.018022181146,0,0,2151,0.993992606285,2116,0.977818853974,0,16,524288,faiss_centroids,524288,faiss_centroids
lfw,arcface-7972a704552df378345f,20260829-R001-245d09db,population-a8d0f8d60f18444a282a481c,origin-embedding-2a24946a994787647ad927a9,lfw-identity-disjoint-open-set-v1,pq,pq_512_m16_b8,pq_one_sided_cosine,origin_float32,pq_reconstructed_float32,cosine_similarity,cosine_similarity,cosine_similarity,True,True,1,time.perf_counter,,,,6.64739999957,9.37130000057,0.00433054528677,230917.802212,50,2048,102400,525088,10501.76,frozen_origin,0.1,calibration,test,20,2164,476,1688,0.346786439419,0.346786439419,0.346786439419,469,0.985294117647,467,0.981092436975,472,0.991596638655,473,0.993697478992,469,430,466,476,0.978991596639,0.961764485681,0.98854939741,429,476,0.901260504202,0.871164220314,0.924932058942,429,-0.077731092437,-0.100840336134,-0.0546218487395,20,466,476,0.978991596639,0.961764485681,0.98854939741,429,476,0.901260504202,0.871164220314,0.924932058942,429,-0.077731092437,-0.100840336134,-0.0546218487395,0.920600858369,466,476,0.978991596639,429,476,0.901260504202,0.920600858369,0.991596638655,0.993697478992,3,1688,0.00177725118483,0.00177725118483,0.000604605803334,0.00521240427724,1,1688,0.000592417061611,0.000592417061611,0.000104583813744,0.00334813853813,1,-0.00118483412322,-0.00296208530806,0,probe,wilson_score,paired_nonparametric_bootstrap_percentile,2000,42,916,0.423290203327,0.50991177495,-0.120496410467,0.12417912078,39,0.018022181146,39,0.018022181146,0,0,2151,0.993992606285,2116,0.977818853974,0,16,524288,faiss_centroids,524288,faiss_centroids
lfw,arcface-7972a704552df378345f,20260829-R001-245d09db,population-a8d0f8d60f18444a282a481c,origin-embedding-2a24946a994787647ad927a9,lfw-identity-disjoint-open-set-v1,pq,pq_512_m16_b8,pq_one_sided_cosine,origin_float32,pq_reconstructed_float32,cosine_similarity,cosine_similarity,cosine_similarity,True,True,1,time.perf_counter,,,,6.64739999957,9.37130000057,0.00433054528677,230917.802212,50,2048,102400,525088,10501.76,frozen_origin,0.2,calibration,test,20,2164,476,1688,0.346786439419,0.346786439419,0.346786439419,469,0.985294117647,467,0.981092436975,472,0.991596638655,473,0.993697478992,469,430,466,476,0.978991596639,0.961764485681,0.98854939741,429,476,0.901260504202,0.871164220314,0.924932058942,429,-0.077731092437,-0.100840336134,-0.0546218487395,20,466,476,0.978991596639,0.961764485681,0.98854939741,429,476,0.901260504202,0.871164220314,0.924932058942,429,-0.077731092437,-0.100840336134,-0.0546218487395,0.920600858369,466,476,0.978991596639,429,476,0.901260504202,0.920600858369,0.991596638655,0.993697478992,3,1688,0.00177725118483,0.00177725118483,0.000604605803334,0.00521240427724,1,1688,0.000592417061611,0.000592417061611,0.000104583813744,0.00334813853813,1,-0.00118483412322,-0.00296208530806,0,probe,wilson_score,paired_nonparametric_bootstrap_percentile,2000,42,916,0.423290203327,0.50991177495,-0.120496410467,0.12417912078,39,0.018022181146,39,0.018022181146,0,0,2151,0.993992606285,2116,0.977818853974,0,16,524288,faiss_centroids,524288,faiss_centroids
lfw,arcface-7972a704552df378345f,20260829-R001-245d09db,population-a8d0f8d60f18444a282a481c,origin-embedding-2a24946a994787647ad927a9,lfw-identity-disjoint-open-set-v1,pq,pq_512_m16_b8,pq_one_sided_cosine,origin_float32,pq_reconstructed_float32,cosine_similarity,cosine_similarity,cosine_similarity,True,True,1,time.perf_counter,,,,6.64739999957,9.37130000057,0.00433054528677,230917.802212,50,2048,102400,525088,10501.76,frozen_origin,0.3,calibration,test,20,2164,476,1688,0.346786439419,0.346786439419,0.346786439419,469,0.985294117647,467,0.981092436975,472,0.991596638655,473,0.993697478992,469,430,466,476,0.978991596639,0.961764485681,0.98854939741,429,476,0.901260504202,0.871164220314,0.924932058942,429,-0.077731092437,-0.100840336134,-0.0546218487395,20,466,476,0.978991596639,0.961764485681,0.98854939741,429,476,0.901260504202,0.871164220314,0.924932058942,429,-0.077731092437,-0.100840336134,-0.0546218487395,0.920600858369,466,476,0.978991596639,429,476,0.901260504202,0.920600858369,0.991596638655,0.993697478992,3,1688,0.00177725118483,0.00177725118483,0.000604605803334,0.00521240427724,1,1688,0.000592417061611,0.000592417061611,0.000104583813744,0.00334813853813,1,-0.00118483412322,-0.00296208530806,0,probe,wilson_score,paired_nonparametric_bootstrap_percentile,2000,42,916,0.423290203327,0.50991177495,-0.120496410467,0.12417912078,39,0.018022181146,39,0.018022181146,0,0,2151,0.993992606285,2116,0.977818853974,0,16,524288,faiss_centroids,524288,faiss_centroids
lfw,arcface-7972a704552df378345f,20260829-R001-245d09db,population-a8d0f8d60f18444a282a481c,origin-embedding-2a24946a994787647ad927a9,lfw-identity-disjoint-open-set-v1,pq,pq_512_m16_b8,pq_one_sided_cosine,origin_float32,pq_reconstructed_float32,cosine_similarity,cosine_similarity,cosine_similarity,True,True,1,time.perf_counter,,,,6.64739999957,9.37130000057,0.00433054528677,230917.802212,50,2048,102400,525088,10501.76,recalibrated_compressed,0.01,calibration,test,20,2164,476,1688,,0.346786439419,0.191881656647,469,0.985294117647,467,0.981092436975,472,0.991596638655,473,0.993697478992,469,514,466,476,0.978991596639,0.961764485681,0.98854939741,466,476,0.978991596639,0.961764485681,0.98854939741,466,0,0,0,20,466,476,0.978991596639,0.961764485681,0.98854939741,466,476,0.978991596639,0.961764485681,0.98854939741,466,0,0,0,1,466,476,0.978991596639,466,476,0.978991596639,1,0.991596638655,0.993697478992,3,1688,0.00177725118483,0.00177725118483,0.000604605803334,0.00521240427724,48,1688,0.0284360189573,0.0284360189573,0.0215144547893,0.0374990291871,3,0.0266587677725,0.0195497630332,0.0349526066351,probe,wilson_score,paired_nonparametric_bootstrap_percentile,2000,42,916,0.423290203327,0.50991177495,-0.120496410467,0.12417912078,45,0.0207948243993,0,0,45,0.0207948243993,2151,0.993992606285,2106,0.973197781885,0,16,524288,faiss_centroids,524288,faiss_centroids
lfw,arcface-7972a704552df378345f,20260829-R001-245d09db,population-a8d0f8d60f18444a282a481c,origin-embedding-2a24946a994787647ad927a9,lfw-identity-disjoint-open-set-v1,pq,pq_512_m16_b8,pq_one_sided_cosine,origin_float32,pq_reconstructed_float32,cosine_similarity,cosine_similarity,cosine_similarity,True,True,1,time.perf_counter,,,,6.64739999957,9.37130000057,0.00433054528677,230917.802212,50,2048,102400,525088,10501.76,recalibrated_compressed,0.05,calibration,test,20,2164,476,1688,,0.346786439419,0.191881656647,469,0.985294117647,467,0.981092436975,472,0.991596638655,473,0.993697478992,469,514,466,476,0.978991596639,0.961764485681,0.98854939741,466,476,0.978991596639,0.961764485681,0.98854939741,466,0,0,0,20,466,476,0.978991596639,0.961764485681,0.98854939741,466,476,0.978991596639,0.961764485681,0.98854939741,466,0,0,0,1,466,476,0.978991596639,466,476,0.978991596639,1,0.991596638655,0.993697478992,3,1688,0.00177725118483,0.00177725118483,0.000604605803334,0.00521240427724,48,1688,0.0284360189573,0.0284360189573,0.0215144547893,0.0374990291871,3,0.0266587677725,0.0195497630332,0.0349526066351,probe,wilson_score,paired_nonparametric_bootstrap_percentile,2000,42,916,0.423290203327,0.50991177495,-0.120496410467,0.12417912078,45,0.0207948243993,0,0,45,0.0207948243993,2151,0.993992606285,2106,0.973197781885,0,16,524288,faiss_centroids,524288,faiss_centroids
lfw,arcface-7972a704552df378345f,20260829-R001-245d09db,population-a8d0f8d60f18444a282a481c,origin-embedding-2a24946a994787647ad927a9,lfw-identity-disjoint-open-set-v1,pq,pq_512_m16_b8,pq_one_sided_cosine,origin_float32,pq_reconstructed_float32,cosine_similarity,cosine_similarity,cosine_similarity,True,True,1,time.perf_counter,,,,6.64739999957,9.37130000057,0.00433054528677,230917.802212,50,2048,102400,525088,10501.76,recalibrated_compressed,0.1,calibration,test,20,2164,476,1688,,0.346786439419,0.160874024034,469,0.985294117647,467,0.981092436975,472,0.991596638655,473,0.993697478992,469,695,466,476,0.978991596639,0.961764485681,0.98854939741,466,476,0.978991596639,0.961764485681,0.98854939741,466,0,0,0,20,466,476,0.978991596639,0.961764485681,0.98854939741,466,476,0.978991596639,0.961764485681,0.98854939741,466,0,0,0,1,466,476,0.978991596639,466,476,0.978991596639,1,0.991596638655,0.993697478992,3,1688,0.00177725118483,0.00177725118483,0.000604605803334,0.00521240427724,229,1688,0.135663507109,0.135663507109,0.120152771282,0.152828752142,3,0.133886255924,0.117890995261,0.150473933649,probe,wilson_score,paired_nonparametric_bootstrap_percentile,2000,42,916,0.423290203327,0.50991177495,-0.120496410467,0.12417912078,226,0.104436229205,0,0,226,0.104436229205,2151,0.993992606285,1925,0.889556377079,0,16,524288,faiss_centroids,524288,faiss_centroids
lfw,arcface-7972a704552df378345f,20260829-R001-245d09db,population-a8d0f8d60f18444a282a481c,origin-embedding-2a24946a994787647ad927a9,lfw-identity-disjoint-open-set-v1,pq,pq_512_m16_b8,pq_one_sided_cosine,origin_float32,pq_reconstructed_float32,cosine_similarity,cosine_similarity,cosine_similarity,True,True,1,time.perf_counter,,,,6.64739999957,9.37130000057,0.00433054528677,230917.802212,50,2048,102400,525088,10501.76,recalibrated_compressed,0.2,calibration,test,20,2164,476,1688,,0.346786439419,0.160874024034,469,0.985294117647,467,0.981092436975,472,0.991596638655,473,0.993697478992,469,695,466,476,0.978991596639,0.961764485681,0.98854939741,466,476,0.978991596639,0.961764485681,0.98854939741,466,0,0,0,20,466,476,0.978991596639,0.961764485681,0.98854939741,466,476,0.978991596639,0.961764485681,0.98854939741,466,0,0,0,1,466,476,0.978991596639,466,476,0.978991596639,1,0.991596638655,0.993697478992,3,1688,0.00177725118483,0.00177725118483,0.000604605803334,0.00521240427724,229,1688,0.135663507109,0.135663507109,0.120152771282,0.152828752142,3,0.133886255924,0.117890995261,0.150473933649,probe,wilson_score,paired_nonparametric_bootstrap_percentile,2000,42,916,0.423290203327,0.50991177495,-0.120496410467,0.12417912078,226,0.104436229205,0,0,226,0.104436229205,2151,0.993992606285,1925,0.889556377079,0,16,524288,faiss_centroids,524288,faiss_centroids
lfw,arcface-7972a704552df378345f,20260829-R001-245d09db,population-a8d0f8d60f18444a282a481c,origin-embedding-2a24946a994787647ad927a9,lfw-identity-disjoint-open-set-v1,pq,pq_512_m16_b8,pq_one_sided_cosine,origin_float32,pq_reconstructed_float32,cosine_similarity,cosine_similarity,cosine_similarity,True,True,1,time.perf_counter,,,,6.64739999957,9.37130000057,0.00433054528677,230917.802212,50,2048,102400,525088,10501.76,recalibrated_compressed,0.3,calibration,test,20,2164,476,1688,,0.346786439419,0.160874024034,469,0.985294117647,467,0.981092436975,472,0.991596638655,473,0.993697478992,469,695,466,476,0.978991596639,0.961764485681,0.98854939741,466,476,0.978991596639,0.961764485681,0.98854939741,466,0,0,0,20,466,476,0.978991596639,0.961764485681,0.98854939741,466,476,0.978991596639,0.961764485681,0.98854939741,466,0,0,0,1,466,476,0.978991596639,466,476,0.978991596639,1,0.991596638655,0.993697478992,3,1688,0.00177725118483,0.00177725118483,0.000604605803334,0.00521240427724,229,1688,0.135663507109,0.135663507109,0.120152771282,0.152828752142,3,0.133886255924,0.117890995261,0.150473933649,probe,wilson_score,paired_nonparametric_bootstrap_percentile,2000,42,916,0.423290203327,0.50991177495,-0.120496410467,0.12417912078,226,0.104436229205,0,0,226,0.104436229205,2151,0.993992606285,1925,0.889556377079,0,16,524288,faiss_centroids,524288,faiss_centroids
lfw,arcface-7972a704552df378345f,20260829-R001-245d09db,population-a8d0f8d60f18444a282a481c,origin-embedding-2a24946a994787647ad927a9,lfw-identity-disjoint-open-set-v1,pq,pq_512_m16_b8,pq_reconstruction_cosine,pq_reconstructed_float32,pq_reconstructed_float32,cosine_similarity,cosine_similarity,cosine_similarity,True,True,1,time.perf_counter,,,,7.18439999946,5.94230000024,0.00274597966739,364168.756191,50,2048,102400,525088,10501.76,frozen_origin,0.01,calibration,test,20,2164,476,1688,0.346786439419,0.346786439419,0.346786439419,469,0.985294117647,464,0.974789915966,472,0.991596638655,473,0.993697478992,469,329,466,476,0.978991596639,0.961764485681,0.98854939741,328,476,0.689075630252,0.646119072407,0.729004828813,328,-0.289915966387,-0.329884453782,-0.25,20,466,476,0.978991596639,0.961764485681,0.98854939741,328,476,0.689075630252,0.646119072407,0.729004828813,328,-0.289915966387,-0.329884453782,-0.25,0.703862660944,466,476,0.978991596639,328,476,0.689075630252,0.703862660944,0.991596638655,0.993697478992,3,1688,0.00177725118483,0.00177725118483,0.000604605803334,0.00521240427724,1,1688,0.000592417061611,0.000592417061611,0.000104583813744,0.00334813853813,0,-0.00118483412322,-0.00355450236967,0.00118483412322,probe,wilson_score,paired_nonparametric_bootstrap_percentile,2000,42,634,0.292975970425,0.393037793557,-0.110881554923,0.121577921442,142,0.0656192236599,141,0.065157116451,1,0.000462107208872,2151,0.993992606285,2015,0.931146025878,0,16,524288,faiss_centroids,524288,faiss_centroids
lfw,arcface-7972a704552df378345f,20260829-R001-245d09db,population-a8d0f8d60f18444a282a481c,origin-embedding-2a24946a994787647ad927a9,lfw-identity-disjoint-open-set-v1,pq,pq_512_m16_b8,pq_reconstruction_cosine,pq_reconstructed_float32,pq_reconstructed_float32,cosine_similarity,cosine_similarity,cosine_similarity,True,True,1,time.perf_counter,,,,7.18439999946,5.94230000024,0.00274597966739,364168.756191,50,2048,102400,525088,10501.76,frozen_origin,0.05,calibration,test,20,2164,476,1688,0.346786439419,0.346786439419,0.346786439419,469,0.985294117647,464,0.974789915966,472,0.991596638655,473,0.993697478992,469,329,466,476,0.978991596639,0.961764485681,0.98854939741,328,476,0.689075630252,0.646119072407,0.729004828813,328,-0.289915966387,-0.329884453782,-0.25,20,466,476,0.978991596639,0.961764485681,0.98854939741,328,476,0.689075630252,0.646119072407,0.729004828813,328,-0.289915966387,-0.329884453782,-0.25,0.703862660944,466,476,0.978991596639,328,476,0.689075630252,0.703862660944,0.991596638655,0.993697478992,3,1688,0.00177725118483,0.00177725118483,0.000604605803334,0.00521240427724,1,1688,0.000592417061611,0.000592417061611,0.000104583813744,0.00334813853813,0,-0.00118483412322,-0.00355450236967,0.00118483412322,probe,wilson_score,paired_nonparametric_bootstrap_percentile,2000,42,634,0.292975970425,0.393037793557,-0.110881554923,0.121577921442,142,0.0656192236599,141,0.065157116451,1,0.000462107208872,2151,0.993992606285,2015,0.931146025878,0,16,524288,faiss_centroids,524288,faiss_centroids
lfw,arcface-7972a704552df378345f,20260829-R001-245d09db,population-a8d0f8d60f18444a282a481c,origin-embedding-2a24946a994787647ad927a9,lfw-identity-disjoint-open-set-v1,pq,pq_512_m16_b8,pq_reconstruction_cosine,pq_reconstructed_float32,pq_reconstructed_float32,cosine_similarity,cosine_similarity,cosine_similarity,True,True,1,time.perf_counter,,,,7.18439999946,5.94230000024,0.00274597966739,364168.756191,50,2048,102400,525088,10501.76,frozen_origin,0.1,calibration,test,20,2164,476,1688,0.346786439419,0.346786439419,0.346786439419,469,0.985294117647,464,0.974789915966,472,0.991596638655,473,0.993697478992,469,329,466,476,0.978991596639,0.961764485681,0.98854939741,328,476,0.689075630252,0.646119072407,0.729004828813,328,-0.289915966387,-0.329884453782,-0.25,20,466,476,0.978991596639,0.961764485681,0.98854939741,328,476,0.689075630252,0.646119072407,0.729004828813,328,-0.289915966387,-0.329884453782,-0.25,0.703862660944,466,476,0.978991596639,328,476,0.689075630252,0.703862660944,0.991596638655,0.993697478992,3,1688,0.00177725118483,0.00177725118483,0.000604605803334,0.00521240427724,1,1688,0.000592417061611,0.000592417061611,0.000104583813744,0.00334813853813,0,-0.00118483412322,-0.00355450236967,0.00118483412322,probe,wilson_score,paired_nonparametric_bootstrap_percentile,2000,42,634,0.292975970425,0.393037793557,-0.110881554923,0.121577921442,142,0.0656192236599,141,0.065157116451,1,0.000462107208872,2151,0.993992606285,2015,0.931146025878,0,16,524288,faiss_centroids,524288,faiss_centroids
lfw,arcface-7972a704552df378345f,20260829-R001-245d09db,population-a8d0f8d60f18444a282a481c,origin-embedding-2a24946a994787647ad927a9,lfw-identity-disjoint-open-set-v1,pq,pq_512_m16_b8,pq_reconstruction_cosine,pq_reconstructed_float32,pq_reconstructed_float32,cosine_similarity,cosine_similarity,cosine_similarity,True,True,1,time.perf_counter,,,,7.18439999946,5.94230000024,0.00274597966739,364168.756191,50,2048,102400,525088,10501.76,frozen_origin,0.2,calibration,test,20,2164,476,1688,0.346786439419,0.346786439419,0.346786439419,469,0.985294117647,464,0.974789915966,472,0.991596638655,473,0.993697478992,469,329,466,476,0.978991596639,0.961764485681,0.98854939741,328,476,0.689075630252,0.646119072407,0.729004828813,328,-0.289915966387,-0.329884453782,-0.25,20,466,476,0.978991596639,0.961764485681,0.98854939741,328,476,0.689075630252,0.646119072407,0.729004828813,328,-0.289915966387,-0.329884453782,-0.25,0.703862660944,466,476,0.978991596639,328,476,0.689075630252,0.703862660944,0.991596638655,0.993697478992,3,1688,0.00177725118483,0.00177725118483,0.000604605803334,0.00521240427724,1,1688,0.000592417061611,0.000592417061611,0.000104583813744,0.00334813853813,0,-0.00118483412322,-0.00355450236967,0.00118483412322,probe,wilson_score,paired_nonparametric_bootstrap_percentile,2000,42,634,0.292975970425,0.393037793557,-0.110881554923,0.121577921442,142,0.0656192236599,141,0.065157116451,1,0.000462107208872,2151,0.993992606285,2015,0.931146025878,0,16,524288,faiss_centroids,524288,faiss_centroids
lfw,arcface-7972a704552df378345f,20260829-R001-245d09db,population-a8d0f8d60f18444a282a481c,origin-embedding-2a24946a994787647ad927a9,lfw-identity-disjoint-open-set-v1,pq,pq_512_m16_b8,pq_reconstruction_cosine,pq_reconstructed_float32,pq_reconstructed_float32,cosine_similarity,cosine_similarity,cosine_similarity,True,True,1,time.perf_counter,,,,7.18439999946,5.94230000024,0.00274597966739,364168.756191,50,2048,102400,525088,10501.76,frozen_origin,0.3,calibration,test,20,2164,476,1688,0.346786439419,0.346786439419,0.346786439419,469,0.985294117647,464,0.974789915966,472,0.991596638655,473,0.993697478992,469,329,466,476,0.978991596639,0.961764485681,0.98854939741,328,476,0.689075630252,0.646119072407,0.729004828813,328,-0.289915966387,-0.329884453782,-0.25,20,466,476,0.978991596639,0.961764485681,0.98854939741,328,476,0.689075630252,0.646119072407,0.729004828813,328,-0.289915966387,-0.329884453782,-0.25,0.703862660944,466,476,0.978991596639,328,476,0.689075630252,0.703862660944,0.991596638655,0.993697478992,3,1688,0.00177725118483,0.00177725118483,0.000604605803334,0.00521240427724,1,1688,0.000592417061611,0.000592417061611,0.000104583813744,0.00334813853813,0,-0.00118483412322,-0.00355450236967,0.00118483412322,probe,wilson_score,paired_nonparametric_bootstrap_percentile,2000,42,634,0.292975970425,0.393037793557,-0.110881554923,0.121577921442,142,0.0656192236599,141,0.065157116451,1,0.000462107208872,2151,0.993992606285,2015,0.931146025878,0,16,524288,faiss_centroids,524288,faiss_centroids
lfw,arcface-7972a704552df378345f,20260829-R001-245d09db,population-a8d0f8d60f18444a282a481c,origin-embedding-2a24946a994787647ad927a9,lfw-identity-disjoint-open-set-v1,pq,pq_512_m16_b8,pq_reconstruction_cosine,pq_reconstructed_float32,pq_reconstructed_float32,cosine_similarity,cosine_similarity,cosine_similarity,True,True,1,time.perf_counter,,,,7.18439999946,5.94230000024,0.00274597966739,364168.756191,50,2048,102400,525088,10501.76,recalibrated_compressed,0.01,calibration,test,20,2164,476,1688,,0.346786439419,0.204176574945,469,0.985294117647,464,0.974789915966,472,0.991596638655,473,0.993697478992,469,520,466,476,0.978991596639,0.961764485681,0.98854939741,453,476,0.951680672269,0.928539971338,0.967589348244,453,-0.0273109243697,-0.0420168067227,-0.0147058823529,20,466,476,0.978991596639,0.961764485681,0.98854939741,453,476,0.951680672269,0.928539971338,0.967589348244,453,-0.0273109243697,-0.0420168067227,-0.0147058823529,0.972103004292,466,476,0.978991596639,453,476,0.951680672269,0.972103004292,0.991596638655,0.993697478992,3,1688,0.00177725118483,0.00177725118483,0.000604605803334,0.00521240427724,67,1688,0.039691943128,0.039691943128,0.0313755458175,0.0500986715816,2,0.0379146919431,0.029028436019,0.0473933649289,probe,wilson_score,paired_nonparametric_bootstrap_percentile,2000,42,634,0.292975970425,0.393037793557,-0.110881554923,0.121577921442,79,0.0365064695009,14,0.00646950092421,65,0.0300369685767,2151,0.993992606285,2074,0.958410351201,0,16,524288,faiss_centroids,524288,faiss_centroids
lfw,arcface-7972a704552df378345f,20260829-R001-245d09db,population-a8d0f8d60f18444a282a481c,origin-embedding-2a24946a994787647ad927a9,lfw-identity-disjoint-open-set-v1,pq,pq_512_m16_b8,pq_reconstruction_cosine,pq_reconstructed_float32,pq_reconstructed_float32,cosine_similarity,cosine_similarity,cosine_similarity,True,True,1,time.perf_counter,,,,7.18439999946,5.94230000024,0.00274597966739,364168.756191,50,2048,102400,525088,10501.76,recalibrated_compressed,0.05,calibration,test,20,2164,476,1688,,0.346786439419,0.17720374465,469,0.985294117647,464,0.974789915966,472,0.991596638655,473,0.993697478992,469,664,466,476,0.978991596639,0.961764485681,0.98854939741,458,476,0.96218487395,0.941021128389,0.975948407927,458,-0.0168067226891,-0.0294117647059,-0.0063025210084,20,466,476,0.978991596639,0.961764485681,0.98854939741,458,476,0.96218487395,0.941021128389,0.975948407927,458,-0.0168067226891,-0.0294117647059,-0.0063025210084,0.982832618026,466,476,0.978991596639,458,476,0.96218487395,0.982832618026,0.991596638655,0.993697478992,3,1688,0.00177725118483,0.00177725118483,0.000604605803334,0.00521240427724,205,1688,0.12144549763,0.12144549763,0.106716528128,0.137893542552,2,0.119668246445,0.10543542654,0.135663507109,probe,wilson_score,paired_nonparametric_bootstrap_percentile,2000,42,634,0.292975970425,0.393037793557,-0.110881554923,0.121577921442,213,0.0984288354898,9,0.00415896487985,204,0.09426987061,2151,0.993992606285,1941,0.896950092421,0,16,524288,faiss_centroids,524288,faiss_centroids
lfw,arcface-7972a704552df378345f,20260829-R001-245d09db,population-a8d0f8d60f18444a282a481c,origin-embedding-2a24946a994787647ad927a9,lfw-identity-disjoint-open-set-v1,pq,pq_512_m16_b8,pq_reconstruction_cosine,pq_reconstructed_float32,pq_reconstructed_float32,cosine_similarity,cosine_similarity,cosine_similarity,True,True,1,time.perf_counter,,,,7.18439999946,5.94230000024,0.00274597966739,364168.756191,50,2048,102400,525088,10501.76,recalibrated_compressed,0.1,calibration,test,20,2164,476,1688,,0.346786439419,0.16469605267,469,0.985294117647,464,0.974789915966,472,0.991596638655,473,0.993697478992,469,778,466,476,0.978991596639,0.961764485681,0.98854939741,462,476,0.970588235294,0.951241089085,0.982400620619,461,-0.00840336134454,-0.0189075630252,0,20,466,476,0.978991596639,0.961764485681,0.98854939741,462,476,0.970588235294,0.951241089085,0.982400620619,461,-0.00840336134454,-0.0189075630252,0,0.991416309013,466,476,0.978991596639,462,476,0.970588235294,0.991416309013,0.991596638655,0.993697478992,3,1688,0.00177725118483,0.00177725118483,0.000604605803334,0.00521240427724,315,1688,0.186611374408,0.186611374408,0.168744682986,0.205901212772,2,0.184834123223,0.165876777251,0.203213862559,probe,wilson_score,paired_nonparametric_bootstrap_percentile,2000,42,634,0.292975970425,0.393037793557,-0.110881554923,0.121577921442,321,0.148336414048,6,0.00277264325323,315,0.145563770795,2151,0.993992606285,1835,0.847966728281,0,16,524288,faiss_centroids,524288,faiss_centroids
lfw,arcface-7972a704552df378345f,20260829-R001-245d09db,population-a8d0f8d60f18444a282a481c,origin-embedding-2a24946a994787647ad927a9,lfw-identity-disjoint-open-set-v1,pq,pq_512_m16_b8,pq_reconstruction_cosine,pq_reconstructed_float32,pq_reconstructed_float32,cosine_similarity,cosine_similarity,cosine_similarity,True,True,1,time.perf_counter,,,,7.18439999946,5.94230000024,0.00274597966739,364168.756191,50,2048,102400,525088,10501.76,recalibrated_compressed,0.2,calibration,test,20,2164,476,1688,,0.346786439419,0.14355546236,469,0.985294117647,464,0.974789915966,472,0.991596638655,473,0.993697478992,469,1118,466,476,0.978991596639,0.961764485681,0.98854939741,463,476,0.97268907563,0.953838641232,0.983971111818,462,-0.0063025210084,-0.0168067226891,0.00210084033613,20,466,476,0.978991596639,0.961764485681,0.98854939741,465,476,0.976890756303,0.959097733567,0.987048106177,464,-0.00210084033613,-0.0105042016807,0.00420168067227,0.997854077253,466,476,0.978991596639,465,476,0.976890756303,0.997854077253,0.991596638655,0.993697478992,3,1688,0.00177725118483,0.00177725118483,0.000604605803334,0.00521240427724,647,1688,0.383293838863,0.383293838863,0.360390125945,0.406727532778,3,0.381516587678,0.358412322275,0.404043246445,probe,wilson_score,paired_nonparametric_bootstrap_percentile,2000,42,634,0.292975970425,0.393037793557,-0.110881554923,0.121577921442,651,0.300831792976,1,0.000462107208872,650,0.300369685767,2151,0.993992606285,1504,0.695009242144,0,16,524288,faiss_centroids,524288,faiss_centroids
lfw,arcface-7972a704552df378345f,20260829-R001-245d09db,population-a8d0f8d60f18444a282a481c,origin-embedding-2a24946a994787647ad927a9,lfw-identity-disjoint-open-set-v1,pq,pq_512_m16_b8,pq_reconstruction_cosine,pq_reconstructed_float32,pq_reconstructed_float32,cosine_similarity,cosine_similarity,cosine_similarity,True,True,1,time.perf_counter,,,,7.18439999946,5.94230000024,0.00274597966739,364168.756191,50,2048,102400,525088,10501.76,recalibrated_compressed,0.3,calibration,test,20,2164,476,1688,,0.346786439419,0.137268364429,469,0.985294117647,464,0.974789915966,472,0.991596638655,473,0.993697478992,469,1248,466,476,0.978991596639,0.961764485681,0.98854939741,464,476,0.974789915966,0.956456737673,0.985521058724,462,-0.00420168067227,-0.0147058823529,0.0063025210084,20,466,476,0.978991596639,0.961764485681,0.98854939741,467,476,0.981092436975,0.964460516632,0.990021409806,465,0.00210084033613,-0.00420168067227,0.0105042016807,1.00214592275,466,476,0.978991596639,467,476,0.981092436975,1.00214592275,0.991596638655,0.993697478992,3,1688,0.00177725118483,0.00177725118483,0.000604605803334,0.00521240427724,775,1688,0.459123222749,0.459123222749,0.43547031492,0.48296175844,3,0.457345971564,0.434241706161,0.481042654028,probe,wilson_score,paired_nonparametric_bootstrap_percentile,2000,42,634,0.292975970425,0.393037793557,-0.110881554923,0.121577921442,781,0.360905730129,1,0.000462107208872,780,0.360443622921,2151,0.993992606285,1377,0.636321626617,0,16,524288,faiss_centroids,524288,faiss_centroids
lfw,arcface-7972a704552df378345f,20260829-R001-245d09db,population-a8d0f8d60f18444a282a481c,origin-embedding-2a24946a994787647ad927a9,lfw-identity-disjoint-open-set-v1,pq,pq_512_m32_b8,pq_adc_exhaustive,origin_float32,pq_code,squared_l2_asymmetric,cosine_similarity,negative_squared_l2_adc,False,False,1,time.perf_counter,0.0716999984434,0.0120000004245,1.36860000021,6.59530000121,37.5210999991,0.0173387707944,57674.2153095,50,2048,102400,525888,10517.76,recalibrated_compressed,0.01,calibration,test,20,2164,476,1688,,0.346786439419,-1.20511007309,469,0.985294117647,467,0.981092436975,472,0.991596638655,472,0.991596638655,469,489,466,476,0.978991596639,0.961764485681,0.98854939741,466,476,0.978991596639,0.961764485681,0.98854939741,466,0,0,0,20,466,476,0.978991596639,0.961764485681,0.98854939741,466,476,0.978991596639,0.961764485681,0.98854939741,466,0,0,0,1,466,476,0.978991596639,466,476,0.978991596639,1,0.991596638655,0.991596638655,3,1688,0.00177725118483,0.00177725118483,0.000604605803334,0.00521240427724,23,1688,0.0136255924171,0.0136255924171,0.00909647046764,0.0203634169,3,0.0118483412322,0.00710900473934,0.0177725118483,probe,wilson_score,paired_nonparametric_bootstrap_percentile,2000,42,1117,0.516173752311,0.577787407654,,,20,0.00924214417745,0,0,20,0.00924214417745,2151,0.993992606285,2131,0.984750462107,0,32,524288,faiss_centroids,524288,faiss_centroids
lfw,arcface-7972a704552df378345f,20260829-R001-245d09db,population-a8d0f8d60f18444a282a481c,origin-embedding-2a24946a994787647ad927a9,lfw-identity-disjoint-open-set-v1,pq,pq_512_m32_b8,pq_adc_exhaustive,origin_float32,pq_code,squared_l2_asymmetric,cosine_similarity,negative_squared_l2_adc,False,False,1,time.perf_counter,0.0716999984434,0.0120000004245,1.36860000021,6.59530000121,37.5210999991,0.0173387707944,57674.2153095,50,2048,102400,525888,10517.76,recalibrated_compressed,0.05,calibration,test,20,2164,476,1688,,0.346786439419,-1.20511007309,469,0.985294117647,467,0.981092436975,472,0.991596638655,472,0.991596638655,469,489,466,476,0.978991596639,0.961764485681,0.98854939741,466,476,0.978991596639,0.961764485681,0.98854939741,466,0,0,0,20,466,476,0.978991596639,0.961764485681,0.98854939741,466,476,0.978991596639,0.961764485681,0.98854939741,466,0,0,0,1,466,476,0.978991596639,466,476,0.978991596639,1,0.991596638655,0.991596638655,3,1688,0.00177725118483,0.00177725118483,0.000604605803334,0.00521240427724,23,1688,0.0136255924171,0.0136255924171,0.00909647046764,0.0203634169,3,0.0118483412322,0.00710900473934,0.0177725118483,probe,wilson_score,paired_nonparametric_bootstrap_percentile,2000,42,1117,0.516173752311,0.577787407654,,,20,0.00924214417745,0,0,20,0.00924214417745,2151,0.993992606285,2131,0.984750462107,0,32,524288,faiss_centroids,524288,faiss_centroids
lfw,arcface-7972a704552df378345f,20260829-R001-245d09db,population-a8d0f8d60f18444a282a481c,origin-embedding-2a24946a994787647ad927a9,lfw-identity-disjoint-open-set-v1,pq,pq_512_m32_b8,pq_adc_exhaustive,origin_float32,pq_code,squared_l2_asymmetric,cosine_similarity,negative_squared_l2_adc,False,False,1,time.perf_counter,0.0716999984434,0.0120000004245,1.36860000021,6.59530000121,37.5210999991,0.0173387707944,57674.2153095,50,2048,102400,525888,10517.76,recalibrated_compressed,0.1,calibration,test,20,2164,476,1688,,0.346786439419,-1.20511007309,469,0.985294117647,467,0.981092436975,472,0.991596638655,472,0.991596638655,469,489,466,476,0.978991596639,0.961764485681,0.98854939741,466,476,0.978991596639,0.961764485681,0.98854939741,466,0,0,0,20,466,476,0.978991596639,0.961764485681,0.98854939741,466,476,0.978991596639,0.961764485681,0.98854939741,466,0,0,0,1,466,476,0.978991596639,466,476,0.978991596639,1,0.991596638655,0.991596638655,3,1688,0.00177725118483,0.00177725118483,0.000604605803334,0.00521240427724,23,1688,0.0136255924171,0.0136255924171,0.00909647046764,0.0203634169,3,0.0118483412322,0.00710900473934,0.0177725118483,probe,wilson_score,paired_nonparametric_bootstrap_percentile,2000,42,1117,0.516173752311,0.577787407654,,,20,0.00924214417745,0,0,20,0.00924214417745,2151,0.993992606285,2131,0.984750462107,0,32,524288,faiss_centroids,524288,faiss_centroids
lfw,arcface-7972a704552df378345f,20260829-R001-245d09db,population-a8d0f8d60f18444a282a481c,origin-embedding-2a24946a994787647ad927a9,lfw-identity-disjoint-open-set-v1,pq,pq_512_m32_b8,pq_adc_exhaustive,origin_float32,pq_code,squared_l2_asymmetric,cosine_similarity,negative_squared_l2_adc,False,False,1,time.perf_counter,0.0716999984434,0.0120000004245,1.36860000021,6.59530000121,37.5210999991,0.0173387707944,57674.2153095,50,2048,102400,525888,10517.76,recalibrated_compressed,0.2,calibration,test,20,2164,476,1688,,0.346786439419,-1.20511007309,469,0.985294117647,467,0.981092436975,472,0.991596638655,472,0.991596638655,469,489,466,476,0.978991596639,0.961764485681,0.98854939741,466,476,0.978991596639,0.961764485681,0.98854939741,466,0,0,0,20,466,476,0.978991596639,0.961764485681,0.98854939741,466,476,0.978991596639,0.961764485681,0.98854939741,466,0,0,0,1,466,476,0.978991596639,466,476,0.978991596639,1,0.991596638655,0.991596638655,3,1688,0.00177725118483,0.00177725118483,0.000604605803334,0.00521240427724,23,1688,0.0136255924171,0.0136255924171,0.00909647046764,0.0203634169,3,0.0118483412322,0.00710900473934,0.0177725118483,probe,wilson_score,paired_nonparametric_bootstrap_percentile,2000,42,1117,0.516173752311,0.577787407654,,,20,0.00924214417745,0,0,20,0.00924214417745,2151,0.993992606285,2131,0.984750462107,0,32,524288,faiss_centroids,524288,faiss_centroids
lfw,arcface-7972a704552df378345f,20260829-R001-245d09db,population-a8d0f8d60f18444a282a481c,origin-embedding-2a24946a994787647ad927a9,lfw-identity-disjoint-open-set-v1,pq,pq_512_m32_b8,pq_adc_exhaustive,origin_float32,pq_code,squared_l2_asymmetric,cosine_similarity,negative_squared_l2_adc,False,False,1,time.perf_counter,0.0716999984434,0.0120000004245,1.36860000021,6.59530000121,37.5210999991,0.0173387707944,57674.2153095,50,2048,102400,525888,10517.76,recalibrated_compressed,0.3,calibration,test,20,2164,476,1688,,0.346786439419,-1.20511007309,469,0.985294117647,467,0.981092436975,472,0.991596638655,472,0.991596638655,469,489,466,476,0.978991596639,0.961764485681,0.98854939741,466,476,0.978991596639,0.961764485681,0.98854939741,466,0,0,0,20,466,476,0.978991596639,0.961764485681,0.98854939741,466,476,0.978991596639,0.961764485681,0.98854939741,466,0,0,0,1,466,476,0.978991596639,466,476,0.978991596639,1,0.991596638655,0.991596638655,3,1688,0.00177725118483,0.00177725118483,0.000604605803334,0.00521240427724,23,1688,0.0136255924171,0.0136255924171,0.00909647046764,0.0203634169,3,0.0118483412322,0.00710900473934,0.0177725118483,probe,wilson_score,paired_nonparametric_bootstrap_percentile,2000,42,1117,0.516173752311,0.577787407654,,,20,0.00924214417745,0,0,20,0.00924214417745,2151,0.993992606285,2131,0.984750462107,0,32,524288,faiss_centroids,524288,faiss_centroids
lfw,arcface-7972a704552df378345f,20260829-R001-245d09db,population-a8d0f8d60f18444a282a481c,origin-embedding-2a24946a994787647ad927a9,lfw-identity-disjoint-open-set-v1,pq,pq_512_m32_b8,pq_one_sided_cosine,origin_float32,pq_reconstructed_float32,cosine_similarity,cosine_similarity,cosine_similarity,True,True,1,time.perf_counter,,,,336.9454,19.305400001,0.00892116451064,112092.98952,50,2048,102400,525888,10517.76,frozen_origin,0.01,calibration,test,20,2164,476,1688,0.346786439419,0.346786439419,0.346786439419,469,0.985294117647,467,0.981092436975,472,0.991596638655,471,0.989495798319,469,464,466,476,0.978991596639,0.961764485681,0.98854939741,463,476,0.97268907563,0.953838641232,0.983971111818,463,-0.0063025210084,-0.0147058823529,0,20,466,476,0.978991596639,0.961764485681,0.98854939741,463,476,0.97268907563,0.953838641232,0.983971111818,463,-0.0063025210084,-0.0147058823529,0,0.99356223176,466,476,0.978991596639,463,476,0.97268907563,0.99356223176,0.991596638655,0.989495798319,3,1688,0.00177725118483,0.00177725118483,0.000604605803334,0.00521240427724,1,1688,0.000592417061611,0.000592417061611,0.000104583813744,0.00334813853813,1,-0.00118483412322,-0.00296208530806,0,probe,wilson_score,paired_nonparametric_bootstrap_percentile,2000,42,1159,0.535582255083,0.602008494069,-0.0870599103076,0.0907147195665,5,0.00231053604436,5,0.00231053604436,0,0,2151,0.993992606285,2150,0.993530499076,0,32,524288,faiss_centroids,524288,faiss_centroids
lfw,arcface-7972a704552df378345f,20260829-R001-245d09db,population-a8d0f8d60f18444a282a481c,origin-embedding-2a24946a994787647ad927a9,lfw-identity-disjoint-open-set-v1,pq,pq_512_m32_b8,pq_one_sided_cosine,origin_float32,pq_reconstructed_float32,cosine_similarity,cosine_similarity,cosine_similarity,True,True,1,time.perf_counter,,,,336.9454,19.305400001,0.00892116451064,112092.98952,50,2048,102400,525888,10517.76,frozen_origin,0.05,calibration,test,20,2164,476,1688,0.346786439419,0.346786439419,0.346786439419,469,0.985294117647,467,0.981092436975,472,0.991596638655,471,0.989495798319,469,464,466,476,0.978991596639,0.961764485681,0.98854939741,463,476,0.97268907563,0.953838641232,0.983971111818,463,-0.0063025210084,-0.0147058823529,0,20,466,476,0.978991596639,0.961764485681,0.98854939741,463,476,0.97268907563,0.953838641232,0.983971111818,463,-0.0063025210084,-0.0147058823529,0,0.99356223176,466,476,0.978991596639,463,476,0.97268907563,0.99356223176,0.991596638655,0.989495798319,3,1688,0.00177725118483,0.00177725118483,0.000604605803334,0.00521240427724,1,1688,0.000592417061611,0.000592417061611,0.000104583813744,0.00334813853813,1,-0.00118483412322,-0.00296208530806,0,probe,wilson_score,paired_nonparametric_bootstrap_percentile,2000,42,1159,0.535582255083,0.602008494069,-0.0870599103076,0.0907147195665,5,0.00231053604436,5,0.00231053604436,0,0,2151,0.993992606285,2150,0.993530499076,0,32,524288,faiss_centroids,524288,faiss_centroids
lfw,arcface-7972a704552df378345f,20260829-R001-245d09db,population-a8d0f8d60f18444a282a481c,origin-embedding-2a24946a994787647ad927a9,lfw-identity-disjoint-open-set-v1,pq,pq_512_m32_b8,pq_one_sided_cosine,origin_float32,pq_reconstructed_float32,cosine_similarity,cosine_similarity,cosine_similarity,True,True,1,time.perf_counter,,,,336.9454,19.305400001,0.00892116451064,112092.98952,50,2048,102400,525888,10517.76,frozen_origin,0.1,calibration,test,20,2164,476,1688,0.346786439419,0.346786439419,0.346786439419,469,0.985294117647,467,0.981092436975,472,0.991596638655,471,0.989495798319,469,464,466,476,0.978991596639,0.961764485681,0.98854939741,463,476,0.97268907563,0.953838641232,0.983971111818,463,-0.0063025210084,-0.0147058823529,0,20,466,476,0.978991596639,0.961764485681,0.98854939741,463,476,0.97268907563,0.953838641232,0.983971111818,463,-0.0063025210084,-0.0147058823529,0,0.99356223176,466,476,0.978991596639,463,476,0.97268907563,0.99356223176,0.991596638655,0.989495798319,3,1688,0.00177725118483,0.00177725118483,0.000604605803334,0.00521240427724,1,1688,0.000592417061611,0.000592417061611,0.000104583813744,0.00334813853813,1,-0.00118483412322,-0.00296208530806,0,probe,wilson_score,paired_nonparametric_bootstrap_percentile,2000,42,1159,0.535582255083,0.602008494069,-0.0870599103076,0.0907147195665,5,0.00231053604436,5,0.00231053604436,0,0,2151,0.993992606285,2150,0.993530499076,0,32,524288,faiss_centroids,524288,faiss_centroids
lfw,arcface-7972a704552df378345f,20260829-R001-245d09db,population-a8d0f8d60f18444a282a481c,origin-embedding-2a24946a994787647ad927a9,lfw-identity-disjoint-open-set-v1,pq,pq_512_m32_b8,pq_one_sided_cosine,origin_float32,pq_reconstructed_float32,cosine_similarity,cosine_similarity,cosine_similarity,True,True,1,time.perf_counter,,,,336.9454,19.305400001,0.00892116451064,112092.98952,50,2048,102400,525888,10517.76,frozen_origin,0.2,calibration,test,20,2164,476,1688,0.346786439419,0.346786439419,0.346786439419,469,0.985294117647,467,0.981092436975,472,0.991596638655,471,0.989495798319,469,464,466,476,0.978991596639,0.961764485681,0.98854939741,463,476,0.97268907563,0.953838641232,0.983971111818,463,-0.0063025210084,-0.0147058823529,0,20,466,476,0.978991596639,0.961764485681,0.98854939741,463,476,0.97268907563,0.953838641232,0.983971111818,463,-0.0063025210084,-0.0147058823529,0,0.99356223176,466,476,0.978991596639,463,476,0.97268907563,0.99356223176,0.991596638655,0.989495798319,3,1688,0.00177725118483,0.00177725118483,0.000604605803334,0.00521240427724,1,1688,0.000592417061611,0.000592417061611,0.000104583813744,0.00334813853813,1,-0.00118483412322,-0.00296208530806,0,probe,wilson_score,paired_nonparametric_bootstrap_percentile,2000,42,1159,0.535582255083,0.602008494069,-0.0870599103076,0.0907147195665,5,0.00231053604436,5,0.00231053604436,0,0,2151,0.993992606285,2150,0.993530499076,0,32,524288,faiss_centroids,524288,faiss_centroids
lfw,arcface-7972a704552df378345f,20260829-R001-245d09db,population-a8d0f8d60f18444a282a481c,origin-embedding-2a24946a994787647ad927a9,lfw-identity-disjoint-open-set-v1,pq,pq_512_m32_b8,pq_one_sided_cosine,origin_float32,pq_reconstructed_float32,cosine_similarity,cosine_similarity,cosine_similarity,True,True,1,time.perf_counter,,,,336.9454,19.305400001,0.00892116451064,112092.98952,50,2048,102400,525888,10517.76,frozen_origin,0.3,calibration,test,20,2164,476,1688,0.346786439419,0.346786439419,0.346786439419,469,0.985294117647,467,0.981092436975,472,0.991596638655,471,0.989495798319,469,464,466,476,0.978991596639,0.961764485681,0.98854939741,463,476,0.97268907563,0.953838641232,0.983971111818,463,-0.0063025210084,-0.0147058823529,0,20,466,476,0.978991596639,0.961764485681,0.98854939741,463,476,0.97268907563,0.953838641232,0.983971111818,463,-0.0063025210084,-0.0147058823529,0,0.99356223176,466,476,0.978991596639,463,476,0.97268907563,0.99356223176,0.991596638655,0.989495798319,3,1688,0.00177725118483,0.00177725118483,0.000604605803334,0.00521240427724,1,1688,0.000592417061611,0.000592417061611,0.000104583813744,0.00334813853813,1,-0.00118483412322,-0.00296208530806,0,probe,wilson_score,paired_nonparametric_bootstrap_percentile,2000,42,1159,0.535582255083,0.602008494069,-0.0870599103076,0.0907147195665,5,0.00231053604436,5,0.00231053604436,0,0,2151,0.993992606285,2150,0.993530499076,0,32,524288,faiss_centroids,524288,faiss_centroids
lfw,arcface-7972a704552df378345f,20260829-R001-245d09db,population-a8d0f8d60f18444a282a481c,origin-embedding-2a24946a994787647ad927a9,lfw-identity-disjoint-open-set-v1,pq,pq_512_m32_b8,pq_one_sided_cosine,origin_float32,pq_reconstructed_float32,cosine_similarity,cosine_similarity,cosine_similarity,True,True,1,time.perf_counter,,,,336.9454,19.305400001,0.00892116451064,112092.98952,50,2048,102400,525888,10517.76,recalibrated_compressed,0.01,calibration,test,20,2164,476,1688,,0.346786439419,0.276271224022,469,0.985294117647,467,0.981092436975,472,0.991596638655,471,0.989495798319,469,467,466,476,0.978991596639,0.961764485681,0.98854939741,466,476,0.978991596639,0.961764485681,0.98854939741,466,0,0,0,20,466,476,0.978991596639,0.961764485681,0.98854939741,466,476,0.978991596639,0.961764485681,0.98854939741,466,0,0,0,1,466,476,0.978991596639,466,476,0.978991596639,1,0.991596638655,0.989495798319,3,1688,0.00177725118483,0.00177725118483,0.000604605803334,0.00521240427724,1,1688,0.000592417061611,0.000592417061611,0.000104583813744,0.00334813853813,1,-0.00118483412322,-0.00296208530806,0,probe,wilson_score,paired_nonparametric_bootstrap_percentile,2000,42,1159,0.535582255083,0.602008494069,-0.0870599103076,0.0907147195665,2,0.000924214417745,2,0.000924214417745,0,0,2151,0.993992606285,2153,0.994916820702,0,32,524288,faiss_centroids,524288,faiss_centroids
lfw,arcface-7972a704552df378345f,20260829-R001-245d09db,population-a8d0f8d60f18444a282a481c,origin-embedding-2a24946a994787647ad927a9,lfw-identity-disjoint-open-set-v1,pq,pq_512_m32_b8,pq_one_sided_cosine,origin_float32,pq_reconstructed_float32,cosine_similarity,cosine_similarity,cosine_similarity,True,True,1,time.perf_counter,,,,336.9454,19.305400001,0.00892116451064,112092.98952,50,2048,102400,525888,10517.76,recalibrated_compressed,0.05,calibration,test,20,2164,476,1688,,0.346786439419,0.215366095304,469,0.985294117647,467,0.981092436975,472,0.991596638655,471,0.989495798319,469,499,466,476,0.978991596639,0.961764485681,0.98854939741,466,476,0.978991596639,0.961764485681,0.98854939741,466,0,0,0,20,466,476,0.978991596639,0.961764485681,0.98854939741,466,476,0.978991596639,0.961764485681,0.98854939741,466,0,0,0,1,466,476,0.978991596639,466,476,0.978991596639,1,0.991596638655,0.989495798319,3,1688,0.00177725118483,0.00177725118483,0.000604605803334,0.00521240427724,33,1688,0.0195497630332,0.0195497630332,0.013953994598,0.0273273314131,3,0.0177725118483,0.0118483412322,0.0242890995261,probe,wilson_score,paired_nonparametric_bootstrap_percentile,2000,42,1159,0.535582255083,0.602008494069,-0.0870599103076,0.0907147195665,30,0.0138632162662,0,0,30,0.0138632162662,2151,0.993992606285,2121,0.980129390018,0,32,524288,faiss_centroids,524288,faiss_centroids
lfw,arcface-7972a704552df378345f,20260829-R001-245d09db,population-a8d0f8d60f18444a282a481c,origin-embedding-2a24946a994787647ad927a9,lfw-identity-disjoint-open-set-v1,pq,pq_512_m32_b8,pq_one_sided_cosine,origin_float32,pq_reconstructed_float32,cosine_similarity,cosine_similarity,cosine_similarity,True,True,1,time.perf_counter,,,,336.9454,19.305400001,0.00892116451064,112092.98952,50,2048,102400,525888,10517.76,recalibrated_compressed,0.1,calibration,test,20,2164,476,1688,,0.346786439419,0.215366095304,469,0.985294117647,467,0.981092436975,472,0.991596638655,471,0.989495798319,469,499,466,476,0.978991596639,0.961764485681,0.98854939741,466,476,0.978991596639,0.961764485681,0.98854939741,466,0,0,0,20,466,476,0.978991596639,0.961764485681,0.98854939741,466,476,0.978991596639,0.961764485681,0.98854939741,466,0,0,0,1,466,476,0.978991596639,466,476,0.978991596639,1,0.991596638655,0.989495798319,3,1688,0.00177725118483,0.00177725118483,0.000604605803334,0.00521240427724,33,1688,0.0195497630332,0.0195497630332,0.013953994598,0.0273273314131,3,0.0177725118483,0.0118483412322,0.0242890995261,probe,wilson_score,paired_nonparametric_bootstrap_percentile,2000,42,1159,0.535582255083,0.602008494069,-0.0870599103076,0.0907147195665,30,0.0138632162662,0,0,30,0.0138632162662,2151,0.993992606285,2121,0.980129390018,0,32,524288,faiss_centroids,524288,faiss_centroids
lfw,arcface-7972a704552df378345f,20260829-R001-245d09db,population-a8d0f8d60f18444a282a481c,origin-embedding-2a24946a994787647ad927a9,lfw-identity-disjoint-open-set-v1,pq,pq_512_m32_b8,pq_one_sided_cosine,origin_float32,pq_reconstructed_float32,cosine_similarity,cosine_similarity,cosine_similarity,True,True,1,time.perf_counter,,,,336.9454,19.305400001,0.00892116451064,112092.98952,50,2048,102400,525888,10517.76,recalibrated_compressed,0.2,calibration,test,20,2164,476,1688,,0.346786439419,0.215366095304,469,0.985294117647,467,0.981092436975,472,0.991596638655,471,0.989495798319,469,499,466,476,0.978991596639,0.961764485681,0.98854939741,466,476,0.978991596639,0.961764485681,0.98854939741,466,0,0,0,20,466,476,0.978991596639,0.961764485681,0.98854939741,466,476,0.978991596639,0.961764485681,0.98854939741,466,0,0,0,1,466,476,0.978991596639,466,476,0.978991596639,1,0.991596638655,0.989495798319,3,1688,0.00177725118483,0.00177725118483,0.000604605803334,0.00521240427724,33,1688,0.0195497630332,0.0195497630332,0.013953994598,0.0273273314131,3,0.0177725118483,0.0118483412322,0.0242890995261,probe,wilson_score,paired_nonparametric_bootstrap_percentile,2000,42,1159,0.535582255083,0.602008494069,-0.0870599103076,0.0907147195665,30,0.0138632162662,0,0,30,0.0138632162662,2151,0.993992606285,2121,0.980129390018,0,32,524288,faiss_centroids,524288,faiss_centroids
lfw,arcface-7972a704552df378345f,20260829-R001-245d09db,population-a8d0f8d60f18444a282a481c,origin-embedding-2a24946a994787647ad927a9,lfw-identity-disjoint-open-set-v1,pq,pq_512_m32_b8,pq_one_sided_cosine,origin_float32,pq_reconstructed_float32,cosine_similarity,cosine_similarity,cosine_similarity,True,True,1,time.perf_counter,,,,336.9454,19.305400001,0.00892116451064,112092.98952,50,2048,102400,525888,10517.76,recalibrated_compressed,0.3,calibration,test,20,2164,476,1688,,0.346786439419,0.215366095304,469,0.985294117647,467,0.981092436975,472,0.991596638655,471,0.989495798319,469,499,466,476,0.978991596639,0.961764485681,0.98854939741,466,476,0.978991596639,0.961764485681,0.98854939741,466,0,0,0,20,466,476,0.978991596639,0.961764485681,0.98854939741,466,476,0.978991596639,0.961764485681,0.98854939741,466,0,0,0,1,466,476,0.978991596639,466,476,0.978991596639,1,0.991596638655,0.989495798319,3,1688,0.00177725118483,0.00177725118483,0.000604605803334,0.00521240427724,33,1688,0.0195497630332,0.0195497630332,0.013953994598,0.0273273314131,3,0.0177725118483,0.0118483412322,0.0242890995261,probe,wilson_score,paired_nonparametric_bootstrap_percentile,2000,42,1159,0.535582255083,0.602008494069,-0.0870599103076,0.0907147195665,30,0.0138632162662,0,0,30,0.0138632162662,2151,0.993992606285,2121,0.980129390018,0,32,524288,faiss_centroids,524288,faiss_centroids
lfw,arcface-7972a704552df378345f,20260829-R001-245d09db,population-a8d0f8d60f18444a282a481c,origin-embedding-2a24946a994787647ad927a9,lfw-identity-disjoint-open-set-v1,pq,pq_512_m32_b8,pq_reconstruction_cosine,pq_reconstructed_float32,pq_reconstructed_float32,cosine_similarity,cosine_similarity,cosine_similarity,True,True,1,time.perf_counter,,,,6.59530000121,7.05400000152,0.00325970425209,306776.29707,50,2048,102400,525888,10517.76,frozen_origin,0.01,calibration,test,20,2164,476,1688,0.346786439419,0.346786439419,0.346786439419,469,0.985294117647,466,0.978991596639,472,0.991596638655,469,0.985294117647,469,439,466,476,0.978991596639,0.961764485681,0.98854939741,438,476,0.920168067227,0.892321635543,0.941287033836,438,-0.0588235294118,-0.0798319327731,-0.0399159663866,20,466,476,0.978991596639,0.961764485681,0.98854939741,438,476,0.920168067227,0.892321635543,0.941287033836,438,-0.0588235294118,-0.0798319327731,-0.0399159663866,0.93991416309,466,476,0.978991596639,438,476,0.920168067227,0.93991416309,0.991596638655,0.985294117647,3,1688,0.00177725118483,0.00177725118483,0.000604605803334,0.00521240427724,1,1688,0.000592417061611,0.000592417061611,0.000104583813744,0.00334813853813,1,-0.00118483412322,-0.00296208530806,0,probe,wilson_score,paired_nonparametric_bootstrap_percentile,2000,42,843,0.389556377079,0.478889519437,-0.105137724469,0.109721643046,30,0.0138632162662,30,0.0138632162662,0,0,2151,0.993992606285,2125,0.981977818854,0,32,524288,faiss_centroids,524288,faiss_centroids
lfw,arcface-7972a704552df378345f,20260829-R001-245d09db,population-a8d0f8d60f18444a282a481c,origin-embedding-2a24946a994787647ad927a9,lfw-identity-disjoint-open-set-v1,pq,pq_512_m32_b8,pq_reconstruction_cosine,pq_reconstructed_float32,pq_reconstructed_float32,cosine_similarity,cosine_similarity,cosine_similarity,True,True,1,time.perf_counter,,,,6.59530000121,7.05400000152,0.00325970425209,306776.29707,50,2048,102400,525888,10517.76,frozen_origin,0.05,calibration,test,20,2164,476,1688,0.346786439419,0.346786439419,0.346786439419,469,0.985294117647,466,0.978991596639,472,0.991596638655,469,0.985294117647,469,439,466,476,0.978991596639,0.961764485681,0.98854939741,438,476,0.920168067227,0.892321635543,0.941287033836,438,-0.0588235294118,-0.0798319327731,-0.0399159663866,20,466,476,0.978991596639,0.961764485681,0.98854939741,438,476,0.920168067227,0.892321635543,0.941287033836,438,-0.0588235294118,-0.0798319327731,-0.0399159663866,0.93991416309,466,476,0.978991596639,438,476,0.920168067227,0.93991416309,0.991596638655,0.985294117647,3,1688,0.00177725118483,0.00177725118483,0.000604605803334,0.00521240427724,1,1688,0.000592417061611,0.000592417061611,0.000104583813744,0.00334813853813,1,-0.00118483412322,-0.00296208530806,0,probe,wilson_score,paired_nonparametric_bootstrap_percentile,2000,42,843,0.389556377079,0.478889519437,-0.105137724469,0.109721643046,30,0.0138632162662,30,0.0138632162662,0,0,2151,0.993992606285,2125,0.981977818854,0,32,524288,faiss_centroids,524288,faiss_centroids
lfw,arcface-7972a704552df378345f,20260829-R001-245d09db,population-a8d0f8d60f18444a282a481c,origin-embedding-2a24946a994787647ad927a9,lfw-identity-disjoint-open-set-v1,pq,pq_512_m32_b8,pq_reconstruction_cosine,pq_reconstructed_float32,pq_reconstructed_float32,cosine_similarity,cosine_similarity,cosine_similarity,True,True,1,time.perf_counter,,,,6.59530000121,7.05400000152,0.00325970425209,306776.29707,50,2048,102400,525888,10517.76,frozen_origin,0.1,calibration,test,20,2164,476,1688,0.346786439419,0.346786439419,0.346786439419,469,0.985294117647,466,0.978991596639,472,0.991596638655,469,0.985294117647,469,439,466,476,0.978991596639,0.961764485681,0.98854939741,438,476,0.920168067227,0.892321635543,0.941287033836,438,-0.0588235294118,-0.0798319327731,-0.0399159663866,20,466,476,0.978991596639,0.961764485681,0.98854939741,438,476,0.920168067227,0.892321635543,0.941287033836,438,-0.0588235294118,-0.0798319327731,-0.0399159663866,0.93991416309,466,476,0.978991596639,438,476,0.920168067227,0.93991416309,0.991596638655,0.985294117647,3,1688,0.00177725118483,0.00177725118483,0.000604605803334,0.00521240427724,1,1688,0.000592417061611,0.000592417061611,0.000104583813744,0.00334813853813,1,-0.00118483412322,-0.00296208530806,0,probe,wilson_score,paired_nonparametric_bootstrap_percentile,2000,42,843,0.389556377079,0.478889519437,-0.105137724469,0.109721643046,30,0.0138632162662,30,0.0138632162662,0,0,2151,0.993992606285,2125,0.981977818854,0,32,524288,faiss_centroids,524288,faiss_centroids
lfw,arcface-7972a704552df378345f,20260829-R001-245d09db,population-a8d0f8d60f18444a282a481c,origin-embedding-2a24946a994787647ad927a9,lfw-identity-disjoint-open-set-v1,pq,pq_512_m32_b8,pq_reconstruction_cosine,pq_reconstructed_float32,pq_reconstructed_float32,cosine_similarity,cosine_similarity,cosine_similarity,True,True,1,time.perf_counter,,,,6.59530000121,7.05400000152,0.00325970425209,306776.29707,50,2048,102400,525888,10517.76,frozen_origin,0.2,calibration,test,20,2164,476,1688,0.346786439419,0.346786439419,0.346786439419,469,0.985294117647,466,0.978991596639,472,0.991596638655,469,0.985294117647,469,439,466,476,0.978991596639,0.961764485681,0.98854939741,438,476,0.920168067227,0.892321635543,0.941287033836,438,-0.0588235294118,-0.0798319327731,-0.0399159663866,20,466,476,0.978991596639,0.961764485681,0.98854939741,438,476,0.920168067227,0.892321635543,0.941287033836,438,-0.0588235294118,-0.0798319327731,-0.0399159663866,0.93991416309,466,476,0.978991596639,438,476,0.920168067227,0.93991416309,0.991596638655,0.985294117647,3,1688,0.00177725118483,0.00177725118483,0.000604605803334,0.00521240427724,1,1688,0.000592417061611,0.000592417061611,0.000104583813744,0.00334813853813,1,-0.00118483412322,-0.00296208530806,0,probe,wilson_score,paired_nonparametric_bootstrap_percentile,2000,42,843,0.389556377079,0.478889519437,-0.105137724469,0.109721643046,30,0.0138632162662,30,0.0138632162662,0,0,2151,0.993992606285,2125,0.981977818854,0,32,524288,faiss_centroids,524288,faiss_centroids
lfw,arcface-7972a704552df378345f,20260829-R001-245d09db,population-a8d0f8d60f18444a282a481c,origin-embedding-2a24946a994787647ad927a9,lfw-identity-disjoint-open-set-v1,pq,pq_512_m32_b8,pq_reconstruction_cosine,pq_reconstructed_float32,pq_reconstructed_float32,cosine_similarity,cosine_similarity,cosine_similarity,True,True,1,time.perf_counter,,,,6.59530000121,7.05400000152,0.00325970425209,306776.29707,50,2048,102400,525888,10517.76,frozen_origin,0.3,calibration,test,20,2164,476,1688,0.346786439419,0.346786439419,0.346786439419,469,0.985294117647,466,0.978991596639,472,0.991596638655,469,0.985294117647,469,439,466,476,0.978991596639,0.961764485681,0.98854939741,438,476,0.920168067227,0.892321635543,0.941287033836,438,-0.0588235294118,-0.0798319327731,-0.0399159663866,20,466,476,0.978991596639,0.961764485681,0.98854939741,438,476,0.920168067227,0.892321635543,0.941287033836,438,-0.0588235294118,-0.0798319327731,-0.0399159663866,0.93991416309,466,476,0.978991596639,438,476,0.920168067227,0.93991416309,0.991596638655,0.985294117647,3,1688,0.00177725118483,0.00177725118483,0.000604605803334,0.00521240427724,1,1688,0.000592417061611,0.000592417061611,0.000104583813744,0.00334813853813,1,-0.00118483412322,-0.00296208530806,0,probe,wilson_score,paired_nonparametric_bootstrap_percentile,2000,42,843,0.389556377079,0.478889519437,-0.105137724469,0.109721643046,30,0.0138632162662,30,0.0138632162662,0,0,2151,0.993992606285,2125,0.981977818854,0,32,524288,faiss_centroids,524288,faiss_centroids
lfw,arcface-7972a704552df378345f,20260829-R001-245d09db,population-a8d0f8d60f18444a282a481c,origin-embedding-2a24946a994787647ad927a9,lfw-identity-disjoint-open-set-v1,pq,pq_512_m32_b8,pq_reconstruction_cosine,pq_reconstructed_float32,pq_reconstructed_float32,cosine_similarity,cosine_similarity,cosine_similarity,True,True,1,time.perf_counter,,,,6.59530000121,7.05400000152,0.00325970425209,306776.29707,50,2048,102400,525888,10517.76,recalibrated_compressed,0.01,calibration,test,20,2164,476,1688,,0.346786439419,0.246704012156,469,0.985294117647,466,0.978991596639,472,0.991596638655,469,0.985294117647,469,465,466,476,0.978991596639,0.961764485681,0.98854939741,462,476,0.970588235294,0.951241089085,0.982400620619,462,-0.00840336134454,-0.0168067226891,-0.00210084033613,20,466,476,0.978991596639,0.961764485681,0.98854939741,462,476,0.970588235294,0.951241089085,0.982400620619,462,-0.00840336134454,-0.0168067226891,-0.00210084033613,0.991416309013,466,476,0.978991596639,462,476,0.970588235294,0.991416309013,0.991596638655,0.985294117647,3,1688,0.00177725118483,0.00177725118483,0.000604605803334,0.00521240427724,3,1688,0.00177725118483,0.00177725118483,0.000604605803334,0.00521240427724,2,0,-0.00177725118483,0.00177725118483,probe,wilson_score,paired_nonparametric_bootstrap_percentile,2000,42,843,0.389556377079,0.478889519437,-0.105137724469,0.109721643046,6,0.00277264325323,5,0.00231053604436,1,0.000462107208872,2151,0.993992606285,2147,0.992144177449,0,32,524288,faiss_centroids,524288,faiss_centroids
lfw,arcface-7972a704552df378345f,20260829-R001-245d09db,population-a8d0f8d60f18444a282a481c,origin-embedding-2a24946a994787647ad927a9,lfw-identity-disjoint-open-set-v1,pq,pq_512_m32_b8,pq_reconstruction_cosine,pq_reconstructed_float32,pq_reconstructed_float32,cosine_similarity,cosine_similarity,cosine_similarity,True,True,1,time.perf_counter,,,,6.59530000121,7.05400000152,0.00325970425209,306776.29707,50,2048,102400,525888,10517.76,recalibrated_compressed,0.05,calibration,test,20,2164,476,1688,,0.346786439419,0.246704012156,469,0.985294117647,466,0.978991596639,472,0.991596638655,469,0.985294117647,469,465,466,476,0.978991596639,0.961764485681,0.98854939741,462,476,0.970588235294,0.951241089085,0.982400620619,462,-0.00840336134454,-0.0168067226891,-0.00210084033613,20,466,476,0.978991596639,0.961764485681,0.98854939741,462,476,0.970588235294,0.951241089085,0.982400620619,462,-0.00840336134454,-0.0168067226891,-0.00210084033613,0.991416309013,466,476,0.978991596639,462,476,0.970588235294,0.991416309013,0.991596638655,0.985294117647,3,1688,0.00177725118483,0.00177725118483,0.000604605803334,0.00521240427724,3,1688,0.00177725118483,0.00177725118483,0.000604605803334,0.00521240427724,2,0,-0.00177725118483,0.00177725118483,probe,wilson_score,paired_nonparametric_bootstrap_percentile,2000,42,843,0.389556377079,0.478889519437,-0.105137724469,0.109721643046,6,0.00277264325323,5,0.00231053604436,1,0.000462107208872,2151,0.993992606285,2147,0.992144177449,0,32,524288,faiss_centroids,524288,faiss_centroids
lfw,arcface-7972a704552df378345f,20260829-R001-245d09db,population-a8d0f8d60f18444a282a481c,origin-embedding-2a24946a994787647ad927a9,lfw-identity-disjoint-open-set-v1,pq,pq_512_m32_b8,pq_reconstruction_cosine,pq_reconstructed_float32,pq_reconstructed_float32,cosine_similarity,cosine_similarity,cosine_similarity,True,True,1,time.perf_counter,,,,6.59530000121,7.05400000152,0.00325970425209,306776.29707,50,2048,102400,525888,10517.76,recalibrated_compressed,0.1,calibration,test,20,2164,476,1688,,0.346786439419,0.178769677877,469,0.985294117647,466,0.978991596639,472,0.991596638655,469,0.985294117647,469,562,466,476,0.978991596639,0.961764485681,0.98854939741,466,476,0.978991596639,0.961764485681,0.98854939741,466,0,0,0,20,466,476,0.978991596639,0.961764485681,0.98854939741,466,476,0.978991596639,0.961764485681,0.98854939741,466,0,0,0,1,466,476,0.978991596639,466,476,0.978991596639,1,0.991596638655,0.985294117647,3,1688,0.00177725118483,0.00177725118483,0.000604605803334,0.00521240427724,96,1688,0.0568720379147,0.0568720379147,0.0467966446084,0.0689597448568,2,0.0550947867299,0.0438388625592,0.0657582938389,probe,wilson_score,paired_nonparametric_bootstrap_percentile,2000,42,843,0.389556377079,0.478889519437,-0.105137724469,0.109721643046,95,0.0439001848429,1,0.000462107208872,94,0.043438077634,2151,0.993992606285,2058,0.95101663586,0,32,524288,faiss_centroids,524288,faiss_centroids
lfw,arcface-7972a704552df378345f,20260829-R001-245d09db,population-a8d0f8d60f18444a282a481c,origin-embedding-2a24946a994787647ad927a9,lfw-identity-disjoint-open-set-v1,pq,pq_512_m32_b8,pq_reconstruction_cosine,pq_reconstructed_float32,pq_reconstructed_float32,cosine_similarity,cosine_similarity,cosine_similarity,True,True,1,time.perf_counter,,,,6.59530000121,7.05400000152,0.00325970425209,306776.29707,50,2048,102400,525888,10517.76,recalibrated_compressed,0.2,calibration,test,20,2164,476,1688,,0.346786439419,0.15646506846,469,0.985294117647,466,0.978991596639,472,0.991596638655,469,0.985294117647,469,717,466,476,0.978991596639,0.961764485681,0.98854939741,466,476,0.978991596639,0.961764485681,0.98854939741,466,0,0,0,20,466,476,0.978991596639,0.961764485681,0.98854939741,466,476,0.978991596639,0.961764485681,0.98854939741,466,0,0,0,1,466,476,0.978991596639,466,476,0.978991596639,1,0.991596638655,0.985294117647,3,1688,0.00177725118483,0.00177725118483,0.000604605803334,0.00521240427724,251,1688,0.148696682464,0.148696682464,0.132522023659,0.166466664781,2,0.14691943128,0.129739336493,0.164099526066,probe,wilson_score,paired_nonparametric_bootstrap_percentile,2000,42,843,0.389556377079,0.478889519437,-0.105137724469,0.109721643046,250,0.115526802218,1,0.000462107208872,249,0.115064695009,2151,0.993992606285,1903,0.879390018484,0,32,524288,faiss_centroids,524288,faiss_centroids
lfw,arcface-7972a704552df378345f,20260829-R001-245d09db,population-a8d0f8d60f18444a282a481c,origin-embedding-2a24946a994787647ad927a9,lfw-identity-disjoint-open-set-v1,pq,pq_512_m32_b8,pq_reconstruction_cosine,pq_reconstructed_float32,pq_reconstructed_float32,cosine_similarity,cosine_similarity,cosine_similarity,True,True,1,time.perf_counter,,,,6.59530000121,7.05400000152,0.00325970425209,306776.29707,50,2048,102400,525888,10517.76,recalibrated_compressed,0.3,calibration,test,20,2164,476,1688,,0.346786439419,0.139829546213,469,0.985294117647,466,0.978991596639,472,0.991596638655,469,0.985294117647,469,991,466,476,0.978991596639,0.961764485681,0.98854939741,466,476,0.978991596639,0.961764485681,0.98854939741,466,0,0,0,20,466,476,0.978991596639,0.961764485681,0.98854939741,467,476,0.981092436975,0.964460516632,0.990021409806,466,0.00210084033613,0,0.0063025210084,1.00214592275,466,476,0.978991596639,467,476,0.981092436975,1.00214592275,0.991596638655,0.985294117647,3,1688,0.00177725118483,0.00177725118483,0.000604605803334,0.00521240427724,524,1688,0.310426540284,0.310426540284,0.28880636646,0.332907596947,3,0.3086492891,0.28672985782,0.330568720379,probe,wilson_score,paired_nonparametric_bootstrap_percentile,2000,42,843,0.389556377079,0.478889519437,-0.105137724469,0.109721643046,522,0.241219963031,0,0,522,0.241219963031,2151,0.993992606285,1630,0.753234750462,0,32,524288,faiss_centroids,524288,faiss_centroids
lfw,arcface-7972a704552df378345f,20260829-R001-245d09db,population-a8d0f8d60f18444a282a481c,origin-embedding-2a24946a994787647ad927a9,lfw-identity-disjoint-open-set-v1,pq,pq_512_m64_b8,pq_adc_exhaustive,origin_float32,pq_code,squared_l2_asymmetric,cosine_similarity,negative_squared_l2_adc,False,False,1,time.perf_counter,0.0809999983176,0.0158000002557,1.17229999887,6.73689999894,58.3857000001,0.0269804528651,37063.8700914,50,2048,102400,527488,10549.76,recalibrated_compressed,0.01,calibration,test,20,2164,476,1688,,0.346786439419,-1.2187114954,469,0.985294117647,469,0.985294117647,472,0.991596638655,474,0.995798319328,469,471,466,476,0.978991596639,0.961764485681,0.98854939741,466,476,0.978991596639,0.961764485681,0.98854939741,466,0,0,0,20,466,476,0.978991596639,0.961764485681,0.98854939741,466,476,0.978991596639,0.961764485681,0.98854939741,466,0,0,0,1,466,476,0.978991596639,466,476,0.978991596639,1,0.991596638655,0.995798319328,3,1688,0.00177725118483,0.00177725118483,0.000604605803334,0.00521240427724,5,1688,0.00296208530806,0.00296208530806,0.00126586908499,0.00691542872429,3,0.00118483412322,0,0.00296208530806,probe,wilson_score,paired_nonparametric_bootstrap_percentile,2000,42,1426,0.658964879852,0.687926069121,,,2,0.000924214417745,0,0,2,0.000924214417745,2151,0.993992606285,2149,0.993068391867,0,64,524288,faiss_centroids,524288,faiss_centroids
lfw,arcface-7972a704552df378345f,20260829-R001-245d09db,population-a8d0f8d60f18444a282a481c,origin-embedding-2a24946a994787647ad927a9,lfw-identity-disjoint-open-set-v1,pq,pq_512_m64_b8,pq_adc_exhaustive,origin_float32,pq_code,squared_l2_asymmetric,cosine_similarity,negative_squared_l2_adc,False,False,1,time.perf_counter,0.0809999983176,0.0158000002557,1.17229999887,6.73689999894,58.3857000001,0.0269804528651,37063.8700914,50,2048,102400,527488,10549.76,recalibrated_compressed,0.05,calibration,test,20,2164,476,1688,,0.346786439419,-1.2187114954,469,0.985294117647,469,0.985294117647,472,0.991596638655,474,0.995798319328,469,471,466,476,0.978991596639,0.961764485681,0.98854939741,466,476,0.978991596639,0.961764485681,0.98854939741,466,0,0,0,20,466,476,0.978991596639,0.961764485681,0.98854939741,466,476,0.978991596639,0.961764485681,0.98854939741,466,0,0,0,1,466,476,0.978991596639,466,476,0.978991596639,1,0.991596638655,0.995798319328,3,1688,0.00177725118483,0.00177725118483,0.000604605803334,0.00521240427724,5,1688,0.00296208530806,0.00296208530806,0.00126586908499,0.00691542872429,3,0.00118483412322,0,0.00296208530806,probe,wilson_score,paired_nonparametric_bootstrap_percentile,2000,42,1426,0.658964879852,0.687926069121,,,2,0.000924214417745,0,0,2,0.000924214417745,2151,0.993992606285,2149,0.993068391867,0,64,524288,faiss_centroids,524288,faiss_centroids
lfw,arcface-7972a704552df378345f,20260829-R001-245d09db,population-a8d0f8d60f18444a282a481c,origin-embedding-2a24946a994787647ad927a9,lfw-identity-disjoint-open-set-v1,pq,pq_512_m64_b8,pq_adc_exhaustive,origin_float32,pq_code,squared_l2_asymmetric,cosine_similarity,negative_squared_l2_adc,False,False,1,time.perf_counter,0.0809999983176,0.0158000002557,1.17229999887,6.73689999894,58.3857000001,0.0269804528651,37063.8700914,50,2048,102400,527488,10549.76,recalibrated_compressed,0.1,calibration,test,20,2164,476,1688,,0.346786439419,-1.2187114954,469,0.985294117647,469,0.985294117647,472,0.991596638655,474,0.995798319328,469,471,466,476,0.978991596639,0.961764485681,0.98854939741,466,476,0.978991596639,0.961764485681,0.98854939741,466,0,0,0,20,466,476,0.978991596639,0.961764485681,0.98854939741,466,476,0.978991596639,0.961764485681,0.98854939741,466,0,0,0,1,466,476,0.978991596639,466,476,0.978991596639,1,0.991596638655,0.995798319328,3,1688,0.00177725118483,0.00177725118483,0.000604605803334,0.00521240427724,5,1688,0.00296208530806,0.00296208530806,0.00126586908499,0.00691542872429,3,0.00118483412322,0,0.00296208530806,probe,wilson_score,paired_nonparametric_bootstrap_percentile,2000,42,1426,0.658964879852,0.687926069121,,,2,0.000924214417745,0,0,2,0.000924214417745,2151,0.993992606285,2149,0.993068391867,0,64,524288,faiss_centroids,524288,faiss_centroids
lfw,arcface-7972a704552df378345f,20260829-R001-245d09db,population-a8d0f8d60f18444a282a481c,origin-embedding-2a24946a994787647ad927a9,lfw-identity-disjoint-open-set-v1,pq,pq_512_m64_b8,pq_adc_exhaustive,origin_float32,pq_code,squared_l2_asymmetric,cosine_similarity,negative_squared_l2_adc,False,False,1,time.perf_counter,0.0809999983176,0.0158000002557,1.17229999887,6.73689999894,58.3857000001,0.0269804528651,37063.8700914,50,2048,102400,527488,10549.76,recalibrated_compressed,0.2,calibration,test,20,2164,476,1688,,0.346786439419,-1.2187114954,469,0.985294117647,469,0.985294117647,472,0.991596638655,474,0.995798319328,469,471,466,476,0.978991596639,0.961764485681,0.98854939741,466,476,0.978991596639,0.961764485681,0.98854939741,466,0,0,0,20,466,476,0.978991596639,0.961764485681,0.98854939741,466,476,0.978991596639,0.961764485681,0.98854939741,466,0,0,0,1,466,476,0.978991596639,466,476,0.978991596639,1,0.991596638655,0.995798319328,3,1688,0.00177725118483,0.00177725118483,0.000604605803334,0.00521240427724,5,1688,0.00296208530806,0.00296208530806,0.00126586908499,0.00691542872429,3,0.00118483412322,0,0.00296208530806,probe,wilson_score,paired_nonparametric_bootstrap_percentile,2000,42,1426,0.658964879852,0.687926069121,,,2,0.000924214417745,0,0,2,0.000924214417745,2151,0.993992606285,2149,0.993068391867,0,64,524288,faiss_centroids,524288,faiss_centroids
lfw,arcface-7972a704552df378345f,20260829-R001-245d09db,population-a8d0f8d60f18444a282a481c,origin-embedding-2a24946a994787647ad927a9,lfw-identity-disjoint-open-set-v1,pq,pq_512_m64_b8,pq_adc_exhaustive,origin_float32,pq_code,squared_l2_asymmetric,cosine_similarity,negative_squared_l2_adc,False,False,1,time.perf_counter,0.0809999983176,0.0158000002557,1.17229999887,6.73689999894,58.3857000001,0.0269804528651,37063.8700914,50,2048,102400,527488,10549.76,recalibrated_compressed,0.3,calibration,test,20,2164,476,1688,,0.346786439419,-1.2187114954,469,0.985294117647,469,0.985294117647,472,0.991596638655,474,0.995798319328,469,471,466,476,0.978991596639,0.961764485681,0.98854939741,466,476,0.978991596639,0.961764485681,0.98854939741,466,0,0,0,20,466,476,0.978991596639,0.961764485681,0.98854939741,466,476,0.978991596639,0.961764485681,0.98854939741,466,0,0,0,1,466,476,0.978991596639,466,476,0.978991596639,1,0.991596638655,0.995798319328,3,1688,0.00177725118483,0.00177725118483,0.000604605803334,0.00521240427724,5,1688,0.00296208530806,0.00296208530806,0.00126586908499,0.00691542872429,3,0.00118483412322,0,0.00296208530806,probe,wilson_score,paired_nonparametric_bootstrap_percentile,2000,42,1426,0.658964879852,0.687926069121,,,2,0.000924214417745,0,0,2,0.000924214417745,2151,0.993992606285,2149,0.993068391867,0,64,524288,faiss_centroids,524288,faiss_centroids
lfw,arcface-7972a704552df378345f,20260829-R001-245d09db,population-a8d0f8d60f18444a282a481c,origin-embedding-2a24946a994787647ad927a9,lfw-identity-disjoint-open-set-v1,pq,pq_512_m64_b8,pq_one_sided_cosine,origin_float32,pq_reconstructed_float32,cosine_similarity,cosine_similarity,cosine_similarity,True,True,1,time.perf_counter,,,,8.08539999889,8.65820000035,0.00400101663602,249936.476394,50,2048,102400,527488,10549.76,frozen_origin,0.01,calibration,test,20,2164,476,1688,0.346786439419,0.346786439419,0.346786439419,469,0.985294117647,469,0.985294117647,472,0.991596638655,473,0.993697478992,469,467,466,476,0.978991596639,0.961764485681,0.98854939741,466,476,0.978991596639,0.961764485681,0.98854939741,466,0,0,0,20,466,476,0.978991596639,0.961764485681,0.98854939741,466,476,0.978991596639,0.961764485681,0.98854939741,466,0,0,0,1,466,476,0.978991596639,466,476,0.978991596639,1,0.991596638655,0.993697478992,3,1688,0.00177725118483,0.00177725118483,0.000604605803334,0.00521240427724,1,1688,0.000592417061611,0.000592417061611,0.000104583813744,0.00334813853813,1,-0.00118483412322,-0.00296208530806,0,probe,wilson_score,paired_nonparametric_bootstrap_percentile,2000,42,1469,0.678835489834,0.716994195942,-0.0459722613575,0.0509672386644,2,0.000924214417745,2,0.000924214417745,0,0,2151,0.993992606285,2153,0.994916820702,0,64,524288,faiss_centroids,524288,faiss_centroids
lfw,arcface-7972a704552df378345f,20260829-R001-245d09db,population-a8d0f8d60f18444a282a481c,origin-embedding-2a24946a994787647ad927a9,lfw-identity-disjoint-open-set-v1,pq,pq_512_m64_b8,pq_one_sided_cosine,origin_float32,pq_reconstructed_float32,cosine_similarity,cosine_similarity,cosine_similarity,True,True,1,time.perf_counter,,,,8.08539999889,8.65820000035,0.00400101663602,249936.476394,50,2048,102400,527488,10549.76,frozen_origin,0.05,calibration,test,20,2164,476,1688,0.346786439419,0.346786439419,0.346786439419,469,0.985294117647,469,0.985294117647,472,0.991596638655,473,0.993697478992,469,467,466,476,0.978991596639,0.961764485681,0.98854939741,466,476,0.978991596639,0.961764485681,0.98854939741,466,0,0,0,20,466,476,0.978991596639,0.961764485681,0.98854939741,466,476,0.978991596639,0.961764485681,0.98854939741,466,0,0,0,1,466,476,0.978991596639,466,476,0.978991596639,1,0.991596638655,0.993697478992,3,1688,0.00177725118483,0.00177725118483,0.000604605803334,0.00521240427724,1,1688,0.000592417061611,0.000592417061611,0.000104583813744,0.00334813853813,1,-0.00118483412322,-0.00296208530806,0,probe,wilson_score,paired_nonparametric_bootstrap_percentile,2000,42,1469,0.678835489834,0.716994195942,-0.0459722613575,0.0509672386644,2,0.000924214417745,2,0.000924214417745,0,0,2151,0.993992606285,2153,0.994916820702,0,64,524288,faiss_centroids,524288,faiss_centroids
lfw,arcface-7972a704552df378345f,20260829-R001-245d09db,population-a8d0f8d60f18444a282a481c,origin-embedding-2a24946a994787647ad927a9,lfw-identity-disjoint-open-set-v1,pq,pq_512_m64_b8,pq_one_sided_cosine,origin_float32,pq_reconstructed_float32,cosine_similarity,cosine_similarity,cosine_similarity,True,True,1,time.perf_counter,,,,8.08539999889,8.65820000035,0.00400101663602,249936.476394,50,2048,102400,527488,10549.76,frozen_origin,0.1,calibration,test,20,2164,476,1688,0.346786439419,0.346786439419,0.346786439419,469,0.985294117647,469,0.985294117647,472,0.991596638655,473,0.993697478992,469,467,466,476,0.978991596639,0.961764485681,0.98854939741,466,476,0.978991596639,0.961764485681,0.98854939741,466,0,0,0,20,466,476,0.978991596639,0.961764485681,0.98854939741,466,476,0.978991596639,0.961764485681,0.98854939741,466,0,0,0,1,466,476,0.978991596639,466,476,0.978991596639,1,0.991596638655,0.993697478992,3,1688,0.00177725118483,0.00177725118483,0.000604605803334,0.00521240427724,1,1688,0.000592417061611,0.000592417061611,0.000104583813744,0.00334813853813,1,-0.00118483412322,-0.00296208530806,0,probe,wilson_score,paired_nonparametric_bootstrap_percentile,2000,42,1469,0.678835489834,0.716994195942,-0.0459722613575,0.0509672386644,2,0.000924214417745,2,0.000924214417745,0,0,2151,0.993992606285,2153,0.994916820702,0,64,524288,faiss_centroids,524288,faiss_centroids
lfw,arcface-7972a704552df378345f,20260829-R001-245d09db,population-a8d0f8d60f18444a282a481c,origin-embedding-2a24946a994787647ad927a9,lfw-identity-disjoint-open-set-v1,pq,pq_512_m64_b8,pq_one_sided_cosine,origin_float32,pq_reconstructed_float32,cosine_similarity,cosine_similarity,cosine_similarity,True,True,1,time.perf_counter,,,,8.08539999889,8.65820000035,0.00400101663602,249936.476394,50,2048,102400,527488,10549.76,frozen_origin,0.2,calibration,test,20,2164,476,1688,0.346786439419,0.346786439419,0.346786439419,469,0.985294117647,469,0.985294117647,472,0.991596638655,473,0.993697478992,469,467,466,476,0.978991596639,0.961764485681,0.98854939741,466,476,0.978991596639,0.961764485681,0.98854939741,466,0,0,0,20,466,476,0.978991596639,0.961764485681,0.98854939741,466,476,0.978991596639,0.961764485681,0.98854939741,466,0,0,0,1,466,476,0.978991596639,466,476,0.978991596639,1,0.991596638655,0.993697478992,3,1688,0.00177725118483,0.00177725118483,0.000604605803334,0.00521240427724,1,1688,0.000592417061611,0.000592417061611,0.000104583813744,0.00334813853813,1,-0.00118483412322,-0.00296208530806,0,probe,wilson_score,paired_nonparametric_bootstrap_percentile,2000,42,1469,0.678835489834,0.716994195942,-0.0459722613575,0.0509672386644,2,0.000924214417745,2,0.000924214417745,0,0,2151,0.993992606285,2153,0.994916820702,0,64,524288,faiss_centroids,524288,faiss_centroids
lfw,arcface-7972a704552df378345f,20260829-R001-245d09db,population-a8d0f8d60f18444a282a481c,origin-embedding-2a24946a994787647ad927a9,lfw-identity-disjoint-open-set-v1,pq,pq_512_m64_b8,pq_one_sided_cosine,origin_float32,pq_reconstructed_float32,cosine_similarity,cosine_similarity,cosine_similarity,True,True,1,time.perf_counter,,,,8.08539999889,8.65820000035,0.00400101663602,249936.476394,50,2048,102400,527488,10549.76,frozen_origin,0.3,calibration,test,20,2164,476,1688,0.346786439419,0.346786439419,0.346786439419,469,0.985294117647,469,0.985294117647,472,0.991596638655,473,0.993697478992,469,467,466,476,0.978991596639,0.961764485681,0.98854939741,466,476,0.978991596639,0.961764485681,0.98854939741,466,0,0,0,20,466,476,0.978991596639,0.961764485681,0.98854939741,466,476,0.978991596639,0.961764485681,0.98854939741,466,0,0,0,1,466,476,0.978991596639,466,476,0.978991596639,1,0.991596638655,0.993697478992,3,1688,0.00177725118483,0.00177725118483,0.000604605803334,0.00521240427724,1,1688,0.000592417061611,0.000592417061611,0.000104583813744,0.00334813853813,1,-0.00118483412322,-0.00296208530806,0,probe,wilson_score,paired_nonparametric_bootstrap_percentile,2000,42,1469,0.678835489834,0.716994195942,-0.0459722613575,0.0509672386644,2,0.000924214417745,2,0.000924214417745,0,0,2151,0.993992606285,2153,0.994916820702,0,64,524288,faiss_centroids,524288,faiss_centroids
lfw,arcface-7972a704552df378345f,20260829-R001-245d09db,population-a8d0f8d60f18444a282a481c,origin-embedding-2a24946a994787647ad927a9,lfw-identity-disjoint-open-set-v1,pq,pq_512_m64_b8,pq_one_sided_cosine,origin_float32,pq_reconstructed_float32,cosine_similarity,cosine_similarity,cosine_similarity,True,True,1,time.perf_counter,,,,8.08539999889,8.65820000035,0.00400101663602,249936.476394,50,2048,102400,527488,10549.76,recalibrated_compressed,0.01,calibration,test,20,2164,476,1688,,0.346786439419,0.28785443306,469,0.985294117647,469,0.985294117647,472,0.991596638655,473,0.993697478992,469,472,466,476,0.978991596639,0.961764485681,0.98854939741,466,476,0.978991596639,0.961764485681,0.98854939741,466,0,0,0,20,466,476,0.978991596639,0.961764485681,0.98854939741,466,476,0.978991596639,0.961764485681,0.98854939741,466,0,0,0,1,466,476,0.978991596639,466,476,0.978991596639,1,0.991596638655,0.993697478992,3,1688,0.00177725118483,0.00177725118483,0.000604605803334,0.00521240427724,6,1688,0.00355450236967,0.00355450236967,0.00163004744464,0.00773339422899,3,0.00177725118483,0,0.00414691943128,probe,wilson_score,paired_nonparametric_bootstrap_percentile,2000,42,1469,0.678835489834,0.716994195942,-0.0459722613575,0.0509672386644,3,0.00138632162662,0,0,3,0.00138632162662,2151,0.993992606285,2148,0.992606284658,0,64,524288,faiss_centroids,524288,faiss_centroids
lfw,arcface-7972a704552df378345f,20260829-R001-245d09db,population-a8d0f8d60f18444a282a481c,origin-embedding-2a24946a994787647ad927a9,lfw-identity-disjoint-open-set-v1,pq,pq_512_m64_b8,pq_one_sided_cosine,origin_float32,pq_reconstructed_float32,cosine_similarity,cosine_similarity,cosine_similarity,True,True,1,time.perf_counter,,,,8.08539999889,8.65820000035,0.00400101663602,249936.476394,50,2048,102400,527488,10549.76,recalibrated_compressed,0.05,calibration,test,20,2164,476,1688,,0.346786439419,0.28785443306,469,0.985294117647,469,0.985294117647,472,0.991596638655,473,0.993697478992,469,472,466,476,0.978991596639,0.961764485681,0.98854939741,466,476,0.978991596639,0.961764485681,0.98854939741,466,0,0,0,20,466,476,0.978991596639,0.961764485681,0.98854939741,466,476,0.978991596639,0.961764485681,0.98854939741,466,0,0,0,1,466,476,0.978991596639,466,476,0.978991596639,1,0.991596638655,0.993697478992,3,1688,0.00177725118483,0.00177725118483,0.000604605803334,0.00521240427724,6,1688,0.00355450236967,0.00355450236967,0.00163004744464,0.00773339422899,3,0.00177725118483,0,0.00414691943128,probe,wilson_score,paired_nonparametric_bootstrap_percentile,2000,42,1469,0.678835489834,0.716994195942,-0.0459722613575,0.0509672386644,3,0.00138632162662,0,0,3,0.00138632162662,2151,0.993992606285,2148,0.992606284658,0,64,524288,faiss_centroids,524288,faiss_centroids
lfw,arcface-7972a704552df378345f,20260829-R001-245d09db,population-a8d0f8d60f18444a282a481c,origin-embedding-2a24946a994787647ad927a9,lfw-identity-disjoint-open-set-v1,pq,pq_512_m64_b8,pq_one_sided_cosine,origin_float32,pq_reconstructed_float32,cosine_similarity,cosine_similarity,cosine_similarity,True,True,1,time.perf_counter,,,,8.08539999889,8.65820000035,0.00400101663602,249936.476394,50,2048,102400,527488,10549.76,recalibrated_compressed,0.1,calibration,test,20,2164,476,1688,,0.346786439419,0.28785443306,469,0.985294117647,469,0.985294117647,472,0.991596638655,473,0.993697478992,469,472,466,476,0.978991596639,0.961764485681,0.98854939741,466,476,0.978991596639,0.961764485681,0.98854939741,466,0,0,0,20,466,476,0.978991596639,0.961764485681,0.98854939741,466,476,0.978991596639,0.961764485681,0.98854939741,466,0,0,0,1,466,476,0.978991596639,466,476,0.978991596639,1,0.991596638655,0.993697478992,3,1688,0.00177725118483,0.00177725118483,0.000604605803334,0.00521240427724,6,1688,0.00355450236967,0.00355450236967,0.00163004744464,0.00773339422899,3,0.00177725118483,0,0.00414691943128,probe,wilson_score,paired_nonparametric_bootstrap_percentile,2000,42,1469,0.678835489834,0.716994195942,-0.0459722613575,0.0509672386644,3,0.00138632162662,0,0,3,0.00138632162662,2151,0.993992606285,2148,0.992606284658,0,64,524288,faiss_centroids,524288,faiss_centroids
lfw,arcface-7972a704552df378345f,20260829-R001-245d09db,population-a8d0f8d60f18444a282a481c,origin-embedding-2a24946a994787647ad927a9,lfw-identity-disjoint-open-set-v1,pq,pq_512_m64_b8,pq_one_sided_cosine,origin_float32,pq_reconstructed_float32,cosine_similarity,cosine_similarity,cosine_similarity,True,True,1,time.perf_counter,,,,8.08539999889,8.65820000035,0.00400101663602,249936.476394,50,2048,102400,527488,10549.76,recalibrated_compressed,0.2,calibration,test,20,2164,476,1688,,0.346786439419,0.28785443306,469,0.985294117647,469,0.985294117647,472,0.991596638655,473,0.993697478992,469,472,466,476,0.978991596639,0.961764485681,0.98854939741,466,476,0.978991596639,0.961764485681,0.98854939741,466,0,0,0,20,466,476,0.978991596639,0.961764485681,0.98854939741,466,476,0.978991596639,0.961764485681,0.98854939741,466,0,0,0,1,466,476,0.978991596639,466,476,0.978991596639,1,0.991596638655,0.993697478992,3,1688,0.00177725118483,0.00177725118483,0.000604605803334,0.00521240427724,6,1688,0.00355450236967,0.00355450236967,0.00163004744464,0.00773339422899,3,0.00177725118483,0,0.00414691943128,probe,wilson_score,paired_nonparametric_bootstrap_percentile,2000,42,1469,0.678835489834,0.716994195942,-0.0459722613575,0.0509672386644,3,0.00138632162662,0,0,3,0.00138632162662,2151,0.993992606285,2148,0.992606284658,0,64,524288,faiss_centroids,524288,faiss_centroids
lfw,arcface-7972a704552df378345f,20260829-R001-245d09db,population-a8d0f8d60f18444a282a481c,origin-embedding-2a24946a994787647ad927a9,lfw-identity-disjoint-open-set-v1,pq,pq_512_m64_b8,pq_one_sided_cosine,origin_float32,pq_reconstructed_float32,cosine_similarity,cosine_similarity,cosine_similarity,True,True,1,time.perf_counter,,,,8.08539999889,8.65820000035,0.00400101663602,249936.476394,50,2048,102400,527488,10549.76,recalibrated_compressed,0.3,calibration,test,20,2164,476,1688,,0.346786439419,0.28785443306,469,0.985294117647,469,0.985294117647,472,0.991596638655,473,0.993697478992,469,472,466,476,0.978991596639,0.961764485681,0.98854939741,466,476,0.978991596639,0.961764485681,0.98854939741,466,0,0,0,20,466,476,0.978991596639,0.961764485681,0.98854939741,466,476,0.978991596639,0.961764485681,0.98854939741,466,0,0,0,1,466,476,0.978991596639,466,476,0.978991596639,1,0.991596638655,0.993697478992,3,1688,0.00177725118483,0.00177725118483,0.000604605803334,0.00521240427724,6,1688,0.00355450236967,0.00355450236967,0.00163004744464,0.00773339422899,3,0.00177725118483,0,0.00414691943128,probe,wilson_score,paired_nonparametric_bootstrap_percentile,2000,42,1469,0.678835489834,0.716994195942,-0.0459722613575,0.0509672386644,3,0.00138632162662,0,0,3,0.00138632162662,2151,0.993992606285,2148,0.992606284658,0,64,524288,faiss_centroids,524288,faiss_centroids
lfw,arcface-7972a704552df378345f,20260829-R001-245d09db,population-a8d0f8d60f18444a282a481c,origin-embedding-2a24946a994787647ad927a9,lfw-identity-disjoint-open-set-v1,pq,pq_512_m64_b8,pq_reconstruction_cosine,pq_reconstructed_float32,pq_reconstructed_float32,cosine_similarity,cosine_similarity,cosine_similarity,True,True,1,time.perf_counter,,,,6.73689999894,6.81649999933,0.00314995378897,317464.974725,50,2048,102400,527488,10549.76,frozen_origin,0.01,calibration,test,20,2164,476,1688,0.346786439419,0.346786439419,0.346786439419,469,0.985294117647,469,0.985294117647,472,0.991596638655,474,0.995798319328,469,465,466,476,0.978991596639,0.961764485681,0.98854939741,464,476,0.974789915966,0.956456737673,0.985521058724,464,-0.00420168067227,-0.0105042016807,0,20,466,476,0.978991596639,0.961764485681,0.98854939741,464,476,0.974789915966,0.956456737673,0.985521058724,464,-0.00420168067227,-0.0105042016807,0,0.995708154506,466,476,0.978991596639,464,476,0.974789915966,0.995708154506,0.991596638655,0.995798319328,3,1688,0.00177725118483,0.00177725118483,0.000604605803334,0.00521240427724,1,1688,0.000592417061611,0.000592417061611,0.000104583813744,0.00334813853813,1,-0.00118483412322,-0.00296208530806,0,probe,wilson_score,paired_nonparametric_bootstrap_percentile,2000,42,1218,0.562846580407,0.620599402965,-0.0722041779719,0.0763837431081,4,0.00184842883549,4,0.00184842883549,0,0,2151,0.993992606285,2151,0.993992606285,0,64,524288,faiss_centroids,524288,faiss_centroids
lfw,arcface-7972a704552df378345f,20260829-R001-245d09db,population-a8d0f8d60f18444a282a481c,origin-embedding-2a24946a994787647ad927a9,lfw-identity-disjoint-open-set-v1,pq,pq_512_m64_b8,pq_reconstruction_cosine,pq_reconstructed_float32,pq_reconstructed_float32,cosine_similarity,cosine_similarity,cosine_similarity,True,True,1,time.perf_counter,,,,6.73689999894,6.81649999933,0.00314995378897,317464.974725,50,2048,102400,527488,10549.76,frozen_origin,0.05,calibration,test,20,2164,476,1688,0.346786439419,0.346786439419,0.346786439419,469,0.985294117647,469,0.985294117647,472,0.991596638655,474,0.995798319328,469,465,466,476,0.978991596639,0.961764485681,0.98854939741,464,476,0.974789915966,0.956456737673,0.985521058724,464,-0.00420168067227,-0.0105042016807,0,20,466,476,0.978991596639,0.961764485681,0.98854939741,464,476,0.974789915966,0.956456737673,0.985521058724,464,-0.00420168067227,-0.0105042016807,0,0.995708154506,466,476,0.978991596639,464,476,0.974789915966,0.995708154506,0.991596638655,0.995798319328,3,1688,0.00177725118483,0.00177725118483,0.000604605803334,0.00521240427724,1,1688,0.000592417061611,0.000592417061611,0.000104583813744,0.00334813853813,1,-0.00118483412322,-0.00296208530806,0,probe,wilson_score,paired_nonparametric_bootstrap_percentile,2000,42,1218,0.562846580407,0.620599402965,-0.0722041779719,0.0763837431081,4,0.00184842883549,4,0.00184842883549,0,0,2151,0.993992606285,2151,0.993992606285,0,64,524288,faiss_centroids,524288,faiss_centroids
lfw,arcface-7972a704552df378345f,20260829-R001-245d09db,population-a8d0f8d60f18444a282a481c,origin-embedding-2a24946a994787647ad927a9,lfw-identity-disjoint-open-set-v1,pq,pq_512_m64_b8,pq_reconstruction_cosine,pq_reconstructed_float32,pq_reconstructed_float32,cosine_similarity,cosine_similarity,cosine_similarity,True,True,1,time.perf_counter,,,,6.73689999894,6.81649999933,0.00314995378897,317464.974725,50,2048,102400,527488,10549.76,frozen_origin,0.1,calibration,test,20,2164,476,1688,0.346786439419,0.346786439419,0.346786439419,469,0.985294117647,469,0.985294117647,472,0.991596638655,474,0.995798319328,469,465,466,476,0.978991596639,0.961764485681,0.98854939741,464,476,0.974789915966,0.956456737673,0.985521058724,464,-0.00420168067227,-0.0105042016807,0,20,466,476,0.978991596639,0.961764485681,0.98854939741,464,476,0.974789915966,0.956456737673,0.985521058724,464,-0.00420168067227,-0.0105042016807,0,0.995708154506,466,476,0.978991596639,464,476,0.974789915966,0.995708154506,0.991596638655,0.995798319328,3,1688,0.00177725118483,0.00177725118483,0.000604605803334,0.00521240427724,1,1688,0.000592417061611,0.000592417061611,0.000104583813744,0.00334813853813,1,-0.00118483412322,-0.00296208530806,0,probe,wilson_score,paired_nonparametric_bootstrap_percentile,2000,42,1218,0.562846580407,0.620599402965,-0.0722041779719,0.0763837431081,4,0.00184842883549,4,0.00184842883549,0,0,2151,0.993992606285,2151,0.993992606285,0,64,524288,faiss_centroids,524288,faiss_centroids
lfw,arcface-7972a704552df378345f,20260829-R001-245d09db,population-a8d0f8d60f18444a282a481c,origin-embedding-2a24946a994787647ad927a9,lfw-identity-disjoint-open-set-v1,pq,pq_512_m64_b8,pq_reconstruction_cosine,pq_reconstructed_float32,pq_reconstructed_float32,cosine_similarity,cosine_similarity,cosine_similarity,True,True,1,time.perf_counter,,,,6.73689999894,6.81649999933,0.00314995378897,317464.974725,50,2048,102400,527488,10549.76,frozen_origin,0.2,calibration,test,20,2164,476,1688,0.346786439419,0.346786439419,0.346786439419,469,0.985294117647,469,0.985294117647,472,0.991596638655,474,0.995798319328,469,465,466,476,0.978991596639,0.961764485681,0.98854939741,464,476,0.974789915966,0.956456737673,0.985521058724,464,-0.00420168067227,-0.0105042016807,0,20,466,476,0.978991596639,0.961764485681,0.98854939741,464,476,0.974789915966,0.956456737673,0.985521058724,464,-0.00420168067227,-0.0105042016807,0,0.995708154506,466,476,0.978991596639,464,476,0.974789915966,0.995708154506,0.991596638655,0.995798319328,3,1688,0.00177725118483,0.00177725118483,0.000604605803334,0.00521240427724,1,1688,0.000592417061611,0.000592417061611,0.000104583813744,0.00334813853813,1,-0.00118483412322,-0.00296208530806,0,probe,wilson_score,paired_nonparametric_bootstrap_percentile,2000,42,1218,0.562846580407,0.620599402965,-0.0722041779719,0.0763837431081,4,0.00184842883549,4,0.00184842883549,0,0,2151,0.993992606285,2151,0.993992606285,0,64,524288,faiss_centroids,524288,faiss_centroids
lfw,arcface-7972a704552df378345f,20260829-R001-245d09db,population-a8d0f8d60f18444a282a481c,origin-embedding-2a24946a994787647ad927a9,lfw-identity-disjoint-open-set-v1,pq,pq_512_m64_b8,pq_reconstruction_cosine,pq_reconstructed_float32,pq_reconstructed_float32,cosine_similarity,cosine_similarity,cosine_similarity,True,True,1,time.perf_counter,,,,6.73689999894,6.81649999933,0.00314995378897,317464.974725,50,2048,102400,527488,10549.76,frozen_origin,0.3,calibration,test,20,2164,476,1688,0.346786439419,0.346786439419,0.346786439419,469,0.985294117647,469,0.985294117647,472,0.991596638655,474,0.995798319328,469,465,466,476,0.978991596639,0.961764485681,0.98854939741,464,476,0.974789915966,0.956456737673,0.985521058724,464,-0.00420168067227,-0.0105042016807,0,20,466,476,0.978991596639,0.961764485681,0.98854939741,464,476,0.974789915966,0.956456737673,0.985521058724,464,-0.00420168067227,-0.0105042016807,0,0.995708154506,466,476,0.978991596639,464,476,0.974789915966,0.995708154506,0.991596638655,0.995798319328,3,1688,0.00177725118483,0.00177725118483,0.000604605803334,0.00521240427724,1,1688,0.000592417061611,0.000592417061611,0.000104583813744,0.00334813853813,1,-0.00118483412322,-0.00296208530806,0,probe,wilson_score,paired_nonparametric_bootstrap_percentile,2000,42,1218,0.562846580407,0.620599402965,-0.0722041779719,0.0763837431081,4,0.00184842883549,4,0.00184842883549,0,0,2151,0.993992606285,2151,0.993992606285,0,64,524288,faiss_centroids,524288,faiss_centroids
lfw,arcface-7972a704552df378345f,20260829-R001-245d09db,population-a8d0f8d60f18444a282a481c,origin-embedding-2a24946a994787647ad927a9,lfw-identity-disjoint-open-set-v1,pq,pq_512_m64_b8,pq_reconstruction_cosine,pq_reconstructed_float32,pq_reconstructed_float32,cosine_similarity,cosine_similarity,cosine_similarity,True,True,1,time.perf_counter,,,,6.73689999894,6.81649999933,0.00314995378897,317464.974725,50,2048,102400,527488,10549.76,recalibrated_compressed,0.01,calibration,test,20,2164,476,1688,,0.346786439419,0.252279132605,469,0.985294117647,469,0.985294117647,472,0.991596638655,474,0.995798319328,469,472,466,476,0.978991596639,0.961764485681,0.98854939741,466,476,0.978991596639,0.961764485681,0.98854939741,466,0,0,0,20,466,476,0.978991596639,0.961764485681,0.98854939741,466,476,0.978991596639,0.961764485681,0.98854939741,466,0,0,0,1,466,476,0.978991596639,466,476,0.978991596639,1,0.991596638655,0.995798319328,3,1688,0.00177725118483,0.00177725118483,0.000604605803334,0.00521240427724,6,1688,0.00355450236967,0.00355450236967,0.00163004744464,0.00773339422899,2,0.00177725118483,-0.000592417061611,0.00473933649289,probe,wilson_score,paired_nonparametric_bootstrap_percentile,2000,42,1218,0.562846580407,0.620599402965,-0.0722041779719,0.0763837431081,5,0.00231053604436,1,0.000462107208872,4,0.00184842883549,2151,0.993992606285,2148,0.992606284658,0,64,524288,faiss_centroids,524288,faiss_centroids
lfw,arcface-7972a704552df378345f,20260829-R001-245d09db,population-a8d0f8d60f18444a282a481c,origin-embedding-2a24946a994787647ad927a9,lfw-identity-disjoint-open-set-v1,pq,pq_512_m64_b8,pq_reconstruction_cosine,pq_reconstructed_float32,pq_reconstructed_float32,cosine_similarity,cosine_similarity,cosine_similarity,True,True,1,time.perf_counter,,,,6.73689999894,6.81649999933,0.00314995378897,317464.974725,50,2048,102400,527488,10549.76,recalibrated_compressed,0.05,calibration,test,20,2164,476,1688,,0.346786439419,0.252279132605,469,0.985294117647,469,0.985294117647,472,0.991596638655,474,0.995798319328,469,472,466,476,0.978991596639,0.961764485681,0.98854939741,466,476,0.978991596639,0.961764485681,0.98854939741,466,0,0,0,20,466,476,0.978991596639,0.961764485681,0.98854939741,466,476,0.978991596639,0.961764485681,0.98854939741,466,0,0,0,1,466,476,0.978991596639,466,476,0.978991596639,1,0.991596638655,0.995798319328,3,1688,0.00177725118483,0.00177725118483,0.000604605803334,0.00521240427724,6,1688,0.00355450236967,0.00355450236967,0.00163004744464,0.00773339422899,2,0.00177725118483,-0.000592417061611,0.00473933649289,probe,wilson_score,paired_nonparametric_bootstrap_percentile,2000,42,1218,0.562846580407,0.620599402965,-0.0722041779719,0.0763837431081,5,0.00231053604436,1,0.000462107208872,4,0.00184842883549,2151,0.993992606285,2148,0.992606284658,0,64,524288,faiss_centroids,524288,faiss_centroids
lfw,arcface-7972a704552df378345f,20260829-R001-245d09db,population-a8d0f8d60f18444a282a481c,origin-embedding-2a24946a994787647ad927a9,lfw-identity-disjoint-open-set-v1,pq,pq_512_m64_b8,pq_reconstruction_cosine,pq_reconstructed_float32,pq_reconstructed_float32,cosine_similarity,cosine_similarity,cosine_similarity,True,True,1,time.perf_counter,,,,6.73689999894,6.81649999933,0.00314995378897,317464.974725,50,2048,102400,527488,10549.76,recalibrated_compressed,0.1,calibration,test,20,2164,476,1688,,0.346786439419,0.252279132605,469,0.985294117647,469,0.985294117647,472,0.991596638655,474,0.995798319328,469,472,466,476,0.978991596639,0.961764485681,0.98854939741,466,476,0.978991596639,0.961764485681,0.98854939741,466,0,0,0,20,466,476,0.978991596639,0.961764485681,0.98854939741,466,476,0.978991596639,0.961764485681,0.98854939741,466,0,0,0,1,466,476,0.978991596639,466,476,0.978991596639,1,0.991596638655,0.995798319328,3,1688,0.00177725118483,0.00177725118483,0.000604605803334,0.00521240427724,6,1688,0.00355450236967,0.00355450236967,0.00163004744464,0.00773339422899,2,0.00177725118483,-0.000592417061611,0.00473933649289,probe,wilson_score,paired_nonparametric_bootstrap_percentile,2000,42,1218,0.562846580407,0.620599402965,-0.0722041779719,0.0763837431081,5,0.00231053604436,1,0.000462107208872,4,0.00184842883549,2151,0.993992606285,2148,0.992606284658,0,64,524288,faiss_centroids,524288,faiss_centroids
lfw,arcface-7972a704552df378345f,20260829-R001-245d09db,population-a8d0f8d60f18444a282a481c,origin-embedding-2a24946a994787647ad927a9,lfw-identity-disjoint-open-set-v1,pq,pq_512_m64_b8,pq_reconstruction_cosine,pq_reconstructed_float32,pq_reconstructed_float32,cosine_similarity,cosine_similarity,cosine_similarity,True,True,1,time.perf_counter,,,,6.73689999894,6.81649999933,0.00314995378897,317464.974725,50,2048,102400,527488,10549.76,recalibrated_compressed,0.2,calibration,test,20,2164,476,1688,,0.346786439419,0.252279132605,469,0.985294117647,469,0.985294117647,472,0.991596638655,474,0.995798319328,469,472,466,476,0.978991596639,0.961764485681,0.98854939741,466,476,0.978991596639,0.961764485681,0.98854939741,466,0,0,0,20,466,476,0.978991596639,0.961764485681,0.98854939741,466,476,0.978991596639,0.961764485681,0.98854939741,466,0,0,0,1,466,476,0.978991596639,466,476,0.978991596639,1,0.991596638655,0.995798319328,3,1688,0.00177725118483,0.00177725118483,0.000604605803334,0.00521240427724,6,1688,0.00355450236967,0.00355450236967,0.00163004744464,0.00773339422899,2,0.00177725118483,-0.000592417061611,0.00473933649289,probe,wilson_score,paired_nonparametric_bootstrap_percentile,2000,42,1218,0.562846580407,0.620599402965,-0.0722041779719,0.0763837431081,5,0.00231053604436,1,0.000462107208872,4,0.00184842883549,2151,0.993992606285,2148,0.992606284658,0,64,524288,faiss_centroids,524288,faiss_centroids
lfw,arcface-7972a704552df378345f,20260829-R001-245d09db,population-a8d0f8d60f18444a282a481c,origin-embedding-2a24946a994787647ad927a9,lfw-identity-disjoint-open-set-v1,pq,pq_512_m64_b8,pq_reconstruction_cosine,pq_reconstructed_float32,pq_reconstructed_float32,cosine_similarity,cosine_similarity,cosine_similarity,True,True,1,time.perf_counter,,,,6.73689999894,6.81649999933,0.00314995378897,317464.974725,50,2048,102400,527488,10549.76,recalibrated_compressed,0.3,calibration,test,20,2164,476,1688,,0.346786439419,0.252279132605,469,0.985294117647,469,0.985294117647,472,0.991596638655,474,0.995798319328,469,472,466,476,0.978991596639,0.961764485681,0.98854939741,466,476,0.978991596639,0.961764485681,0.98854939741,466,0,0,0,20,466,476,0.978991596639,0.961764485681,0.98854939741,466,476,0.978991596639,0.961764485681,0.98854939741,466,0,0,0,1,466,476,0.978991596639,466,476,0.978991596639,1,0.991596638655,0.995798319328,3,1688,0.00177725118483,0.00177725118483,0.000604605803334,0.00521240427724,6,1688,0.00355450236967,0.00355450236967,0.00163004744464,0.00773339422899,2,0.00177725118483,-0.000592417061611,0.00473933649289,probe,wilson_score,paired_nonparametric_bootstrap_percentile,2000,42,1218,0.562846580407,0.620599402965,-0.0722041779719,0.0763837431081,5,0.00231053604436,1,0.000462107208872,4,0.00184842883549,2151,0.993992606285,2148,0.992606284658,0,64,524288,faiss_centroids,524288,faiss_centroids
lfw,arcface-7972a704552df378345f,20260829-R001-245d09db,population-a8d0f8d60f18444a282a481c,origin-embedding-2a24946a994787647ad927a9,lfw-identity-disjoint-open-set-v1,pq,pq_512_m8_b8,pq_adc_exhaustive,origin_float32,pq_code,squared_l2_asymmetric,cosine_similarity,negative_squared_l2_adc,False,False,1,time.perf_counter,0.0610000006418,0.0146999991557,0.505199999679,6.18939999913,10.6890999996,0.00493951016617,202449.223984,50,2048,102400,524688,10493.76,recalibrated_compressed,0.01,calibration,test,20,2164,476,1688,,0.346786439419,-1.03965640068,469,0.985294117647,465,0.976890756303,472,0.991596638655,473,0.993697478992,469,488,466,476,0.978991596639,0.961764485681,0.98854939741,460,476,0.966386554622,0.946100044078,0.979205578932,460,-0.0126050420168,-0.0231092436975,-0.00420168067227,20,466,476,0.978991596639,0.961764485681,0.98854939741,460,476,0.966386554622,0.946100044078,0.979205578932,460,-0.0126050420168,-0.0231092436975,-0.00420168067227,0.987124463519,466,476,0.978991596639,460,476,0.966386554622,0.987124463519,0.991596638655,0.993697478992,3,1688,0.00177725118483,0.00177725118483,0.000604605803334,0.00521240427724,28,1688,0.0165876777251,0.0165876777251,0.0115011579598,0.0238694487295,2,0.0148104265403,0.00888625592417,0.0207345971564,probe,wilson_score,paired_nonparametric_bootstrap_percentile,2000,42,716,0.330868761553,0.420108275983,,,33,0.0152495378928,7,0.00323475046211,26,0.0120147874307,2151,0.993992606285,2120,0.97966728281,0,8,524288,faiss_centroids,524288,faiss_centroids
lfw,arcface-7972a704552df378345f,20260829-R001-245d09db,population-a8d0f8d60f18444a282a481c,origin-embedding-2a24946a994787647ad927a9,lfw-identity-disjoint-open-set-v1,pq,pq_512_m8_b8,pq_adc_exhaustive,origin_float32,pq_code,squared_l2_asymmetric,cosine_similarity,negative_squared_l2_adc,False,False,1,time.perf_counter,0.0610000006418,0.0146999991557,0.505199999679,6.18939999913,10.6890999996,0.00493951016617,202449.223984,50,2048,102400,524688,10493.76,recalibrated_compressed,0.05,calibration,test,20,2164,476,1688,,0.346786439419,-1.05647516251,469,0.985294117647,465,0.976890756303,472,0.991596638655,473,0.993697478992,469,557,466,476,0.978991596639,0.961764485681,0.98854939741,463,476,0.97268907563,0.953838641232,0.983971111818,463,-0.0063025210084,-0.0147058823529,0,20,466,476,0.978991596639,0.961764485681,0.98854939741,463,476,0.97268907563,0.953838641232,0.983971111818,463,-0.0063025210084,-0.0147058823529,0,0.99356223176,466,476,0.978991596639,463,476,0.97268907563,0.99356223176,0.991596638655,0.993697478992,3,1688,0.00177725118483,0.00177725118483,0.000604605803334,0.00521240427724,92,1688,0.0545023696682,0.0545023696682,0.0446497299238,0.066378084084,2,0.0527251184834,0.0420616113744,0.0633886255924,probe,wilson_score,paired_nonparametric_bootstrap_percentile,2000,42,716,0.330868761553,0.420108275983,,,94,0.043438077634,3,0.00138632162662,91,0.0420517560074,2151,0.993992606285,2059,0.951478743068,0,8,524288,faiss_centroids,524288,faiss_centroids
lfw,arcface-7972a704552df378345f,20260829-R001-245d09db,population-a8d0f8d60f18444a282a481c,origin-embedding-2a24946a994787647ad927a9,lfw-identity-disjoint-open-set-v1,pq,pq_512_m8_b8,pq_adc_exhaustive,origin_float32,pq_code,squared_l2_asymmetric,cosine_similarity,negative_squared_l2_adc,False,False,1,time.perf_counter,0.0610000006418,0.0146999991557,0.505199999679,6.18939999913,10.6890999996,0.00493951016617,202449.223984,50,2048,102400,524688,10493.76,recalibrated_compressed,0.1,calibration,test,20,2164,476,1688,,0.346786439419,-1.05647516251,469,0.985294117647,465,0.976890756303,472,0.991596638655,473,0.993697478992,469,557,466,476,0.978991596639,0.961764485681,0.98854939741,463,476,0.97268907563,0.953838641232,0.983971111818,463,-0.0063025210084,-0.0147058823529,0,20,466,476,0.978991596639,0.961764485681,0.98854939741,463,476,0.97268907563,0.953838641232,0.983971111818,463,-0.0063025210084,-0.0147058823529,0,0.99356223176,466,476,0.978991596639,463,476,0.97268907563,0.99356223176,0.991596638655,0.993697478992,3,1688,0.00177725118483,0.00177725118483,0.000604605803334,0.00521240427724,92,1688,0.0545023696682,0.0545023696682,0.0446497299238,0.066378084084,2,0.0527251184834,0.0420616113744,0.0633886255924,probe,wilson_score,paired_nonparametric_bootstrap_percentile,2000,42,716,0.330868761553,0.420108275983,,,94,0.043438077634,3,0.00138632162662,91,0.0420517560074,2151,0.993992606285,2059,0.951478743068,0,8,524288,faiss_centroids,524288,faiss_centroids
lfw,arcface-7972a704552df378345f,20260829-R001-245d09db,population-a8d0f8d60f18444a282a481c,origin-embedding-2a24946a994787647ad927a9,lfw-identity-disjoint-open-set-v1,pq,pq_512_m8_b8,pq_adc_exhaustive,origin_float32,pq_code,squared_l2_asymmetric,cosine_similarity,negative_squared_l2_adc,False,False,1,time.perf_counter,0.0610000006418,0.0146999991557,0.505199999679,6.18939999913,10.6890999996,0.00493951016617,202449.223984,50,2048,102400,524688,10493.76,recalibrated_compressed,0.2,calibration,test,20,2164,476,1688,,0.346786439419,-1.09610962868,469,0.985294117647,465,0.976890756303,472,0.991596638655,473,0.993697478992,469,1003,466,476,0.978991596639,0.961764485681,0.98854939741,465,476,0.976890756303,0.959097733567,0.987048106177,465,-0.00210084033613,-0.0063025210084,0,20,466,476,0.978991596639,0.961764485681,0.98854939741,466,476,0.978991596639,0.961764485681,0.98854939741,466,0,0,0,1,466,476,0.978991596639,466,476,0.978991596639,1,0.991596638655,0.993697478992,3,1688,0.00177725118483,0.00177725118483,0.000604605803334,0.00521240427724,534,1688,0.3163507109,0.3163507109,0.294603798783,0.338931603268,3,0.314573459716,0.292654028436,0.336492890995,probe,wilson_score,paired_nonparametric_bootstrap_percentile,2000,42,716,0.330868761553,0.420108275983,,,534,0.246765249538,0,0,534,0.246765249538,2151,0.993992606285,1619,0.748151571165,0,8,524288,faiss_centroids,524288,faiss_centroids
lfw,arcface-7972a704552df378345f,20260829-R001-245d09db,population-a8d0f8d60f18444a282a481c,origin-embedding-2a24946a994787647ad927a9,lfw-identity-disjoint-open-set-v1,pq,pq_512_m8_b8,pq_adc_exhaustive,origin_float32,pq_code,squared_l2_asymmetric,cosine_similarity,negative_squared_l2_adc,False,False,1,time.perf_counter,0.0610000006418,0.0146999991557,0.505199999679,6.18939999913,10.6890999996,0.00493951016617,202449.223984,50,2048,102400,524688,10493.76,recalibrated_compressed,0.3,calibration,test,20,2164,476,1688,,0.346786439419,-1.09610962868,469,0.985294117647,465,0.976890756303,472,0.991596638655,473,0.993697478992,469,1003,466,476,0.978991596639,0.961764485681,0.98854939741,465,476,0.976890756303,0.959097733567,0.987048106177,465,-0.00210084033613,-0.0063025210084,0,20,466,476,0.978991596639,0.961764485681,0.98854939741,466,476,0.978991596639,0.961764485681,0.98854939741,466,0,0,0,1,466,476,0.978991596639,466,476,0.978991596639,1,0.991596638655,0.993697478992,3,1688,0.00177725118483,0.00177725118483,0.000604605803334,0.00521240427724,534,1688,0.3163507109,0.3163507109,0.294603798783,0.338931603268,3,0.314573459716,0.292654028436,0.336492890995,probe,wilson_score,paired_nonparametric_bootstrap_percentile,2000,42,716,0.330868761553,0.420108275983,,,534,0.246765249538,0,0,534,0.246765249538,2151,0.993992606285,1619,0.748151571165,0,8,524288,faiss_centroids,524288,faiss_centroids
lfw,arcface-7972a704552df378345f,20260829-R001-245d09db,population-a8d0f8d60f18444a282a481c,origin-embedding-2a24946a994787647ad927a9,lfw-identity-disjoint-open-set-v1,pq,pq_512_m8_b8,pq_one_sided_cosine,origin_float32,pq_reconstructed_float32,cosine_similarity,cosine_similarity,cosine_similarity,True,True,1,time.perf_counter,,,,7.57890000023,8.48340000084,0.00392024029614,255086.404011,50,2048,102400,524688,10493.76,frozen_origin,0.01,calibration,test,20,2164,476,1688,0.346786439419,0.346786439419,0.346786439419,469,0.985294117647,466,0.978991596639,472,0.991596638655,473,0.993697478992,469,71,466,476,0.978991596639,0.961764485681,0.98854939741,71,476,0.149159663866,0.119969964183,0.183966796887,71,-0.829831932773,-0.861344537815,-0.798319327731,20,466,476,0.978991596639,0.961764485681,0.98854939741,71,476,0.149159663866,0.119969964183,0.183966796887,71,-0.829831932773,-0.861344537815,-0.798319327731,0.152360515021,466,476,0.978991596639,71,476,0.149159663866,0.152360515021,0.991596638655,0.993697478992,3,1688,0.00177725118483,0.00177725118483,0.000604605803334,0.00521240427724,0,1688,0,0,0,0.00227057848752,0,-0.00177725118483,-0.00414691943128,0,probe,wilson_score,paired_nonparametric_bootstrap_percentile,2000,42,736,0.34011090573,0.435649410934,-0.140723640819,0.146175431917,398,0.183918669131,398,0.183918669131,0,0,2151,0.993992606285,1759,0.812846580407,0,8,524288,faiss_centroids,524288,faiss_centroids
lfw,arcface-7972a704552df378345f,20260829-R001-245d09db,population-a8d0f8d60f18444a282a481c,origin-embedding-2a24946a994787647ad927a9,lfw-identity-disjoint-open-set-v1,pq,pq_512_m8_b8,pq_one_sided_cosine,origin_float32,pq_reconstructed_float32,cosine_similarity,cosine_similarity,cosine_similarity,True,True,1,time.perf_counter,,,,7.57890000023,8.48340000084,0.00392024029614,255086.404011,50,2048,102400,524688,10493.76,frozen_origin,0.05,calibration,test,20,2164,476,1688,0.346786439419,0.346786439419,0.346786439419,469,0.985294117647,466,0.978991596639,472,0.991596638655,473,0.993697478992,469,71,466,476,0.978991596639,0.961764485681,0.98854939741,71,476,0.149159663866,0.119969964183,0.183966796887,71,-0.829831932773,-0.861344537815,-0.798319327731,20,466,476,0.978991596639,0.961764485681,0.98854939741,71,476,0.149159663866,0.119969964183,0.183966796887,71,-0.829831932773,-0.861344537815,-0.798319327731,0.152360515021,466,476,0.978991596639,71,476,0.149159663866,0.152360515021,0.991596638655,0.993697478992,3,1688,0.00177725118483,0.00177725118483,0.000604605803334,0.00521240427724,0,1688,0,0,0,0.00227057848752,0,-0.00177725118483,-0.00414691943128,0,probe,wilson_score,paired_nonparametric_bootstrap_percentile,2000,42,736,0.34011090573,0.435649410934,-0.140723640819,0.146175431917,398,0.183918669131,398,0.183918669131,0,0,2151,0.993992606285,1759,0.812846580407,0,8,524288,faiss_centroids,524288,faiss_centroids
lfw,arcface-7972a704552df378345f,20260829-R001-245d09db,population-a8d0f8d60f18444a282a481c,origin-embedding-2a24946a994787647ad927a9,lfw-identity-disjoint-open-set-v1,pq,pq_512_m8_b8,pq_one_sided_cosine,origin_float32,pq_reconstructed_float32,cosine_similarity,cosine_similarity,cosine_similarity,True,True,1,time.perf_counter,,,,7.57890000023,8.48340000084,0.00392024029614,255086.404011,50,2048,102400,524688,10493.76,frozen_origin,0.1,calibration,test,20,2164,476,1688,0.346786439419,0.346786439419,0.346786439419,469,0.985294117647,466,0.978991596639,472,0.991596638655,473,0.993697478992,469,71,466,476,0.978991596639,0.961764485681,0.98854939741,71,476,0.149159663866,0.119969964183,0.183966796887,71,-0.829831932773,-0.861344537815,-0.798319327731,20,466,476,0.978991596639,0.961764485681,0.98854939741,71,476,0.149159663866,0.119969964183,0.183966796887,71,-0.829831932773,-0.861344537815,-0.798319327731,0.152360515021,466,476,0.978991596639,71,476,0.149159663866,0.152360515021,0.991596638655,0.993697478992,3,1688,0.00177725118483,0.00177725118483,0.000604605803334,0.00521240427724,0,1688,0,0,0,0.00227057848752,0,-0.00177725118483,-0.00414691943128,0,probe,wilson_score,paired_nonparametric_bootstrap_percentile,2000,42,736,0.34011090573,0.435649410934,-0.140723640819,0.146175431917,398,0.183918669131,398,0.183918669131,0,0,2151,0.993992606285,1759,0.812846580407,0,8,524288,faiss_centroids,524288,faiss_centroids
lfw,arcface-7972a704552df378345f,20260829-R001-245d09db,population-a8d0f8d60f18444a282a481c,origin-embedding-2a24946a994787647ad927a9,lfw-identity-disjoint-open-set-v1,pq,pq_512_m8_b8,pq_one_sided_cosine,origin_float32,pq_reconstructed_float32,cosine_similarity,cosine_similarity,cosine_similarity,True,True,1,time.perf_counter,,,,7.57890000023,8.48340000084,0.00392024029614,255086.404011,50,2048,102400,524688,10493.76,frozen_origin,0.2,calibration,test,20,2164,476,1688,0.346786439419,0.346786439419,0.346786439419,469,0.985294117647,466,0.978991596639,472,0.991596638655,473,0.993697478992,469,71,466,476,0.978991596639,0.961764485681,0.98854939741,71,476,0.149159663866,0.119969964183,0.183966796887,71,-0.829831932773,-0.861344537815,-0.798319327731,20,466,476,0.978991596639,0.961764485681,0.98854939741,71,476,0.149159663866,0.119969964183,0.183966796887,71,-0.829831932773,-0.861344537815,-0.798319327731,0.152360515021,466,476,0.978991596639,71,476,0.149159663866,0.152360515021,0.991596638655,0.993697478992,3,1688,0.00177725118483,0.00177725118483,0.000604605803334,0.00521240427724,0,1688,0,0,0,0.00227057848752,0,-0.00177725118483,-0.00414691943128,0,probe,wilson_score,paired_nonparametric_bootstrap_percentile,2000,42,736,0.34011090573,0.435649410934,-0.140723640819,0.146175431917,398,0.183918669131,398,0.183918669131,0,0,2151,0.993992606285,1759,0.812846580407,0,8,524288,faiss_centroids,524288,faiss_centroids
lfw,arcface-7972a704552df378345f,20260829-R001-245d09db,population-a8d0f8d60f18444a282a481c,origin-embedding-2a24946a994787647ad927a9,lfw-identity-disjoint-open-set-v1,pq,pq_512_m8_b8,pq_one_sided_cosine,origin_float32,pq_reconstructed_float32,cosine_similarity,cosine_similarity,cosine_similarity,True,True,1,time.perf_counter,,,,7.57890000023,8.48340000084,0.00392024029614,255086.404011,50,2048,102400,524688,10493.76,frozen_origin,0.3,calibration,test,20,2164,476,1688,0.346786439419,0.346786439419,0.346786439419,469,0.985294117647,466,0.978991596639,472,0.991596638655,473,0.993697478992,469,71,466,476,0.978991596639,0.961764485681,0.98854939741,71,476,0.149159663866,0.119969964183,0.183966796887,71,-0.829831932773,-0.861344537815,-0.798319327731,20,466,476,0.978991596639,0.961764485681,0.98854939741,71,476,0.149159663866,0.119969964183,0.183966796887,71,-0.829831932773,-0.861344537815,-0.798319327731,0.152360515021,466,476,0.978991596639,71,476,0.149159663866,0.152360515021,0.991596638655,0.993697478992,3,1688,0.00177725118483,0.00177725118483,0.000604605803334,0.00521240427724,0,1688,0,0,0,0.00227057848752,0,-0.00177725118483,-0.00414691943128,0,probe,wilson_score,paired_nonparametric_bootstrap_percentile,2000,42,736,0.34011090573,0.435649410934,-0.140723640819,0.146175431917,398,0.183918669131,398,0.183918669131,0,0,2151,0.993992606285,1759,0.812846580407,0,8,524288,faiss_centroids,524288,faiss_centroids
lfw,arcface-7972a704552df378345f,20260829-R001-245d09db,population-a8d0f8d60f18444a282a481c,origin-embedding-2a24946a994787647ad927a9,lfw-identity-disjoint-open-set-v1,pq,pq_512_m8_b8,pq_one_sided_cosine,origin_float32,pq_reconstructed_float32,cosine_similarity,cosine_similarity,cosine_similarity,True,True,1,time.perf_counter,,,,7.57890000023,8.48340000084,0.00392024029614,255086.404011,50,2048,102400,524688,10493.76,recalibrated_compressed,0.01,calibration,test,20,2164,476,1688,,0.346786439419,0.194158092141,469,0.985294117647,466,0.978991596639,472,0.991596638655,473,0.993697478992,469,503,466,476,0.978991596639,0.961764485681,0.98854939741,464,476,0.974789915966,0.956456737673,0.985521058724,464,-0.00420168067227,-0.0105042016807,0,20,466,476,0.978991596639,0.961764485681,0.98854939741,464,476,0.974789915966,0.956456737673,0.985521058724,464,-0.00420168067227,-0.0105042016807,0,0.995708154506,466,476,0.978991596639,464,476,0.974789915966,0.995708154506,0.991596638655,0.993697478992,3,1688,0.00177725118483,0.00177725118483,0.000604605803334,0.00521240427724,38,1688,0.0225118483412,0.0225118483412,0.0164448226811,0.0307472226518,2,0.0207345971564,0.0142180094787,0.0278436018957,probe,wilson_score,paired_nonparametric_bootstrap_percentile,2000,42,736,0.34011090573,0.435649410934,-0.140723640819,0.146175431917,38,0.0175600739372,2,0.000924214417745,36,0.0166358595194,2151,0.993992606285,2114,0.976894639556,0,8,524288,faiss_centroids,524288,faiss_centroids
lfw,arcface-7972a704552df378345f,20260829-R001-245d09db,population-a8d0f8d60f18444a282a481c,origin-embedding-2a24946a994787647ad927a9,lfw-identity-disjoint-open-set-v1,pq,pq_512_m8_b8,pq_one_sided_cosine,origin_float32,pq_reconstructed_float32,cosine_similarity,cosine_similarity,cosine_similarity,True,True,1,time.perf_counter,,,,7.57890000023,8.48340000084,0.00392024029614,255086.404011,50,2048,102400,524688,10493.76,recalibrated_compressed,0.05,calibration,test,20,2164,476,1688,,0.346786439419,0.179898172617,469,0.985294117647,466,0.978991596639,472,0.991596638655,473,0.993697478992,469,557,466,476,0.978991596639,0.961764485681,0.98854939741,464,476,0.974789915966,0.956456737673,0.985521058724,464,-0.00420168067227,-0.0105042016807,0,20,466,476,0.978991596639,0.961764485681,0.98854939741,464,476,0.974789915966,0.956456737673,0.985521058724,464,-0.00420168067227,-0.0105042016807,0,0.995708154506,466,476,0.978991596639,464,476,0.974789915966,0.995708154506,0.991596638655,0.993697478992,3,1688,0.00177725118483,0.00177725118483,0.000604605803334,0.00521240427724,91,1688,0.0539099526066,0.0539099526066,0.0441138681505,0.065731801993,2,0.0521327014218,0.0420616113744,0.0627962085308,probe,wilson_score,paired_nonparametric_bootstrap_percentile,2000,42,736,0.34011090573,0.435649410934,-0.140723640819,0.146175431917,92,0.0425138632163,2,0.000924214417745,90,0.0415896487985,2151,0.993992606285,2061,0.952402957486,0,8,524288,faiss_centroids,524288,faiss_centroids
lfw,arcface-7972a704552df378345f,20260829-R001-245d09db,population-a8d0f8d60f18444a282a481c,origin-embedding-2a24946a994787647ad927a9,lfw-identity-disjoint-open-set-v1,pq,pq_512_m8_b8,pq_one_sided_cosine,origin_float32,pq_reconstructed_float32,cosine_similarity,cosine_similarity,cosine_similarity,True,True,1,time.perf_counter,,,,7.57890000023,8.48340000084,0.00392024029614,255086.404011,50,2048,102400,524688,10493.76,recalibrated_compressed,0.1,calibration,test,20,2164,476,1688,,0.346786439419,0.179898172617,469,0.985294117647,466,0.978991596639,472,0.991596638655,473,0.993697478992,469,557,466,476,0.978991596639,0.961764485681,0.98854939741,464,476,0.974789915966,0.956456737673,0.985521058724,464,-0.00420168067227,-0.0105042016807,0,20,466,476,0.978991596639,0.961764485681,0.98854939741,464,476,0.974789915966,0.956456737673,0.985521058724,464,-0.00420168067227,-0.0105042016807,0,0.995708154506,466,476,0.978991596639,464,476,0.974789915966,0.995708154506,0.991596638655,0.993697478992,3,1688,0.00177725118483,0.00177725118483,0.000604605803334,0.00521240427724,91,1688,0.0539099526066,0.0539099526066,0.0441138681505,0.065731801993,2,0.0521327014218,0.0420616113744,0.0627962085308,probe,wilson_score,paired_nonparametric_bootstrap_percentile,2000,42,736,0.34011090573,0.435649410934,-0.140723640819,0.146175431917,92,0.0425138632163,2,0.000924214417745,90,0.0415896487985,2151,0.993992606285,2061,0.952402957486,0,8,524288,faiss_centroids,524288,faiss_centroids
lfw,arcface-7972a704552df378345f,20260829-R001-245d09db,population-a8d0f8d60f18444a282a481c,origin-embedding-2a24946a994787647ad927a9,lfw-identity-disjoint-open-set-v1,pq,pq_512_m8_b8,pq_one_sided_cosine,origin_float32,pq_reconstructed_float32,cosine_similarity,cosine_similarity,cosine_similarity,True,True,1,time.perf_counter,,,,7.57890000023,8.48340000084,0.00392024029614,255086.404011,50,2048,102400,524688,10493.76,recalibrated_compressed,0.2,calibration,test,20,2164,476,1688,,0.346786439419,0.179898172617,469,0.985294117647,466,0.978991596639,472,0.991596638655,473,0.993697478992,469,557,466,476,0.978991596639,0.961764485681,0.98854939741,464,476,0.974789915966,0.956456737673,0.985521058724,464,-0.00420168067227,-0.0105042016807,0,20,466,476,0.978991596639,0.961764485681,0.98854939741,464,476,0.974789915966,0.956456737673,0.985521058724,464,-0.00420168067227,-0.0105042016807,0,0.995708154506,466,476,0.978991596639,464,476,0.974789915966,0.995708154506,0.991596638655,0.993697478992,3,1688,0.00177725118483,0.00177725118483,0.000604605803334,0.00521240427724,91,1688,0.0539099526066,0.0539099526066,0.0441138681505,0.065731801993,2,0.0521327014218,0.0420616113744,0.0627962085308,probe,wilson_score,paired_nonparametric_bootstrap_percentile,2000,42,736,0.34011090573,0.435649410934,-0.140723640819,0.146175431917,92,0.0425138632163,2,0.000924214417745,90,0.0415896487985,2151,0.993992606285,2061,0.952402957486,0,8,524288,faiss_centroids,524288,faiss_centroids
lfw,arcface-7972a704552df378345f,20260829-R001-245d09db,population-a8d0f8d60f18444a282a481c,origin-embedding-2a24946a994787647ad927a9,lfw-identity-disjoint-open-set-v1,pq,pq_512_m8_b8,pq_one_sided_cosine,origin_float32,pq_reconstructed_float32,cosine_similarity,cosine_similarity,cosine_similarity,True,True,1,time.perf_counter,,,,7.57890000023,8.48340000084,0.00392024029614,255086.404011,50,2048,102400,524688,10493.76,recalibrated_compressed,0.3,calibration,test,20,2164,476,1688,,0.346786439419,0.131749823689,469,0.985294117647,466,0.978991596639,472,0.991596638655,473,0.993697478992,469,1194,466,476,0.978991596639,0.961764485681,0.98854939741,465,476,0.976890756303,0.959097733567,0.987048106177,465,-0.00210084033613,-0.0063025210084,0,20,466,476,0.978991596639,0.961764485681,0.98854939741,466,476,0.978991596639,0.961764485681,0.98854939741,466,0,0,0,1,466,476,0.978991596639,466,476,0.978991596639,1,0.991596638655,0.993697478992,3,1688,0.00177725118483,0.00177725118483,0.000604605803334,0.00521240427724,726,1688,0.43009478673,0.43009478673,0.406661689448,0.453845334559,3,0.428317535545,0.405213270142,0.451421800948,probe,wilson_score,paired_nonparametric_bootstrap_percentile,2000,42,736,0.34011090573,0.435649410934,-0.140723640819,0.146175431917,725,0.335027726433,0,0,725,0.335027726433,2151,0.993992606285,1427,0.659426987061,0,8,524288,faiss_centroids,524288,faiss_centroids
lfw,arcface-7972a704552df378345f,20260829-R001-245d09db,population-a8d0f8d60f18444a282a481c,origin-embedding-2a24946a994787647ad927a9,lfw-identity-disjoint-open-set-v1,pq,pq_512_m8_b8,pq_reconstruction_cosine,pq_reconstructed_float32,pq_reconstructed_float32,cosine_similarity,cosine_similarity,cosine_similarity,True,True,1,time.perf_counter,,,,6.18939999913,7.53540000005,0.00348216266176,287177.853861,50,2048,102400,524688,10493.76,frozen_origin,0.01,calibration,test,20,2164,476,1688,0.346786439419,0.346786439419,0.346786439419,469,0.985294117647,417,0.876050420168,472,0.991596638655,467,0.981092436975,469,299,466,476,0.978991596639,0.961764485681,0.98854939741,289,476,0.607142857143,0.562578645642,0.64999156505,289,-0.371848739496,-0.415966386555,-0.327731092437,20,466,476,0.978991596639,0.961764485681,0.98854939741,289,476,0.607142857143,0.562578645642,0.64999156505,289,-0.371848739496,-0.415966386555,-0.327731092437,0.62017167382,466,476,0.978991596639,289,476,0.607142857143,0.62017167382,0.991596638655,0.981092436975,3,1688,0.00177725118483,0.00177725118483,0.000604605803334,0.00521240427724,10,1688,0.00592417061611,0.00592417061611,0.00322107366682,0.0108709434642,2,0.00414691943128,0.000592417061611,0.00770142180095,probe,wilson_score,paired_nonparametric_bootstrap_percentile,2000,42,539,0.249075785582,0.340147491794,-0.0769514762099,0.121380581006,186,0.0859519408503,178,0.0822550831793,8,0.00369685767098,2151,0.993992606285,1967,0.908964879852,0,8,524288,faiss_centroids,524288,faiss_centroids
lfw,arcface-7972a704552df378345f,20260829-R001-245d09db,population-a8d0f8d60f18444a282a481c,origin-embedding-2a24946a994787647ad927a9,lfw-identity-disjoint-open-set-v1,pq,pq_512_m8_b8,pq_reconstruction_cosine,pq_reconstructed_float32,pq_reconstructed_float32,cosine_similarity,cosine_similarity,cosine_similarity,True,True,1,time.perf_counter,,,,6.18939999913,7.53540000005,0.00348216266176,287177.853861,50,2048,102400,524688,10493.76,frozen_origin,0.05,calibration,test,20,2164,476,1688,0.346786439419,0.346786439419,0.346786439419,469,0.985294117647,417,0.876050420168,472,0.991596638655,467,0.981092436975,469,299,466,476,0.978991596639,0.961764485681,0.98854939741,289,476,0.607142857143,0.562578645642,0.64999156505,289,-0.371848739496,-0.415966386555,-0.327731092437,20,466,476,0.978991596639,0.961764485681,0.98854939741,289,476,0.607142857143,0.562578645642,0.64999156505,289,-0.371848739496,-0.415966386555,-0.327731092437,0.62017167382,466,476,0.978991596639,289,476,0.607142857143,0.62017167382,0.991596638655,0.981092436975,3,1688,0.00177725118483,0.00177725118483,0.000604605803334,0.00521240427724,10,1688,0.00592417061611,0.00592417061611,0.00322107366682,0.0108709434642,2,0.00414691943128,0.000592417061611,0.00770142180095,probe,wilson_score,paired_nonparametric_bootstrap_percentile,2000,42,539,0.249075785582,0.340147491794,-0.0769514762099,0.121380581006,186,0.0859519408503,178,0.0822550831793,8,0.00369685767098,2151,0.993992606285,1967,0.908964879852,0,8,524288,faiss_centroids,524288,faiss_centroids
lfw,arcface-7972a704552df378345f,20260829-R001-245d09db,population-a8d0f8d60f18444a282a481c,origin-embedding-2a24946a994787647ad927a9,lfw-identity-disjoint-open-set-v1,pq,pq_512_m8_b8,pq_reconstruction_cosine,pq_reconstructed_float32,pq_reconstructed_float32,cosine_similarity,cosine_similarity,cosine_similarity,True,True,1,time.perf_counter,,,,6.18939999913,7.53540000005,0.00348216266176,287177.853861,50,2048,102400,524688,10493.76,frozen_origin,0.1,calibration,test,20,2164,476,1688,0.346786439419,0.346786439419,0.346786439419,469,0.985294117647,417,0.876050420168,472,0.991596638655,467,0.981092436975,469,299,466,476,0.978991596639,0.961764485681,0.98854939741,289,476,0.607142857143,0.562578645642,0.64999156505,289,-0.371848739496,-0.415966386555,-0.327731092437,20,466,476,0.978991596639,0.961764485681,0.98854939741,289,476,0.607142857143,0.562578645642,0.64999156505,289,-0.371848739496,-0.415966386555,-0.327731092437,0.62017167382,466,476,0.978991596639,289,476,0.607142857143,0.62017167382,0.991596638655,0.981092436975,3,1688,0.00177725118483,0.00177725118483,0.000604605803334,0.00521240427724,10,1688,0.00592417061611,0.00592417061611,0.00322107366682,0.0108709434642,2,0.00414691943128,0.000592417061611,0.00770142180095,probe,wilson_score,paired_nonparametric_bootstrap_percentile,2000,42,539,0.249075785582,0.340147491794,-0.0769514762099,0.121380581006,186,0.0859519408503,178,0.0822550831793,8,0.00369685767098,2151,0.993992606285,1967,0.908964879852,0,8,524288,faiss_centroids,524288,faiss_centroids
lfw,arcface-7972a704552df378345f,20260829-R001-245d09db,population-a8d0f8d60f18444a282a481c,origin-embedding-2a24946a994787647ad927a9,lfw-identity-disjoint-open-set-v1,pq,pq_512_m8_b8,pq_reconstruction_cosine,pq_reconstructed_float32,pq_reconstructed_float32,cosine_similarity,cosine_similarity,cosine_similarity,True,True,1,time.perf_counter,,,,6.18939999913,7.53540000005,0.00348216266176,287177.853861,50,2048,102400,524688,10493.76,frozen_origin,0.2,calibration,test,20,2164,476,1688,0.346786439419,0.346786439419,0.346786439419,469,0.985294117647,417,0.876050420168,472,0.991596638655,467,0.981092436975,469,299,466,476,0.978991596639,0.961764485681,0.98854939741,289,476,0.607142857143,0.562578645642,0.64999156505,289,-0.371848739496,-0.415966386555,-0.327731092437,20,466,476,0.978991596639,0.961764485681,0.98854939741,289,476,0.607142857143,0.562578645642,0.64999156505,289,-0.371848739496,-0.415966386555,-0.327731092437,0.62017167382,466,476,0.978991596639,289,476,0.607142857143,0.62017167382,0.991596638655,0.981092436975,3,1688,0.00177725118483,0.00177725118483,0.000604605803334,0.00521240427724,10,1688,0.00592417061611,0.00592417061611,0.00322107366682,0.0108709434642,2,0.00414691943128,0.000592417061611,0.00770142180095,probe,wilson_score,paired_nonparametric_bootstrap_percentile,2000,42,539,0.249075785582,0.340147491794,-0.0769514762099,0.121380581006,186,0.0859519408503,178,0.0822550831793,8,0.00369685767098,2151,0.993992606285,1967,0.908964879852,0,8,524288,faiss_centroids,524288,faiss_centroids
lfw,arcface-7972a704552df378345f,20260829-R001-245d09db,population-a8d0f8d60f18444a282a481c,origin-embedding-2a24946a994787647ad927a9,lfw-identity-disjoint-open-set-v1,pq,pq_512_m8_b8,pq_reconstruction_cosine,pq_reconstructed_float32,pq_reconstructed_float32,cosine_similarity,cosine_similarity,cosine_similarity,True,True,1,time.perf_counter,,,,6.18939999913,7.53540000005,0.00348216266176,287177.853861,50,2048,102400,524688,10493.76,frozen_origin,0.3,calibration,test,20,2164,476,1688,0.346786439419,0.346786439419,0.346786439419,469,0.985294117647,417,0.876050420168,472,0.991596638655,467,0.981092436975,469,299,466,476,0.978991596639,0.961764485681,0.98854939741,289,476,0.607142857143,0.562578645642,0.64999156505,289,-0.371848739496,-0.415966386555,-0.327731092437,20,466,476,0.978991596639,0.961764485681,0.98854939741,289,476,0.607142857143,0.562578645642,0.64999156505,289,-0.371848739496,-0.415966386555,-0.327731092437,0.62017167382,466,476,0.978991596639,289,476,0.607142857143,0.62017167382,0.991596638655,0.981092436975,3,1688,0.00177725118483,0.00177725118483,0.000604605803334,0.00521240427724,10,1688,0.00592417061611,0.00592417061611,0.00322107366682,0.0108709434642,2,0.00414691943128,0.000592417061611,0.00770142180095,probe,wilson_score,paired_nonparametric_bootstrap_percentile,2000,42,539,0.249075785582,0.340147491794,-0.0769514762099,0.121380581006,186,0.0859519408503,178,0.0822550831793,8,0.00369685767098,2151,0.993992606285,1967,0.908964879852,0,8,524288,faiss_centroids,524288,faiss_centroids
lfw,arcface-7972a704552df378345f,20260829-R001-245d09db,population-a8d0f8d60f18444a282a481c,origin-embedding-2a24946a994787647ad927a9,lfw-identity-disjoint-open-set-v1,pq,pq_512_m8_b8,pq_reconstruction_cosine,pq_reconstructed_float32,pq_reconstructed_float32,cosine_similarity,cosine_similarity,cosine_similarity,True,True,1,time.perf_counter,,,,6.18939999913,7.53540000005,0.00348216266176,287177.853861,50,2048,102400,524688,10493.76,recalibrated_compressed,0.01,calibration,test,20,2164,476,1688,,0.346786439419,0.297776639462,469,0.985294117647,417,0.876050420168,472,0.991596638655,467,0.981092436975,469,368,466,476,0.978991596639,0.961764485681,0.98854939741,331,476,0.695378151261,0.652603950688,0.735024080573,331,-0.283613445378,-0.323529411765,-0.243697478992,20,466,476,0.978991596639,0.961764485681,0.98854939741,332,476,0.697478991597,0.654767573935,0.737028500673,332,-0.281512605042,-0.321481092437,-0.241596638655,0.712446351931,466,476,0.978991596639,332,476,0.697478991597,0.712446351931,0.991596638655,0.981092436975,3,1688,0.00177725118483,0.00177725118483,0.000604605803334,0.00521240427724,35,1688,0.0207345971564,0.0207345971564,0.0149462121067,0.0286994016331,2,0.0189573459716,0.0130331753555,0.0254739336493,probe,wilson_score,paired_nonparametric_bootstrap_percentile,2000,42,539,0.249075785582,0.340147491794,-0.0769514762099,0.121380581006,167,0.0771719038817,134,0.0619223659889,33,0.0152495378928,2151,0.993992606285,1984,0.916820702403,0,8,524288,faiss_centroids,524288,faiss_centroids
lfw,arcface-7972a704552df378345f,20260829-R001-245d09db,population-a8d0f8d60f18444a282a481c,origin-embedding-2a24946a994787647ad927a9,lfw-identity-disjoint-open-set-v1,pq,pq_512_m8_b8,pq_reconstruction_cosine,pq_reconstructed_float32,pq_reconstructed_float32,cosine_similarity,cosine_similarity,cosine_similarity,True,True,1,time.perf_counter,,,,6.18939999913,7.53540000005,0.00348216266176,287177.853861,50,2048,102400,524688,10493.76,recalibrated_compressed,0.05,calibration,test,20,2164,476,1688,,0.346786439419,0.242793783545,469,0.985294117647,417,0.876050420168,472,0.991596638655,467,0.981092436975,469,548,466,476,0.978991596639,0.961764485681,0.98854939741,379,476,0.796218487395,0.757728048312,0.8299660636,379,-0.182773109244,-0.218487394958,-0.151207983193,20,466,476,0.978991596639,0.961764485681,0.98854939741,381,476,0.800420168067,0.762172749306,0.8338574493,381,-0.178571428571,-0.21218487395,-0.147058823529,0.817596566524,466,476,0.978991596639,381,476,0.800420168067,0.817596566524,0.991596638655,0.981092436975,3,1688,0.00177725118483,0.00177725118483,0.000604605803334,0.00521240427724,160,1688,0.0947867298578,0.0947867298578,0.0817186902799,0.109694906504,2,0.093009478673,0.0793838862559,0.107227488152,probe,wilson_score,paired_nonparametric_bootstrap_percentile,2000,42,539,0.249075785582,0.340147491794,-0.0769514762099,0.121380581006,237,0.109519408503,79,0.0365064695009,158,0.0730129390018,2151,0.993992606285,1907,0.88123844732,0,8,524288,faiss_centroids,524288,faiss_centroids
lfw,arcface-7972a704552df378345f,20260829-R001-245d09db,population-a8d0f8d60f18444a282a481c,origin-embedding-2a24946a994787647ad927a9,lfw-identity-disjoint-open-set-v1,pq,pq_512_m8_b8,pq_reconstruction_cosine,pq_reconstructed_float32,pq_reconstructed_float32,cosine_similarity,cosine_similarity,cosine_similarity,True,True,1,time.perf_counter,,,,6.18939999913,7.53540000005,0.00348216266176,287177.853861,50,2048,102400,524688,10493.76,recalibrated_compressed,0.1,calibration,test,20,2164,476,1688,,0.346786439419,0.214925825596,469,0.985294117647,417,0.876050420168,472,0.991596638655,467,0.981092436975,469,750,466,476,0.978991596639,0.961764485681,0.98854939741,398,476,0.836134453782,0.800215028932,0.866671906571,398,-0.142857142857,-0.174369747899,-0.113445378151,20,466,476,0.978991596639,0.961764485681,0.98854939741,404,476,0.848739495798,0.813767317318,0.878127878266,404,-0.13025210084,-0.161764705882,-0.100840336134,0.8669527897,466,476,0.978991596639,404,476,0.848739495798,0.8669527897,0.991596638655,0.981092436975,3,1688,0.00177725118483,0.00177725118483,0.000604605803334,0.00521240427724,338,1688,0.200236966825,0.200236966825,0.181836760455,0.219998444183,2,0.19845971564,0.178909952607,0.217417061611,probe,wilson_score,paired_nonparametric_bootstrap_percentile,2000,42,539,0.249075785582,0.340147491794,-0.0769514762099,0.121380581006,391,0.180683918669,55,0.025415896488,336,0.155268022181,2151,0.993992606285,1748,0.807763401109,0,8,524288,faiss_centroids,524288,faiss_centroids
lfw,arcface-7972a704552df378345f,20260829-R001-245d09db,population-a8d0f8d60f18444a282a481c,origin-embedding-2a24946a994787647ad927a9,lfw-identity-disjoint-open-set-v1,pq,pq_512_m8_b8,pq_reconstruction_cosine,pq_reconstructed_float32,pq_reconstructed_float32,cosine_similarity,cosine_similarity,cosine_similarity,True,True,1,time.perf_counter,,,,6.18939999913,7.53540000005,0.00348216266176,287177.853861,50,2048,102400,524688,10493.76,recalibrated_compressed,0.2,calibration,test,20,2164,476,1688,,0.346786439419,0.191244632006,469,0.985294117647,417,0.876050420168,472,0.991596638655,467,0.981092436975,469,1027,466,476,0.978991596639,0.961764485681,0.98854939741,407,476,0.855042016807,0.820571435838,0.883827889787,407,-0.123949579832,-0.153361344538,-0.0945378151261,20,466,476,0.978991596639,0.961764485681,0.98854939741,419,476,0.88025210084,0.847999485418,0.90641636037,419,-0.0987394957983,-0.126102941176,-0.0735294117647,0.899141630901,466,476,0.978991596639,419,476,0.88025210084,0.899141630901,0.991596638655,0.981092436975,3,1688,0.00177725118483,0.00177725118483,0.000604605803334,0.00521240427724,593,1688,0.351303317536,0.351303317536,0.32889112026,0.374390769787,2,0.349526066351,0.326421800948,0.372630331754,probe,wilson_score,paired_nonparametric_bootstrap_percentile,2000,42,539,0.249075785582,0.340147491794,-0.0769514762099,0.121380581006,626,0.289279112754,34,0.0157116451017,592,0.273567467652,2151,0.993992606285,1502,0.694085027726,0,8,524288,faiss_centroids,524288,faiss_centroids
lfw,arcface-7972a704552df378345f,20260829-R001-245d09db,population-a8d0f8d60f18444a282a481c,origin-embedding-2a24946a994787647ad927a9,lfw-identity-disjoint-open-set-v1,pq,pq_512_m8_b8,pq_reconstruction_cosine,pq_reconstructed_float32,pq_reconstructed_float32,cosine_similarity,cosine_similarity,cosine_similarity,True,True,1,time.perf_counter,,,,6.18939999913,7.53540000005,0.00348216266176,287177.853861,50,2048,102400,524688,10493.76,recalibrated_compressed,0.3,calibration,test,20,2164,476,1688,,0.346786439419,0.17881667614,469,0.985294117647,417,0.876050420168,472,0.991596638655,467,0.981092436975,469,1209,466,476,0.978991596639,0.961764485681,0.98854939741,410,476,0.861344537815,0.827395518736,0.88950793693,410,-0.117647058824,-0.147058823529,-0.0903361344538,20,466,476,0.978991596639,0.961764485681,0.98854939741,427,476,0.897058823529,0.86650522705,0.921254965512,427,-0.0819327731092,-0.105042016807,-0.0588235294118,0.916309012876,466,476,0.978991596639,427,476,0.897058823529,0.916309012876,0.991596638655,0.981092436975,3,1688,0.00177725118483,0.00177725118483,0.000604605803334,0.00521240427724,764,1688,0.452606635071,0.452606635071,0.428995978519,0.476432512333,2,0.450829383886,0.427132701422,0.475118483412,probe,wilson_score,paired_nonparametric_bootstrap_percentile,2000,42,539,0.249075785582,0.340147491794,-0.0769514762099,0.121380581006,792,0.365988909427,26,0.0120147874307,766,0.353974121996,2151,0.993992606285,1334,0.616451016636,0,8,524288,faiss_centroids,524288,faiss_centroids
