dataset,model_uid,run_id,extraction_uid,origin_embedding_artifact_uid,compression_family,compression_profile,sample_count,origin_dimension,search_dimension,reconstruction_available,metric_vector_source,mean_reconstruction_mse,p95_reconstruction_mse,mean_angular_error_rad,p95_angular_error_rad,mean_cosine_to_origin,p05_cosine_to_origin,compression_origin_fallback_count,storage_bytes_per_embedding,codebook_bytes,codebook_bytes_source,codec_parameter_bytes_x,codec_parameter_bytes_source_x,summary_artifact_type,summary_claim_status,derived_evaluation_paper_eligible,protocol_uid,search_mode,origin_score_space,compressed_score_space,score_spaces_comparable,frozen_origin_threshold_applicable,latency_measurement_repeats,latency_timer,compressed_index_build_latency_ms,compressed_gallery_add_latency_ms,compressed_gallery_encode_latency_ms,origin_search_latency_ms_total,compressed_search_latency_ms_total,compressed_search_latency_ms_per_query,compressed_search_queries_per_second,gallery_template_count,origin_storage_bytes_per_embedding,origin_gallery_storage_bytes,compressed_gallery_storage_bytes,amortized_storage_bytes_per_gallery_template,threshold_policy,target_fpir,threshold_source_split,evaluation_split,top_k,query_count,mated_count,non_mated_count,decision_threshold,origin_decision_threshold,compressed_decision_threshold,origin_rank1_correct_count,origin_rank1_rate,compressed_rank1_correct_count,compressed_rank1_rate,origin_top_k_correct_count,origin_top_k_rate,compressed_top_k_correct_count,compressed_top_k_rate,origin_accepted_count,compressed_accepted_count,origin_dir_rank1_count,origin_dir_rank1_denominator,origin_dir_rank1,origin_dir_rank1_wilson95_low,origin_dir_rank1_wilson95_high,compressed_dir_rank1_count,compressed_dir_rank1_denominator,compressed_dir_rank1,compressed_dir_rank1_wilson95_low,compressed_dir_rank1_wilson95_high,both_dir_rank1_count,compressed_minus_origin_dir_rank1,compressed_minus_origin_dir_rank1_paired_bootstrap95_low,compressed_minus_origin_dir_rank1_paired_bootstrap95_high,origin_false_accept_count,origin_fpir_denominator,origin_fpir,origin_realized_fpir,origin_fpir_wilson95_low,origin_fpir_wilson95_high,compressed_false_accept_count,compressed_fpir_denominator,compressed_fpir,compressed_realized_fpir,compressed_fpir_wilson95_low,compressed_fpir_wilson95_high,both_false_accept_count,compressed_minus_origin_fpir,compressed_minus_origin_fpir_paired_bootstrap95_low,compressed_minus_origin_fpir_paired_bootstrap95_high,confidence_interval_unit,rate_confidence_interval_method,difference_confidence_interval_method,difference_confidence_interval_resamples,difference_confidence_interval_random_seed,agreement_with_origin_count,agreement_with_origin_rate,mean_top_k_identity_jaccard,mean_top1_score_drift,mean_abs_top1_score_drift,threshold_crossing_count,threshold_crossing_rate,accept_to_reject_count,accept_to_reject_rate,reject_to_accept_count,reject_to_accept_rate,origin_decision_correct_count,origin_decision_correct_rate,compressed_decision_correct_count,compressed_decision_correct_rate,retrieval_origin_fallback_count,codec_parameter_bytes_y,codec_parameter_bytes_source_y
rfw_custom,adaface-4df25b75e065b0b9ed43,20260810-R001-26ad700c,population-22612d85ff3e17a5ba538708,origin-embedding-8bd4eb2285935a9eacba54a5,pca,pca_32,40520,512,32,True,reconstruction,0.00159987342512,0.00174349578854,1.13487003628,1.23697222665,0.42138633085,0.327658410882,0,128,0,not_applicable,67584,pca_components_and_mean,step4_search_space_multi_fpir_v4,validation_required,True,rfw-custom-identity-balanced-open-set-v1-60b0908dc11e16d8,pca_direct_cosine,cosine_similarity,cosine_similarity,True,True,1,time.perf_counter,,,,1111.8118,1121.1338,0.0744296488083,13435.5060921,1200,2048,2457600,221184,184.32,frozen_origin,0.01,calibration,test,20,15063,3104,11959,0.254213392735,0.254213392735,0.254213392735,3098,0.998067010309,2338,0.753221649485,3104,1,2926,0.942654639175,5021,15063,3095,3104,0.997100515464,0.994498343429,0.998473801672,2338,3104,0.753221649485,0.737747712896,0.768069594978,2337,-0.243878865979,-0.25902867268,-0.228729059278,1923,11959,0.160799397943,0.160799397943,0.154324689897,0.167491951415,11959,11959,1,1,0.999678884082,1,1923,0.839200602057,0.832260222427,0.845639267497,probe,wilson_score,paired_nonparametric_bootstrap_percentile,2000,42,2733,0.181437960566,0.0903291821898,0.272466258316,0.277704087239,10042,0.666666666667,0,0,10042,0.666666666667,13131,0.871738697471,2338,0.155214764655,0,67584,pca_components_and_mean
rfw_custom,adaface-4df25b75e065b0b9ed43,20260810-R001-26ad700c,population-22612d85ff3e17a5ba538708,origin-embedding-8bd4eb2285935a9eacba54a5,pca,pca_64,40520,512,64,True,reconstruction,0.00132432571174,0.0015266583587,0.96931189187,1.08457881107,0.564486854534,0.467285119302,0,256,0,not_applicable,133120,pca_components_and_mean,step4_search_space_multi_fpir_v4,validation_required,True,rfw-custom-identity-balanced-open-set-v1-60b0908dc11e16d8,pca_direct_cosine,cosine_similarity,cosine_similarity,True,True,1,time.perf_counter,,,,1126.6222,1046.238,0.0694574785899,14397.2977468,1200,2048,2457600,440320,366.933333333,frozen_origin,0.01,calibration,test,20,15063,3104,11959,0.254213392735,0.254213392735,0.254213392735,3098,0.998067010309,2969,0.956507731959,3104,1,3085,0.993878865979,5021,15063,3095,3104,0.997100515464,0.994498343429,0.998473801672,2969,3104,0.956507731959,0.948750475337,0.963136452472,2968,-0.0405927835052,-0.0476884664948,-0.0335051546392,1923,11959,0.160799397943,0.160799397943,0.154324689897,0.167491951415,11959,11959,1,1,0.999678884082,1,1923,0.839200602057,0.832260222427,0.845639267497,probe,wilson_score,paired_nonparametric_bootstrap_percentile,2000,42,4040,0.268206864502,0.159674593223,0.153293542472,0.158935702251,10042,0.666666666667,0,0,10042,0.666666666667,13131,0.871738697471,2969,0.197105490274,0,133120,pca_components_and_mean
rfw_custom,adaface-4df25b75e065b0b9ed43,20260810-R001-26ad700c,population-22612d85ff3e17a5ba538708,origin-embedding-8bd4eb2285935a9eacba54a5,pca,pca_128,40520,512,128,True,reconstruction,0.000883943062876,0.00113180592259,0.737432532016,0.865207898688,0.738176732864,0.64848187096,0,512,0,not_applicable,264192,pca_components_and_mean,step4_search_space_multi_fpir_v4,validation_required,True,rfw-custom-identity-balanced-open-set-v1-60b0908dc11e16d8,pca_direct_cosine,cosine_similarity,cosine_similarity,True,True,1,time.perf_counter,,,,1194.922,1121.0039,0.0744210250282,13437.0629754,1200,2048,2457600,878592,732.16,frozen_origin,0.01,calibration,test,20,15063,3104,11959,0.254213392735,0.254213392735,0.254213392735,3098,0.998067010309,3081,0.992590206186,3104,1,3101,0.999033505155,5021,14504,3095,3104,0.997100515464,0.994498343429,0.998473801672,3081,3104,0.992590206186,0.988905341286,0.995057335227,3080,-0.00451030927835,-0.00740979381443,-0.00225515463918,1923,11959,0.160799397943,0.160799397943,0.154324689897,0.167491951415,11400,11959,0.953256961284,0.953256961284,0.949325979583,0.956896846935,1905,0.792457563341,0.784764612426,0.799650890543,probe,wilson_score,paired_nonparametric_bootstrap_percentile,2000,42,6224,0.413197902144,0.300948510472,0.0686215616959,0.0720020925204,9519,0.631945827524,18,0.00119498107947,9501,0.630750846445,13131,0.871738697471,3640,0.241651729403,0,264192,pca_components_and_mean
rfw_custom,adaface-4df25b75e065b0b9ed43,20260810-R001-26ad700c,population-22612d85ff3e17a5ba538708,origin-embedding-8bd4eb2285935a9eacba54a5,pca,pca_256,40520,512,256,True,reconstruction,0.000277919177319,0.000427038803966,0.383571451502,0.486566272845,0.925867238459,0.883943654707,0,1024,0,not_applicable,526336,pca_components_and_mean,step4_search_space_multi_fpir_v4,validation_required,True,rfw-custom-identity-balanced-open-set-v1-60b0908dc11e16d8,pca_direct_cosine,cosine_similarity,cosine_similarity,True,True,1,time.perf_counter,,,,1198.8955,1102.7016,0.0732059749054,13660.0871895,1200,2048,2457600,1755136,1462.61333333,frozen_origin,0.01,calibration,test,20,15063,3104,11959,0.254213392735,0.254213392735,0.254213392735,3098,0.998067010309,3096,0.997422680412,3104,1,3103,0.999677835052,5021,6228,3095,3104,0.997100515464,0.994498343429,0.998473801672,3094,3104,0.996778350515,0.994079514816,0.998249096814,3093,-0.000322164948454,-0.00161082474227,0.000644329896907,1923,11959,0.160799397943,0.160799397943,0.154324689897,0.167491951415,3128,11959,0.261560331131,0.261560331131,0.253761094073,0.269512701736,1820,0.100760933188,0.0947403629066,0.106697884438,probe,wilson_score,paired_nonparametric_bootstrap_percentile,2000,42,10833,0.719179446325,0.614139177974,0.0158587658594,0.0183114952429,1415,0.0939387904136,104,0.0069043351258,1311,0.0870344552878,13131,0.871738697471,11925,0.791674965146,0,526336,pca_components_and_mean
rfw_custom,adaface-4df25b75e065b0b9ed43,20260810-R001-26ad700c,population-22612d85ff3e17a5ba538708,origin-embedding-8bd4eb2285935a9eacba54a5,pca,pca_384,40520,512,384,True,reconstruction,2.66906624109e-07,4.3218553075e-07,0.0115350503226,0.0148745284714,0.99993170142,0.999889376241,0,1536,0,not_applicable,788480,pca_components_and_mean,step4_search_space_multi_fpir_v4,validation_required,True,rfw-custom-identity-balanced-open-set-v1-60b0908dc11e16d8,pca_direct_cosine,cosine_similarity,cosine_similarity,True,True,1,time.perf_counter,,,,1188.2214,1118.2083,0.0742354311889,13470.6565852,1200,2048,2457600,2631680,2193.06666667,frozen_origin,0.01,calibration,test,20,15063,3104,11959,0.254213392735,0.254213392735,0.254213392735,3098,0.998067010309,3098,0.998067010309,3104,1,3104,1,5021,4963,3095,3104,0.997100515464,0.994498343429,0.998473801672,3095,3104,0.997100515464,0.994498343429,0.998473801672,3095,0,0,0,1923,11959,0.160799397943,0.160799397943,0.154324689897,0.167491951415,1865,11959,0.155949494105,0.155949494105,0.149557632071,0.162562316327,1820,-0.00484990383811,-0.00677314156702,-0.00292457563341,probe,wilson_score,paired_nonparametric_bootstrap_percentile,2000,42,14621,0.970656575715,0.942371633218,-0.000518327350755,0.00180732059319,148,0.00982539998672,103,0.00683794728806,45,0.00298745269867,13131,0.871738697471,13189,0.87558919206,0,788480,pca_components_and_mean
rfw_custom,adaface-4df25b75e065b0b9ed43,20260810-R001-26ad700c,population-22612d85ff3e17a5ba538708,origin-embedding-8bd4eb2285935a9eacba54a5,pca,pca_32,40520,512,32,True,reconstruction,0.00159987342512,0.00174349578854,1.13487003628,1.23697222665,0.42138633085,0.327658410882,0,128,0,not_applicable,67584,pca_components_and_mean,step4_search_space_multi_fpir_v4,validation_required,True,rfw-custom-identity-balanced-open-set-v1-60b0908dc11e16d8,pca_direct_cosine,cosine_similarity,cosine_similarity,True,True,1,time.perf_counter,,,,1111.8118,1121.1338,0.0744296488083,13435.5060921,1200,2048,2457600,221184,184.32,recalibrated_compressed,0.01,calibration,test,20,15063,3104,11959,,0.254213392735,0.597094357014,3098,0.998067010309,2338,0.753221649485,3104,1,2926,0.942654639175,5021,3951,3095,3104,0.997100515464,0.994498343429,0.998473801672,2033,3104,0.654961340206,0.638055472704,0.671484126644,2032,-0.342139175258,-0.358569587629,-0.324420103093,1923,11959,0.160799397943,0.160799397943,0.154324689897,0.167491951415,1746,11959,0.145998829334,0.145998829334,0.139783944631,0.152441064858,304,-0.0148005686094,-0.0234133288737,-0.00585124174262,probe,wilson_score,paired_nonparametric_bootstrap_percentile,2000,42,2733,0.181437960566,0.0903291821898,0.272466258316,0.277704087239,3956,0.262630286132,2513,0.166832636261,1443,0.0957976498705,13131,0.871738697471,12246,0.812985461064,0,67584,pca_components_and_mean
rfw_custom,adaface-4df25b75e065b0b9ed43,20260810-R001-26ad700c,population-22612d85ff3e17a5ba538708,origin-embedding-8bd4eb2285935a9eacba54a5,pca,pca_64,40520,512,64,True,reconstruction,0.00132432571174,0.0015266583587,0.96931189187,1.08457881107,0.564486854534,0.467285119302,0,256,0,not_applicable,133120,pca_components_and_mean,step4_search_space_multi_fpir_v4,validation_required,True,rfw-custom-identity-balanced-open-set-v1-60b0908dc11e16d8,pca_direct_cosine,cosine_similarity,cosine_similarity,True,True,1,time.perf_counter,,,,1126.6222,1046.238,0.0694574785899,14397.2977468,1200,2048,2457600,440320,366.933333333,recalibrated_compressed,0.01,calibration,test,20,15063,3104,11959,,0.254213392735,0.444900125265,3098,0.998067010309,2969,0.956507731959,3104,1,3085,0.993878865979,5021,4730,3095,3104,0.997100515464,0.994498343429,0.998473801672,2855,3104,0.919780927835,0.909698051817,0.928826060346,2855,-0.0773195876289,-0.086662371134,-0.0682989690722,1923,11959,0.160799397943,0.160799397943,0.154324689897,0.167491951415,1830,11959,0.153022827996,0.153022827996,0.146682020792,0.159586474986,418,-0.00777656994732,-0.0165565682749,0.00125428547537,probe,wilson_score,paired_nonparametric_bootstrap_percentile,2000,42,4040,0.268206864502,0.159674593223,0.153293542472,0.158935702251,3115,0.206798114585,1703,0.113058487685,1412,0.0937396269004,13131,0.871738697471,12984,0.861979685322,0,133120,pca_components_and_mean
rfw_custom,adaface-4df25b75e065b0b9ed43,20260810-R001-26ad700c,population-22612d85ff3e17a5ba538708,origin-embedding-8bd4eb2285935a9eacba54a5,pca,pca_128,40520,512,128,True,reconstruction,0.000883943062876,0.00113180592259,0.737432532016,0.865207898688,0.738176732864,0.64848187096,0,512,0,not_applicable,264192,pca_components_and_mean,step4_search_space_multi_fpir_v4,validation_required,True,rfw-custom-identity-balanced-open-set-v1-60b0908dc11e16d8,pca_direct_cosine,cosine_similarity,cosine_similarity,True,True,1,time.perf_counter,,,,1194.922,1121.0039,0.0744210250282,13437.0629754,1200,2048,2457600,878592,732.16,recalibrated_compressed,0.01,calibration,test,20,15063,3104,11959,,0.254213392735,0.32983726263,3098,0.998067010309,3081,0.992590206186,3104,1,3101,0.999033505155,5021,5218,3095,3104,0.997100515464,0.994498343429,0.998473801672,3076,3104,0.990979381443,0.986993497547,0.993751511613,3075,-0.00612113402062,-0.00934278350515,-0.00354381443299,1923,11959,0.160799397943,0.160799397943,0.154324689897,0.167491951415,2134,11959,0.17844301363,0.17844301363,0.171684302297,0.185408239097,878,0.0176436156869,0.0101179028347,0.0255058951417,probe,wilson_score,paired_nonparametric_bootstrap_percentile,2000,42,6224,0.413197902144,0.300948510472,0.0686215616959,0.0720020925204,2319,0.153953395738,1061,0.0704374958508,1258,0.0835158998871,13131,0.871738697471,12901,0.856469494789,0,264192,pca_components_and_mean
rfw_custom,adaface-4df25b75e065b0b9ed43,20260810-R001-26ad700c,population-22612d85ff3e17a5ba538708,origin-embedding-8bd4eb2285935a9eacba54a5,pca,pca_256,40520,512,256,True,reconstruction,0.000277919177319,0.000427038803966,0.383571451502,0.486566272845,0.925867238459,0.883943654707,0,1024,0,not_applicable,526336,pca_components_and_mean,step4_search_space_multi_fpir_v4,validation_required,True,rfw-custom-identity-balanced-open-set-v1-60b0908dc11e16d8,pca_direct_cosine,cosine_similarity,cosine_similarity,True,True,1,time.perf_counter,,,,1198.8955,1102.7016,0.0732059749054,13660.0871895,1200,2048,2457600,1755136,1462.61333333,recalibrated_compressed,0.01,calibration,test,20,15063,3104,11959,,0.254213392735,0.272113531828,3098,0.998067010309,3096,0.997422680412,3104,1,3103,0.999677835052,5021,4879,3095,3104,0.997100515464,0.994498343429,0.998473801672,3093,3104,0.996456185567,0.993665067222,0.998020010939,3093,-0.000644329896907,-0.00161082474227,0,1923,11959,0.160799397943,0.160799397943,0.154324689897,0.167491951415,1782,11959,0.149009114474,0.149009114474,0.14273966567,0.1555039808,1481,-0.0117902834685,-0.016224182624,-0.00752362237645,probe,wilson_score,paired_nonparametric_bootstrap_percentile,2000,42,10833,0.719179446325,0.614139177974,0.0158587658594,0.0183114952429,746,0.0495253269601,444,0.0294761999602,302,0.0200491269999,13131,0.871738697471,13270,0.880966606918,0,526336,pca_components_and_mean
rfw_custom,adaface-4df25b75e065b0b9ed43,20260810-R001-26ad700c,population-22612d85ff3e17a5ba538708,origin-embedding-8bd4eb2285935a9eacba54a5,pca,pca_384,40520,512,384,True,reconstruction,2.66906624109e-07,4.3218553075e-07,0.0115350503226,0.0148745284714,0.99993170142,0.999889376241,0,1536,0,not_applicable,788480,pca_components_and_mean,step4_search_space_multi_fpir_v4,validation_required,True,rfw-custom-identity-balanced-open-set-v1-60b0908dc11e16d8,pca_direct_cosine,cosine_similarity,cosine_similarity,True,True,1,time.perf_counter,,,,1188.2214,1118.2083,0.0742354311889,13470.6565852,1200,2048,2457600,2631680,2193.06666667,recalibrated_compressed,0.01,calibration,test,20,15063,3104,11959,,0.254213392735,0.253175884485,3098,0.998067010309,3098,0.998067010309,3104,1,3104,1,5021,5048,3095,3104,0.997100515464,0.994498343429,0.998473801672,3095,3104,0.997100515464,0.994498343429,0.998473801672,3095,0,0,0,1923,11959,0.160799397943,0.160799397943,0.154324689897,0.167491951415,1950,11959,0.163057111799,0.163057111799,0.156544566938,0.169786052109,1869,0.00225771385567,0.000418095158458,0.00418095158458,probe,wilson_score,paired_nonparametric_bootstrap_percentile,2000,42,14621,0.970656575715,0.942371633218,-0.000518327350755,0.00180732059319,135,0.008962358096,54,0.0035849432384,81,0.0053774148576,13131,0.871738697471,13104,0.869946225851,0,788480,pca_components_and_mean
rfw_custom,adaface-4df25b75e065b0b9ed43,20260810-R001-26ad700c,population-22612d85ff3e17a5ba538708,origin-embedding-8bd4eb2285935a9eacba54a5,pca,pca_32,40520,512,32,True,reconstruction,0.00159987342512,0.00174349578854,1.13487003628,1.23697222665,0.42138633085,0.327658410882,0,128,0,not_applicable,67584,pca_components_and_mean,step4_search_space_multi_fpir_v4,validation_required,True,rfw-custom-identity-balanced-open-set-v1-60b0908dc11e16d8,pca_reconstruction_cosine,cosine_similarity,cosine_similarity,True,True,1,time.perf_counter,,,,1129.9986,1157.2197,0.0768253136826,13016.5430125,1200,2048,2457600,221184,184.32,frozen_origin,0.01,calibration,test,20,15063,3104,11959,0.254213392735,0.254213392735,0.254213392735,3098,0.998067010309,2343,0.754832474227,3104,1,2929,0.943621134021,5021,15063,3095,3104,0.997100515464,0.994498343429,0.998473801672,2343,3104,0.754832474227,0.73938990306,0.769645072167,2342,-0.242268041237,-0.257731958763,-0.22712628866,1923,11959,0.160799397943,0.160799397943,0.154324689897,0.167491951415,11959,11959,1,1,0.999678884082,1,1923,0.839200602057,0.832260222427,0.845639267497,probe,wilson_score,paired_nonparametric_bootstrap_percentile,2000,42,2734,0.181504348403,0.090199835289,0.275091430204,0.280048777499,10042,0.666666666667,0,0,10042,0.666666666667,13131,0.871738697471,2343,0.155546703844,0,67584,pca_components_and_mean
rfw_custom,adaface-4df25b75e065b0b9ed43,20260810-R001-26ad700c,population-22612d85ff3e17a5ba538708,origin-embedding-8bd4eb2285935a9eacba54a5,pca,pca_64,40520,512,64,True,reconstruction,0.00132432571174,0.0015266583587,0.96931189187,1.08457881107,0.564486854534,0.467285119302,0,256,0,not_applicable,133120,pca_components_and_mean,step4_search_space_multi_fpir_v4,validation_required,True,rfw-custom-identity-balanced-open-set-v1-60b0908dc11e16d8,pca_reconstruction_cosine,cosine_similarity,cosine_similarity,True,True,1,time.perf_counter,,,,1122.9187,1173.351,0.0778962358096,12837.5907976,1200,2048,2457600,440320,366.933333333,frozen_origin,0.01,calibration,test,20,15063,3104,11959,0.254213392735,0.254213392735,0.254213392735,3098,0.998067010309,2967,0.955863402062,3104,1,3085,0.993878865979,5021,15063,3095,3104,0.997100515464,0.994498343429,0.998473801672,2967,3104,0.955863402062,0.948056669927,0.96254319094,2966,-0.0412371134021,-0.0486469072165,-0.0341494845361,1923,11959,0.160799397943,0.160799397943,0.154324689897,0.167491951415,11959,11959,1,1,0.999678884082,1,1923,0.839200602057,0.832260222427,0.845639267497,probe,wilson_score,paired_nonparametric_bootstrap_percentile,2000,42,4041,0.26827325234,0.159859132158,0.154976705779,0.160457302976,10042,0.666666666667,0,0,10042,0.666666666667,13131,0.871738697471,2967,0.196972714599,0,133120,pca_components_and_mean
rfw_custom,adaface-4df25b75e065b0b9ed43,20260810-R001-26ad700c,population-22612d85ff3e17a5ba538708,origin-embedding-8bd4eb2285935a9eacba54a5,pca,pca_128,40520,512,128,True,reconstruction,0.000883943062876,0.00113180592259,0.737432532016,0.865207898688,0.738176732864,0.64848187096,0,512,0,not_applicable,264192,pca_components_and_mean,step4_search_space_multi_fpir_v4,validation_required,True,rfw-custom-identity-balanced-open-set-v1-60b0908dc11e16d8,pca_reconstruction_cosine,cosine_similarity,cosine_similarity,True,True,1,time.perf_counter,,,,1136.4013,1156.1446,0.0767539401181,13028.6471087,1200,2048,2457600,878592,732.16,frozen_origin,0.01,calibration,test,20,15063,3104,11959,0.254213392735,0.254213392735,0.254213392735,3098,0.998067010309,3081,0.992590206186,3104,1,3101,0.999033505155,5021,14568,3095,3104,0.997100515464,0.994498343429,0.998473801672,3081,3104,0.992590206186,0.988905341286,0.995057335227,3080,-0.00451030927835,-0.00740979381443,-0.00225515463918,1923,11959,0.160799397943,0.160799397943,0.154324689897,0.167491951415,11464,11959,0.958608579313,0.958608579313,0.954888781519,0.962033844076,1909,0.79780918137,0.790116230454,0.804833180032,probe,wilson_score,paired_nonparametric_bootstrap_percentile,2000,42,6217,0.41273318728,0.301318279789,0.0695938411592,0.072881047401,9575,0.635663546438,14,0.000929429728474,9561,0.63473411671,13131,0.871738697471,3576,0.237402907787,0,264192,pca_components_and_mean
rfw_custom,adaface-4df25b75e065b0b9ed43,20260810-R001-26ad700c,population-22612d85ff3e17a5ba538708,origin-embedding-8bd4eb2285935a9eacba54a5,pca,pca_256,40520,512,256,True,reconstruction,0.000277919177319,0.000427038803966,0.383571451502,0.486566272845,0.925867238459,0.883943654707,0,1024,0,not_applicable,526336,pca_components_and_mean,step4_search_space_multi_fpir_v4,validation_required,True,rfw-custom-identity-balanced-open-set-v1-60b0908dc11e16d8,pca_reconstruction_cosine,cosine_similarity,cosine_similarity,True,True,1,time.perf_counter,,,,1160.4711,1287.6073,0.0854814645156,11698.4425298,1200,2048,2457600,1755136,1462.61333333,frozen_origin,0.01,calibration,test,20,15063,3104,11959,0.254213392735,0.254213392735,0.254213392735,3098,0.998067010309,3096,0.997422680412,3104,1,3103,0.999677835052,5021,6302,3095,3104,0.997100515464,0.994498343429,0.998473801672,3094,3104,0.996778350515,0.994079514816,0.998249096814,3093,-0.000322164948454,-0.00161082474227,0.000644329896907,1923,11959,0.160799397943,0.160799397943,0.154324689897,0.167491951415,3202,11959,0.267748139477,0.267748139477,0.259887780588,0.275757657904,1827,0.106948741534,0.100677314157,0.112802073752,probe,wilson_score,paired_nonparametric_bootstrap_percentile,2000,42,10866,0.721370244971,0.615924092522,0.0165047575777,0.0187692337076,1475,0.0979220606785,97,0.00643962026157,1378,0.0914824404169,13131,0.871738697471,11851,0.786762265153,0,526336,pca_components_and_mean
rfw_custom,adaface-4df25b75e065b0b9ed43,20260810-R001-26ad700c,population-22612d85ff3e17a5ba538708,origin-embedding-8bd4eb2285935a9eacba54a5,pca,pca_384,40520,512,384,True,reconstruction,2.66906624109e-07,4.3218553075e-07,0.0115350503226,0.0148745284714,0.99993170142,0.999889376241,0,1536,0,not_applicable,788480,pca_components_and_mean,step4_search_space_multi_fpir_v4,validation_required,True,rfw-custom-identity-balanced-open-set-v1-60b0908dc11e16d8,pca_reconstruction_cosine,cosine_similarity,cosine_similarity,True,True,1,time.perf_counter,,,,1120.0372,1125.4082,0.0747134169821,13384.4768502,1200,2048,2457600,2631680,2193.06666667,frozen_origin,0.01,calibration,test,20,15063,3104,11959,0.254213392735,0.254213392735,0.254213392735,3098,0.998067010309,3098,0.998067010309,3104,1,3104,1,5021,5023,3095,3104,0.997100515464,0.994498343429,0.998473801672,3095,3104,0.997100515464,0.994498343429,0.998473801672,3095,0,0,0,1923,11959,0.160799397943,0.160799397943,0.154324689897,0.167491951415,1925,11959,0.160966636006,0.160966636006,0.154489109542,0.16766190049,1923,0.000167238063383,0,0.000418095158458,probe,wilson_score,paired_nonparametric_bootstrap_percentile,2000,42,15054,0.99940250946,0.998994698457,1.60146250649e-05,2.3879019307e-05,2,0.000132775675496,0,0,2,0.000132775675496,13131,0.871738697471,13129,0.871605921795,0,788480,pca_components_and_mean
rfw_custom,adaface-4df25b75e065b0b9ed43,20260810-R001-26ad700c,population-22612d85ff3e17a5ba538708,origin-embedding-8bd4eb2285935a9eacba54a5,pca,pca_32,40520,512,32,True,reconstruction,0.00159987342512,0.00174349578854,1.13487003628,1.23697222665,0.42138633085,0.327658410882,0,128,0,not_applicable,67584,pca_components_and_mean,step4_search_space_multi_fpir_v4,validation_required,True,rfw-custom-identity-balanced-open-set-v1-60b0908dc11e16d8,pca_reconstruction_cosine,cosine_similarity,cosine_similarity,True,True,1,time.perf_counter,,,,1129.9986,1157.2197,0.0768253136826,13016.5430125,1200,2048,2457600,221184,184.32,recalibrated_compressed,0.01,calibration,test,20,15063,3104,11959,,0.254213392735,0.601560413837,3098,0.998067010309,2343,0.754832474227,3104,1,2929,0.943621134021,5021,3838,3095,3104,0.997100515464,0.994498343429,0.998473801672,2029,3104,0.653672680412,0.636753724187,0.670211741279,2029,-0.343427835052,-0.359221971649,-0.327633698454,1923,11959,0.160799397943,0.160799397943,0.154324689897,0.167491951415,1638,11959,0.136967973911,0.136967973911,0.130922408462,0.143246690084,286,-0.0238314240321,-0.0323605652647,-0.0149678066728,probe,wilson_score,paired_nonparametric_bootstrap_percentile,2000,42,2734,0.181504348403,0.090199835289,0.275091430204,0.280048777499,3889,0.258182301002,2536,0.168359556529,1353,0.0898227444732,13131,0.871738697471,12350,0.819889796189,0,67584,pca_components_and_mean
rfw_custom,adaface-4df25b75e065b0b9ed43,20260810-R001-26ad700c,population-22612d85ff3e17a5ba538708,origin-embedding-8bd4eb2285935a9eacba54a5,pca,pca_64,40520,512,64,True,reconstruction,0.00132432571174,0.0015266583587,0.96931189187,1.08457881107,0.564486854534,0.467285119302,0,256,0,not_applicable,133120,pca_components_and_mean,step4_search_space_multi_fpir_v4,validation_required,True,rfw-custom-identity-balanced-open-set-v1-60b0908dc11e16d8,pca_reconstruction_cosine,cosine_similarity,cosine_similarity,True,True,1,time.perf_counter,,,,1122.9187,1173.351,0.0778962358096,12837.5907976,1200,2048,2457600,440320,366.933333333,recalibrated_compressed,0.01,calibration,test,20,15063,3104,11959,,0.254213392735,0.447435170412,3098,0.998067010309,2967,0.955863402062,3104,1,3085,0.993878865979,5021,4686,3095,3104,0.997100515464,0.994498343429,0.998473801672,2850,3104,0.918170103093,0.908002495439,0.927303949371,2850,-0.0789304123711,-0.0882731958763,-0.0699097938144,1923,11959,0.160799397943,0.160799397943,0.154324689897,0.167491951415,1787,11959,0.149427209633,0.149427209633,0.143150254046,0.155929314227,414,-0.0113721883101,-0.0199870390501,-0.00234133288737,probe,wilson_score,paired_nonparametric_bootstrap_percentile,2000,42,4041,0.26827325234,0.159859132158,0.154976705779,0.160457302976,3081,0.204540928102,1708,0.113390426874,1373,0.0911505012282,13131,0.871738697471,13022,0.864502423156,0,133120,pca_components_and_mean
rfw_custom,adaface-4df25b75e065b0b9ed43,20260810-R001-26ad700c,population-22612d85ff3e17a5ba538708,origin-embedding-8bd4eb2285935a9eacba54a5,pca,pca_128,40520,512,128,True,reconstruction,0.000883943062876,0.00113180592259,0.737432532016,0.865207898688,0.738176732864,0.64848187096,0,512,0,not_applicable,264192,pca_components_and_mean,step4_search_space_multi_fpir_v4,validation_required,True,rfw-custom-identity-balanced-open-set-v1-60b0908dc11e16d8,pca_reconstruction_cosine,cosine_similarity,cosine_similarity,True,True,1,time.perf_counter,,,,1136.4013,1156.1446,0.0767539401181,13028.6471087,1200,2048,2457600,878592,732.16,recalibrated_compressed,0.01,calibration,test,20,15063,3104,11959,,0.254213392735,0.331612795591,3098,0.998067010309,3081,0.992590206186,3104,1,3101,0.999033505155,5021,5168,3095,3104,0.997100515464,0.994498343429,0.998473801672,3075,3104,0.990657216495,0.986614445371,0.993487030319,3074,-0.00644329896907,-0.00966494845361,-0.00386597938144,1923,11959,0.160799397943,0.160799397943,0.154324689897,0.167491951415,2086,11959,0.174429300109,0.174429300109,0.167732903723,0.181334788363,871,0.0136299021657,0.0060205702818,0.0214064721131,probe,wilson_score,paired_nonparametric_bootstrap_percentile,2000,42,6217,0.41273318728,0.301318279789,0.0695938411592,0.072881047401,2285,0.151696209254,1069,0.0709685985527,1216,0.0807276107017,13131,0.871738697471,12948,0.859589723163,0,264192,pca_components_and_mean
rfw_custom,adaface-4df25b75e065b0b9ed43,20260810-R001-26ad700c,population-22612d85ff3e17a5ba538708,origin-embedding-8bd4eb2285935a9eacba54a5,pca,pca_256,40520,512,256,True,reconstruction,0.000277919177319,0.000427038803966,0.383571451502,0.486566272845,0.925867238459,0.883943654707,0,1024,0,not_applicable,526336,pca_components_and_mean,step4_search_space_multi_fpir_v4,validation_required,True,rfw-custom-identity-balanced-open-set-v1-60b0908dc11e16d8,pca_reconstruction_cosine,cosine_similarity,cosine_similarity,True,True,1,time.perf_counter,,,,1160.4711,1287.6073,0.0854814645156,11698.4425298,1200,2048,2457600,1755136,1462.61333333,recalibrated_compressed,0.01,calibration,test,20,15063,3104,11959,,0.254213392735,0.271903932095,3098,0.998067010309,3096,0.997422680412,3104,1,3103,0.999677835052,5021,4957,3095,3104,0.997100515464,0.994498343429,0.998473801672,3092,3104,0.996134020619,0.993254463095,0.997787081595,3092,-0.000966494845361,-0.00225515463918,0,1923,11959,0.160799397943,0.160799397943,0.154324689897,0.167491951415,1861,11959,0.155615017978,0.155615017978,0.149228949795,0.16222226116,1515,-0.00518437996488,-0.00953466008864,-0.00100133790451,probe,wilson_score,paired_nonparametric_bootstrap_percentile,2000,42,10866,0.721370244971,0.615924092522,0.0165047575777,0.0187692337076,758,0.0503219810131,411,0.0272854013145,347,0.0230365796986,13131,0.871738697471,13190,0.875655579898,0,526336,pca_components_and_mean
rfw_custom,adaface-4df25b75e065b0b9ed43,20260810-R001-26ad700c,population-22612d85ff3e17a5ba538708,origin-embedding-8bd4eb2285935a9eacba54a5,pca,pca_384,40520,512,384,True,reconstruction,2.66906624109e-07,4.3218553075e-07,0.0115350503226,0.0148745284714,0.99993170142,0.999889376241,0,1536,0,not_applicable,788480,pca_components_and_mean,step4_search_space_multi_fpir_v4,validation_required,True,rfw-custom-identity-balanced-open-set-v1-60b0908dc11e16d8,pca_reconstruction_cosine,cosine_similarity,cosine_similarity,True,True,1,time.perf_counter,,,,1120.0372,1125.4082,0.0747134169821,13384.4768502,1200,2048,2457600,2631680,2193.06666667,recalibrated_compressed,0.01,calibration,test,20,15063,3104,11959,,0.254213392735,0.254221230745,3098,0.998067010309,3098,0.998067010309,3104,1,3104,1,5021,5023,3095,3104,0.997100515464,0.994498343429,0.998473801672,3095,3104,0.997100515464,0.994498343429,0.998473801672,3095,0,0,0,1923,11959,0.160799397943,0.160799397943,0.154324689897,0.167491951415,1925,11959,0.160966636006,0.160966636006,0.154489109542,0.16766190049,1923,0.000167238063383,0,0.000418095158458,probe,wilson_score,paired_nonparametric_bootstrap_percentile,2000,42,15054,0.99940250946,0.998994698457,1.60146250649e-05,2.3879019307e-05,2,0.000132775675496,0,0,2,0.000132775675496,13131,0.871738697471,13129,0.871605921795,0,788480,pca_components_and_mean
rfw_custom,adaface-4df25b75e065b0b9ed43,20260810-R001-26ad700c,population-22612d85ff3e17a5ba538708,origin-embedding-8bd4eb2285935a9eacba54a5,pq,pq_512_m8_b8,40520,512,512,True,reconstruction,0.00163042853304,0.00173406660223,1.14887926049,1.2132515106,0.408675229784,0.349975375121,0,8,524288,faiss_centroids,524288,faiss_centroids,step4_search_space_multi_fpir_v4,validation_required,True,rfw-custom-identity-balanced-open-set-v1-60b0908dc11e16d8,pq_adc_exhaustive,cosine_similarity,negative_squared_l2_adc,False,False,1,time.perf_counter,0.187300000107,0.0213000002987,4.71619999917,1225.9083,91.0437000002,0.0060441943836,165448.021115,1200,2048,2457600,533888,444.906666667,recalibrated_compressed,0.01,calibration,test,20,15063,3104,11959,,0.254213392735,-1.03190267086,3098,0.998067010309,2678,0.862757731959,3104,1,3041,0.979703608247,5021,4135,3095,3104,0.997100515464,0.994498343429,0.998473801672,2403,3104,0.774162371134,0.759119061296,0.788527922165,2403,-0.22293814433,-0.237765786082,-0.208440721649,1923,11959,0.160799397943,0.160799397943,0.154324689897,0.167491951415,1635,11959,0.136717116816,0.136717116816,0.130676379579,0.142991165886,377,-0.0240822811272,-0.0324441842963,-0.0152186637679,probe,wilson_score,paired_nonparametric_bootstrap_percentile,2000,42,3337,0.221536214565,0.087059718623,,,3406,0.22611697537,2146,0.142468299807,1260,0.0836486755626,13131,0.871738697471,12727,0.84491801102,0,524288,faiss_centroids
rfw_custom,adaface-4df25b75e065b0b9ed43,20260810-R001-26ad700c,population-22612d85ff3e17a5ba538708,origin-embedding-8bd4eb2285935a9eacba54a5,pq,pq_512_m16_b8,40520,512,512,True,reconstruction,0.00142365780519,0.00152733102233,1.02079992437,1.07646782749,0.522003239874,0.474440644613,0,16,524288,faiss_centroids,524288,faiss_centroids,step4_search_space_multi_fpir_v4,validation_required,True,rfw-custom-identity-balanced-open-set-v1-60b0908dc11e16d8,pq_adc_exhaustive,cosine_similarity,negative_squared_l2_adc,False,False,1,time.perf_counter,0.173500000528,0.0232000002143,10.6433000001,1162.0787,175.1945,0.0116307840403,85978.7265013,1200,2048,2457600,543488,452.906666667,recalibrated_compressed,0.01,calibration,test,20,15063,3104,11959,,0.254213392735,-1.09603726864,3098,0.998067010309,3007,0.96875,3104,1,3098,0.998067010309,5021,4206,3095,3104,0.997100515464,0.994498343429,0.998473801672,2929,3104,0.943621134021,0.934945120231,0.951200468755,2929,-0.0534793814433,-0.0612113402062,-0.045425257732,1923,11959,0.160799397943,0.160799397943,0.154324689897,0.167491951415,1250,11959,0.104523789615,0.104523789615,0.0991669783279,0.110134588314,422,-0.0562756083285,-0.0639685592441,-0.0484133288737,probe,wilson_score,paired_nonparametric_bootstrap_percentile,2000,42,4401,0.292172873929,0.142472433128,,,2471,0.164044347076,1643,0.10907521742,828,0.0549691296554,13131,0.871738697471,13638,0.905397331209,0,524288,faiss_centroids
rfw_custom,adaface-4df25b75e065b0b9ed43,20260810-R001-26ad700c,population-22612d85ff3e17a5ba538708,origin-embedding-8bd4eb2285935a9eacba54a5,pq,pq_512_m32_b8,40520,512,512,True,reconstruction,0.0010840282096,0.00117513589788,0.839178099042,0.884383653173,0.667572900456,0.633766381216,0,32,524288,faiss_centroids,524288,faiss_centroids,step4_search_space_multi_fpir_v4,validation_required,True,rfw-custom-identity-balanced-open-set-v1-60b0908dc11e16d8,pq_adc_exhaustive,cosine_similarity,negative_squared_l2_adc,False,False,1,time.perf_counter,0.217600001633,0.147500000821,21.2230000016,1140.0887,332.6044,0.0220808869415,45288.0358768,1200,2048,2457600,562688,468.906666667,recalibrated_compressed,0.01,calibration,test,20,15063,3104,11959,,0.254213392735,-1.20074498653,3098,0.998067010309,3088,0.994845360825,3104,1,3102,0.999355670103,5021,4766,3095,3104,0.997100515464,0.994498343429,0.998473801672,3070,3104,0.989046391753,0.984732948894,0.992150859443,3070,-0.00805412371134,-0.0112757731959,-0.00515463917526,1923,11959,0.160799397943,0.160799397943,0.154324689897,0.167491951415,1692,11959,0.141483401622,0.141483401622,0.135352098317,0.147844955701,757,-0.0193159963208,-0.0269253282047,-0.0117902834685,probe,wilson_score,paired_nonparametric_bootstrap_percentile,2000,42,6009,0.398924517028,0.241923106908,,,2127,0.14120693089,1191,0.079067914758,936,0.0621390161322,13131,0.871738697471,13337,0.885414592047,0,524288,faiss_centroids
rfw_custom,adaface-4df25b75e065b0b9ed43,20260810-R001-26ad700c,population-22612d85ff3e17a5ba538708,origin-embedding-8bd4eb2285935a9eacba54a5,pq,pq_512_m64_b8,40520,512,512,True,reconstruction,0.000612252636355,0.000672481388299,0.593570746044,0.626408414028,0.828689231273,0.810138256245,0,64,524288,faiss_centroids,524288,faiss_centroids,step4_search_space_multi_fpir_v4,validation_required,True,rfw-custom-identity-balanced-open-set-v1-60b0908dc11e16d8,pq_adc_exhaustive,cosine_similarity,negative_squared_l2_adc,False,False,1,time.perf_counter,0.292999999147,0.0753999993321,24.8510000001,1169.1856,450.2629,0.0298919803492,33453.7888865,1200,2048,2457600,601088,500.906666667,recalibrated_compressed,0.01,calibration,test,20,15063,3104,11959,,0.254213392735,-1.32078802586,3098,0.998067010309,3095,0.997100515464,3104,1,3103,0.999677835052,5021,4829,3095,3104,0.997100515464,0.994498343429,0.998473801672,3089,3104,0.995167525773,0.992041721594,0.997069222683,3089,-0.00193298969072,-0.00354381443299,-0.000644329896907,1923,11959,0.160799397943,0.160799397943,0.154324689897,0.167491951415,1738,11959,0.14532987708,0.14532987708,0.139127242035,0.151760292569,1091,-0.0154695208629,-0.0219918053349,-0.00903085542269,probe,wilson_score,paired_nonparametric_bootstrap_percentile,2000,42,8322,0.55247958574,0.38359478564,,,1488,0.0987851025692,840,0.0557657837084,648,0.0430193188608,13131,0.871738697471,13310,0.883622120428,0,524288,faiss_centroids
rfw_custom,adaface-4df25b75e065b0b9ed43,20260810-R001-26ad700c,population-22612d85ff3e17a5ba538708,origin-embedding-8bd4eb2285935a9eacba54a5,pq,pq_512_m128_b8,40520,512,512,True,reconstruction,0.000186457764857,0.000209995906418,0.313560357253,0.333765579303,0.95115723846,0.944815429454,0,128,524288,faiss_centroids,524288,faiss_centroids,step4_search_space_multi_fpir_v4,validation_required,True,rfw-custom-identity-balanced-open-set-v1-60b0908dc11e16d8,pq_adc_exhaustive,cosine_similarity,negative_squared_l2_adc,False,False,1,time.perf_counter,0.164099999893,0.0602999989496,33.9822000005,1142.0753,932.3083,0.0618939321516,16156.6726372,1200,2048,2457600,677888,564.906666667,recalibrated_compressed,0.01,calibration,test,20,15063,3104,11959,,0.254213392735,-1.42390048504,3098,0.998067010309,3098,0.998067010309,3104,1,3104,1,5021,4832,3095,3104,0.997100515464,0.994498343429,0.998473801672,3093,3104,0.996456185567,0.993665067222,0.998020010939,3093,-0.000644329896907,-0.00161082474227,0,1923,11959,0.160799397943,0.160799397943,0.154324689897,0.167491951415,1738,11959,0.14532987708,0.14532987708,0.139127242035,0.151760292569,1404,-0.0154695208629,-0.0201521866377,-0.0108704741199,probe,wilson_score,paired_nonparametric_bootstrap_percentile,2000,42,10748,0.713536480117,0.567122414341,,,857,0.0568943769501,523,0.0347208391423,334,0.0221735378079,13131,0.871738697471,13314,0.883887671779,0,524288,faiss_centroids
rfw_custom,adaface-4df25b75e065b0b9ed43,20260810-R001-26ad700c,population-22612d85ff3e17a5ba538708,origin-embedding-8bd4eb2285935a9eacba54a5,pq,pq_512_m8_b8,40520,512,512,True,reconstruction,0.00163042853304,0.00173406660223,1.14887926049,1.2132515106,0.408675229784,0.349975375121,0,8,524288,faiss_centroids,524288,faiss_centroids,step4_search_space_multi_fpir_v4,validation_required,True,rfw-custom-identity-balanced-open-set-v1-60b0908dc11e16d8,pq_reconstruction_cosine,cosine_similarity,cosine_similarity,True,True,1,time.perf_counter,,,,1225.9083,1126.7818,0.074804607316,13368.1605436,1200,2048,2457600,533888,444.906666667,frozen_origin,0.01,calibration,test,20,15063,3104,11959,0.254213392735,0.254213392735,0.254213392735,3098,0.998067010309,1134,0.365335051546,3104,1,2070,0.666881443299,5021,7294,3095,3104,0.997100515464,0.994498343429,0.998473801672,1010,3104,0.325386597938,0.309129029082,0.342075829865,1010,-0.671713917526,-0.687822164948,-0.655605670103,1923,11959,0.160799397943,0.160799397943,0.154324689897,0.167491951415,5320,11959,0.444853248599,0.444853248599,0.435965749244,0.453776164954,902,0.284053850656,0.272932519441,0.295426038966,probe,wilson_score,paired_nonparametric_bootstrap_percentile,2000,42,1293,0.0858394742083,0.0387569463112,-0.0373860695497,0.105020356078,6567,0.435968930492,2147,0.142534687645,4420,0.293434242847,13131,0.871738697471,7649,0.507800570935,0,524288,faiss_centroids
rfw_custom,adaface-4df25b75e065b0b9ed43,20260810-R001-26ad700c,population-22612d85ff3e17a5ba538708,origin-embedding-8bd4eb2285935a9eacba54a5,pq,pq_512_m16_b8,40520,512,512,True,reconstruction,0.00142365780519,0.00152733102233,1.02079992437,1.07646782749,0.522003239874,0.474440644613,0,16,524288,faiss_centroids,524288,faiss_centroids,step4_search_space_multi_fpir_v4,validation_required,True,rfw-custom-identity-balanced-open-set-v1-60b0908dc11e16d8,pq_reconstruction_cosine,cosine_similarity,cosine_similarity,True,True,1,time.perf_counter,,,,1162.0787,1116.4355,0.0741177388303,13492.0467864,1200,2048,2457600,543488,452.906666667,frozen_origin,0.01,calibration,test,20,15063,3104,11959,0.254213392735,0.254213392735,0.254213392735,3098,0.998067010309,2116,0.681701030928,3104,1,2791,0.899162371134,5021,1528,3095,3104,0.997100515464,0.994498343429,0.998473801672,1331,3104,0.428801546392,0.411489685609,0.446289417393,1331,-0.568298969072,-0.585703930412,-0.551224226804,1923,11959,0.160799397943,0.160799397943,0.154324689897,0.167491951415,164,11959,0.0137135211974,0.0137135211974,0.0117797892009,0.0159595618524,39,-0.147085876746,-0.154193494439,-0.140145497115,probe,wilson_score,paired_nonparametric_bootstrap_percentile,2000,42,2445,0.162318263294,0.0591405117015,-0.096099479334,0.103455377155,3743,0.248489676691,3618,0.240191196973,125,0.00829847971852,13131,0.871738697471,13126,0.871406758282,0,524288,faiss_centroids
rfw_custom,adaface-4df25b75e065b0b9ed43,20260810-R001-26ad700c,population-22612d85ff3e17a5ba538708,origin-embedding-8bd4eb2285935a9eacba54a5,pq,pq_512_m32_b8,40520,512,512,True,reconstruction,0.0010840282096,0.00117513589788,0.839178099042,0.884383653173,0.667572900456,0.633766381216,0,32,524288,faiss_centroids,524288,faiss_centroids,step4_search_space_multi_fpir_v4,validation_required,True,rfw-custom-identity-balanced-open-set-v1-60b0908dc11e16d8,pq_reconstruction_cosine,cosine_similarity,cosine_similarity,True,True,1,time.perf_counter,,,,1140.0887,1622.4628,0.107711797119,9284.03412393,1200,2048,2457600,562688,468.906666667,frozen_origin,0.01,calibration,test,20,15063,3104,11959,0.254213392735,0.254213392735,0.254213392735,3098,0.998067010309,2947,0.949420103093,3104,1,3078,0.99162371134,5021,2225,3095,3104,0.997100515464,0.994498343429,0.998473801672,2207,3104,0.711018041237,0.694818526228,0.726695897,2207,-0.286082474227,-0.301546391753,-0.270940721649,1923,11959,0.160799397943,0.160799397943,0.154324689897,0.167491951415,18,11959,0.00150514257045,0.00150514257045,0.000952320540232,0.0023781138685,7,-0.159294255373,-0.16606739694,-0.152771970901,probe,wilson_score,paired_nonparametric_bootstrap_percentile,2000,42,3978,0.264090818562,0.117114866988,-0.104401706971,0.105685618554,2818,0.187080926774,2807,0.186350660559,11,0.000730266215229,13131,0.871738697471,14148,0.93925512846,0,524288,faiss_centroids
rfw_custom,adaface-4df25b75e065b0b9ed43,20260810-R001-26ad700c,population-22612d85ff3e17a5ba538708,origin-embedding-8bd4eb2285935a9eacba54a5,pq,pq_512_m64_b8,40520,512,512,True,reconstruction,0.000612252636355,0.000672481388299,0.593570746044,0.626408414028,0.828689231273,0.810138256245,0,64,524288,faiss_centroids,524288,faiss_centroids,step4_search_space_multi_fpir_v4,validation_required,True,rfw-custom-identity-balanced-open-set-v1-60b0908dc11e16d8,pq_reconstruction_cosine,cosine_similarity,cosine_similarity,True,True,1,time.perf_counter,,,,1169.1856,1159.7863,0.0769957047069,12987.7374823,1200,2048,2457600,601088,500.906666667,frozen_origin,0.01,calibration,test,20,15063,3104,11959,0.254213392735,0.254213392735,0.254213392735,3098,0.998067010309,3088,0.994845360825,3104,1,3103,0.999677835052,5021,3134,3095,3104,0.997100515464,0.994498343429,0.998473801672,3011,3104,0.970038659794,0.963435890123,0.97547944345,3011,-0.0270618556701,-0.0328608247423,-0.0215850515464,1923,11959,0.160799397943,0.160799397943,0.154324689897,0.167491951415,122,11959,0.0102015218664,0.0102015218664,0.00855126699848,0.0121663409105,114,-0.150597876077,-0.15720377958,-0.144407977256,probe,wilson_score,paired_nonparametric_bootstrap_percentile,2000,42,6529,0.433446192658,0.268852157267,-0.0700791282106,0.0714193171558,1903,0.126336055235,1895,0.125804952533,8,0.000531102701985,13131,0.871738697471,14848,0.985726614884,0,524288,faiss_centroids
rfw_custom,adaface-4df25b75e065b0b9ed43,20260810-R001-26ad700c,population-22612d85ff3e17a5ba538708,origin-embedding-8bd4eb2285935a9eacba54a5,pq,pq_512_m128_b8,40520,512,512,True,reconstruction,0.000186457764857,0.000209995906418,0.313560357253,0.333765579303,0.95115723846,0.944815429454,0,128,524288,faiss_centroids,524288,faiss_centroids,step4_search_space_multi_fpir_v4,validation_required,True,rfw-custom-identity-balanced-open-set-v1-60b0908dc11e16d8,pq_reconstruction_cosine,cosine_similarity,cosine_similarity,True,True,1,time.perf_counter,,,,1142.0753,1123.7231,0.0746015468367,13404.5477929,1200,2048,2457600,677888,564.906666667,frozen_origin,0.01,calibration,test,20,15063,3104,11959,0.254213392735,0.254213392735,0.254213392735,3098,0.998067010309,3095,0.997100515464,3104,1,3103,0.999677835052,5021,4044,3095,3104,0.997100515464,0.994498343429,0.998473801672,3088,3104,0.994845360825,0.991642819326,0.996824591481,3088,-0.00225515463918,-0.00386597938144,-0.000966494845361,1923,11959,0.160799397943,0.160799397943,0.154324689897,0.167491951415,952,11959,0.0796053181704,0.0796053181704,0.0748879075017,0.0845927196878,868,-0.0811940797726,-0.0864620787691,-0.075926080776,probe,wilson_score,paired_nonparametric_bootstrap_percentile,2000,42,10301,0.683861116643,0.537439603252,-0.0231006091523,0.0263357520923,1145,0.0760140742216,1061,0.0704374958508,84,0.00557657837084,13131,0.871738697471,14095,0.93573657306,0,524288,faiss_centroids
rfw_custom,adaface-4df25b75e065b0b9ed43,20260810-R001-26ad700c,population-22612d85ff3e17a5ba538708,origin-embedding-8bd4eb2285935a9eacba54a5,pq,pq_512_m8_b8,40520,512,512,True,reconstruction,0.00163042853304,0.00173406660223,1.14887926049,1.2132515106,0.408675229784,0.349975375121,0,8,524288,faiss_centroids,524288,faiss_centroids,step4_search_space_multi_fpir_v4,validation_required,True,rfw-custom-identity-balanced-open-set-v1-60b0908dc11e16d8,pq_reconstruction_cosine,cosine_similarity,cosine_similarity,True,True,1,time.perf_counter,,,,1225.9083,1126.7818,0.074804607316,13368.1605436,1200,2048,2457600,533888,444.906666667,recalibrated_compressed,0.01,calibration,test,20,15063,3104,11959,,0.254213392735,0.29284620285,3098,0.998067010309,1134,0.365335051546,3104,1,2070,0.666881443299,5021,3038,3095,3104,0.997100515464,0.994498343429,0.998473801672,825,3104,0.265786082474,0.25054200465,0.28160916224,825,-0.73131443299,-0.746134020619,-0.716172680412,1923,11959,0.160799397943,0.160799397943,0.154324689897,0.167491951415,1837,11959,0.153608161217,0.153608161217,0.147257077917,0.160181708384,320,-0.00719123672548,-0.0160548540848,0.00209047579229,probe,wilson_score,paired_nonparametric_bootstrap_percentile,2000,42,1293,0.0858394742083,0.0387569463112,-0.0373860695497,0.105020356078,5019,0.333200557658,3501,0.232423819956,1518,0.100776737702,13131,0.871738697471,10947,0.726747659829,0,524288,faiss_centroids
rfw_custom,adaface-4df25b75e065b0b9ed43,20260810-R001-26ad700c,population-22612d85ff3e17a5ba538708,origin-embedding-8bd4eb2285935a9eacba54a5,pq,pq_512_m16_b8,40520,512,512,True,reconstruction,0.00142365780519,0.00152733102233,1.02079992437,1.07646782749,0.522003239874,0.474440644613,0,16,524288,faiss_centroids,524288,faiss_centroids,step4_search_space_multi_fpir_v4,validation_required,True,rfw-custom-identity-balanced-open-set-v1-60b0908dc11e16d8,pq_reconstruction_cosine,cosine_similarity,cosine_similarity,True,True,1,time.perf_counter,,,,1162.0787,1116.4355,0.0741177388303,13492.0467864,1200,2048,2457600,543488,452.906666667,recalibrated_compressed,0.01,calibration,test,20,15063,3104,11959,,0.254213392735,0.211356520653,3098,0.998067010309,2116,0.681701030928,3104,1,2791,0.899162371134,5021,4010,3095,3104,0.997100515464,0.994498343429,0.998473801672,1818,3104,0.585695876289,0.568270964152,0.602908939022,1818,-0.411404639175,-0.428157216495,-0.394652061856,1923,11959,0.160799397943,0.160799397943,0.154324689897,0.167491951415,1975,11959,0.165147587591,0.165147587591,0.158600412406,0.171909815655,382,0.00434818964796,-0.00459904674304,0.0136319926415,probe,wilson_score,paired_nonparametric_bootstrap_percentile,2000,42,2445,0.162318263294,0.0591405117015,-0.096099479334,0.103455377155,4199,0.278762530704,2605,0.172940317334,1594,0.105822213371,13131,0.871738697471,11802,0.783509261103,0,524288,faiss_centroids
rfw_custom,adaface-4df25b75e065b0b9ed43,20260810-R001-26ad700c,population-22612d85ff3e17a5ba538708,origin-embedding-8bd4eb2285935a9eacba54a5,pq,pq_512_m32_b8,40520,512,512,True,reconstruction,0.0010840282096,0.00117513589788,0.839178099042,0.884383653173,0.667572900456,0.633766381216,0,32,524288,faiss_centroids,524288,faiss_centroids,step4_search_space_multi_fpir_v4,validation_required,True,rfw-custom-identity-balanced-open-set-v1-60b0908dc11e16d8,pq_reconstruction_cosine,cosine_similarity,cosine_similarity,True,True,1,time.perf_counter,,,,1140.0887,1622.4628,0.107711797119,9284.03412393,1200,2048,2457600,562688,468.906666667,recalibrated_compressed,0.01,calibration,test,20,15063,3104,11959,,0.254213392735,0.190549403429,3098,0.998067010309,2947,0.949420103093,3104,1,3078,0.99162371134,5021,4311,3095,3104,0.997100515464,0.994498343429,0.998473801672,2825,3104,0.910115979381,0.899540677828,0.919677430218,2825,-0.0869845360825,-0.0966494845361,-0.0773195876289,1923,11959,0.160799397943,0.160799397943,0.154324689897,0.167491951415,1443,11959,0.120662262731,0.120662262731,0.114945738557,0.126622409677,367,-0.040137135212,-0.0484990383811,-0.031773141567,probe,wilson_score,paired_nonparametric_bootstrap_percentile,2000,42,3978,0.264090818562,0.117114866988,-0.104401706971,0.105685618554,2862,0.190001991635,1786,0.118568678218,1076,0.071433313417,13131,0.871738697471,13341,0.885680143398,0,524288,faiss_centroids
rfw_custom,adaface-4df25b75e065b0b9ed43,20260810-R001-26ad700c,population-22612d85ff3e17a5ba538708,origin-embedding-8bd4eb2285935a9eacba54a5,pq,pq_512_m64_b8,40520,512,512,True,reconstruction,0.000612252636355,0.000672481388299,0.593570746044,0.626408414028,0.828689231273,0.810138256245,0,64,524288,faiss_centroids,524288,faiss_centroids,step4_search_space_multi_fpir_v4,validation_required,True,rfw-custom-identity-balanced-open-set-v1-60b0908dc11e16d8,pq_reconstruction_cosine,cosine_similarity,cosine_similarity,True,True,1,time.perf_counter,,,,1169.1856,1159.7863,0.0769957047069,12987.7374823,1200,2048,2457600,601088,500.906666667,recalibrated_compressed,0.01,calibration,test,20,15063,3104,11959,,0.254213392735,0.203883171082,3098,0.998067010309,3088,0.994845360825,3104,1,3103,0.999677835052,5021,4794,3095,3104,0.997100515464,0.994498343429,0.998473801672,3074,3104,0.990335051546,0.986236369336,0.993221572883,3074,-0.00676546391753,-0.00966494845361,-0.0041881443299,1923,11959,0.160799397943,0.160799397943,0.154324689897,0.167491951415,1715,11959,0.143406639351,0.143406639351,0.137239477887,0.149802816424,836,-0.0173927585919,-0.024667614349,-0.0101179028347,probe,wilson_score,paired_nonparametric_bootstrap_percentile,2000,42,6529,0.433446192658,0.268852157267,-0.0700791282106,0.0714193171558,1987,0.131912633606,1107,0.0734913363872,880,0.0584212972183,13131,0.871738697471,13318,0.88415322313,0,524288,faiss_centroids
rfw_custom,adaface-4df25b75e065b0b9ed43,20260810-R001-26ad700c,population-22612d85ff3e17a5ba538708,origin-embedding-8bd4eb2285935a9eacba54a5,pq,pq_512_m128_b8,40520,512,512,True,reconstruction,0.000186457764857,0.000209995906418,0.313560357253,0.333765579303,0.95115723846,0.944815429454,0,128,524288,faiss_centroids,524288,faiss_centroids,step4_search_space_multi_fpir_v4,validation_required,True,rfw-custom-identity-balanced-open-set-v1-60b0908dc11e16d8,pq_reconstruction_cosine,cosine_similarity,cosine_similarity,True,True,1,time.perf_counter,,,,1142.0753,1123.7231,0.0746015468367,13404.5477929,1200,2048,2457600,677888,564.906666667,recalibrated_compressed,0.01,calibration,test,20,15063,3104,11959,,0.254213392735,0.240286082029,3098,0.998067010309,3095,0.997100515464,3104,1,3103,0.999677835052,5021,4781,3095,3104,0.997100515464,0.994498343429,0.998473801672,3092,3104,0.996134020619,0.993254463095,0.997787081595,3092,-0.000966494845361,-0.00225515463918,0,1923,11959,0.160799397943,0.160799397943,0.154324689897,0.167491951415,1685,11959,0.1408980684,0.1408980684,0.134777755775,0.147249007719,1334,-0.0199013295426,-0.0248348524124,-0.0147984781336,probe,wilson_score,paired_nonparametric_bootstrap_percentile,2000,42,10301,0.683861116643,0.537439603252,-0.0231006091523,0.0263357520923,942,0.0625373431587,591,0.0392352121091,351,0.0233021310496,13131,0.871738697471,13366,0.887339839341,0,524288,faiss_centroids
rfw_custom,adaface-4df25b75e065b0b9ed43,20260810-R001-26ad700c,population-22612d85ff3e17a5ba538708,origin-embedding-8bd4eb2285935a9eacba54a5,pca,pca_32,40520,512,32,True,reconstruction,0.00159987342512,0.00174349578854,1.13487003628,1.23697222665,0.42138633085,0.327658410882,0,128,0,not_applicable,67584,pca_components_and_mean,step4_search_space_multi_fpir_v4,validation_required,True,rfw-custom-identity-balanced-open-set-v1-60b0908dc11e16d8,pca_direct_cosine,cosine_similarity,cosine_similarity,True,True,1,time.perf_counter,,,,1111.8118,1121.1338,0.0744296488083,13435.5060921,1200,2048,2457600,221184,184.32,frozen_origin,0.1,calibration,test,20,15063,3104,11959,0.199125424027,0.199125424027,0.199125424027,3098,0.998067010309,2338,0.753221649485,3104,1,2926,0.942654639175,11360,15063,3097,3104,0.997744845361,0.995352044384,0.998907167658,2338,3104,0.753221649485,0.737747712896,0.768069594978,2337,-0.244523195876,-0.259664948454,-0.229373389175,8258,11959,0.690525963709,0.690525963709,0.682180691471,0.698748874108,11959,11959,1,1,0.999678884082,1,8258,0.309474036291,0.301362990217,0.318256125094,probe,wilson_score,paired_nonparametric_bootstrap_percentile,2000,42,2733,0.181437960566,0.0903291821898,0.272466258316,0.277704087239,3703,0.245834163181,0,0,3703,0.245834163181,6798,0.451304521012,2338,0.155214764655,0,67584,pca_components_and_mean
rfw_custom,adaface-4df25b75e065b0b9ed43,20260810-R001-26ad700c,population-22612d85ff3e17a5ba538708,origin-embedding-8bd4eb2285935a9eacba54a5,pca,pca_64,40520,512,64,True,reconstruction,0.00132432571174,0.0015266583587,0.96931189187,1.08457881107,0.564486854534,0.467285119302,0,256,0,not_applicable,133120,pca_components_and_mean,step4_search_space_multi_fpir_v4,validation_required,True,rfw-custom-identity-balanced-open-set-v1-60b0908dc11e16d8,pca_direct_cosine,cosine_similarity,cosine_similarity,True,True,1,time.perf_counter,,,,1126.6222,1046.238,0.0694574785899,14397.2977468,1200,2048,2457600,440320,366.933333333,frozen_origin,0.1,calibration,test,20,15063,3104,11959,0.199125424027,0.199125424027,0.199125424027,3098,0.998067010309,2969,0.956507731959,3104,1,3085,0.993878865979,11360,15063,3097,3104,0.997744845361,0.995352044384,0.998907167658,2969,3104,0.956507731959,0.948750475337,0.963136452472,2969,-0.0412371134021,-0.0480025773196,-0.0344716494845,8258,11959,0.690525963709,0.690525963709,0.682180691471,0.698748874108,11959,11959,1,1,0.999678884082,1,8258,0.309474036291,0.301362990217,0.318256125094,probe,wilson_score,paired_nonparametric_bootstrap_percentile,2000,42,4040,0.268206864502,0.159674593223,0.153293542472,0.158935702251,3703,0.245834163181,0,0,3703,0.245834163181,6798,0.451304521012,2969,0.197105490274,0,133120,pca_components_and_mean
rfw_custom,adaface-4df25b75e065b0b9ed43,20260810-R001-26ad700c,population-22612d85ff3e17a5ba538708,origin-embedding-8bd4eb2285935a9eacba54a5,pca,pca_128,40520,512,128,True,reconstruction,0.000883943062876,0.00113180592259,0.737432532016,0.865207898688,0.738176732864,0.64848187096,0,512,0,not_applicable,264192,pca_components_and_mean,step4_search_space_multi_fpir_v4,validation_required,True,rfw-custom-identity-balanced-open-set-v1-60b0908dc11e16d8,pca_direct_cosine,cosine_similarity,cosine_similarity,True,True,1,time.perf_counter,,,,1194.922,1121.0039,0.0744210250282,13437.0629754,1200,2048,2457600,878592,732.16,frozen_origin,0.1,calibration,test,20,15063,3104,11959,0.199125424027,0.199125424027,0.199125424027,3098,0.998067010309,3081,0.992590206186,3104,1,3101,0.999033505155,11360,15063,3097,3104,0.997744845361,0.995352044384,0.998907167658,3081,3104,0.992590206186,0.988905341286,0.995057335227,3081,-0.00515463917526,-0.00773195876289,-0.00289948453608,8258,11959,0.690525963709,0.690525963709,0.682180691471,0.698748874108,11959,11959,1,1,0.999678884082,1,8258,0.309474036291,0.301362990217,0.318256125094,probe,wilson_score,paired_nonparametric_bootstrap_percentile,2000,42,6224,0.413197902144,0.300948510472,0.0686215616959,0.0720020925204,3703,0.245834163181,0,0,3703,0.245834163181,6798,0.451304521012,3081,0.204540928102,0,264192,pca_components_and_mean
rfw_custom,adaface-4df25b75e065b0b9ed43,20260810-R001-26ad700c,population-22612d85ff3e17a5ba538708,origin-embedding-8bd4eb2285935a9eacba54a5,pca,pca_256,40520,512,256,True,reconstruction,0.000277919177319,0.000427038803966,0.383571451502,0.486566272845,0.925867238459,0.883943654707,0,1024,0,not_applicable,526336,pca_components_and_mean,step4_search_space_multi_fpir_v4,validation_required,True,rfw-custom-identity-balanced-open-set-v1-60b0908dc11e16d8,pca_direct_cosine,cosine_similarity,cosine_similarity,True,True,1,time.perf_counter,,,,1198.8955,1102.7016,0.0732059749054,13660.0871895,1200,2048,2457600,1755136,1462.61333333,frozen_origin,0.1,calibration,test,20,15063,3104,11959,0.199125424027,0.199125424027,0.199125424027,3098,0.998067010309,3096,0.997422680412,3104,1,3103,0.999677835052,11360,13886,3097,3104,0.997744845361,0.995352044384,0.998907167658,3096,3104,0.997422680412,0.994922229478,0.998693449094,3095,-0.000322164948454,-0.00161082474227,0.000644329896907,8258,11959,0.690525963709,0.690525963709,0.682180691471,0.698748874108,10782,11959,0.901580399699,0.901580399699,0.896111945254,0.906790946426,8157,0.21105443599,0.20294129944,0.218749477381,probe,wilson_score,paired_nonparametric_bootstrap_percentile,2000,42,10833,0.719179446325,0.614139177974,0.0158587658594,0.0183114952429,2728,0.181106021377,101,0.00670517161256,2627,0.174400849764,6798,0.451304521012,4273,0.283675230698,0,526336,pca_components_and_mean
rfw_custom,adaface-4df25b75e065b0b9ed43,20260810-R001-26ad700c,population-22612d85ff3e17a5ba538708,origin-embedding-8bd4eb2285935a9eacba54a5,pca,pca_384,40520,512,384,True,reconstruction,2.66906624109e-07,4.3218553075e-07,0.0115350503226,0.0148745284714,0.99993170142,0.999889376241,0,1536,0,not_applicable,788480,pca_components_and_mean,step4_search_space_multi_fpir_v4,validation_required,True,rfw-custom-identity-balanced-open-set-v1-60b0908dc11e16d8,pca_direct_cosine,cosine_similarity,cosine_similarity,True,True,1,time.perf_counter,,,,1188.2214,1118.2083,0.0742354311889,13470.6565852,1200,2048,2457600,2631680,2193.06666667,frozen_origin,0.1,calibration,test,20,15063,3104,11959,0.199125424027,0.199125424027,0.199125424027,3098,0.998067010309,3098,0.998067010309,3104,1,3104,1,11360,11268,3097,3104,0.997744845361,0.995352044384,0.998907167658,3097,3104,0.997744845361,0.995352044384,0.998907167658,3097,0,0,0,8258,11959,0.690525963709,0.690525963709,0.682180691471,0.698748874108,8166,11959,0.682833012794,0.682833012794,0.674434746321,0.691113858085,8051,-0.00769295091563,-0.0106196170248,-0.00476628480642,probe,wilson_score,paired_nonparametric_bootstrap_percentile,2000,42,14621,0.970656575715,0.942371633218,-0.000518327350755,0.00180732059319,322,0.0213768837549,207,0.0137422824139,115,0.00763460134103,6798,0.451304521012,6890,0.457412202085,0,788480,pca_components_and_mean
rfw_custom,adaface-4df25b75e065b0b9ed43,20260810-R001-26ad700c,population-22612d85ff3e17a5ba538708,origin-embedding-8bd4eb2285935a9eacba54a5,pca,pca_32,40520,512,32,True,reconstruction,0.00159987342512,0.00174349578854,1.13487003628,1.23697222665,0.42138633085,0.327658410882,0,128,0,not_applicable,67584,pca_components_and_mean,step4_search_space_multi_fpir_v4,validation_required,True,rfw-custom-identity-balanced-open-set-v1-60b0908dc11e16d8,pca_direct_cosine,cosine_similarity,cosine_similarity,True,True,1,time.perf_counter,,,,1111.8118,1121.1338,0.0744296488083,13435.5060921,1200,2048,2457600,221184,184.32,recalibrated_compressed,0.1,calibration,test,20,15063,3104,11959,,0.199125424027,0.511733353138,3098,0.998067010309,2338,0.753221649485,3104,1,2926,0.942654639175,11360,12286,3097,3104,0.997744845361,0.995352044384,0.998907167658,2325,3104,0.749033505155,0.733479343229,0.763972029528,2324,-0.248711340206,-0.263853092784,-0.23324742268,8258,11959,0.690525963709,0.690525963709,0.682180691471,0.698748874108,9311,11959,0.778576804081,0.778576804081,0.771046463638,0.785928233631,6476,0.0880508403713,0.0765887616021,0.0984216907768,probe,wilson_score,paired_nonparametric_bootstrap_percentile,2000,42,2733,0.181437960566,0.0903291821898,0.272466258316,0.277704087239,4744,0.314943902277,1909,0.126734382261,2835,0.188209520016,6798,0.451304521012,4973,0.330146717121,0,67584,pca_components_and_mean
rfw_custom,adaface-4df25b75e065b0b9ed43,20260810-R001-26ad700c,population-22612d85ff3e17a5ba538708,origin-embedding-8bd4eb2285935a9eacba54a5,pca,pca_64,40520,512,64,True,reconstruction,0.00132432571174,0.0015266583587,0.96931189187,1.08457881107,0.564486854534,0.467285119302,0,256,0,not_applicable,133120,pca_components_and_mean,step4_search_space_multi_fpir_v4,validation_required,True,rfw-custom-identity-balanced-open-set-v1-60b0908dc11e16d8,pca_direct_cosine,cosine_similarity,cosine_similarity,True,True,1,time.perf_counter,,,,1126.6222,1046.238,0.0694574785899,14397.2977468,1200,2048,2457600,440320,366.933333333,recalibrated_compressed,0.1,calibration,test,20,15063,3104,11959,,0.199125424027,0.375364333391,3098,0.998067010309,2969,0.956507731959,3104,1,3085,0.993878865979,11360,12334,3097,3104,0.997744845361,0.995352044384,0.998907167658,2961,3104,0.953930412371,0.945977720783,0.960760939261,2961,-0.0438144329897,-0.0512242268041,-0.0370409149485,8258,11959,0.690525963709,0.690525963709,0.682180691471,0.698748874108,9250,11959,0.773476043147,0.773476043147,0.765886845354,0.780889605919,6513,0.0829500794381,0.0718287482231,0.0933230203194,probe,wilson_score,paired_nonparametric_bootstrap_percentile,2000,42,4040,0.268206864502,0.159674593223,0.153293542472,0.158935702251,4502,0.298878045542,1764,0.117108145788,2738,0.181769899754,6798,0.451304521012,5670,0.376419040032,0,133120,pca_components_and_mean
rfw_custom,adaface-4df25b75e065b0b9ed43,20260810-R001-26ad700c,population-22612d85ff3e17a5ba538708,origin-embedding-8bd4eb2285935a9eacba54a5,pca,pca_128,40520,512,128,True,reconstruction,0.000883943062876,0.00113180592259,0.737432532016,0.865207898688,0.738176732864,0.64848187096,0,512,0,not_applicable,264192,pca_components_and_mean,step4_search_space_multi_fpir_v4,validation_required,True,rfw-custom-identity-balanced-open-set-v1-60b0908dc11e16d8,pca_direct_cosine,cosine_similarity,cosine_similarity,True,True,1,time.perf_counter,,,,1194.922,1121.0039,0.0744210250282,13437.0629754,1200,2048,2457600,878592,732.16,recalibrated_compressed,0.1,calibration,test,20,15063,3104,11959,,0.199125424027,0.276153504848,3098,0.998067010309,3081,0.992590206186,3104,1,3101,0.999033505155,11360,12336,3097,3104,0.997744845361,0.995352044384,0.998907167658,3081,3104,0.992590206186,0.988905341286,0.995057335227,3081,-0.00515463917526,-0.00773195876289,-0.00289948453608,8258,11959,0.690525963709,0.690525963709,0.682180691471,0.698748874108,9232,11959,0.771970900577,0.771970900577,0.764364640287,0.779402492496,6844,0.0814449368676,0.0710740864621,0.0913976921147,probe,wilson_score,paired_nonparametric_bootstrap_percentile,2000,42,6224,0.413197902144,0.300948510472,0.0686215616959,0.0720020925204,3804,0.252539334794,1414,0.0938724025758,2390,0.158666932218,6798,0.451304521012,5808,0.385580561641,0,264192,pca_components_and_mean
rfw_custom,adaface-4df25b75e065b0b9ed43,20260810-R001-26ad700c,population-22612d85ff3e17a5ba538708,origin-embedding-8bd4eb2285935a9eacba54a5,pca,pca_256,40520,512,256,True,reconstruction,0.000277919177319,0.000427038803966,0.383571451502,0.486566272845,0.925867238459,0.883943654707,0,1024,0,not_applicable,526336,pca_components_and_mean,step4_search_space_multi_fpir_v4,validation_required,True,rfw-custom-identity-balanced-open-set-v1-60b0908dc11e16d8,pca_direct_cosine,cosine_similarity,cosine_similarity,True,True,1,time.perf_counter,,,,1198.8955,1102.7016,0.0732059749054,13660.0871895,1200,2048,2457600,1755136,1462.61333333,recalibrated_compressed,0.1,calibration,test,20,15063,3104,11959,,0.199125424027,0.214896053076,3098,0.998067010309,3096,0.997422680412,3104,1,3103,0.999677835052,11360,11765,3097,3104,0.997744845361,0.995352044384,0.998907167658,3095,3104,0.997100515464,0.994498343429,0.998473801672,3095,-0.000644329896907,-0.00161082474227,0,8258,11959,0.690525963709,0.690525963709,0.682180691471,0.698748874108,8662,11959,0.724308052513,0.724308052513,0.716228058308,0.732243988945,7466,0.0337820888034,0.0266723806338,0.041224182624,probe,wilson_score,paired_nonparametric_bootstrap_percentile,2000,42,10833,0.719179446325,0.614139177974,0.0158587658594,0.0183114952429,1989,0.132045409281,792,0.0525791674965,1197,0.0794662417845,6798,0.451304521012,6392,0.424351058886,0,526336,pca_components_and_mean
rfw_custom,adaface-4df25b75e065b0b9ed43,20260810-R001-26ad700c,population-22612d85ff3e17a5ba538708,origin-embedding-8bd4eb2285935a9eacba54a5,pca,pca_384,40520,512,384,True,reconstruction,2.66906624109e-07,4.3218553075e-07,0.0115350503226,0.0148745284714,0.99993170142,0.999889376241,0,1536,0,not_applicable,788480,pca_components_and_mean,step4_search_space_multi_fpir_v4,validation_required,True,rfw-custom-identity-balanced-open-set-v1-60b0908dc11e16d8,pca_direct_cosine,cosine_similarity,cosine_similarity,True,True,1,time.perf_counter,,,,1188.2214,1118.2083,0.0742354311889,13470.6565852,1200,2048,2457600,2631680,2193.06666667,recalibrated_compressed,0.1,calibration,test,20,15063,3104,11959,,0.199125424027,0.197807863355,3098,0.998067010309,3098,0.998067010309,3104,1,3104,1,11360,11471,3097,3104,0.997744845361,0.995352044384,0.998907167658,3097,3104,0.997744845361,0.995352044384,0.998907167658,3097,0,0,0,8258,11959,0.690525963709,0.690525963709,0.682180691471,0.698748874108,8369,11959,0.699807676227,0.699807676227,0.691529919307,0.707957110296,8158,0.00928171251777,0.00652228447195,0.012208378627,probe,wilson_score,paired_nonparametric_bootstrap_percentile,2000,42,14621,0.970656575715,0.942371633218,-0.000518327350755,0.00180732059319,311,0.0206466175397,100,0.00663878377481,211,0.0140078337649,6798,0.451304521012,6687,0.443935471022,0,788480,pca_components_and_mean
rfw_custom,adaface-4df25b75e065b0b9ed43,20260810-R001-26ad700c,population-22612d85ff3e17a5ba538708,origin-embedding-8bd4eb2285935a9eacba54a5,pca,pca_32,40520,512,32,True,reconstruction,0.00159987342512,0.00174349578854,1.13487003628,1.23697222665,0.42138633085,0.327658410882,0,128,0,not_applicable,67584,pca_components_and_mean,step4_search_space_multi_fpir_v4,validation_required,True,rfw-custom-identity-balanced-open-set-v1-60b0908dc11e16d8,pca_reconstruction_cosine,cosine_similarity,cosine_similarity,True,True,1,time.perf_counter,,,,1129.9986,1157.2197,0.0768253136826,13016.5430125,1200,2048,2457600,221184,184.32,frozen_origin,0.1,calibration,test,20,15063,3104,11959,0.199125424027,0.199125424027,0.199125424027,3098,0.998067010309,2343,0.754832474227,3104,1,2929,0.943621134021,11360,15063,3097,3104,0.997744845361,0.995352044384,0.998907167658,2343,3104,0.754832474227,0.73938990306,0.769645072167,2342,-0.242912371134,-0.25837628866,-0.227770618557,8258,11959,0.690525963709,0.690525963709,0.682180691471,0.698748874108,11959,11959,1,1,0.999678884082,1,8258,0.309474036291,0.301362990217,0.318256125094,probe,wilson_score,paired_nonparametric_bootstrap_percentile,2000,42,2734,0.181504348403,0.090199835289,0.275091430204,0.280048777499,3703,0.245834163181,0,0,3703,0.245834163181,6798,0.451304521012,2343,0.155546703844,0,67584,pca_components_and_mean
rfw_custom,adaface-4df25b75e065b0b9ed43,20260810-R001-26ad700c,population-22612d85ff3e17a5ba538708,origin-embedding-8bd4eb2285935a9eacba54a5,pca,pca_64,40520,512,64,True,reconstruction,0.00132432571174,0.0015266583587,0.96931189187,1.08457881107,0.564486854534,0.467285119302,0,256,0,not_applicable,133120,pca_components_and_mean,step4_search_space_multi_fpir_v4,validation_required,True,rfw-custom-identity-balanced-open-set-v1-60b0908dc11e16d8,pca_reconstruction_cosine,cosine_similarity,cosine_similarity,True,True,1,time.perf_counter,,,,1122.9187,1173.351,0.0778962358096,12837.5907976,1200,2048,2457600,440320,366.933333333,frozen_origin,0.1,calibration,test,20,15063,3104,11959,0.199125424027,0.199125424027,0.199125424027,3098,0.998067010309,2967,0.955863402062,3104,1,3085,0.993878865979,11360,15063,3097,3104,0.997744845361,0.995352044384,0.998907167658,2967,3104,0.955863402062,0.948056669927,0.96254319094,2967,-0.041881443299,-0.0489690721649,-0.0351159793814,8258,11959,0.690525963709,0.690525963709,0.682180691471,0.698748874108,11959,11959,1,1,0.999678884082,1,8258,0.309474036291,0.301362990217,0.318256125094,probe,wilson_score,paired_nonparametric_bootstrap_percentile,2000,42,4041,0.26827325234,0.159859132158,0.154976705779,0.160457302976,3703,0.245834163181,0,0,3703,0.245834163181,6798,0.451304521012,2967,0.196972714599,0,133120,pca_components_and_mean
rfw_custom,adaface-4df25b75e065b0b9ed43,20260810-R001-26ad700c,population-22612d85ff3e17a5ba538708,origin-embedding-8bd4eb2285935a9eacba54a5,pca,pca_128,40520,512,128,True,reconstruction,0.000883943062876,0.00113180592259,0.737432532016,0.865207898688,0.738176732864,0.64848187096,0,512,0,not_applicable,264192,pca_components_and_mean,step4_search_space_multi_fpir_v4,validation_required,True,rfw-custom-identity-balanced-open-set-v1-60b0908dc11e16d8,pca_reconstruction_cosine,cosine_similarity,cosine_similarity,True,True,1,time.perf_counter,,,,1136.4013,1156.1446,0.0767539401181,13028.6471087,1200,2048,2457600,878592,732.16,frozen_origin,0.1,calibration,test,20,15063,3104,11959,0.199125424027,0.199125424027,0.199125424027,3098,0.998067010309,3081,0.992590206186,3104,1,3101,0.999033505155,11360,15063,3097,3104,0.997744845361,0.995352044384,0.998907167658,3081,3104,0.992590206186,0.988905341286,0.995057335227,3081,-0.00515463917526,-0.00773195876289,-0.00289948453608,8258,11959,0.690525963709,0.690525963709,0.682180691471,0.698748874108,11959,11959,1,1,0.999678884082,1,8258,0.309474036291,0.301362990217,0.318256125094,probe,wilson_score,paired_nonparametric_bootstrap_percentile,2000,42,6217,0.41273318728,0.301318279789,0.0695938411592,0.072881047401,3703,0.245834163181,0,0,3703,0.245834163181,6798,0.451304521012,3081,0.204540928102,0,264192,pca_components_and_mean
rfw_custom,adaface-4df25b75e065b0b9ed43,20260810-R001-26ad700c,population-22612d85ff3e17a5ba538708,origin-embedding-8bd4eb2285935a9eacba54a5,pca,pca_256,40520,512,256,True,reconstruction,0.000277919177319,0.000427038803966,0.383571451502,0.486566272845,0.925867238459,0.883943654707,0,1024,0,not_applicable,526336,pca_components_and_mean,step4_search_space_multi_fpir_v4,validation_required,True,rfw-custom-identity-balanced-open-set-v1-60b0908dc11e16d8,pca_reconstruction_cosine,cosine_similarity,cosine_similarity,True,True,1,time.perf_counter,,,,1160.4711,1287.6073,0.0854814645156,11698.4425298,1200,2048,2457600,1755136,1462.61333333,frozen_origin,0.1,calibration,test,20,15063,3104,11959,0.199125424027,0.199125424027,0.199125424027,3098,0.998067010309,3096,0.997422680412,3104,1,3103,0.999677835052,11360,13981,3097,3104,0.997744845361,0.995352044384,0.998907167658,3096,3104,0.997422680412,0.994922229478,0.998693449094,3095,-0.000322164948454,-0.00161082474227,0.000644329896907,8258,11959,0.690525963709,0.690525963709,0.682180691471,0.698748874108,10877,11959,0.90952420771,0.90952420771,0.90425053438,0.914534871555,8172,0.218998244,0.211052345514,0.226942052011,probe,wilson_score,paired_nonparametric_bootstrap_percentile,2000,42,10866,0.721370244971,0.615924092522,0.0165047575777,0.0187692337076,2793,0.185421230831,86,0.00570935404634,2707,0.179711876784,6798,0.451304521012,4178,0.277368386112,0,526336,pca_components_and_mean
rfw_custom,adaface-4df25b75e065b0b9ed43,20260810-R001-26ad700c,population-22612d85ff3e17a5ba538708,origin-embedding-8bd4eb2285935a9eacba54a5,pca,pca_384,40520,512,384,True,reconstruction,2.66906624109e-07,4.3218553075e-07,0.0115350503226,0.0148745284714,0.99993170142,0.999889376241,0,1536,0,not_applicable,788480,pca_components_and_mean,step4_search_space_multi_fpir_v4,validation_required,True,rfw-custom-identity-balanced-open-set-v1-60b0908dc11e16d8,pca_reconstruction_cosine,cosine_similarity,cosine_similarity,True,True,1,time.perf_counter,,,,1120.0372,1125.4082,0.0747134169821,13384.4768502,1200,2048,2457600,2631680,2193.06666667,frozen_origin,0.1,calibration,test,20,15063,3104,11959,0.199125424027,0.199125424027,0.199125424027,3098,0.998067010309,3098,0.998067010309,3104,1,3104,1,11360,11361,3097,3104,0.997744845361,0.995352044384,0.998907167658,3097,3104,0.997744845361,0.995352044384,0.998907167658,3097,0,0,0,8258,11959,0.690525963709,0.690525963709,0.682180691471,0.698748874108,8259,11959,0.690609582741,0.690609582741,0.682264901167,0.698831848773,8256,8.36190316916e-05,-0.000250857095075,0.00050171419015,probe,wilson_score,paired_nonparametric_bootstrap_percentile,2000,42,15054,0.99940250946,0.998994698457,1.60146250649e-05,2.3879019307e-05,5,0.000331939188741,2,0.000132775675496,3,0.000199163513244,6798,0.451304521012,6797,0.451238133174,0,788480,pca_components_and_mean
rfw_custom,adaface-4df25b75e065b0b9ed43,20260810-R001-26ad700c,population-22612d85ff3e17a5ba538708,origin-embedding-8bd4eb2285935a9eacba54a5,pca,pca_32,40520,512,32,True,reconstruction,0.00159987342512,0.00174349578854,1.13487003628,1.23697222665,0.42138633085,0.327658410882,0,128,0,not_applicable,67584,pca_components_and_mean,step4_search_space_multi_fpir_v4,validation_required,True,rfw-custom-identity-balanced-open-set-v1-60b0908dc11e16d8,pca_reconstruction_cosine,cosine_similarity,cosine_similarity,True,True,1,time.perf_counter,,,,1129.9986,1157.2197,0.0768253136826,13016.5430125,1200,2048,2457600,221184,184.32,recalibrated_compressed,0.1,calibration,test,20,15063,3104,11959,,0.199125424027,0.515028893948,3098,0.998067010309,2343,0.754832474227,3104,1,2929,0.943621134021,11360,12249,3097,3104,0.997744845361,0.995352044384,0.998907167658,2330,3104,0.750644329897,0.735120798692,0.765548241418,2329,-0.247100515464,-0.262242268041,-0.231636597938,8258,11959,0.690525963709,0.690525963709,0.682180691471,0.698748874108,9272,11959,0.775315661845,0.775315661845,0.767747506144,0.782707001062,6453,0.0847896981353,0.073329709842,0.095662262731,probe,wilson_score,paired_nonparametric_bootstrap_percentile,2000,42,2734,0.181504348403,0.090199835289,0.275091430204,0.280048777499,4749,0.315275841466,1930,0.128128526854,2819,0.187147314612,6798,0.451304521012,5017,0.333067781982,0,67584,pca_components_and_mean
rfw_custom,adaface-4df25b75e065b0b9ed43,20260810-R001-26ad700c,population-22612d85ff3e17a5ba538708,origin-embedding-8bd4eb2285935a9eacba54a5,pca,pca_64,40520,512,64,True,reconstruction,0.00132432571174,0.0015266583587,0.96931189187,1.08457881107,0.564486854534,0.467285119302,0,256,0,not_applicable,133120,pca_components_and_mean,step4_search_space_multi_fpir_v4,validation_required,True,rfw-custom-identity-balanced-open-set-v1-60b0908dc11e16d8,pca_reconstruction_cosine,cosine_similarity,cosine_similarity,True,True,1,time.perf_counter,,,,1122.9187,1173.351,0.0778962358096,12837.5907976,1200,2048,2457600,440320,366.933333333,recalibrated_compressed,0.1,calibration,test,20,15063,3104,11959,,0.199125424027,0.377640247345,3098,0.998067010309,2967,0.955863402062,3104,1,3085,0.993878865979,11360,12269,3097,3104,0.997744845361,0.995352044384,0.998907167658,2960,3104,0.953608247423,0.945631578236,0.960463548338,2960,-0.0441365979381,-0.0512322809278,-0.0373711340206,8258,11959,0.690525963709,0.690525963709,0.682180691471,0.698748874108,9184,11959,0.767957187056,0.767957187056,0.760306095673,0.775436187802,6467,0.0774312233464,0.0663914206873,0.0883874069738,probe,wilson_score,paired_nonparametric_bootstrap_percentile,2000,42,4041,0.26827325234,0.159859132158,0.154976705779,0.160457302976,4527,0.300537741486,1809,0.120095598486,2718,0.180442142999,6798,0.451304521012,5735,0.380734249485,0,133120,pca_components_and_mean
rfw_custom,adaface-4df25b75e065b0b9ed43,20260810-R001-26ad700c,population-22612d85ff3e17a5ba538708,origin-embedding-8bd4eb2285935a9eacba54a5,pca,pca_128,40520,512,128,True,reconstruction,0.000883943062876,0.00113180592259,0.737432532016,0.865207898688,0.738176732864,0.64848187096,0,512,0,not_applicable,264192,pca_components_and_mean,step4_search_space_multi_fpir_v4,validation_required,True,rfw-custom-identity-balanced-open-set-v1-60b0908dc11e16d8,pca_reconstruction_cosine,cosine_similarity,cosine_similarity,True,True,1,time.perf_counter,,,,1136.4013,1156.1446,0.0767539401181,13028.6471087,1200,2048,2457600,878592,732.16,recalibrated_compressed,0.1,calibration,test,20,15063,3104,11959,,0.199125424027,0.2774772048,3098,0.998067010309,3081,0.992590206186,3104,1,3101,0.999033505155,11360,12325,3097,3104,0.997744845361,0.995352044384,0.998907167658,3081,3104,0.992590206186,0.988905341286,0.995057335227,3081,-0.00515463917526,-0.00773195876289,-0.00289948453608,8258,11959,0.690525963709,0.690525963709,0.682180691471,0.698748874108,9222,11959,0.77113471026,0.77113471026,0.763519030214,0.778576258963,6853,0.0806087465507,0.070490843716,0.0903942637344,probe,wilson_score,paired_nonparametric_bootstrap_percentile,2000,42,6217,0.41273318728,0.301318279789,0.0695938411592,0.072881047401,3777,0.250746863175,1406,0.0933412998739,2371,0.157405563301,6798,0.451304521012,5818,0.386244440019,0,264192,pca_components_and_mean
rfw_custom,adaface-4df25b75e065b0b9ed43,20260810-R001-26ad700c,population-22612d85ff3e17a5ba538708,origin-embedding-8bd4eb2285935a9eacba54a5,pca,pca_256,40520,512,256,True,reconstruction,0.000277919177319,0.000427038803966,0.383571451502,0.486566272845,0.925867238459,0.883943654707,0,1024,0,not_applicable,526336,pca_components_and_mean,step4_search_space_multi_fpir_v4,validation_required,True,rfw-custom-identity-balanced-open-set-v1-60b0908dc11e16d8,pca_reconstruction_cosine,cosine_similarity,cosine_similarity,True,True,1,time.perf_counter,,,,1160.4711,1287.6073,0.0854814645156,11698.4425298,1200,2048,2457600,1755136,1462.61333333,recalibrated_compressed,0.1,calibration,test,20,15063,3104,11959,,0.199125424027,0.215606912971,3098,0.998067010309,3096,0.997422680412,3104,1,3103,0.999677835052,11360,11770,3097,3104,0.997744845361,0.995352044384,0.998907167658,3095,3104,0.997100515464,0.994498343429,0.998473801672,3095,-0.000644329896907,-0.00161082474227,0,8258,11959,0.690525963709,0.690525963709,0.682180691471,0.698748874108,8667,11959,0.724726147671,0.724726147671,0.716649783012,0.732658186044,7488,0.0342001839619,0.026841709173,0.0414771301948,probe,wilson_score,paired_nonparametric_bootstrap_percentile,2000,42,10866,0.721370244971,0.615924092522,0.0165047575777,0.0187692337076,1950,0.129456283609,770,0.0511186350661,1180,0.0783376485428,6798,0.451304521012,6387,0.424019119697,0,526336,pca_components_and_mean
rfw_custom,adaface-4df25b75e065b0b9ed43,20260810-R001-26ad700c,population-22612d85ff3e17a5ba538708,origin-embedding-8bd4eb2285935a9eacba54a5,pca,pca_384,40520,512,384,True,reconstruction,2.66906624109e-07,4.3218553075e-07,0.0115350503226,0.0148745284714,0.99993170142,0.999889376241,0,1536,0,not_applicable,788480,pca_components_and_mean,step4_search_space_multi_fpir_v4,validation_required,True,rfw-custom-identity-balanced-open-set-v1-60b0908dc11e16d8,pca_reconstruction_cosine,cosine_similarity,cosine_similarity,True,True,1,time.perf_counter,,,,1120.0372,1125.4082,0.0747134169821,13384.4768502,1200,2048,2457600,2631680,2193.06666667,recalibrated_compressed,0.1,calibration,test,20,15063,3104,11959,,0.199125424027,0.199127957225,3098,0.998067010309,3098,0.998067010309,3104,1,3104,1,11360,11361,3097,3104,0.997744845361,0.995352044384,0.998907167658,3097,3104,0.997744845361,0.995352044384,0.998907167658,3097,0,0,0,8258,11959,0.690525963709,0.690525963709,0.682180691471,0.698748874108,8259,11959,0.690609582741,0.690609582741,0.682264901167,0.698831848773,8256,8.36190316916e-05,-0.000250857095075,0.00050171419015,probe,wilson_score,paired_nonparametric_bootstrap_percentile,2000,42,15054,0.99940250946,0.998994698457,1.60146250649e-05,2.3879019307e-05,5,0.000331939188741,2,0.000132775675496,3,0.000199163513244,6798,0.451304521012,6797,0.451238133174,0,788480,pca_components_and_mean
rfw_custom,adaface-4df25b75e065b0b9ed43,20260810-R001-26ad700c,population-22612d85ff3e17a5ba538708,origin-embedding-8bd4eb2285935a9eacba54a5,pq,pq_512_m8_b8,40520,512,512,True,reconstruction,0.00163042853304,0.00173406660223,1.14887926049,1.2132515106,0.408675229784,0.349975375121,0,8,524288,faiss_centroids,524288,faiss_centroids,step4_search_space_multi_fpir_v4,validation_required,True,rfw-custom-identity-balanced-open-set-v1-60b0908dc11e16d8,pq_adc_exhaustive,cosine_similarity,negative_squared_l2_adc,False,False,1,time.perf_counter,0.187300000107,0.0213000002987,4.71619999917,1225.9083,91.0437000002,0.0060441943836,165448.021115,1200,2048,2457600,533888,444.906666667,recalibrated_compressed,0.1,calibration,test,20,15063,3104,11959,,0.199125424027,-1.06384634972,3098,0.998067010309,2678,0.862757731959,3104,1,3041,0.979703608247,11360,12237,3097,3104,0.997744845361,0.995352044384,0.998907167658,2667,3104,0.859213917526,0.846534027329,0.871005792365,2667,-0.138530927835,-0.150459085052,-0.126932989691,8258,11959,0.690525963709,0.690525963709,0.682180691471,0.698748874108,9219,11959,0.770883853165,0.770883853165,0.763265355434,0.778328380662,6608,0.0803578894556,0.0695689438916,0.091314073083,probe,wilson_score,paired_nonparametric_bootstrap_percentile,2000,42,3337,0.221536214565,0.087059718623,,,4347,0.288587930691,1735,0.115182898493,2612,0.173405032198,6798,0.451304521012,5407,0.358959038704,0,524288,faiss_centroids
rfw_custom,adaface-4df25b75e065b0b9ed43,20260810-R001-26ad700c,population-22612d85ff3e17a5ba538708,origin-embedding-8bd4eb2285935a9eacba54a5,pq,pq_512_m16_b8,40520,512,512,True,reconstruction,0.00142365780519,0.00152733102233,1.02079992437,1.07646782749,0.522003239874,0.474440644613,0,16,524288,faiss_centroids,524288,faiss_centroids,step4_search_space_multi_fpir_v4,validation_required,True,rfw-custom-identity-balanced-open-set-v1-60b0908dc11e16d8,pq_adc_exhaustive,cosine_similarity,negative_squared_l2_adc,False,False,1,time.perf_counter,0.173500000528,0.0232000002143,10.6433000001,1162.0787,175.1945,0.0116307840403,85978.7265013,1200,2048,2457600,543488,452.906666667,recalibrated_compressed,0.1,calibration,test,20,15063,3104,11959,,0.199125424027,-1.13791680336,3098,0.998067010309,3007,0.96875,3104,1,3098,0.998067010309,11360,11810,3097,3104,0.997744845361,0.995352044384,0.998907167658,3004,3104,0.967783505155,0.960970499333,0.973440099946,3004,-0.0299613402062,-0.0360824742268,-0.0244764819588,8258,11959,0.690525963709,0.690525963709,0.682180691471,0.698748874108,8722,11959,0.729325194414,0.729325194414,0.721289337297,0.737213771591,6419,0.0387992307049,0.0281775232043,0.0492516096664,probe,wilson_score,paired_nonparametric_bootstrap_percentile,2000,42,4401,0.292172873929,0.142472433128,,,4158,0.276040629357,1854,0.123083051185,2304,0.152957578172,6798,0.451304521012,6241,0.414326495386,0,524288,faiss_centroids
rfw_custom,adaface-4df25b75e065b0b9ed43,20260810-R001-26ad700c,population-22612d85ff3e17a5ba538708,origin-embedding-8bd4eb2285935a9eacba54a5,pq,pq_512_m32_b8,40520,512,512,True,reconstruction,0.0010840282096,0.00117513589788,0.839178099042,0.884383653173,0.667572900456,0.633766381216,0,32,524288,faiss_centroids,524288,faiss_centroids,step4_search_space_multi_fpir_v4,validation_required,True,rfw-custom-identity-balanced-open-set-v1-60b0908dc11e16d8,pq_adc_exhaustive,cosine_similarity,negative_squared_l2_adc,False,False,1,time.perf_counter,0.217600001633,0.147500000821,21.2230000016,1140.0887,332.6044,0.0220808869415,45288.0358768,1200,2048,2457600,562688,468.906666667,recalibrated_compressed,0.1,calibration,test,20,15063,3104,11959,,0.199125424027,-1.25528693199,3098,0.998067010309,3088,0.994845360825,3104,1,3102,0.999355670103,11360,12073,3097,3104,0.997744845361,0.995352044384,0.998907167658,3088,3104,0.994845360825,0.991642819326,0.996824591481,3087,-0.00289948453608,-0.00515463917526,-0.000966494845361,8258,11959,0.690525963709,0.690525963709,0.682180691471,0.698748874108,8972,11959,0.750229952337,0.750229952337,0.74239210291,0.757907096123,6737,0.0597039886278,0.0491679906347,0.0693201772723,probe,wilson_score,paired_nonparametric_bootstrap_percentile,2000,42,6009,0.398924517028,0.241923106908,,,3761,0.249684657771,1524,0.101175064728,2237,0.148509593043,6798,0.451304521012,6075,0.40330611432,0,524288,faiss_centroids
rfw_custom,adaface-4df25b75e065b0b9ed43,20260810-R001-26ad700c,population-22612d85ff3e17a5ba538708,origin-embedding-8bd4eb2285935a9eacba54a5,pq,pq_512_m64_b8,40520,512,512,True,reconstruction,0.000612252636355,0.000672481388299,0.593570746044,0.626408414028,0.828689231273,0.810138256245,0,64,524288,faiss_centroids,524288,faiss_centroids,step4_search_space_multi_fpir_v4,validation_required,True,rfw-custom-identity-balanced-open-set-v1-60b0908dc11e16d8,pq_adc_exhaustive,cosine_similarity,negative_squared_l2_adc,False,False,1,time.perf_counter,0.292999999147,0.0753999993321,24.8510000001,1169.1856,450.2629,0.0298919803492,33453.7888865,1200,2048,2457600,601088,500.906666667,recalibrated_compressed,0.1,calibration,test,20,15063,3104,11959,,0.199125424027,-1.39904105663,3098,0.998067010309,3095,0.997100515464,3104,1,3103,0.999677835052,11360,11617,3097,3104,0.997744845361,0.995352044384,0.998907167658,3095,3104,0.997100515464,0.994498343429,0.998473801672,3095,-0.000644329896907,-0.00161082474227,0,8258,11959,0.690525963709,0.690525963709,0.682180691471,0.698748874108,8515,11959,0.712016054854,0.712016054854,0.703833221442,0.720062724806,6945,0.0214900911447,0.0128773308805,0.0304373275357,probe,wilson_score,paired_nonparametric_bootstrap_percentile,2000,42,8322,0.55247958574,0.38359478564,,,2885,0.191528911903,1314,0.087233618801,1571,0.104295293102,6798,0.451304521012,6539,0.434110071035,0,524288,faiss_centroids
rfw_custom,adaface-4df25b75e065b0b9ed43,20260810-R001-26ad700c,population-22612d85ff3e17a5ba538708,origin-embedding-8bd4eb2285935a9eacba54a5,pq,pq_512_m128_b8,40520,512,512,True,reconstruction,0.000186457764857,0.000209995906418,0.313560357253,0.333765579303,0.95115723846,0.944815429454,0,128,524288,faiss_centroids,524288,faiss_centroids,step4_search_space_multi_fpir_v4,validation_required,True,rfw-custom-identity-balanced-open-set-v1-60b0908dc11e16d8,pq_adc_exhaustive,cosine_similarity,negative_squared_l2_adc,False,False,1,time.perf_counter,0.164099999893,0.0602999989496,33.9822000005,1142.0753,932.3083,0.0618939321516,16156.6726372,1200,2048,2457600,677888,564.906666667,recalibrated_compressed,0.1,calibration,test,20,15063,3104,11959,,0.199125424027,-1.53018009663,3098,0.998067010309,3098,0.998067010309,3104,1,3104,1,11360,11710,3097,3104,0.997744845361,0.995352044384,0.998907167658,3097,3104,0.997744845361,0.995352044384,0.998907167658,3097,0,0,0,8258,11959,0.690525963709,0.690525963709,0.682180691471,0.698748874108,8608,11959,0.719792624801,0.719792624801,0.711673987929,0.727770103853,7499,0.0292666610921,0.0220754243666,0.0366272263567,probe,wilson_score,paired_nonparametric_bootstrap_percentile,2000,42,10748,0.713536480117,0.567122414341,,,1868,0.124012480913,759,0.0503883688508,1109,0.0736241120627,6798,0.451304521012,6448,0.4280687778,0,524288,faiss_centroids
rfw_custom,adaface-4df25b75e065b0b9ed43,20260810-R001-26ad700c,population-22612d85ff3e17a5ba538708,origin-embedding-8bd4eb2285935a9eacba54a5,pq,pq_512_m8_b8,40520,512,512,True,reconstruction,0.00163042853304,0.00173406660223,1.14887926049,1.2132515106,0.408675229784,0.349975375121,0,8,524288,faiss_centroids,524288,faiss_centroids,step4_search_space_multi_fpir_v4,validation_required,True,rfw-custom-identity-balanced-open-set-v1-60b0908dc11e16d8,pq_reconstruction_cosine,cosine_similarity,cosine_similarity,True,True,1,time.perf_counter,,,,1225.9083,1126.7818,0.074804607316,13368.1605436,1200,2048,2457600,533888,444.906666667,frozen_origin,0.1,calibration,test,20,15063,3104,11959,0.199125424027,0.199125424027,0.199125424027,3098,0.998067010309,1134,0.365335051546,3104,1,2070,0.666881443299,11360,14699,3097,3104,0.997744845361,0.995352044384,0.998907167658,1132,3104,0.364690721649,0.34793429028,0.381781652078,1132,-0.633054123711,-0.649484536082,-0.616615657216,8258,11959,0.690525963709,0.690525963709,0.682180691471,0.698748874108,11640,11959,0.97332552889,0.97332552889,0.970282132685,0.976064940372,8037,0.282799565181,0.274519190568,0.291495944477,probe,wilson_score,paired_nonparametric_bootstrap_percentile,2000,42,1293,0.0858394742083,0.0387569463112,-0.0373860695497,0.105020356078,3871,0.256987319923,266,0.017659164841,3605,0.239328155082,6798,0.451304521012,1451,0.0963287525725,0,524288,faiss_centroids
rfw_custom,adaface-4df25b75e065b0b9ed43,20260810-R001-26ad700c,population-22612d85ff3e17a5ba538708,origin-embedding-8bd4eb2285935a9eacba54a5,pq,pq_512_m16_b8,40520,512,512,True,reconstruction,0.00142365780519,0.00152733102233,1.02079992437,1.07646782749,0.522003239874,0.474440644613,0,16,524288,faiss_centroids,524288,faiss_centroids,step4_search_space_multi_fpir_v4,validation_required,True,rfw-custom-identity-balanced-open-set-v1-60b0908dc11e16d8,pq_reconstruction_cosine,cosine_similarity,cosine_similarity,True,True,1,time.perf_counter,,,,1162.0787,1116.4355,0.0741177388303,13492.0467864,1200,2048,2457600,543488,452.906666667,frozen_origin,0.1,calibration,test,20,15063,3104,11959,0.199125424027,0.199125424027,0.199125424027,3098,0.998067010309,2116,0.681701030928,3104,1,2791,0.899162371134,11360,5875,3097,3104,0.997744845361,0.995352044384,0.998907167658,1930,3104,0.621778350515,0.604577739754,0.638677912124,1930,-0.375966494845,-0.393041237113,-0.359528028351,8258,11959,0.690525963709,0.690525963709,0.682180691471,0.698748874108,3582,11959,0.299523371519,0.299523371519,0.291379386592,0.30779610892,2605,-0.39100259219,-0.402293251944,-0.379210218246,probe,wilson_score,paired_nonparametric_bootstrap_percentile,2000,42,2445,0.162318263294,0.0591405117015,-0.096099479334,0.103455377155,7441,0.493991900684,6463,0.429064595366,978,0.0649273053177,6798,0.451304521012,10307,0.68425944367,0,524288,faiss_centroids
rfw_custom,adaface-4df25b75e065b0b9ed43,20260810-R001-26ad700c,population-22612d85ff3e17a5ba538708,origin-embedding-8bd4eb2285935a9eacba54a5,pq,pq_512_m32_b8,40520,512,512,True,reconstruction,0.0010840282096,0.00117513589788,0.839178099042,0.884383653173,0.667572900456,0.633766381216,0,32,524288,faiss_centroids,524288,faiss_centroids,step4_search_space_multi_fpir_v4,validation_required,True,rfw-custom-identity-balanced-open-set-v1-60b0908dc11e16d8,pq_reconstruction_cosine,cosine_similarity,cosine_similarity,True,True,1,time.perf_counter,,,,1140.0887,1622.4628,0.107711797119,9284.03412393,1200,2048,2457600,562688,468.906666667,frozen_origin,0.1,calibration,test,20,15063,3104,11959,0.199125424027,0.199125424027,0.199125424027,3098,0.998067010309,2947,0.949420103093,3104,1,3078,0.99162371134,11360,3621,3097,3104,0.997744845361,0.995352044384,0.998907167658,2782,3104,0.896262886598,0.885041686951,0.90650448186,2782,-0.101481958763,-0.111791237113,-0.0914867912371,8258,11959,0.690525963709,0.690525963709,0.682180691471,0.698748874108,809,11959,0.0676477966385,0.0676477966385,0.0632841257281,0.0722891378986,640,-0.622878167071,-0.632327117652,-0.613761602141,probe,wilson_score,paired_nonparametric_bootstrap_percentile,2000,42,3978,0.264090818562,0.117114866988,-0.104401706971,0.105685618554,8077,0.536214565492,7908,0.524995020912,169,0.0112195445794,6798,0.451304521012,13932,0.924915355507,0,524288,faiss_centroids
rfw_custom,adaface-4df25b75e065b0b9ed43,20260810-R001-26ad700c,population-22612d85ff3e17a5ba538708,origin-embedding-8bd4eb2285935a9eacba54a5,pq,pq_512_m64_b8,40520,512,512,True,reconstruction,0.000612252636355,0.000672481388299,0.593570746044,0.626408414028,0.828689231273,0.810138256245,0,64,524288,faiss_centroids,524288,faiss_centroids,step4_search_space_multi_fpir_v4,validation_required,True,rfw-custom-identity-balanced-open-set-v1-60b0908dc11e16d8,pq_reconstruction_cosine,cosine_similarity,cosine_similarity,True,True,1,time.perf_counter,,,,1169.1856,1159.7863,0.0769957047069,12987.7374823,1200,2048,2457600,601088,500.906666667,frozen_origin,0.1,calibration,test,20,15063,3104,11959,0.199125424027,0.199125424027,0.199125424027,3098,0.998067010309,3088,0.994845360825,3104,1,3103,0.999677835052,11360,5268,3097,3104,0.997744845361,0.995352044384,0.998907167658,3076,3104,0.990979381443,0.986993497547,0.993751511613,3076,-0.00676546391753,-0.00966494845361,-0.0041881443299,8258,11959,0.690525963709,0.690525963709,0.682180691471,0.698748874108,2186,11959,0.182791203278,0.182791203278,0.175966433197,0.189819694947,2012,-0.507734760431,-0.517601806171,-0.497867714692,probe,wilson_score,paired_nonparametric_bootstrap_percentile,2000,42,6529,0.433446192658,0.268852157267,-0.0700791282106,0.0714193171558,6440,0.427537675098,6266,0.41598619133,174,0.0115514837682,6798,0.451304521012,12849,0.853017327226,0,524288,faiss_centroids
rfw_custom,adaface-4df25b75e065b0b9ed43,20260810-R001-26ad700c,population-22612d85ff3e17a5ba538708,origin-embedding-8bd4eb2285935a9eacba54a5,pq,pq_512_m128_b8,40520,512,512,True,reconstruction,0.000186457764857,0.000209995906418,0.313560357253,0.333765579303,0.95115723846,0.944815429454,0,128,524288,faiss_centroids,524288,faiss_centroids,step4_search_space_multi_fpir_v4,validation_required,True,rfw-custom-identity-balanced-open-set-v1-60b0908dc11e16d8,pq_reconstruction_cosine,cosine_similarity,cosine_similarity,True,True,1,time.perf_counter,,,,1142.0753,1123.7231,0.0746015468367,13404.5477929,1200,2048,2457600,677888,564.906666667,frozen_origin,0.1,calibration,test,20,15063,3104,11959,0.199125424027,0.199125424027,0.199125424027,3098,0.998067010309,3095,0.997100515464,3104,1,3103,0.999677835052,11360,9344,3097,3104,0.997744845361,0.995352044384,0.998907167658,3094,3104,0.996778350515,0.994079514816,0.998249096814,3094,-0.000966494845361,-0.00225515463918,0,8258,11959,0.690525963709,0.690525963709,0.682180691471,0.698748874108,6244,11959,0.522117233882,0.522117233882,0.513159045211,0.531061218162,5860,-0.168408729827,-0.176770632996,-0.160546450372,probe,wilson_score,paired_nonparametric_bootstrap_percentile,2000,42,10301,0.683861116643,0.537439603252,-0.0231006091523,0.0263357520923,2784,0.184823740291,2400,0.159330810595,384,0.0254929296953,6798,0.451304521012,8809,0.584810462723,0,524288,faiss_centroids
rfw_custom,adaface-4df25b75e065b0b9ed43,20260810-R001-26ad700c,population-22612d85ff3e17a5ba538708,origin-embedding-8bd4eb2285935a9eacba54a5,pq,pq_512_m8_b8,40520,512,512,True,reconstruction,0.00163042853304,0.00173406660223,1.14887926049,1.2132515106,0.408675229784,0.349975375121,0,8,524288,faiss_centroids,524288,faiss_centroids,step4_search_space_multi_fpir_v4,validation_required,True,rfw-custom-identity-balanced-open-set-v1-60b0908dc11e16d8,pq_reconstruction_cosine,cosine_similarity,cosine_similarity,True,True,1,time.perf_counter,,,,1225.9083,1126.7818,0.074804607316,13368.1605436,1200,2048,2457600,533888,444.906666667,recalibrated_compressed,0.1,calibration,test,20,15063,3104,11959,,0.199125424027,0.225999489427,3098,0.998067010309,1134,0.365335051546,3104,1,2070,0.666881443299,11360,11908,3097,3104,0.997744845361,0.995352044384,0.998907167658,1110,3104,0.357603092784,0.340927364675,0.37463084133,1110,-0.640141752577,-0.656572164948,-0.623711340206,8258,11959,0.690525963709,0.690525963709,0.682180691471,0.698748874108,9207,11959,0.769880424785,0.769880424785,0.762250694229,0.77733682954,6409,0.0793544610753,0.068316748892,0.0908102684171,probe,wilson_score,paired_nonparametric_bootstrap_percentile,2000,42,1293,0.0858394742083,0.0387569463112,-0.0373860695497,0.105020356078,5052,0.335391356304,2252,0.149505410609,2800,0.185885945695,6798,0.451304521012,3862,0.256389829383,0,524288,faiss_centroids
rfw_custom,adaface-4df25b75e065b0b9ed43,20260810-R001-26ad700c,population-22612d85ff3e17a5ba538708,origin-embedding-8bd4eb2285935a9eacba54a5,pq,pq_512_m16_b8,40520,512,512,True,reconstruction,0.00142365780519,0.00152733102233,1.02079992437,1.07646782749,0.522003239874,0.474440644613,0,16,524288,faiss_centroids,524288,faiss_centroids,step4_search_space_multi_fpir_v4,validation_required,True,rfw-custom-identity-balanced-open-set-v1-60b0908dc11e16d8,pq_reconstruction_cosine,cosine_similarity,cosine_similarity,True,True,1,time.perf_counter,,,,1162.0787,1116.4355,0.0741177388303,13492.0467864,1200,2048,2457600,543488,452.906666667,recalibrated_compressed,0.1,calibration,test,20,15063,3104,11959,,0.199125424027,0.170294240117,3098,0.998067010309,2116,0.681701030928,3104,1,2791,0.899162371134,11360,12431,3097,3104,0.997744845361,0.995352044384,0.998907167658,2086,3104,0.672036082474,0.655316593258,0.68833028003,2086,-0.325708762887,-0.341825064433,-0.309600515464,8258,11959,0.690525963709,0.690525963709,0.682180691471,0.698748874108,9513,11959,0.795467848482,0.795467848482,0.788144265104,0.802601673002,6678,0.104941884773,0.0941550296848,0.115647211305,probe,wilson_score,paired_nonparametric_bootstrap_percentile,2000,42,2445,0.162318263294,0.0591405117015,-0.096099479334,0.103455377155,4603,0.305583217155,1766,0.117240921463,2837,0.188342295691,6798,0.451304521012,4532,0.300869680675,0,524288,faiss_centroids
rfw_custom,adaface-4df25b75e065b0b9ed43,20260810-R001-26ad700c,population-22612d85ff3e17a5ba538708,origin-embedding-8bd4eb2285935a9eacba54a5,pq,pq_512_m32_b8,40520,512,512,True,reconstruction,0.0010840282096,0.00117513589788,0.839178099042,0.884383653173,0.667572900456,0.633766381216,0,32,524288,faiss_centroids,524288,faiss_centroids,step4_search_space_multi_fpir_v4,validation_required,True,rfw-custom-identity-balanced-open-set-v1-60b0908dc11e16d8,pq_reconstruction_cosine,cosine_similarity,cosine_similarity,True,True,1,time.perf_counter,,,,1140.0887,1622.4628,0.107711797119,9284.03412393,1200,2048,2457600,562688,468.906666667,recalibrated_compressed,0.1,calibration,test,20,15063,3104,11959,,0.199125424027,0.153071314096,3098,0.998067010309,2947,0.949420103093,3104,1,3078,0.99162371134,11360,12321,3097,3104,0.997744845361,0.995352044384,0.998907167658,2942,3104,0.947809278351,0.939416753075,0.955094771028,2942,-0.0499355670103,-0.0573453608247,-0.0425257731959,8258,11959,0.690525963709,0.690525963709,0.682180691471,0.698748874108,9242,11959,0.772807090894,0.772807090894,0.765210292751,0.780228683637,6601,0.0822811271845,0.0710740864621,0.0929028346852,probe,wilson_score,paired_nonparametric_bootstrap_percentile,2000,42,3978,0.264090818562,0.117114866988,-0.104401706971,0.105685618554,4323,0.286994622585,1681,0.111597955255,2642,0.175396667331,6798,0.451304521012,5659,0.375688773817,0,524288,faiss_centroids
rfw_custom,adaface-4df25b75e065b0b9ed43,20260810-R001-26ad700c,population-22612d85ff3e17a5ba538708,origin-embedding-8bd4eb2285935a9eacba54a5,pq,pq_512_m64_b8,40520,512,512,True,reconstruction,0.000612252636355,0.000672481388299,0.593570746044,0.626408414028,0.828689231273,0.810138256245,0,64,524288,faiss_centroids,524288,faiss_centroids,step4_search_space_multi_fpir_v4,validation_required,True,rfw-custom-identity-balanced-open-set-v1-60b0908dc11e16d8,pq_reconstruction_cosine,cosine_similarity,cosine_similarity,True,True,1,time.perf_counter,,,,1169.1856,1159.7863,0.0769957047069,12987.7374823,1200,2048,2457600,601088,500.906666667,recalibrated_compressed,0.1,calibration,test,20,15063,3104,11959,,0.199125424027,0.163803160191,3098,0.998067010309,3088,0.994845360825,3104,1,3103,0.999677835052,11360,12092,3097,3104,0.997744845361,0.995352044384,0.998907167658,3088,3104,0.994845360825,0.991642819326,0.996824591481,3088,-0.00289948453608,-0.0048324742268,-0.00128865979381,8258,11959,0.690525963709,0.690525963709,0.682180691471,0.698748874108,8989,11959,0.751651475876,0.751651475876,0.743827945391,0.759313387771,6877,0.0611255121666,0.051509323522,0.0708253198428,probe,wilson_score,paired_nonparametric_bootstrap_percentile,2000,42,6529,0.433446192658,0.268852157267,-0.0700791282106,0.0714193171558,3494,0.231959105092,1381,0.0916816039302,2113,0.140277501162,6798,0.451304521012,6058,0.402177521078,0,524288,faiss_centroids
rfw_custom,adaface-4df25b75e065b0b9ed43,20260810-R001-26ad700c,population-22612d85ff3e17a5ba538708,origin-embedding-8bd4eb2285935a9eacba54a5,pq,pq_512_m128_b8,40520,512,512,True,reconstruction,0.000186457764857,0.000209995906418,0.313560357253,0.333765579303,0.95115723846,0.944815429454,0,128,524288,faiss_centroids,524288,faiss_centroids,step4_search_space_multi_fpir_v4,validation_required,True,rfw-custom-identity-balanced-open-set-v1-60b0908dc11e16d8,pq_reconstruction_cosine,cosine_similarity,cosine_similarity,True,True,1,time.perf_counter,,,,1142.0753,1123.7231,0.0746015468367,13404.5477929,1200,2048,2457600,677888,564.906666667,recalibrated_compressed,0.1,calibration,test,20,15063,3104,11959,,0.199125424027,0.185683965683,3098,0.998067010309,3095,0.997100515464,3104,1,3103,0.999677835052,11360,11733,3097,3104,0.997744845361,0.995352044384,0.998907167658,3094,3104,0.996778350515,0.994079514816,0.998249096814,3094,-0.000966494845361,-0.00225515463918,0,8258,11959,0.690525963709,0.690525963709,0.682180691471,0.698748874108,8631,11959,0.72171586253,0.72171586253,0.713613560466,0.72967577161,7376,0.031189898821,0.0237457145246,0.0392194163392,probe,wilson_score,paired_nonparametric_bootstrap_percentile,2000,42,10301,0.683861116643,0.537439603252,-0.0231006091523,0.0263357520923,2137,0.141870809268,882,0.0585540728938,1255,0.0833167363739,6798,0.451304521012,6422,0.426342694018,0,524288,faiss_centroids
