case_id,extraction_uid,dataset_id,sample_id,model_uid,compression_family,compression_profile,search_mode,target_fpir,is_mated,threshold_policy,top1_score_drift,agreement_with_origin,threshold_crossing,origin_fallback_used,saliency_target_eligible,heatmap_available,angular_error_rad,retrieval_metrics_available,case_group,case_priority_rank,selection_seed,cases_per_group
gradcam-807c1f4719d884e08bf3,population-2a9bc5280db4a65672a1bbcb,survface,survface:registered_probe:2973_cam3_1,adaface-4df25b75e065b0b9ed43,pca,pca_128,pca_direct_cosine,0.01,True,frozen_origin,0.3085187971591949,True,False,False,True,True,0.961337869359424,True,high_error,1,8972,8
gradcam-76157acd11433e76e200,population-2a9bc5280db4a65672a1bbcb,survface,survface:registered_probe:4072_cam2_1,adaface-4df25b75e065b0b9ed43,pca,pca_128,pca_direct_cosine,0.01,True,frozen_origin,0.1594800949096679,True,False,False,True,True,0.9020439018833109,True,high_error,2,8972,8
gradcam-d05962b5cc799397a033,population-2a9bc5280db4a65672a1bbcb,survface,survface:registered_probe:2742_cam2_1,adaface-4df25b75e065b0b9ed43,pca,pca_128,pca_direct_cosine,0.01,True,frozen_origin,0.1976784169673919,True,False,False,True,True,0.8794972743321096,True,high_error,3,8972,8
gradcam-93b087efd30982c07455,population-2a9bc5280db4a65672a1bbcb,survface,survface:unknown_unknown_probe:distractors_2510,adaface-4df25b75e065b0b9ed43,pca,pca_128,pca_direct_cosine,0.01,False,frozen_origin,0.2729271054267883,True,False,False,True,True,0.8644421869702986,True,high_error,4,8972,8
gradcam-21a0c4da5f991f3df9b6,population-2a9bc5280db4a65672a1bbcb,survface,survface:unknown_unknown_probe:distractors_1458,adaface-4df25b75e065b0b9ed43,pca,pca_128,pca_direct_cosine,0.01,False,frozen_origin,0.285164475440979,True,False,False,True,True,0.8609926621649538,True,high_error,5,8972,8
gradcam-1328739a9164855e594c,population-2a9bc5280db4a65672a1bbcb,survface,survface:unknown_unknown_probe:distractors_3567,adaface-4df25b75e065b0b9ed43,pca,pca_128,pca_direct_cosine,0.01,False,frozen_origin,0.1938499808311462,True,False,False,True,True,0.8345179744348544,True,high_error,6,8972,8
gradcam-8e7a1808c0f51eaefc3a,population-2a9bc5280db4a65672a1bbcb,survface,survface:unknown_unknown_probe:distractors_1459,adaface-4df25b75e065b0b9ed43,pca,pca_128,pca_direct_cosine,0.01,False,frozen_origin,0.2392809391021728,True,False,False,True,True,0.8213784957201693,True,high_error,7,8972,8
gradcam-596f2dcb9aedd3319df1,population-2a9bc5280db4a65672a1bbcb,survface,survface:unknown_unknown_probe:distractors_12181,adaface-4df25b75e065b0b9ed43,pca,pca_128,pca_direct_cosine,0.01,False,frozen_origin,0.2347311377525329,True,False,False,True,True,0.820580033417503,True,high_error,8,8972,8
gradcam-403a9e60f0df27a3ce08,population-2a9bc5280db4a65672a1bbcb,survface,survface:unknown_unknown_probe:distractors_3188,adaface-4df25b75e065b0b9ed43,pca,pca_128,pca_direct_cosine,0.01,False,frozen_origin,0.1519117951393127,False,False,False,True,True,0.8903197457572789,True,rank_flip,1,8972,8
gradcam-b6d535c871c78cb4441d,population-2a9bc5280db4a65672a1bbcb,survface,survface:unknown_unknown_probe:distractors_4412,adaface-4df25b75e065b0b9ed43,pca,pca_128,pca_direct_cosine,0.01,False,frozen_origin,0.1987964212894439,False,False,False,True,True,0.8758801398982771,True,rank_flip,2,8972,8
gradcam-e410216013f53fc6997e,population-2a9bc5280db4a65672a1bbcb,survface,survface:unknown_unknown_probe:distractors_4672,adaface-4df25b75e065b0b9ed43,pca,pca_128,pca_direct_cosine,0.01,False,frozen_origin,0.0547271966934204,False,False,False,True,True,0.8589718969845928,True,rank_flip,3,8972,8
gradcam-f704ec2af0cd29b572fd,population-2a9bc5280db4a65672a1bbcb,survface,survface:unknown_unknown_probe:447_cam2_1,adaface-4df25b75e065b0b9ed43,pca,pca_128,pca_direct_cosine,0.01,False,frozen_origin,0.2783835828304291,False,False,False,True,True,0.8581440405322085,True,rank_flip,4,8972,8
gradcam-d20ba5bf85dc5d4908a5,population-2a9bc5280db4a65672a1bbcb,survface,survface:unknown_unknown_probe:distractors_21592,adaface-4df25b75e065b0b9ed43,pca,pca_128,pca_direct_cosine,0.01,False,frozen_origin,0.176188975572586,False,False,False,True,True,0.8535199792065605,True,rank_flip,5,8972,8
gradcam-0631b84a0c69c54b2bae,population-2a9bc5280db4a65672a1bbcb,survface,survface:unknown_unknown_probe:distractors_2185,adaface-4df25b75e065b0b9ed43,pca,pca_128,pca_direct_cosine,0.01,False,frozen_origin,0.296954333782196,False,False,False,True,True,0.8493841068205957,True,rank_flip,6,8972,8
gradcam-bd055a0f63e92eeff553,population-2a9bc5280db4a65672a1bbcb,survface,survface:unknown_unknown_probe:distractors_2648,adaface-4df25b75e065b0b9ed43,pca,pca_128,pca_direct_cosine,0.01,False,frozen_origin,0.2486895322799682,False,False,False,True,True,0.8474790416514083,True,rank_flip,7,8972,8
gradcam-f8cc2583fda11bc3857d,population-2a9bc5280db4a65672a1bbcb,survface,survface:unknown_unknown_probe:distractors_2345,adaface-4df25b75e065b0b9ed43,pca,pca_128,pca_direct_cosine,0.01,False,frozen_origin,0.1624809801578521,False,False,False,True,True,0.845565700370191,True,rank_flip,8,8972,8
gradcam-eadb63c3bc3dba648c8a,population-2a9bc5280db4a65672a1bbcb,survface,survface:unknown_unknown_probe:5834_cam1_112,adaface-4df25b75e065b0b9ed43,pca,pca_128,pca_direct_cosine,0.01,False,frozen_origin,-0.2130228877067566,True,False,False,True,True,0.149888867091415,True,stable,1,8972,8
gradcam-35fddb904c7f6a8fafda,population-2a9bc5280db4a65672a1bbcb,survface,survface:registered_probe:6331_cam5_2,adaface-4df25b75e065b0b9ed43,pca,pca_128,pca_direct_cosine,0.01,True,frozen_origin,-0.2133992314338684,True,False,False,True,True,0.1585397252285864,True,stable,2,8972,8
gradcam-821bd1f36469a2c69e3e,population-2a9bc5280db4a65672a1bbcb,survface,survface:registered_probe:5688_cam1_58,adaface-4df25b75e065b0b9ed43,pca,pca_128,pca_direct_cosine,0.01,True,frozen_origin,-0.2129244208335876,True,False,False,True,True,0.1605321247958441,True,stable,3,8972,8
gradcam-747104f29af97883602b,population-2a9bc5280db4a65672a1bbcb,survface,survface:unknown_unknown_probe:5737_cam2_115,adaface-4df25b75e065b0b9ed43,pca,pca_128,pca_direct_cosine,0.01,False,frozen_origin,-0.215375006198883,True,False,False,True,True,0.1607673241818184,True,stable,4,8972,8
gradcam-65c29c0c8ce45de2df51,population-2a9bc5280db4a65672a1bbcb,survface,survface:unknown_unknown_probe:5691_cam2_53,adaface-4df25b75e065b0b9ed43,pca,pca_128,pca_direct_cosine,0.01,False,frozen_origin,-0.1855580806732177,True,False,False,True,True,0.1620781524111264,True,stable,5,8972,8
gradcam-6c1e8b03ee35f126c0bf,population-2a9bc5280db4a65672a1bbcb,survface,survface:unknown_unknown_probe:5748_cam1_111,adaface-4df25b75e065b0b9ed43,pca,pca_128,pca_direct_cosine,0.01,False,frozen_origin,-0.1566256284713745,True,False,False,True,True,0.1623902518810958,True,stable,6,8972,8
gradcam-206198ebe10751f649ac,population-2a9bc5280db4a65672a1bbcb,survface,survface:registered_probe:5821_cam1_58,adaface-4df25b75e065b0b9ed43,pca,pca_128,pca_direct_cosine,0.01,True,frozen_origin,-0.1833181977272033,True,False,False,True,True,0.1630489083233359,True,stable,7,8972,8
gradcam-990f8d009c4ee873c62d,population-2a9bc5280db4a65672a1bbcb,survface,survface:unknown_unknown_probe:5748_cam1_160,adaface-4df25b75e065b0b9ed43,pca,pca_128,pca_direct_cosine,0.01,False,frozen_origin,-0.1489290595054626,True,False,False,True,True,0.1633733260931081,True,stable,8,8972,8
gradcam-c831d93117e964783977,population-2a9bc5280db4a65672a1bbcb,survface,survface:registered_probe:262_cam1_1,adaface-4df25b75e065b0b9ed43,pca,pca_128,pca_direct_cosine,0.01,True,frozen_origin,0.1604545712471008,True,True,False,True,True,0.5778111399263353,True,threshold_crossing,1,8972,8
gradcam-e407a37be1045bc5f453,population-2a9bc5280db4a65672a1bbcb,survface,survface:unknown_unknown_probe:1346_cam1_1,adaface-4df25b75e065b0b9ed43,pca,pca_128,pca_direct_cosine,0.01,False,frozen_origin,0.0706254839897155,True,True,False,True,True,0.5775172152784145,True,threshold_crossing,2,8972,8
gradcam-c5c22782b1017ab4bef0,population-2a9bc5280db4a65672a1bbcb,survface,survface:registered_probe:5227_16,adaface-4df25b75e065b0b9ed43,pca,pca_128,pca_direct_cosine,0.01,True,frozen_origin,0.0294622778892517,True,True,False,True,True,0.522926417366395,True,threshold_crossing,3,8972,8
gradcam-581d57d40e2fbd01990b,population-2a9bc5280db4a65672a1bbcb,survface,survface:registered_probe:5061_cam2_4,adaface-4df25b75e065b0b9ed43,pca,pca_128,pca_direct_cosine,0.01,True,frozen_origin,0.0390616655349731,True,True,False,True,True,0.4990404994615235,True,threshold_crossing,4,8972,8
gradcam-35a54efe46a0a5e41698,population-2a9bc5280db4a65672a1bbcb,survface,survface:unknown_unknown_probe:distractors_4002,adaface-4df25b75e065b0b9ed43,pca,pca_128,pca_direct_cosine,0.01,False,frozen_origin,0.0364506244659423,True,True,False,True,True,0.396035832957503,True,threshold_crossing,5,8972,8
gradcam-8c0c204ac3af3794b22b,population-2a9bc5280db4a65672a1bbcb,survface,survface:unknown_unknown_probe:362_cam1_1,adaface-4df25b75e065b0b9ed43,pca,pca_128,pca_direct_cosine,0.01,False,frozen_origin,-0.0622473359107971,True,True,False,True,True,0.393671073198013,True,threshold_crossing,6,8972,8
gradcam-05ece834bd204804d2e7,population-2a9bc5280db4a65672a1bbcb,survface,survface:registered_probe:2022_cam2_1,adaface-4df25b75e065b0b9ed43,pca,pca_128,pca_direct_cosine,0.01,True,frozen_origin,0.026344895362854,True,True,False,True,True,0.3864245740519338,True,threshold_crossing,7,8972,8
gradcam-ef10557951bcdefd982f,population-2a9bc5280db4a65672a1bbcb,survface,survface:registered_probe:1377_cam4_1,adaface-4df25b75e065b0b9ed43,pca,pca_128,pca_direct_cosine,0.01,True,frozen_origin,0.0350185632705688,True,True,False,True,True,0.3848958302677636,True,threshold_crossing,8,8972,8
gradcam-f9924038a629f6ff72e6,population-2a9bc5280db4a65672a1bbcb,survface,survface:registered_probe:2973_cam3_1,adaface-4df25b75e065b0b9ed43,pca,pca_128,pca_direct_cosine,0.05,True,frozen_origin,0.3085187971591949,True,False,False,True,True,0.961337869359424,True,high_error,1,8972,8
gradcam-5e2e2450cc37bdf3a83b,population-2a9bc5280db4a65672a1bbcb,survface,survface:registered_probe:4072_cam2_1,adaface-4df25b75e065b0b9ed43,pca,pca_128,pca_direct_cosine,0.05,True,frozen_origin,0.1594800949096679,True,False,False,True,True,0.9020439018833109,True,high_error,2,8972,8
gradcam-f7143a85ca6106ecb771,population-2a9bc5280db4a65672a1bbcb,survface,survface:registered_probe:2742_cam2_1,adaface-4df25b75e065b0b9ed43,pca,pca_128,pca_direct_cosine,0.05,True,frozen_origin,0.1976784169673919,True,False,False,True,True,0.8794972743321096,True,high_error,3,8972,8
gradcam-ec07ea1028e811b8b115,population-2a9bc5280db4a65672a1bbcb,survface,survface:unknown_unknown_probe:distractors_2510,adaface-4df25b75e065b0b9ed43,pca,pca_128,pca_direct_cosine,0.05,False,frozen_origin,0.2729271054267883,True,False,False,True,True,0.8644421869702986,True,high_error,4,8972,8
gradcam-d560e5cb8ec0f9f2798a,population-2a9bc5280db4a65672a1bbcb,survface,survface:unknown_unknown_probe:distractors_1458,adaface-4df25b75e065b0b9ed43,pca,pca_128,pca_direct_cosine,0.05,False,frozen_origin,0.285164475440979,True,False,False,True,True,0.8609926621649538,True,high_error,5,8972,8
gradcam-d536aaa5f0a27c5c2968,population-2a9bc5280db4a65672a1bbcb,survface,survface:unknown_unknown_probe:distractors_3567,adaface-4df25b75e065b0b9ed43,pca,pca_128,pca_direct_cosine,0.05,False,frozen_origin,0.1938499808311462,True,False,False,True,True,0.8345179744348544,True,high_error,6,8972,8
gradcam-62f1a1957208edb165e1,population-2a9bc5280db4a65672a1bbcb,survface,survface:unknown_unknown_probe:distractors_1459,adaface-4df25b75e065b0b9ed43,pca,pca_128,pca_direct_cosine,0.05,False,frozen_origin,0.2392809391021728,True,False,False,True,True,0.8213784957201693,True,high_error,7,8972,8
gradcam-2636ce387c5083d4ede1,population-2a9bc5280db4a65672a1bbcb,survface,survface:unknown_unknown_probe:distractors_12181,adaface-4df25b75e065b0b9ed43,pca,pca_128,pca_direct_cosine,0.05,False,frozen_origin,0.2347311377525329,True,False,False,True,True,0.820580033417503,True,high_error,8,8972,8
gradcam-e0b7002f4441a6d35b13,population-2a9bc5280db4a65672a1bbcb,survface,survface:unknown_unknown_probe:distractors_3188,adaface-4df25b75e065b0b9ed43,pca,pca_128,pca_direct_cosine,0.05,False,frozen_origin,0.1519117951393127,False,False,False,True,True,0.8903197457572789,True,rank_flip,1,8972,8
gradcam-bec1dfc3cbf7d5f96f42,population-2a9bc5280db4a65672a1bbcb,survface,survface:unknown_unknown_probe:distractors_4412,adaface-4df25b75e065b0b9ed43,pca,pca_128,pca_direct_cosine,0.05,False,frozen_origin,0.1987964212894439,False,False,False,True,True,0.8758801398982771,True,rank_flip,2,8972,8
gradcam-e0206f05a54a7dbe5265,population-2a9bc5280db4a65672a1bbcb,survface,survface:unknown_unknown_probe:distractors_4672,adaface-4df25b75e065b0b9ed43,pca,pca_128,pca_direct_cosine,0.05,False,frozen_origin,0.0547271966934204,False,False,False,True,True,0.8589718969845928,True,rank_flip,3,8972,8
gradcam-c4f9785d83036806f449,population-2a9bc5280db4a65672a1bbcb,survface,survface:unknown_unknown_probe:447_cam2_1,adaface-4df25b75e065b0b9ed43,pca,pca_128,pca_direct_cosine,0.05,False,frozen_origin,0.2783835828304291,False,False,False,True,True,0.8581440405322085,True,rank_flip,4,8972,8
gradcam-c7a50776598808ffe826,population-2a9bc5280db4a65672a1bbcb,survface,survface:unknown_unknown_probe:distractors_21592,adaface-4df25b75e065b0b9ed43,pca,pca_128,pca_direct_cosine,0.05,False,frozen_origin,0.176188975572586,False,False,False,True,True,0.8535199792065605,True,rank_flip,5,8972,8
gradcam-3a3a3b89413e131d3751,population-2a9bc5280db4a65672a1bbcb,survface,survface:unknown_unknown_probe:distractors_2185,adaface-4df25b75e065b0b9ed43,pca,pca_128,pca_direct_cosine,0.05,False,frozen_origin,0.296954333782196,False,False,False,True,True,0.8493841068205957,True,rank_flip,6,8972,8
gradcam-219a013dfad2495fb079,population-2a9bc5280db4a65672a1bbcb,survface,survface:unknown_unknown_probe:distractors_2648,adaface-4df25b75e065b0b9ed43,pca,pca_128,pca_direct_cosine,0.05,False,frozen_origin,0.2486895322799682,False,False,False,True,True,0.8474790416514083,True,rank_flip,7,8972,8
gradcam-2baad382f9f23de8718f,population-2a9bc5280db4a65672a1bbcb,survface,survface:unknown_unknown_probe:distractors_2345,adaface-4df25b75e065b0b9ed43,pca,pca_128,pca_direct_cosine,0.05,False,frozen_origin,0.1624809801578521,False,False,False,True,True,0.845565700370191,True,rank_flip,8,8972,8
gradcam-925b434a6a3db3efdaff,population-2a9bc5280db4a65672a1bbcb,survface,survface:registered_probe:6331_cam5_2,adaface-4df25b75e065b0b9ed43,pca,pca_128,pca_direct_cosine,0.05,True,frozen_origin,-0.2133992314338684,True,False,False,True,True,0.1585397252285864,True,stable,1,8972,8
gradcam-8b95108f11dbfa18d25a,population-2a9bc5280db4a65672a1bbcb,survface,survface:unknown_unknown_probe:5737_cam2_115,adaface-4df25b75e065b0b9ed43,pca,pca_128,pca_direct_cosine,0.05,False,frozen_origin,-0.215375006198883,True,False,False,True,True,0.1607673241818184,True,stable,2,8972,8
gradcam-a4d64b8b5c58056a9607,population-2a9bc5280db4a65672a1bbcb,survface,survface:registered_probe:5647_cam1_47,adaface-4df25b75e065b0b9ed43,pca,pca_128,pca_direct_cosine,0.05,True,frozen_origin,-0.1014553308486938,True,False,False,True,True,0.1620262173294972,True,stable,3,8972,8
gradcam-74794d6ceffb647ea3c9,population-2a9bc5280db4a65672a1bbcb,survface,survface:unknown_unknown_probe:5748_cam1_111,adaface-4df25b75e065b0b9ed43,pca,pca_128,pca_direct_cosine,0.05,False,frozen_origin,-0.1566256284713745,True,False,False,True,True,0.1623902518810958,True,stable,4,8972,8
gradcam-187759a166a77bfb003b,population-2a9bc5280db4a65672a1bbcb,survface,survface:unknown_unknown_probe:5748_cam1_160,adaface-4df25b75e065b0b9ed43,pca,pca_128,pca_direct_cosine,0.05,False,frozen_origin,-0.1489290595054626,True,False,False,True,True,0.1633733260931081,True,stable,5,8972,8
gradcam-dd21a314c78e966fbbc8,population-2a9bc5280db4a65672a1bbcb,survface,survface:unknown_unknown_probe:5748_cam1_115,adaface-4df25b75e065b0b9ed43,pca,pca_128,pca_direct_cosine,0.05,False,frozen_origin,-0.1651360988616943,True,False,False,True,True,0.168180667985392,True,stable,6,8972,8
gradcam-7fae8a22c1ae617e3d5b,population-2a9bc5280db4a65672a1bbcb,survface,survface:unknown_unknown_probe:5825_cam1_79,adaface-4df25b75e065b0b9ed43,pca,pca_128,pca_direct_cosine,0.05,False,frozen_origin,-0.2281296849250793,True,False,False,True,True,0.168404513275059,True,stable,7,8972,8
gradcam-b90d1f1feda0bf6a3035,population-2a9bc5280db4a65672a1bbcb,survface,survface:unknown_unknown_probe:5783_cam1_100,adaface-4df25b75e065b0b9ed43,pca,pca_128,pca_direct_cosine,0.05,False,frozen_origin,-0.2185000777244568,True,False,False,True,True,0.1693156590620627,True,stable,8,8972,8
gradcam-309a3700d1183c9d96b5,population-2a9bc5280db4a65672a1bbcb,survface,survface:registered_probe:844_cam2_1,adaface-4df25b75e065b0b9ed43,pca,pca_128,pca_direct_cosine,0.05,True,frozen_origin,0.1757537126541137,True,True,False,True,True,0.7246043621312218,True,threshold_crossing,1,8972,8
gradcam-c59772a298c0c36078e5,population-2a9bc5280db4a65672a1bbcb,survface,survface:registered_probe:5244_23,adaface-4df25b75e065b0b9ed43,pca,pca_128,pca_direct_cosine,0.05,True,frozen_origin,0.0738858580589294,True,True,False,True,True,0.6418398339672353,True,threshold_crossing,2,8972,8
gradcam-fd79f119fe45579ed194,population-2a9bc5280db4a65672a1bbcb,survface,survface:registered_probe:262_cam1_1,adaface-4df25b75e065b0b9ed43,pca,pca_128,pca_direct_cosine,0.05,True,frozen_origin,0.1604545712471008,True,True,False,True,True,0.5778111399263353,True,threshold_crossing,3,8972,8
gradcam-5e4786d4c55c38216931,population-2a9bc5280db4a65672a1bbcb,survface,survface:unknown_unknown_probe:1346_cam1_1,adaface-4df25b75e065b0b9ed43,pca,pca_128,pca_direct_cosine,0.05,False,frozen_origin,0.0706254839897155,True,True,False,True,True,0.5775172152784145,True,threshold_crossing,4,8972,8
gradcam-9f0a0f4904dc348f494b,population-2a9bc5280db4a65672a1bbcb,survface,survface:registered_probe:5225_16,adaface-4df25b75e065b0b9ed43,pca,pca_128,pca_direct_cosine,0.05,True,frozen_origin,0.0557517409324646,True,True,False,True,True,0.5140155385439652,True,threshold_crossing,5,8972,8
gradcam-752e71abc8d85f0b92f1,population-2a9bc5280db4a65672a1bbcb,survface,survface:registered_probe:5578_cam2_148,adaface-4df25b75e065b0b9ed43,pca,pca_128,pca_direct_cosine,0.05,True,frozen_origin,0.0274540781974792,True,True,False,True,True,0.4416664363764357,True,threshold_crossing,6,8972,8
gradcam-205b4bea738e51437a1a,population-2a9bc5280db4a65672a1bbcb,survface,survface:registered_probe:8739_cam1_97,adaface-4df25b75e065b0b9ed43,pca,pca_128,pca_direct_cosine,0.05,True,frozen_origin,0.0819754004478454,True,True,False,True,True,0.4224529056310411,True,threshold_crossing,7,8972,8
gradcam-bdb3fca9247cfaf6982b,population-2a9bc5280db4a65672a1bbcb,survface,survface:registered_probe:5800_cam1_120,adaface-4df25b75e065b0b9ed43,pca,pca_128,pca_direct_cosine,0.05,True,frozen_origin,-0.0367718338966369,True,True,False,True,True,0.4115932206452032,True,threshold_crossing,8,8972,8
gradcam-c367be0a7db93ba0c639,population-2a9bc5280db4a65672a1bbcb,survface,survface:registered_probe:2973_cam3_1,adaface-4df25b75e065b0b9ed43,pca,pca_128,pca_direct_cosine,0.1,True,frozen_origin,0.3085187971591949,True,False,False,True,True,0.961337869359424,True,high_error,1,8972,8
gradcam-2f45180703c505cab405,population-2a9bc5280db4a65672a1bbcb,survface,survface:registered_probe:4072_cam2_1,adaface-4df25b75e065b0b9ed43,pca,pca_128,pca_direct_cosine,0.1,True,frozen_origin,0.1594800949096679,True,False,False,True,True,0.9020439018833109,True,high_error,2,8972,8
gradcam-e5e84f6584ce65154983,population-2a9bc5280db4a65672a1bbcb,survface,survface:registered_probe:2742_cam2_1,adaface-4df25b75e065b0b9ed43,pca,pca_128,pca_direct_cosine,0.1,True,frozen_origin,0.1976784169673919,True,False,False,True,True,0.8794972743321096,True,high_error,3,8972,8
gradcam-ec0b011050e279ec23c4,population-2a9bc5280db4a65672a1bbcb,survface,survface:unknown_unknown_probe:distractors_2510,adaface-4df25b75e065b0b9ed43,pca,pca_128,pca_direct_cosine,0.1,False,frozen_origin,0.2729271054267883,True,False,False,True,True,0.8644421869702986,True,high_error,4,8972,8
gradcam-e50826479b44f61b476f,population-2a9bc5280db4a65672a1bbcb,survface,survface:unknown_unknown_probe:distractors_1458,adaface-4df25b75e065b0b9ed43,pca,pca_128,pca_direct_cosine,0.1,False,frozen_origin,0.285164475440979,True,False,False,True,True,0.8609926621649538,True,high_error,5,8972,8
gradcam-23b67a9753b46bcb7f0d,population-2a9bc5280db4a65672a1bbcb,survface,survface:unknown_unknown_probe:distractors_3567,adaface-4df25b75e065b0b9ed43,pca,pca_128,pca_direct_cosine,0.1,False,frozen_origin,0.1938499808311462,True,False,False,True,True,0.8345179744348544,True,high_error,6,8972,8
gradcam-83f94a14cbb0cff16e82,population-2a9bc5280db4a65672a1bbcb,survface,survface:unknown_unknown_probe:distractors_1459,adaface-4df25b75e065b0b9ed43,pca,pca_128,pca_direct_cosine,0.1,False,frozen_origin,0.2392809391021728,True,False,False,True,True,0.8213784957201693,True,high_error,7,8972,8
gradcam-6821451e57e67fd0847b,population-2a9bc5280db4a65672a1bbcb,survface,survface:unknown_unknown_probe:distractors_12181,adaface-4df25b75e065b0b9ed43,pca,pca_128,pca_direct_cosine,0.1,False,frozen_origin,0.2347311377525329,True,False,False,True,True,0.820580033417503,True,high_error,8,8972,8
gradcam-00978c76efb206050611,population-2a9bc5280db4a65672a1bbcb,survface,survface:unknown_unknown_probe:distractors_3188,adaface-4df25b75e065b0b9ed43,pca,pca_128,pca_direct_cosine,0.1,False,frozen_origin,0.1519117951393127,False,False,False,True,True,0.8903197457572789,True,rank_flip,1,8972,8
gradcam-77db6e2aa52c9239183e,population-2a9bc5280db4a65672a1bbcb,survface,survface:unknown_unknown_probe:distractors_4412,adaface-4df25b75e065b0b9ed43,pca,pca_128,pca_direct_cosine,0.1,False,frozen_origin,0.1987964212894439,False,False,False,True,True,0.8758801398982771,True,rank_flip,2,8972,8
gradcam-9fe9300b4a327c1c6e04,population-2a9bc5280db4a65672a1bbcb,survface,survface:unknown_unknown_probe:distractors_4672,adaface-4df25b75e065b0b9ed43,pca,pca_128,pca_direct_cosine,0.1,False,frozen_origin,0.0547271966934204,False,False,False,True,True,0.8589718969845928,True,rank_flip,3,8972,8
gradcam-f887a214cc8766ad5f04,population-2a9bc5280db4a65672a1bbcb,survface,survface:unknown_unknown_probe:447_cam2_1,adaface-4df25b75e065b0b9ed43,pca,pca_128,pca_direct_cosine,0.1,False,frozen_origin,0.2783835828304291,False,False,False,True,True,0.8581440405322085,True,rank_flip,4,8972,8
gradcam-c3ec9db646c1c00f9b69,population-2a9bc5280db4a65672a1bbcb,survface,survface:unknown_unknown_probe:distractors_21592,adaface-4df25b75e065b0b9ed43,pca,pca_128,pca_direct_cosine,0.1,False,frozen_origin,0.176188975572586,False,False,False,True,True,0.8535199792065605,True,rank_flip,5,8972,8
gradcam-060e1545b8c5019042a4,population-2a9bc5280db4a65672a1bbcb,survface,survface:unknown_unknown_probe:distractors_2185,adaface-4df25b75e065b0b9ed43,pca,pca_128,pca_direct_cosine,0.1,False,frozen_origin,0.296954333782196,False,False,False,True,True,0.8493841068205957,True,rank_flip,6,8972,8
gradcam-fbb8147a9fb9a09ca185,population-2a9bc5280db4a65672a1bbcb,survface,survface:unknown_unknown_probe:distractors_2648,adaface-4df25b75e065b0b9ed43,pca,pca_128,pca_direct_cosine,0.1,False,frozen_origin,0.2486895322799682,False,False,False,True,True,0.8474790416514083,True,rank_flip,7,8972,8
gradcam-b1c5301f6070c9772c66,population-2a9bc5280db4a65672a1bbcb,survface,survface:unknown_unknown_probe:distractors_2345,adaface-4df25b75e065b0b9ed43,pca,pca_128,pca_direct_cosine,0.1,False,frozen_origin,0.1624809801578521,False,False,False,True,True,0.845565700370191,True,rank_flip,8,8972,8
gradcam-cafc5a06174c8dd6003e,population-2a9bc5280db4a65672a1bbcb,survface,survface:registered_probe:6331_cam5_2,adaface-4df25b75e065b0b9ed43,pca,pca_128,pca_direct_cosine,0.1,True,frozen_origin,-0.2133992314338684,True,False,False,True,True,0.1585397252285864,True,stable,1,8972,8
gradcam-69c563f81d26ddc9fdfe,population-2a9bc5280db4a65672a1bbcb,survface,survface:registered_probe:5647_cam1_47,adaface-4df25b75e065b0b9ed43,pca,pca_128,pca_direct_cosine,0.1,True,frozen_origin,-0.1014553308486938,True,False,False,True,True,0.1620262173294972,True,stable,2,8972,8
gradcam-a6dd2fff277b9d06f9e6,population-2a9bc5280db4a65672a1bbcb,survface,survface:unknown_unknown_probe:5748_cam1_111,adaface-4df25b75e065b0b9ed43,pca,pca_128,pca_direct_cosine,0.1,False,frozen_origin,-0.1566256284713745,True,False,False,True,True,0.1623902518810958,True,stable,3,8972,8
gradcam-7e47899242d0ec9f1fcd,population-2a9bc5280db4a65672a1bbcb,survface,survface:unknown_unknown_probe:10454_cam2_38,adaface-4df25b75e065b0b9ed43,pca,pca_128,pca_direct_cosine,0.1,False,frozen_origin,-0.0973678827285766,True,False,False,True,True,0.1653407088306299,True,stable,4,8972,8
gradcam-46b73bd56a1700e335f0,population-2a9bc5280db4a65672a1bbcb,survface,survface:unknown_unknown_probe:5783_cam1_3,adaface-4df25b75e065b0b9ed43,pca,pca_128,pca_direct_cosine,0.1,False,frozen_origin,-0.1342434287071228,True,False,False,True,True,0.1690742222558348,True,stable,5,8972,8
gradcam-cb0de42be87e2550e08b,population-2a9bc5280db4a65672a1bbcb,survface,survface:unknown_unknown_probe:5748_cam1_161,adaface-4df25b75e065b0b9ed43,pca,pca_128,pca_direct_cosine,0.1,False,frozen_origin,-0.1713468432426452,True,False,False,True,True,0.1726694804477641,True,stable,6,8972,8
gradcam-065c35f3258c1057a51e,population-2a9bc5280db4a65672a1bbcb,survface,survface:registered_probe:5622_cam1_99,adaface-4df25b75e065b0b9ed43,pca,pca_128,pca_direct_cosine,0.1,True,frozen_origin,-0.167528748512268,True,False,False,True,True,0.1747508602462339,True,stable,7,8972,8
gradcam-608c901e0e21fb12910b,population-2a9bc5280db4a65672a1bbcb,survface,survface:unknown_unknown_probe:distractors_28461,adaface-4df25b75e065b0b9ed43,pca,pca_128,pca_direct_cosine,0.1,False,frozen_origin,-0.0992987751960754,True,False,False,True,True,0.1753623434834942,True,stable,8,8972,8
gradcam-5f36e2d9676d1a70e5af,population-2a9bc5280db4a65672a1bbcb,survface,survface:registered_probe:844_cam2_1,adaface-4df25b75e065b0b9ed43,pca,pca_128,pca_direct_cosine,0.1,True,frozen_origin,0.1757537126541137,True,True,False,True,True,0.7246043621312218,True,threshold_crossing,1,8972,8
gradcam-e1a8a17fc21b25dc8e54,population-2a9bc5280db4a65672a1bbcb,survface,survface:registered_probe:5244_18,adaface-4df25b75e065b0b9ed43,pca,pca_128,pca_direct_cosine,0.1,True,frozen_origin,0.0930418968200683,True,True,False,True,True,0.7189505229807355,True,threshold_crossing,2,8972,8
gradcam-f7f60ab60571ef3262ed,population-2a9bc5280db4a65672a1bbcb,survface,survface:registered_probe:5227_19,adaface-4df25b75e065b0b9ed43,pca,pca_128,pca_direct_cosine,0.1,True,frozen_origin,0.070088505744934,True,True,False,True,True,0.6743694448051369,True,threshold_crossing,3,8972,8
gradcam-1ab6605635e38d974175,population-2a9bc5280db4a65672a1bbcb,survface,survface:registered_probe:5244_23,adaface-4df25b75e065b0b9ed43,pca,pca_128,pca_direct_cosine,0.1,True,frozen_origin,0.0738858580589294,True,True,False,True,True,0.6418398339672353,True,threshold_crossing,4,8972,8
gradcam-41c8a3d1e7ecd9ffe2c4,population-2a9bc5280db4a65672a1bbcb,survface,survface:registered_probe:5255_22,adaface-4df25b75e065b0b9ed43,pca,pca_128,pca_direct_cosine,0.1,True,frozen_origin,0.0914131999015808,True,True,False,True,True,0.6244771692523944,True,threshold_crossing,5,8972,8
gradcam-922f797bedc0229dc10d,population-2a9bc5280db4a65672a1bbcb,survface,survface:registered_probe:5241_26,adaface-4df25b75e065b0b9ed43,pca,pca_128,pca_direct_cosine,0.1,True,frozen_origin,0.0369569659233093,True,True,False,True,True,0.6011702733917451,True,threshold_crossing,6,8972,8
gradcam-0d56efe6e1ed889a9913,population-2a9bc5280db4a65672a1bbcb,survface,survface:registered_probe:262_cam1_1,adaface-4df25b75e065b0b9ed43,pca,pca_128,pca_direct_cosine,0.1,True,frozen_origin,0.1604545712471008,True,True,False,True,True,0.5778111399263353,True,threshold_crossing,7,8972,8
gradcam-443ab8f6ed3210fc3b71,population-2a9bc5280db4a65672a1bbcb,survface,survface:registered_probe:5227_14,adaface-4df25b75e065b0b9ed43,pca,pca_128,pca_direct_cosine,0.1,True,frozen_origin,0.0548607110977172,True,True,False,True,True,0.5635823945401992,True,threshold_crossing,8,8972,8
gradcam-a8b4c48595d959d1ec28,population-2a9bc5280db4a65672a1bbcb,survface,survface:registered_probe:2973_cam3_1,adaface-4df25b75e065b0b9ed43,pca,pca_128,pca_direct_cosine,0.2,True,frozen_origin,0.3085187971591949,True,False,False,True,True,0.961337869359424,True,high_error,1,8972,8
gradcam-a2b4b0aba8701c16efef,population-2a9bc5280db4a65672a1bbcb,survface,survface:registered_probe:4072_cam2_1,adaface-4df25b75e065b0b9ed43,pca,pca_128,pca_direct_cosine,0.2,True,frozen_origin,0.1594800949096679,True,False,False,True,True,0.9020439018833109,True,high_error,2,8972,8
gradcam-f0a074a945ae4b415a2f,population-2a9bc5280db4a65672a1bbcb,survface,survface:registered_probe:2742_cam2_1,adaface-4df25b75e065b0b9ed43,pca,pca_128,pca_direct_cosine,0.2,True,frozen_origin,0.1976784169673919,True,False,False,True,True,0.8794972743321096,True,high_error,3,8972,8
gradcam-ab3f0de200d8ce9fb233,population-2a9bc5280db4a65672a1bbcb,survface,survface:unknown_unknown_probe:distractors_2510,adaface-4df25b75e065b0b9ed43,pca,pca_128,pca_direct_cosine,0.2,False,frozen_origin,0.2729271054267883,True,False,False,True,True,0.8644421869702986,True,high_error,4,8972,8
gradcam-9280b5bae820a9f73b6a,population-2a9bc5280db4a65672a1bbcb,survface,survface:unknown_unknown_probe:distractors_1458,adaface-4df25b75e065b0b9ed43,pca,pca_128,pca_direct_cosine,0.2,False,frozen_origin,0.285164475440979,True,False,False,True,True,0.8609926621649538,True,high_error,5,8972,8
gradcam-52edcd01da3f8b9eccb8,population-2a9bc5280db4a65672a1bbcb,survface,survface:unknown_unknown_probe:distractors_3567,adaface-4df25b75e065b0b9ed43,pca,pca_128,pca_direct_cosine,0.2,False,frozen_origin,0.1938499808311462,True,False,False,True,True,0.8345179744348544,True,high_error,6,8972,8
gradcam-2da8daa2e3909a4e3aad,population-2a9bc5280db4a65672a1bbcb,survface,survface:unknown_unknown_probe:distractors_1459,adaface-4df25b75e065b0b9ed43,pca,pca_128,pca_direct_cosine,0.2,False,frozen_origin,0.2392809391021728,True,False,False,True,True,0.8213784957201693,True,high_error,7,8972,8
gradcam-59849e5d156654d3ed80,population-2a9bc5280db4a65672a1bbcb,survface,survface:unknown_unknown_probe:distractors_12181,adaface-4df25b75e065b0b9ed43,pca,pca_128,pca_direct_cosine,0.2,False,frozen_origin,0.2347311377525329,True,False,False,True,True,0.820580033417503,True,high_error,8,8972,8
gradcam-e55d552e174a432c43a2,population-2a9bc5280db4a65672a1bbcb,survface,survface:unknown_unknown_probe:distractors_3188,adaface-4df25b75e065b0b9ed43,pca,pca_128,pca_direct_cosine,0.2,False,frozen_origin,0.1519117951393127,False,False,False,True,True,0.8903197457572789,True,rank_flip,1,8972,8
gradcam-303b2295b6ca0315f23d,population-2a9bc5280db4a65672a1bbcb,survface,survface:unknown_unknown_probe:distractors_4412,adaface-4df25b75e065b0b9ed43,pca,pca_128,pca_direct_cosine,0.2,False,frozen_origin,0.1987964212894439,False,False,False,True,True,0.8758801398982771,True,rank_flip,2,8972,8
gradcam-7d33b3d4135a55878f3c,population-2a9bc5280db4a65672a1bbcb,survface,survface:unknown_unknown_probe:distractors_4672,adaface-4df25b75e065b0b9ed43,pca,pca_128,pca_direct_cosine,0.2,False,frozen_origin,0.0547271966934204,False,False,False,True,True,0.8589718969845928,True,rank_flip,3,8972,8
gradcam-1e6ba0cd11d023828a83,population-2a9bc5280db4a65672a1bbcb,survface,survface:unknown_unknown_probe:447_cam2_1,adaface-4df25b75e065b0b9ed43,pca,pca_128,pca_direct_cosine,0.2,False,frozen_origin,0.2783835828304291,False,False,False,True,True,0.8581440405322085,True,rank_flip,4,8972,8
gradcam-094272418d83cee603e0,population-2a9bc5280db4a65672a1bbcb,survface,survface:unknown_unknown_probe:distractors_21592,adaface-4df25b75e065b0b9ed43,pca,pca_128,pca_direct_cosine,0.2,False,frozen_origin,0.176188975572586,False,False,False,True,True,0.8535199792065605,True,rank_flip,5,8972,8
gradcam-b5d0b2dc2205babae2a4,population-2a9bc5280db4a65672a1bbcb,survface,survface:unknown_unknown_probe:distractors_2185,adaface-4df25b75e065b0b9ed43,pca,pca_128,pca_direct_cosine,0.2,False,frozen_origin,0.296954333782196,False,False,False,True,True,0.8493841068205957,True,rank_flip,6,8972,8
gradcam-dff418c4d7be5d85ed98,population-2a9bc5280db4a65672a1bbcb,survface,survface:unknown_unknown_probe:distractors_2648,adaface-4df25b75e065b0b9ed43,pca,pca_128,pca_direct_cosine,0.2,False,frozen_origin,0.2486895322799682,False,False,False,True,True,0.8474790416514083,True,rank_flip,7,8972,8
gradcam-367ea97c8a45b985b3e4,population-2a9bc5280db4a65672a1bbcb,survface,survface:unknown_unknown_probe:distractors_2345,adaface-4df25b75e065b0b9ed43,pca,pca_128,pca_direct_cosine,0.2,False,frozen_origin,0.1624809801578521,False,False,False,True,True,0.845565700370191,True,rank_flip,8,8972,8
gradcam-f9fc9ec0f0c6d1ac9e18,population-2a9bc5280db4a65672a1bbcb,survface,survface:registered_probe:5647_cam1_96,adaface-4df25b75e065b0b9ed43,pca,pca_128,pca_direct_cosine,0.2,True,frozen_origin,-0.1349384784698486,True,False,False,True,True,0.1534461118197724,True,stable,1,8972,8
gradcam-7474cba82423b34f69c5,population-2a9bc5280db4a65672a1bbcb,survface,survface:registered_probe:9349_cam1_5,adaface-4df25b75e065b0b9ed43,pca,pca_128,pca_direct_cosine,0.2,True,frozen_origin,-0.1336100697517395,True,False,False,True,True,0.154765362476248,True,stable,2,8972,8
gradcam-067cace359a43fd529ce,population-2a9bc5280db4a65672a1bbcb,survface,survface:unknown_unknown_probe:8905_cam2_29,adaface-4df25b75e065b0b9ed43,pca,pca_128,pca_direct_cosine,0.2,False,frozen_origin,-0.1366149187088012,True,False,False,True,True,0.1548985426694803,True,stable,3,8972,8
gradcam-5caa64941027b221db5f,population-2a9bc5280db4a65672a1bbcb,survface,survface:registered_probe:5821_cam1_108,adaface-4df25b75e065b0b9ed43,pca,pca_128,pca_direct_cosine,0.2,True,frozen_origin,-0.131200909614563,True,False,False,True,True,0.1557485590272888,True,stable,4,8972,8
gradcam-dae302efd6646f1fb3e6,population-2a9bc5280db4a65672a1bbcb,survface,survface:unknown_unknown_probe:10256_cam1_19,adaface-4df25b75e065b0b9ed43,pca,pca_128,pca_direct_cosine,0.2,False,frozen_origin,-0.1357435584068298,True,False,False,True,True,0.1562961241740554,True,stable,5,8972,8
gradcam-c4d5af40e11c003f5525,population-2a9bc5280db4a65672a1bbcb,survface,survface:unknown_unknown_probe:9884_cam3_8,adaface-4df25b75e065b0b9ed43,pca,pca_128,pca_direct_cosine,0.2,False,frozen_origin,-0.1237240433692932,True,False,False,True,True,0.1582346441598268,True,stable,6,8972,8
gradcam-bbc2ac80e315844fa1c4,population-2a9bc5280db4a65672a1bbcb,survface,survface:registered_probe:5647_cam1_47,adaface-4df25b75e065b0b9ed43,pca,pca_128,pca_direct_cosine,0.2,True,frozen_origin,-0.1014553308486938,True,False,False,True,True,0.1620262173294972,True,stable,7,8972,8
gradcam-3653a8cb04b7392340a2,population-2a9bc5280db4a65672a1bbcb,survface,survface:registered_probe:9745_cam1_53,adaface-4df25b75e065b0b9ed43,pca,pca_128,pca_direct_cosine,0.2,True,frozen_origin,-0.1387096047401428,True,False,False,True,True,0.1630859814324422,True,stable,8,8972,8
gradcam-538038008b2f5cdae877,population-2a9bc5280db4a65672a1bbcb,survface,survface:registered_probe:844_cam2_1,adaface-4df25b75e065b0b9ed43,pca,pca_128,pca_direct_cosine,0.2,True,frozen_origin,0.1757537126541137,True,True,False,True,True,0.7246043621312218,True,threshold_crossing,1,8972,8
gradcam-6748166bb432015f74e3,population-2a9bc5280db4a65672a1bbcb,survface,survface:registered_probe:5244_18,adaface-4df25b75e065b0b9ed43,pca,pca_128,pca_direct_cosine,0.2,True,frozen_origin,0.0930418968200683,True,True,False,True,True,0.7189505229807355,True,threshold_crossing,2,8972,8
gradcam-7efeda109018ec6d6bb4,population-2a9bc5280db4a65672a1bbcb,survface,survface:registered_probe:5244_20,adaface-4df25b75e065b0b9ed43,pca,pca_128,pca_direct_cosine,0.2,True,frozen_origin,0.1318831443786621,True,True,False,True,True,0.7007090269444436,True,threshold_crossing,3,8972,8
gradcam-20fb5e2994ada4b38139,population-2a9bc5280db4a65672a1bbcb,survface,survface:registered_probe:5227_19,adaface-4df25b75e065b0b9ed43,pca,pca_128,pca_direct_cosine,0.2,True,frozen_origin,0.070088505744934,True,True,False,True,True,0.6743694448051369,True,threshold_crossing,4,8972,8
gradcam-9aa81a69e9055217c791,population-2a9bc5280db4a65672a1bbcb,survface,survface:registered_probe:5244_11,adaface-4df25b75e065b0b9ed43,pca,pca_128,pca_direct_cosine,0.2,True,frozen_origin,0.1352720856666565,True,True,False,True,True,0.6612247864356815,True,threshold_crossing,5,8972,8
gradcam-292bbf229e949c0281ea,population-2a9bc5280db4a65672a1bbcb,survface,survface:registered_probe:5255_22,adaface-4df25b75e065b0b9ed43,pca,pca_128,pca_direct_cosine,0.2,True,frozen_origin,0.0914131999015808,True,True,False,True,True,0.6244771692523944,True,threshold_crossing,6,8972,8
gradcam-05bcb147d6c300309e62,population-2a9bc5280db4a65672a1bbcb,survface,survface:registered_probe:5241_25,adaface-4df25b75e065b0b9ed43,pca,pca_128,pca_direct_cosine,0.2,True,frozen_origin,0.0261889696121215,True,True,False,True,True,0.621747304530852,True,threshold_crossing,7,8972,8
gradcam-95c1da4243f7c8c5d2ec,population-2a9bc5280db4a65672a1bbcb,survface,survface:registered_probe:5293_16,adaface-4df25b75e065b0b9ed43,pca,pca_128,pca_direct_cosine,0.2,True,frozen_origin,0.081734299659729,True,True,False,True,True,0.6092116506325856,True,threshold_crossing,8,8972,8
gradcam-d30040308faa1b1a901c,population-2a9bc5280db4a65672a1bbcb,survface,survface:registered_probe:2973_cam3_1,adaface-4df25b75e065b0b9ed43,pca,pca_128,pca_direct_cosine,0.3,True,frozen_origin,0.3085187971591949,True,False,False,True,True,0.961337869359424,True,high_error,1,8972,8
gradcam-7901226db0a1374cc4ff,population-2a9bc5280db4a65672a1bbcb,survface,survface:registered_probe:4072_cam2_1,adaface-4df25b75e065b0b9ed43,pca,pca_128,pca_direct_cosine,0.3,True,frozen_origin,0.1594800949096679,True,False,False,True,True,0.9020439018833109,True,high_error,2,8972,8
gradcam-b8ba6a17809a02314d68,population-2a9bc5280db4a65672a1bbcb,survface,survface:registered_probe:2742_cam2_1,adaface-4df25b75e065b0b9ed43,pca,pca_128,pca_direct_cosine,0.3,True,frozen_origin,0.1976784169673919,True,False,False,True,True,0.8794972743321096,True,high_error,3,8972,8
gradcam-ef5863d6b17526cefc23,population-2a9bc5280db4a65672a1bbcb,survface,survface:unknown_unknown_probe:distractors_2510,adaface-4df25b75e065b0b9ed43,pca,pca_128,pca_direct_cosine,0.3,False,frozen_origin,0.2729271054267883,True,False,False,True,True,0.8644421869702986,True,high_error,4,8972,8
gradcam-8d09993b417ab9cc747a,population-2a9bc5280db4a65672a1bbcb,survface,survface:unknown_unknown_probe:distractors_1458,adaface-4df25b75e065b0b9ed43,pca,pca_128,pca_direct_cosine,0.3,False,frozen_origin,0.285164475440979,True,False,False,True,True,0.8609926621649538,True,high_error,5,8972,8
gradcam-3c6b1e93b19fd3e7c95c,population-2a9bc5280db4a65672a1bbcb,survface,survface:unknown_unknown_probe:distractors_3567,adaface-4df25b75e065b0b9ed43,pca,pca_128,pca_direct_cosine,0.3,False,frozen_origin,0.1938499808311462,True,False,False,True,True,0.8345179744348544,True,high_error,6,8972,8
gradcam-6f9cf8f58da1a446084f,population-2a9bc5280db4a65672a1bbcb,survface,survface:unknown_unknown_probe:distractors_1459,adaface-4df25b75e065b0b9ed43,pca,pca_128,pca_direct_cosine,0.3,False,frozen_origin,0.2392809391021728,True,False,False,True,True,0.8213784957201693,True,high_error,7,8972,8
gradcam-55979d706686920a5942,population-2a9bc5280db4a65672a1bbcb,survface,survface:unknown_unknown_probe:distractors_12181,adaface-4df25b75e065b0b9ed43,pca,pca_128,pca_direct_cosine,0.3,False,frozen_origin,0.2347311377525329,True,False,False,True,True,0.820580033417503,True,high_error,8,8972,8
gradcam-551852c0a3a27878056d,population-2a9bc5280db4a65672a1bbcb,survface,survface:unknown_unknown_probe:distractors_3188,adaface-4df25b75e065b0b9ed43,pca,pca_128,pca_direct_cosine,0.3,False,frozen_origin,0.1519117951393127,False,False,False,True,True,0.8903197457572789,True,rank_flip,1,8972,8
gradcam-239522c72f3040ed401f,population-2a9bc5280db4a65672a1bbcb,survface,survface:unknown_unknown_probe:distractors_4412,adaface-4df25b75e065b0b9ed43,pca,pca_128,pca_direct_cosine,0.3,False,frozen_origin,0.1987964212894439,False,False,False,True,True,0.8758801398982771,True,rank_flip,2,8972,8
gradcam-d3ee0027d685f0efd309,population-2a9bc5280db4a65672a1bbcb,survface,survface:unknown_unknown_probe:distractors_4672,adaface-4df25b75e065b0b9ed43,pca,pca_128,pca_direct_cosine,0.3,False,frozen_origin,0.0547271966934204,False,False,False,True,True,0.8589718969845928,True,rank_flip,3,8972,8
gradcam-2382fba2f166146d6a13,population-2a9bc5280db4a65672a1bbcb,survface,survface:unknown_unknown_probe:447_cam2_1,adaface-4df25b75e065b0b9ed43,pca,pca_128,pca_direct_cosine,0.3,False,frozen_origin,0.2783835828304291,False,False,False,True,True,0.8581440405322085,True,rank_flip,4,8972,8
gradcam-032e7ba41ada0248650e,population-2a9bc5280db4a65672a1bbcb,survface,survface:unknown_unknown_probe:distractors_21592,adaface-4df25b75e065b0b9ed43,pca,pca_128,pca_direct_cosine,0.3,False,frozen_origin,0.176188975572586,False,False,False,True,True,0.8535199792065605,True,rank_flip,5,8972,8
gradcam-f542b98d6d96490ab013,population-2a9bc5280db4a65672a1bbcb,survface,survface:unknown_unknown_probe:distractors_2185,adaface-4df25b75e065b0b9ed43,pca,pca_128,pca_direct_cosine,0.3,False,frozen_origin,0.296954333782196,False,False,False,True,True,0.8493841068205957,True,rank_flip,6,8972,8
gradcam-e469facda9592295d28b,population-2a9bc5280db4a65672a1bbcb,survface,survface:unknown_unknown_probe:distractors_2648,adaface-4df25b75e065b0b9ed43,pca,pca_128,pca_direct_cosine,0.3,False,frozen_origin,0.2486895322799682,False,False,False,True,True,0.8474790416514083,True,rank_flip,7,8972,8
gradcam-91a18eb32c244da5360d,population-2a9bc5280db4a65672a1bbcb,survface,survface:unknown_unknown_probe:distractors_2345,adaface-4df25b75e065b0b9ed43,pca,pca_128,pca_direct_cosine,0.3,False,frozen_origin,0.1624809801578521,False,False,False,True,True,0.845565700370191,True,rank_flip,8,8972,8
gradcam-15319b579560a90c4a73,population-2a9bc5280db4a65672a1bbcb,survface,survface:registered_probe:5647_cam1_96,adaface-4df25b75e065b0b9ed43,pca,pca_128,pca_direct_cosine,0.3,True,frozen_origin,-0.1349384784698486,True,False,False,True,True,0.1534461118197724,True,stable,1,8972,8
gradcam-1f59714503cd4baf5845,population-2a9bc5280db4a65672a1bbcb,survface,survface:registered_probe:9349_cam1_5,adaface-4df25b75e065b0b9ed43,pca,pca_128,pca_direct_cosine,0.3,True,frozen_origin,-0.1336100697517395,True,False,False,True,True,0.154765362476248,True,stable,2,8972,8
gradcam-07eb48eff11ec8d28ef7,population-2a9bc5280db4a65672a1bbcb,survface,survface:unknown_unknown_probe:8905_cam2_29,adaface-4df25b75e065b0b9ed43,pca,pca_128,pca_direct_cosine,0.3,False,frozen_origin,-0.1366149187088012,True,False,False,True,True,0.1548985426694803,True,stable,3,8972,8
gradcam-7885edfc75b775e8a8a5,population-2a9bc5280db4a65672a1bbcb,survface,survface:registered_probe:5821_cam1_108,adaface-4df25b75e065b0b9ed43,pca,pca_128,pca_direct_cosine,0.3,True,frozen_origin,-0.131200909614563,True,False,False,True,True,0.1557485590272888,True,stable,4,8972,8
gradcam-d588aa771a96549a79e6,population-2a9bc5280db4a65672a1bbcb,survface,survface:unknown_unknown_probe:10256_cam1_19,adaface-4df25b75e065b0b9ed43,pca,pca_128,pca_direct_cosine,0.3,False,frozen_origin,-0.1357435584068298,True,False,False,True,True,0.1562961241740554,True,stable,5,8972,8
gradcam-cc4c8237a0fcb5f1285c,population-2a9bc5280db4a65672a1bbcb,survface,survface:unknown_unknown_probe:5854_cam1_5,adaface-4df25b75e065b0b9ed43,pca,pca_128,pca_direct_cosine,0.3,False,frozen_origin,-0.1414461135864257,True,False,False,True,True,0.1575875020737641,True,stable,6,8972,8
gradcam-b52540a506b9100e6955,population-2a9bc5280db4a65672a1bbcb,survface,survface:unknown_unknown_probe:9884_cam3_8,adaface-4df25b75e065b0b9ed43,pca,pca_128,pca_direct_cosine,0.3,False,frozen_origin,-0.1237240433692932,True,False,False,True,True,0.1582346441598268,True,stable,7,8972,8
gradcam-0f87ceca6efc4cd095de,population-2a9bc5280db4a65672a1bbcb,survface,survface:unknown_unknown_probe:9015_cam2_11,adaface-4df25b75e065b0b9ed43,pca,pca_128,pca_direct_cosine,0.3,False,frozen_origin,-0.1271296143531799,True,False,False,True,True,0.1591575083015405,True,stable,8,8972,8
gradcam-b702b84bf2af34bbf98a,population-2a9bc5280db4a65672a1bbcb,survface,survface:registered_probe:5263_20,adaface-4df25b75e065b0b9ed43,pca,pca_128,pca_direct_cosine,0.3,True,frozen_origin,0.0860102176666259,True,True,False,True,True,0.7482510269752549,True,threshold_crossing,1,8972,8
gradcam-2a07027428dde5c74d34,population-2a9bc5280db4a65672a1bbcb,survface,survface:registered_probe:5293_22,adaface-4df25b75e065b0b9ed43,pca,pca_128,pca_direct_cosine,0.3,True,frozen_origin,0.0761657953262329,True,True,False,True,True,0.7314542567125966,True,threshold_crossing,2,8972,8
gradcam-27ea610053f29ff16eb2,population-2a9bc5280db4a65672a1bbcb,survface,survface:registered_probe:5227_22,adaface-4df25b75e065b0b9ed43,pca,pca_128,pca_direct_cosine,0.3,True,frozen_origin,0.0624334216117858,True,True,False,True,True,0.7267176318295546,True,threshold_crossing,3,8972,8
gradcam-2a201cc2d20c2b8cc7bf,population-2a9bc5280db4a65672a1bbcb,survface,survface:registered_probe:844_cam2_1,adaface-4df25b75e065b0b9ed43,pca,pca_128,pca_direct_cosine,0.3,True,frozen_origin,0.1757537126541137,True,True,False,True,True,0.7246043621312218,True,threshold_crossing,4,8972,8
gradcam-49d6bfbd9ba6f66e5daf,population-2a9bc5280db4a65672a1bbcb,survface,survface:registered_probe:5244_18,adaface-4df25b75e065b0b9ed43,pca,pca_128,pca_direct_cosine,0.3,True,frozen_origin,0.0930418968200683,True,True,False,True,True,0.7189505229807355,True,threshold_crossing,5,8972,8
gradcam-64a6caf271579e17a2d4,population-2a9bc5280db4a65672a1bbcb,survface,survface:registered_probe:5263_19,adaface-4df25b75e065b0b9ed43,pca,pca_128,pca_direct_cosine,0.3,True,frozen_origin,0.0981054902076721,True,True,False,True,True,0.7117567866206826,True,threshold_crossing,6,8972,8
gradcam-efb97c9d7537803add7a,population-2a9bc5280db4a65672a1bbcb,survface,survface:registered_probe:3954_cam2_1,adaface-4df25b75e065b0b9ed43,pca,pca_128,pca_direct_cosine,0.3,True,frozen_origin,0.2561434805393219,True,True,False,True,True,0.7047631631037126,True,threshold_crossing,7,8972,8
gradcam-ac5fecb02a394c4db690,population-2a9bc5280db4a65672a1bbcb,survface,survface:registered_probe:5244_20,adaface-4df25b75e065b0b9ed43,pca,pca_128,pca_direct_cosine,0.3,True,frozen_origin,0.1318831443786621,True,True,False,True,True,0.7007090269444436,True,threshold_crossing,8,8972,8
gradcam-65a3e05ef8d372bfcb08,population-2a9bc5280db4a65672a1bbcb,survface,survface:registered_probe:4072_cam2_1,adaface-4df25b75e065b0b9ed43,pca,pca_128,pca_reconstruction_cosine,0.01,True,frozen_origin,0.0973235964775085,True,False,False,True,True,0.9020439018833109,True,high_error,1,8972,8
gradcam-f5f2040d7dad3aae1426,population-2a9bc5280db4a65672a1bbcb,survface,survface:registered_probe:2742_cam2_1,adaface-4df25b75e065b0b9ed43,pca,pca_128,pca_reconstruction_cosine,0.01,True,frozen_origin,0.0076399147510528,True,False,False,True,True,0.8794972743321096,True,high_error,2,8972,8
gradcam-138da2a73f4305c0acfd,population-2a9bc5280db4a65672a1bbcb,survface,survface:unknown_unknown_probe:distractors_2510,adaface-4df25b75e065b0b9ed43,pca,pca_128,pca_reconstruction_cosine,0.01,False,frozen_origin,0.0571002066135406,True,False,False,True,True,0.8644421869702986,True,high_error,3,8972,8
gradcam-a285f1cde4c29365176d,population-2a9bc5280db4a65672a1bbcb,survface,survface:unknown_unknown_probe:distractors_1458,adaface-4df25b75e065b0b9ed43,pca,pca_128,pca_reconstruction_cosine,0.01,False,frozen_origin,0.0978651046752929,True,False,False,True,True,0.8609926621649538,True,high_error,4,8972,8
gradcam-8ccf4f341ba62576fb88,population-2a9bc5280db4a65672a1bbcb,survface,survface:unknown_unknown_probe:447_cam2_1,adaface-4df25b75e065b0b9ed43,pca,pca_128,pca_reconstruction_cosine,0.01,False,frozen_origin,0.1236020326614379,True,False,False,True,True,0.8581440405322085,True,high_error,5,8972,8
gradcam-0dfeb0ed7c1582838468,population-2a9bc5280db4a65672a1bbcb,survface,survface:unknown_unknown_probe:distractors_2345,adaface-4df25b75e065b0b9ed43,pca,pca_128,pca_reconstruction_cosine,0.01,False,frozen_origin,0.1219210028648376,True,False,False,True,True,0.845565700370191,True,high_error,6,8972,8
gradcam-33e152cdb8ade8dcdfac,population-2a9bc5280db4a65672a1bbcb,survface,survface:unknown_unknown_probe:728_cam2_1,adaface-4df25b75e065b0b9ed43,pca,pca_128,pca_reconstruction_cosine,0.01,False,frozen_origin,0.0944035649299621,True,False,False,True,True,0.8377059685664574,True,high_error,7,8972,8
gradcam-a47eddcc08e84f7f2c3a,population-2a9bc5280db4a65672a1bbcb,survface,survface:unknown_unknown_probe:distractors_3599,adaface-4df25b75e065b0b9ed43,pca,pca_128,pca_reconstruction_cosine,0.01,False,frozen_origin,0.1655860841274261,True,False,False,True,True,0.8332205418640266,True,high_error,8,8972,8
gradcam-f493824c62af43ad3588,population-2a9bc5280db4a65672a1bbcb,survface,survface:registered_probe:2973_cam3_1,adaface-4df25b75e065b0b9ed43,pca,pca_128,pca_reconstruction_cosine,0.01,True,frozen_origin,-0.0029416978359222,False,False,False,True,True,0.961337869359424,True,rank_flip,1,8972,8
gradcam-70474a612e890deeb841,population-2a9bc5280db4a65672a1bbcb,survface,survface:unknown_unknown_probe:distractors_3188,adaface-4df25b75e065b0b9ed43,pca,pca_128,pca_reconstruction_cosine,0.01,False,frozen_origin,0.1709141135215759,False,False,False,True,True,0.8903197457572789,True,rank_flip,2,8972,8
gradcam-d98f668ce1d9a1394323,population-2a9bc5280db4a65672a1bbcb,survface,survface:unknown_unknown_probe:distractors_4412,adaface-4df25b75e065b0b9ed43,pca,pca_128,pca_reconstruction_cosine,0.01,False,frozen_origin,0.0422289967536926,False,False,False,True,True,0.8758801398982771,True,rank_flip,3,8972,8
gradcam-129f97c12ec455648a1e,population-2a9bc5280db4a65672a1bbcb,survface,survface:unknown_unknown_probe:distractors_4672,adaface-4df25b75e065b0b9ed43,pca,pca_128,pca_reconstruction_cosine,0.01,False,frozen_origin,-0.0010892748832702,False,False,False,True,True,0.8589718969845928,True,rank_flip,4,8972,8
gradcam-a353fa4063a3c3e99f83,population-2a9bc5280db4a65672a1bbcb,survface,survface:unknown_unknown_probe:distractors_21592,adaface-4df25b75e065b0b9ed43,pca,pca_128,pca_reconstruction_cosine,0.01,False,frozen_origin,0.0243939757347106,False,False,False,True,True,0.8535199792065605,True,rank_flip,5,8972,8
gradcam-216471ca34d64cb2abea,population-2a9bc5280db4a65672a1bbcb,survface,survface:unknown_unknown_probe:distractors_2185,adaface-4df25b75e065b0b9ed43,pca,pca_128,pca_reconstruction_cosine,0.01,False,frozen_origin,0.0931891500949859,False,False,False,True,True,0.8493841068205957,True,rank_flip,6,8972,8
gradcam-65ac3b97ccfcb66ab9fb,population-2a9bc5280db4a65672a1bbcb,survface,survface:unknown_unknown_probe:distractors_2648,adaface-4df25b75e065b0b9ed43,pca,pca_128,pca_reconstruction_cosine,0.01,False,frozen_origin,0.0753607153892517,False,False,False,True,True,0.8474790416514083,True,rank_flip,7,8972,8
gradcam-2603b548ad40a4b1ba90,population-2a9bc5280db4a65672a1bbcb,survface,survface:unknown_unknown_probe:distractors_2548,adaface-4df25b75e065b0b9ed43,pca,pca_128,pca_reconstruction_cosine,0.01,False,frozen_origin,0.1869259178638458,False,False,False,True,True,0.8445395201713692,True,rank_flip,8,8972,8
gradcam-445d47f1cff9c46e2235,population-2a9bc5280db4a65672a1bbcb,survface,survface:unknown_unknown_probe:5834_cam1_112,adaface-4df25b75e065b0b9ed43,pca,pca_128,pca_reconstruction_cosine,0.01,False,frozen_origin,0.0123336911201477,True,False,False,True,True,0.149888867091415,True,stable,1,8972,8
gradcam-daaca5f610b482382011,population-2a9bc5280db4a65672a1bbcb,survface,survface:registered_probe:5647_cam1_96,adaface-4df25b75e065b0b9ed43,pca,pca_128,pca_reconstruction_cosine,0.01,True,frozen_origin,0.0146452188491821,True,False,False,True,True,0.1534461118197724,True,stable,2,8972,8
gradcam-6b7d7bd2894dceea7687,population-2a9bc5280db4a65672a1bbcb,survface,survface:registered_probe:9349_cam1_5,adaface-4df25b75e065b0b9ed43,pca,pca_128,pca_reconstruction_cosine,0.01,True,frozen_origin,0.0107415318489074,True,False,False,True,True,0.154765362476248,True,stable,3,8972,8
gradcam-dbfdc39578ea8aff4957,population-2a9bc5280db4a65672a1bbcb,survface,survface:unknown_unknown_probe:8905_cam2_29,adaface-4df25b75e065b0b9ed43,pca,pca_128,pca_reconstruction_cosine,0.01,False,frozen_origin,0.011402428150177,True,False,False,True,True,0.1548985426694803,True,stable,4,8972,8
gradcam-d490de4200c3a62dd918,population-2a9bc5280db4a65672a1bbcb,survface,survface:unknown_unknown_probe:5863_cam1_151,adaface-4df25b75e065b0b9ed43,pca,pca_128,pca_reconstruction_cosine,0.01,False,frozen_origin,0.0125206112861633,True,False,False,True,True,0.155280099167741,True,stable,5,8972,8
gradcam-a586819a81a4e3214b44,population-2a9bc5280db4a65672a1bbcb,survface,survface:registered_probe:5821_cam1_108,adaface-4df25b75e065b0b9ed43,pca,pca_128,pca_reconstruction_cosine,0.01,True,frozen_origin,0.0157731175422668,True,False,False,True,True,0.1557485590272888,True,stable,6,8972,8
gradcam-23acb55d754e5851e834,population-2a9bc5280db4a65672a1bbcb,survface,survface:unknown_unknown_probe:10256_cam1_19,adaface-4df25b75e065b0b9ed43,pca,pca_128,pca_reconstruction_cosine,0.01,False,frozen_origin,0.0131168365478515,True,False,False,True,True,0.1562961241740554,True,stable,7,8972,8
gradcam-aecc9d83a4bf5fee4e4b,population-2a9bc5280db4a65672a1bbcb,survface,survface:unknown_unknown_probe:5854_cam1_5,adaface-4df25b75e065b0b9ed43,pca,pca_128,pca_reconstruction_cosine,0.01,False,frozen_origin,0.0117590427398681,True,False,False,True,True,0.1575875020737641,True,stable,8,8972,8
gradcam-393b4d2106ba51fc174a,population-2a9bc5280db4a65672a1bbcb,survface,survface:registered_probe:5227_16,adaface-4df25b75e065b0b9ed43,pca,pca_128,pca_reconstruction_cosine,0.01,True,frozen_origin,0.0293741822242736,True,True,False,True,True,0.522926417366395,True,threshold_crossing,1,8972,8
gradcam-5a755577e29f439faea6,population-2a9bc5280db4a65672a1bbcb,survface,survface:registered_probe:5225_16,adaface-4df25b75e065b0b9ed43,pca,pca_128,pca_reconstruction_cosine,0.01,True,frozen_origin,0.0705723166465759,True,True,False,True,True,0.5140155385439652,True,threshold_crossing,2,8972,8
gradcam-7f98e721677f91d834b1,population-2a9bc5280db4a65672a1bbcb,survface,survface:registered_probe:5061_cam2_4,adaface-4df25b75e065b0b9ed43,pca,pca_128,pca_reconstruction_cosine,0.01,True,frozen_origin,0.0473472476005554,True,True,False,True,True,0.4990404994615235,True,threshold_crossing,3,8972,8
gradcam-3413e6b1d9bcb553bf5f,population-2a9bc5280db4a65672a1bbcb,survface,survface:registered_probe:5578_cam2_148,adaface-4df25b75e065b0b9ed43,pca,pca_128,pca_reconstruction_cosine,0.01,True,frozen_origin,0.0617917776107788,True,True,False,True,True,0.4416664363764357,True,threshold_crossing,4,8972,8
gradcam-322bc7a329a2a598a2bd,population-2a9bc5280db4a65672a1bbcb,survface,survface:registered_probe:5800_cam1_94,adaface-4df25b75e065b0b9ed43,pca,pca_128,pca_reconstruction_cosine,0.01,True,frozen_origin,0.0569345355033874,True,True,False,True,True,0.4334645051349268,True,threshold_crossing,5,8972,8
gradcam-c91e42a4a0ee0bb1a2df,population-2a9bc5280db4a65672a1bbcb,survface,survface:registered_probe:5800_cam1_120,adaface-4df25b75e065b0b9ed43,pca,pca_128,pca_reconstruction_cosine,0.01,True,frozen_origin,0.0526110529899597,True,True,False,True,True,0.4115932206452032,True,threshold_crossing,6,8972,8
gradcam-8641636517783a208f3a,population-2a9bc5280db4a65672a1bbcb,survface,survface:registered_probe:5800_cam1_129,adaface-4df25b75e065b0b9ed43,pca,pca_128,pca_reconstruction_cosine,0.01,True,frozen_origin,0.0444464087486267,True,True,False,True,True,0.3962893722818033,True,threshold_crossing,7,8972,8
gradcam-38ff99ebb08bc762d4ba,population-2a9bc5280db4a65672a1bbcb,survface,survface:unknown_unknown_probe:distractors_4002,adaface-4df25b75e065b0b9ed43,pca,pca_128,pca_reconstruction_cosine,0.01,False,frozen_origin,0.0146662592887878,True,True,False,True,True,0.396035832957503,True,threshold_crossing,8,8972,8
gradcam-0e738ac3be4490e0a260,population-2a9bc5280db4a65672a1bbcb,survface,survface:registered_probe:4072_cam2_1,adaface-4df25b75e065b0b9ed43,pca,pca_128,pca_reconstruction_cosine,0.05,True,frozen_origin,0.0973235964775085,True,False,False,True,True,0.9020439018833109,True,high_error,1,8972,8
gradcam-54e660a82f1d3004b1ad,population-2a9bc5280db4a65672a1bbcb,survface,survface:registered_probe:2742_cam2_1,adaface-4df25b75e065b0b9ed43,pca,pca_128,pca_reconstruction_cosine,0.05,True,frozen_origin,0.0076399147510528,True,False,False,True,True,0.8794972743321096,True,high_error,2,8972,8
gradcam-eb02ec4d08c43e4377ed,population-2a9bc5280db4a65672a1bbcb,survface,survface:unknown_unknown_probe:distractors_2510,adaface-4df25b75e065b0b9ed43,pca,pca_128,pca_reconstruction_cosine,0.05,False,frozen_origin,0.0571002066135406,True,False,False,True,True,0.8644421869702986,True,high_error,3,8972,8
gradcam-4019bd0c2987972dc824,population-2a9bc5280db4a65672a1bbcb,survface,survface:unknown_unknown_probe:distractors_1458,adaface-4df25b75e065b0b9ed43,pca,pca_128,pca_reconstruction_cosine,0.05,False,frozen_origin,0.0978651046752929,True,False,False,True,True,0.8609926621649538,True,high_error,4,8972,8
gradcam-f915cbbf68ee878c1505,population-2a9bc5280db4a65672a1bbcb,survface,survface:unknown_unknown_probe:447_cam2_1,adaface-4df25b75e065b0b9ed43,pca,pca_128,pca_reconstruction_cosine,0.05,False,frozen_origin,0.1236020326614379,True,False,False,True,True,0.8581440405322085,True,high_error,5,8972,8
gradcam-815233d6f66d5c861154,population-2a9bc5280db4a65672a1bbcb,survface,survface:unknown_unknown_probe:distractors_2345,adaface-4df25b75e065b0b9ed43,pca,pca_128,pca_reconstruction_cosine,0.05,False,frozen_origin,0.1219210028648376,True,False,False,True,True,0.845565700370191,True,high_error,6,8972,8
gradcam-724ec79da794b3bce91b,population-2a9bc5280db4a65672a1bbcb,survface,survface:unknown_unknown_probe:728_cam2_1,adaface-4df25b75e065b0b9ed43,pca,pca_128,pca_reconstruction_cosine,0.05,False,frozen_origin,0.0944035649299621,True,False,False,True,True,0.8377059685664574,True,high_error,7,8972,8
gradcam-f9625052763d803406f1,population-2a9bc5280db4a65672a1bbcb,survface,survface:unknown_unknown_probe:distractors_3599,adaface-4df25b75e065b0b9ed43,pca,pca_128,pca_reconstruction_cosine,0.05,False,frozen_origin,0.1655860841274261,True,False,False,True,True,0.8332205418640266,True,high_error,8,8972,8
gradcam-40ed3e7320d76b5385c1,population-2a9bc5280db4a65672a1bbcb,survface,survface:registered_probe:2973_cam3_1,adaface-4df25b75e065b0b9ed43,pca,pca_128,pca_reconstruction_cosine,0.05,True,frozen_origin,-0.0029416978359222,False,False,False,True,True,0.961337869359424,True,rank_flip,1,8972,8
gradcam-361726298c4e67317908,population-2a9bc5280db4a65672a1bbcb,survface,survface:unknown_unknown_probe:distractors_3188,adaface-4df25b75e065b0b9ed43,pca,pca_128,pca_reconstruction_cosine,0.05,False,frozen_origin,0.1709141135215759,False,False,False,True,True,0.8903197457572789,True,rank_flip,2,8972,8
gradcam-d9c22991a17ecb7fbafa,population-2a9bc5280db4a65672a1bbcb,survface,survface:unknown_unknown_probe:distractors_4412,adaface-4df25b75e065b0b9ed43,pca,pca_128,pca_reconstruction_cosine,0.05,False,frozen_origin,0.0422289967536926,False,False,False,True,True,0.8758801398982771,True,rank_flip,3,8972,8
gradcam-5b4d0268470c429d12e5,population-2a9bc5280db4a65672a1bbcb,survface,survface:unknown_unknown_probe:distractors_4672,adaface-4df25b75e065b0b9ed43,pca,pca_128,pca_reconstruction_cosine,0.05,False,frozen_origin,-0.0010892748832702,False,False,False,True,True,0.8589718969845928,True,rank_flip,4,8972,8
gradcam-266fb1a1fd8471d07372,population-2a9bc5280db4a65672a1bbcb,survface,survface:unknown_unknown_probe:distractors_21592,adaface-4df25b75e065b0b9ed43,pca,pca_128,pca_reconstruction_cosine,0.05,False,frozen_origin,0.0243939757347106,False,False,False,True,True,0.8535199792065605,True,rank_flip,5,8972,8
gradcam-107fd2776975c93a94ab,population-2a9bc5280db4a65672a1bbcb,survface,survface:unknown_unknown_probe:distractors_2185,adaface-4df25b75e065b0b9ed43,pca,pca_128,pca_reconstruction_cosine,0.05,False,frozen_origin,0.0931891500949859,False,False,False,True,True,0.8493841068205957,True,rank_flip,6,8972,8
gradcam-576c6d12f1504f8e4667,population-2a9bc5280db4a65672a1bbcb,survface,survface:unknown_unknown_probe:distractors_2648,adaface-4df25b75e065b0b9ed43,pca,pca_128,pca_reconstruction_cosine,0.05,False,frozen_origin,0.0753607153892517,False,False,False,True,True,0.8474790416514083,True,rank_flip,7,8972,8
gradcam-e219910e7f8b092294e2,population-2a9bc5280db4a65672a1bbcb,survface,survface:unknown_unknown_probe:distractors_2548,adaface-4df25b75e065b0b9ed43,pca,pca_128,pca_reconstruction_cosine,0.05,False,frozen_origin,0.1869259178638458,False,False,False,True,True,0.8445395201713692,True,rank_flip,8,8972,8
gradcam-200d7d4f963922e747eb,population-2a9bc5280db4a65672a1bbcb,survface,survface:unknown_unknown_probe:5834_cam1_112,adaface-4df25b75e065b0b9ed43,pca,pca_128,pca_reconstruction_cosine,0.05,False,frozen_origin,0.0123336911201477,True,False,False,True,True,0.149888867091415,True,stable,1,8972,8
gradcam-415b614a8ec83d2b04e3,population-2a9bc5280db4a65672a1bbcb,survface,survface:registered_probe:5831_cam1_98,adaface-4df25b75e065b0b9ed43,pca,pca_128,pca_reconstruction_cosine,0.05,True,frozen_origin,0.0131077170372009,True,False,False,True,True,0.1532588735038481,True,stable,2,8972,8
gradcam-bba7896478f292f3be62,population-2a9bc5280db4a65672a1bbcb,survface,survface:registered_probe:5647_cam1_96,adaface-4df25b75e065b0b9ed43,pca,pca_128,pca_reconstruction_cosine,0.05,True,frozen_origin,0.0146452188491821,True,False,False,True,True,0.1534461118197724,True,stable,3,8972,8
gradcam-26551eebab0eff9e5285,population-2a9bc5280db4a65672a1bbcb,survface,survface:registered_probe:9349_cam1_5,adaface-4df25b75e065b0b9ed43,pca,pca_128,pca_reconstruction_cosine,0.05,True,frozen_origin,0.0107415318489074,True,False,False,True,True,0.154765362476248,True,stable,4,8972,8
gradcam-67ae1f925635072bedc5,population-2a9bc5280db4a65672a1bbcb,survface,survface:unknown_unknown_probe:8905_cam2_29,adaface-4df25b75e065b0b9ed43,pca,pca_128,pca_reconstruction_cosine,0.05,False,frozen_origin,0.011402428150177,True,False,False,True,True,0.1548985426694803,True,stable,5,8972,8
gradcam-1fd7cf40f6963705ba21,population-2a9bc5280db4a65672a1bbcb,survface,survface:unknown_unknown_probe:5863_cam1_151,adaface-4df25b75e065b0b9ed43,pca,pca_128,pca_reconstruction_cosine,0.05,False,frozen_origin,0.0125206112861633,True,False,False,True,True,0.155280099167741,True,stable,6,8972,8
gradcam-be1a34368b5a3aed821d,population-2a9bc5280db4a65672a1bbcb,survface,survface:registered_probe:5821_cam1_108,adaface-4df25b75e065b0b9ed43,pca,pca_128,pca_reconstruction_cosine,0.05,True,frozen_origin,0.0157731175422668,True,False,False,True,True,0.1557485590272888,True,stable,7,8972,8
gradcam-0b42005c2ec770e2b02a,population-2a9bc5280db4a65672a1bbcb,survface,survface:unknown_unknown_probe:10256_cam1_19,adaface-4df25b75e065b0b9ed43,pca,pca_128,pca_reconstruction_cosine,0.05,False,frozen_origin,0.0131168365478515,True,False,False,True,True,0.1562961241740554,True,stable,8,8972,8
gradcam-6cd27fe4db5d78e58442,population-2a9bc5280db4a65672a1bbcb,survface,survface:registered_probe:5227_19,adaface-4df25b75e065b0b9ed43,pca,pca_128,pca_reconstruction_cosine,0.05,True,frozen_origin,0.0833835005760192,True,True,False,True,True,0.6743694448051369,True,threshold_crossing,1,8972,8
gradcam-29b5bafeed12dbacd2e8,population-2a9bc5280db4a65672a1bbcb,survface,survface:registered_probe:5244_23,adaface-4df25b75e065b0b9ed43,pca,pca_128,pca_reconstruction_cosine,0.05,True,frozen_origin,0.0593790411949157,True,True,False,True,True,0.6418398339672353,True,threshold_crossing,2,8972,8
gradcam-5a6c965f362afb78f9c0,population-2a9bc5280db4a65672a1bbcb,survface,survface:registered_probe:5241_26,adaface-4df25b75e065b0b9ed43,pca,pca_128,pca_reconstruction_cosine,0.05,True,frozen_origin,0.0510427951812744,True,True,False,True,True,0.6011702733917451,True,threshold_crossing,3,8972,8
gradcam-8993f03633237e3f5fc8,population-2a9bc5280db4a65672a1bbcb,survface,survface:registered_probe:262_cam1_1,adaface-4df25b75e065b0b9ed43,pca,pca_128,pca_reconstruction_cosine,0.05,True,frozen_origin,0.1091816425323486,True,True,False,True,True,0.5778111399263353,True,threshold_crossing,4,8972,8
gradcam-a425cff991d15d390ab7,population-2a9bc5280db4a65672a1bbcb,survface,survface:unknown_unknown_probe:1346_cam1_1,adaface-4df25b75e065b0b9ed43,pca,pca_128,pca_reconstruction_cosine,0.05,False,frozen_origin,0.028569221496582,True,True,False,True,True,0.5775172152784145,True,threshold_crossing,5,8972,8
gradcam-b9b7000055fb7f18ce3b,population-2a9bc5280db4a65672a1bbcb,survface,survface:registered_probe:5227_11,adaface-4df25b75e065b0b9ed43,pca,pca_128,pca_reconstruction_cosine,0.05,True,frozen_origin,0.091601550579071,True,True,False,True,True,0.542393642947549,True,threshold_crossing,6,8972,8
gradcam-d2be7dfed3a08a914f36,population-2a9bc5280db4a65672a1bbcb,survface,survface:registered_probe:5225_16,adaface-4df25b75e065b0b9ed43,pca,pca_128,pca_reconstruction_cosine,0.05,True,frozen_origin,0.0705723166465759,True,True,False,True,True,0.5140155385439652,True,threshold_crossing,7,8972,8
gradcam-db323e50b7cf060b7dc1,population-2a9bc5280db4a65672a1bbcb,survface,survface:registered_probe:5789_cam1_116,adaface-4df25b75e065b0b9ed43,pca,pca_128,pca_reconstruction_cosine,0.05,True,frozen_origin,0.0326664447784423,True,True,False,True,True,0.4606105403250544,True,threshold_crossing,8,8972,8
gradcam-789bec69399bd5f77f18,population-2a9bc5280db4a65672a1bbcb,survface,survface:registered_probe:4072_cam2_1,adaface-4df25b75e065b0b9ed43,pca,pca_128,pca_reconstruction_cosine,0.1,True,frozen_origin,0.0973235964775085,True,False,False,True,True,0.9020439018833109,True,high_error,1,8972,8
gradcam-e33bba20c494bffa7019,population-2a9bc5280db4a65672a1bbcb,survface,survface:registered_probe:2742_cam2_1,adaface-4df25b75e065b0b9ed43,pca,pca_128,pca_reconstruction_cosine,0.1,True,frozen_origin,0.0076399147510528,True,False,False,True,True,0.8794972743321096,True,high_error,2,8972,8
gradcam-4d9a8044e73222e6d1c5,population-2a9bc5280db4a65672a1bbcb,survface,survface:unknown_unknown_probe:distractors_2510,adaface-4df25b75e065b0b9ed43,pca,pca_128,pca_reconstruction_cosine,0.1,False,frozen_origin,0.0571002066135406,True,False,False,True,True,0.8644421869702986,True,high_error,3,8972,8
gradcam-b0397e91640034ff1800,population-2a9bc5280db4a65672a1bbcb,survface,survface:unknown_unknown_probe:distractors_1458,adaface-4df25b75e065b0b9ed43,pca,pca_128,pca_reconstruction_cosine,0.1,False,frozen_origin,0.0978651046752929,True,False,False,True,True,0.8609926621649538,True,high_error,4,8972,8
gradcam-1fe318b7dffea5309cee,population-2a9bc5280db4a65672a1bbcb,survface,survface:unknown_unknown_probe:447_cam2_1,adaface-4df25b75e065b0b9ed43,pca,pca_128,pca_reconstruction_cosine,0.1,False,frozen_origin,0.1236020326614379,True,False,False,True,True,0.8581440405322085,True,high_error,5,8972,8
gradcam-bd1255d19d5a0afc0059,population-2a9bc5280db4a65672a1bbcb,survface,survface:unknown_unknown_probe:distractors_2345,adaface-4df25b75e065b0b9ed43,pca,pca_128,pca_reconstruction_cosine,0.1,False,frozen_origin,0.1219210028648376,True,False,False,True,True,0.845565700370191,True,high_error,6,8972,8
gradcam-06643b540a3a3d4968e9,population-2a9bc5280db4a65672a1bbcb,survface,survface:unknown_unknown_probe:728_cam2_1,adaface-4df25b75e065b0b9ed43,pca,pca_128,pca_reconstruction_cosine,0.1,False,frozen_origin,0.0944035649299621,True,False,False,True,True,0.8377059685664574,True,high_error,7,8972,8
gradcam-f024de0a309f5499c1f5,population-2a9bc5280db4a65672a1bbcb,survface,survface:unknown_unknown_probe:distractors_3599,adaface-4df25b75e065b0b9ed43,pca,pca_128,pca_reconstruction_cosine,0.1,False,frozen_origin,0.1655860841274261,True,False,False,True,True,0.8332205418640266,True,high_error,8,8972,8
gradcam-fc02bcac7b431198914a,population-2a9bc5280db4a65672a1bbcb,survface,survface:registered_probe:2973_cam3_1,adaface-4df25b75e065b0b9ed43,pca,pca_128,pca_reconstruction_cosine,0.1,True,frozen_origin,-0.0029416978359222,False,False,False,True,True,0.961337869359424,True,rank_flip,1,8972,8
gradcam-7a236e25eda31b8b3b36,population-2a9bc5280db4a65672a1bbcb,survface,survface:unknown_unknown_probe:distractors_3188,adaface-4df25b75e065b0b9ed43,pca,pca_128,pca_reconstruction_cosine,0.1,False,frozen_origin,0.1709141135215759,False,False,False,True,True,0.8903197457572789,True,rank_flip,2,8972,8
gradcam-77ac6c77f4dbb4e36a99,population-2a9bc5280db4a65672a1bbcb,survface,survface:unknown_unknown_probe:distractors_4412,adaface-4df25b75e065b0b9ed43,pca,pca_128,pca_reconstruction_cosine,0.1,False,frozen_origin,0.0422289967536926,False,False,False,True,True,0.8758801398982771,True,rank_flip,3,8972,8
gradcam-f46179bd407d7bd6341e,population-2a9bc5280db4a65672a1bbcb,survface,survface:unknown_unknown_probe:distractors_4672,adaface-4df25b75e065b0b9ed43,pca,pca_128,pca_reconstruction_cosine,0.1,False,frozen_origin,-0.0010892748832702,False,False,False,True,True,0.8589718969845928,True,rank_flip,4,8972,8
gradcam-cc6b183e9fba7322b6d6,population-2a9bc5280db4a65672a1bbcb,survface,survface:unknown_unknown_probe:distractors_21592,adaface-4df25b75e065b0b9ed43,pca,pca_128,pca_reconstruction_cosine,0.1,False,frozen_origin,0.0243939757347106,False,False,False,True,True,0.8535199792065605,True,rank_flip,5,8972,8
gradcam-fb75365c1136e0dcdc48,population-2a9bc5280db4a65672a1bbcb,survface,survface:unknown_unknown_probe:distractors_2185,adaface-4df25b75e065b0b9ed43,pca,pca_128,pca_reconstruction_cosine,0.1,False,frozen_origin,0.0931891500949859,False,False,False,True,True,0.8493841068205957,True,rank_flip,6,8972,8
gradcam-65bbcf0fba63cf1f709f,population-2a9bc5280db4a65672a1bbcb,survface,survface:unknown_unknown_probe:distractors_2648,adaface-4df25b75e065b0b9ed43,pca,pca_128,pca_reconstruction_cosine,0.1,False,frozen_origin,0.0753607153892517,False,False,False,True,True,0.8474790416514083,True,rank_flip,7,8972,8
gradcam-b755c08c05e8b8222580,population-2a9bc5280db4a65672a1bbcb,survface,survface:unknown_unknown_probe:distractors_2548,adaface-4df25b75e065b0b9ed43,pca,pca_128,pca_reconstruction_cosine,0.1,False,frozen_origin,0.1869259178638458,False,False,False,True,True,0.8445395201713692,True,rank_flip,8,8972,8
gradcam-6901202e0a42503209a3,population-2a9bc5280db4a65672a1bbcb,survface,survface:unknown_unknown_probe:5834_cam1_112,adaface-4df25b75e065b0b9ed43,pca,pca_128,pca_reconstruction_cosine,0.1,False,frozen_origin,0.0123336911201477,True,False,False,True,True,0.149888867091415,True,stable,1,8972,8
gradcam-2ac4bcc9d95c484e07d2,population-2a9bc5280db4a65672a1bbcb,survface,survface:registered_probe:5831_cam1_98,adaface-4df25b75e065b0b9ed43,pca,pca_128,pca_reconstruction_cosine,0.1,True,frozen_origin,0.0131077170372009,True,False,False,True,True,0.1532588735038481,True,stable,2,8972,8
gradcam-a42c86149a37327f33fc,population-2a9bc5280db4a65672a1bbcb,survface,survface:registered_probe:5647_cam1_96,adaface-4df25b75e065b0b9ed43,pca,pca_128,pca_reconstruction_cosine,0.1,True,frozen_origin,0.0146452188491821,True,False,False,True,True,0.1534461118197724,True,stable,3,8972,8
gradcam-b4e9cae42bf07ce0ed78,population-2a9bc5280db4a65672a1bbcb,survface,survface:registered_probe:9349_cam1_5,adaface-4df25b75e065b0b9ed43,pca,pca_128,pca_reconstruction_cosine,0.1,True,frozen_origin,0.0107415318489074,True,False,False,True,True,0.154765362476248,True,stable,4,8972,8
gradcam-e7d2397f68416ee9088d,population-2a9bc5280db4a65672a1bbcb,survface,survface:unknown_unknown_probe:8905_cam2_29,adaface-4df25b75e065b0b9ed43,pca,pca_128,pca_reconstruction_cosine,0.1,False,frozen_origin,0.011402428150177,True,False,False,True,True,0.1548985426694803,True,stable,5,8972,8
gradcam-f71afd4013ff56687c32,population-2a9bc5280db4a65672a1bbcb,survface,survface:unknown_unknown_probe:5863_cam1_151,adaface-4df25b75e065b0b9ed43,pca,pca_128,pca_reconstruction_cosine,0.1,False,frozen_origin,0.0125206112861633,True,False,False,True,True,0.155280099167741,True,stable,6,8972,8
gradcam-ebebec8cf8c2b70257bb,population-2a9bc5280db4a65672a1bbcb,survface,survface:registered_probe:5821_cam1_108,adaface-4df25b75e065b0b9ed43,pca,pca_128,pca_reconstruction_cosine,0.1,True,frozen_origin,0.0157731175422668,True,False,False,True,True,0.1557485590272888,True,stable,7,8972,8
gradcam-060bc4d9b5102b5a4408,population-2a9bc5280db4a65672a1bbcb,survface,survface:unknown_unknown_probe:10256_cam1_19,adaface-4df25b75e065b0b9ed43,pca,pca_128,pca_reconstruction_cosine,0.1,False,frozen_origin,0.0131168365478515,True,False,False,True,True,0.1562961241740554,True,stable,8,8972,8
gradcam-65e3dd4c37552f26c29c,population-2a9bc5280db4a65672a1bbcb,survface,survface:registered_probe:5244_18,adaface-4df25b75e065b0b9ed43,pca,pca_128,pca_reconstruction_cosine,0.1,True,frozen_origin,0.0786414146423339,True,True,False,True,True,0.7189505229807355,True,threshold_crossing,1,8972,8
gradcam-a481d967418eb430584f,population-2a9bc5280db4a65672a1bbcb,survface,survface:registered_probe:5227_19,adaface-4df25b75e065b0b9ed43,pca,pca_128,pca_reconstruction_cosine,0.1,True,frozen_origin,0.0833835005760192,True,True,False,True,True,0.6743694448051369,True,threshold_crossing,2,8972,8
gradcam-501da62d7fc197575090,population-2a9bc5280db4a65672a1bbcb,survface,survface:registered_probe:5244_23,adaface-4df25b75e065b0b9ed43,pca,pca_128,pca_reconstruction_cosine,0.1,True,frozen_origin,0.0593790411949157,True,True,False,True,True,0.6418398339672353,True,threshold_crossing,3,8972,8
gradcam-dfe5cfd210cfbb787e41,population-2a9bc5280db4a65672a1bbcb,survface,survface:registered_probe:5255_22,adaface-4df25b75e065b0b9ed43,pca,pca_128,pca_reconstruction_cosine,0.1,True,frozen_origin,0.0891220569610595,True,True,False,True,True,0.6244771692523944,True,threshold_crossing,4,8972,8
gradcam-ec30fbc0c71cf3d57336,population-2a9bc5280db4a65672a1bbcb,survface,survface:registered_probe:5241_26,adaface-4df25b75e065b0b9ed43,pca,pca_128,pca_reconstruction_cosine,0.1,True,frozen_origin,0.0510427951812744,True,True,False,True,True,0.6011702733917451,True,threshold_crossing,5,8972,8
gradcam-7455d62571307916c720,population-2a9bc5280db4a65672a1bbcb,survface,survface:registered_probe:262_cam1_1,adaface-4df25b75e065b0b9ed43,pca,pca_128,pca_reconstruction_cosine,0.1,True,frozen_origin,0.1091816425323486,True,True,False,True,True,0.5778111399263353,True,threshold_crossing,6,8972,8
gradcam-23e622ce1156c3d25b7b,population-2a9bc5280db4a65672a1bbcb,survface,survface:registered_probe:5227_14,adaface-4df25b75e065b0b9ed43,pca,pca_128,pca_reconstruction_cosine,0.1,True,frozen_origin,0.0579334497451782,True,True,False,True,True,0.5635823945401992,True,threshold_crossing,7,8972,8
gradcam-7cbfbc025f4efd991e03,population-2a9bc5280db4a65672a1bbcb,survface,survface:registered_probe:5249_26,adaface-4df25b75e065b0b9ed43,pca,pca_128,pca_reconstruction_cosine,0.1,True,frozen_origin,0.0432796478271484,True,True,False,True,True,0.5460943459172332,True,threshold_crossing,8,8972,8
gradcam-2d45889031db2f575dc8,population-2a9bc5280db4a65672a1bbcb,survface,survface:registered_probe:4072_cam2_1,adaface-4df25b75e065b0b9ed43,pca,pca_128,pca_reconstruction_cosine,0.2,True,frozen_origin,0.0973235964775085,True,False,False,True,True,0.9020439018833109,True,high_error,1,8972,8
gradcam-46af354d0f124800571e,population-2a9bc5280db4a65672a1bbcb,survface,survface:registered_probe:2742_cam2_1,adaface-4df25b75e065b0b9ed43,pca,pca_128,pca_reconstruction_cosine,0.2,True,frozen_origin,0.0076399147510528,True,False,False,True,True,0.8794972743321096,True,high_error,2,8972,8
gradcam-81da436e8389c9d9d4d2,population-2a9bc5280db4a65672a1bbcb,survface,survface:unknown_unknown_probe:distractors_2510,adaface-4df25b75e065b0b9ed43,pca,pca_128,pca_reconstruction_cosine,0.2,False,frozen_origin,0.0571002066135406,True,False,False,True,True,0.8644421869702986,True,high_error,3,8972,8
gradcam-58c7c9ecb1d632b26905,population-2a9bc5280db4a65672a1bbcb,survface,survface:unknown_unknown_probe:distractors_1458,adaface-4df25b75e065b0b9ed43,pca,pca_128,pca_reconstruction_cosine,0.2,False,frozen_origin,0.0978651046752929,True,False,False,True,True,0.8609926621649538,True,high_error,4,8972,8
gradcam-b58d10435eebe8228509,population-2a9bc5280db4a65672a1bbcb,survface,survface:unknown_unknown_probe:447_cam2_1,adaface-4df25b75e065b0b9ed43,pca,pca_128,pca_reconstruction_cosine,0.2,False,frozen_origin,0.1236020326614379,True,False,False,True,True,0.8581440405322085,True,high_error,5,8972,8
gradcam-2f37656e88f2412ec717,population-2a9bc5280db4a65672a1bbcb,survface,survface:unknown_unknown_probe:distractors_2345,adaface-4df25b75e065b0b9ed43,pca,pca_128,pca_reconstruction_cosine,0.2,False,frozen_origin,0.1219210028648376,True,False,False,True,True,0.845565700370191,True,high_error,6,8972,8
gradcam-5fbb8fc0f3da5a6e483b,population-2a9bc5280db4a65672a1bbcb,survface,survface:unknown_unknown_probe:728_cam2_1,adaface-4df25b75e065b0b9ed43,pca,pca_128,pca_reconstruction_cosine,0.2,False,frozen_origin,0.0944035649299621,True,False,False,True,True,0.8377059685664574,True,high_error,7,8972,8
gradcam-5886d8d8b93236619a0e,population-2a9bc5280db4a65672a1bbcb,survface,survface:unknown_unknown_probe:distractors_3599,adaface-4df25b75e065b0b9ed43,pca,pca_128,pca_reconstruction_cosine,0.2,False,frozen_origin,0.1655860841274261,True,False,False,True,True,0.8332205418640266,True,high_error,8,8972,8
gradcam-c732d81f96de4a233119,population-2a9bc5280db4a65672a1bbcb,survface,survface:registered_probe:2973_cam3_1,adaface-4df25b75e065b0b9ed43,pca,pca_128,pca_reconstruction_cosine,0.2,True,frozen_origin,-0.0029416978359222,False,False,False,True,True,0.961337869359424,True,rank_flip,1,8972,8
gradcam-fdfe3f1988cf02706951,population-2a9bc5280db4a65672a1bbcb,survface,survface:unknown_unknown_probe:distractors_3188,adaface-4df25b75e065b0b9ed43,pca,pca_128,pca_reconstruction_cosine,0.2,False,frozen_origin,0.1709141135215759,False,False,False,True,True,0.8903197457572789,True,rank_flip,2,8972,8
gradcam-65ef73ad00347b4ad07e,population-2a9bc5280db4a65672a1bbcb,survface,survface:unknown_unknown_probe:distractors_4412,adaface-4df25b75e065b0b9ed43,pca,pca_128,pca_reconstruction_cosine,0.2,False,frozen_origin,0.0422289967536926,False,False,False,True,True,0.8758801398982771,True,rank_flip,3,8972,8
gradcam-69d0c52bc6b57c29bd33,population-2a9bc5280db4a65672a1bbcb,survface,survface:unknown_unknown_probe:distractors_4672,adaface-4df25b75e065b0b9ed43,pca,pca_128,pca_reconstruction_cosine,0.2,False,frozen_origin,-0.0010892748832702,False,False,False,True,True,0.8589718969845928,True,rank_flip,4,8972,8
gradcam-5a5bdeee233b32873502,population-2a9bc5280db4a65672a1bbcb,survface,survface:unknown_unknown_probe:distractors_21592,adaface-4df25b75e065b0b9ed43,pca,pca_128,pca_reconstruction_cosine,0.2,False,frozen_origin,0.0243939757347106,False,False,False,True,True,0.8535199792065605,True,rank_flip,5,8972,8
gradcam-77f5e22d03b60512e6a7,population-2a9bc5280db4a65672a1bbcb,survface,survface:unknown_unknown_probe:distractors_2185,adaface-4df25b75e065b0b9ed43,pca,pca_128,pca_reconstruction_cosine,0.2,False,frozen_origin,0.0931891500949859,False,False,False,True,True,0.8493841068205957,True,rank_flip,6,8972,8
gradcam-57010ad14c3dd7148461,population-2a9bc5280db4a65672a1bbcb,survface,survface:unknown_unknown_probe:distractors_2648,adaface-4df25b75e065b0b9ed43,pca,pca_128,pca_reconstruction_cosine,0.2,False,frozen_origin,0.0753607153892517,False,False,False,True,True,0.8474790416514083,True,rank_flip,7,8972,8
gradcam-1752fe7311cc4dbab925,population-2a9bc5280db4a65672a1bbcb,survface,survface:unknown_unknown_probe:distractors_2548,adaface-4df25b75e065b0b9ed43,pca,pca_128,pca_reconstruction_cosine,0.2,False,frozen_origin,0.1869259178638458,False,False,False,True,True,0.8445395201713692,True,rank_flip,8,8972,8
gradcam-a29669a11c93bd478c5d,population-2a9bc5280db4a65672a1bbcb,survface,survface:unknown_unknown_probe:5834_cam1_112,adaface-4df25b75e065b0b9ed43,pca,pca_128,pca_reconstruction_cosine,0.2,False,frozen_origin,0.0123336911201477,True,False,False,True,True,0.149888867091415,True,stable,1,8972,8
gradcam-760aae072a522c80a3c0,population-2a9bc5280db4a65672a1bbcb,survface,survface:registered_probe:5831_cam1_98,adaface-4df25b75e065b0b9ed43,pca,pca_128,pca_reconstruction_cosine,0.2,True,frozen_origin,0.0131077170372009,True,False,False,True,True,0.1532588735038481,True,stable,2,8972,8
gradcam-0ec6464a23c9991b0085,population-2a9bc5280db4a65672a1bbcb,survface,survface:registered_probe:5647_cam1_96,adaface-4df25b75e065b0b9ed43,pca,pca_128,pca_reconstruction_cosine,0.2,True,frozen_origin,0.0146452188491821,True,False,False,True,True,0.1534461118197724,True,stable,3,8972,8
gradcam-b3771295a81fc26f0faf,population-2a9bc5280db4a65672a1bbcb,survface,survface:registered_probe:9349_cam1_5,adaface-4df25b75e065b0b9ed43,pca,pca_128,pca_reconstruction_cosine,0.2,True,frozen_origin,0.0107415318489074,True,False,False,True,True,0.154765362476248,True,stable,4,8972,8
gradcam-d997e869486dc6ba2671,population-2a9bc5280db4a65672a1bbcb,survface,survface:unknown_unknown_probe:8905_cam2_29,adaface-4df25b75e065b0b9ed43,pca,pca_128,pca_reconstruction_cosine,0.2,False,frozen_origin,0.011402428150177,True,False,False,True,True,0.1548985426694803,True,stable,5,8972,8
gradcam-7688fc44090ac108db3a,population-2a9bc5280db4a65672a1bbcb,survface,survface:unknown_unknown_probe:5863_cam1_151,adaface-4df25b75e065b0b9ed43,pca,pca_128,pca_reconstruction_cosine,0.2,False,frozen_origin,0.0125206112861633,True,False,False,True,True,0.155280099167741,True,stable,6,8972,8
gradcam-ca04ea69833947bcee62,population-2a9bc5280db4a65672a1bbcb,survface,survface:registered_probe:5821_cam1_108,adaface-4df25b75e065b0b9ed43,pca,pca_128,pca_reconstruction_cosine,0.2,True,frozen_origin,0.0157731175422668,True,False,False,True,True,0.1557485590272888,True,stable,7,8972,8
gradcam-ff07013a4364f3840c7c,population-2a9bc5280db4a65672a1bbcb,survface,survface:unknown_unknown_probe:10256_cam1_19,adaface-4df25b75e065b0b9ed43,pca,pca_128,pca_reconstruction_cosine,0.2,False,frozen_origin,0.0131168365478515,True,False,False,True,True,0.1562961241740554,True,stable,8,8972,8
gradcam-4e36ce8d08446ad85118,population-2a9bc5280db4a65672a1bbcb,survface,survface:registered_probe:844_cam2_1,adaface-4df25b75e065b0b9ed43,pca,pca_128,pca_reconstruction_cosine,0.2,True,frozen_origin,0.1114382743835449,True,True,False,True,True,0.7246043621312218,True,threshold_crossing,1,8972,8
gradcam-373aefe447d1feeb5cca,population-2a9bc5280db4a65672a1bbcb,survface,survface:registered_probe:5244_18,adaface-4df25b75e065b0b9ed43,pca,pca_128,pca_reconstruction_cosine,0.2,True,frozen_origin,0.0786414146423339,True,True,False,True,True,0.7189505229807355,True,threshold_crossing,2,8972,8
gradcam-85620eb49328ca48f032,population-2a9bc5280db4a65672a1bbcb,survface,survface:registered_probe:5244_20,adaface-4df25b75e065b0b9ed43,pca,pca_128,pca_reconstruction_cosine,0.2,True,frozen_origin,0.1021153926849365,True,True,False,True,True,0.7007090269444436,True,threshold_crossing,3,8972,8
gradcam-ec454a40cfbad56e705e,population-2a9bc5280db4a65672a1bbcb,survface,survface:registered_probe:5227_19,adaface-4df25b75e065b0b9ed43,pca,pca_128,pca_reconstruction_cosine,0.2,True,frozen_origin,0.0833835005760192,True,True,False,True,True,0.6743694448051369,True,threshold_crossing,4,8972,8
gradcam-66f7c105fbb0221e591d,population-2a9bc5280db4a65672a1bbcb,survface,survface:registered_probe:5244_11,adaface-4df25b75e065b0b9ed43,pca,pca_128,pca_reconstruction_cosine,0.2,True,frozen_origin,0.1204628944396972,True,True,False,True,True,0.6612247864356815,True,threshold_crossing,5,8972,8
gradcam-db62320176a5db1631cb,population-2a9bc5280db4a65672a1bbcb,survface,survface:registered_probe:5255_22,adaface-4df25b75e065b0b9ed43,pca,pca_128,pca_reconstruction_cosine,0.2,True,frozen_origin,0.0891220569610595,True,True,False,True,True,0.6244771692523944,True,threshold_crossing,6,8972,8
gradcam-c586fd817027a750d163,population-2a9bc5280db4a65672a1bbcb,survface,survface:registered_probe:5241_25,adaface-4df25b75e065b0b9ed43,pca,pca_128,pca_reconstruction_cosine,0.2,True,frozen_origin,0.0410279631614685,True,True,False,True,True,0.621747304530852,True,threshold_crossing,7,8972,8
gradcam-690105db663258ce3723,population-2a9bc5280db4a65672a1bbcb,survface,survface:registered_probe:5293_16,adaface-4df25b75e065b0b9ed43,pca,pca_128,pca_reconstruction_cosine,0.2,True,frozen_origin,0.0683516263961792,True,True,False,True,True,0.6092116506325856,True,threshold_crossing,8,8972,8
gradcam-da042cd3c64b8c297630,population-2a9bc5280db4a65672a1bbcb,survface,survface:registered_probe:4072_cam2_1,adaface-4df25b75e065b0b9ed43,pca,pca_128,pca_reconstruction_cosine,0.3,True,frozen_origin,0.0973235964775085,True,False,False,True,True,0.9020439018833109,True,high_error,1,8972,8
gradcam-73cc05cae4d7c8b6bf06,population-2a9bc5280db4a65672a1bbcb,survface,survface:registered_probe:2742_cam2_1,adaface-4df25b75e065b0b9ed43,pca,pca_128,pca_reconstruction_cosine,0.3,True,frozen_origin,0.0076399147510528,True,False,False,True,True,0.8794972743321096,True,high_error,2,8972,8
gradcam-996f2b7d26195ef74ebe,population-2a9bc5280db4a65672a1bbcb,survface,survface:unknown_unknown_probe:distractors_2510,adaface-4df25b75e065b0b9ed43,pca,pca_128,pca_reconstruction_cosine,0.3,False,frozen_origin,0.0571002066135406,True,False,False,True,True,0.8644421869702986,True,high_error,3,8972,8
gradcam-c527917438819da070e9,population-2a9bc5280db4a65672a1bbcb,survface,survface:unknown_unknown_probe:distractors_1458,adaface-4df25b75e065b0b9ed43,pca,pca_128,pca_reconstruction_cosine,0.3,False,frozen_origin,0.0978651046752929,True,False,False,True,True,0.8609926621649538,True,high_error,4,8972,8
gradcam-4d7a50c5ad9cf5915d70,population-2a9bc5280db4a65672a1bbcb,survface,survface:unknown_unknown_probe:447_cam2_1,adaface-4df25b75e065b0b9ed43,pca,pca_128,pca_reconstruction_cosine,0.3,False,frozen_origin,0.1236020326614379,True,False,False,True,True,0.8581440405322085,True,high_error,5,8972,8
gradcam-d19e57c13f052fafb6e6,population-2a9bc5280db4a65672a1bbcb,survface,survface:unknown_unknown_probe:distractors_2345,adaface-4df25b75e065b0b9ed43,pca,pca_128,pca_reconstruction_cosine,0.3,False,frozen_origin,0.1219210028648376,True,False,False,True,True,0.845565700370191,True,high_error,6,8972,8
gradcam-80ae2f5e2f1ac6c051c6,population-2a9bc5280db4a65672a1bbcb,survface,survface:unknown_unknown_probe:728_cam2_1,adaface-4df25b75e065b0b9ed43,pca,pca_128,pca_reconstruction_cosine,0.3,False,frozen_origin,0.0944035649299621,True,False,False,True,True,0.8377059685664574,True,high_error,7,8972,8
gradcam-71c4162e7ff3ada0c175,population-2a9bc5280db4a65672a1bbcb,survface,survface:unknown_unknown_probe:distractors_3599,adaface-4df25b75e065b0b9ed43,pca,pca_128,pca_reconstruction_cosine,0.3,False,frozen_origin,0.1655860841274261,True,False,False,True,True,0.8332205418640266,True,high_error,8,8972,8
gradcam-43b5fb3a23b452458e38,population-2a9bc5280db4a65672a1bbcb,survface,survface:registered_probe:2973_cam3_1,adaface-4df25b75e065b0b9ed43,pca,pca_128,pca_reconstruction_cosine,0.3,True,frozen_origin,-0.0029416978359222,False,False,False,True,True,0.961337869359424,True,rank_flip,1,8972,8
gradcam-38276ef917698ce6b6c5,population-2a9bc5280db4a65672a1bbcb,survface,survface:unknown_unknown_probe:distractors_3188,adaface-4df25b75e065b0b9ed43,pca,pca_128,pca_reconstruction_cosine,0.3,False,frozen_origin,0.1709141135215759,False,False,False,True,True,0.8903197457572789,True,rank_flip,2,8972,8
gradcam-0c06103f2eabd50624fc,population-2a9bc5280db4a65672a1bbcb,survface,survface:unknown_unknown_probe:distractors_4412,adaface-4df25b75e065b0b9ed43,pca,pca_128,pca_reconstruction_cosine,0.3,False,frozen_origin,0.0422289967536926,False,False,False,True,True,0.8758801398982771,True,rank_flip,3,8972,8
gradcam-4086d0fc6e6607d22c98,population-2a9bc5280db4a65672a1bbcb,survface,survface:unknown_unknown_probe:distractors_4672,adaface-4df25b75e065b0b9ed43,pca,pca_128,pca_reconstruction_cosine,0.3,False,frozen_origin,-0.0010892748832702,False,False,False,True,True,0.8589718969845928,True,rank_flip,4,8972,8
gradcam-07f1998e41b578d5ef23,population-2a9bc5280db4a65672a1bbcb,survface,survface:unknown_unknown_probe:distractors_21592,adaface-4df25b75e065b0b9ed43,pca,pca_128,pca_reconstruction_cosine,0.3,False,frozen_origin,0.0243939757347106,False,False,False,True,True,0.8535199792065605,True,rank_flip,5,8972,8
gradcam-c8ccd4006be196f5e7ab,population-2a9bc5280db4a65672a1bbcb,survface,survface:unknown_unknown_probe:distractors_2185,adaface-4df25b75e065b0b9ed43,pca,pca_128,pca_reconstruction_cosine,0.3,False,frozen_origin,0.0931891500949859,False,False,False,True,True,0.8493841068205957,True,rank_flip,6,8972,8
gradcam-e510acd968a9402213cf,population-2a9bc5280db4a65672a1bbcb,survface,survface:unknown_unknown_probe:distractors_2648,adaface-4df25b75e065b0b9ed43,pca,pca_128,pca_reconstruction_cosine,0.3,False,frozen_origin,0.0753607153892517,False,False,False,True,True,0.8474790416514083,True,rank_flip,7,8972,8
gradcam-93e91f3dd4f5583edc41,population-2a9bc5280db4a65672a1bbcb,survface,survface:unknown_unknown_probe:distractors_2548,adaface-4df25b75e065b0b9ed43,pca,pca_128,pca_reconstruction_cosine,0.3,False,frozen_origin,0.1869259178638458,False,False,False,True,True,0.8445395201713692,True,rank_flip,8,8972,8
gradcam-d860ac13cb81403b4659,population-2a9bc5280db4a65672a1bbcb,survface,survface:unknown_unknown_probe:5834_cam1_112,adaface-4df25b75e065b0b9ed43,pca,pca_128,pca_reconstruction_cosine,0.3,False,frozen_origin,0.0123336911201477,True,False,False,True,True,0.149888867091415,True,stable,1,8972,8
gradcam-64f1ac62c108f26c12c2,population-2a9bc5280db4a65672a1bbcb,survface,survface:registered_probe:5831_cam1_98,adaface-4df25b75e065b0b9ed43,pca,pca_128,pca_reconstruction_cosine,0.3,True,frozen_origin,0.0131077170372009,True,False,False,True,True,0.1532588735038481,True,stable,2,8972,8
gradcam-318e740553837e40d524,population-2a9bc5280db4a65672a1bbcb,survface,survface:registered_probe:5647_cam1_96,adaface-4df25b75e065b0b9ed43,pca,pca_128,pca_reconstruction_cosine,0.3,True,frozen_origin,0.0146452188491821,True,False,False,True,True,0.1534461118197724,True,stable,3,8972,8
gradcam-3616851b59bb486cb0c6,population-2a9bc5280db4a65672a1bbcb,survface,survface:registered_probe:9349_cam1_5,adaface-4df25b75e065b0b9ed43,pca,pca_128,pca_reconstruction_cosine,0.3,True,frozen_origin,0.0107415318489074,True,False,False,True,True,0.154765362476248,True,stable,4,8972,8
gradcam-49db648518d9fa51adfb,population-2a9bc5280db4a65672a1bbcb,survface,survface:unknown_unknown_probe:8905_cam2_29,adaface-4df25b75e065b0b9ed43,pca,pca_128,pca_reconstruction_cosine,0.3,False,frozen_origin,0.011402428150177,True,False,False,True,True,0.1548985426694803,True,stable,5,8972,8
gradcam-6b15e0986ba26d566044,population-2a9bc5280db4a65672a1bbcb,survface,survface:unknown_unknown_probe:5863_cam1_151,adaface-4df25b75e065b0b9ed43,pca,pca_128,pca_reconstruction_cosine,0.3,False,frozen_origin,0.0125206112861633,True,False,False,True,True,0.155280099167741,True,stable,6,8972,8
gradcam-787fe39d7067841f7922,population-2a9bc5280db4a65672a1bbcb,survface,survface:registered_probe:5821_cam1_108,adaface-4df25b75e065b0b9ed43,pca,pca_128,pca_reconstruction_cosine,0.3,True,frozen_origin,0.0157731175422668,True,False,False,True,True,0.1557485590272888,True,stable,7,8972,8
gradcam-51b6c40af98c9a5ee9d2,population-2a9bc5280db4a65672a1bbcb,survface,survface:unknown_unknown_probe:10256_cam1_19,adaface-4df25b75e065b0b9ed43,pca,pca_128,pca_reconstruction_cosine,0.3,False,frozen_origin,0.0131168365478515,True,False,False,True,True,0.1562961241740554,True,stable,8,8972,8
gradcam-da48fb8bee4876f4333b,population-2a9bc5280db4a65672a1bbcb,survface,survface:registered_probe:5227_18,adaface-4df25b75e065b0b9ed43,pca,pca_128,pca_reconstruction_cosine,0.3,True,frozen_origin,0.0842350721359252,True,True,False,True,True,0.7669101613706204,True,threshold_crossing,1,8972,8
gradcam-3adfad567b5c475bee73,population-2a9bc5280db4a65672a1bbcb,survface,survface:registered_probe:5227_22,adaface-4df25b75e065b0b9ed43,pca,pca_128,pca_reconstruction_cosine,0.3,True,frozen_origin,0.0652353763580322,True,True,False,True,True,0.7267176318295546,True,threshold_crossing,2,8972,8
gradcam-e28ec5b225f05a66137e,population-2a9bc5280db4a65672a1bbcb,survface,survface:registered_probe:844_cam2_1,adaface-4df25b75e065b0b9ed43,pca,pca_128,pca_reconstruction_cosine,0.3,True,frozen_origin,0.1114382743835449,True,True,False,True,True,0.7246043621312218,True,threshold_crossing,3,8972,8
gradcam-ee338944f9009c4dd6f7,population-2a9bc5280db4a65672a1bbcb,survface,survface:registered_probe:5244_18,adaface-4df25b75e065b0b9ed43,pca,pca_128,pca_reconstruction_cosine,0.3,True,frozen_origin,0.0786414146423339,True,True,False,True,True,0.7189505229807355,True,threshold_crossing,4,8972,8
gradcam-8d673f7204214cdba688,population-2a9bc5280db4a65672a1bbcb,survface,survface:registered_probe:5263_19,adaface-4df25b75e065b0b9ed43,pca,pca_128,pca_reconstruction_cosine,0.3,True,frozen_origin,0.0984019637107849,True,True,False,True,True,0.7117567866206826,True,threshold_crossing,5,8972,8
gradcam-9762bc0884bb48f57c96,population-2a9bc5280db4a65672a1bbcb,survface,survface:registered_probe:5244_20,adaface-4df25b75e065b0b9ed43,pca,pca_128,pca_reconstruction_cosine,0.3,True,frozen_origin,0.1021153926849365,True,True,False,True,True,0.7007090269444436,True,threshold_crossing,6,8972,8
gradcam-1471c1c4e49e27201a9f,population-2a9bc5280db4a65672a1bbcb,survface,survface:registered_probe:5263_12,adaface-4df25b75e065b0b9ed43,pca,pca_128,pca_reconstruction_cosine,0.3,True,frozen_origin,0.0525858402252197,True,True,False,True,True,0.6735988385962124,True,threshold_crossing,7,8972,8
gradcam-4a7b4eb1d2ae17b440ec,population-2a9bc5280db4a65672a1bbcb,survface,survface:registered_probe:5244_25,adaface-4df25b75e065b0b9ed43,pca,pca_128,pca_reconstruction_cosine,0.3,True,frozen_origin,0.0373975038528442,True,True,False,True,True,0.6710749112537534,True,threshold_crossing,8,8972,8
gradcam-da2cf9599b124fde94f8,population-2a9bc5280db4a65672a1bbcb,survface,survface:registered_probe:4072_cam2_1,adaface-4df25b75e065b0b9ed43,pca,pca_256,pca_direct_cosine,0.01,True,frozen_origin,0.0584860444068908,True,False,False,True,True,0.6237238689439962,True,high_error,1,8972,8
gradcam-53e5c8dc05742cc61fec,population-2a9bc5280db4a65672a1bbcb,survface,survface:registered_probe:2973_cam3_1,adaface-4df25b75e065b0b9ed43,pca,pca_256,pca_direct_cosine,0.01,True,frozen_origin,0.2413344085216522,True,False,False,True,True,0.5489128667166618,True,high_error,2,8972,8
gradcam-1e75c983b525b33c6eaf,population-2a9bc5280db4a65672a1bbcb,survface,survface:registered_probe:4639_cam2_2,adaface-4df25b75e065b0b9ed43,pca,pca_256,pca_direct_cosine,0.01,True,frozen_origin,0.0548940896987915,True,False,False,True,True,0.5102903186392552,True,high_error,3,8972,8
gradcam-4f263515cbfae3951790,population-2a9bc5280db4a65672a1bbcb,survface,survface:unknown_unknown_probe:distractors_21592,adaface-4df25b75e065b0b9ed43,pca,pca_256,pca_direct_cosine,0.01,False,frozen_origin,0.1599294543266296,True,False,False,True,True,0.5039091735024762,True,high_error,4,8972,8
gradcam-f617d18e61cb93e72af2,population-2a9bc5280db4a65672a1bbcb,survface,survface:registered_probe:9197_cam1_97,adaface-4df25b75e065b0b9ed43,pca,pca_256,pca_direct_cosine,0.01,True,frozen_origin,0.0679069459438324,True,False,False,True,True,0.5037171214600741,True,high_error,5,8972,8
gradcam-2ed6ca2e9b2c7cf82939,population-2a9bc5280db4a65672a1bbcb,survface,survface:unknown_unknown_probe:distractors_4672,adaface-4df25b75e065b0b9ed43,pca,pca_256,pca_direct_cosine,0.01,False,frozen_origin,0.0038881003856658,True,False,False,True,True,0.4970029895265378,True,high_error,6,8972,8
gradcam-9fd030a62502355a14a2,population-2a9bc5280db4a65672a1bbcb,survface,survface:unknown_unknown_probe:distractors_5348,adaface-4df25b75e065b0b9ed43,pca,pca_256,pca_direct_cosine,0.01,False,frozen_origin,0.1319909691810608,True,False,False,True,True,0.4950090165905638,True,high_error,7,8972,8
gradcam-782999253485e5674bce,population-2a9bc5280db4a65672a1bbcb,survface,survface:registered_probe:5227_18,adaface-4df25b75e065b0b9ed43,pca,pca_256,pca_direct_cosine,0.01,True,frozen_origin,0.0253013372421264,True,False,False,True,True,0.4934086118556655,True,high_error,8,8972,8
gradcam-9d808c276c2e66cf780c,population-2a9bc5280db4a65672a1bbcb,survface,survface:unknown_unknown_probe:distractors_3188,adaface-4df25b75e065b0b9ed43,pca,pca_256,pca_direct_cosine,0.01,False,frozen_origin,0.0208450257778167,False,False,False,True,True,0.5959113464952569,True,rank_flip,1,8972,8
gradcam-5b6576bccadb5f65793f,population-2a9bc5280db4a65672a1bbcb,survface,survface:unknown_unknown_probe:distractors_3599,adaface-4df25b75e065b0b9ed43,pca,pca_256,pca_direct_cosine,0.01,False,frozen_origin,0.1092197299003601,False,False,False,True,True,0.5323027789145014,True,rank_flip,2,8972,8
gradcam-e6c8bcacc1e5081e978a,population-2a9bc5280db4a65672a1bbcb,survface,survface:unknown_unknown_probe:distractors_12176,adaface-4df25b75e065b0b9ed43,pca,pca_256,pca_direct_cosine,0.01,False,frozen_origin,0.1778150200843811,False,False,False,True,True,0.5121491171182353,True,rank_flip,3,8972,8
gradcam-7aca1bef8884799129ec,population-2a9bc5280db4a65672a1bbcb,survface,survface:unknown_unknown_probe:distractors_4412,adaface-4df25b75e065b0b9ed43,pca,pca_256,pca_direct_cosine,0.01,False,frozen_origin,0.1291173696517944,False,False,False,True,True,0.5063123916223383,True,rank_flip,4,8972,8
gradcam-809d5edef3510fa2cc68,population-2a9bc5280db4a65672a1bbcb,survface,survface:unknown_unknown_probe:9132_cam2_66,adaface-4df25b75e065b0b9ed43,pca,pca_256,pca_direct_cosine,0.01,False,frozen_origin,0.0621781945228576,False,False,False,True,True,0.4979045309592081,True,rank_flip,5,8972,8
gradcam-f0b8212a656462431d55,population-2a9bc5280db4a65672a1bbcb,survface,survface:unknown_unknown_probe:distractors_2185,adaface-4df25b75e065b0b9ed43,pca,pca_256,pca_direct_cosine,0.01,False,frozen_origin,0.1849608123302459,False,False,False,True,True,0.4977595230223015,True,rank_flip,6,8972,8
gradcam-90e37daa5759ecd63095,population-2a9bc5280db4a65672a1bbcb,survface,survface:unknown_unknown_probe:distractors_3189,adaface-4df25b75e065b0b9ed43,pca,pca_256,pca_direct_cosine,0.01,False,frozen_origin,0.1644744873046875,False,False,False,True,True,0.4975405500728156,True,rank_flip,7,8972,8
gradcam-d88e70a3b13c8e1b6c9b,population-2a9bc5280db4a65672a1bbcb,survface,survface:unknown_unknown_probe:distractors_12175,adaface-4df25b75e065b0b9ed43,pca,pca_256,pca_direct_cosine,0.01,False,frozen_origin,0.1047971248626709,False,False,False,True,True,0.4948722510331569,True,rank_flip,8,8972,8
gradcam-31fdcd8344b0e4ff4344,population-2a9bc5280db4a65672a1bbcb,survface,survface:registered_probe:5688_cam1_23,adaface-4df25b75e065b0b9ed43,pca,pca_256,pca_direct_cosine,0.01,True,frozen_origin,-0.2293329834938049,True,False,False,True,True,0.0720717013112559,True,stable,1,8972,8
gradcam-0fe2d8c2bfa667097074,population-2a9bc5280db4a65672a1bbcb,survface,survface:unknown_unknown_probe:5748_cam1_111,adaface-4df25b75e065b0b9ed43,pca,pca_256,pca_direct_cosine,0.01,False,frozen_origin,-0.1684167981147766,True,False,False,True,True,0.0728900418331049,True,stable,2,8972,8
gradcam-fc1b09779d816aad6682,population-2a9bc5280db4a65672a1bbcb,survface,survface:unknown_unknown_probe:5748_cam1_160,adaface-4df25b75e065b0b9ed43,pca,pca_256,pca_direct_cosine,0.01,False,frozen_origin,-0.1645681262016296,True,False,False,True,True,0.0729493643738805,True,stable,3,8972,8
gradcam-2484c199e0d5ddd128bf,population-2a9bc5280db4a65672a1bbcb,survface,survface:unknown_unknown_probe:5624_cam2_9,adaface-4df25b75e065b0b9ed43,pca,pca_256,pca_direct_cosine,0.01,False,frozen_origin,-0.2019336819648742,True,False,False,True,True,0.073325310619766,True,stable,4,8972,8
gradcam-ec91f924476b04f01927,population-2a9bc5280db4a65672a1bbcb,survface,survface:registered_probe:8941_cam3_10,adaface-4df25b75e065b0b9ed43,pca,pca_256,pca_direct_cosine,0.01,True,frozen_origin,-0.1416608095169067,True,False,False,True,True,0.0739177628925417,True,stable,5,8972,8
gradcam-9bdd75d2bf52e6fa5e61,population-2a9bc5280db4a65672a1bbcb,survface,survface:registered_probe:5826_cam1_64,adaface-4df25b75e065b0b9ed43,pca,pca_256,pca_direct_cosine,0.01,True,frozen_origin,-0.2410565018653869,True,False,False,True,True,0.074122869282972,True,stable,6,8972,8
gradcam-3d06a71cb97248e17418,population-2a9bc5280db4a65672a1bbcb,survface,survface:unknown_unknown_probe:5735_cam1_133,adaface-4df25b75e065b0b9ed43,pca,pca_256,pca_direct_cosine,0.01,False,frozen_origin,-0.1515243649482727,True,False,False,True,True,0.0748609658966541,True,stable,7,8972,8
gradcam-d0481cfdd6c987118837,population-2a9bc5280db4a65672a1bbcb,survface,survface:registered_probe:5804_cam1_17,adaface-4df25b75e065b0b9ed43,pca,pca_256,pca_direct_cosine,0.01,True,frozen_origin,-0.1654085516929626,True,False,False,True,True,0.075570843544713,True,stable,8,8972,8
gradcam-0b9734b7e575ba29dcf0,population-2a9bc5280db4a65672a1bbcb,survface,survface:registered_probe:5227_16,adaface-4df25b75e065b0b9ed43,pca,pca_256,pca_direct_cosine,0.01,True,frozen_origin,0.0125147700309753,True,True,False,True,True,0.2767141843464639,True,threshold_crossing,1,8972,8
gradcam-b5df0229f4c31322d59a,population-2a9bc5280db4a65672a1bbcb,survface,survface:unknown_unknown_probe:distractors_4002,adaface-4df25b75e065b0b9ed43,pca,pca_256,pca_direct_cosine,0.01,False,frozen_origin,0.027651309967041,True,True,False,True,True,0.1998783903439464,True,threshold_crossing,2,8972,8
gradcam-2f00fac0c954aab12c04,population-2a9bc5280db4a65672a1bbcb,survface,survface:registered_probe:2022_cam2_1,adaface-4df25b75e065b0b9ed43,pca,pca_256,pca_direct_cosine,0.01,True,frozen_origin,0.0201489329338073,True,True,False,True,True,0.180575497576936,True,threshold_crossing,3,8972,8
gradcam-8106e1da6810698bea65,population-2a9bc5280db4a65672a1bbcb,survface,survface:unknown_unknown_probe:5464_cam2_14,adaface-4df25b75e065b0b9ed43,pca,pca_256,pca_direct_cosine,0.01,False,frozen_origin,-0.0546678304672241,True,True,False,True,True,0.1653857796307113,True,threshold_crossing,4,8972,8
gradcam-885a9c93b3a2b47fbd6c,population-2a9bc5280db4a65672a1bbcb,survface,survface:registered_probe:9515_cam2_7,adaface-4df25b75e065b0b9ed43,pca,pca_256,pca_direct_cosine,0.01,True,frozen_origin,0.0059434175491333,True,True,False,True,True,0.1646398499570444,True,threshold_crossing,5,8972,8
gradcam-471ed5083230cea3b2ce,population-2a9bc5280db4a65672a1bbcb,survface,survface:unknown_unknown_probe:362_cam1_1,adaface-4df25b75e065b0b9ed43,pca,pca_256,pca_direct_cosine,0.01,False,frozen_origin,-0.0890727639198303,True,True,False,True,True,0.1636336334930993,True,threshold_crossing,6,8972,8
gradcam-0f057553e9571329eaf3,population-2a9bc5280db4a65672a1bbcb,survface,survface:unknown_unknown_probe:10443_cam2_40,adaface-4df25b75e065b0b9ed43,pca,pca_256,pca_direct_cosine,0.01,False,frozen_origin,0.0233232975006103,True,True,False,True,True,0.1621106908376975,True,threshold_crossing,7,8972,8
gradcam-d8d87c0f5990334b8f03,population-2a9bc5280db4a65672a1bbcb,survface,survface:unknown_unknown_probe:5416_cam2_26,adaface-4df25b75e065b0b9ed43,pca,pca_256,pca_direct_cosine,0.01,False,frozen_origin,-0.0754429101943969,True,True,False,True,True,0.1617098298335324,True,threshold_crossing,8,8972,8
gradcam-6cf7d3b40191ce38242a,population-2a9bc5280db4a65672a1bbcb,survface,survface:registered_probe:4072_cam2_1,adaface-4df25b75e065b0b9ed43,pca,pca_256,pca_direct_cosine,0.05,True,frozen_origin,0.0584860444068908,True,False,False,True,True,0.6237238689439962,True,high_error,1,8972,8
gradcam-aa72386deed7f79eb874,population-2a9bc5280db4a65672a1bbcb,survface,survface:registered_probe:2973_cam3_1,adaface-4df25b75e065b0b9ed43,pca,pca_256,pca_direct_cosine,0.05,True,frozen_origin,0.2413344085216522,True,False,False,True,True,0.5489128667166618,True,high_error,2,8972,8
gradcam-ecbea5d1ad1c4a245bfc,population-2a9bc5280db4a65672a1bbcb,survface,survface:registered_probe:4639_cam2_2,adaface-4df25b75e065b0b9ed43,pca,pca_256,pca_direct_cosine,0.05,True,frozen_origin,0.0548940896987915,True,False,False,True,True,0.5102903186392552,True,high_error,3,8972,8
gradcam-92cbab3b1b326f3023c3,population-2a9bc5280db4a65672a1bbcb,survface,survface:unknown_unknown_probe:distractors_21592,adaface-4df25b75e065b0b9ed43,pca,pca_256,pca_direct_cosine,0.05,False,frozen_origin,0.1599294543266296,True,False,False,True,True,0.5039091735024762,True,high_error,4,8972,8
gradcam-cd291cb31b4e6115b4d6,population-2a9bc5280db4a65672a1bbcb,survface,survface:registered_probe:9197_cam1_97,adaface-4df25b75e065b0b9ed43,pca,pca_256,pca_direct_cosine,0.05,True,frozen_origin,0.0679069459438324,True,False,False,True,True,0.5037171214600741,True,high_error,5,8972,8
gradcam-a3a9a195b858e7aff328,population-2a9bc5280db4a65672a1bbcb,survface,survface:unknown_unknown_probe:distractors_4672,adaface-4df25b75e065b0b9ed43,pca,pca_256,pca_direct_cosine,0.05,False,frozen_origin,0.0038881003856658,True,False,False,True,True,0.4970029895265378,True,high_error,6,8972,8
gradcam-f76ad0bd01861cb97930,population-2a9bc5280db4a65672a1bbcb,survface,survface:unknown_unknown_probe:distractors_5348,adaface-4df25b75e065b0b9ed43,pca,pca_256,pca_direct_cosine,0.05,False,frozen_origin,0.1319909691810608,True,False,False,True,True,0.4950090165905638,True,high_error,7,8972,8
gradcam-4159232851ddf806e46f,population-2a9bc5280db4a65672a1bbcb,survface,survface:registered_probe:5227_18,adaface-4df25b75e065b0b9ed43,pca,pca_256,pca_direct_cosine,0.05,True,frozen_origin,0.0253013372421264,True,False,False,True,True,0.4934086118556655,True,high_error,8,8972,8
gradcam-dc4dcd5ab8b139788ea3,population-2a9bc5280db4a65672a1bbcb,survface,survface:unknown_unknown_probe:distractors_3188,adaface-4df25b75e065b0b9ed43,pca,pca_256,pca_direct_cosine,0.05,False,frozen_origin,0.0208450257778167,False,False,False,True,True,0.5959113464952569,True,rank_flip,1,8972,8
gradcam-b23c75f1c2ad85510319,population-2a9bc5280db4a65672a1bbcb,survface,survface:unknown_unknown_probe:distractors_3599,adaface-4df25b75e065b0b9ed43,pca,pca_256,pca_direct_cosine,0.05,False,frozen_origin,0.1092197299003601,False,False,False,True,True,0.5323027789145014,True,rank_flip,2,8972,8
gradcam-ca23564be309791cc14e,population-2a9bc5280db4a65672a1bbcb,survface,survface:unknown_unknown_probe:distractors_12176,adaface-4df25b75e065b0b9ed43,pca,pca_256,pca_direct_cosine,0.05,False,frozen_origin,0.1778150200843811,False,False,False,True,True,0.5121491171182353,True,rank_flip,3,8972,8
gradcam-c7b0d5ff2e936880b67e,population-2a9bc5280db4a65672a1bbcb,survface,survface:unknown_unknown_probe:distractors_4412,adaface-4df25b75e065b0b9ed43,pca,pca_256,pca_direct_cosine,0.05,False,frozen_origin,0.1291173696517944,False,False,False,True,True,0.5063123916223383,True,rank_flip,4,8972,8
gradcam-358cd204e8d9495ecef6,population-2a9bc5280db4a65672a1bbcb,survface,survface:unknown_unknown_probe:9132_cam2_66,adaface-4df25b75e065b0b9ed43,pca,pca_256,pca_direct_cosine,0.05,False,frozen_origin,0.0621781945228576,False,False,False,True,True,0.4979045309592081,True,rank_flip,5,8972,8
gradcam-daf58e470f99e4a57350,population-2a9bc5280db4a65672a1bbcb,survface,survface:unknown_unknown_probe:distractors_2185,adaface-4df25b75e065b0b9ed43,pca,pca_256,pca_direct_cosine,0.05,False,frozen_origin,0.1849608123302459,False,False,False,True,True,0.4977595230223015,True,rank_flip,6,8972,8
gradcam-2b666bdc997fe51669cd,population-2a9bc5280db4a65672a1bbcb,survface,survface:unknown_unknown_probe:distractors_3189,adaface-4df25b75e065b0b9ed43,pca,pca_256,pca_direct_cosine,0.05,False,frozen_origin,0.1644744873046875,False,False,False,True,True,0.4975405500728156,True,rank_flip,7,8972,8
gradcam-f2e6864293c713a2564f,population-2a9bc5280db4a65672a1bbcb,survface,survface:unknown_unknown_probe:distractors_12175,adaface-4df25b75e065b0b9ed43,pca,pca_256,pca_direct_cosine,0.05,False,frozen_origin,0.1047971248626709,False,False,False,True,True,0.4948722510331569,True,rank_flip,8,8972,8
gradcam-b799fca4e59a8317cd60,population-2a9bc5280db4a65672a1bbcb,survface,survface:unknown_unknown_probe:5748_cam1_111,adaface-4df25b75e065b0b9ed43,pca,pca_256,pca_direct_cosine,0.05,False,frozen_origin,-0.1684167981147766,True,False,False,True,True,0.0728900418331049,True,stable,1,8972,8
gradcam-2c11bfef1477d3034d0a,population-2a9bc5280db4a65672a1bbcb,survface,survface:unknown_unknown_probe:5748_cam1_160,adaface-4df25b75e065b0b9ed43,pca,pca_256,pca_direct_cosine,0.05,False,frozen_origin,-0.1645681262016296,True,False,False,True,True,0.0729493643738805,True,stable,2,8972,8
gradcam-48edeecd40dd7592dc89,population-2a9bc5280db4a65672a1bbcb,survface,survface:registered_probe:5826_cam1_64,adaface-4df25b75e065b0b9ed43,pca,pca_256,pca_direct_cosine,0.05,True,frozen_origin,-0.2410565018653869,True,False,False,True,True,0.074122869282972,True,stable,3,8972,8
gradcam-23b76e459ae86f826537,population-2a9bc5280db4a65672a1bbcb,survface,survface:unknown_unknown_probe:5735_cam1_133,adaface-4df25b75e065b0b9ed43,pca,pca_256,pca_direct_cosine,0.05,False,frozen_origin,-0.1515243649482727,True,False,False,True,True,0.0748609658966541,True,stable,4,8972,8
gradcam-96e933853559b9934a57,population-2a9bc5280db4a65672a1bbcb,survface,survface:registered_probe:5804_cam1_17,adaface-4df25b75e065b0b9ed43,pca,pca_256,pca_direct_cosine,0.05,True,frozen_origin,-0.1654085516929626,True,False,False,True,True,0.075570843544713,True,stable,5,8972,8
gradcam-f7be637497cd7b7596bf,population-2a9bc5280db4a65672a1bbcb,survface,survface:unknown_unknown_probe:10267_cam2_44,adaface-4df25b75e065b0b9ed43,pca,pca_256,pca_direct_cosine,0.05,False,frozen_origin,-0.2784088551998138,True,False,False,True,True,0.0757637926915027,True,stable,6,8972,8
gradcam-c5f57c2846199bb77796,population-2a9bc5280db4a65672a1bbcb,survface,survface:unknown_unknown_probe:5733_cam1_154,adaface-4df25b75e065b0b9ed43,pca,pca_256,pca_direct_cosine,0.05,False,frozen_origin,-0.2388740181922912,True,False,False,True,True,0.0761297625252192,True,stable,7,8972,8
gradcam-d920b4d38aa265a3b3b4,population-2a9bc5280db4a65672a1bbcb,survface,survface:unknown_unknown_probe:10605_cam3_24,adaface-4df25b75e065b0b9ed43,pca,pca_256,pca_direct_cosine,0.05,False,frozen_origin,-0.2070744037628173,True,False,False,True,True,0.0766905754551543,True,stable,8,8972,8
gradcam-7dab6f8f2b1de5f776c3,population-2a9bc5280db4a65672a1bbcb,survface,survface:registered_probe:5244_23,adaface-4df25b75e065b0b9ed43,pca,pca_256,pca_direct_cosine,0.05,True,frozen_origin,0.0472829937934875,True,True,False,True,True,0.3442965395011105,True,threshold_crossing,1,8972,8
gradcam-fd6de0608274a644bb14,population-2a9bc5280db4a65672a1bbcb,survface,survface:unknown_unknown_probe:1346_cam1_1,adaface-4df25b75e065b0b9ed43,pca,pca_256,pca_direct_cosine,0.05,False,frozen_origin,0.0450494885444641,True,True,False,True,True,0.2578871838031369,True,threshold_crossing,2,8972,8
gradcam-857da4d5202d4164fba0,population-2a9bc5280db4a65672a1bbcb,survface,survface:unknown_unknown_probe:5442_cam2_11,adaface-4df25b75e065b0b9ed43,pca,pca_256,pca_direct_cosine,0.05,False,frozen_origin,-0.0583537817001342,False,True,False,True,True,0.2001533496343971,True,threshold_crossing,3,8972,8
gradcam-c1944474735efee05868,population-2a9bc5280db4a65672a1bbcb,survface,survface:unknown_unknown_probe:5416_cam2_27,adaface-4df25b75e065b0b9ed43,pca,pca_256,pca_direct_cosine,0.05,False,frozen_origin,-0.0589523911476135,True,True,False,True,True,0.1833746878089199,True,threshold_crossing,4,8972,8
gradcam-aa093d983b383b7b96f1,population-2a9bc5280db4a65672a1bbcb,survface,survface:unknown_unknown_probe:9179_cam2_48,adaface-4df25b75e065b0b9ed43,pca,pca_256,pca_direct_cosine,0.05,False,frozen_origin,-0.0439144968986511,True,True,False,True,True,0.1810090681825668,True,threshold_crossing,5,8972,8
gradcam-63e9124fcc442b38be31,population-2a9bc5280db4a65672a1bbcb,survface,survface:unknown_unknown_probe:10136_cam2_11,adaface-4df25b75e065b0b9ed43,pca,pca_256,pca_direct_cosine,0.05,False,frozen_origin,-0.0617896318435668,True,True,False,True,True,0.1808061055875857,True,threshold_crossing,6,8972,8
gradcam-5c692667f502329105ab,population-2a9bc5280db4a65672a1bbcb,survface,survface:unknown_unknown_probe:3182_cam2_1,adaface-4df25b75e065b0b9ed43,pca,pca_256,pca_direct_cosine,0.05,False,frozen_origin,-0.0807415843009948,True,True,False,True,True,0.1799797439345922,True,threshold_crossing,7,8972,8
gradcam-7264b37e557d985c5c5c,population-2a9bc5280db4a65672a1bbcb,survface,survface:registered_probe:5800_cam1_120,adaface-4df25b75e065b0b9ed43,pca,pca_256,pca_direct_cosine,0.05,True,frozen_origin,-0.0777997970581054,True,True,False,True,True,0.1793534836099325,True,threshold_crossing,8,8972,8
gradcam-64c31b7b1d05885fc49e,population-2a9bc5280db4a65672a1bbcb,survface,survface:registered_probe:4072_cam2_1,adaface-4df25b75e065b0b9ed43,pca,pca_256,pca_direct_cosine,0.1,True,frozen_origin,0.0584860444068908,True,False,False,True,True,0.6237238689439962,True,high_error,1,8972,8
gradcam-2e8f4393ee5aea212f1a,population-2a9bc5280db4a65672a1bbcb,survface,survface:registered_probe:2973_cam3_1,adaface-4df25b75e065b0b9ed43,pca,pca_256,pca_direct_cosine,0.1,True,frozen_origin,0.2413344085216522,True,False,False,True,True,0.5489128667166618,True,high_error,2,8972,8
gradcam-38a09d7b8ffb4169b533,population-2a9bc5280db4a65672a1bbcb,survface,survface:registered_probe:4639_cam2_2,adaface-4df25b75e065b0b9ed43,pca,pca_256,pca_direct_cosine,0.1,True,frozen_origin,0.0548940896987915,True,False,False,True,True,0.5102903186392552,True,high_error,3,8972,8
gradcam-5749bed36552baf33ac6,population-2a9bc5280db4a65672a1bbcb,survface,survface:unknown_unknown_probe:distractors_21592,adaface-4df25b75e065b0b9ed43,pca,pca_256,pca_direct_cosine,0.1,False,frozen_origin,0.1599294543266296,True,False,False,True,True,0.5039091735024762,True,high_error,4,8972,8
gradcam-325a5a5a8ac298b9fc8b,population-2a9bc5280db4a65672a1bbcb,survface,survface:registered_probe:9197_cam1_97,adaface-4df25b75e065b0b9ed43,pca,pca_256,pca_direct_cosine,0.1,True,frozen_origin,0.0679069459438324,True,False,False,True,True,0.5037171214600741,True,high_error,5,8972,8
gradcam-7fc143b3c8ca9e508e51,population-2a9bc5280db4a65672a1bbcb,survface,survface:unknown_unknown_probe:distractors_4672,adaface-4df25b75e065b0b9ed43,pca,pca_256,pca_direct_cosine,0.1,False,frozen_origin,0.0038881003856658,True,False,False,True,True,0.4970029895265378,True,high_error,6,8972,8
gradcam-65374155754a5fc8d95a,population-2a9bc5280db4a65672a1bbcb,survface,survface:unknown_unknown_probe:distractors_5348,adaface-4df25b75e065b0b9ed43,pca,pca_256,pca_direct_cosine,0.1,False,frozen_origin,0.1319909691810608,True,False,False,True,True,0.4950090165905638,True,high_error,7,8972,8
gradcam-7c5cbd25bc2b605aba48,population-2a9bc5280db4a65672a1bbcb,survface,survface:registered_probe:5227_18,adaface-4df25b75e065b0b9ed43,pca,pca_256,pca_direct_cosine,0.1,True,frozen_origin,0.0253013372421264,True,False,False,True,True,0.4934086118556655,True,high_error,8,8972,8
gradcam-a6ff89c8b681c66ab1a7,population-2a9bc5280db4a65672a1bbcb,survface,survface:unknown_unknown_probe:distractors_3188,adaface-4df25b75e065b0b9ed43,pca,pca_256,pca_direct_cosine,0.1,False,frozen_origin,0.0208450257778167,False,False,False,True,True,0.5959113464952569,True,rank_flip,1,8972,8
gradcam-4836ec80555c35f802c3,population-2a9bc5280db4a65672a1bbcb,survface,survface:unknown_unknown_probe:distractors_3599,adaface-4df25b75e065b0b9ed43,pca,pca_256,pca_direct_cosine,0.1,False,frozen_origin,0.1092197299003601,False,False,False,True,True,0.5323027789145014,True,rank_flip,2,8972,8
gradcam-198aeb3845d3de3d9a68,population-2a9bc5280db4a65672a1bbcb,survface,survface:unknown_unknown_probe:distractors_12176,adaface-4df25b75e065b0b9ed43,pca,pca_256,pca_direct_cosine,0.1,False,frozen_origin,0.1778150200843811,False,False,False,True,True,0.5121491171182353,True,rank_flip,3,8972,8
gradcam-442cc212b4ce2653547a,population-2a9bc5280db4a65672a1bbcb,survface,survface:unknown_unknown_probe:distractors_4412,adaface-4df25b75e065b0b9ed43,pca,pca_256,pca_direct_cosine,0.1,False,frozen_origin,0.1291173696517944,False,False,False,True,True,0.5063123916223383,True,rank_flip,4,8972,8
gradcam-32c54542b9427f8e6e77,population-2a9bc5280db4a65672a1bbcb,survface,survface:unknown_unknown_probe:9132_cam2_66,adaface-4df25b75e065b0b9ed43,pca,pca_256,pca_direct_cosine,0.1,False,frozen_origin,0.0621781945228576,False,False,False,True,True,0.4979045309592081,True,rank_flip,5,8972,8
gradcam-4431b9bb089e2c65d6b8,population-2a9bc5280db4a65672a1bbcb,survface,survface:unknown_unknown_probe:distractors_2185,adaface-4df25b75e065b0b9ed43,pca,pca_256,pca_direct_cosine,0.1,False,frozen_origin,0.1849608123302459,False,False,False,True,True,0.4977595230223015,True,rank_flip,6,8972,8
gradcam-e2ee5cace6e1e210c8e1,population-2a9bc5280db4a65672a1bbcb,survface,survface:unknown_unknown_probe:distractors_3189,adaface-4df25b75e065b0b9ed43,pca,pca_256,pca_direct_cosine,0.1,False,frozen_origin,0.1644744873046875,False,False,False,True,True,0.4975405500728156,True,rank_flip,7,8972,8
gradcam-1008017e7a5093206897,population-2a9bc5280db4a65672a1bbcb,survface,survface:unknown_unknown_probe:distractors_12175,adaface-4df25b75e065b0b9ed43,pca,pca_256,pca_direct_cosine,0.1,False,frozen_origin,0.1047971248626709,False,False,False,True,True,0.4948722510331569,True,rank_flip,8,8972,8
gradcam-7cadecb1f6c88111f4d0,population-2a9bc5280db4a65672a1bbcb,survface,survface:unknown_unknown_probe:5748_cam1_111,adaface-4df25b75e065b0b9ed43,pca,pca_256,pca_direct_cosine,0.1,False,frozen_origin,-0.1684167981147766,True,False,False,True,True,0.0728900418331049,True,stable,1,8972,8
gradcam-218b57b4e3d98ff39fd0,population-2a9bc5280db4a65672a1bbcb,survface,survface:unknown_unknown_probe:5735_cam1_133,adaface-4df25b75e065b0b9ed43,pca,pca_256,pca_direct_cosine,0.1,False,frozen_origin,-0.1515243649482727,True,False,False,True,True,0.0748609658966541,True,stable,2,8972,8
gradcam-47b62c1b2bc780be3bbe,population-2a9bc5280db4a65672a1bbcb,survface,survface:registered_probe:5647_cam1_47,adaface-4df25b75e065b0b9ed43,pca,pca_256,pca_direct_cosine,0.1,True,frozen_origin,-0.1202365159988403,True,False,False,True,True,0.0778897326118335,True,stable,3,8972,8
gradcam-ab57771eebf7ca618e89,population-2a9bc5280db4a65672a1bbcb,survface,survface:unknown_unknown_probe:5742_cam1_93,adaface-4df25b75e065b0b9ed43,pca,pca_256,pca_direct_cosine,0.1,False,frozen_origin,-0.1707119941711425,True,False,False,True,True,0.0779585566596207,True,stable,4,8972,8
gradcam-7f99387887b69a73f949,population-2a9bc5280db4a65672a1bbcb,survface,survface:unknown_unknown_probe:10268_cam2_13,adaface-4df25b75e065b0b9ed43,pca,pca_256,pca_direct_cosine,0.1,False,frozen_origin,-0.1602639555931091,True,False,False,True,True,0.0787743028075166,True,stable,5,8972,8
gradcam-9ffed2c67b3cc9d8df5c,population-2a9bc5280db4a65672a1bbcb,survface,survface:unknown_unknown_probe:5777_cam2_21,adaface-4df25b75e065b0b9ed43,pca,pca_256,pca_direct_cosine,0.1,False,frozen_origin,-0.2079440951347351,True,False,False,True,True,0.0789998049553747,True,stable,6,8972,8
gradcam-9122d2624dad705d3ef4,population-2a9bc5280db4a65672a1bbcb,survface,survface:unknown_unknown_probe:5748_cam1_122,adaface-4df25b75e065b0b9ed43,pca,pca_256,pca_direct_cosine,0.1,False,frozen_origin,-0.1451972126960754,True,False,False,True,True,0.0790733052231074,True,stable,7,8972,8
gradcam-12e4156648f4273723ab,population-2a9bc5280db4a65672a1bbcb,survface,survface:registered_probe:5743_cam1_136,adaface-4df25b75e065b0b9ed43,pca,pca_256,pca_direct_cosine,0.1,True,frozen_origin,-0.1183026432991027,True,False,False,True,True,0.0792875864640595,True,stable,8,8972,8
gradcam-0ddba1c37bb186b57c9e,population-2a9bc5280db4a65672a1bbcb,survface,survface:registered_probe:5244_23,adaface-4df25b75e065b0b9ed43,pca,pca_256,pca_direct_cosine,0.1,True,frozen_origin,0.0472829937934875,True,True,False,True,True,0.3442965395011105,True,threshold_crossing,1,8972,8
gradcam-8365e15e0c4320d4a786,population-2a9bc5280db4a65672a1bbcb,survface,survface:registered_probe:262_cam1_1,adaface-4df25b75e065b0b9ed43,pca,pca_256,pca_direct_cosine,0.1,True,frozen_origin,0.0948512554168701,True,True,False,True,True,0.3254926515131466,True,threshold_crossing,2,8972,8
gradcam-83704cbedc8d5bd95281,population-2a9bc5280db4a65672a1bbcb,survface,survface:registered_probe:5578_cam2_12,adaface-4df25b75e065b0b9ed43,pca,pca_256,pca_direct_cosine,0.1,True,frozen_origin,-0.0437668561935424,True,True,False,True,True,0.2143002686082705,True,threshold_crossing,3,8972,8
gradcam-d8df0867023d9e21d081,population-2a9bc5280db4a65672a1bbcb,survface,survface:unknown_unknown_probe:9339_cam3_65,adaface-4df25b75e065b0b9ed43,pca,pca_256,pca_direct_cosine,0.1,False,frozen_origin,-0.2318494319915771,True,True,False,True,True,0.2078512819886122,True,threshold_crossing,4,8972,8
gradcam-6ef5ede35f020a86bd2a,population-2a9bc5280db4a65672a1bbcb,survface,survface:registered_probe:5578_cam2_148,adaface-4df25b75e065b0b9ed43,pca,pca_256,pca_direct_cosine,0.1,True,frozen_origin,-0.0241232514381408,True,True,False,True,True,0.2074255708640809,True,threshold_crossing,5,8972,8
gradcam-77abbd2a067e0d401aca,population-2a9bc5280db4a65672a1bbcb,survface,survface:registered_probe:5789_cam1_116,adaface-4df25b75e065b0b9ed43,pca,pca_256,pca_direct_cosine,0.1,True,frozen_origin,-0.0685921907424926,True,True,False,True,True,0.2068569086245813,True,threshold_crossing,6,8972,8
gradcam-3905102f2a400a35e1c2,population-2a9bc5280db4a65672a1bbcb,survface,survface:registered_probe:5789_cam1_121,adaface-4df25b75e065b0b9ed43,pca,pca_256,pca_direct_cosine,0.1,True,frozen_origin,-0.0473197102546691,True,True,False,True,True,0.2056825594293876,True,threshold_crossing,7,8972,8
gradcam-ef9d12230d50c114fe11,population-2a9bc5280db4a65672a1bbcb,survface,survface:registered_probe:5789_cam1_120,adaface-4df25b75e065b0b9ed43,pca,pca_256,pca_direct_cosine,0.1,True,frozen_origin,-0.0593523383140563,True,True,False,True,True,0.2048306649676485,True,threshold_crossing,8,8972,8
gradcam-25552556d795fa7911e9,population-2a9bc5280db4a65672a1bbcb,survface,survface:registered_probe:4072_cam2_1,adaface-4df25b75e065b0b9ed43,pca,pca_256,pca_direct_cosine,0.2,True,frozen_origin,0.0584860444068908,True,False,False,True,True,0.6237238689439962,True,high_error,1,8972,8
gradcam-adf3ea861a3dfcc4d9b5,population-2a9bc5280db4a65672a1bbcb,survface,survface:registered_probe:2973_cam3_1,adaface-4df25b75e065b0b9ed43,pca,pca_256,pca_direct_cosine,0.2,True,frozen_origin,0.2413344085216522,True,False,False,True,True,0.5489128667166618,True,high_error,2,8972,8
gradcam-1a6eb9f69c6be227ab3b,population-2a9bc5280db4a65672a1bbcb,survface,survface:registered_probe:4639_cam2_2,adaface-4df25b75e065b0b9ed43,pca,pca_256,pca_direct_cosine,0.2,True,frozen_origin,0.0548940896987915,True,False,False,True,True,0.5102903186392552,True,high_error,3,8972,8
gradcam-901af1e0906b9691496f,population-2a9bc5280db4a65672a1bbcb,survface,survface:unknown_unknown_probe:distractors_21592,adaface-4df25b75e065b0b9ed43,pca,pca_256,pca_direct_cosine,0.2,False,frozen_origin,0.1599294543266296,True,False,False,True,True,0.5039091735024762,True,high_error,4,8972,8
gradcam-1e5d682776e0d92d6d6e,population-2a9bc5280db4a65672a1bbcb,survface,survface:registered_probe:9197_cam1_97,adaface-4df25b75e065b0b9ed43,pca,pca_256,pca_direct_cosine,0.2,True,frozen_origin,0.0679069459438324,True,False,False,True,True,0.5037171214600741,True,high_error,5,8972,8
gradcam-feaca3a53b28c0b5e998,population-2a9bc5280db4a65672a1bbcb,survface,survface:unknown_unknown_probe:distractors_4672,adaface-4df25b75e065b0b9ed43,pca,pca_256,pca_direct_cosine,0.2,False,frozen_origin,0.0038881003856658,True,False,False,True,True,0.4970029895265378,True,high_error,6,8972,8
gradcam-6520da50c9da1683b975,population-2a9bc5280db4a65672a1bbcb,survface,survface:unknown_unknown_probe:distractors_5348,adaface-4df25b75e065b0b9ed43,pca,pca_256,pca_direct_cosine,0.2,False,frozen_origin,0.1319909691810608,True,False,False,True,True,0.4950090165905638,True,high_error,7,8972,8
gradcam-c76002637881080cd724,population-2a9bc5280db4a65672a1bbcb,survface,survface:registered_probe:5227_18,adaface-4df25b75e065b0b9ed43,pca,pca_256,pca_direct_cosine,0.2,True,frozen_origin,0.0253013372421264,True,False,False,True,True,0.4934086118556655,True,high_error,8,8972,8
gradcam-b12c0e00c588fd206d06,population-2a9bc5280db4a65672a1bbcb,survface,survface:unknown_unknown_probe:distractors_3188,adaface-4df25b75e065b0b9ed43,pca,pca_256,pca_direct_cosine,0.2,False,frozen_origin,0.0208450257778167,False,False,False,True,True,0.5959113464952569,True,rank_flip,1,8972,8
gradcam-58aac8336b6440aceb4f,population-2a9bc5280db4a65672a1bbcb,survface,survface:unknown_unknown_probe:distractors_3599,adaface-4df25b75e065b0b9ed43,pca,pca_256,pca_direct_cosine,0.2,False,frozen_origin,0.1092197299003601,False,False,False,True,True,0.5323027789145014,True,rank_flip,2,8972,8
gradcam-a7eb43e8d31213ce1f01,population-2a9bc5280db4a65672a1bbcb,survface,survface:unknown_unknown_probe:distractors_12176,adaface-4df25b75e065b0b9ed43,pca,pca_256,pca_direct_cosine,0.2,False,frozen_origin,0.1778150200843811,False,False,False,True,True,0.5121491171182353,True,rank_flip,3,8972,8
gradcam-d783b2563ffeeac088d4,population-2a9bc5280db4a65672a1bbcb,survface,survface:unknown_unknown_probe:distractors_4412,adaface-4df25b75e065b0b9ed43,pca,pca_256,pca_direct_cosine,0.2,False,frozen_origin,0.1291173696517944,False,False,False,True,True,0.5063123916223383,True,rank_flip,4,8972,8
gradcam-158d2c87041d334b37d6,population-2a9bc5280db4a65672a1bbcb,survface,survface:unknown_unknown_probe:9132_cam2_66,adaface-4df25b75e065b0b9ed43,pca,pca_256,pca_direct_cosine,0.2,False,frozen_origin,0.0621781945228576,False,False,False,True,True,0.4979045309592081,True,rank_flip,5,8972,8
gradcam-d3d288d38c195bbdd345,population-2a9bc5280db4a65672a1bbcb,survface,survface:unknown_unknown_probe:distractors_2185,adaface-4df25b75e065b0b9ed43,pca,pca_256,pca_direct_cosine,0.2,False,frozen_origin,0.1849608123302459,False,False,False,True,True,0.4977595230223015,True,rank_flip,6,8972,8
gradcam-9d5a61236f23054f1944,population-2a9bc5280db4a65672a1bbcb,survface,survface:unknown_unknown_probe:distractors_3189,adaface-4df25b75e065b0b9ed43,pca,pca_256,pca_direct_cosine,0.2,False,frozen_origin,0.1644744873046875,False,False,False,True,True,0.4975405500728156,True,rank_flip,7,8972,8
gradcam-b2166db9ec7e98fd1e8a,population-2a9bc5280db4a65672a1bbcb,survface,survface:unknown_unknown_probe:distractors_12175,adaface-4df25b75e065b0b9ed43,pca,pca_256,pca_direct_cosine,0.2,False,frozen_origin,0.1047971248626709,False,False,False,True,True,0.4948722510331569,True,rank_flip,8,8972,8
gradcam-ce1ef2658569a3989ece,population-2a9bc5280db4a65672a1bbcb,survface,survface:registered_probe:5789_cam1_21,adaface-4df25b75e065b0b9ed43,pca,pca_256,pca_direct_cosine,0.2,True,frozen_origin,-0.1351406574249267,True,False,False,True,True,0.0744870312012506,True,stable,1,8972,8
gradcam-481545d97dac3888f5db,population-2a9bc5280db4a65672a1bbcb,survface,survface:registered_probe:5647_cam1_47,adaface-4df25b75e065b0b9ed43,pca,pca_256,pca_direct_cosine,0.2,True,frozen_origin,-0.1202365159988403,True,False,False,True,True,0.0778897326118335,True,stable,2,8972,8
gradcam-7b6aa8feea0f441c378c,population-2a9bc5280db4a65672a1bbcb,survface,survface:registered_probe:5743_cam1_136,adaface-4df25b75e065b0b9ed43,pca,pca_256,pca_direct_cosine,0.2,True,frozen_origin,-0.1183026432991027,True,False,False,True,True,0.0792875864640595,True,stable,3,8972,8
gradcam-1b49cdf8745fa65ece8b,population-2a9bc5280db4a65672a1bbcb,survface,survface:unknown_unknown_probe:5670_cam1_26,adaface-4df25b75e065b0b9ed43,pca,pca_256,pca_direct_cosine,0.2,False,frozen_origin,-0.2283361852169037,True,False,False,True,True,0.0803612692961975,True,stable,4,8972,8
gradcam-2be05ccfc457e88cf13e,population-2a9bc5280db4a65672a1bbcb,survface,survface:unknown_unknown_probe:5751_cam1_14,adaface-4df25b75e065b0b9ed43,pca,pca_256,pca_direct_cosine,0.2,False,frozen_origin,-0.1089385151863098,True,False,False,True,True,0.0808701781462772,True,stable,5,8972,8
gradcam-c75c7fb7e6d1a2d32879,population-2a9bc5280db4a65672a1bbcb,survface,survface:registered_probe:5788_cam2_46,adaface-4df25b75e065b0b9ed43,pca,pca_256,pca_direct_cosine,0.2,True,frozen_origin,-0.1504486203193664,True,False,False,True,True,0.0810550793904718,True,stable,6,8972,8
gradcam-62f327bdb6ea4ffa1a4c,population-2a9bc5280db4a65672a1bbcb,survface,survface:registered_probe:8874_cam2_84,adaface-4df25b75e065b0b9ed43,pca,pca_256,pca_direct_cosine,0.2,True,frozen_origin,-0.088219404220581,True,False,False,True,True,0.0815013265630674,True,stable,7,8972,8
gradcam-79c126426fd176f61a42,population-2a9bc5280db4a65672a1bbcb,survface,survface:unknown_unknown_probe:5842_cam2_63,adaface-4df25b75e065b0b9ed43,pca,pca_256,pca_direct_cosine,0.2,False,frozen_origin,-0.1403602361679077,True,False,False,True,True,0.0822082080007662,True,stable,8,8972,8
gradcam-710be66d4a42a66e23bc,population-2a9bc5280db4a65672a1bbcb,survface,survface:registered_probe:5227_19,adaface-4df25b75e065b0b9ed43,pca,pca_256,pca_direct_cosine,0.2,True,frozen_origin,0.0294287204742431,True,True,False,True,True,0.430779688113637,True,threshold_crossing,1,8972,8
gradcam-2d7253a7b2d7928f1997,population-2a9bc5280db4a65672a1bbcb,survface,survface:registered_probe:844_cam2_1,adaface-4df25b75e065b0b9ed43,pca,pca_256,pca_direct_cosine,0.2,True,frozen_origin,0.1042318940162658,True,True,False,True,True,0.3919403370476046,True,threshold_crossing,2,8972,8
gradcam-1267419a1f72982d7cac,population-2a9bc5280db4a65672a1bbcb,survface,survface:registered_probe:5244_18,adaface-4df25b75e065b0b9ed43,pca,pca_256,pca_direct_cosine,0.2,True,frozen_origin,0.0394817590713501,True,True,False,True,True,0.3710181924177763,True,threshold_crossing,3,8972,8
gradcam-ff083389e289fa00ccbb,population-2a9bc5280db4a65672a1bbcb,survface,survface:registered_probe:262_cam1_1,adaface-4df25b75e065b0b9ed43,pca,pca_256,pca_direct_cosine,0.2,True,frozen_origin,0.0948512554168701,True,True,False,True,True,0.3254926515131466,True,threshold_crossing,4,8972,8
gradcam-ff39a8d71b35135b242a,population-2a9bc5280db4a65672a1bbcb,survface,survface:registered_probe:5227_14,adaface-4df25b75e065b0b9ed43,pca,pca_256,pca_direct_cosine,0.2,True,frozen_origin,0.0228998064994812,True,True,False,True,True,0.3226827640867528,True,threshold_crossing,5,8972,8
gradcam-47b95ecabad3d70273d3,population-2a9bc5280db4a65672a1bbcb,survface,survface:registered_probe:5263_3,adaface-4df25b75e065b0b9ed43,pca,pca_256,pca_direct_cosine,0.2,True,frozen_origin,0.0316247344017028,True,True,False,True,True,0.2523356024284907,True,threshold_crossing,6,8972,8
gradcam-5f60fef04c90572ead5e,population-2a9bc5280db4a65672a1bbcb,survface,survface:unknown_unknown_probe:9570_cam4_47,adaface-4df25b75e065b0b9ed43,pca,pca_256,pca_direct_cosine,0.2,False,frozen_origin,-0.2023564577102661,True,True,False,True,True,0.2155027484447465,True,threshold_crossing,7,8972,8
gradcam-40e749ae1ffb93fd5818,population-2a9bc5280db4a65672a1bbcb,survface,survface:registered_probe:5789_cam1_118,adaface-4df25b75e065b0b9ed43,pca,pca_256,pca_direct_cosine,0.2,True,frozen_origin,-0.1000182032585144,True,True,False,True,True,0.2098236811169645,True,threshold_crossing,8,8972,8
gradcam-f255adba86aef08ff65e,population-2a9bc5280db4a65672a1bbcb,survface,survface:registered_probe:4072_cam2_1,adaface-4df25b75e065b0b9ed43,pca,pca_256,pca_direct_cosine,0.3,True,frozen_origin,0.0584860444068908,True,False,False,True,True,0.6237238689439962,True,high_error,1,8972,8
gradcam-e7a568cec4486a0c4b5d,population-2a9bc5280db4a65672a1bbcb,survface,survface:registered_probe:2973_cam3_1,adaface-4df25b75e065b0b9ed43,pca,pca_256,pca_direct_cosine,0.3,True,frozen_origin,0.2413344085216522,True,False,False,True,True,0.5489128667166618,True,high_error,2,8972,8
gradcam-d3fbdc76e01f394a4126,population-2a9bc5280db4a65672a1bbcb,survface,survface:registered_probe:4639_cam2_2,adaface-4df25b75e065b0b9ed43,pca,pca_256,pca_direct_cosine,0.3,True,frozen_origin,0.0548940896987915,True,False,False,True,True,0.5102903186392552,True,high_error,3,8972,8
gradcam-53f11e66c45d6f6bf242,population-2a9bc5280db4a65672a1bbcb,survface,survface:unknown_unknown_probe:distractors_21592,adaface-4df25b75e065b0b9ed43,pca,pca_256,pca_direct_cosine,0.3,False,frozen_origin,0.1599294543266296,True,False,False,True,True,0.5039091735024762,True,high_error,4,8972,8
gradcam-6a1fff4119df6a9cd355,population-2a9bc5280db4a65672a1bbcb,survface,survface:registered_probe:9197_cam1_97,adaface-4df25b75e065b0b9ed43,pca,pca_256,pca_direct_cosine,0.3,True,frozen_origin,0.0679069459438324,True,False,False,True,True,0.5037171214600741,True,high_error,5,8972,8
gradcam-ecaa37123fd820792c6e,population-2a9bc5280db4a65672a1bbcb,survface,survface:unknown_unknown_probe:distractors_4672,adaface-4df25b75e065b0b9ed43,pca,pca_256,pca_direct_cosine,0.3,False,frozen_origin,0.0038881003856658,True,False,False,True,True,0.4970029895265378,True,high_error,6,8972,8
gradcam-8bbb3a856f5c1ebc9c02,population-2a9bc5280db4a65672a1bbcb,survface,survface:unknown_unknown_probe:distractors_5348,adaface-4df25b75e065b0b9ed43,pca,pca_256,pca_direct_cosine,0.3,False,frozen_origin,0.1319909691810608,True,False,False,True,True,0.4950090165905638,True,high_error,7,8972,8
gradcam-7428d86a8111deb1952f,population-2a9bc5280db4a65672a1bbcb,survface,survface:registered_probe:5227_18,adaface-4df25b75e065b0b9ed43,pca,pca_256,pca_direct_cosine,0.3,True,frozen_origin,0.0253013372421264,True,False,False,True,True,0.4934086118556655,True,high_error,8,8972,8
gradcam-804a26fff015e6e59fba,population-2a9bc5280db4a65672a1bbcb,survface,survface:unknown_unknown_probe:distractors_3188,adaface-4df25b75e065b0b9ed43,pca,pca_256,pca_direct_cosine,0.3,False,frozen_origin,0.0208450257778167,False,False,False,True,True,0.5959113464952569,True,rank_flip,1,8972,8
gradcam-c55c3980c717243890b6,population-2a9bc5280db4a65672a1bbcb,survface,survface:unknown_unknown_probe:distractors_3599,adaface-4df25b75e065b0b9ed43,pca,pca_256,pca_direct_cosine,0.3,False,frozen_origin,0.1092197299003601,False,False,False,True,True,0.5323027789145014,True,rank_flip,2,8972,8
gradcam-8e980764158c8a205907,population-2a9bc5280db4a65672a1bbcb,survface,survface:unknown_unknown_probe:distractors_12176,adaface-4df25b75e065b0b9ed43,pca,pca_256,pca_direct_cosine,0.3,False,frozen_origin,0.1778150200843811,False,False,False,True,True,0.5121491171182353,True,rank_flip,3,8972,8
gradcam-7e8a2d6a0660b997564c,population-2a9bc5280db4a65672a1bbcb,survface,survface:unknown_unknown_probe:distractors_4412,adaface-4df25b75e065b0b9ed43,pca,pca_256,pca_direct_cosine,0.3,False,frozen_origin,0.1291173696517944,False,False,False,True,True,0.5063123916223383,True,rank_flip,4,8972,8
gradcam-43f13b79b6f818e2b32f,population-2a9bc5280db4a65672a1bbcb,survface,survface:unknown_unknown_probe:9132_cam2_66,adaface-4df25b75e065b0b9ed43,pca,pca_256,pca_direct_cosine,0.3,False,frozen_origin,0.0621781945228576,False,False,False,True,True,0.4979045309592081,True,rank_flip,5,8972,8
gradcam-63839ff796cd0cc4f650,population-2a9bc5280db4a65672a1bbcb,survface,survface:unknown_unknown_probe:distractors_2185,adaface-4df25b75e065b0b9ed43,pca,pca_256,pca_direct_cosine,0.3,False,frozen_origin,0.1849608123302459,False,False,False,True,True,0.4977595230223015,True,rank_flip,6,8972,8
gradcam-1c0333a492a5118eb081,population-2a9bc5280db4a65672a1bbcb,survface,survface:unknown_unknown_probe:distractors_3189,adaface-4df25b75e065b0b9ed43,pca,pca_256,pca_direct_cosine,0.3,False,frozen_origin,0.1644744873046875,False,False,False,True,True,0.4975405500728156,True,rank_flip,7,8972,8
gradcam-a66f5369aeeac179cc18,population-2a9bc5280db4a65672a1bbcb,survface,survface:unknown_unknown_probe:distractors_12175,adaface-4df25b75e065b0b9ed43,pca,pca_256,pca_direct_cosine,0.3,False,frozen_origin,0.1047971248626709,False,False,False,True,True,0.4948722510331569,True,rank_flip,8,8972,8
gradcam-771d5ec2bc0742d9c7a3,population-2a9bc5280db4a65672a1bbcb,survface,survface:unknown_unknown_probe:5854_cam1_5,adaface-4df25b75e065b0b9ed43,pca,pca_256,pca_direct_cosine,0.3,False,frozen_origin,-0.1564381718635559,True,False,False,True,True,0.071161326037714,True,stable,1,8972,8
gradcam-526a89c02ce3bd59d697,population-2a9bc5280db4a65672a1bbcb,survface,survface:registered_probe:5647_cam1_44,adaface-4df25b75e065b0b9ed43,pca,pca_256,pca_direct_cosine,0.3,True,frozen_origin,-0.1572890281677246,True,False,False,True,True,0.0730887101773579,True,stable,2,8972,8
gradcam-8b02baea14290f1765cd,population-2a9bc5280db4a65672a1bbcb,survface,survface:registered_probe:5789_cam1_21,adaface-4df25b75e065b0b9ed43,pca,pca_256,pca_direct_cosine,0.3,True,frozen_origin,-0.1351406574249267,True,False,False,True,True,0.0744870312012506,True,stable,3,8972,8
gradcam-01d164df80d9689daef5,population-2a9bc5280db4a65672a1bbcb,survface,survface:unknown_unknown_probe:10256_cam1_19,adaface-4df25b75e065b0b9ed43,pca,pca_256,pca_direct_cosine,0.3,False,frozen_origin,-0.1552942991256714,True,False,False,True,True,0.0748401050741222,True,stable,4,8972,8
gradcam-a85686a01901a67f87b7,population-2a9bc5280db4a65672a1bbcb,survface,survface:registered_probe:5647_cam1_96,adaface-4df25b75e065b0b9ed43,pca,pca_256,pca_direct_cosine,0.3,True,frozen_origin,-0.1555280089378357,True,False,False,True,True,0.0749313911205488,True,stable,5,8972,8
gradcam-32714b8587fbe881ccfc,population-2a9bc5280db4a65672a1bbcb,survface,survface:registered_probe:9745_cam1_37,adaface-4df25b75e065b0b9ed43,pca,pca_256,pca_direct_cosine,0.3,True,frozen_origin,-0.1703215837478637,True,False,False,True,True,0.0754203396744359,True,stable,6,8972,8
gradcam-b24aa471ae2ea2b963af,population-2a9bc5280db4a65672a1bbcb,survface,survface:registered_probe:5647_cam1_192,adaface-4df25b75e065b0b9ed43,pca,pca_256,pca_direct_cosine,0.3,True,frozen_origin,-0.146776795387268,True,False,False,True,True,0.0761961047141543,True,stable,7,8972,8
gradcam-11858491c518fd05b3e8,population-2a9bc5280db4a65672a1bbcb,survface,survface:unknown_unknown_probe:9884_cam3_8,adaface-4df25b75e065b0b9ed43,pca,pca_256,pca_direct_cosine,0.3,False,frozen_origin,-0.1424431204795837,True,False,False,True,True,0.0762835085489324,True,stable,8,8972,8
gradcam-b81c9c1336e2e4174de5,population-2a9bc5280db4a65672a1bbcb,survface,survface:registered_probe:844_cam2_1,adaface-4df25b75e065b0b9ed43,pca,pca_256,pca_direct_cosine,0.3,True,frozen_origin,0.1042318940162658,True,True,False,True,True,0.3919403370476046,True,threshold_crossing,1,8972,8
gradcam-153927b2671bae8c4c6f,population-2a9bc5280db4a65672a1bbcb,survface,survface:registered_probe:5244_25,adaface-4df25b75e065b0b9ed43,pca,pca_256,pca_direct_cosine,0.3,True,frozen_origin,0.0424126982688903,True,True,False,True,True,0.390408610378906,True,threshold_crossing,2,8972,8
gradcam-0fdacc5c9c1c50538656,population-2a9bc5280db4a65672a1bbcb,survface,survface:registered_probe:5244_18,adaface-4df25b75e065b0b9ed43,pca,pca_256,pca_direct_cosine,0.3,True,frozen_origin,0.0394817590713501,True,True,False,True,True,0.3710181924177763,True,threshold_crossing,3,8972,8
gradcam-a3bd90dd181599b14817,population-2a9bc5280db4a65672a1bbcb,survface,survface:registered_probe:5255_22,adaface-4df25b75e065b0b9ed43,pca,pca_256,pca_direct_cosine,0.3,True,frozen_origin,0.0340992212295532,True,True,False,True,True,0.3412604366264994,True,threshold_crossing,4,8972,8
gradcam-e00d23eea8d36a384e84,population-2a9bc5280db4a65672a1bbcb,survface,survface:registered_probe:5293_16,adaface-4df25b75e065b0b9ed43,pca,pca_256,pca_direct_cosine,0.3,True,frozen_origin,0.0415179729461669,True,True,False,True,True,0.3393358516631454,True,threshold_crossing,5,8972,8
gradcam-d323f7928f82ed812a6a,population-2a9bc5280db4a65672a1bbcb,survface,survface:registered_probe:262_cam1_1,adaface-4df25b75e065b0b9ed43,pca,pca_256,pca_direct_cosine,0.3,True,frozen_origin,0.0948512554168701,True,True,False,True,True,0.3254926515131466,True,threshold_crossing,6,8972,8
gradcam-2db318d993932acdb5f5,population-2a9bc5280db4a65672a1bbcb,survface,survface:registered_probe:5227_11,adaface-4df25b75e065b0b9ed43,pca,pca_256,pca_direct_cosine,0.3,True,frozen_origin,0.007307231426239,True,True,False,True,True,0.3020333615184228,True,threshold_crossing,7,8972,8
gradcam-f65e70b51eb94237e77d,population-2a9bc5280db4a65672a1bbcb,survface,survface:registered_probe:5225_19,adaface-4df25b75e065b0b9ed43,pca,pca_256,pca_direct_cosine,0.3,True,frozen_origin,0.0152186155319213,True,True,False,True,True,0.3011798670523938,True,threshold_crossing,8,8972,8
gradcam-964050e2c83632e2d3be,population-2a9bc5280db4a65672a1bbcb,survface,survface:registered_probe:4072_cam2_1,adaface-4df25b75e065b0b9ed43,pca,pca_256,pca_reconstruction_cosine,0.01,True,frozen_origin,-0.0028666257858276,True,False,False,True,True,0.6237238689439962,True,high_error,1,8972,8
gradcam-6610040c7a1783178f48,population-2a9bc5280db4a65672a1bbcb,survface,survface:unknown_unknown_probe:distractors_3188,adaface-4df25b75e065b0b9ed43,pca,pca_256,pca_reconstruction_cosine,0.01,False,frozen_origin,0.0582427978515625,True,False,False,True,True,0.5959113464952569,True,high_error,2,8972,8
gradcam-5e7648bfc6dc634e9d85,population-2a9bc5280db4a65672a1bbcb,survface,survface:registered_probe:2973_cam3_1,adaface-4df25b75e065b0b9ed43,pca,pca_256,pca_reconstruction_cosine,0.01,True,frozen_origin,0.0213909447193145,True,False,False,True,True,0.5489128667166618,True,high_error,3,8972,8
gradcam-ca492dd7a8c0167ccc78,population-2a9bc5280db4a65672a1bbcb,survface,survface:unknown_unknown_probe:distractors_3599,adaface-4df25b75e065b0b9ed43,pca,pca_256,pca_reconstruction_cosine,0.01,False,frozen_origin,0.0572157800197601,True,False,False,True,True,0.5323027789145014,True,high_error,4,8972,8
gradcam-416a340e6aedec85b020,population-2a9bc5280db4a65672a1bbcb,survface,survface:unknown_unknown_probe:distractors_12176,adaface-4df25b75e065b0b9ed43,pca,pca_256,pca_reconstruction_cosine,0.01,False,frozen_origin,0.0426789224147796,True,False,False,True,True,0.5121491171182353,True,high_error,5,8972,8
gradcam-19e665757d5bfd32e551,population-2a9bc5280db4a65672a1bbcb,survface,survface:registered_probe:4639_cam2_2,adaface-4df25b75e065b0b9ed43,pca,pca_256,pca_reconstruction_cosine,0.01,True,frozen_origin,0.0140418410301208,True,False,False,True,True,0.5102903186392552,True,high_error,6,8972,8
gradcam-681f4e77f819f98fca6a,population-2a9bc5280db4a65672a1bbcb,survface,survface:unknown_unknown_probe:distractors_21592,adaface-4df25b75e065b0b9ed43,pca,pca_256,pca_reconstruction_cosine,0.01,False,frozen_origin,0.0229061245918273,True,False,False,True,True,0.5039091735024762,True,high_error,7,8972,8
gradcam-fd524a6639e0608b7683,population-2a9bc5280db4a65672a1bbcb,survface,survface:unknown_unknown_probe:9132_cam2_66,adaface-4df25b75e065b0b9ed43,pca,pca_256,pca_reconstruction_cosine,0.01,False,frozen_origin,0.0251679420471191,True,False,False,True,True,0.4979045309592081,True,high_error,8,8972,8
gradcam-1d70d9792c4bd6ef6368,population-2a9bc5280db4a65672a1bbcb,survface,survface:unknown_unknown_probe:distractors_4412,adaface-4df25b75e065b0b9ed43,pca,pca_256,pca_reconstruction_cosine,0.01,False,frozen_origin,-0.0172533690929412,False,False,False,True,True,0.5063123916223383,True,rank_flip,1,8972,8
gradcam-9de84e90b0c8fac47b26,population-2a9bc5280db4a65672a1bbcb,survface,survface:registered_probe:9197_cam1_97,adaface-4df25b75e065b0b9ed43,pca,pca_256,pca_reconstruction_cosine,0.01,True,frozen_origin,0.0112318098545074,False,False,False,True,True,0.5037171214600741,True,rank_flip,2,8972,8
gradcam-d42468d344d20236adbb,population-2a9bc5280db4a65672a1bbcb,survface,survface:unknown_unknown_probe:distractors_2185,adaface-4df25b75e065b0b9ed43,pca,pca_256,pca_reconstruction_cosine,0.01,False,frozen_origin,0.0055627226829528,False,False,False,True,True,0.4977595230223015,True,rank_flip,3,8972,8
gradcam-e95dbdb5df766da599f6,population-2a9bc5280db4a65672a1bbcb,survface,survface:unknown_unknown_probe:distractors_3189,adaface-4df25b75e065b0b9ed43,pca,pca_256,pca_reconstruction_cosine,0.01,False,frozen_origin,0.0115461349487304,False,False,False,True,True,0.4975405500728156,True,rank_flip,4,8972,8
gradcam-565661680112dedf0a57,population-2a9bc5280db4a65672a1bbcb,survface,survface:unknown_unknown_probe:distractors_3165,adaface-4df25b75e065b0b9ed43,pca,pca_256,pca_reconstruction_cosine,0.01,False,frozen_origin,0.0273831188678741,False,False,False,True,True,0.4802469663397488,True,rank_flip,5,8972,8
gradcam-0e2def9ba47c6074f581,population-2a9bc5280db4a65672a1bbcb,survface,survface:unknown_unknown_probe:9645_cam2_24,adaface-4df25b75e065b0b9ed43,pca,pca_256,pca_reconstruction_cosine,0.01,False,frozen_origin,-0.0216435492038726,False,False,False,True,True,0.465191298573001,True,rank_flip,6,8972,8
gradcam-3f8da1644cde8f489045,population-2a9bc5280db4a65672a1bbcb,survface,survface:unknown_unknown_probe:distractors_2542,adaface-4df25b75e065b0b9ed43,pca,pca_256,pca_reconstruction_cosine,0.01,False,frozen_origin,0.0368722081184387,False,False,False,True,True,0.4587135403597561,True,rank_flip,7,8972,8
gradcam-3b50e84888e7ffbbacf5,population-2a9bc5280db4a65672a1bbcb,survface,survface:registered_probe:9354_cam1_75,adaface-4df25b75e065b0b9ed43,pca,pca_256,pca_reconstruction_cosine,0.01,True,frozen_origin,0.035167247056961,False,False,False,True,True,0.4583569688759253,True,rank_flip,8,8972,8
gradcam-35c7039699407e15e10c,population-2a9bc5280db4a65672a1bbcb,survface,survface:unknown_unknown_probe:5863_cam1_151,adaface-4df25b75e065b0b9ed43,pca,pca_256,pca_reconstruction_cosine,0.01,False,frozen_origin,0.0018492341041564,True,False,False,True,True,0.0639761415336504,True,stable,1,8972,8
gradcam-95af9e200017d512b03d,population-2a9bc5280db4a65672a1bbcb,survface,survface:unknown_unknown_probe:5762_cam1_26,adaface-4df25b75e065b0b9ed43,pca,pca_256,pca_reconstruction_cosine,0.01,False,frozen_origin,0.0021353363990783,True,False,False,True,True,0.068185389805796,True,stable,2,8972,8
gradcam-d60331b35a1e86832eab,population-2a9bc5280db4a65672a1bbcb,survface,survface:unknown_unknown_probe:5704_cam1_75,adaface-4df25b75e065b0b9ed43,pca,pca_256,pca_reconstruction_cosine,0.01,False,frozen_origin,0.0022852420806884,True,False,False,True,True,0.0683980432566626,True,stable,3,8972,8
gradcam-d54873b1455d8be475d6,population-2a9bc5280db4a65672a1bbcb,survface,survface:registered_probe:5826_cam1_55,adaface-4df25b75e065b0b9ed43,pca,pca_256,pca_reconstruction_cosine,0.01,True,frozen_origin,0.0020914077758789,True,False,False,True,True,0.070576549545221,True,stable,4,8972,8
gradcam-eecc910670c143a674a4,population-2a9bc5280db4a65672a1bbcb,survface,survface:registered_probe:5703_cam1_119,adaface-4df25b75e065b0b9ed43,pca,pca_256,pca_reconstruction_cosine,0.01,True,frozen_origin,0.0033022165298461,True,False,False,True,True,0.0709396042913798,True,stable,5,8972,8
gradcam-5b4dee40246eb94a5211,population-2a9bc5280db4a65672a1bbcb,survface,survface:unknown_unknown_probe:5854_cam1_5,adaface-4df25b75e065b0b9ed43,pca,pca_256,pca_reconstruction_cosine,0.01,False,frozen_origin,0.002202033996582,True,False,False,True,True,0.071161326037714,True,stable,6,8972,8
gradcam-6efb2481ba34358be8fe,population-2a9bc5280db4a65672a1bbcb,survface,survface:registered_probe:5688_cam1_23,adaface-4df25b75e065b0b9ed43,pca,pca_256,pca_reconstruction_cosine,0.01,True,frozen_origin,0.0030703544616699,True,False,False,True,True,0.0720717013112559,True,stable,7,8972,8
gradcam-79f288b969324194830c,population-2a9bc5280db4a65672a1bbcb,survface,survface:unknown_unknown_probe:5748_cam1_111,adaface-4df25b75e065b0b9ed43,pca,pca_256,pca_reconstruction_cosine,0.01,False,frozen_origin,0.0024928450584411,True,False,False,True,True,0.0728900418331049,True,stable,8,8972,8
gradcam-b34de29ae9d21daf9bb8,population-2a9bc5280db4a65672a1bbcb,survface,survface:unknown_unknown_probe:distractors_4002,adaface-4df25b75e065b0b9ed43,pca,pca_256,pca_reconstruction_cosine,0.01,False,frozen_origin,0.0066057443618774,True,True,False,True,True,0.1998783903439464,True,threshold_crossing,1,8972,8
gradcam-9466fafff620c99f3475,population-2a9bc5280db4a65672a1bbcb,survface,survface:registered_probe:1377_cam4_1,adaface-4df25b75e065b0b9ed43,pca,pca_256,pca_reconstruction_cosine,0.01,True,frozen_origin,0.0122609138488769,True,True,False,True,True,0.176408249196976,True,threshold_crossing,2,8972,8
gradcam-6c5b3aa19ec4cf79d47a,population-2a9bc5280db4a65672a1bbcb,survface,survface:registered_probe:5789_cam1_123,adaface-4df25b75e065b0b9ed43,pca,pca_256,pca_reconstruction_cosine,0.01,True,frozen_origin,0.0085105895996093,True,True,False,True,True,0.1702094480301122,True,threshold_crossing,3,8972,8
gradcam-2ed695e5f4b2ce940f6d,population-2a9bc5280db4a65672a1bbcb,survface,survface:registered_probe:9527_cam3_4,adaface-4df25b75e065b0b9ed43,pca,pca_256,pca_reconstruction_cosine,0.01,True,frozen_origin,0.0084893703460693,True,True,False,True,True,0.1690714020446022,True,threshold_crossing,4,8972,8
gradcam-5f4ddddf8860ffbac6bf,population-2a9bc5280db4a65672a1bbcb,survface,survface:registered_probe:9515_cam2_7,adaface-4df25b75e065b0b9ed43,pca,pca_256,pca_reconstruction_cosine,0.01,True,frozen_origin,0.011968970298767,True,True,False,True,True,0.1646398499570444,True,threshold_crossing,5,8972,8
gradcam-b3046ae996fb253d773c,population-2a9bc5280db4a65672a1bbcb,survface,survface:unknown_unknown_probe:distractors_4075,adaface-4df25b75e065b0b9ed43,pca,pca_256,pca_reconstruction_cosine,0.01,False,frozen_origin,0.0107476711273193,True,True,False,True,True,0.1621123154159747,True,threshold_crossing,6,8972,8
gradcam-ac8a186370478971987f,population-2a9bc5280db4a65672a1bbcb,survface,survface:unknown_unknown_probe:10443_cam2_40,adaface-4df25b75e065b0b9ed43,pca,pca_256,pca_reconstruction_cosine,0.01,False,frozen_origin,0.0021674633026123,True,True,False,True,True,0.1621106908376975,True,threshold_crossing,7,8972,8
gradcam-d0d1ec589aecfd0139e4,population-2a9bc5280db4a65672a1bbcb,survface,survface:unknown_unknown_probe:5414_cam2_43,adaface-4df25b75e065b0b9ed43,pca,pca_256,pca_reconstruction_cosine,0.01,False,frozen_origin,0.0119619369506835,True,True,False,True,True,0.161760929032054,True,threshold_crossing,8,8972,8
gradcam-b58cfd4998acdd864f6f,population-2a9bc5280db4a65672a1bbcb,survface,survface:registered_probe:4072_cam2_1,adaface-4df25b75e065b0b9ed43,pca,pca_256,pca_reconstruction_cosine,0.05,True,frozen_origin,-0.0028666257858276,True,False,False,True,True,0.6237238689439962,True,high_error,1,8972,8
gradcam-5807d86a5bbcef970bf5,population-2a9bc5280db4a65672a1bbcb,survface,survface:unknown_unknown_probe:distractors_3188,adaface-4df25b75e065b0b9ed43,pca,pca_256,pca_reconstruction_cosine,0.05,False,frozen_origin,0.0582427978515625,True,False,False,True,True,0.5959113464952569,True,high_error,2,8972,8
gradcam-b9358b5ef6b9dae387b2,population-2a9bc5280db4a65672a1bbcb,survface,survface:registered_probe:2973_cam3_1,adaface-4df25b75e065b0b9ed43,pca,pca_256,pca_reconstruction_cosine,0.05,True,frozen_origin,0.0213909447193145,True,False,False,True,True,0.5489128667166618,True,high_error,3,8972,8
gradcam-286e1223e5dd480f08cb,population-2a9bc5280db4a65672a1bbcb,survface,survface:unknown_unknown_probe:distractors_3599,adaface-4df25b75e065b0b9ed43,pca,pca_256,pca_reconstruction_cosine,0.05,False,frozen_origin,0.0572157800197601,True,False,False,True,True,0.5323027789145014,True,high_error,4,8972,8
gradcam-632b32354a458c0ab8b3,population-2a9bc5280db4a65672a1bbcb,survface,survface:unknown_unknown_probe:distractors_12176,adaface-4df25b75e065b0b9ed43,pca,pca_256,pca_reconstruction_cosine,0.05,False,frozen_origin,0.0426789224147796,True,False,False,True,True,0.5121491171182353,True,high_error,5,8972,8
gradcam-2324dc2f0d95e8908e81,population-2a9bc5280db4a65672a1bbcb,survface,survface:registered_probe:4639_cam2_2,adaface-4df25b75e065b0b9ed43,pca,pca_256,pca_reconstruction_cosine,0.05,True,frozen_origin,0.0140418410301208,True,False,False,True,True,0.5102903186392552,True,high_error,6,8972,8
gradcam-82a03fcb7a59f4de448a,population-2a9bc5280db4a65672a1bbcb,survface,survface:unknown_unknown_probe:distractors_21592,adaface-4df25b75e065b0b9ed43,pca,pca_256,pca_reconstruction_cosine,0.05,False,frozen_origin,0.0229061245918273,True,False,False,True,True,0.5039091735024762,True,high_error,7,8972,8
gradcam-71804d4d2972cb05a8bc,population-2a9bc5280db4a65672a1bbcb,survface,survface:unknown_unknown_probe:9132_cam2_66,adaface-4df25b75e065b0b9ed43,pca,pca_256,pca_reconstruction_cosine,0.05,False,frozen_origin,0.0251679420471191,True,False,False,True,True,0.4979045309592081,True,high_error,8,8972,8
gradcam-db29b1323af4f101d3a8,population-2a9bc5280db4a65672a1bbcb,survface,survface:unknown_unknown_probe:distractors_4412,adaface-4df25b75e065b0b9ed43,pca,pca_256,pca_reconstruction_cosine,0.05,False,frozen_origin,-0.0172533690929412,False,False,False,True,True,0.5063123916223383,True,rank_flip,1,8972,8
gradcam-4d288c0d11875f50a173,population-2a9bc5280db4a65672a1bbcb,survface,survface:registered_probe:9197_cam1_97,adaface-4df25b75e065b0b9ed43,pca,pca_256,pca_reconstruction_cosine,0.05,True,frozen_origin,0.0112318098545074,False,False,False,True,True,0.5037171214600741,True,rank_flip,2,8972,8
gradcam-f0e6a43ca7d214ae4780,population-2a9bc5280db4a65672a1bbcb,survface,survface:unknown_unknown_probe:distractors_2185,adaface-4df25b75e065b0b9ed43,pca,pca_256,pca_reconstruction_cosine,0.05,False,frozen_origin,0.0055627226829528,False,False,False,True,True,0.4977595230223015,True,rank_flip,3,8972,8
gradcam-0cc1e83da987da252e8c,population-2a9bc5280db4a65672a1bbcb,survface,survface:unknown_unknown_probe:distractors_3189,adaface-4df25b75e065b0b9ed43,pca,pca_256,pca_reconstruction_cosine,0.05,False,frozen_origin,0.0115461349487304,False,False,False,True,True,0.4975405500728156,True,rank_flip,4,8972,8
gradcam-bf68a28e4329ba0440ba,population-2a9bc5280db4a65672a1bbcb,survface,survface:unknown_unknown_probe:distractors_3165,adaface-4df25b75e065b0b9ed43,pca,pca_256,pca_reconstruction_cosine,0.05,False,frozen_origin,0.0273831188678741,False,False,False,True,True,0.4802469663397488,True,rank_flip,5,8972,8
gradcam-7fb2b310e339aeb2e9c0,population-2a9bc5280db4a65672a1bbcb,survface,survface:unknown_unknown_probe:9645_cam2_24,adaface-4df25b75e065b0b9ed43,pca,pca_256,pca_reconstruction_cosine,0.05,False,frozen_origin,-0.0216435492038726,False,False,False,True,True,0.465191298573001,True,rank_flip,6,8972,8
gradcam-92ee0558630ebd9bbe93,population-2a9bc5280db4a65672a1bbcb,survface,survface:unknown_unknown_probe:distractors_2542,adaface-4df25b75e065b0b9ed43,pca,pca_256,pca_reconstruction_cosine,0.05,False,frozen_origin,0.0368722081184387,False,False,False,True,True,0.4587135403597561,True,rank_flip,7,8972,8
gradcam-44f1fd99655866de6fcd,population-2a9bc5280db4a65672a1bbcb,survface,survface:registered_probe:9354_cam1_75,adaface-4df25b75e065b0b9ed43,pca,pca_256,pca_reconstruction_cosine,0.05,True,frozen_origin,0.035167247056961,False,False,False,True,True,0.4583569688759253,True,rank_flip,8,8972,8
gradcam-f8082fc12f56f4cb1d2e,population-2a9bc5280db4a65672a1bbcb,survface,survface:unknown_unknown_probe:5863_cam1_151,adaface-4df25b75e065b0b9ed43,pca,pca_256,pca_reconstruction_cosine,0.05,False,frozen_origin,0.0018492341041564,True,False,False,True,True,0.0639761415336504,True,stable,1,8972,8
gradcam-b9476e33370800cd4175,population-2a9bc5280db4a65672a1bbcb,survface,survface:unknown_unknown_probe:5762_cam1_26,adaface-4df25b75e065b0b9ed43,pca,pca_256,pca_reconstruction_cosine,0.05,False,frozen_origin,0.0021353363990783,True,False,False,True,True,0.068185389805796,True,stable,2,8972,8
gradcam-f0906c54f3e78c01828e,population-2a9bc5280db4a65672a1bbcb,survface,survface:unknown_unknown_probe:5704_cam1_75,adaface-4df25b75e065b0b9ed43,pca,pca_256,pca_reconstruction_cosine,0.05,False,frozen_origin,0.0022852420806884,True,False,False,True,True,0.0683980432566626,True,stable,3,8972,8
gradcam-0fe4c48589dee6f17ded,population-2a9bc5280db4a65672a1bbcb,survface,survface:registered_probe:5826_cam1_55,adaface-4df25b75e065b0b9ed43,pca,pca_256,pca_reconstruction_cosine,0.05,True,frozen_origin,0.0020914077758789,True,False,False,True,True,0.070576549545221,True,stable,4,8972,8
gradcam-1cefb68a9fdaacba970b,population-2a9bc5280db4a65672a1bbcb,survface,survface:registered_probe:5703_cam1_119,adaface-4df25b75e065b0b9ed43,pca,pca_256,pca_reconstruction_cosine,0.05,True,frozen_origin,0.0033022165298461,True,False,False,True,True,0.0709396042913798,True,stable,5,8972,8
gradcam-bad7c79c3eeda5f189cd,population-2a9bc5280db4a65672a1bbcb,survface,survface:unknown_unknown_probe:5854_cam1_5,adaface-4df25b75e065b0b9ed43,pca,pca_256,pca_reconstruction_cosine,0.05,False,frozen_origin,0.002202033996582,True,False,False,True,True,0.071161326037714,True,stable,6,8972,8
gradcam-4faa044392fc21b8ef55,population-2a9bc5280db4a65672a1bbcb,survface,survface:registered_probe:5688_cam1_23,adaface-4df25b75e065b0b9ed43,pca,pca_256,pca_reconstruction_cosine,0.05,True,frozen_origin,0.0030703544616699,True,False,False,True,True,0.0720717013112559,True,stable,7,8972,8
gradcam-585532fe834937b592da,population-2a9bc5280db4a65672a1bbcb,survface,survface:unknown_unknown_probe:5748_cam1_111,adaface-4df25b75e065b0b9ed43,pca,pca_256,pca_reconstruction_cosine,0.05,False,frozen_origin,0.0024928450584411,True,False,False,True,True,0.0728900418331049,True,stable,8,8972,8
gradcam-5ff653c3bc283ec48c2f,population-2a9bc5280db4a65672a1bbcb,survface,survface:registered_probe:5225_16,adaface-4df25b75e065b0b9ed43,pca,pca_256,pca_reconstruction_cosine,0.05,True,frozen_origin,0.0229249596595764,True,True,False,True,True,0.2815735849555749,True,threshold_crossing,1,8972,8
gradcam-9728ac73963de9b800ce,population-2a9bc5280db4a65672a1bbcb,survface,survface:unknown_unknown_probe:1346_cam1_1,adaface-4df25b75e065b0b9ed43,pca,pca_256,pca_reconstruction_cosine,0.05,False,frozen_origin,0.0128614902496337,True,True,False,True,True,0.2578871838031369,True,threshold_crossing,2,8972,8
gradcam-b94e001eea9173ac11ff,population-2a9bc5280db4a65672a1bbcb,survface,survface:unknown_unknown_probe:9339_cam3_65,adaface-4df25b75e065b0b9ed43,pca,pca_256,pca_reconstruction_cosine,0.05,False,frozen_origin,0.0148677825927734,True,True,False,True,True,0.2078512819886122,True,threshold_crossing,3,8972,8
gradcam-82d993ba6088a88e469a,population-2a9bc5280db4a65672a1bbcb,survface,survface:registered_probe:5578_cam2_161,adaface-4df25b75e065b0b9ed43,pca,pca_256,pca_reconstruction_cosine,0.05,True,frozen_origin,0.0149043798446655,True,True,False,True,True,0.2043986085177901,True,threshold_crossing,4,8972,8
gradcam-3f67eec31fccd382f633,population-2a9bc5280db4a65672a1bbcb,survface,survface:registered_probe:9321_cam2_38,adaface-4df25b75e065b0b9ed43,pca,pca_256,pca_reconstruction_cosine,0.05,True,frozen_origin,0.0146012902259826,True,True,False,True,True,0.1993628231205096,True,threshold_crossing,5,8972,8
gradcam-ca39c4a054327e3fa8af,population-2a9bc5280db4a65672a1bbcb,survface,survface:unknown_unknown_probe:distractors_2375,adaface-4df25b75e065b0b9ed43,pca,pca_256,pca_reconstruction_cosine,0.05,False,frozen_origin,0.0131013393402099,True,True,False,True,True,0.1980483889943148,True,threshold_crossing,6,8972,8
gradcam-b880277a4340cdbcf6b6,population-2a9bc5280db4a65672a1bbcb,survface,survface:unknown_unknown_probe:distractors_7008,adaface-4df25b75e065b0b9ed43,pca,pca_256,pca_reconstruction_cosine,0.05,False,frozen_origin,0.0138716101646423,True,True,False,True,True,0.193942992763566,True,threshold_crossing,7,8972,8
gradcam-f03aa6a34e4c07760e9b,population-2a9bc5280db4a65672a1bbcb,survface,survface:unknown_unknown_probe:9897_cam2_3,adaface-4df25b75e065b0b9ed43,pca,pca_256,pca_reconstruction_cosine,0.05,False,frozen_origin,0.0155436992645263,True,True,False,True,True,0.1906129253159111,True,threshold_crossing,8,8972,8
gradcam-87c373480cc1e9a622b4,population-2a9bc5280db4a65672a1bbcb,survface,survface:registered_probe:4072_cam2_1,adaface-4df25b75e065b0b9ed43,pca,pca_256,pca_reconstruction_cosine,0.1,True,frozen_origin,-0.0028666257858276,True,False,False,True,True,0.6237238689439962,True,high_error,1,8972,8
gradcam-01cea905fc7010161cd4,population-2a9bc5280db4a65672a1bbcb,survface,survface:unknown_unknown_probe:distractors_3188,adaface-4df25b75e065b0b9ed43,pca,pca_256,pca_reconstruction_cosine,0.1,False,frozen_origin,0.0582427978515625,True,False,False,True,True,0.5959113464952569,True,high_error,2,8972,8
gradcam-0ec70c737ea643651a5d,population-2a9bc5280db4a65672a1bbcb,survface,survface:registered_probe:2973_cam3_1,adaface-4df25b75e065b0b9ed43,pca,pca_256,pca_reconstruction_cosine,0.1,True,frozen_origin,0.0213909447193145,True,False,False,True,True,0.5489128667166618,True,high_error,3,8972,8
gradcam-448fd63b9df7175ecc0f,population-2a9bc5280db4a65672a1bbcb,survface,survface:unknown_unknown_probe:distractors_3599,adaface-4df25b75e065b0b9ed43,pca,pca_256,pca_reconstruction_cosine,0.1,False,frozen_origin,0.0572157800197601,True,False,False,True,True,0.5323027789145014,True,high_error,4,8972,8
gradcam-799ea2b68f262051b1c0,population-2a9bc5280db4a65672a1bbcb,survface,survface:unknown_unknown_probe:distractors_12176,adaface-4df25b75e065b0b9ed43,pca,pca_256,pca_reconstruction_cosine,0.1,False,frozen_origin,0.0426789224147796,True,False,False,True,True,0.5121491171182353,True,high_error,5,8972,8
gradcam-db29aff9751e986aa665,population-2a9bc5280db4a65672a1bbcb,survface,survface:registered_probe:4639_cam2_2,adaface-4df25b75e065b0b9ed43,pca,pca_256,pca_reconstruction_cosine,0.1,True,frozen_origin,0.0140418410301208,True,False,False,True,True,0.5102903186392552,True,high_error,6,8972,8
gradcam-511ead9511fe919d572a,population-2a9bc5280db4a65672a1bbcb,survface,survface:unknown_unknown_probe:distractors_21592,adaface-4df25b75e065b0b9ed43,pca,pca_256,pca_reconstruction_cosine,0.1,False,frozen_origin,0.0229061245918273,True,False,False,True,True,0.5039091735024762,True,high_error,7,8972,8
gradcam-32da0cd08c3849f9b276,population-2a9bc5280db4a65672a1bbcb,survface,survface:unknown_unknown_probe:9132_cam2_66,adaface-4df25b75e065b0b9ed43,pca,pca_256,pca_reconstruction_cosine,0.1,False,frozen_origin,0.0251679420471191,True,False,False,True,True,0.4979045309592081,True,high_error,8,8972,8
gradcam-eeef9c1ce817301e71e8,population-2a9bc5280db4a65672a1bbcb,survface,survface:unknown_unknown_probe:distractors_4412,adaface-4df25b75e065b0b9ed43,pca,pca_256,pca_reconstruction_cosine,0.1,False,frozen_origin,-0.0172533690929412,False,False,False,True,True,0.5063123916223383,True,rank_flip,1,8972,8
gradcam-eafb73749b3f1764ed04,population-2a9bc5280db4a65672a1bbcb,survface,survface:registered_probe:9197_cam1_97,adaface-4df25b75e065b0b9ed43,pca,pca_256,pca_reconstruction_cosine,0.1,True,frozen_origin,0.0112318098545074,False,False,False,True,True,0.5037171214600741,True,rank_flip,2,8972,8
gradcam-56b715906790e184cf67,population-2a9bc5280db4a65672a1bbcb,survface,survface:unknown_unknown_probe:distractors_2185,adaface-4df25b75e065b0b9ed43,pca,pca_256,pca_reconstruction_cosine,0.1,False,frozen_origin,0.0055627226829528,False,False,False,True,True,0.4977595230223015,True,rank_flip,3,8972,8
gradcam-fdda8c1bee52bfbaa709,population-2a9bc5280db4a65672a1bbcb,survface,survface:unknown_unknown_probe:distractors_3189,adaface-4df25b75e065b0b9ed43,pca,pca_256,pca_reconstruction_cosine,0.1,False,frozen_origin,0.0115461349487304,False,False,False,True,True,0.4975405500728156,True,rank_flip,4,8972,8
gradcam-7ac29b9939f366cb3141,population-2a9bc5280db4a65672a1bbcb,survface,survface:unknown_unknown_probe:distractors_3165,adaface-4df25b75e065b0b9ed43,pca,pca_256,pca_reconstruction_cosine,0.1,False,frozen_origin,0.0273831188678741,False,False,False,True,True,0.4802469663397488,True,rank_flip,5,8972,8
gradcam-61c8367f4026d09f02e9,population-2a9bc5280db4a65672a1bbcb,survface,survface:unknown_unknown_probe:9645_cam2_24,adaface-4df25b75e065b0b9ed43,pca,pca_256,pca_reconstruction_cosine,0.1,False,frozen_origin,-0.0216435492038726,False,False,False,True,True,0.465191298573001,True,rank_flip,6,8972,8
gradcam-086e52f3118e28753ae0,population-2a9bc5280db4a65672a1bbcb,survface,survface:unknown_unknown_probe:distractors_2542,adaface-4df25b75e065b0b9ed43,pca,pca_256,pca_reconstruction_cosine,0.1,False,frozen_origin,0.0368722081184387,False,False,False,True,True,0.4587135403597561,True,rank_flip,7,8972,8
gradcam-e915a9b91c0d7e38a874,population-2a9bc5280db4a65672a1bbcb,survface,survface:registered_probe:9354_cam1_75,adaface-4df25b75e065b0b9ed43,pca,pca_256,pca_reconstruction_cosine,0.1,True,frozen_origin,0.035167247056961,False,False,False,True,True,0.4583569688759253,True,rank_flip,8,8972,8
gradcam-92ff7b2cfec53ec8ca46,population-2a9bc5280db4a65672a1bbcb,survface,survface:unknown_unknown_probe:5863_cam1_151,adaface-4df25b75e065b0b9ed43,pca,pca_256,pca_reconstruction_cosine,0.1,False,frozen_origin,0.0018492341041564,True,False,False,True,True,0.0639761415336504,True,stable,1,8972,8
gradcam-889fc754450dd021e265,population-2a9bc5280db4a65672a1bbcb,survface,survface:unknown_unknown_probe:5762_cam1_26,adaface-4df25b75e065b0b9ed43,pca,pca_256,pca_reconstruction_cosine,0.1,False,frozen_origin,0.0021353363990783,True,False,False,True,True,0.068185389805796,True,stable,2,8972,8
gradcam-59cf1206d68e43a293a6,population-2a9bc5280db4a65672a1bbcb,survface,survface:unknown_unknown_probe:5704_cam1_75,adaface-4df25b75e065b0b9ed43,pca,pca_256,pca_reconstruction_cosine,0.1,False,frozen_origin,0.0022852420806884,True,False,False,True,True,0.0683980432566626,True,stable,3,8972,8
gradcam-782e097098340f98b235,population-2a9bc5280db4a65672a1bbcb,survface,survface:registered_probe:5826_cam1_55,adaface-4df25b75e065b0b9ed43,pca,pca_256,pca_reconstruction_cosine,0.1,True,frozen_origin,0.0020914077758789,True,False,False,True,True,0.070576549545221,True,stable,4,8972,8
gradcam-f6927bfaeda9576e7787,population-2a9bc5280db4a65672a1bbcb,survface,survface:registered_probe:5703_cam1_119,adaface-4df25b75e065b0b9ed43,pca,pca_256,pca_reconstruction_cosine,0.1,True,frozen_origin,0.0033022165298461,True,False,False,True,True,0.0709396042913798,True,stable,5,8972,8
gradcam-fe2c64879bd257add7b3,population-2a9bc5280db4a65672a1bbcb,survface,survface:unknown_unknown_probe:5854_cam1_5,adaface-4df25b75e065b0b9ed43,pca,pca_256,pca_reconstruction_cosine,0.1,False,frozen_origin,0.002202033996582,True,False,False,True,True,0.071161326037714,True,stable,6,8972,8
gradcam-7e0b53b1e961637584ae,population-2a9bc5280db4a65672a1bbcb,survface,survface:registered_probe:5688_cam1_23,adaface-4df25b75e065b0b9ed43,pca,pca_256,pca_reconstruction_cosine,0.1,True,frozen_origin,0.0030703544616699,True,False,False,True,True,0.0720717013112559,True,stable,7,8972,8
gradcam-789dd4f5a38470c30494,population-2a9bc5280db4a65672a1bbcb,survface,survface:unknown_unknown_probe:5748_cam1_111,adaface-4df25b75e065b0b9ed43,pca,pca_256,pca_reconstruction_cosine,0.1,False,frozen_origin,0.0024928450584411,True,False,False,True,True,0.0728900418331049,True,stable,8,8972,8
gradcam-6a6755459160616ad54b,population-2a9bc5280db4a65672a1bbcb,survface,survface:registered_probe:5244_23,adaface-4df25b75e065b0b9ed43,pca,pca_256,pca_reconstruction_cosine,0.1,True,frozen_origin,0.0300827026367187,True,True,False,True,True,0.3442965395011105,True,threshold_crossing,1,8972,8
gradcam-2cee62a1a19a83cd95fa,population-2a9bc5280db4a65672a1bbcb,survface,survface:registered_probe:5578_cam2_163,adaface-4df25b75e065b0b9ed43,pca,pca_256,pca_reconstruction_cosine,0.1,True,frozen_origin,0.0094895958900451,True,True,False,True,True,0.2088224182096439,True,threshold_crossing,2,8972,8
gradcam-99278a8dcc4c2496039a,population-2a9bc5280db4a65672a1bbcb,survface,survface:unknown_unknown_probe:distractors_24993,adaface-4df25b75e065b0b9ed43,pca,pca_256,pca_reconstruction_cosine,0.1,False,frozen_origin,0.0160014629364013,True,True,False,True,True,0.2040387717234286,True,threshold_crossing,3,8972,8
gradcam-675a79fb9dbff5bcd472,population-2a9bc5280db4a65672a1bbcb,survface,survface:registered_probe:5800_cam1_125,adaface-4df25b75e065b0b9ed43,pca,pca_256,pca_reconstruction_cosine,0.1,True,frozen_origin,0.0129951238632202,True,True,False,True,True,0.2025399727865081,True,threshold_crossing,4,8972,8
gradcam-5e7f658369e504c61dcf,population-2a9bc5280db4a65672a1bbcb,survface,survface:registered_probe:5800_cam1_130,adaface-4df25b75e065b0b9ed43,pca,pca_256,pca_reconstruction_cosine,0.1,True,frozen_origin,0.0130257606506347,True,True,False,True,True,0.2019592057346111,True,threshold_crossing,5,8972,8
gradcam-b96d53f507f352b36d57,population-2a9bc5280db4a65672a1bbcb,survface,survface:unknown_unknown_probe:9179_cam2_36,adaface-4df25b75e065b0b9ed43,pca,pca_256,pca_reconstruction_cosine,0.1,False,frozen_origin,0.0153082013130187,True,True,False,True,True,0.1968827237382645,True,threshold_crossing,6,8972,8
gradcam-599c9731cddbc3e725a8,population-2a9bc5280db4a65672a1bbcb,survface,survface:registered_probe:5800_cam1_72,adaface-4df25b75e065b0b9ed43,pca,pca_256,pca_reconstruction_cosine,0.1,True,frozen_origin,0.0114036798477172,True,True,False,True,True,0.1960502590257059,True,threshold_crossing,7,8972,8
gradcam-0c4fb374807519792275,population-2a9bc5280db4a65672a1bbcb,survface,survface:unknown_unknown_probe:4480_cam1_1,adaface-4df25b75e065b0b9ed43,pca,pca_256,pca_reconstruction_cosine,0.1,False,frozen_origin,0.0192221403121948,True,True,False,True,True,0.1945365545316596,True,threshold_crossing,8,8972,8
gradcam-818ae41e093abde8e3f3,population-2a9bc5280db4a65672a1bbcb,survface,survface:registered_probe:4072_cam2_1,adaface-4df25b75e065b0b9ed43,pca,pca_256,pca_reconstruction_cosine,0.2,True,frozen_origin,-0.0028666257858276,True,False,False,True,True,0.6237238689439962,True,high_error,1,8972,8
gradcam-7361db1f722f8f34002e,population-2a9bc5280db4a65672a1bbcb,survface,survface:unknown_unknown_probe:distractors_3188,adaface-4df25b75e065b0b9ed43,pca,pca_256,pca_reconstruction_cosine,0.2,False,frozen_origin,0.0582427978515625,True,False,False,True,True,0.5959113464952569,True,high_error,2,8972,8
gradcam-b8783bae9df4f90f3f14,population-2a9bc5280db4a65672a1bbcb,survface,survface:registered_probe:2973_cam3_1,adaface-4df25b75e065b0b9ed43,pca,pca_256,pca_reconstruction_cosine,0.2,True,frozen_origin,0.0213909447193145,True,False,False,True,True,0.5489128667166618,True,high_error,3,8972,8
gradcam-9a29ecb7d83a75547dde,population-2a9bc5280db4a65672a1bbcb,survface,survface:unknown_unknown_probe:distractors_3599,adaface-4df25b75e065b0b9ed43,pca,pca_256,pca_reconstruction_cosine,0.2,False,frozen_origin,0.0572157800197601,True,False,False,True,True,0.5323027789145014,True,high_error,4,8972,8
gradcam-0956bfed029abffdc92e,population-2a9bc5280db4a65672a1bbcb,survface,survface:unknown_unknown_probe:distractors_12176,adaface-4df25b75e065b0b9ed43,pca,pca_256,pca_reconstruction_cosine,0.2,False,frozen_origin,0.0426789224147796,True,False,False,True,True,0.5121491171182353,True,high_error,5,8972,8
gradcam-cd1d7f1b640dfe91cd50,population-2a9bc5280db4a65672a1bbcb,survface,survface:registered_probe:4639_cam2_2,adaface-4df25b75e065b0b9ed43,pca,pca_256,pca_reconstruction_cosine,0.2,True,frozen_origin,0.0140418410301208,True,False,False,True,True,0.5102903186392552,True,high_error,6,8972,8
gradcam-b59b8b6cfb9b0fc1d435,population-2a9bc5280db4a65672a1bbcb,survface,survface:unknown_unknown_probe:distractors_21592,adaface-4df25b75e065b0b9ed43,pca,pca_256,pca_reconstruction_cosine,0.2,False,frozen_origin,0.0229061245918273,True,False,False,True,True,0.5039091735024762,True,high_error,7,8972,8
gradcam-1600f138aa18a881e7f5,population-2a9bc5280db4a65672a1bbcb,survface,survface:unknown_unknown_probe:9132_cam2_66,adaface-4df25b75e065b0b9ed43,pca,pca_256,pca_reconstruction_cosine,0.2,False,frozen_origin,0.0251679420471191,True,False,False,True,True,0.4979045309592081,True,high_error,8,8972,8
gradcam-9802056c7fe64d8561b3,population-2a9bc5280db4a65672a1bbcb,survface,survface:unknown_unknown_probe:distractors_4412,adaface-4df25b75e065b0b9ed43,pca,pca_256,pca_reconstruction_cosine,0.2,False,frozen_origin,-0.0172533690929412,False,False,False,True,True,0.5063123916223383,True,rank_flip,1,8972,8
gradcam-7f6467c6edb3dd63f791,population-2a9bc5280db4a65672a1bbcb,survface,survface:registered_probe:9197_cam1_97,adaface-4df25b75e065b0b9ed43,pca,pca_256,pca_reconstruction_cosine,0.2,True,frozen_origin,0.0112318098545074,False,False,False,True,True,0.5037171214600741,True,rank_flip,2,8972,8
gradcam-7161611579d34ed60931,population-2a9bc5280db4a65672a1bbcb,survface,survface:unknown_unknown_probe:distractors_2185,adaface-4df25b75e065b0b9ed43,pca,pca_256,pca_reconstruction_cosine,0.2,False,frozen_origin,0.0055627226829528,False,False,False,True,True,0.4977595230223015,True,rank_flip,3,8972,8
gradcam-47e5dc4ca3188ae64586,population-2a9bc5280db4a65672a1bbcb,survface,survface:unknown_unknown_probe:distractors_3189,adaface-4df25b75e065b0b9ed43,pca,pca_256,pca_reconstruction_cosine,0.2,False,frozen_origin,0.0115461349487304,False,False,False,True,True,0.4975405500728156,True,rank_flip,4,8972,8
gradcam-e44bdb5a1ba942b83cc4,population-2a9bc5280db4a65672a1bbcb,survface,survface:unknown_unknown_probe:distractors_3165,adaface-4df25b75e065b0b9ed43,pca,pca_256,pca_reconstruction_cosine,0.2,False,frozen_origin,0.0273831188678741,False,False,False,True,True,0.4802469663397488,True,rank_flip,5,8972,8
gradcam-b8cbef9a4a0cebce4c34,population-2a9bc5280db4a65672a1bbcb,survface,survface:unknown_unknown_probe:9645_cam2_24,adaface-4df25b75e065b0b9ed43,pca,pca_256,pca_reconstruction_cosine,0.2,False,frozen_origin,-0.0216435492038726,False,False,False,True,True,0.465191298573001,True,rank_flip,6,8972,8
gradcam-3b2f384168938f00d095,population-2a9bc5280db4a65672a1bbcb,survface,survface:unknown_unknown_probe:distractors_2542,adaface-4df25b75e065b0b9ed43,pca,pca_256,pca_reconstruction_cosine,0.2,False,frozen_origin,0.0368722081184387,False,False,False,True,True,0.4587135403597561,True,rank_flip,7,8972,8
gradcam-9242ee036d3ea59f07b8,population-2a9bc5280db4a65672a1bbcb,survface,survface:registered_probe:9354_cam1_75,adaface-4df25b75e065b0b9ed43,pca,pca_256,pca_reconstruction_cosine,0.2,True,frozen_origin,0.035167247056961,False,False,False,True,True,0.4583569688759253,True,rank_flip,8,8972,8
gradcam-ad29ed4040f970c8ddb5,population-2a9bc5280db4a65672a1bbcb,survface,survface:unknown_unknown_probe:5863_cam1_151,adaface-4df25b75e065b0b9ed43,pca,pca_256,pca_reconstruction_cosine,0.2,False,frozen_origin,0.0018492341041564,True,False,False,True,True,0.0639761415336504,True,stable,1,8972,8
gradcam-d66421263b277a1faadc,population-2a9bc5280db4a65672a1bbcb,survface,survface:unknown_unknown_probe:5762_cam1_26,adaface-4df25b75e065b0b9ed43,pca,pca_256,pca_reconstruction_cosine,0.2,False,frozen_origin,0.0021353363990783,True,False,False,True,True,0.068185389805796,True,stable,2,8972,8
gradcam-2b110e09c5ea9871eed5,population-2a9bc5280db4a65672a1bbcb,survface,survface:unknown_unknown_probe:5704_cam1_75,adaface-4df25b75e065b0b9ed43,pca,pca_256,pca_reconstruction_cosine,0.2,False,frozen_origin,0.0022852420806884,True,False,False,True,True,0.0683980432566626,True,stable,3,8972,8
gradcam-f6e9b742f9288e3ef855,population-2a9bc5280db4a65672a1bbcb,survface,survface:registered_probe:5826_cam1_55,adaface-4df25b75e065b0b9ed43,pca,pca_256,pca_reconstruction_cosine,0.2,True,frozen_origin,0.0020914077758789,True,False,False,True,True,0.070576549545221,True,stable,4,8972,8
gradcam-2b5760471db83b8e4a29,population-2a9bc5280db4a65672a1bbcb,survface,survface:registered_probe:5703_cam1_119,adaface-4df25b75e065b0b9ed43,pca,pca_256,pca_reconstruction_cosine,0.2,True,frozen_origin,0.0033022165298461,True,False,False,True,True,0.0709396042913798,True,stable,5,8972,8
gradcam-e89160aabae66c2969ea,population-2a9bc5280db4a65672a1bbcb,survface,survface:unknown_unknown_probe:5854_cam1_5,adaface-4df25b75e065b0b9ed43,pca,pca_256,pca_reconstruction_cosine,0.2,False,frozen_origin,0.002202033996582,True,False,False,True,True,0.071161326037714,True,stable,6,8972,8
gradcam-7ead39fa367f0bdc3961,population-2a9bc5280db4a65672a1bbcb,survface,survface:registered_probe:5688_cam1_23,adaface-4df25b75e065b0b9ed43,pca,pca_256,pca_reconstruction_cosine,0.2,True,frozen_origin,0.0030703544616699,True,False,False,True,True,0.0720717013112559,True,stable,7,8972,8
gradcam-1477fd152ecb8e3cf197,population-2a9bc5280db4a65672a1bbcb,survface,survface:unknown_unknown_probe:5748_cam1_111,adaface-4df25b75e065b0b9ed43,pca,pca_256,pca_reconstruction_cosine,0.2,False,frozen_origin,0.0024928450584411,True,False,False,True,True,0.0728900418331049,True,stable,8,8972,8
gradcam-3699accc62e8da2b732f,population-2a9bc5280db4a65672a1bbcb,survface,survface:registered_probe:5227_19,adaface-4df25b75e065b0b9ed43,pca,pca_256,pca_reconstruction_cosine,0.2,True,frozen_origin,0.0337561964988708,True,True,False,True,True,0.430779688113637,True,threshold_crossing,1,8972,8
gradcam-5c15c06878c953eb025d,population-2a9bc5280db4a65672a1bbcb,survface,survface:registered_probe:5227_14,adaface-4df25b75e065b0b9ed43,pca,pca_256,pca_reconstruction_cosine,0.2,True,frozen_origin,0.0230937004089355,True,True,False,True,True,0.3226827640867528,True,threshold_crossing,2,8972,8
gradcam-beea765241770b8f1159,population-2a9bc5280db4a65672a1bbcb,survface,survface:registered_probe:5249_26,adaface-4df25b75e065b0b9ed43,pca,pca_256,pca_reconstruction_cosine,0.2,True,frozen_origin,0.011105477809906,True,True,False,True,True,0.2885362800653919,True,threshold_crossing,3,8972,8
gradcam-daf0ac68b8b69aca1b1f,population-2a9bc5280db4a65672a1bbcb,survface,survface:registered_probe:5263_3,adaface-4df25b75e065b0b9ed43,pca,pca_256,pca_reconstruction_cosine,0.2,True,frozen_origin,0.0288469791412353,True,True,False,True,True,0.2523356024284907,True,threshold_crossing,4,8972,8
gradcam-d08362fb31e797c7e6e7,population-2a9bc5280db4a65672a1bbcb,survface,survface:registered_probe:5578_cam2_145,adaface-4df25b75e065b0b9ed43,pca,pca_256,pca_reconstruction_cosine,0.2,True,frozen_origin,0.0285782217979431,True,True,False,True,True,0.2359301447769438,True,threshold_crossing,5,8972,8
gradcam-5a308a19233a07d0f976,population-2a9bc5280db4a65672a1bbcb,survface,survface:registered_probe:8567_cam2_29,adaface-4df25b75e065b0b9ed43,pca,pca_256,pca_reconstruction_cosine,0.2,True,frozen_origin,0.0192282795906066,False,True,False,True,True,0.2357781195558861,True,threshold_crossing,6,8972,8
gradcam-b96142cb4845e027b248,population-2a9bc5280db4a65672a1bbcb,survface,survface:registered_probe:9060_cam2_44,adaface-4df25b75e065b0b9ed43,pca,pca_256,pca_reconstruction_cosine,0.2,True,frozen_origin,0.0185785889625549,True,True,False,True,True,0.2230937643023228,True,threshold_crossing,7,8972,8
gradcam-5ddad01196c02d00729d,population-2a9bc5280db4a65672a1bbcb,survface,survface:registered_probe:5578_cam2_159,adaface-4df25b75e065b0b9ed43,pca,pca_256,pca_reconstruction_cosine,0.2,True,frozen_origin,0.0104545354843139,True,True,False,True,True,0.2226275374155757,True,threshold_crossing,8,8972,8
gradcam-ee4fbbb19b516346232b,population-2a9bc5280db4a65672a1bbcb,survface,survface:registered_probe:4072_cam2_1,adaface-4df25b75e065b0b9ed43,pca,pca_256,pca_reconstruction_cosine,0.3,True,frozen_origin,-0.0028666257858276,True,False,False,True,True,0.6237238689439962,True,high_error,1,8972,8
gradcam-4c839467b4d0f10a8ce5,population-2a9bc5280db4a65672a1bbcb,survface,survface:unknown_unknown_probe:distractors_3188,adaface-4df25b75e065b0b9ed43,pca,pca_256,pca_reconstruction_cosine,0.3,False,frozen_origin,0.0582427978515625,True,False,False,True,True,0.5959113464952569,True,high_error,2,8972,8
gradcam-f7eba4d74d45346186f8,population-2a9bc5280db4a65672a1bbcb,survface,survface:registered_probe:2973_cam3_1,adaface-4df25b75e065b0b9ed43,pca,pca_256,pca_reconstruction_cosine,0.3,True,frozen_origin,0.0213909447193145,True,False,False,True,True,0.5489128667166618,True,high_error,3,8972,8
gradcam-180a5398367054e8d446,population-2a9bc5280db4a65672a1bbcb,survface,survface:unknown_unknown_probe:distractors_3599,adaface-4df25b75e065b0b9ed43,pca,pca_256,pca_reconstruction_cosine,0.3,False,frozen_origin,0.0572157800197601,True,False,False,True,True,0.5323027789145014,True,high_error,4,8972,8
gradcam-43fefa94ab12bceb64b6,population-2a9bc5280db4a65672a1bbcb,survface,survface:unknown_unknown_probe:distractors_12176,adaface-4df25b75e065b0b9ed43,pca,pca_256,pca_reconstruction_cosine,0.3,False,frozen_origin,0.0426789224147796,True,False,False,True,True,0.5121491171182353,True,high_error,5,8972,8
gradcam-3ddae25147fff8b1cd0e,population-2a9bc5280db4a65672a1bbcb,survface,survface:registered_probe:4639_cam2_2,adaface-4df25b75e065b0b9ed43,pca,pca_256,pca_reconstruction_cosine,0.3,True,frozen_origin,0.0140418410301208,True,False,False,True,True,0.5102903186392552,True,high_error,6,8972,8
gradcam-265c2982c7edd14ea1f2,population-2a9bc5280db4a65672a1bbcb,survface,survface:unknown_unknown_probe:distractors_21592,adaface-4df25b75e065b0b9ed43,pca,pca_256,pca_reconstruction_cosine,0.3,False,frozen_origin,0.0229061245918273,True,False,False,True,True,0.5039091735024762,True,high_error,7,8972,8
gradcam-dfdef64a70a8e044b02d,population-2a9bc5280db4a65672a1bbcb,survface,survface:unknown_unknown_probe:9132_cam2_66,adaface-4df25b75e065b0b9ed43,pca,pca_256,pca_reconstruction_cosine,0.3,False,frozen_origin,0.0251679420471191,True,False,False,True,True,0.4979045309592081,True,high_error,8,8972,8
gradcam-6a81010c4858def70e92,population-2a9bc5280db4a65672a1bbcb,survface,survface:unknown_unknown_probe:distractors_4412,adaface-4df25b75e065b0b9ed43,pca,pca_256,pca_reconstruction_cosine,0.3,False,frozen_origin,-0.0172533690929412,False,False,False,True,True,0.5063123916223383,True,rank_flip,1,8972,8
gradcam-2f7ae0d44f963aba44fa,population-2a9bc5280db4a65672a1bbcb,survface,survface:registered_probe:9197_cam1_97,adaface-4df25b75e065b0b9ed43,pca,pca_256,pca_reconstruction_cosine,0.3,True,frozen_origin,0.0112318098545074,False,False,False,True,True,0.5037171214600741,True,rank_flip,2,8972,8
gradcam-4ec81136f1894668d484,population-2a9bc5280db4a65672a1bbcb,survface,survface:unknown_unknown_probe:distractors_2185,adaface-4df25b75e065b0b9ed43,pca,pca_256,pca_reconstruction_cosine,0.3,False,frozen_origin,0.0055627226829528,False,False,False,True,True,0.4977595230223015,True,rank_flip,3,8972,8
gradcam-8c23e51e0e4af19ab784,population-2a9bc5280db4a65672a1bbcb,survface,survface:unknown_unknown_probe:distractors_3189,adaface-4df25b75e065b0b9ed43,pca,pca_256,pca_reconstruction_cosine,0.3,False,frozen_origin,0.0115461349487304,False,False,False,True,True,0.4975405500728156,True,rank_flip,4,8972,8
gradcam-49396bed2369f2d18f3e,population-2a9bc5280db4a65672a1bbcb,survface,survface:unknown_unknown_probe:distractors_3165,adaface-4df25b75e065b0b9ed43,pca,pca_256,pca_reconstruction_cosine,0.3,False,frozen_origin,0.0273831188678741,False,False,False,True,True,0.4802469663397488,True,rank_flip,5,8972,8
gradcam-e15923040afaa89168f1,population-2a9bc5280db4a65672a1bbcb,survface,survface:unknown_unknown_probe:9645_cam2_24,adaface-4df25b75e065b0b9ed43,pca,pca_256,pca_reconstruction_cosine,0.3,False,frozen_origin,-0.0216435492038726,False,False,False,True,True,0.465191298573001,True,rank_flip,6,8972,8
gradcam-81cfe0b98846795ab329,population-2a9bc5280db4a65672a1bbcb,survface,survface:unknown_unknown_probe:distractors_2542,adaface-4df25b75e065b0b9ed43,pca,pca_256,pca_reconstruction_cosine,0.3,False,frozen_origin,0.0368722081184387,False,False,False,True,True,0.4587135403597561,True,rank_flip,7,8972,8
gradcam-420eebfcecbb0f00b277,population-2a9bc5280db4a65672a1bbcb,survface,survface:registered_probe:9354_cam1_75,adaface-4df25b75e065b0b9ed43,pca,pca_256,pca_reconstruction_cosine,0.3,True,frozen_origin,0.035167247056961,False,False,False,True,True,0.4583569688759253,True,rank_flip,8,8972,8
gradcam-c60f8a828d13502dcbc5,population-2a9bc5280db4a65672a1bbcb,survface,survface:unknown_unknown_probe:5863_cam1_151,adaface-4df25b75e065b0b9ed43,pca,pca_256,pca_reconstruction_cosine,0.3,False,frozen_origin,0.0018492341041564,True,False,False,True,True,0.0639761415336504,True,stable,1,8972,8
gradcam-689542e3c3a903a6563b,population-2a9bc5280db4a65672a1bbcb,survface,survface:unknown_unknown_probe:5762_cam1_26,adaface-4df25b75e065b0b9ed43,pca,pca_256,pca_reconstruction_cosine,0.3,False,frozen_origin,0.0021353363990783,True,False,False,True,True,0.068185389805796,True,stable,2,8972,8
gradcam-9b8a34614b0603110143,population-2a9bc5280db4a65672a1bbcb,survface,survface:unknown_unknown_probe:5704_cam1_75,adaface-4df25b75e065b0b9ed43,pca,pca_256,pca_reconstruction_cosine,0.3,False,frozen_origin,0.0022852420806884,True,False,False,True,True,0.0683980432566626,True,stable,3,8972,8
gradcam-6926277096e27cd96f9f,population-2a9bc5280db4a65672a1bbcb,survface,survface:registered_probe:5826_cam1_55,adaface-4df25b75e065b0b9ed43,pca,pca_256,pca_reconstruction_cosine,0.3,True,frozen_origin,0.0020914077758789,True,False,False,True,True,0.070576549545221,True,stable,4,8972,8
gradcam-f5dc82e62ed770c9a5a7,population-2a9bc5280db4a65672a1bbcb,survface,survface:registered_probe:5703_cam1_119,adaface-4df25b75e065b0b9ed43,pca,pca_256,pca_reconstruction_cosine,0.3,True,frozen_origin,0.0033022165298461,True,False,False,True,True,0.0709396042913798,True,stable,5,8972,8
gradcam-fa1e27c721d3395fc68d,population-2a9bc5280db4a65672a1bbcb,survface,survface:unknown_unknown_probe:5854_cam1_5,adaface-4df25b75e065b0b9ed43,pca,pca_256,pca_reconstruction_cosine,0.3,False,frozen_origin,0.002202033996582,True,False,False,True,True,0.071161326037714,True,stable,6,8972,8
gradcam-09cd7405ca7e07cd40a4,population-2a9bc5280db4a65672a1bbcb,survface,survface:registered_probe:5688_cam1_23,adaface-4df25b75e065b0b9ed43,pca,pca_256,pca_reconstruction_cosine,0.3,True,frozen_origin,0.0030703544616699,True,False,False,True,True,0.0720717013112559,True,stable,7,8972,8
gradcam-815dcf9cdfc5aea626ea,population-2a9bc5280db4a65672a1bbcb,survface,survface:unknown_unknown_probe:5748_cam1_111,adaface-4df25b75e065b0b9ed43,pca,pca_256,pca_reconstruction_cosine,0.3,False,frozen_origin,0.0024928450584411,True,False,False,True,True,0.0728900418331049,True,stable,8,8972,8
gradcam-e443084a48bccd19829e,population-2a9bc5280db4a65672a1bbcb,survface,survface:registered_probe:5244_18,adaface-4df25b75e065b0b9ed43,pca,pca_256,pca_reconstruction_cosine,0.3,True,frozen_origin,0.0181535482406616,True,True,False,True,True,0.3710181924177763,True,threshold_crossing,1,8972,8
gradcam-a9a9ef613f0e92b4405a,population-2a9bc5280db4a65672a1bbcb,survface,survface:registered_probe:5255_22,adaface-4df25b75e065b0b9ed43,pca,pca_256,pca_reconstruction_cosine,0.3,True,frozen_origin,0.0251287221908569,True,True,False,True,True,0.3412604366264994,True,threshold_crossing,2,8972,8
gradcam-47fe114e3a3d5fcefc2e,population-2a9bc5280db4a65672a1bbcb,survface,survface:registered_probe:5293_16,adaface-4df25b75e065b0b9ed43,pca,pca_256,pca_reconstruction_cosine,0.3,True,frozen_origin,0.0284704566001892,True,True,False,True,True,0.3393358516631454,True,threshold_crossing,3,8972,8
gradcam-5d29146e8f0dc0a64e63,population-2a9bc5280db4a65672a1bbcb,survface,survface:registered_probe:262_cam1_1,adaface-4df25b75e065b0b9ed43,pca,pca_256,pca_reconstruction_cosine,0.3,True,frozen_origin,0.0348252058029174,True,True,False,True,True,0.3254926515131466,True,threshold_crossing,4,8972,8
gradcam-3a21d2fb3e392eb7e1b6,population-2a9bc5280db4a65672a1bbcb,survface,survface:registered_probe:5225_21,adaface-4df25b75e065b0b9ed43,pca,pca_256,pca_reconstruction_cosine,0.3,True,frozen_origin,0.0368162393569946,True,True,False,True,True,0.3249455961186538,True,threshold_crossing,5,8972,8
gradcam-7d614f683e3a25313a1f,population-2a9bc5280db4a65672a1bbcb,survface,survface:registered_probe:5227_12,adaface-4df25b75e065b0b9ed43,pca,pca_256,pca_reconstruction_cosine,0.3,True,frozen_origin,0.0302210450172424,True,True,False,True,True,0.3102631618201955,True,threshold_crossing,6,8972,8
gradcam-12a323f9e69b849c1d32,population-2a9bc5280db4a65672a1bbcb,survface,survface:registered_probe:5227_11,adaface-4df25b75e065b0b9ed43,pca,pca_256,pca_reconstruction_cosine,0.3,True,frozen_origin,0.0292787551879882,True,True,False,True,True,0.3020333615184228,True,threshold_crossing,7,8972,8
gradcam-4cde1505aed1540303e1,population-2a9bc5280db4a65672a1bbcb,survface,survface:registered_probe:5225_19,adaface-4df25b75e065b0b9ed43,pca,pca_256,pca_reconstruction_cosine,0.3,True,frozen_origin,0.0260967016220092,True,True,False,True,True,0.3011798670523938,True,threshold_crossing,8,8972,8
gradcam-56c4529d4d0297f9d452,population-2a9bc5280db4a65672a1bbcb,survface,survface:registered_probe:2742_cam2_1,adaface-4df25b75e065b0b9ed43,pca,pca_32,pca_direct_cosine,0.01,True,frozen_origin,0.3296755850315094,True,False,False,True,True,1.315073843751721,True,high_error,1,8972,8
gradcam-8bf9f522d19404297258,population-2a9bc5280db4a65672a1bbcb,survface,survface:unknown_unknown_probe:distractors_2510,adaface-4df25b75e065b0b9ed43,pca,pca_32,pca_direct_cosine,0.01,False,frozen_origin,0.4886648058891296,True,False,False,True,True,1.2838184995848276,True,high_error,2,8972,8
gradcam-7a6b968e3224ac7a553c,population-2a9bc5280db4a65672a1bbcb,survface,survface:unknown_unknown_probe:10206_cam2_75,adaface-4df25b75e065b0b9ed43,pca,pca_32,pca_direct_cosine,0.01,False,frozen_origin,0.5294083803892136,True,False,False,True,True,1.2518108303623832,True,high_error,3,8972,8
gradcam-ed3e154156925ff429e5,population-2a9bc5280db4a65672a1bbcb,survface,survface:unknown_unknown_probe:4443_cam2_3,adaface-4df25b75e065b0b9ed43,pca,pca_32,pca_direct_cosine,0.01,False,frozen_origin,0.4950510263442993,True,False,False,True,True,1.2343959821156536,True,high_error,4,8972,8
gradcam-3e77d32e0506df1cbcaf,population-2a9bc5280db4a65672a1bbcb,survface,survface:unknown_unknown_probe:distractors_1028,adaface-4df25b75e065b0b9ed43,pca,pca_32,pca_direct_cosine,0.01,False,frozen_origin,0.4737117290496826,True,False,False,True,True,1.2115845489901391,True,high_error,5,8972,8
gradcam-5ed6fb181a5128a79225,population-2a9bc5280db4a65672a1bbcb,survface,survface:registered_probe:5263_20,adaface-4df25b75e065b0b9ed43,pca,pca_32,pca_direct_cosine,0.01,True,frozen_origin,0.1352036595344543,True,False,False,True,True,1.2064335147385528,True,high_error,6,8972,8
gradcam-e4bdd241cfbd0459363e,population-2a9bc5280db4a65672a1bbcb,survface,survface:unknown_unknown_probe:10556_cam3_45,adaface-4df25b75e065b0b9ed43,pca,pca_32,pca_direct_cosine,0.01,False,frozen_origin,0.443615198135376,True,False,False,True,True,1.1884305557448316,True,high_error,7,8972,8
gradcam-ea74d7060e959ec01e88,population-2a9bc5280db4a65672a1bbcb,survface,survface:unknown_unknown_probe:10206_cam2_59,adaface-4df25b75e065b0b9ed43,pca,pca_32,pca_direct_cosine,0.01,False,frozen_origin,0.485017716884613,True,False,False,True,True,1.1855210912583691,True,high_error,8,8972,8
gradcam-2df9e7998854b6a53106,population-2a9bc5280db4a65672a1bbcb,survface,survface:unknown_unknown_probe:10206_cam2_74,adaface-4df25b75e065b0b9ed43,pca,pca_32,pca_direct_cosine,0.01,False,frozen_origin,0.4478909373283386,False,False,False,True,True,1.3235403910752508,True,rank_flip,1,8972,8
gradcam-cd84b1616c253626045b,population-2a9bc5280db4a65672a1bbcb,survface,survface:unknown_unknown_probe:2704_cam2_1,adaface-4df25b75e065b0b9ed43,pca,pca_32,pca_direct_cosine,0.01,False,frozen_origin,0.5275481343269348,False,False,False,True,True,1.317456008917174,True,rank_flip,2,8972,8
gradcam-6d823c8d9fc5709a8515,population-2a9bc5280db4a65672a1bbcb,survface,survface:unknown_unknown_probe:2756_cam4_1,adaface-4df25b75e065b0b9ed43,pca,pca_32,pca_direct_cosine,0.01,False,frozen_origin,0.5862461030483246,False,False,False,True,True,1.2954914387346412,True,rank_flip,3,8972,8
gradcam-5fdd7432235837b6fabb,population-2a9bc5280db4a65672a1bbcb,survface,survface:unknown_unknown_probe:distractors_4934,adaface-4df25b75e065b0b9ed43,pca,pca_32,pca_direct_cosine,0.01,False,frozen_origin,0.4980978518724441,False,False,False,True,True,1.295443483357732,True,rank_flip,4,8972,8
gradcam-7b4c7cf04a1da095274e,population-2a9bc5280db4a65672a1bbcb,survface,survface:registered_probe:707_cam2_1,adaface-4df25b75e065b0b9ed43,pca,pca_32,pca_direct_cosine,0.01,True,frozen_origin,0.5615414977073669,False,False,False,True,True,1.2942783715936923,True,rank_flip,5,8972,8
gradcam-c2272771a2238536b8b3,population-2a9bc5280db4a65672a1bbcb,survface,survface:unknown_unknown_probe:distractors_21592,adaface-4df25b75e065b0b9ed43,pca,pca_32,pca_direct_cosine,0.01,False,frozen_origin,0.4674009084701538,False,False,False,True,True,1.2932433983258695,True,rank_flip,6,8972,8
gradcam-4de7127dfb33ec186b33,population-2a9bc5280db4a65672a1bbcb,survface,survface:unknown_unknown_probe:distractors_3041,adaface-4df25b75e065b0b9ed43,pca,pca_32,pca_direct_cosine,0.01,False,frozen_origin,0.6060732454061508,False,False,False,True,True,1.2858637974525473,True,rank_flip,7,8972,8
gradcam-a9688bbcae5f16fa3c9b,population-2a9bc5280db4a65672a1bbcb,survface,survface:unknown_unknown_probe:10206_cam2_57,adaface-4df25b75e065b0b9ed43,pca,pca_32,pca_direct_cosine,0.01,False,frozen_origin,0.5863634943962097,False,False,False,True,True,1.2799910402817285,True,rank_flip,8,8972,8
gradcam-1603b188b5895ba0e1b6,population-2a9bc5280db4a65672a1bbcb,survface,survface:registered_probe:5647_cam1_249,adaface-4df25b75e065b0b9ed43,pca,pca_32,pca_direct_cosine,0.01,True,frozen_origin,-0.0401036143302917,True,False,False,True,True,0.3008895630657504,True,stable,1,8972,8
gradcam-3d5d660f7857ddbd8dd4,population-2a9bc5280db4a65672a1bbcb,survface,survface:unknown_unknown_probe:5783_cam1_98,adaface-4df25b75e065b0b9ed43,pca,pca_32,pca_direct_cosine,0.01,False,frozen_origin,-0.0371566414833068,True,False,False,True,True,0.3014031029918502,True,stable,2,8972,8
gradcam-2eba18db3905f8fa8d60,population-2a9bc5280db4a65672a1bbcb,survface,survface:registered_probe:5647_cam1_122,adaface-4df25b75e065b0b9ed43,pca,pca_32,pca_direct_cosine,0.01,True,frozen_origin,-0.0284507274627685,True,False,False,True,True,0.3027221424738226,True,stable,3,8972,8
gradcam-8cf67af0726a35b43aba,population-2a9bc5280db4a65672a1bbcb,survface,survface:registered_probe:5789_cam1_63,adaface-4df25b75e065b0b9ed43,pca,pca_32,pca_direct_cosine,0.01,True,frozen_origin,0.0482684969902038,True,False,False,True,True,0.3033367356068977,True,stable,4,8972,8
gradcam-09e3856235937f6e515b,population-2a9bc5280db4a65672a1bbcb,survface,survface:registered_probe:5647_cam1_47,adaface-4df25b75e065b0b9ed43,pca,pca_32,pca_direct_cosine,0.01,True,frozen_origin,-0.0207952260971069,True,False,False,True,True,0.3043774883102355,True,stable,5,8972,8
gradcam-ea070758d28664d335e3,population-2a9bc5280db4a65672a1bbcb,survface,survface:unknown_unknown_probe:5783_cam1_3,adaface-4df25b75e065b0b9ed43,pca,pca_32,pca_direct_cosine,0.01,False,frozen_origin,-0.0606731176376342,True,False,False,True,True,0.3055824304461889,True,stable,6,8972,8
gradcam-2b8e00dba490114d4c3b,population-2a9bc5280db4a65672a1bbcb,survface,survface:unknown_unknown_probe:5691_cam2_2,adaface-4df25b75e065b0b9ed43,pca,pca_32,pca_direct_cosine,0.01,False,frozen_origin,-0.0235936641693115,True,False,False,True,True,0.3111232560701414,True,stable,7,8972,8
gradcam-8a1bb4ed995454302a3e,population-2a9bc5280db4a65672a1bbcb,survface,survface:registered_probe:5647_cam1_119,adaface-4df25b75e065b0b9ed43,pca,pca_32,pca_direct_cosine,0.01,True,frozen_origin,-0.0401643514633178,True,False,False,True,True,0.319801621970478,True,stable,8,8972,8
gradcam-ce7787bc192ebca9ebff,population-2a9bc5280db4a65672a1bbcb,survface,survface:unknown_unknown_probe:4245_cam2_1,adaface-4df25b75e065b0b9ed43,pca,pca_32,pca_direct_cosine,0.01,False,frozen_origin,0.6441579163074493,False,True,False,True,True,1.2531014676659902,True,threshold_crossing,1,8972,8
gradcam-9733d6f51074062c00ea,population-2a9bc5280db4a65672a1bbcb,survface,survface:registered_probe:1129_cam1_1,adaface-4df25b75e065b0b9ed43,pca,pca_32,pca_direct_cosine,0.01,True,frozen_origin,0.5513199865818024,False,True,False,True,True,1.2444621887050016,True,threshold_crossing,2,8972,8
gradcam-208647e1050c14872812,population-2a9bc5280db4a65672a1bbcb,survface,survface:unknown_unknown_probe:9037_cam2_5,adaface-4df25b75e065b0b9ed43,pca,pca_32,pca_direct_cosine,0.01,False,frozen_origin,0.5879730880260468,False,True,False,True,True,1.2269841725129953,True,threshold_crossing,3,8972,8
gradcam-94671eedf10af85ee59e,population-2a9bc5280db4a65672a1bbcb,survface,survface:unknown_unknown_probe:9230_cam2_51,adaface-4df25b75e065b0b9ed43,pca,pca_32,pca_direct_cosine,0.01,False,frozen_origin,0.5457525253295898,False,True,False,True,True,1.2249650095623683,True,threshold_crossing,4,8972,8
gradcam-2eab4e2cc1864abe3758,population-2a9bc5280db4a65672a1bbcb,survface,survface:unknown_unknown_probe:2143_cam2_1,adaface-4df25b75e065b0b9ed43,pca,pca_32,pca_direct_cosine,0.01,False,frozen_origin,0.6103570312261581,False,True,False,True,True,1.218652547280222,True,threshold_crossing,5,8972,8
gradcam-a4a2796c7bed5e32cbb6,population-2a9bc5280db4a65672a1bbcb,survface,survface:unknown_unknown_probe:9230_cam2_54,adaface-4df25b75e065b0b9ed43,pca,pca_32,pca_direct_cosine,0.01,False,frozen_origin,0.5855498015880585,False,True,False,True,True,1.2150273051488925,True,threshold_crossing,6,8972,8
gradcam-71d085384d75d431dcc3,population-2a9bc5280db4a65672a1bbcb,survface,survface:registered_probe:9057_cam2_9,adaface-4df25b75e065b0b9ed43,pca,pca_32,pca_direct_cosine,0.01,True,frozen_origin,0.5967215597629547,False,True,False,True,True,1.208325999066696,True,threshold_crossing,7,8972,8
gradcam-fb712f672e37b0278c4a,population-2a9bc5280db4a65672a1bbcb,survface,survface:registered_probe:2396_cam2_1,adaface-4df25b75e065b0b9ed43,pca,pca_32,pca_direct_cosine,0.01,True,frozen_origin,0.5238000154495239,False,True,False,True,True,1.2033393780523225,True,threshold_crossing,8,8972,8
gradcam-bb7ceb1a9ea11820db26,population-2a9bc5280db4a65672a1bbcb,survface,survface:registered_probe:2742_cam2_1,adaface-4df25b75e065b0b9ed43,pca,pca_32,pca_direct_cosine,0.05,True,frozen_origin,0.3296755850315094,True,False,False,True,True,1.315073843751721,True,high_error,1,8972,8
gradcam-ea93f33967c1d51d29fe,population-2a9bc5280db4a65672a1bbcb,survface,survface:unknown_unknown_probe:10206_cam2_75,adaface-4df25b75e065b0b9ed43,pca,pca_32,pca_direct_cosine,0.05,False,frozen_origin,0.5294083803892136,True,False,False,True,True,1.2518108303623832,True,high_error,2,8972,8
gradcam-24027e8bd869483019a8,population-2a9bc5280db4a65672a1bbcb,survface,survface:unknown_unknown_probe:4443_cam2_3,adaface-4df25b75e065b0b9ed43,pca,pca_32,pca_direct_cosine,0.05,False,frozen_origin,0.4950510263442993,True,False,False,True,True,1.2343959821156536,True,high_error,3,8972,8
gradcam-c096728945095d099c23,population-2a9bc5280db4a65672a1bbcb,survface,survface:unknown_unknown_probe:distractors_1028,adaface-4df25b75e065b0b9ed43,pca,pca_32,pca_direct_cosine,0.05,False,frozen_origin,0.4737117290496826,True,False,False,True,True,1.2115845489901391,True,high_error,4,8972,8
gradcam-88c1274ca8fc89b3e86c,population-2a9bc5280db4a65672a1bbcb,survface,survface:registered_probe:5263_20,adaface-4df25b75e065b0b9ed43,pca,pca_32,pca_direct_cosine,0.05,True,frozen_origin,0.1352036595344543,True,False,False,True,True,1.2064335147385528,True,high_error,5,8972,8
gradcam-6764e2635c20e5eeca30,population-2a9bc5280db4a65672a1bbcb,survface,survface:unknown_unknown_probe:10556_cam3_45,adaface-4df25b75e065b0b9ed43,pca,pca_32,pca_direct_cosine,0.05,False,frozen_origin,0.443615198135376,True,False,False,True,True,1.1884305557448316,True,high_error,6,8972,8
gradcam-4a5435321a0c567c0059,population-2a9bc5280db4a65672a1bbcb,survface,survface:unknown_unknown_probe:10206_cam2_59,adaface-4df25b75e065b0b9ed43,pca,pca_32,pca_direct_cosine,0.05,False,frozen_origin,0.485017716884613,True,False,False,True,True,1.1855210912583691,True,high_error,7,8972,8
gradcam-1257e2d983ea597d4328,population-2a9bc5280db4a65672a1bbcb,survface,survface:registered_probe:2915_cam1_1,adaface-4df25b75e065b0b9ed43,pca,pca_32,pca_direct_cosine,0.05,True,frozen_origin,0.4636454582214355,True,False,False,True,True,1.181690557668717,True,high_error,8,8972,8
gradcam-c3dba49afd3fd57a8332,population-2a9bc5280db4a65672a1bbcb,survface,survface:unknown_unknown_probe:10206_cam2_74,adaface-4df25b75e065b0b9ed43,pca,pca_32,pca_direct_cosine,0.05,False,frozen_origin,0.4478909373283386,False,False,False,True,True,1.3235403910752508,True,rank_flip,1,8972,8
gradcam-4a5f2d3c5a411b6719b3,population-2a9bc5280db4a65672a1bbcb,survface,survface:unknown_unknown_probe:distractors_4934,adaface-4df25b75e065b0b9ed43,pca,pca_32,pca_direct_cosine,0.05,False,frozen_origin,0.4980978518724441,False,False,False,True,True,1.295443483357732,True,rank_flip,2,8972,8
gradcam-1e4cfd8c54033813dbff,population-2a9bc5280db4a65672a1bbcb,survface,survface:unknown_unknown_probe:distractors_21592,adaface-4df25b75e065b0b9ed43,pca,pca_32,pca_direct_cosine,0.05,False,frozen_origin,0.4674009084701538,False,False,False,True,True,1.2932433983258695,True,rank_flip,3,8972,8
gradcam-dfeaaa59af8750a0e8e6,population-2a9bc5280db4a65672a1bbcb,survface,survface:unknown_unknown_probe:distractors_2185,adaface-4df25b75e065b0b9ed43,pca,pca_32,pca_direct_cosine,0.05,False,frozen_origin,0.5505598485469818,False,False,False,True,True,1.2754054289676295,True,rank_flip,4,8972,8
gradcam-31fc86caaa5242d46cc0,population-2a9bc5280db4a65672a1bbcb,survface,survface:unknown_unknown_probe:distractors_2350,adaface-4df25b75e065b0b9ed43,pca,pca_32,pca_direct_cosine,0.05,False,frozen_origin,0.4864573180675506,False,False,False,True,True,1.270989688587587,True,rank_flip,5,8972,8
gradcam-4ecd65bf16be73e5e88f,population-2a9bc5280db4a65672a1bbcb,survface,survface:unknown_unknown_probe:distractors_4031,adaface-4df25b75e065b0b9ed43,pca,pca_32,pca_direct_cosine,0.05,False,frozen_origin,0.3252031803131103,False,False,False,True,True,1.2605636853599798,True,rank_flip,6,8972,8
gradcam-d28c5b9711348e6e1e18,population-2a9bc5280db4a65672a1bbcb,survface,survface:registered_probe:5244_28,adaface-4df25b75e065b0b9ed43,pca,pca_32,pca_direct_cosine,0.05,True,frozen_origin,0.2031086683273315,False,False,False,True,True,1.260061090544931,True,rank_flip,7,8972,8
gradcam-e47dc43475b5bc4c394e,population-2a9bc5280db4a65672a1bbcb,survface,survface:unknown_unknown_probe:9680_cam2_10,adaface-4df25b75e065b0b9ed43,pca,pca_32,pca_direct_cosine,0.05,False,frozen_origin,0.4659470319747925,False,False,False,True,True,1.2506553759684391,True,rank_flip,8,8972,8
gradcam-cbd315a747d5abf309c7,population-2a9bc5280db4a65672a1bbcb,survface,survface:registered_probe:5647_cam1_96,adaface-4df25b75e065b0b9ed43,pca,pca_32,pca_direct_cosine,0.05,True,frozen_origin,-0.0708009004592895,True,False,False,True,True,0.2777038791553456,True,stable,1,8972,8
gradcam-9f927b968c1794dc43d6,population-2a9bc5280db4a65672a1bbcb,survface,survface:unknown_unknown_probe:5783_cam1_73,adaface-4df25b75e065b0b9ed43,pca,pca_32,pca_direct_cosine,0.05,False,frozen_origin,-0.0756673216819763,True,False,False,True,True,0.2906500163654252,True,stable,2,8972,8
gradcam-048749901a63332ebcdd,population-2a9bc5280db4a65672a1bbcb,survface,survface:unknown_unknown_probe:5783_cam1_64,adaface-4df25b75e065b0b9ed43,pca,pca_32,pca_direct_cosine,0.05,False,frozen_origin,-0.0677741169929504,True,False,False,True,True,0.2946830661320695,True,stable,3,8972,8
gradcam-d66dbcf4c4dc1f37a18b,population-2a9bc5280db4a65672a1bbcb,survface,survface:registered_probe:5647_cam1_249,adaface-4df25b75e065b0b9ed43,pca,pca_32,pca_direct_cosine,0.05,True,frozen_origin,-0.0401036143302917,True,False,False,True,True,0.3008895630657504,True,stable,4,8972,8
gradcam-7a88675b2ddf08484553,population-2a9bc5280db4a65672a1bbcb,survface,survface:unknown_unknown_probe:5783_cam1_98,adaface-4df25b75e065b0b9ed43,pca,pca_32,pca_direct_cosine,0.05,False,frozen_origin,-0.0371566414833068,True,False,False,True,True,0.3014031029918502,True,stable,5,8972,8
gradcam-9b633824a64dc15e1d24,population-2a9bc5280db4a65672a1bbcb,survface,survface:registered_probe:5647_cam1_122,adaface-4df25b75e065b0b9ed43,pca,pca_32,pca_direct_cosine,0.05,True,frozen_origin,-0.0284507274627685,True,False,False,True,True,0.3027221424738226,True,stable,6,8972,8
gradcam-fa3f5b3bfd26cb56972c,population-2a9bc5280db4a65672a1bbcb,survface,survface:registered_probe:5813_cam1_1,adaface-4df25b75e065b0b9ed43,pca,pca_32,pca_direct_cosine,0.05,True,frozen_origin,-0.0587684512138366,True,False,False,True,True,0.3031666405952585,True,stable,7,8972,8
gradcam-3320b521f2efbfa24a66,population-2a9bc5280db4a65672a1bbcb,survface,survface:registered_probe:5789_cam1_63,adaface-4df25b75e065b0b9ed43,pca,pca_32,pca_direct_cosine,0.05,True,frozen_origin,0.0482684969902038,True,False,False,True,True,0.3033367356068977,True,stable,8,8972,8
gradcam-4964f847e92b8bcececd,population-2a9bc5280db4a65672a1bbcb,survface,survface:unknown_unknown_probe:2704_cam2_1,adaface-4df25b75e065b0b9ed43,pca,pca_32,pca_direct_cosine,0.05,False,frozen_origin,0.5275481343269348,False,True,False,True,True,1.317456008917174,True,threshold_crossing,1,8972,8
gradcam-3ac839dc5387eb371f95,population-2a9bc5280db4a65672a1bbcb,survface,survface:unknown_unknown_probe:2756_cam4_1,adaface-4df25b75e065b0b9ed43,pca,pca_32,pca_direct_cosine,0.05,False,frozen_origin,0.5862461030483246,False,True,False,True,True,1.2954914387346412,True,threshold_crossing,2,8972,8
gradcam-377975a9d38aa606af8d,population-2a9bc5280db4a65672a1bbcb,survface,survface:registered_probe:707_cam2_1,adaface-4df25b75e065b0b9ed43,pca,pca_32,pca_direct_cosine,0.05,True,frozen_origin,0.5615414977073669,False,True,False,True,True,1.2942783715936923,True,threshold_crossing,3,8972,8
gradcam-622fe40fb4f253b0123f,population-2a9bc5280db4a65672a1bbcb,survface,survface:unknown_unknown_probe:distractors_3041,adaface-4df25b75e065b0b9ed43,pca,pca_32,pca_direct_cosine,0.05,False,frozen_origin,0.6060732454061508,False,True,False,True,True,1.2858637974525473,True,threshold_crossing,4,8972,8
gradcam-8caeefffdb3a75dfda1e,population-2a9bc5280db4a65672a1bbcb,survface,survface:unknown_unknown_probe:distractors_2510,adaface-4df25b75e065b0b9ed43,pca,pca_32,pca_direct_cosine,0.05,False,frozen_origin,0.4886648058891296,True,True,False,True,True,1.2838184995848276,True,threshold_crossing,5,8972,8
gradcam-d42f0ca847123c9ec87a,population-2a9bc5280db4a65672a1bbcb,survface,survface:unknown_unknown_probe:10206_cam2_57,adaface-4df25b75e065b0b9ed43,pca,pca_32,pca_direct_cosine,0.05,False,frozen_origin,0.5863634943962097,False,True,False,True,True,1.2799910402817285,True,threshold_crossing,6,8972,8
gradcam-f82aaa0b673c2f86b9ff,population-2a9bc5280db4a65672a1bbcb,survface,survface:registered_probe:2973_cam3_1,adaface-4df25b75e065b0b9ed43,pca,pca_32,pca_direct_cosine,0.05,True,frozen_origin,0.5183005630970001,False,True,False,True,True,1.2770458442414183,True,threshold_crossing,7,8972,8
gradcam-1ff13e18854611db2cb0,population-2a9bc5280db4a65672a1bbcb,survface,survface:unknown_unknown_probe:447_cam2_1,adaface-4df25b75e065b0b9ed43,pca,pca_32,pca_direct_cosine,0.05,False,frozen_origin,0.5956437587738037,False,True,False,True,True,1.275427518586925,True,threshold_crossing,8,8972,8
gradcam-60b588a58fd0ca4f1a31,population-2a9bc5280db4a65672a1bbcb,survface,survface:unknown_unknown_probe:10206_cam2_75,adaface-4df25b75e065b0b9ed43,pca,pca_32,pca_direct_cosine,0.1,False,frozen_origin,0.5294083803892136,True,False,False,True,True,1.2518108303623832,True,high_error,1,8972,8
gradcam-4d270de9d8f6607a5529,population-2a9bc5280db4a65672a1bbcb,survface,survface:unknown_unknown_probe:4443_cam2_3,adaface-4df25b75e065b0b9ed43,pca,pca_32,pca_direct_cosine,0.1,False,frozen_origin,0.4950510263442993,True,False,False,True,True,1.2343959821156536,True,high_error,2,8972,8
gradcam-014e6ef92c6859e53d17,population-2a9bc5280db4a65672a1bbcb,survface,survface:unknown_unknown_probe:distractors_1028,adaface-4df25b75e065b0b9ed43,pca,pca_32,pca_direct_cosine,0.1,False,frozen_origin,0.4737117290496826,True,False,False,True,True,1.2115845489901391,True,high_error,3,8972,8
gradcam-9db6849f39ae56e96c2a,population-2a9bc5280db4a65672a1bbcb,survface,survface:registered_probe:5263_20,adaface-4df25b75e065b0b9ed43,pca,pca_32,pca_direct_cosine,0.1,True,frozen_origin,0.1352036595344543,True,False,False,True,True,1.2064335147385528,True,high_error,4,8972,8
gradcam-08b1f1452a77ff1ec652,population-2a9bc5280db4a65672a1bbcb,survface,survface:unknown_unknown_probe:10206_cam2_59,adaface-4df25b75e065b0b9ed43,pca,pca_32,pca_direct_cosine,0.1,False,frozen_origin,0.485017716884613,True,False,False,True,True,1.1855210912583691,True,high_error,5,8972,8
gradcam-ce0607b42d4241767cf2,population-2a9bc5280db4a65672a1bbcb,survface,survface:registered_probe:2915_cam1_1,adaface-4df25b75e065b0b9ed43,pca,pca_32,pca_direct_cosine,0.1,True,frozen_origin,0.4636454582214355,True,False,False,True,True,1.181690557668717,True,high_error,6,8972,8
gradcam-97658d0d2851aa46638a,population-2a9bc5280db4a65672a1bbcb,survface,survface:unknown_unknown_probe:distractors_2258,adaface-4df25b75e065b0b9ed43,pca,pca_32,pca_direct_cosine,0.1,False,frozen_origin,0.4679209589958191,True,False,False,True,True,1.171221681343123,True,high_error,7,8972,8
gradcam-f1e9354dd85972e9dc87,population-2a9bc5280db4a65672a1bbcb,survface,survface:unknown_unknown_probe:4101_cam1_1,adaface-4df25b75e065b0b9ed43,pca,pca_32,pca_direct_cosine,0.1,False,frozen_origin,0.38983154296875,True,False,False,True,True,1.1688307911826878,True,high_error,8,8972,8
gradcam-ce2f30f937d088eaac9c,population-2a9bc5280db4a65672a1bbcb,survface,survface:unknown_unknown_probe:10206_cam2_74,adaface-4df25b75e065b0b9ed43,pca,pca_32,pca_direct_cosine,0.1,False,frozen_origin,0.4478909373283386,False,False,False,True,True,1.3235403910752508,True,rank_flip,1,8972,8
gradcam-d0120aa0e9b4ac13324e,population-2a9bc5280db4a65672a1bbcb,survface,survface:unknown_unknown_probe:distractors_4934,adaface-4df25b75e065b0b9ed43,pca,pca_32,pca_direct_cosine,0.1,False,frozen_origin,0.4980978518724441,False,False,False,True,True,1.295443483357732,True,rank_flip,2,8972,8
gradcam-0254c4bfb0038a5bc16f,population-2a9bc5280db4a65672a1bbcb,survface,survface:unknown_unknown_probe:distractors_2185,adaface-4df25b75e065b0b9ed43,pca,pca_32,pca_direct_cosine,0.1,False,frozen_origin,0.5505598485469818,False,False,False,True,True,1.2754054289676295,True,rank_flip,3,8972,8
gradcam-c1d345b6f00ca02a03ad,population-2a9bc5280db4a65672a1bbcb,survface,survface:unknown_unknown_probe:distractors_2350,adaface-4df25b75e065b0b9ed43,pca,pca_32,pca_direct_cosine,0.1,False,frozen_origin,0.4864573180675506,False,False,False,True,True,1.270989688587587,True,rank_flip,4,8972,8
gradcam-2213e4f8720b5e492b13,population-2a9bc5280db4a65672a1bbcb,survface,survface:unknown_unknown_probe:distractors_4031,adaface-4df25b75e065b0b9ed43,pca,pca_32,pca_direct_cosine,0.1,False,frozen_origin,0.3252031803131103,False,False,False,True,True,1.2605636853599798,True,rank_flip,5,8972,8
gradcam-f0791b9fea56016c7f8c,population-2a9bc5280db4a65672a1bbcb,survface,survface:unknown_unknown_probe:9680_cam2_10,adaface-4df25b75e065b0b9ed43,pca,pca_32,pca_direct_cosine,0.1,False,frozen_origin,0.4659470319747925,False,False,False,True,True,1.2506553759684391,True,rank_flip,6,8972,8
gradcam-f1a2e11115fa851a09f7,population-2a9bc5280db4a65672a1bbcb,survface,survface:unknown_unknown_probe:10055_cam2_70,adaface-4df25b75e065b0b9ed43,pca,pca_32,pca_direct_cosine,0.1,False,frozen_origin,0.3817015886306762,False,False,False,True,True,1.2483429572564029,True,rank_flip,7,8972,8
gradcam-2d8db9d83af4f0e574d8,population-2a9bc5280db4a65672a1bbcb,survface,survface:unknown_unknown_probe:distractors_1289,adaface-4df25b75e065b0b9ed43,pca,pca_32,pca_direct_cosine,0.1,False,frozen_origin,0.5124912708997726,False,False,False,True,True,1.239605716689547,True,rank_flip,8,8972,8
gradcam-3af214a46577f6fd84a7,population-2a9bc5280db4a65672a1bbcb,survface,survface:registered_probe:5647_cam1_96,adaface-4df25b75e065b0b9ed43,pca,pca_32,pca_direct_cosine,0.1,True,frozen_origin,-0.0708009004592895,True,False,False,True,True,0.2777038791553456,True,stable,1,8972,8
gradcam-29a51dc8bd38f5b396fa,population-2a9bc5280db4a65672a1bbcb,survface,survface:unknown_unknown_probe:5783_cam1_73,adaface-4df25b75e065b0b9ed43,pca,pca_32,pca_direct_cosine,0.1,False,frozen_origin,-0.0756673216819763,True,False,False,True,True,0.2906500163654252,True,stable,2,8972,8
gradcam-4bf14eefc9c4b857221e,population-2a9bc5280db4a65672a1bbcb,survface,survface:unknown_unknown_probe:5783_cam1_64,adaface-4df25b75e065b0b9ed43,pca,pca_32,pca_direct_cosine,0.1,False,frozen_origin,-0.0677741169929504,True,False,False,True,True,0.2946830661320695,True,stable,3,8972,8
gradcam-692310c26cc23a8c9681,population-2a9bc5280db4a65672a1bbcb,survface,survface:registered_probe:5721_cam1_234,adaface-4df25b75e065b0b9ed43,pca,pca_32,pca_direct_cosine,0.1,True,frozen_origin,-0.0898714065551757,True,False,False,True,True,0.2976434620105576,True,stable,4,8972,8
gradcam-8366f8acc806f48478d1,population-2a9bc5280db4a65672a1bbcb,survface,survface:registered_probe:5647_cam1_249,adaface-4df25b75e065b0b9ed43,pca,pca_32,pca_direct_cosine,0.1,True,frozen_origin,-0.0401036143302917,True,False,False,True,True,0.3008895630657504,True,stable,5,8972,8
gradcam-adfa9273366a2531d5e6,population-2a9bc5280db4a65672a1bbcb,survface,survface:unknown_unknown_probe:5783_cam1_98,adaface-4df25b75e065b0b9ed43,pca,pca_32,pca_direct_cosine,0.1,False,frozen_origin,-0.0371566414833068,True,False,False,True,True,0.3014031029918502,True,stable,6,8972,8
gradcam-f6fbdc0b7d40fef0aa03,population-2a9bc5280db4a65672a1bbcb,survface,survface:registered_probe:5647_cam1_122,adaface-4df25b75e065b0b9ed43,pca,pca_32,pca_direct_cosine,0.1,True,frozen_origin,-0.0284507274627685,True,False,False,True,True,0.3027221424738226,True,stable,7,8972,8
gradcam-4e8f4e4c3aa80784fd76,population-2a9bc5280db4a65672a1bbcb,survface,survface:registered_probe:5813_cam1_1,adaface-4df25b75e065b0b9ed43,pca,pca_32,pca_direct_cosine,0.1,True,frozen_origin,-0.0587684512138366,True,False,False,True,True,0.3031666405952585,True,stable,8,8972,8
gradcam-df6d31d2b0157f8732ec,population-2a9bc5280db4a65672a1bbcb,survface,survface:unknown_unknown_probe:2704_cam2_1,adaface-4df25b75e065b0b9ed43,pca,pca_32,pca_direct_cosine,0.1,False,frozen_origin,0.5275481343269348,False,True,False,True,True,1.317456008917174,True,threshold_crossing,1,8972,8
gradcam-763f2f67d6d56046db14,population-2a9bc5280db4a65672a1bbcb,survface,survface:registered_probe:2742_cam2_1,adaface-4df25b75e065b0b9ed43,pca,pca_32,pca_direct_cosine,0.1,True,frozen_origin,0.3296755850315094,True,True,False,True,True,1.315073843751721,True,threshold_crossing,2,8972,8
gradcam-0d215c074e3361dc08c3,population-2a9bc5280db4a65672a1bbcb,survface,survface:unknown_unknown_probe:2756_cam4_1,adaface-4df25b75e065b0b9ed43,pca,pca_32,pca_direct_cosine,0.1,False,frozen_origin,0.5862461030483246,False,True,False,True,True,1.2954914387346412,True,threshold_crossing,3,8972,8
gradcam-4b46af2c0744aae1657c,population-2a9bc5280db4a65672a1bbcb,survface,survface:registered_probe:707_cam2_1,adaface-4df25b75e065b0b9ed43,pca,pca_32,pca_direct_cosine,0.1,True,frozen_origin,0.5615414977073669,False,True,False,True,True,1.2942783715936923,True,threshold_crossing,4,8972,8
gradcam-976f026a6faf63300813,population-2a9bc5280db4a65672a1bbcb,survface,survface:unknown_unknown_probe:distractors_21592,adaface-4df25b75e065b0b9ed43,pca,pca_32,pca_direct_cosine,0.1,False,frozen_origin,0.4674009084701538,False,True,False,True,True,1.2932433983258695,True,threshold_crossing,5,8972,8
gradcam-6514af31b9074c3de56d,population-2a9bc5280db4a65672a1bbcb,survface,survface:unknown_unknown_probe:distractors_3041,adaface-4df25b75e065b0b9ed43,pca,pca_32,pca_direct_cosine,0.1,False,frozen_origin,0.6060732454061508,False,True,False,True,True,1.2858637974525473,True,threshold_crossing,6,8972,8
gradcam-7ccda48c4d90f9b559bc,population-2a9bc5280db4a65672a1bbcb,survface,survface:unknown_unknown_probe:distractors_2510,adaface-4df25b75e065b0b9ed43,pca,pca_32,pca_direct_cosine,0.1,False,frozen_origin,0.4886648058891296,True,True,False,True,True,1.2838184995848276,True,threshold_crossing,7,8972,8
gradcam-3e7b7da65f20ac66b133,population-2a9bc5280db4a65672a1bbcb,survface,survface:unknown_unknown_probe:10206_cam2_57,adaface-4df25b75e065b0b9ed43,pca,pca_32,pca_direct_cosine,0.1,False,frozen_origin,0.5863634943962097,False,True,False,True,True,1.2799910402817285,True,threshold_crossing,8,8972,8
gradcam-c242fb404cfb3f39a6aa,population-2a9bc5280db4a65672a1bbcb,survface,survface:registered_probe:2915_cam1_1,adaface-4df25b75e065b0b9ed43,pca,pca_32,pca_direct_cosine,0.2,True,frozen_origin,0.4636454582214355,True,False,False,True,True,1.181690557668717,True,high_error,1,8972,8
gradcam-a36dd7982bc25a53ea23,population-2a9bc5280db4a65672a1bbcb,survface,survface:registered_probe:5244_23,adaface-4df25b75e065b0b9ed43,pca,pca_32,pca_direct_cosine,0.2,True,frozen_origin,0.0972313284873962,True,False,False,True,True,1.175052910776277,True,high_error,2,8972,8
gradcam-9e76a34c06d562af52ea,population-2a9bc5280db4a65672a1bbcb,survface,survface:unknown_unknown_probe:2662_cam1_1,adaface-4df25b75e065b0b9ed43,pca,pca_32,pca_direct_cosine,0.2,False,frozen_origin,0.4435642957687378,True,False,False,True,True,1.1417511219053953,True,high_error,3,8972,8
gradcam-a69eee2b8050393654de,population-2a9bc5280db4a65672a1bbcb,survface,survface:unknown_unknown_probe:10256_cam2_41,adaface-4df25b75e065b0b9ed43,pca,pca_32,pca_direct_cosine,0.2,False,frozen_origin,0.2002728879451751,True,False,False,True,True,1.131259640317703,True,high_error,4,8972,8
gradcam-aa66a7b834fb9261372c,population-2a9bc5280db4a65672a1bbcb,survface,survface:registered_probe:5241_24,adaface-4df25b75e065b0b9ed43,pca,pca_32,pca_direct_cosine,0.2,True,frozen_origin,0.1272785067558288,True,False,False,True,True,1.1228341525427974,True,high_error,5,8972,8
gradcam-6fc3183911371b7572ee,population-2a9bc5280db4a65672a1bbcb,survface,survface:unknown_unknown_probe:distractors_2192,adaface-4df25b75e065b0b9ed43,pca,pca_32,pca_direct_cosine,0.2,False,frozen_origin,0.4233752489089966,True,False,False,True,True,1.1130160580381254,True,high_error,6,8972,8
gradcam-ad729a78a7ad70513c37,population-2a9bc5280db4a65672a1bbcb,survface,survface:unknown_unknown_probe:10226_cam2_51,adaface-4df25b75e065b0b9ed43,pca,pca_32,pca_direct_cosine,0.2,False,frozen_origin,0.4302664995193481,True,False,False,True,True,1.1095547659326224,True,high_error,7,8972,8
gradcam-d13df8e2be2e7c42105f,population-2a9bc5280db4a65672a1bbcb,survface,survface:registered_probe:2145_cam2_1,adaface-4df25b75e065b0b9ed43,pca,pca_32,pca_direct_cosine,0.2,True,frozen_origin,0.3883199095726013,True,False,False,True,True,1.108910758083447,True,high_error,8,8972,8
gradcam-84a2ce9a00145a7c859d,population-2a9bc5280db4a65672a1bbcb,survface,survface:unknown_unknown_probe:distractors_2350,adaface-4df25b75e065b0b9ed43,pca,pca_32,pca_direct_cosine,0.2,False,frozen_origin,0.4864573180675506,False,False,False,True,True,1.270989688587587,True,rank_flip,1,8972,8
gradcam-43356eb3b6b2593af067,population-2a9bc5280db4a65672a1bbcb,survface,survface:unknown_unknown_probe:distractors_4031,adaface-4df25b75e065b0b9ed43,pca,pca_32,pca_direct_cosine,0.2,False,frozen_origin,0.3252031803131103,False,False,False,True,True,1.2605636853599798,True,rank_flip,2,8972,8
gradcam-623031a189849758c642,population-2a9bc5280db4a65672a1bbcb,survface,survface:unknown_unknown_probe:10206_cam2_66,adaface-4df25b75e065b0b9ed43,pca,pca_32,pca_direct_cosine,0.2,False,frozen_origin,0.4461628794670105,False,False,False,True,True,1.2345318052362473,True,rank_flip,3,8972,8
gradcam-6fec47478fae55c97fd8,population-2a9bc5280db4a65672a1bbcb,survface,survface:unknown_unknown_probe:distractors_4412,adaface-4df25b75e065b0b9ed43,pca,pca_32,pca_direct_cosine,0.2,False,frozen_origin,0.438635766506195,False,False,False,True,True,1.2245766060719776,True,rank_flip,4,8972,8
gradcam-4f295bb079c78010c818,population-2a9bc5280db4a65672a1bbcb,survface,survface:unknown_unknown_probe:distractors_5122,adaface-4df25b75e065b0b9ed43,pca,pca_32,pca_direct_cosine,0.2,False,frozen_origin,0.404443085193634,False,False,False,True,True,1.22446029643881,True,rank_flip,5,8972,8
gradcam-cf60c433da3971ef27c0,population-2a9bc5280db4a65672a1bbcb,survface,survface:unknown_unknown_probe:10206_cam2_71,adaface-4df25b75e065b0b9ed43,pca,pca_32,pca_direct_cosine,0.2,False,frozen_origin,0.4789244532585144,False,False,False,True,True,1.2236360515214368,True,rank_flip,6,8972,8
gradcam-f8ba1e491246ca622a8f,population-2a9bc5280db4a65672a1bbcb,survface,survface:unknown_unknown_probe:10206_cam2_62,adaface-4df25b75e065b0b9ed43,pca,pca_32,pca_direct_cosine,0.2,False,frozen_origin,0.4054809808731079,False,False,False,True,True,1.219433193745392,True,rank_flip,7,8972,8
gradcam-df5f557d0a53e7619496,population-2a9bc5280db4a65672a1bbcb,survface,survface:unknown_unknown_probe:distractors_620,adaface-4df25b75e065b0b9ed43,pca,pca_32,pca_direct_cosine,0.2,False,frozen_origin,0.4353892803192138,False,False,False,True,True,1.2179111273167176,True,rank_flip,8,8972,8
gradcam-d4553d6d01b70b576a6a,population-2a9bc5280db4a65672a1bbcb,survface,survface:registered_probe:5647_cam1_96,adaface-4df25b75e065b0b9ed43,pca,pca_32,pca_direct_cosine,0.2,True,frozen_origin,-0.0708009004592895,True,False,False,True,True,0.2777038791553456,True,stable,1,8972,8
gradcam-1af68ec67307e0684f03,population-2a9bc5280db4a65672a1bbcb,survface,survface:unknown_unknown_probe:5783_cam1_73,adaface-4df25b75e065b0b9ed43,pca,pca_32,pca_direct_cosine,0.2,False,frozen_origin,-0.0756673216819763,True,False,False,True,True,0.2906500163654252,True,stable,2,8972,8
gradcam-c005cbe7257709880515,population-2a9bc5280db4a65672a1bbcb,survface,survface:registered_probe:5821_cam1_80,adaface-4df25b75e065b0b9ed43,pca,pca_32,pca_direct_cosine,0.2,True,frozen_origin,-0.0966445207595825,True,False,False,True,True,0.2942456224050586,True,stable,3,8972,8
gradcam-b2cacae90f86e9b9cabe,population-2a9bc5280db4a65672a1bbcb,survface,survface:unknown_unknown_probe:5783_cam1_64,adaface-4df25b75e065b0b9ed43,pca,pca_32,pca_direct_cosine,0.2,False,frozen_origin,-0.0677741169929504,True,False,False,True,True,0.2946830661320695,True,stable,4,8972,8
gradcam-f93488fa58545bc2389f,population-2a9bc5280db4a65672a1bbcb,survface,survface:registered_probe:5721_cam1_234,adaface-4df25b75e065b0b9ed43,pca,pca_32,pca_direct_cosine,0.2,True,frozen_origin,-0.0898714065551757,True,False,False,True,True,0.2976434620105576,True,stable,5,8972,8
gradcam-59845d0b2a5ef9e2fcf4,population-2a9bc5280db4a65672a1bbcb,survface,survface:registered_probe:5647_cam1_249,adaface-4df25b75e065b0b9ed43,pca,pca_32,pca_direct_cosine,0.2,True,frozen_origin,-0.0401036143302917,True,False,False,True,True,0.3008895630657504,True,stable,6,8972,8
gradcam-8f2d0eaad3b931b50355,population-2a9bc5280db4a65672a1bbcb,survface,survface:unknown_unknown_probe:5783_cam1_98,adaface-4df25b75e065b0b9ed43,pca,pca_32,pca_direct_cosine,0.2,False,frozen_origin,-0.0371566414833068,True,False,False,True,True,0.3014031029918502,True,stable,7,8972,8
gradcam-1724ede969101ede5188,population-2a9bc5280db4a65672a1bbcb,survface,survface:registered_probe:5647_cam1_122,adaface-4df25b75e065b0b9ed43,pca,pca_32,pca_direct_cosine,0.2,True,frozen_origin,-0.0284507274627685,True,False,False,True,True,0.3027221424738226,True,stable,8,8972,8
gradcam-9a3850770251d6b4728b,population-2a9bc5280db4a65672a1bbcb,survface,survface:unknown_unknown_probe:10206_cam2_74,adaface-4df25b75e065b0b9ed43,pca,pca_32,pca_direct_cosine,0.2,False,frozen_origin,0.4478909373283386,False,True,False,True,True,1.3235403910752508,True,threshold_crossing,1,8972,8
gradcam-0e7329e2ef98d2105274,population-2a9bc5280db4a65672a1bbcb,survface,survface:unknown_unknown_probe:2704_cam2_1,adaface-4df25b75e065b0b9ed43,pca,pca_32,pca_direct_cosine,0.2,False,frozen_origin,0.5275481343269348,False,True,False,True,True,1.317456008917174,True,threshold_crossing,2,8972,8
gradcam-90fac027bf91bdf00a65,population-2a9bc5280db4a65672a1bbcb,survface,survface:registered_probe:2742_cam2_1,adaface-4df25b75e065b0b9ed43,pca,pca_32,pca_direct_cosine,0.2,True,frozen_origin,0.3296755850315094,True,True,False,True,True,1.315073843751721,True,threshold_crossing,3,8972,8
gradcam-984db3aa98b501269e12,population-2a9bc5280db4a65672a1bbcb,survface,survface:unknown_unknown_probe:2756_cam4_1,adaface-4df25b75e065b0b9ed43,pca,pca_32,pca_direct_cosine,0.2,False,frozen_origin,0.5862461030483246,False,True,False,True,True,1.2954914387346412,True,threshold_crossing,4,8972,8
gradcam-b60d107174e1d91ca88d,population-2a9bc5280db4a65672a1bbcb,survface,survface:unknown_unknown_probe:distractors_4934,adaface-4df25b75e065b0b9ed43,pca,pca_32,pca_direct_cosine,0.2,False,frozen_origin,0.4980978518724441,False,True,False,True,True,1.295443483357732,True,threshold_crossing,5,8972,8
gradcam-e77e2b1e488105177204,population-2a9bc5280db4a65672a1bbcb,survface,survface:registered_probe:707_cam2_1,adaface-4df25b75e065b0b9ed43,pca,pca_32,pca_direct_cosine,0.2,True,frozen_origin,0.5615414977073669,False,True,False,True,True,1.2942783715936923,True,threshold_crossing,6,8972,8
gradcam-2c52c768c32b4305c0f4,population-2a9bc5280db4a65672a1bbcb,survface,survface:unknown_unknown_probe:distractors_21592,adaface-4df25b75e065b0b9ed43,pca,pca_32,pca_direct_cosine,0.2,False,frozen_origin,0.4674009084701538,False,True,False,True,True,1.2932433983258695,True,threshold_crossing,7,8972,8
gradcam-2dd94381a8b9ab8cdd5f,population-2a9bc5280db4a65672a1bbcb,survface,survface:unknown_unknown_probe:distractors_3041,adaface-4df25b75e065b0b9ed43,pca,pca_32,pca_direct_cosine,0.2,False,frozen_origin,0.6060732454061508,False,True,False,True,True,1.2858637974525473,True,threshold_crossing,8,8972,8
gradcam-ca810a3a9ec58bd7eab4,population-2a9bc5280db4a65672a1bbcb,survface,survface:registered_probe:5244_23,adaface-4df25b75e065b0b9ed43,pca,pca_32,pca_direct_cosine,0.3,True,frozen_origin,0.0972313284873962,True,False,False,True,True,1.175052910776277,True,high_error,1,8972,8
gradcam-5dd76c81227040bf9051,population-2a9bc5280db4a65672a1bbcb,survface,survface:unknown_unknown_probe:10256_cam2_41,adaface-4df25b75e065b0b9ed43,pca,pca_32,pca_direct_cosine,0.3,False,frozen_origin,0.2002728879451751,True,False,False,True,True,1.131259640317703,True,high_error,2,8972,8
gradcam-36b8c45976909dbf27e3,population-2a9bc5280db4a65672a1bbcb,survface,survface:registered_probe:4597_cam2_4,adaface-4df25b75e065b0b9ed43,pca,pca_32,pca_direct_cosine,0.3,True,frozen_origin,0.2624694108963012,True,False,False,True,True,1.0627427000921914,True,high_error,3,8972,8
gradcam-e1c3310598c37ffd4bdf,population-2a9bc5280db4a65672a1bbcb,survface,survface:unknown_unknown_probe:4821_cam2_5,adaface-4df25b75e065b0b9ed43,pca,pca_32,pca_direct_cosine,0.3,False,frozen_origin,0.0875370502471923,True,False,False,True,True,1.0604626340845154,True,high_error,4,8972,8
gradcam-e79eb155eb3a1ad65781,population-2a9bc5280db4a65672a1bbcb,survface,survface:unknown_unknown_probe:4356_cam1_1,adaface-4df25b75e065b0b9ed43,pca,pca_32,pca_direct_cosine,0.3,False,frozen_origin,0.425302505493164,True,False,False,True,True,1.0593836095380125,True,high_error,5,8972,8
gradcam-d3a3efabeb7c08b43ed1,population-2a9bc5280db4a65672a1bbcb,survface,survface:unknown_unknown_probe:9143_cam1_10,adaface-4df25b75e065b0b9ed43,pca,pca_32,pca_direct_cosine,0.3,False,frozen_origin,0.3583128452301025,True,False,False,True,True,1.0589000703462992,True,high_error,6,8972,8
gradcam-33e66d003a9d8017abae,population-2a9bc5280db4a65672a1bbcb,survface,survface:unknown_unknown_probe:distractors_5005,adaface-4df25b75e065b0b9ed43,pca,pca_32,pca_direct_cosine,0.3,False,frozen_origin,0.3485904037952423,True,False,False,True,True,1.0584248783421364,True,high_error,7,8972,8
gradcam-a7192f764ec970d7e684,population-2a9bc5280db4a65672a1bbcb,survface,survface:registered_probe:9127_cam3_176,adaface-4df25b75e065b0b9ed43,pca,pca_32,pca_direct_cosine,0.3,True,frozen_origin,0.3203966021537781,True,False,False,True,True,1.050041583778302,True,high_error,8,8972,8
gradcam-68c9e5591553f9b7e052,population-2a9bc5280db4a65672a1bbcb,survface,survface:unknown_unknown_probe:distractors_4031,adaface-4df25b75e065b0b9ed43,pca,pca_32,pca_direct_cosine,0.3,False,frozen_origin,0.3252031803131103,False,False,False,True,True,1.2605636853599798,True,rank_flip,1,8972,8
gradcam-acfc01508757b34df4de,population-2a9bc5280db4a65672a1bbcb,survface,survface:unknown_unknown_probe:distractors_5122,adaface-4df25b75e065b0b9ed43,pca,pca_32,pca_direct_cosine,0.3,False,frozen_origin,0.404443085193634,False,False,False,True,True,1.22446029643881,True,rank_flip,2,8972,8
gradcam-f80ef1eb073f622e3967,population-2a9bc5280db4a65672a1bbcb,survface,survface:unknown_unknown_probe:10206_cam2_62,adaface-4df25b75e065b0b9ed43,pca,pca_32,pca_direct_cosine,0.3,False,frozen_origin,0.4054809808731079,False,False,False,True,True,1.219433193745392,True,rank_flip,3,8972,8
gradcam-a40b4694d187848226ca,population-2a9bc5280db4a65672a1bbcb,survface,survface:unknown_unknown_probe:distractors_3188,adaface-4df25b75e065b0b9ed43,pca,pca_32,pca_direct_cosine,0.3,False,frozen_origin,0.3612511157989502,False,False,False,True,True,1.2133470094176495,True,rank_flip,4,8972,8
gradcam-49c0f49b205129309788,population-2a9bc5280db4a65672a1bbcb,survface,survface:unknown_unknown_probe:distractors_2932,adaface-4df25b75e065b0b9ed43,pca,pca_32,pca_direct_cosine,0.3,False,frozen_origin,0.4352000206708908,False,False,False,True,True,1.2029322052444,True,rank_flip,5,8972,8
gradcam-4f251ca7049d92f0051f,population-2a9bc5280db4a65672a1bbcb,survface,survface:unknown_unknown_probe:9346_cam3_67,adaface-4df25b75e065b0b9ed43,pca,pca_32,pca_direct_cosine,0.3,False,frozen_origin,0.3818593621253967,False,False,False,True,True,1.1925478641831062,True,rank_flip,6,8972,8
gradcam-82f82c95532b06e9bc7e,population-2a9bc5280db4a65672a1bbcb,survface,survface:registered_probe:1196_cam1_1,adaface-4df25b75e065b0b9ed43,pca,pca_32,pca_direct_cosine,0.3,True,frozen_origin,0.138744831085205,False,False,False,True,True,1.1888228144046278,True,rank_flip,7,8972,8
gradcam-16603230278c9f2789f0,population-2a9bc5280db4a65672a1bbcb,survface,survface:unknown_unknown_probe:10206_cam2_64,adaface-4df25b75e065b0b9ed43,pca,pca_32,pca_direct_cosine,0.3,False,frozen_origin,0.4355970025062561,False,False,False,True,True,1.185323712328795,True,rank_flip,8,8972,8
gradcam-29f8c854387951dc0075,population-2a9bc5280db4a65672a1bbcb,survface,survface:registered_probe:5647_cam1_96,adaface-4df25b75e065b0b9ed43,pca,pca_32,pca_direct_cosine,0.3,True,frozen_origin,-0.0708009004592895,True,False,False,True,True,0.2777038791553456,True,stable,1,8972,8
gradcam-88f7b27c6a69ed603b66,population-2a9bc5280db4a65672a1bbcb,survface,survface:unknown_unknown_probe:5783_cam1_73,adaface-4df25b75e065b0b9ed43,pca,pca_32,pca_direct_cosine,0.3,False,frozen_origin,-0.0756673216819763,True,False,False,True,True,0.2906500163654252,True,stable,2,8972,8
gradcam-17f1390f7aa9ed111deb,population-2a9bc5280db4a65672a1bbcb,survface,survface:registered_probe:5821_cam1_80,adaface-4df25b75e065b0b9ed43,pca,pca_32,pca_direct_cosine,0.3,True,frozen_origin,-0.0966445207595825,True,False,False,True,True,0.2942456224050586,True,stable,3,8972,8
gradcam-3c08ffb09731eee6ced4,population-2a9bc5280db4a65672a1bbcb,survface,survface:unknown_unknown_probe:5783_cam1_64,adaface-4df25b75e065b0b9ed43,pca,pca_32,pca_direct_cosine,0.3,False,frozen_origin,-0.0677741169929504,True,False,False,True,True,0.2946830661320695,True,stable,4,8972,8
gradcam-05f88c7e81698af2ec9c,population-2a9bc5280db4a65672a1bbcb,survface,survface:registered_probe:5721_cam1_234,adaface-4df25b75e065b0b9ed43,pca,pca_32,pca_direct_cosine,0.3,True,frozen_origin,-0.0898714065551757,True,False,False,True,True,0.2976434620105576,True,stable,5,8972,8
gradcam-574bd7957ec672bdbdf0,population-2a9bc5280db4a65672a1bbcb,survface,survface:registered_probe:5647_cam1_249,adaface-4df25b75e065b0b9ed43,pca,pca_32,pca_direct_cosine,0.3,True,frozen_origin,-0.0401036143302917,True,False,False,True,True,0.3008895630657504,True,stable,6,8972,8
gradcam-983a8badc4ffe36a3a80,population-2a9bc5280db4a65672a1bbcb,survface,survface:unknown_unknown_probe:5783_cam1_98,adaface-4df25b75e065b0b9ed43,pca,pca_32,pca_direct_cosine,0.3,False,frozen_origin,-0.0371566414833068,True,False,False,True,True,0.3014031029918502,True,stable,7,8972,8
gradcam-f3c7f045551d9c989495,population-2a9bc5280db4a65672a1bbcb,survface,survface:registered_probe:5647_cam1_122,adaface-4df25b75e065b0b9ed43,pca,pca_32,pca_direct_cosine,0.3,True,frozen_origin,-0.0284507274627685,True,False,False,True,True,0.3027221424738226,True,stable,8,8972,8
gradcam-7200451d705b9f92ad25,population-2a9bc5280db4a65672a1bbcb,survface,survface:unknown_unknown_probe:10206_cam2_74,adaface-4df25b75e065b0b9ed43,pca,pca_32,pca_direct_cosine,0.3,False,frozen_origin,0.4478909373283386,False,True,False,True,True,1.3235403910752508,True,threshold_crossing,1,8972,8
gradcam-cd56e1e83bf5fd69871c,population-2a9bc5280db4a65672a1bbcb,survface,survface:unknown_unknown_probe:2704_cam2_1,adaface-4df25b75e065b0b9ed43,pca,pca_32,pca_direct_cosine,0.3,False,frozen_origin,0.5275481343269348,False,True,False,True,True,1.317456008917174,True,threshold_crossing,2,8972,8
gradcam-d10f27e8172f36361675,population-2a9bc5280db4a65672a1bbcb,survface,survface:registered_probe:2742_cam2_1,adaface-4df25b75e065b0b9ed43,pca,pca_32,pca_direct_cosine,0.3,True,frozen_origin,0.3296755850315094,True,True,False,True,True,1.315073843751721,True,threshold_crossing,3,8972,8
gradcam-3897c2e4ffbb598dd94d,population-2a9bc5280db4a65672a1bbcb,survface,survface:unknown_unknown_probe:2756_cam4_1,adaface-4df25b75e065b0b9ed43,pca,pca_32,pca_direct_cosine,0.3,False,frozen_origin,0.5862461030483246,False,True,False,True,True,1.2954914387346412,True,threshold_crossing,4,8972,8
gradcam-229593fda6e3447bb699,population-2a9bc5280db4a65672a1bbcb,survface,survface:unknown_unknown_probe:distractors_4934,adaface-4df25b75e065b0b9ed43,pca,pca_32,pca_direct_cosine,0.3,False,frozen_origin,0.4980978518724441,False,True,False,True,True,1.295443483357732,True,threshold_crossing,5,8972,8
gradcam-42052fb5bbf4dc9b7d5b,population-2a9bc5280db4a65672a1bbcb,survface,survface:registered_probe:707_cam2_1,adaface-4df25b75e065b0b9ed43,pca,pca_32,pca_direct_cosine,0.3,True,frozen_origin,0.5615414977073669,False,True,False,True,True,1.2942783715936923,True,threshold_crossing,6,8972,8
gradcam-6d932c4472375d54b0c4,population-2a9bc5280db4a65672a1bbcb,survface,survface:unknown_unknown_probe:distractors_21592,adaface-4df25b75e065b0b9ed43,pca,pca_32,pca_direct_cosine,0.3,False,frozen_origin,0.4674009084701538,False,True,False,True,True,1.2932433983258695,True,threshold_crossing,7,8972,8
gradcam-ec67d660f517f852665f,population-2a9bc5280db4a65672a1bbcb,survface,survface:unknown_unknown_probe:distractors_3041,adaface-4df25b75e065b0b9ed43,pca,pca_32,pca_direct_cosine,0.3,False,frozen_origin,0.6060732454061508,False,True,False,True,True,1.2858637974525473,True,threshold_crossing,8,8972,8
gradcam-0ea8c94ca97572f580d9,population-2a9bc5280db4a65672a1bbcb,survface,survface:registered_probe:2742_cam2_1,adaface-4df25b75e065b0b9ed43,pca,pca_32,pca_reconstruction_cosine,0.01,True,frozen_origin,0.1351097524166107,True,False,False,True,True,1.315073843751721,True,high_error,1,8972,8
gradcam-7786e774f6ca46f0c5fe,population-2a9bc5280db4a65672a1bbcb,survface,survface:unknown_unknown_probe:4443_cam2_3,adaface-4df25b75e065b0b9ed43,pca,pca_32,pca_reconstruction_cosine,0.01,False,frozen_origin,0.3532798886299133,True,False,False,True,True,1.2343959821156536,True,high_error,2,8972,8
gradcam-2b30f94dbe9d0481aaa2,population-2a9bc5280db4a65672a1bbcb,survface,survface:unknown_unknown_probe:distractors_3188,adaface-4df25b75e065b0b9ed43,pca,pca_32,pca_reconstruction_cosine,0.01,False,frozen_origin,0.493381917476654,True,False,False,True,True,1.2133470094176495,True,high_error,3,8972,8
gradcam-d5c8e1754058228839e2,population-2a9bc5280db4a65672a1bbcb,survface,survface:unknown_unknown_probe:distractors_1028,adaface-4df25b75e065b0b9ed43,pca,pca_32,pca_reconstruction_cosine,0.01,False,frozen_origin,0.3543703556060791,True,False,False,True,True,1.2115845489901391,True,high_error,4,8972,8
gradcam-ead2da1ae0edf8f74b79,population-2a9bc5280db4a65672a1bbcb,survface,survface:registered_probe:5241_39,adaface-4df25b75e065b0b9ed43,pca,pca_32,pca_reconstruction_cosine,0.01,True,frozen_origin,0.2639154493808746,True,False,False,True,True,1.2071676934099624,True,high_error,5,8972,8
gradcam-e0f84dbc375658daed27,population-2a9bc5280db4a65672a1bbcb,survface,survface:registered_probe:5263_20,adaface-4df25b75e065b0b9ed43,pca,pca_32,pca_reconstruction_cosine,0.01,True,frozen_origin,0.1467830538749694,True,False,False,True,True,1.2064335147385528,True,high_error,6,8972,8
gradcam-874761dc043ad8bf78a1,population-2a9bc5280db4a65672a1bbcb,survface,survface:registered_probe:8351_cam1_26,adaface-4df25b75e065b0b9ed43,pca,pca_32,pca_reconstruction_cosine,0.01,True,frozen_origin,0.3696140646934509,True,False,False,True,True,1.2008769294788908,True,high_error,7,8972,8
gradcam-73c07f9252c1461451dd,population-2a9bc5280db4a65672a1bbcb,survface,survface:unknown_unknown_probe:10206_cam2_17,adaface-4df25b75e065b0b9ed43,pca,pca_32,pca_reconstruction_cosine,0.01,False,frozen_origin,0.3809283077716827,True,False,False,True,True,1.19809673106132,True,high_error,8,8972,8
gradcam-c629af6d24c5c9283725,population-2a9bc5280db4a65672a1bbcb,survface,survface:unknown_unknown_probe:10206_cam2_74,adaface-4df25b75e065b0b9ed43,pca,pca_32,pca_reconstruction_cosine,0.01,False,frozen_origin,0.2722982168197632,False,False,False,True,True,1.3235403910752508,True,rank_flip,1,8972,8
gradcam-49462c60f7b50740a01b,population-2a9bc5280db4a65672a1bbcb,survface,survface:unknown_unknown_probe:2704_cam2_1,adaface-4df25b75e065b0b9ed43,pca,pca_32,pca_reconstruction_cosine,0.01,False,frozen_origin,0.3407682180404663,False,False,False,True,True,1.317456008917174,True,rank_flip,2,8972,8
gradcam-4170c6eca267143efdda,population-2a9bc5280db4a65672a1bbcb,survface,survface:unknown_unknown_probe:2756_cam4_1,adaface-4df25b75e065b0b9ed43,pca,pca_32,pca_reconstruction_cosine,0.01,False,frozen_origin,0.3709125816822052,False,False,False,True,True,1.2954914387346412,True,rank_flip,3,8972,8
gradcam-c390dc02b7ae9e60524e,population-2a9bc5280db4a65672a1bbcb,survface,survface:unknown_unknown_probe:distractors_4934,adaface-4df25b75e065b0b9ed43,pca,pca_32,pca_reconstruction_cosine,0.01,False,frozen_origin,0.4877879172563553,False,False,False,True,True,1.295443483357732,True,rank_flip,4,8972,8
gradcam-d18750aede0683eb36e8,population-2a9bc5280db4a65672a1bbcb,survface,survface:registered_probe:707_cam2_1,adaface-4df25b75e065b0b9ed43,pca,pca_32,pca_reconstruction_cosine,0.01,True,frozen_origin,0.3173998594284057,False,False,False,True,True,1.2942783715936923,True,rank_flip,5,8972,8
gradcam-40975171ece203a85351,population-2a9bc5280db4a65672a1bbcb,survface,survface:unknown_unknown_probe:distractors_21592,adaface-4df25b75e065b0b9ed43,pca,pca_32,pca_reconstruction_cosine,0.01,False,frozen_origin,0.3344072699546814,False,False,False,True,True,1.2932433983258695,True,rank_flip,6,8972,8
gradcam-6998c0b4fd1d414b48d7,population-2a9bc5280db4a65672a1bbcb,survface,survface:unknown_unknown_probe:distractors_3041,adaface-4df25b75e065b0b9ed43,pca,pca_32,pca_reconstruction_cosine,0.01,False,frozen_origin,0.3800692409276962,False,False,False,True,True,1.2858637974525473,True,rank_flip,7,8972,8
gradcam-93f3e7199ce8c5fae90a,population-2a9bc5280db4a65672a1bbcb,survface,survface:unknown_unknown_probe:distractors_2510,adaface-4df25b75e065b0b9ed43,pca,pca_32,pca_reconstruction_cosine,0.01,False,frozen_origin,0.2785775661468506,False,False,False,True,True,1.2838184995848276,True,rank_flip,8,8972,8
gradcam-45bd7dff1cd78e2acbc8,population-2a9bc5280db4a65672a1bbcb,survface,survface:registered_probe:5647_cam1_96,adaface-4df25b75e065b0b9ed43,pca,pca_32,pca_reconstruction_cosine,0.01,True,frozen_origin,0.0476388931274414,True,False,False,True,True,0.2777038791553456,True,stable,1,8972,8
gradcam-a161761d468bdde27b87,population-2a9bc5280db4a65672a1bbcb,survface,survface:registered_probe:5647_cam1_44,adaface-4df25b75e065b0b9ed43,pca,pca_32,pca_reconstruction_cosine,0.01,True,frozen_origin,0.0532195568084716,True,False,False,True,True,0.290589295616207,True,stable,2,8972,8
gradcam-fc38077e6bdc6bf2cefd,population-2a9bc5280db4a65672a1bbcb,survface,survface:unknown_unknown_probe:5783_cam1_73,adaface-4df25b75e065b0b9ed43,pca,pca_32,pca_reconstruction_cosine,0.01,False,frozen_origin,0.049915611743927,True,False,False,True,True,0.2906500163654252,True,stable,3,8972,8
gradcam-6b52def19bdc47c03c60,population-2a9bc5280db4a65672a1bbcb,survface,survface:registered_probe:5821_cam1_80,adaface-4df25b75e065b0b9ed43,pca,pca_32,pca_reconstruction_cosine,0.01,True,frozen_origin,0.0501012802124023,True,False,False,True,True,0.2942456224050586,True,stable,4,8972,8
gradcam-829499db6bfff08210d0,population-2a9bc5280db4a65672a1bbcb,survface,survface:unknown_unknown_probe:5783_cam1_64,adaface-4df25b75e065b0b9ed43,pca,pca_32,pca_reconstruction_cosine,0.01,False,frozen_origin,0.0635652542114257,True,False,False,True,True,0.2946830661320695,True,stable,5,8972,8
gradcam-97594bee042370edf98d,population-2a9bc5280db4a65672a1bbcb,survface,survface:registered_probe:5721_cam1_234,adaface-4df25b75e065b0b9ed43,pca,pca_32,pca_reconstruction_cosine,0.01,True,frozen_origin,0.0432860851287841,True,False,False,True,True,0.2976434620105576,True,stable,6,8972,8
gradcam-5da3fe33cf29499c730d,population-2a9bc5280db4a65672a1bbcb,survface,survface:registered_probe:5647_cam1_249,adaface-4df25b75e065b0b9ed43,pca,pca_32,pca_reconstruction_cosine,0.01,True,frozen_origin,0.0557896494865417,True,False,False,True,True,0.3008895630657504,True,stable,7,8972,8
gradcam-1146268516421cf40804,population-2a9bc5280db4a65672a1bbcb,survface,survface:unknown_unknown_probe:5783_cam1_98,adaface-4df25b75e065b0b9ed43,pca,pca_32,pca_reconstruction_cosine,0.01,False,frozen_origin,0.0572876334190368,True,False,False,True,True,0.3014031029918502,True,stable,8,8972,8
gradcam-71f3d3fb1fc7ebc15dea,population-2a9bc5280db4a65672a1bbcb,survface,survface:registered_probe:5244_10,adaface-4df25b75e065b0b9ed43,pca,pca_32,pca_reconstruction_cosine,0.01,True,frozen_origin,0.280902087688446,True,True,False,True,True,1.1916118602806218,True,threshold_crossing,1,8972,8
gradcam-7945688feeb83fa17b94,population-2a9bc5280db4a65672a1bbcb,survface,survface:registered_probe:5244_23,adaface-4df25b75e065b0b9ed43,pca,pca_32,pca_reconstruction_cosine,0.01,True,frozen_origin,0.1015520691871643,True,True,False,True,True,1.175052910776277,True,threshold_crossing,2,8972,8
gradcam-1433ce30e077bbe34a9b,population-2a9bc5280db4a65672a1bbcb,survface,survface:registered_probe:844_cam2_1,adaface-4df25b75e065b0b9ed43,pca,pca_32,pca_reconstruction_cosine,0.01,True,frozen_origin,0.2028672695159912,True,True,False,True,True,1.1515713559320386,True,threshold_crossing,3,8972,8
gradcam-eee34dac626171e54d9e,population-2a9bc5280db4a65672a1bbcb,survface,survface:registered_probe:5244_20,adaface-4df25b75e065b0b9ed43,pca,pca_32,pca_reconstruction_cosine,0.01,True,frozen_origin,0.2001453638076782,True,True,False,True,True,1.1488296763493575,True,threshold_crossing,4,8972,8
gradcam-e87202df545658735e49,population-2a9bc5280db4a65672a1bbcb,survface,survface:registered_probe:5263_5,adaface-4df25b75e065b0b9ed43,pca,pca_32,pca_reconstruction_cosine,0.01,True,frozen_origin,0.1892610192298889,True,True,False,True,True,1.129348897001264,True,threshold_crossing,5,8972,8
gradcam-93163e0bc7f870703e92,population-2a9bc5280db4a65672a1bbcb,survface,survface:registered_probe:5244_18,adaface-4df25b75e065b0b9ed43,pca,pca_32,pca_reconstruction_cosine,0.01,True,frozen_origin,0.1963061094284057,True,True,False,True,True,1.1280047897016448,True,threshold_crossing,6,8972,8
gradcam-3f30e14987e4323a1b71,population-2a9bc5280db4a65672a1bbcb,survface,survface:registered_probe:5263_12,adaface-4df25b75e065b0b9ed43,pca,pca_32,pca_reconstruction_cosine,0.01,True,frozen_origin,0.1874417066574096,True,True,False,True,True,1.1027666693613083,True,threshold_crossing,7,8972,8
gradcam-976eaa684bbb8406c883,population-2a9bc5280db4a65672a1bbcb,survface,survface:unknown_unknown_probe:9932_cam2_99,adaface-4df25b75e065b0b9ed43,pca,pca_32,pca_reconstruction_cosine,0.01,False,frozen_origin,0.5057491064071655,False,True,False,True,True,1.0922933457485755,True,threshold_crossing,8,8972,8
gradcam-15da96dc36f6362643f1,population-2a9bc5280db4a65672a1bbcb,survface,survface:registered_probe:2742_cam2_1,adaface-4df25b75e065b0b9ed43,pca,pca_32,pca_reconstruction_cosine,0.05,True,frozen_origin,0.1351097524166107,True,False,False,True,True,1.315073843751721,True,high_error,1,8972,8
gradcam-b90feca8acb56c4894d7,population-2a9bc5280db4a65672a1bbcb,survface,survface:unknown_unknown_probe:4443_cam2_3,adaface-4df25b75e065b0b9ed43,pca,pca_32,pca_reconstruction_cosine,0.05,False,frozen_origin,0.3532798886299133,True,False,False,True,True,1.2343959821156536,True,high_error,2,8972,8
gradcam-806e807d16d2f4fdb907,population-2a9bc5280db4a65672a1bbcb,survface,survface:unknown_unknown_probe:distractors_1028,adaface-4df25b75e065b0b9ed43,pca,pca_32,pca_reconstruction_cosine,0.05,False,frozen_origin,0.3543703556060791,True,False,False,True,True,1.2115845489901391,True,high_error,3,8972,8
gradcam-04f836367ac232432012,population-2a9bc5280db4a65672a1bbcb,survface,survface:registered_probe:5241_39,adaface-4df25b75e065b0b9ed43,pca,pca_32,pca_reconstruction_cosine,0.05,True,frozen_origin,0.2639154493808746,True,False,False,True,True,1.2071676934099624,True,high_error,4,8972,8
gradcam-62980f0966d86f18cb7f,population-2a9bc5280db4a65672a1bbcb,survface,survface:registered_probe:5263_20,adaface-4df25b75e065b0b9ed43,pca,pca_32,pca_reconstruction_cosine,0.05,True,frozen_origin,0.1467830538749694,True,False,False,True,True,1.2064335147385528,True,high_error,5,8972,8
gradcam-4d7681303c382c0cf834,population-2a9bc5280db4a65672a1bbcb,survface,survface:registered_probe:8351_cam1_26,adaface-4df25b75e065b0b9ed43,pca,pca_32,pca_reconstruction_cosine,0.05,True,frozen_origin,0.3696140646934509,True,False,False,True,True,1.2008769294788908,True,high_error,6,8972,8
gradcam-f4e9d834338d5d0fb298,population-2a9bc5280db4a65672a1bbcb,survface,survface:unknown_unknown_probe:10206_cam2_17,adaface-4df25b75e065b0b9ed43,pca,pca_32,pca_reconstruction_cosine,0.05,False,frozen_origin,0.3809283077716827,True,False,False,True,True,1.19809673106132,True,high_error,7,8972,8
gradcam-94ba03c7762015d09b03,population-2a9bc5280db4a65672a1bbcb,survface,survface:unknown_unknown_probe:distractors_1591,adaface-4df25b75e065b0b9ed43,pca,pca_32,pca_reconstruction_cosine,0.05,False,frozen_origin,0.3698759078979492,True,False,False,True,True,1.1933396590228056,True,high_error,8,8972,8
gradcam-4fb95bdf675ca43043b2,population-2a9bc5280db4a65672a1bbcb,survface,survface:unknown_unknown_probe:10206_cam2_74,adaface-4df25b75e065b0b9ed43,pca,pca_32,pca_reconstruction_cosine,0.05,False,frozen_origin,0.2722982168197632,False,False,False,True,True,1.3235403910752508,True,rank_flip,1,8972,8
gradcam-2cfeeec2f5198eb1f858,population-2a9bc5280db4a65672a1bbcb,survface,survface:unknown_unknown_probe:2704_cam2_1,adaface-4df25b75e065b0b9ed43,pca,pca_32,pca_reconstruction_cosine,0.05,False,frozen_origin,0.3407682180404663,False,False,False,True,True,1.317456008917174,True,rank_flip,2,8972,8
gradcam-51be7fe18c3e139b334f,population-2a9bc5280db4a65672a1bbcb,survface,survface:unknown_unknown_probe:2756_cam4_1,adaface-4df25b75e065b0b9ed43,pca,pca_32,pca_reconstruction_cosine,0.05,False,frozen_origin,0.3709125816822052,False,False,False,True,True,1.2954914387346412,True,rank_flip,3,8972,8
gradcam-a389d21aa5cff9607347,population-2a9bc5280db4a65672a1bbcb,survface,survface:unknown_unknown_probe:distractors_4934,adaface-4df25b75e065b0b9ed43,pca,pca_32,pca_reconstruction_cosine,0.05,False,frozen_origin,0.4877879172563553,False,False,False,True,True,1.295443483357732,True,rank_flip,4,8972,8
gradcam-fc7477400f4140ba7521,population-2a9bc5280db4a65672a1bbcb,survface,survface:registered_probe:707_cam2_1,adaface-4df25b75e065b0b9ed43,pca,pca_32,pca_reconstruction_cosine,0.05,True,frozen_origin,0.3173998594284057,False,False,False,True,True,1.2942783715936923,True,rank_flip,5,8972,8
gradcam-bb94d051f96880b44a43,population-2a9bc5280db4a65672a1bbcb,survface,survface:unknown_unknown_probe:distractors_21592,adaface-4df25b75e065b0b9ed43,pca,pca_32,pca_reconstruction_cosine,0.05,False,frozen_origin,0.3344072699546814,False,False,False,True,True,1.2932433983258695,True,rank_flip,6,8972,8
gradcam-11cf6fc383f11c030208,population-2a9bc5280db4a65672a1bbcb,survface,survface:unknown_unknown_probe:distractors_3041,adaface-4df25b75e065b0b9ed43,pca,pca_32,pca_reconstruction_cosine,0.05,False,frozen_origin,0.3800692409276962,False,False,False,True,True,1.2858637974525473,True,rank_flip,7,8972,8
gradcam-5af3f92bce6a5aef5dc7,population-2a9bc5280db4a65672a1bbcb,survface,survface:unknown_unknown_probe:distractors_2510,adaface-4df25b75e065b0b9ed43,pca,pca_32,pca_reconstruction_cosine,0.05,False,frozen_origin,0.2785775661468506,False,False,False,True,True,1.2838184995848276,True,rank_flip,8,8972,8
gradcam-d38c55caf0aff5e40a8d,population-2a9bc5280db4a65672a1bbcb,survface,survface:registered_probe:5647_cam1_96,adaface-4df25b75e065b0b9ed43,pca,pca_32,pca_reconstruction_cosine,0.05,True,frozen_origin,0.0476388931274414,True,False,False,True,True,0.2777038791553456,True,stable,1,8972,8
gradcam-8370b1dfccefb2e154b3,population-2a9bc5280db4a65672a1bbcb,survface,survface:registered_probe:5647_cam1_44,adaface-4df25b75e065b0b9ed43,pca,pca_32,pca_reconstruction_cosine,0.05,True,frozen_origin,0.0532195568084716,True,False,False,True,True,0.290589295616207,True,stable,2,8972,8
gradcam-74c51babd533058b2682,population-2a9bc5280db4a65672a1bbcb,survface,survface:unknown_unknown_probe:5783_cam1_73,adaface-4df25b75e065b0b9ed43,pca,pca_32,pca_reconstruction_cosine,0.05,False,frozen_origin,0.049915611743927,True,False,False,True,True,0.2906500163654252,True,stable,3,8972,8
gradcam-c05b0f9ac9771507846f,population-2a9bc5280db4a65672a1bbcb,survface,survface:registered_probe:5821_cam1_80,adaface-4df25b75e065b0b9ed43,pca,pca_32,pca_reconstruction_cosine,0.05,True,frozen_origin,0.0501012802124023,True,False,False,True,True,0.2942456224050586,True,stable,4,8972,8
gradcam-3d5485902f18e511e7ae,population-2a9bc5280db4a65672a1bbcb,survface,survface:unknown_unknown_probe:5783_cam1_64,adaface-4df25b75e065b0b9ed43,pca,pca_32,pca_reconstruction_cosine,0.05,False,frozen_origin,0.0635652542114257,True,False,False,True,True,0.2946830661320695,True,stable,5,8972,8
gradcam-ccc79212d982b5e74d42,population-2a9bc5280db4a65672a1bbcb,survface,survface:registered_probe:5721_cam1_234,adaface-4df25b75e065b0b9ed43,pca,pca_32,pca_reconstruction_cosine,0.05,True,frozen_origin,0.0432860851287841,True,False,False,True,True,0.2976434620105576,True,stable,6,8972,8
gradcam-288d127acf2da0ba4533,population-2a9bc5280db4a65672a1bbcb,survface,survface:registered_probe:5647_cam1_249,adaface-4df25b75e065b0b9ed43,pca,pca_32,pca_reconstruction_cosine,0.05,True,frozen_origin,0.0557896494865417,True,False,False,True,True,0.3008895630657504,True,stable,7,8972,8
gradcam-3d75f0009f65c0a76010,population-2a9bc5280db4a65672a1bbcb,survface,survface:unknown_unknown_probe:5783_cam1_98,adaface-4df25b75e065b0b9ed43,pca,pca_32,pca_reconstruction_cosine,0.05,False,frozen_origin,0.0572876334190368,True,False,False,True,True,0.3014031029918502,True,stable,8,8972,8
gradcam-753ad141dc68010b3201,population-2a9bc5280db4a65672a1bbcb,survface,survface:unknown_unknown_probe:distractors_3188,adaface-4df25b75e065b0b9ed43,pca,pca_32,pca_reconstruction_cosine,0.05,False,frozen_origin,0.493381917476654,True,True,False,True,True,1.2133470094176495,True,threshold_crossing,1,8972,8
gradcam-c213e33cec4abca49e68,population-2a9bc5280db4a65672a1bbcb,survface,survface:registered_probe:5244_10,adaface-4df25b75e065b0b9ed43,pca,pca_32,pca_reconstruction_cosine,0.05,True,frozen_origin,0.280902087688446,True,True,False,True,True,1.1916118602806218,True,threshold_crossing,2,8972,8
gradcam-86ba92a4058d89703293,population-2a9bc5280db4a65672a1bbcb,survface,survface:registered_probe:5244_23,adaface-4df25b75e065b0b9ed43,pca,pca_32,pca_reconstruction_cosine,0.05,True,frozen_origin,0.1015520691871643,True,True,False,True,True,1.175052910776277,True,threshold_crossing,3,8972,8
gradcam-e3f6e3ee88037565409b,population-2a9bc5280db4a65672a1bbcb,survface,survface:unknown_unknown_probe:9206_cam3_43,adaface-4df25b75e065b0b9ed43,pca,pca_32,pca_reconstruction_cosine,0.05,False,frozen_origin,0.5281899273395538,False,True,False,True,True,1.155203466956206,True,threshold_crossing,4,8972,8
gradcam-1b2c14afd63e051916de,population-2a9bc5280db4a65672a1bbcb,survface,survface:registered_probe:844_cam2_1,adaface-4df25b75e065b0b9ed43,pca,pca_32,pca_reconstruction_cosine,0.05,True,frozen_origin,0.2028672695159912,True,True,False,True,True,1.1515713559320386,True,threshold_crossing,5,8972,8
gradcam-11e4f698418635639551,population-2a9bc5280db4a65672a1bbcb,survface,survface:registered_probe:5244_20,adaface-4df25b75e065b0b9ed43,pca,pca_32,pca_reconstruction_cosine,0.05,True,frozen_origin,0.2001453638076782,True,True,False,True,True,1.1488296763493575,True,threshold_crossing,6,8972,8
gradcam-e942093b1a4699e0c740,population-2a9bc5280db4a65672a1bbcb,survface,survface:unknown_unknown_probe:9519_cam3_7,adaface-4df25b75e065b0b9ed43,pca,pca_32,pca_reconstruction_cosine,0.05,False,frozen_origin,0.4171038269996643,False,True,False,True,True,1.145062677690345,True,threshold_crossing,7,8972,8
gradcam-47b67fe1a64fd19f066d,population-2a9bc5280db4a65672a1bbcb,survface,survface:registered_probe:9057_cam2_3,adaface-4df25b75e065b0b9ed43,pca,pca_32,pca_reconstruction_cosine,0.05,True,frozen_origin,0.5058874785900116,False,True,False,True,True,1.1374717922814497,True,threshold_crossing,8,8972,8
gradcam-4d9aae9086ede31829b3,population-2a9bc5280db4a65672a1bbcb,survface,survface:registered_probe:2742_cam2_1,adaface-4df25b75e065b0b9ed43,pca,pca_32,pca_reconstruction_cosine,0.1,True,frozen_origin,0.1351097524166107,True,False,False,True,True,1.315073843751721,True,high_error,1,8972,8
gradcam-f474921c7f04c17f1782,population-2a9bc5280db4a65672a1bbcb,survface,survface:unknown_unknown_probe:4443_cam2_3,adaface-4df25b75e065b0b9ed43,pca,pca_32,pca_reconstruction_cosine,0.1,False,frozen_origin,0.3532798886299133,True,False,False,True,True,1.2343959821156536,True,high_error,2,8972,8
gradcam-40ee55bdf1ce3da70bcb,population-2a9bc5280db4a65672a1bbcb,survface,survface:unknown_unknown_probe:distractors_1028,adaface-4df25b75e065b0b9ed43,pca,pca_32,pca_reconstruction_cosine,0.1,False,frozen_origin,0.3543703556060791,True,False,False,True,True,1.2115845489901391,True,high_error,3,8972,8
gradcam-fbbd73ae96c970980c68,population-2a9bc5280db4a65672a1bbcb,survface,survface:registered_probe:5241_39,adaface-4df25b75e065b0b9ed43,pca,pca_32,pca_reconstruction_cosine,0.1,True,frozen_origin,0.2639154493808746,True,False,False,True,True,1.2071676934099624,True,high_error,4,8972,8
gradcam-0d694bffba57e22a504d,population-2a9bc5280db4a65672a1bbcb,survface,survface:registered_probe:8351_cam1_26,adaface-4df25b75e065b0b9ed43,pca,pca_32,pca_reconstruction_cosine,0.1,True,frozen_origin,0.3696140646934509,True,False,False,True,True,1.2008769294788908,True,high_error,5,8972,8
gradcam-1631b67de475503e2981,population-2a9bc5280db4a65672a1bbcb,survface,survface:unknown_unknown_probe:10206_cam2_17,adaface-4df25b75e065b0b9ed43,pca,pca_32,pca_reconstruction_cosine,0.1,False,frozen_origin,0.3809283077716827,True,False,False,True,True,1.19809673106132,True,high_error,6,8972,8
gradcam-285925d0fa022c881415,population-2a9bc5280db4a65672a1bbcb,survface,survface:unknown_unknown_probe:distractors_1591,adaface-4df25b75e065b0b9ed43,pca,pca_32,pca_reconstruction_cosine,0.1,False,frozen_origin,0.3698759078979492,True,False,False,True,True,1.1933396590228056,True,high_error,7,8972,8
gradcam-c1965a7e4ced993e1948,population-2a9bc5280db4a65672a1bbcb,survface,survface:registered_probe:5293_25,adaface-4df25b75e065b0b9ed43,pca,pca_32,pca_reconstruction_cosine,0.1,True,frozen_origin,-0.0396416783332824,True,False,False,True,True,1.1907065919388085,True,high_error,8,8972,8
gradcam-f14af52d3534a5af05a2,population-2a9bc5280db4a65672a1bbcb,survface,survface:unknown_unknown_probe:10206_cam2_74,adaface-4df25b75e065b0b9ed43,pca,pca_32,pca_reconstruction_cosine,0.1,False,frozen_origin,0.2722982168197632,False,False,False,True,True,1.3235403910752508,True,rank_flip,1,8972,8
gradcam-6d37a9c13dd0ce99887e,population-2a9bc5280db4a65672a1bbcb,survface,survface:unknown_unknown_probe:2704_cam2_1,adaface-4df25b75e065b0b9ed43,pca,pca_32,pca_reconstruction_cosine,0.1,False,frozen_origin,0.3407682180404663,False,False,False,True,True,1.317456008917174,True,rank_flip,2,8972,8
gradcam-64ef195382a9cf064287,population-2a9bc5280db4a65672a1bbcb,survface,survface:unknown_unknown_probe:2756_cam4_1,adaface-4df25b75e065b0b9ed43,pca,pca_32,pca_reconstruction_cosine,0.1,False,frozen_origin,0.3709125816822052,False,False,False,True,True,1.2954914387346412,True,rank_flip,3,8972,8
gradcam-17779e236bfb83017235,population-2a9bc5280db4a65672a1bbcb,survface,survface:unknown_unknown_probe:distractors_4934,adaface-4df25b75e065b0b9ed43,pca,pca_32,pca_reconstruction_cosine,0.1,False,frozen_origin,0.4877879172563553,False,False,False,True,True,1.295443483357732,True,rank_flip,4,8972,8
gradcam-c5a6fee715484c3c9718,population-2a9bc5280db4a65672a1bbcb,survface,survface:registered_probe:707_cam2_1,adaface-4df25b75e065b0b9ed43,pca,pca_32,pca_reconstruction_cosine,0.1,True,frozen_origin,0.3173998594284057,False,False,False,True,True,1.2942783715936923,True,rank_flip,5,8972,8
gradcam-22d3128f46a28834c60c,population-2a9bc5280db4a65672a1bbcb,survface,survface:unknown_unknown_probe:distractors_21592,adaface-4df25b75e065b0b9ed43,pca,pca_32,pca_reconstruction_cosine,0.1,False,frozen_origin,0.3344072699546814,False,False,False,True,True,1.2932433983258695,True,rank_flip,6,8972,8
gradcam-d80263d1c87c25d9b53e,population-2a9bc5280db4a65672a1bbcb,survface,survface:unknown_unknown_probe:distractors_3041,adaface-4df25b75e065b0b9ed43,pca,pca_32,pca_reconstruction_cosine,0.1,False,frozen_origin,0.3800692409276962,False,False,False,True,True,1.2858637974525473,True,rank_flip,7,8972,8
gradcam-e789fe179b8170f0e2b9,population-2a9bc5280db4a65672a1bbcb,survface,survface:unknown_unknown_probe:distractors_2510,adaface-4df25b75e065b0b9ed43,pca,pca_32,pca_reconstruction_cosine,0.1,False,frozen_origin,0.2785775661468506,False,False,False,True,True,1.2838184995848276,True,rank_flip,8,8972,8
gradcam-3736331eb0d0fd4152b9,population-2a9bc5280db4a65672a1bbcb,survface,survface:registered_probe:5647_cam1_96,adaface-4df25b75e065b0b9ed43,pca,pca_32,pca_reconstruction_cosine,0.1,True,frozen_origin,0.0476388931274414,True,False,False,True,True,0.2777038791553456,True,stable,1,8972,8
gradcam-cb4117979122f8a36d0b,population-2a9bc5280db4a65672a1bbcb,survface,survface:registered_probe:5647_cam1_44,adaface-4df25b75e065b0b9ed43,pca,pca_32,pca_reconstruction_cosine,0.1,True,frozen_origin,0.0532195568084716,True,False,False,True,True,0.290589295616207,True,stable,2,8972,8
gradcam-99049404caa0cc25bb3d,population-2a9bc5280db4a65672a1bbcb,survface,survface:unknown_unknown_probe:5783_cam1_73,adaface-4df25b75e065b0b9ed43,pca,pca_32,pca_reconstruction_cosine,0.1,False,frozen_origin,0.049915611743927,True,False,False,True,True,0.2906500163654252,True,stable,3,8972,8
gradcam-db13ea0fb92165383c10,population-2a9bc5280db4a65672a1bbcb,survface,survface:registered_probe:5821_cam1_80,adaface-4df25b75e065b0b9ed43,pca,pca_32,pca_reconstruction_cosine,0.1,True,frozen_origin,0.0501012802124023,True,False,False,True,True,0.2942456224050586,True,stable,4,8972,8
gradcam-eb36c3033da8e474af18,population-2a9bc5280db4a65672a1bbcb,survface,survface:unknown_unknown_probe:5783_cam1_64,adaface-4df25b75e065b0b9ed43,pca,pca_32,pca_reconstruction_cosine,0.1,False,frozen_origin,0.0635652542114257,True,False,False,True,True,0.2946830661320695,True,stable,5,8972,8
gradcam-9da42e54a388be3cd1ee,population-2a9bc5280db4a65672a1bbcb,survface,survface:registered_probe:5721_cam1_234,adaface-4df25b75e065b0b9ed43,pca,pca_32,pca_reconstruction_cosine,0.1,True,frozen_origin,0.0432860851287841,True,False,False,True,True,0.2976434620105576,True,stable,6,8972,8
gradcam-e7492ff684383d34078e,population-2a9bc5280db4a65672a1bbcb,survface,survface:registered_probe:5647_cam1_249,adaface-4df25b75e065b0b9ed43,pca,pca_32,pca_reconstruction_cosine,0.1,True,frozen_origin,0.0557896494865417,True,False,False,True,True,0.3008895630657504,True,stable,7,8972,8
gradcam-ef6c7eed0e76566a82c2,population-2a9bc5280db4a65672a1bbcb,survface,survface:unknown_unknown_probe:5783_cam1_98,adaface-4df25b75e065b0b9ed43,pca,pca_32,pca_reconstruction_cosine,0.1,False,frozen_origin,0.0572876334190368,True,False,False,True,True,0.3014031029918502,True,stable,8,8972,8
gradcam-d3f9e17d58046d137b8f,population-2a9bc5280db4a65672a1bbcb,survface,survface:unknown_unknown_probe:distractors_2014,adaface-4df25b75e065b0b9ed43,pca,pca_32,pca_reconstruction_cosine,0.1,False,frozen_origin,0.4517174363136291,False,True,False,True,True,1.2289147653533097,True,threshold_crossing,1,8972,8
gradcam-6970e48cf47f4b068621,population-2a9bc5280db4a65672a1bbcb,survface,survface:unknown_unknown_probe:distractors_3188,adaface-4df25b75e065b0b9ed43,pca,pca_32,pca_reconstruction_cosine,0.1,False,frozen_origin,0.493381917476654,True,True,False,True,True,1.2133470094176495,True,threshold_crossing,2,8972,8
gradcam-864261643cc4c01f98ab,population-2a9bc5280db4a65672a1bbcb,survface,survface:registered_probe:5263_20,adaface-4df25b75e065b0b9ed43,pca,pca_32,pca_reconstruction_cosine,0.1,True,frozen_origin,0.1467830538749694,True,True,False,True,True,1.2064335147385528,True,threshold_crossing,3,8972,8
gradcam-bbd1c9eb9c3d38c619e0,population-2a9bc5280db4a65672a1bbcb,survface,survface:registered_probe:5244_10,adaface-4df25b75e065b0b9ed43,pca,pca_32,pca_reconstruction_cosine,0.1,True,frozen_origin,0.280902087688446,True,True,False,True,True,1.1916118602806218,True,threshold_crossing,4,8972,8
gradcam-5e556f44d0adc8baf53d,population-2a9bc5280db4a65672a1bbcb,survface,survface:registered_probe:9057_cam2_8,adaface-4df25b75e065b0b9ed43,pca,pca_32,pca_reconstruction_cosine,0.1,True,frozen_origin,0.388172835111618,False,True,False,True,True,1.1831146283812122,True,threshold_crossing,5,8972,8
gradcam-c150bc01aee979076208,population-2a9bc5280db4a65672a1bbcb,survface,survface:registered_probe:8363_cam1_100,adaface-4df25b75e065b0b9ed43,pca,pca_32,pca_reconstruction_cosine,0.1,True,frozen_origin,0.4708911180496216,False,True,False,True,True,1.1771954762549597,True,threshold_crossing,6,8972,8
gradcam-3346673019bccc474e06,population-2a9bc5280db4a65672a1bbcb,survface,survface:registered_probe:5244_23,adaface-4df25b75e065b0b9ed43,pca,pca_32,pca_reconstruction_cosine,0.1,True,frozen_origin,0.1015520691871643,True,True,False,True,True,1.175052910776277,True,threshold_crossing,7,8972,8
gradcam-eedf6948273fa0cd84d6,population-2a9bc5280db4a65672a1bbcb,survface,survface:unknown_unknown_probe:5748_cam2_9,adaface-4df25b75e065b0b9ed43,pca,pca_32,pca_reconstruction_cosine,0.1,False,frozen_origin,0.4010478258132934,True,True,False,True,True,1.1624363140347065,True,threshold_crossing,8,8972,8
gradcam-45803f601388643db5d6,population-2a9bc5280db4a65672a1bbcb,survface,survface:registered_probe:2742_cam2_1,adaface-4df25b75e065b0b9ed43,pca,pca_32,pca_reconstruction_cosine,0.2,True,frozen_origin,0.1351097524166107,True,False,False,True,True,1.315073843751721,True,high_error,1,8972,8
gradcam-67a1a340e0dbfb1486c0,population-2a9bc5280db4a65672a1bbcb,survface,survface:unknown_unknown_probe:4443_cam2_3,adaface-4df25b75e065b0b9ed43,pca,pca_32,pca_reconstruction_cosine,0.2,False,frozen_origin,0.3532798886299133,True,False,False,True,True,1.2343959821156536,True,high_error,2,8972,8
gradcam-1822eab1b4c9c5071087,population-2a9bc5280db4a65672a1bbcb,survface,survface:unknown_unknown_probe:distractors_1028,adaface-4df25b75e065b0b9ed43,pca,pca_32,pca_reconstruction_cosine,0.2,False,frozen_origin,0.3543703556060791,True,False,False,True,True,1.2115845489901391,True,high_error,3,8972,8
gradcam-8554cc62d6e4c8c5891b,population-2a9bc5280db4a65672a1bbcb,survface,survface:registered_probe:8351_cam1_26,adaface-4df25b75e065b0b9ed43,pca,pca_32,pca_reconstruction_cosine,0.2,True,frozen_origin,0.3696140646934509,True,False,False,True,True,1.2008769294788908,True,high_error,4,8972,8
gradcam-a3d657f0c9b30fd70be0,population-2a9bc5280db4a65672a1bbcb,survface,survface:unknown_unknown_probe:10206_cam2_17,adaface-4df25b75e065b0b9ed43,pca,pca_32,pca_reconstruction_cosine,0.2,False,frozen_origin,0.3809283077716827,True,False,False,True,True,1.19809673106132,True,high_error,5,8972,8
gradcam-8ccba2bd985de8923517,population-2a9bc5280db4a65672a1bbcb,survface,survface:unknown_unknown_probe:distractors_1591,adaface-4df25b75e065b0b9ed43,pca,pca_32,pca_reconstruction_cosine,0.2,False,frozen_origin,0.3698759078979492,True,False,False,True,True,1.1933396590228056,True,high_error,6,8972,8
gradcam-6a667aa1c99e7d1bbf92,population-2a9bc5280db4a65672a1bbcb,survface,survface:registered_probe:5293_25,adaface-4df25b75e065b0b9ed43,pca,pca_32,pca_reconstruction_cosine,0.2,True,frozen_origin,-0.0396416783332824,True,False,False,True,True,1.1907065919388085,True,high_error,7,8972,8
gradcam-0ff774aa8ab8c4a3189f,population-2a9bc5280db4a65672a1bbcb,survface,survface:registered_probe:5241_37,adaface-4df25b75e065b0b9ed43,pca,pca_32,pca_reconstruction_cosine,0.2,True,frozen_origin,0.1379773616790771,True,False,False,True,True,1.183475565261756,True,high_error,8,8972,8
gradcam-0b3a3c360ef0d645b3a4,population-2a9bc5280db4a65672a1bbcb,survface,survface:unknown_unknown_probe:10206_cam2_74,adaface-4df25b75e065b0b9ed43,pca,pca_32,pca_reconstruction_cosine,0.2,False,frozen_origin,0.2722982168197632,False,False,False,True,True,1.3235403910752508,True,rank_flip,1,8972,8
gradcam-1dcfe9e2ead92cc34ec1,population-2a9bc5280db4a65672a1bbcb,survface,survface:unknown_unknown_probe:2704_cam2_1,adaface-4df25b75e065b0b9ed43,pca,pca_32,pca_reconstruction_cosine,0.2,False,frozen_origin,0.3407682180404663,False,False,False,True,True,1.317456008917174,True,rank_flip,2,8972,8
gradcam-4810d44bea655ee62ab0,population-2a9bc5280db4a65672a1bbcb,survface,survface:unknown_unknown_probe:2756_cam4_1,adaface-4df25b75e065b0b9ed43,pca,pca_32,pca_reconstruction_cosine,0.2,False,frozen_origin,0.3709125816822052,False,False,False,True,True,1.2954914387346412,True,rank_flip,3,8972,8
gradcam-b45d5f9f6c64c10d7be0,population-2a9bc5280db4a65672a1bbcb,survface,survface:unknown_unknown_probe:distractors_4934,adaface-4df25b75e065b0b9ed43,pca,pca_32,pca_reconstruction_cosine,0.2,False,frozen_origin,0.4877879172563553,False,False,False,True,True,1.295443483357732,True,rank_flip,4,8972,8
gradcam-0725033e2c54a8cbb239,population-2a9bc5280db4a65672a1bbcb,survface,survface:registered_probe:707_cam2_1,adaface-4df25b75e065b0b9ed43,pca,pca_32,pca_reconstruction_cosine,0.2,True,frozen_origin,0.3173998594284057,False,False,False,True,True,1.2942783715936923,True,rank_flip,5,8972,8
gradcam-3609e4854c633eb6af6b,population-2a9bc5280db4a65672a1bbcb,survface,survface:unknown_unknown_probe:distractors_21592,adaface-4df25b75e065b0b9ed43,pca,pca_32,pca_reconstruction_cosine,0.2,False,frozen_origin,0.3344072699546814,False,False,False,True,True,1.2932433983258695,True,rank_flip,6,8972,8
gradcam-7f04516446e0896c4def,population-2a9bc5280db4a65672a1bbcb,survface,survface:unknown_unknown_probe:distractors_3041,adaface-4df25b75e065b0b9ed43,pca,pca_32,pca_reconstruction_cosine,0.2,False,frozen_origin,0.3800692409276962,False,False,False,True,True,1.2858637974525473,True,rank_flip,7,8972,8
gradcam-4773a3942aeadcde9d3e,population-2a9bc5280db4a65672a1bbcb,survface,survface:unknown_unknown_probe:distractors_2510,adaface-4df25b75e065b0b9ed43,pca,pca_32,pca_reconstruction_cosine,0.2,False,frozen_origin,0.2785775661468506,False,False,False,True,True,1.2838184995848276,True,rank_flip,8,8972,8
gradcam-afab53c08ae70bf79e0d,population-2a9bc5280db4a65672a1bbcb,survface,survface:registered_probe:5647_cam1_96,adaface-4df25b75e065b0b9ed43,pca,pca_32,pca_reconstruction_cosine,0.2,True,frozen_origin,0.0476388931274414,True,False,False,True,True,0.2777038791553456,True,stable,1,8972,8
gradcam-fcb3feb7a2cdd1a3678a,population-2a9bc5280db4a65672a1bbcb,survface,survface:registered_probe:5647_cam1_44,adaface-4df25b75e065b0b9ed43,pca,pca_32,pca_reconstruction_cosine,0.2,True,frozen_origin,0.0532195568084716,True,False,False,True,True,0.290589295616207,True,stable,2,8972,8
gradcam-7c3a07f114a0fb31507c,population-2a9bc5280db4a65672a1bbcb,survface,survface:unknown_unknown_probe:5783_cam1_73,adaface-4df25b75e065b0b9ed43,pca,pca_32,pca_reconstruction_cosine,0.2,False,frozen_origin,0.049915611743927,True,False,False,True,True,0.2906500163654252,True,stable,3,8972,8
gradcam-52b03480d13ba241a34b,population-2a9bc5280db4a65672a1bbcb,survface,survface:registered_probe:5821_cam1_80,adaface-4df25b75e065b0b9ed43,pca,pca_32,pca_reconstruction_cosine,0.2,True,frozen_origin,0.0501012802124023,True,False,False,True,True,0.2942456224050586,True,stable,4,8972,8
gradcam-ed9fa75e92faf9396afa,population-2a9bc5280db4a65672a1bbcb,survface,survface:unknown_unknown_probe:5783_cam1_64,adaface-4df25b75e065b0b9ed43,pca,pca_32,pca_reconstruction_cosine,0.2,False,frozen_origin,0.0635652542114257,True,False,False,True,True,0.2946830661320695,True,stable,5,8972,8
gradcam-68ae813c67e1eace7955,population-2a9bc5280db4a65672a1bbcb,survface,survface:registered_probe:5721_cam1_234,adaface-4df25b75e065b0b9ed43,pca,pca_32,pca_reconstruction_cosine,0.2,True,frozen_origin,0.0432860851287841,True,False,False,True,True,0.2976434620105576,True,stable,6,8972,8
gradcam-9297872b9d5e579d7f18,population-2a9bc5280db4a65672a1bbcb,survface,survface:registered_probe:5647_cam1_249,adaface-4df25b75e065b0b9ed43,pca,pca_32,pca_reconstruction_cosine,0.2,True,frozen_origin,0.0557896494865417,True,False,False,True,True,0.3008895630657504,True,stable,7,8972,8
gradcam-e6fe23e904f145574cca,population-2a9bc5280db4a65672a1bbcb,survface,survface:unknown_unknown_probe:5783_cam1_98,adaface-4df25b75e065b0b9ed43,pca,pca_32,pca_reconstruction_cosine,0.2,False,frozen_origin,0.0572876334190368,True,False,False,True,True,0.3014031029918502,True,stable,8,8972,8
gradcam-032485677dece156e7cc,population-2a9bc5280db4a65672a1bbcb,survface,survface:unknown_unknown_probe:distractors_2014,adaface-4df25b75e065b0b9ed43,pca,pca_32,pca_reconstruction_cosine,0.2,False,frozen_origin,0.4517174363136291,False,True,False,True,True,1.2289147653533097,True,threshold_crossing,1,8972,8
gradcam-fd6f251e272a63f7f312,population-2a9bc5280db4a65672a1bbcb,survface,survface:unknown_unknown_probe:distractors_3188,adaface-4df25b75e065b0b9ed43,pca,pca_32,pca_reconstruction_cosine,0.2,False,frozen_origin,0.493381917476654,True,True,False,True,True,1.2133470094176495,True,threshold_crossing,2,8972,8
gradcam-b3cda881b42c3d9f2090,population-2a9bc5280db4a65672a1bbcb,survface,survface:registered_probe:9057_cam2_9,adaface-4df25b75e065b0b9ed43,pca,pca_32,pca_reconstruction_cosine,0.2,True,frozen_origin,0.4941373169422149,False,True,False,True,True,1.208325999066696,True,threshold_crossing,3,8972,8
gradcam-6a07c52189324c023c26,population-2a9bc5280db4a65672a1bbcb,survface,survface:registered_probe:5241_39,adaface-4df25b75e065b0b9ed43,pca,pca_32,pca_reconstruction_cosine,0.2,True,frozen_origin,0.2639154493808746,True,True,False,True,True,1.2071676934099624,True,threshold_crossing,4,8972,8
gradcam-7bbb269016f29e83ef19,population-2a9bc5280db4a65672a1bbcb,survface,survface:registered_probe:5263_20,adaface-4df25b75e065b0b9ed43,pca,pca_32,pca_reconstruction_cosine,0.2,True,frozen_origin,0.1467830538749694,True,True,False,True,True,1.2064335147385528,True,threshold_crossing,5,8972,8
gradcam-a196cbc00c8506200d7b,population-2a9bc5280db4a65672a1bbcb,survface,survface:registered_probe:5244_10,adaface-4df25b75e065b0b9ed43,pca,pca_32,pca_reconstruction_cosine,0.2,True,frozen_origin,0.280902087688446,True,True,False,True,True,1.1916118602806218,True,threshold_crossing,6,8972,8
gradcam-cb6f6cfdf261c533017d,population-2a9bc5280db4a65672a1bbcb,survface,survface:unknown_unknown_probe:10556_cam3_45,adaface-4df25b75e065b0b9ed43,pca,pca_32,pca_reconstruction_cosine,0.2,False,frozen_origin,0.4175676107406616,True,True,False,True,True,1.1884305557448316,True,threshold_crossing,7,8972,8
gradcam-244fa31f6129385de155,population-2a9bc5280db4a65672a1bbcb,survface,survface:registered_probe:9057_cam2_8,adaface-4df25b75e065b0b9ed43,pca,pca_32,pca_reconstruction_cosine,0.2,True,frozen_origin,0.388172835111618,False,True,False,True,True,1.1831146283812122,True,threshold_crossing,8,8972,8
gradcam-23a578fe47112c6f9fee,population-2a9bc5280db4a65672a1bbcb,survface,survface:registered_probe:2742_cam2_1,adaface-4df25b75e065b0b9ed43,pca,pca_32,pca_reconstruction_cosine,0.3,True,frozen_origin,0.1351097524166107,True,False,False,True,True,1.315073843751721,True,high_error,1,8972,8
gradcam-2969e6abbc929bdc40e1,population-2a9bc5280db4a65672a1bbcb,survface,survface:unknown_unknown_probe:4443_cam2_3,adaface-4df25b75e065b0b9ed43,pca,pca_32,pca_reconstruction_cosine,0.3,False,frozen_origin,0.3532798886299133,True,False,False,True,True,1.2343959821156536,True,high_error,2,8972,8
gradcam-da4a2186130014460b8a,population-2a9bc5280db4a65672a1bbcb,survface,survface:unknown_unknown_probe:distractors_1028,adaface-4df25b75e065b0b9ed43,pca,pca_32,pca_reconstruction_cosine,0.3,False,frozen_origin,0.3543703556060791,True,False,False,True,True,1.2115845489901391,True,high_error,3,8972,8
gradcam-33442dd0025989d5e86f,population-2a9bc5280db4a65672a1bbcb,survface,survface:registered_probe:8351_cam1_26,adaface-4df25b75e065b0b9ed43,pca,pca_32,pca_reconstruction_cosine,0.3,True,frozen_origin,0.3696140646934509,True,False,False,True,True,1.2008769294788908,True,high_error,4,8972,8
gradcam-3c3a894de63749b4c8fd,population-2a9bc5280db4a65672a1bbcb,survface,survface:unknown_unknown_probe:10206_cam2_17,adaface-4df25b75e065b0b9ed43,pca,pca_32,pca_reconstruction_cosine,0.3,False,frozen_origin,0.3809283077716827,True,False,False,True,True,1.19809673106132,True,high_error,5,8972,8
gradcam-74e6e6bd7dfba0058791,population-2a9bc5280db4a65672a1bbcb,survface,survface:unknown_unknown_probe:distractors_1591,adaface-4df25b75e065b0b9ed43,pca,pca_32,pca_reconstruction_cosine,0.3,False,frozen_origin,0.3698759078979492,True,False,False,True,True,1.1933396590228056,True,high_error,6,8972,8
gradcam-4256e7de01a2c5df159d,population-2a9bc5280db4a65672a1bbcb,survface,survface:registered_probe:5293_25,adaface-4df25b75e065b0b9ed43,pca,pca_32,pca_reconstruction_cosine,0.3,True,frozen_origin,-0.0396416783332824,True,False,False,True,True,1.1907065919388085,True,high_error,7,8972,8
gradcam-90ccdd6dd91b496710eb,population-2a9bc5280db4a65672a1bbcb,survface,survface:registered_probe:5241_37,adaface-4df25b75e065b0b9ed43,pca,pca_32,pca_reconstruction_cosine,0.3,True,frozen_origin,0.1379773616790771,True,False,False,True,True,1.183475565261756,True,high_error,8,8972,8
gradcam-cc2ee3e1fdf8955ea3d6,population-2a9bc5280db4a65672a1bbcb,survface,survface:unknown_unknown_probe:10206_cam2_74,adaface-4df25b75e065b0b9ed43,pca,pca_32,pca_reconstruction_cosine,0.3,False,frozen_origin,0.2722982168197632,False,False,False,True,True,1.3235403910752508,True,rank_flip,1,8972,8
gradcam-74ccd9dd1296b370b104,population-2a9bc5280db4a65672a1bbcb,survface,survface:unknown_unknown_probe:2704_cam2_1,adaface-4df25b75e065b0b9ed43,pca,pca_32,pca_reconstruction_cosine,0.3,False,frozen_origin,0.3407682180404663,False,False,False,True,True,1.317456008917174,True,rank_flip,2,8972,8
gradcam-5380089ab89dc77ac953,population-2a9bc5280db4a65672a1bbcb,survface,survface:unknown_unknown_probe:2756_cam4_1,adaface-4df25b75e065b0b9ed43,pca,pca_32,pca_reconstruction_cosine,0.3,False,frozen_origin,0.3709125816822052,False,False,False,True,True,1.2954914387346412,True,rank_flip,3,8972,8
gradcam-d3dd6cdcb5f02b7dc1e6,population-2a9bc5280db4a65672a1bbcb,survface,survface:registered_probe:707_cam2_1,adaface-4df25b75e065b0b9ed43,pca,pca_32,pca_reconstruction_cosine,0.3,True,frozen_origin,0.3173998594284057,False,False,False,True,True,1.2942783715936923,True,rank_flip,4,8972,8
gradcam-e4e8c642b84d0222541d,population-2a9bc5280db4a65672a1bbcb,survface,survface:unknown_unknown_probe:distractors_21592,adaface-4df25b75e065b0b9ed43,pca,pca_32,pca_reconstruction_cosine,0.3,False,frozen_origin,0.3344072699546814,False,False,False,True,True,1.2932433983258695,True,rank_flip,5,8972,8
gradcam-7c9d4e7067d86210712e,population-2a9bc5280db4a65672a1bbcb,survface,survface:unknown_unknown_probe:distractors_3041,adaface-4df25b75e065b0b9ed43,pca,pca_32,pca_reconstruction_cosine,0.3,False,frozen_origin,0.3800692409276962,False,False,False,True,True,1.2858637974525473,True,rank_flip,6,8972,8
gradcam-1dba15fe72bbba779bf7,population-2a9bc5280db4a65672a1bbcb,survface,survface:unknown_unknown_probe:distractors_2510,adaface-4df25b75e065b0b9ed43,pca,pca_32,pca_reconstruction_cosine,0.3,False,frozen_origin,0.2785775661468506,False,False,False,True,True,1.2838184995848276,True,rank_flip,7,8972,8
gradcam-27b6a110c58cf966e14c,population-2a9bc5280db4a65672a1bbcb,survface,survface:unknown_unknown_probe:10206_cam2_57,adaface-4df25b75e065b0b9ed43,pca,pca_32,pca_reconstruction_cosine,0.3,False,frozen_origin,0.4180358648300171,False,False,False,True,True,1.2799910402817285,True,rank_flip,8,8972,8
gradcam-7e2e22d04b07841c72c6,population-2a9bc5280db4a65672a1bbcb,survface,survface:registered_probe:5647_cam1_96,adaface-4df25b75e065b0b9ed43,pca,pca_32,pca_reconstruction_cosine,0.3,True,frozen_origin,0.0476388931274414,True,False,False,True,True,0.2777038791553456,True,stable,1,8972,8
gradcam-ac56d4bc9b3ca5982da9,population-2a9bc5280db4a65672a1bbcb,survface,survface:registered_probe:5647_cam1_44,adaface-4df25b75e065b0b9ed43,pca,pca_32,pca_reconstruction_cosine,0.3,True,frozen_origin,0.0532195568084716,True,False,False,True,True,0.290589295616207,True,stable,2,8972,8
gradcam-627271f8bfd5456c9fbf,population-2a9bc5280db4a65672a1bbcb,survface,survface:unknown_unknown_probe:5783_cam1_73,adaface-4df25b75e065b0b9ed43,pca,pca_32,pca_reconstruction_cosine,0.3,False,frozen_origin,0.049915611743927,True,False,False,True,True,0.2906500163654252,True,stable,3,8972,8
gradcam-1b2ea44dad23c972de10,population-2a9bc5280db4a65672a1bbcb,survface,survface:registered_probe:5821_cam1_80,adaface-4df25b75e065b0b9ed43,pca,pca_32,pca_reconstruction_cosine,0.3,True,frozen_origin,0.0501012802124023,True,False,False,True,True,0.2942456224050586,True,stable,4,8972,8
gradcam-8a68411218bcf1f982b2,population-2a9bc5280db4a65672a1bbcb,survface,survface:unknown_unknown_probe:5783_cam1_64,adaface-4df25b75e065b0b9ed43,pca,pca_32,pca_reconstruction_cosine,0.3,False,frozen_origin,0.0635652542114257,True,False,False,True,True,0.2946830661320695,True,stable,5,8972,8
gradcam-cea210c1cb57b5f0cf7d,population-2a9bc5280db4a65672a1bbcb,survface,survface:registered_probe:5721_cam1_234,adaface-4df25b75e065b0b9ed43,pca,pca_32,pca_reconstruction_cosine,0.3,True,frozen_origin,0.0432860851287841,True,False,False,True,True,0.2976434620105576,True,stable,6,8972,8
gradcam-731cc87a19ce41b13a00,population-2a9bc5280db4a65672a1bbcb,survface,survface:registered_probe:5647_cam1_249,adaface-4df25b75e065b0b9ed43,pca,pca_32,pca_reconstruction_cosine,0.3,True,frozen_origin,0.0557896494865417,True,False,False,True,True,0.3008895630657504,True,stable,7,8972,8
gradcam-17c0dc08e2d2dc31b367,population-2a9bc5280db4a65672a1bbcb,survface,survface:unknown_unknown_probe:5783_cam1_98,adaface-4df25b75e065b0b9ed43,pca,pca_32,pca_reconstruction_cosine,0.3,False,frozen_origin,0.0572876334190368,True,False,False,True,True,0.3014031029918502,True,stable,8,8972,8
gradcam-7208e15a85c6df900c64,population-2a9bc5280db4a65672a1bbcb,survface,survface:unknown_unknown_probe:distractors_4934,adaface-4df25b75e065b0b9ed43,pca,pca_32,pca_reconstruction_cosine,0.3,False,frozen_origin,0.4877879172563553,False,True,False,True,True,1.295443483357732,True,threshold_crossing,1,8972,8
gradcam-16a08212f9d2c51375db,population-2a9bc5280db4a65672a1bbcb,survface,survface:unknown_unknown_probe:distractors_4031,adaface-4df25b75e065b0b9ed43,pca,pca_32,pca_reconstruction_cosine,0.3,False,frozen_origin,0.3624675273895263,False,True,False,True,True,1.2605636853599798,True,threshold_crossing,2,8972,8
gradcam-99489bb67275703b1aad,population-2a9bc5280db4a65672a1bbcb,survface,survface:unknown_unknown_probe:distractors_1289,adaface-4df25b75e065b0b9ed43,pca,pca_32,pca_reconstruction_cosine,0.3,False,frozen_origin,0.4592821449041366,False,True,False,True,True,1.239605716689547,True,threshold_crossing,3,8972,8
gradcam-060489d01f7fec4d8b3e,population-2a9bc5280db4a65672a1bbcb,survface,survface:unknown_unknown_probe:distractors_2014,adaface-4df25b75e065b0b9ed43,pca,pca_32,pca_reconstruction_cosine,0.3,False,frozen_origin,0.4517174363136291,False,True,False,True,True,1.2289147653533097,True,threshold_crossing,4,8972,8
gradcam-cae0a09cba656840a3e9,population-2a9bc5280db4a65672a1bbcb,survface,survface:unknown_unknown_probe:9037_cam2_5,adaface-4df25b75e065b0b9ed43,pca,pca_32,pca_reconstruction_cosine,0.3,False,frozen_origin,0.4357005655765533,False,True,False,True,True,1.2269841725129953,True,threshold_crossing,5,8972,8
gradcam-5bd29b778ec9ceab384d,population-2a9bc5280db4a65672a1bbcb,survface,survface:unknown_unknown_probe:2143_cam2_1,adaface-4df25b75e065b0b9ed43,pca,pca_32,pca_reconstruction_cosine,0.3,False,frozen_origin,0.5005642026662827,False,True,False,True,True,1.218652547280222,True,threshold_crossing,6,8972,8
gradcam-7a318266796f27e160a5,population-2a9bc5280db4a65672a1bbcb,survface,survface:unknown_unknown_probe:distractors_3188,adaface-4df25b75e065b0b9ed43,pca,pca_32,pca_reconstruction_cosine,0.3,False,frozen_origin,0.493381917476654,True,True,False,True,True,1.2133470094176495,True,threshold_crossing,7,8972,8
gradcam-d38f8d4eb61f6f5a0ac3,population-2a9bc5280db4a65672a1bbcb,survface,survface:registered_probe:9057_cam2_9,adaface-4df25b75e065b0b9ed43,pca,pca_32,pca_reconstruction_cosine,0.3,True,frozen_origin,0.4941373169422149,False,True,False,True,True,1.208325999066696,True,threshold_crossing,8,8972,8
gradcam-d325766b3181ef35c973,population-2a9bc5280db4a65672a1bbcb,survface,survface:unknown_unknown_probe:9346_cam3_16,adaface-4df25b75e065b0b9ed43,pca,pca_384,pca_direct_cosine,0.01,False,frozen_origin,-0.0742431879043579,True,False,False,True,True,0.0205439806180543,True,high_error,1,8972,8
gradcam-423ff26f40ccf173044e,population-2a9bc5280db4a65672a1bbcb,survface,survface:registered_probe:9740_cam2_65,adaface-4df25b75e065b0b9ed43,pca,pca_384,pca_direct_cosine,0.01,True,frozen_origin,0.1276516914367675,True,False,False,True,True,0.0203059782195788,True,high_error,2,8972,8
gradcam-c0b9fed5fcd36e9a9ea8,population-2a9bc5280db4a65672a1bbcb,survface,survface:unknown_unknown_probe:9388_cam3_130,adaface-4df25b75e065b0b9ed43,pca,pca_384,pca_direct_cosine,0.01,False,frozen_origin,0.1220438778400421,True,False,False,True,True,0.0201905268690806,True,high_error,3,8972,8
gradcam-f4f3e4b60c09db43e88d,population-2a9bc5280db4a65672a1bbcb,survface,survface:unknown_unknown_probe:4443_cam2_3,adaface-4df25b75e065b0b9ed43,pca,pca_384,pca_direct_cosine,0.01,False,frozen_origin,0.1018588244915008,True,False,False,True,True,0.0197265532077849,True,high_error,4,8972,8
gradcam-edab8823ce554b9ce6f3,population-2a9bc5280db4a65672a1bbcb,survface,survface:unknown_unknown_probe:9000_cam2_120,adaface-4df25b75e065b0b9ed43,pca,pca_384,pca_direct_cosine,0.01,False,frozen_origin,0.0847569108009338,True,False,False,True,True,0.0196806536759285,True,high_error,5,8972,8
gradcam-632b2eb7dabc66fd88ed,population-2a9bc5280db4a65672a1bbcb,survface,survface:registered_probe:2973_cam3_1,adaface-4df25b75e065b0b9ed43,pca,pca_384,pca_direct_cosine,0.01,True,frozen_origin,0.1910127401351928,True,False,False,True,True,0.0195725468224698,True,high_error,6,8972,8
gradcam-817b2f359927e4b9c631,population-2a9bc5280db4a65672a1bbcb,survface,survface:unknown_unknown_probe:4443_cam2_5,adaface-4df25b75e065b0b9ed43,pca,pca_384,pca_direct_cosine,0.01,False,frozen_origin,0.1170739233493805,True,False,False,True,True,0.0194446067718189,True,high_error,7,8972,8
gradcam-72ad502aea2ce0e104f8,population-2a9bc5280db4a65672a1bbcb,survface,survface:unknown_unknown_probe:distractors_4105,adaface-4df25b75e065b0b9ed43,pca,pca_384,pca_direct_cosine,0.01,False,frozen_origin,0.1200420558452606,True,False,False,True,True,0.0193786370806361,True,high_error,8,8972,8
gradcam-62c50917679c2bba0496,population-2a9bc5280db4a65672a1bbcb,survface,survface:unknown_unknown_probe:9346_cam3_82,adaface-4df25b75e065b0b9ed43,pca,pca_384,pca_direct_cosine,0.01,False,frozen_origin,-0.0702070444822311,False,False,False,True,True,0.0223515976735269,True,rank_flip,1,8972,8
gradcam-aaab61c602ca6298782e,population-2a9bc5280db4a65672a1bbcb,survface,survface:unknown_unknown_probe:10181_cam2_62,adaface-4df25b75e065b0b9ed43,pca,pca_384,pca_direct_cosine,0.01,False,frozen_origin,0.071556270122528,False,False,False,True,True,0.0210504468295704,True,rank_flip,2,8972,8
gradcam-0a1a9c629cccd0a4e27e,population-2a9bc5280db4a65672a1bbcb,survface,survface:unknown_unknown_probe:10181_cam2_52,adaface-4df25b75e065b0b9ed43,pca,pca_384,pca_direct_cosine,0.01,False,frozen_origin,0.0880985260009765,False,False,False,True,True,0.0205056069718873,True,rank_flip,3,8972,8
gradcam-44badb70227b328027f0,population-2a9bc5280db4a65672a1bbcb,survface,survface:registered_probe:8647_cam1_243,adaface-4df25b75e065b0b9ed43,pca,pca_384,pca_direct_cosine,0.01,True,frozen_origin,-0.0635133981704711,False,False,False,True,True,0.0204173948297805,True,rank_flip,4,8972,8
gradcam-0126ccfcce129dac43fb,population-2a9bc5280db4a65672a1bbcb,survface,survface:unknown_unknown_probe:9230_cam2_28,adaface-4df25b75e065b0b9ed43,pca,pca_384,pca_direct_cosine,0.01,False,frozen_origin,0.0803815722465515,False,False,False,True,True,0.0197647304822911,True,rank_flip,5,8972,8
gradcam-a9ecba34b7d8e858f742,population-2a9bc5280db4a65672a1bbcb,survface,survface:unknown_unknown_probe:5306_42,adaface-4df25b75e065b0b9ed43,pca,pca_384,pca_direct_cosine,0.01,False,frozen_origin,0.0080456137657165,False,False,False,True,True,0.0197574482529966,True,rank_flip,6,8972,8
gradcam-22cc2f8d900d959ef934,population-2a9bc5280db4a65672a1bbcb,survface,survface:unknown_unknown_probe:9346_cam3_125,adaface-4df25b75e065b0b9ed43,pca,pca_384,pca_direct_cosine,0.01,False,frozen_origin,0.0137960016727447,False,False,False,True,True,0.0197506522369498,True,rank_flip,7,8972,8
gradcam-01fd71e5c973fc92e0e8,population-2a9bc5280db4a65672a1bbcb,survface,survface:unknown_unknown_probe:9346_cam3_87,adaface-4df25b75e065b0b9ed43,pca,pca_384,pca_direct_cosine,0.01,False,frozen_origin,-0.0227348804473876,False,False,False,True,True,0.0195813299835212,True,rank_flip,8,8972,8
gradcam-bb2b84b29db477d75c4b,population-2a9bc5280db4a65672a1bbcb,survface,survface:unknown_unknown_probe:5624_cam1_63,adaface-4df25b75e065b0b9ed43,pca,pca_384,pca_direct_cosine,0.01,False,frozen_origin,-0.2368227243423462,True,False,False,True,True,0.0036002772306619,True,stable,1,8972,8
gradcam-49f5f866ba3412d65818,population-2a9bc5280db4a65672a1bbcb,survface,survface:registered_probe:5813_cam1_93,adaface-4df25b75e065b0b9ed43,pca,pca_384,pca_direct_cosine,0.01,True,frozen_origin,-0.1936994194984436,True,False,False,True,True,0.0036684886286244,True,stable,2,8972,8
gradcam-5a4a2a4e2dde89b8a09a,population-2a9bc5280db4a65672a1bbcb,survface,survface:unknown_unknown_probe:10290_cam1_72,adaface-4df25b75e065b0b9ed43,pca,pca_384,pca_direct_cosine,0.01,False,frozen_origin,-0.2271932363510131,True,False,False,True,True,0.0036833772955868,True,stable,3,8972,8
gradcam-10626d6b2737e578a89a,population-2a9bc5280db4a65672a1bbcb,survface,survface:registered_probe:5618_cam2_80,adaface-4df25b75e065b0b9ed43,pca,pca_384,pca_direct_cosine,0.01,True,frozen_origin,-0.182211697101593,True,False,False,True,True,0.0037475005796252,True,stable,4,8972,8
gradcam-b5326c9fd40caaa3cc02,population-2a9bc5280db4a65672a1bbcb,survface,survface:unknown_unknown_probe:10309_cam1_12,adaface-4df25b75e065b0b9ed43,pca,pca_384,pca_direct_cosine,0.01,False,frozen_origin,-0.220306396484375,True,False,False,True,True,0.0038824381640882,True,stable,5,8972,8
gradcam-a567724a43e9cd6b8959,population-2a9bc5280db4a65672a1bbcb,survface,survface:registered_probe:5627_cam1_74,adaface-4df25b75e065b0b9ed43,pca,pca_384,pca_direct_cosine,0.01,True,frozen_origin,-0.2429725527763366,True,False,False,True,True,0.0039088346737321,True,stable,6,8972,8
gradcam-5e4e0fca82d40b75fa53,population-2a9bc5280db4a65672a1bbcb,survface,survface:registered_probe:8343_cam1_37,adaface-4df25b75e065b0b9ed43,pca,pca_384,pca_direct_cosine,0.01,True,frozen_origin,-0.2230576276779174,True,False,False,True,True,0.0039173610249578,True,stable,7,8972,8
gradcam-c73dcd05da1ef806d660,population-2a9bc5280db4a65672a1bbcb,survface,survface:registered_probe:5821_cam1_58,adaface-4df25b75e065b0b9ed43,pca,pca_384,pca_direct_cosine,0.01,True,frozen_origin,-0.2141675949096679,True,False,False,True,True,0.0039401386797958,True,stable,8,8972,8
gradcam-3965d2eea43719f36b47,population-2a9bc5280db4a65672a1bbcb,survface,survface:registered_probe:5462_cam1_2,adaface-4df25b75e065b0b9ed43,pca,pca_384,pca_direct_cosine,0.01,True,frozen_origin,-0.0328291654586792,True,True,False,True,True,0.0101273732423886,True,threshold_crossing,1,8972,8
gradcam-f9763198b371e86c8941,population-2a9bc5280db4a65672a1bbcb,survface,survface:unknown_unknown_probe:5464_cam1_7,adaface-4df25b75e065b0b9ed43,pca,pca_384,pca_direct_cosine,0.01,False,frozen_origin,-0.0423069596290588,True,True,False,True,True,0.0100013361286334,True,threshold_crossing,2,8972,8
gradcam-c27dfd7ad0a0af5b2620,population-2a9bc5280db4a65672a1bbcb,survface,survface:unknown_unknown_probe:distractors_4002,adaface-4df25b75e065b0b9ed43,pca,pca_384,pca_direct_cosine,0.01,False,frozen_origin,0.0215260386466979,True,True,False,True,True,0.0096602580124388,True,threshold_crossing,3,8972,8
gradcam-ec544d7713d8893ed45e,population-2a9bc5280db4a65672a1bbcb,survface,survface:unknown_unknown_probe:5392_cam1_31,adaface-4df25b75e065b0b9ed43,pca,pca_384,pca_direct_cosine,0.01,False,frozen_origin,-0.1862810850143432,True,True,False,True,True,0.0096410607920517,True,threshold_crossing,4,8972,8
gradcam-fecd3a714aa1ba413a27,population-2a9bc5280db4a65672a1bbcb,survface,survface:registered_probe:5462_cam1_6,adaface-4df25b75e065b0b9ed43,pca,pca_384,pca_direct_cosine,0.01,True,frozen_origin,-0.0290820598602294,True,True,False,True,True,0.0095355018650643,True,threshold_crossing,5,8972,8
gradcam-7a7e3bb39b4d8d31ee04,population-2a9bc5280db4a65672a1bbcb,survface,survface:unknown_unknown_probe:5283_20,adaface-4df25b75e065b0b9ed43,pca,pca_384,pca_direct_cosine,0.01,False,frozen_origin,-0.0243361592292785,True,True,False,True,True,0.0094935530519164,True,threshold_crossing,6,8972,8
gradcam-21f703546d706de7a9aa,population-2a9bc5280db4a65672a1bbcb,survface,survface:unknown_unknown_probe:distractors_6136,adaface-4df25b75e065b0b9ed43,pca,pca_384,pca_direct_cosine,0.01,False,frozen_origin,-0.0438042879104614,True,True,False,True,True,0.0093810491699002,True,threshold_crossing,7,8972,8
gradcam-d069c876d583bd03843c,population-2a9bc5280db4a65672a1bbcb,survface,survface:unknown_unknown_probe:5416_cam2_26,adaface-4df25b75e065b0b9ed43,pca,pca_384,pca_direct_cosine,0.01,False,frozen_origin,-0.089353859424591,True,True,False,True,True,0.0092229719269378,True,threshold_crossing,8,8972,8
gradcam-b27962f74a2aa6061e36,population-2a9bc5280db4a65672a1bbcb,survface,survface:unknown_unknown_probe:9346_cam3_16,adaface-4df25b75e065b0b9ed43,pca,pca_384,pca_direct_cosine,0.05,False,frozen_origin,-0.0742431879043579,True,False,False,True,True,0.0205439806180543,True,high_error,1,8972,8
gradcam-faca8c7dba129ca0e00f,population-2a9bc5280db4a65672a1bbcb,survface,survface:registered_probe:9740_cam2_65,adaface-4df25b75e065b0b9ed43,pca,pca_384,pca_direct_cosine,0.05,True,frozen_origin,0.1276516914367675,True,False,False,True,True,0.0203059782195788,True,high_error,2,8972,8
gradcam-4ff0b94acdc25de162db,population-2a9bc5280db4a65672a1bbcb,survface,survface:unknown_unknown_probe:9388_cam3_130,adaface-4df25b75e065b0b9ed43,pca,pca_384,pca_direct_cosine,0.05,False,frozen_origin,0.1220438778400421,True,False,False,True,True,0.0201905268690806,True,high_error,3,8972,8
gradcam-33c5bc1607cbbd8b1591,population-2a9bc5280db4a65672a1bbcb,survface,survface:unknown_unknown_probe:4443_cam2_3,adaface-4df25b75e065b0b9ed43,pca,pca_384,pca_direct_cosine,0.05,False,frozen_origin,0.1018588244915008,True,False,False,True,True,0.0197265532077849,True,high_error,4,8972,8
gradcam-75bd1a108b79f04da144,population-2a9bc5280db4a65672a1bbcb,survface,survface:unknown_unknown_probe:9000_cam2_120,adaface-4df25b75e065b0b9ed43,pca,pca_384,pca_direct_cosine,0.05,False,frozen_origin,0.0847569108009338,True,False,False,True,True,0.0196806536759285,True,high_error,5,8972,8
gradcam-5d604d6917572ae490a4,population-2a9bc5280db4a65672a1bbcb,survface,survface:registered_probe:2973_cam3_1,adaface-4df25b75e065b0b9ed43,pca,pca_384,pca_direct_cosine,0.05,True,frozen_origin,0.1910127401351928,True,False,False,True,True,0.0195725468224698,True,high_error,6,8972,8
gradcam-8c82216009f4841ab2b1,population-2a9bc5280db4a65672a1bbcb,survface,survface:unknown_unknown_probe:4443_cam2_5,adaface-4df25b75e065b0b9ed43,pca,pca_384,pca_direct_cosine,0.05,False,frozen_origin,0.1170739233493805,True,False,False,True,True,0.0194446067718189,True,high_error,7,8972,8
gradcam-910995c87c71d4ba10d1,population-2a9bc5280db4a65672a1bbcb,survface,survface:unknown_unknown_probe:distractors_4105,adaface-4df25b75e065b0b9ed43,pca,pca_384,pca_direct_cosine,0.05,False,frozen_origin,0.1200420558452606,True,False,False,True,True,0.0193786370806361,True,high_error,8,8972,8
gradcam-fa1a488c5aa30d41acc5,population-2a9bc5280db4a65672a1bbcb,survface,survface:unknown_unknown_probe:9346_cam3_82,adaface-4df25b75e065b0b9ed43,pca,pca_384,pca_direct_cosine,0.05,False,frozen_origin,-0.0702070444822311,False,False,False,True,True,0.0223515976735269,True,rank_flip,1,8972,8
gradcam-447e2fca1920e39a0c73,population-2a9bc5280db4a65672a1bbcb,survface,survface:unknown_unknown_probe:10181_cam2_62,adaface-4df25b75e065b0b9ed43,pca,pca_384,pca_direct_cosine,0.05,False,frozen_origin,0.071556270122528,False,False,False,True,True,0.0210504468295704,True,rank_flip,2,8972,8
gradcam-31360a6ca447def4583e,population-2a9bc5280db4a65672a1bbcb,survface,survface:unknown_unknown_probe:10181_cam2_52,adaface-4df25b75e065b0b9ed43,pca,pca_384,pca_direct_cosine,0.05,False,frozen_origin,0.0880985260009765,False,False,False,True,True,0.0205056069718873,True,rank_flip,3,8972,8
gradcam-0fbae99264784f117abd,population-2a9bc5280db4a65672a1bbcb,survface,survface:registered_probe:8647_cam1_243,adaface-4df25b75e065b0b9ed43,pca,pca_384,pca_direct_cosine,0.05,True,frozen_origin,-0.0635133981704711,False,False,False,True,True,0.0204173948297805,True,rank_flip,4,8972,8
gradcam-53eb8fefb72ed756c89e,population-2a9bc5280db4a65672a1bbcb,survface,survface:unknown_unknown_probe:9230_cam2_28,adaface-4df25b75e065b0b9ed43,pca,pca_384,pca_direct_cosine,0.05,False,frozen_origin,0.0803815722465515,False,False,False,True,True,0.0197647304822911,True,rank_flip,5,8972,8
gradcam-d8289c5ae2ba52512b5c,population-2a9bc5280db4a65672a1bbcb,survface,survface:unknown_unknown_probe:5306_42,adaface-4df25b75e065b0b9ed43,pca,pca_384,pca_direct_cosine,0.05,False,frozen_origin,0.0080456137657165,False,False,False,True,True,0.0197574482529966,True,rank_flip,6,8972,8
gradcam-3e8aae371dfefb2c8cc1,population-2a9bc5280db4a65672a1bbcb,survface,survface:unknown_unknown_probe:9346_cam3_125,adaface-4df25b75e065b0b9ed43,pca,pca_384,pca_direct_cosine,0.05,False,frozen_origin,0.0137960016727447,False,False,False,True,True,0.0197506522369498,True,rank_flip,7,8972,8
gradcam-bdc30a70d14ae1b83636,population-2a9bc5280db4a65672a1bbcb,survface,survface:unknown_unknown_probe:9346_cam3_87,adaface-4df25b75e065b0b9ed43,pca,pca_384,pca_direct_cosine,0.05,False,frozen_origin,-0.0227348804473876,False,False,False,True,True,0.0195813299835212,True,rank_flip,8,8972,8
gradcam-fd83fc629337009b252e,population-2a9bc5280db4a65672a1bbcb,survface,survface:unknown_unknown_probe:5624_cam1_63,adaface-4df25b75e065b0b9ed43,pca,pca_384,pca_direct_cosine,0.05,False,frozen_origin,-0.2368227243423462,True,False,False,True,True,0.0036002772306619,True,stable,1,8972,8
gradcam-3b82e9d794db3ce98b61,population-2a9bc5280db4a65672a1bbcb,survface,survface:unknown_unknown_probe:10309_cam1_12,adaface-4df25b75e065b0b9ed43,pca,pca_384,pca_direct_cosine,0.05,False,frozen_origin,-0.220306396484375,True,False,False,True,True,0.0038824381640882,True,stable,2,8972,8
gradcam-34517a288a03012fc9c6,population-2a9bc5280db4a65672a1bbcb,survface,survface:unknown_unknown_probe:5754_cam1_66,adaface-4df25b75e065b0b9ed43,pca,pca_384,pca_direct_cosine,0.05,False,frozen_origin,-0.226623922586441,True,False,False,True,True,0.0039517507244196,True,stable,3,8972,8
gradcam-c8fc1c9c5d94c578f471,population-2a9bc5280db4a65672a1bbcb,survface,survface:unknown_unknown_probe:6425_cam2_1,adaface-4df25b75e065b0b9ed43,pca,pca_384,pca_direct_cosine,0.05,False,frozen_origin,-0.1674838066101074,True,False,False,True,True,0.0039642925259543,True,stable,4,8972,8
gradcam-77ee0391bb1e05f9d0c7,population-2a9bc5280db4a65672a1bbcb,survface,survface:unknown_unknown_probe:8801_cam2_9,adaface-4df25b75e065b0b9ed43,pca,pca_384,pca_direct_cosine,0.05,False,frozen_origin,-0.1263362169265747,True,False,False,True,True,0.0040292672330041,True,stable,5,8972,8
gradcam-216914bf2dee6bd0188d,population-2a9bc5280db4a65672a1bbcb,survface,survface:unknown_unknown_probe:5818_cam2_49,adaface-4df25b75e065b0b9ed43,pca,pca_384,pca_direct_cosine,0.05,False,frozen_origin,-0.2352938055992126,True,False,False,True,True,0.0040531316172754,True,stable,6,8972,8
gradcam-82dec2e818d9a2ac135f,population-2a9bc5280db4a65672a1bbcb,survface,survface:registered_probe:5788_cam2_96,adaface-4df25b75e065b0b9ed43,pca,pca_384,pca_direct_cosine,0.05,True,frozen_origin,-0.1730995774269104,True,False,False,True,True,0.004061623200638,True,stable,7,8972,8
gradcam-748ee229e886cefe947f,population-2a9bc5280db4a65672a1bbcb,survface,survface:unknown_unknown_probe:distractors_23028,adaface-4df25b75e065b0b9ed43,pca,pca_384,pca_direct_cosine,0.05,False,frozen_origin,-0.24579519033432,True,False,False,True,True,0.0040781992902238,True,stable,8,8972,8
gradcam-3f9989ddabf19076496a,population-2a9bc5280db4a65672a1bbcb,survface,survface:unknown_unknown_probe:1346_cam1_1,adaface-4df25b75e065b0b9ed43,pca,pca_384,pca_direct_cosine,0.05,False,frozen_origin,0.0310989022254943,True,True,False,True,True,0.0124988286770481,True,threshold_crossing,1,8972,8
gradcam-3b8420c9e5577417aa07,population-2a9bc5280db4a65672a1bbcb,survface,survface:registered_probe:6985_cam3_2,adaface-4df25b75e065b0b9ed43,pca,pca_384,pca_direct_cosine,0.05,True,frozen_origin,-0.1640346646308899,True,True,False,True,True,0.0111852141097942,True,threshold_crossing,2,8972,8
gradcam-39a34ebc6d03b355834b,population-2a9bc5280db4a65672a1bbcb,survface,survface:registered_probe:9155_cam3_17,adaface-4df25b75e065b0b9ed43,pca,pca_384,pca_direct_cosine,0.05,True,frozen_origin,-0.0927399396896362,True,True,False,True,True,0.0109586061122329,True,threshold_crossing,3,8972,8
gradcam-e869e5fc25b5876c4814,population-2a9bc5280db4a65672a1bbcb,survface,survface:unknown_unknown_probe:10136_cam2_11,adaface-4df25b75e065b0b9ed43,pca,pca_384,pca_direct_cosine,0.05,False,frozen_origin,-0.0736699104309082,True,True,False,True,True,0.0105226737983022,True,threshold_crossing,4,8972,8
gradcam-0e4d6b6f694528dd49f4,population-2a9bc5280db4a65672a1bbcb,survface,survface:unknown_unknown_probe:8927_cam2_1,adaface-4df25b75e065b0b9ed43,pca,pca_384,pca_direct_cosine,0.05,False,frozen_origin,-0.1033353209495544,True,True,False,True,True,0.0104130731112123,True,threshold_crossing,5,8972,8
gradcam-5f0354e12c52b77dd3dc,population-2a9bc5280db4a65672a1bbcb,survface,survface:registered_probe:5409_cam2_11,adaface-4df25b75e065b0b9ed43,pca,pca_384,pca_direct_cosine,0.05,True,frozen_origin,-0.076692521572113,True,True,False,True,True,0.0103769611338076,True,threshold_crossing,6,8972,8
gradcam-bd2ef2c6fec1cb563d32,population-2a9bc5280db4a65672a1bbcb,survface,survface:unknown_unknown_probe:distractors_4051,adaface-4df25b75e065b0b9ed43,pca,pca_384,pca_direct_cosine,0.05,False,frozen_origin,-0.0820554494857788,True,True,False,True,True,0.0101757321825695,True,threshold_crossing,7,8972,8
gradcam-b8adb461d3e6e70f0c66,population-2a9bc5280db4a65672a1bbcb,survface,survface:unknown_unknown_probe:distractors_3902,adaface-4df25b75e065b0b9ed43,pca,pca_384,pca_direct_cosine,0.05,False,frozen_origin,-0.0770433545112609,True,True,False,True,True,0.0101450723226264,True,threshold_crossing,8,8972,8
gradcam-15bc24cd98d695b26ff0,population-2a9bc5280db4a65672a1bbcb,survface,survface:unknown_unknown_probe:9346_cam3_16,adaface-4df25b75e065b0b9ed43,pca,pca_384,pca_direct_cosine,0.1,False,frozen_origin,-0.0742431879043579,True,False,False,True,True,0.0205439806180543,True,high_error,1,8972,8
gradcam-a4bacbc7ed34644abce4,population-2a9bc5280db4a65672a1bbcb,survface,survface:registered_probe:9740_cam2_65,adaface-4df25b75e065b0b9ed43,pca,pca_384,pca_direct_cosine,0.1,True,frozen_origin,0.1276516914367675,True,False,False,True,True,0.0203059782195788,True,high_error,2,8972,8
gradcam-985657a25d6c2f582aa2,population-2a9bc5280db4a65672a1bbcb,survface,survface:unknown_unknown_probe:9388_cam3_130,adaface-4df25b75e065b0b9ed43,pca,pca_384,pca_direct_cosine,0.1,False,frozen_origin,0.1220438778400421,True,False,False,True,True,0.0201905268690806,True,high_error,3,8972,8
gradcam-270734cdf67f5207ff58,population-2a9bc5280db4a65672a1bbcb,survface,survface:unknown_unknown_probe:4443_cam2_3,adaface-4df25b75e065b0b9ed43,pca,pca_384,pca_direct_cosine,0.1,False,frozen_origin,0.1018588244915008,True,False,False,True,True,0.0197265532077849,True,high_error,4,8972,8
gradcam-b06dbbff1652d6ec7f74,population-2a9bc5280db4a65672a1bbcb,survface,survface:unknown_unknown_probe:9000_cam2_120,adaface-4df25b75e065b0b9ed43,pca,pca_384,pca_direct_cosine,0.1,False,frozen_origin,0.0847569108009338,True,False,False,True,True,0.0196806536759285,True,high_error,5,8972,8
gradcam-762ece025dd0e48e9b95,population-2a9bc5280db4a65672a1bbcb,survface,survface:registered_probe:2973_cam3_1,adaface-4df25b75e065b0b9ed43,pca,pca_384,pca_direct_cosine,0.1,True,frozen_origin,0.1910127401351928,True,False,False,True,True,0.0195725468224698,True,high_error,6,8972,8
gradcam-a824f95b520e4c49e68d,population-2a9bc5280db4a65672a1bbcb,survface,survface:unknown_unknown_probe:4443_cam2_5,adaface-4df25b75e065b0b9ed43,pca,pca_384,pca_direct_cosine,0.1,False,frozen_origin,0.1170739233493805,True,False,False,True,True,0.0194446067718189,True,high_error,7,8972,8
gradcam-8703638f7be3871caa48,population-2a9bc5280db4a65672a1bbcb,survface,survface:unknown_unknown_probe:distractors_4105,adaface-4df25b75e065b0b9ed43,pca,pca_384,pca_direct_cosine,0.1,False,frozen_origin,0.1200420558452606,True,False,False,True,True,0.0193786370806361,True,high_error,8,8972,8
gradcam-25244a4aff1a4bf55d00,population-2a9bc5280db4a65672a1bbcb,survface,survface:unknown_unknown_probe:9346_cam3_82,adaface-4df25b75e065b0b9ed43,pca,pca_384,pca_direct_cosine,0.1,False,frozen_origin,-0.0702070444822311,False,False,False,True,True,0.0223515976735269,True,rank_flip,1,8972,8
gradcam-1e6d2003b662c5f8bac5,population-2a9bc5280db4a65672a1bbcb,survface,survface:unknown_unknown_probe:10181_cam2_62,adaface-4df25b75e065b0b9ed43,pca,pca_384,pca_direct_cosine,0.1,False,frozen_origin,0.071556270122528,False,False,False,True,True,0.0210504468295704,True,rank_flip,2,8972,8
gradcam-a1987c512c66994f1893,population-2a9bc5280db4a65672a1bbcb,survface,survface:unknown_unknown_probe:10181_cam2_52,adaface-4df25b75e065b0b9ed43,pca,pca_384,pca_direct_cosine,0.1,False,frozen_origin,0.0880985260009765,False,False,False,True,True,0.0205056069718873,True,rank_flip,3,8972,8
gradcam-2c6397c72a908207ae52,population-2a9bc5280db4a65672a1bbcb,survface,survface:registered_probe:8647_cam1_243,adaface-4df25b75e065b0b9ed43,pca,pca_384,pca_direct_cosine,0.1,True,frozen_origin,-0.0635133981704711,False,False,False,True,True,0.0204173948297805,True,rank_flip,4,8972,8
gradcam-41253cf2444bbfedb70f,population-2a9bc5280db4a65672a1bbcb,survface,survface:unknown_unknown_probe:9230_cam2_28,adaface-4df25b75e065b0b9ed43,pca,pca_384,pca_direct_cosine,0.1,False,frozen_origin,0.0803815722465515,False,False,False,True,True,0.0197647304822911,True,rank_flip,5,8972,8
gradcam-a3b883dbca2031b39b6e,population-2a9bc5280db4a65672a1bbcb,survface,survface:unknown_unknown_probe:5306_42,adaface-4df25b75e065b0b9ed43,pca,pca_384,pca_direct_cosine,0.1,False,frozen_origin,0.0080456137657165,False,False,False,True,True,0.0197574482529966,True,rank_flip,6,8972,8
gradcam-970d2fe2ab836f3c3be7,population-2a9bc5280db4a65672a1bbcb,survface,survface:unknown_unknown_probe:9346_cam3_125,adaface-4df25b75e065b0b9ed43,pca,pca_384,pca_direct_cosine,0.1,False,frozen_origin,0.0137960016727447,False,False,False,True,True,0.0197506522369498,True,rank_flip,7,8972,8
gradcam-c94e23701e776566f06f,population-2a9bc5280db4a65672a1bbcb,survface,survface:unknown_unknown_probe:9346_cam3_87,adaface-4df25b75e065b0b9ed43,pca,pca_384,pca_direct_cosine,0.1,False,frozen_origin,-0.0227348804473876,False,False,False,True,True,0.0195813299835212,True,rank_flip,8,8972,8
gradcam-bd00d8ba219117febf15,population-2a9bc5280db4a65672a1bbcb,survface,survface:unknown_unknown_probe:5754_cam1_66,adaface-4df25b75e065b0b9ed43,pca,pca_384,pca_direct_cosine,0.1,False,frozen_origin,-0.226623922586441,True,False,False,True,True,0.0039517507244196,True,stable,1,8972,8
gradcam-e15fbfeb71ae2c378f13,population-2a9bc5280db4a65672a1bbcb,survface,survface:unknown_unknown_probe:8801_cam2_9,adaface-4df25b75e065b0b9ed43,pca,pca_384,pca_direct_cosine,0.1,False,frozen_origin,-0.1263362169265747,True,False,False,True,True,0.0040292672330041,True,stable,2,8972,8
gradcam-d6ce46f717338e1b0901,population-2a9bc5280db4a65672a1bbcb,survface,survface:registered_probe:5647_cam1_240,adaface-4df25b75e065b0b9ed43,pca,pca_384,pca_direct_cosine,0.1,True,frozen_origin,-0.1307146549224853,True,False,False,True,True,0.0040357138979988,True,stable,3,8972,8
gradcam-71cb025858c5dc196c94,population-2a9bc5280db4a65672a1bbcb,survface,survface:unknown_unknown_probe:5818_cam2_49,adaface-4df25b75e065b0b9ed43,pca,pca_384,pca_direct_cosine,0.1,False,frozen_origin,-0.2352938055992126,True,False,False,True,True,0.0040531316172754,True,stable,4,8972,8
gradcam-9ef2a6dbf5017d6f9cc6,population-2a9bc5280db4a65672a1bbcb,survface,survface:registered_probe:5788_cam2_96,adaface-4df25b75e065b0b9ed43,pca,pca_384,pca_direct_cosine,0.1,True,frozen_origin,-0.1730995774269104,True,False,False,True,True,0.004061623200638,True,stable,5,8972,8
gradcam-864be9f8bb765e8c0262,population-2a9bc5280db4a65672a1bbcb,survface,survface:unknown_unknown_probe:5840_cam1_12,adaface-4df25b75e065b0b9ed43,pca,pca_384,pca_direct_cosine,0.1,False,frozen_origin,-0.1861396431922912,True,False,False,True,True,0.0041040086761412,True,stable,6,8972,8
gradcam-ce1393ed2f781b30e539,population-2a9bc5280db4a65672a1bbcb,survface,survface:unknown_unknown_probe:10635_cam4_42,adaface-4df25b75e065b0b9ed43,pca,pca_384,pca_direct_cosine,0.1,False,frozen_origin,-0.2186799645423889,True,False,False,True,True,0.0041668015975154,True,stable,7,8972,8
gradcam-ded8b973e223905dc184,population-2a9bc5280db4a65672a1bbcb,survface,survface:registered_probe:5626_cam2_1,adaface-4df25b75e065b0b9ed43,pca,pca_384,pca_direct_cosine,0.1,True,frozen_origin,-0.2371894121170044,True,False,False,True,True,0.0041979801573191,True,stable,8,8972,8
gradcam-9213cf69f16b045b4902,population-2a9bc5280db4a65672a1bbcb,survface,survface:registered_probe:5244_23,adaface-4df25b75e065b0b9ed43,pca,pca_384,pca_direct_cosine,0.1,True,frozen_origin,0.019585907459259,True,True,False,True,True,0.0127708159055991,True,threshold_crossing,1,8972,8
gradcam-ffef6f4cd242a22a1397,population-2a9bc5280db4a65672a1bbcb,survface,survface:unknown_unknown_probe:9685_cam3_101,adaface-4df25b75e065b0b9ed43,pca,pca_384,pca_direct_cosine,0.1,False,frozen_origin,-0.1385428309440612,True,True,False,True,True,0.0119404470317727,True,threshold_crossing,2,8972,8
gradcam-3f182ac399e964fb3fa5,population-2a9bc5280db4a65672a1bbcb,survface,survface:registered_probe:6985_cam3_2,adaface-4df25b75e065b0b9ed43,pca,pca_384,pca_direct_cosine,0.1,True,frozen_origin,-0.1640346646308899,True,True,False,True,True,0.0111852141097942,True,threshold_crossing,3,8972,8
gradcam-623e223539dcf244e50e,population-2a9bc5280db4a65672a1bbcb,survface,survface:unknown_unknown_probe:8789_cam2_38,adaface-4df25b75e065b0b9ed43,pca,pca_384,pca_direct_cosine,0.1,False,frozen_origin,-0.2284764051437378,True,True,False,True,True,0.0111574497273055,True,threshold_crossing,4,8972,8
gradcam-d69285d0b796bdff4d59,population-2a9bc5280db4a65672a1bbcb,survface,survface:unknown_unknown_probe:5364_cam6_14,adaface-4df25b75e065b0b9ed43,pca,pca_384,pca_direct_cosine,0.1,False,frozen_origin,-0.1083503365516662,True,True,False,True,True,0.011028886757488,True,threshold_crossing,5,8972,8
gradcam-ab834def6ddacf0d9761,population-2a9bc5280db4a65672a1bbcb,survface,survface:registered_probe:9155_cam3_17,adaface-4df25b75e065b0b9ed43,pca,pca_384,pca_direct_cosine,0.1,True,frozen_origin,-0.0927399396896362,True,True,False,True,True,0.0109586061122329,True,threshold_crossing,6,8972,8
gradcam-a41a4b016e204e14912d,population-2a9bc5280db4a65672a1bbcb,survface,survface:unknown_unknown_probe:distractors_16066,adaface-4df25b75e065b0b9ed43,pca,pca_384,pca_direct_cosine,0.1,False,frozen_origin,-0.1784486174583435,True,True,False,True,True,0.0107214577210751,True,threshold_crossing,7,8972,8
gradcam-dbc8e667a0cdc1cbcd28,population-2a9bc5280db4a65672a1bbcb,survface,survface:unknown_unknown_probe:5539_cam2_6,adaface-4df25b75e065b0b9ed43,pca,pca_384,pca_direct_cosine,0.1,False,frozen_origin,-0.1315392255783081,True,True,False,True,True,0.0106205102274111,True,threshold_crossing,8,8972,8
gradcam-6e299c9b83e6e9cb680d,population-2a9bc5280db4a65672a1bbcb,survface,survface:unknown_unknown_probe:9346_cam3_16,adaface-4df25b75e065b0b9ed43,pca,pca_384,pca_direct_cosine,0.2,False,frozen_origin,-0.0742431879043579,True,False,False,True,True,0.0205439806180543,True,high_error,1,8972,8
gradcam-a596c32a0b0988ff7813,population-2a9bc5280db4a65672a1bbcb,survface,survface:registered_probe:9740_cam2_65,adaface-4df25b75e065b0b9ed43,pca,pca_384,pca_direct_cosine,0.2,True,frozen_origin,0.1276516914367675,True,False,False,True,True,0.0203059782195788,True,high_error,2,8972,8
gradcam-4d46c4d8636cfa5989cb,population-2a9bc5280db4a65672a1bbcb,survface,survface:unknown_unknown_probe:9388_cam3_130,adaface-4df25b75e065b0b9ed43,pca,pca_384,pca_direct_cosine,0.2,False,frozen_origin,0.1220438778400421,True,False,False,True,True,0.0201905268690806,True,high_error,3,8972,8
gradcam-0d85521bbaf620d4022c,population-2a9bc5280db4a65672a1bbcb,survface,survface:unknown_unknown_probe:4443_cam2_3,adaface-4df25b75e065b0b9ed43,pca,pca_384,pca_direct_cosine,0.2,False,frozen_origin,0.1018588244915008,True,False,False,True,True,0.0197265532077849,True,high_error,4,8972,8
gradcam-a0b8afe494dbfa4bb913,population-2a9bc5280db4a65672a1bbcb,survface,survface:unknown_unknown_probe:9000_cam2_120,adaface-4df25b75e065b0b9ed43,pca,pca_384,pca_direct_cosine,0.2,False,frozen_origin,0.0847569108009338,True,False,False,True,True,0.0196806536759285,True,high_error,5,8972,8
gradcam-afef00d4204187e63ad7,population-2a9bc5280db4a65672a1bbcb,survface,survface:registered_probe:2973_cam3_1,adaface-4df25b75e065b0b9ed43,pca,pca_384,pca_direct_cosine,0.2,True,frozen_origin,0.1910127401351928,True,False,False,True,True,0.0195725468224698,True,high_error,6,8972,8
gradcam-527f2928b662d306abbb,population-2a9bc5280db4a65672a1bbcb,survface,survface:unknown_unknown_probe:4443_cam2_5,adaface-4df25b75e065b0b9ed43,pca,pca_384,pca_direct_cosine,0.2,False,frozen_origin,0.1170739233493805,True,False,False,True,True,0.0194446067718189,True,high_error,7,8972,8
gradcam-35db8b2b98d1cd2696c8,population-2a9bc5280db4a65672a1bbcb,survface,survface:unknown_unknown_probe:distractors_4105,adaface-4df25b75e065b0b9ed43,pca,pca_384,pca_direct_cosine,0.2,False,frozen_origin,0.1200420558452606,True,False,False,True,True,0.0193786370806361,True,high_error,8,8972,8
gradcam-5c8d02559489083acc57,population-2a9bc5280db4a65672a1bbcb,survface,survface:unknown_unknown_probe:9346_cam3_82,adaface-4df25b75e065b0b9ed43,pca,pca_384,pca_direct_cosine,0.2,False,frozen_origin,-0.0702070444822311,False,False,False,True,True,0.0223515976735269,True,rank_flip,1,8972,8
gradcam-9972e56a2eb61114b231,population-2a9bc5280db4a65672a1bbcb,survface,survface:unknown_unknown_probe:10181_cam2_62,adaface-4df25b75e065b0b9ed43,pca,pca_384,pca_direct_cosine,0.2,False,frozen_origin,0.071556270122528,False,False,False,True,True,0.0210504468295704,True,rank_flip,2,8972,8
gradcam-7cde672a9ce2b47e559f,population-2a9bc5280db4a65672a1bbcb,survface,survface:unknown_unknown_probe:10181_cam2_52,adaface-4df25b75e065b0b9ed43,pca,pca_384,pca_direct_cosine,0.2,False,frozen_origin,0.0880985260009765,False,False,False,True,True,0.0205056069718873,True,rank_flip,3,8972,8
gradcam-783d409f6a669ea1812d,population-2a9bc5280db4a65672a1bbcb,survface,survface:registered_probe:8647_cam1_243,adaface-4df25b75e065b0b9ed43,pca,pca_384,pca_direct_cosine,0.2,True,frozen_origin,-0.0635133981704711,False,False,False,True,True,0.0204173948297805,True,rank_flip,4,8972,8
gradcam-d62c9a4794dc0951e391,population-2a9bc5280db4a65672a1bbcb,survface,survface:unknown_unknown_probe:9230_cam2_28,adaface-4df25b75e065b0b9ed43,pca,pca_384,pca_direct_cosine,0.2,False,frozen_origin,0.0803815722465515,False,False,False,True,True,0.0197647304822911,True,rank_flip,5,8972,8
gradcam-9b4bcef4054a935d7172,population-2a9bc5280db4a65672a1bbcb,survface,survface:unknown_unknown_probe:5306_42,adaface-4df25b75e065b0b9ed43,pca,pca_384,pca_direct_cosine,0.2,False,frozen_origin,0.0080456137657165,False,False,False,True,True,0.0197574482529966,True,rank_flip,6,8972,8
gradcam-6a9d12505f8be2333123,population-2a9bc5280db4a65672a1bbcb,survface,survface:unknown_unknown_probe:9346_cam3_125,adaface-4df25b75e065b0b9ed43,pca,pca_384,pca_direct_cosine,0.2,False,frozen_origin,0.0137960016727447,False,False,False,True,True,0.0197506522369498,True,rank_flip,7,8972,8
gradcam-af5652ab32c6775081f4,population-2a9bc5280db4a65672a1bbcb,survface,survface:unknown_unknown_probe:9346_cam3_87,adaface-4df25b75e065b0b9ed43,pca,pca_384,pca_direct_cosine,0.2,False,frozen_origin,-0.0227348804473876,False,False,False,True,True,0.0195813299835212,True,rank_flip,8,8972,8
gradcam-3b09c3b87a0f013adb4f,population-2a9bc5280db4a65672a1bbcb,survface,survface:unknown_unknown_probe:5754_cam1_66,adaface-4df25b75e065b0b9ed43,pca,pca_384,pca_direct_cosine,0.2,False,frozen_origin,-0.226623922586441,True,False,False,True,True,0.0039517507244196,True,stable,1,8972,8
gradcam-ac26992eb409eceac180,population-2a9bc5280db4a65672a1bbcb,survface,survface:registered_probe:5647_cam1_240,adaface-4df25b75e065b0b9ed43,pca,pca_384,pca_direct_cosine,0.2,True,frozen_origin,-0.1307146549224853,True,False,False,True,True,0.0040357138979988,True,stable,2,8972,8
gradcam-4a1c765a6a55bc39582a,population-2a9bc5280db4a65672a1bbcb,survface,survface:registered_probe:5716_cam2_36,adaface-4df25b75e065b0b9ed43,pca,pca_384,pca_direct_cosine,0.2,True,frozen_origin,-0.1441638469696045,True,False,False,True,True,0.0040924335595793,True,stable,3,8972,8
gradcam-7663534bf64bed370546,population-2a9bc5280db4a65672a1bbcb,survface,survface:unknown_unknown_probe:5762_cam1_116,adaface-4df25b75e065b0b9ed43,pca,pca_384,pca_direct_cosine,0.2,False,frozen_origin,-0.129206120967865,True,False,False,True,True,0.0041308892480402,True,stable,4,8972,8
gradcam-46bcb2ec1b8ac3fdc845,population-2a9bc5280db4a65672a1bbcb,survface,survface:registered_probe:5788_cam2_126,adaface-4df25b75e065b0b9ed43,pca,pca_384,pca_direct_cosine,0.2,True,frozen_origin,-0.1124340891838073,True,False,False,True,True,0.004230872214379,True,stable,5,8972,8
gradcam-129abeeb1f420a8a2795,population-2a9bc5280db4a65672a1bbcb,survface,survface:unknown_unknown_probe:10196_cam1_2,adaface-4df25b75e065b0b9ed43,pca,pca_384,pca_direct_cosine,0.2,False,frozen_origin,-0.1506164669990539,True,False,False,True,True,0.0042553955048579,True,stable,6,8972,8
gradcam-0f6fb6169b92c9562b62,population-2a9bc5280db4a65672a1bbcb,survface,survface:registered_probe:5808_cam1_107,adaface-4df25b75e065b0b9ed43,pca,pca_384,pca_direct_cosine,0.2,True,frozen_origin,-0.2887829542160034,True,False,False,True,True,0.0042779924645967,True,stable,7,8972,8
gradcam-78b8f5c1cbf17d972722,population-2a9bc5280db4a65672a1bbcb,survface,survface:unknown_unknown_probe:10007_cam1_12,adaface-4df25b75e065b0b9ed43,pca,pca_384,pca_direct_cosine,0.2,False,frozen_origin,-0.2463783621788025,True,False,False,True,True,0.004288660379724,True,stable,8,8972,8
gradcam-92690096739161438a7a,population-2a9bc5280db4a65672a1bbcb,survface,survface:unknown_unknown_probe:5754_cam1_25,adaface-4df25b75e065b0b9ed43,pca,pca_384,pca_direct_cosine,0.2,False,frozen_origin,-0.1601608395576477,False,True,False,True,True,0.0141784336335466,True,threshold_crossing,1,8972,8
gradcam-b83c92b479a98f48aaa4,population-2a9bc5280db4a65672a1bbcb,survface,survface:unknown_unknown_probe:distractors_3013,adaface-4df25b75e065b0b9ed43,pca,pca_384,pca_direct_cosine,0.2,False,frozen_origin,0.0341747999191284,True,True,False,True,True,0.0133703298106265,True,threshold_crossing,2,8972,8
gradcam-c2ba0476013b897ac39a,population-2a9bc5280db4a65672a1bbcb,survface,survface:registered_probe:262_cam1_1,adaface-4df25b75e065b0b9ed43,pca,pca_384,pca_direct_cosine,0.2,True,frozen_origin,0.0614604353904724,True,True,False,True,True,0.0122548547498956,True,threshold_crossing,3,8972,8
gradcam-26705ca15827454fd089,population-2a9bc5280db4a65672a1bbcb,survface,survface:unknown_unknown_probe:9506_cam3_7,adaface-4df25b75e065b0b9ed43,pca,pca_384,pca_direct_cosine,0.2,False,frozen_origin,0.024753451347351,True,True,False,True,True,0.0120223169698891,True,threshold_crossing,4,8972,8
gradcam-394d0797d373d175268b,population-2a9bc5280db4a65672a1bbcb,survface,survface:unknown_unknown_probe:distractors_26321,adaface-4df25b75e065b0b9ed43,pca,pca_384,pca_direct_cosine,0.2,False,frozen_origin,-0.2439129054546356,False,True,False,True,True,0.0119516730995307,True,threshold_crossing,5,8972,8
gradcam-f8d2117b4c45eb1ae806,population-2a9bc5280db4a65672a1bbcb,survface,survface:unknown_unknown_probe:9685_cam3_101,adaface-4df25b75e065b0b9ed43,pca,pca_384,pca_direct_cosine,0.2,False,frozen_origin,-0.1385428309440612,True,True,False,True,True,0.0119404470317727,True,threshold_crossing,6,8972,8
gradcam-7e6d3dbf921dee66ea21,population-2a9bc5280db4a65672a1bbcb,survface,survface:unknown_unknown_probe:5005_cam1_3,adaface-4df25b75e065b0b9ed43,pca,pca_384,pca_direct_cosine,0.2,False,frozen_origin,-0.029550552368164,False,True,False,True,True,0.0119130110193705,True,threshold_crossing,7,8972,8
gradcam-31b3f772c70cb9f46baa,population-2a9bc5280db4a65672a1bbcb,survface,survface:unknown_unknown_probe:8373_cam1_16,adaface-4df25b75e065b0b9ed43,pca,pca_384,pca_direct_cosine,0.2,False,frozen_origin,-0.2095040082931518,False,True,False,True,True,0.0118101289656486,True,threshold_crossing,8,8972,8
gradcam-4616ea8fa4ce9f0d6da6,population-2a9bc5280db4a65672a1bbcb,survface,survface:unknown_unknown_probe:9346_cam3_16,adaface-4df25b75e065b0b9ed43,pca,pca_384,pca_direct_cosine,0.3,False,frozen_origin,-0.0742431879043579,True,False,False,True,True,0.0205439806180543,True,high_error,1,8972,8
gradcam-367933b0eb61f888bb6e,population-2a9bc5280db4a65672a1bbcb,survface,survface:registered_probe:9740_cam2_65,adaface-4df25b75e065b0b9ed43,pca,pca_384,pca_direct_cosine,0.3,True,frozen_origin,0.1276516914367675,True,False,False,True,True,0.0203059782195788,True,high_error,2,8972,8
gradcam-025bff683b2b1966d469,population-2a9bc5280db4a65672a1bbcb,survface,survface:unknown_unknown_probe:9388_cam3_130,adaface-4df25b75e065b0b9ed43,pca,pca_384,pca_direct_cosine,0.3,False,frozen_origin,0.1220438778400421,True,False,False,True,True,0.0201905268690806,True,high_error,3,8972,8
gradcam-19ccef70ef4d50531066,population-2a9bc5280db4a65672a1bbcb,survface,survface:unknown_unknown_probe:4443_cam2_3,adaface-4df25b75e065b0b9ed43,pca,pca_384,pca_direct_cosine,0.3,False,frozen_origin,0.1018588244915008,True,False,False,True,True,0.0197265532077849,True,high_error,4,8972,8
gradcam-ac6d1f6312bb41fa637e,population-2a9bc5280db4a65672a1bbcb,survface,survface:unknown_unknown_probe:9000_cam2_120,adaface-4df25b75e065b0b9ed43,pca,pca_384,pca_direct_cosine,0.3,False,frozen_origin,0.0847569108009338,True,False,False,True,True,0.0196806536759285,True,high_error,5,8972,8
gradcam-959e668dc191b13d5dd5,population-2a9bc5280db4a65672a1bbcb,survface,survface:registered_probe:2973_cam3_1,adaface-4df25b75e065b0b9ed43,pca,pca_384,pca_direct_cosine,0.3,True,frozen_origin,0.1910127401351928,True,False,False,True,True,0.0195725468224698,True,high_error,6,8972,8
gradcam-53294cb79c156335fbf3,population-2a9bc5280db4a65672a1bbcb,survface,survface:unknown_unknown_probe:4443_cam2_5,adaface-4df25b75e065b0b9ed43,pca,pca_384,pca_direct_cosine,0.3,False,frozen_origin,0.1170739233493805,True,False,False,True,True,0.0194446067718189,True,high_error,7,8972,8
gradcam-85b041e93f030df97c58,population-2a9bc5280db4a65672a1bbcb,survface,survface:unknown_unknown_probe:distractors_4105,adaface-4df25b75e065b0b9ed43,pca,pca_384,pca_direct_cosine,0.3,False,frozen_origin,0.1200420558452606,True,False,False,True,True,0.0193786370806361,True,high_error,8,8972,8
gradcam-d4efb833d8d47048fe29,population-2a9bc5280db4a65672a1bbcb,survface,survface:unknown_unknown_probe:9346_cam3_82,adaface-4df25b75e065b0b9ed43,pca,pca_384,pca_direct_cosine,0.3,False,frozen_origin,-0.0702070444822311,False,False,False,True,True,0.0223515976735269,True,rank_flip,1,8972,8
gradcam-1f1bc45cf753fdcea37c,population-2a9bc5280db4a65672a1bbcb,survface,survface:unknown_unknown_probe:10181_cam2_62,adaface-4df25b75e065b0b9ed43,pca,pca_384,pca_direct_cosine,0.3,False,frozen_origin,0.071556270122528,False,False,False,True,True,0.0210504468295704,True,rank_flip,2,8972,8
gradcam-f3b70504641a90c3be47,population-2a9bc5280db4a65672a1bbcb,survface,survface:unknown_unknown_probe:10181_cam2_52,adaface-4df25b75e065b0b9ed43,pca,pca_384,pca_direct_cosine,0.3,False,frozen_origin,0.0880985260009765,False,False,False,True,True,0.0205056069718873,True,rank_flip,3,8972,8
gradcam-86a6be486c3cd112ffe9,population-2a9bc5280db4a65672a1bbcb,survface,survface:registered_probe:8647_cam1_243,adaface-4df25b75e065b0b9ed43,pca,pca_384,pca_direct_cosine,0.3,True,frozen_origin,-0.0635133981704711,False,False,False,True,True,0.0204173948297805,True,rank_flip,4,8972,8
gradcam-ba7cb21cde811e48f52c,population-2a9bc5280db4a65672a1bbcb,survface,survface:unknown_unknown_probe:9230_cam2_28,adaface-4df25b75e065b0b9ed43,pca,pca_384,pca_direct_cosine,0.3,False,frozen_origin,0.0803815722465515,False,False,False,True,True,0.0197647304822911,True,rank_flip,5,8972,8
gradcam-4620241711a7f0b64157,population-2a9bc5280db4a65672a1bbcb,survface,survface:unknown_unknown_probe:5306_42,adaface-4df25b75e065b0b9ed43,pca,pca_384,pca_direct_cosine,0.3,False,frozen_origin,0.0080456137657165,False,False,False,True,True,0.0197574482529966,True,rank_flip,6,8972,8
gradcam-433a9d21d05ecf44f107,population-2a9bc5280db4a65672a1bbcb,survface,survface:unknown_unknown_probe:9346_cam3_125,adaface-4df25b75e065b0b9ed43,pca,pca_384,pca_direct_cosine,0.3,False,frozen_origin,0.0137960016727447,False,False,False,True,True,0.0197506522369498,True,rank_flip,7,8972,8
gradcam-7b259e70fcdffbeffcb0,population-2a9bc5280db4a65672a1bbcb,survface,survface:unknown_unknown_probe:9346_cam3_87,adaface-4df25b75e065b0b9ed43,pca,pca_384,pca_direct_cosine,0.3,False,frozen_origin,-0.0227348804473876,False,False,False,True,True,0.0195813299835212,True,rank_flip,8,8972,8
gradcam-71385ec41723b4d12206,population-2a9bc5280db4a65672a1bbcb,survface,survface:unknown_unknown_probe:5783_cam1_98,adaface-4df25b75e065b0b9ed43,pca,pca_384,pca_direct_cosine,0.3,False,frozen_origin,-0.150747001171112,True,False,False,True,True,0.0036635873690115,True,stable,1,8972,8
gradcam-79bd96658fc31b61605d,population-2a9bc5280db4a65672a1bbcb,survface,survface:registered_probe:5647_cam1_113,adaface-4df25b75e065b0b9ed43,pca,pca_384,pca_direct_cosine,0.3,True,frozen_origin,-0.1651499271392822,True,False,False,True,True,0.0039039737226478,True,stable,2,8972,8
gradcam-3029d0591fd56a74d092,population-2a9bc5280db4a65672a1bbcb,survface,survface:unknown_unknown_probe:5783_cam1_1,adaface-4df25b75e065b0b9ed43,pca,pca_384,pca_direct_cosine,0.3,False,frozen_origin,-0.1321754455566406,True,False,False,True,True,0.0039754219291321,True,stable,3,8972,8
gradcam-ad99361503dd61aeba79,population-2a9bc5280db4a65672a1bbcb,survface,survface:unknown_unknown_probe:5854_cam1_11,adaface-4df25b75e065b0b9ed43,pca,pca_384,pca_direct_cosine,0.3,False,frozen_origin,-0.1608546376228332,True,False,False,True,True,0.0040011639125689,True,stable,4,8972,8
gradcam-9bb5967c7a86de1f7a5b,population-2a9bc5280db4a65672a1bbcb,survface,survface:registered_probe:5821_cam1_108,adaface-4df25b75e065b0b9ed43,pca,pca_384,pca_direct_cosine,0.3,True,frozen_origin,-0.1628672480583191,True,False,False,True,True,0.004020792810626,True,stable,5,8972,8
gradcam-eee244f056d82f045f0d,population-2a9bc5280db4a65672a1bbcb,survface,survface:registered_probe:5647_cam1_240,adaface-4df25b75e065b0b9ed43,pca,pca_384,pca_direct_cosine,0.3,True,frozen_origin,-0.1307146549224853,True,False,False,True,True,0.0040357138979988,True,stable,6,8972,8
gradcam-6947b94289816853b2d4,population-2a9bc5280db4a65672a1bbcb,survface,survface:registered_probe:5716_cam2_36,adaface-4df25b75e065b0b9ed43,pca,pca_384,pca_direct_cosine,0.3,True,frozen_origin,-0.1441638469696045,True,False,False,True,True,0.0040924335595793,True,stable,7,8972,8
gradcam-90318d6d94275209cf2e,population-2a9bc5280db4a65672a1bbcb,survface,survface:unknown_unknown_probe:5762_cam1_116,adaface-4df25b75e065b0b9ed43,pca,pca_384,pca_direct_cosine,0.3,False,frozen_origin,-0.129206120967865,True,False,False,True,True,0.0041308892480402,True,stable,8,8972,8
gradcam-fd52baaec651487b116e,population-2a9bc5280db4a65672a1bbcb,survface,survface:registered_probe:844_cam2_1,adaface-4df25b75e065b0b9ed43,pca,pca_384,pca_direct_cosine,0.3,True,frozen_origin,0.0606077909469604,True,True,False,True,True,0.016158920094474,True,threshold_crossing,1,8972,8
gradcam-16b2ed9d25421eac08d4,population-2a9bc5280db4a65672a1bbcb,survface,survface:unknown_unknown_probe:5754_cam1_25,adaface-4df25b75e065b0b9ed43,pca,pca_384,pca_direct_cosine,0.3,False,frozen_origin,-0.1601608395576477,False,True,False,True,True,0.0141784336335466,True,threshold_crossing,2,8972,8
gradcam-a33cfaa3e2fcbbb12397,population-2a9bc5280db4a65672a1bbcb,survface,survface:unknown_unknown_probe:distractors_4850,adaface-4df25b75e065b0b9ed43,pca,pca_384,pca_direct_cosine,0.3,False,frozen_origin,0.0333523750305175,True,True,False,True,True,0.0130231397164775,True,threshold_crossing,3,8972,8
gradcam-5a8f3fec8760a57d47c0,population-2a9bc5280db4a65672a1bbcb,survface,survface:unknown_unknown_probe:distractors_10088,adaface-4df25b75e065b0b9ed43,pca,pca_384,pca_direct_cosine,0.3,False,frozen_origin,-0.134248673915863,True,True,False,True,True,0.0129365027836051,True,threshold_crossing,4,8972,8
gradcam-31d61f62915a8c22bb1e,population-2a9bc5280db4a65672a1bbcb,survface,survface:unknown_unknown_probe:distractors_9701,adaface-4df25b75e065b0b9ed43,pca,pca_384,pca_direct_cosine,0.3,False,frozen_origin,-0.109834611415863,True,True,False,True,True,0.0127528428624538,True,threshold_crossing,5,8972,8
gradcam-ba3ab99fafc613b90ffd,population-2a9bc5280db4a65672a1bbcb,survface,survface:registered_probe:5244_18,adaface-4df25b75e065b0b9ed43,pca,pca_384,pca_direct_cosine,0.3,True,frozen_origin,0.0223723053932189,True,True,False,True,True,0.0126896029477998,True,threshold_crossing,6,8972,8
gradcam-f90cd4c92a43d117c391,population-2a9bc5280db4a65672a1bbcb,survface,survface:unknown_unknown_probe:8427_cam1_30,adaface-4df25b75e065b0b9ed43,pca,pca_384,pca_direct_cosine,0.3,False,frozen_origin,-0.1936506032943725,False,True,False,True,True,0.0125107265024837,True,threshold_crossing,7,8972,8
gradcam-228e5d2606a858f0ed0c,population-2a9bc5280db4a65672a1bbcb,survface,survface:registered_probe:262_cam1_1,adaface-4df25b75e065b0b9ed43,pca,pca_384,pca_direct_cosine,0.3,True,frozen_origin,0.0614604353904724,True,True,False,True,True,0.0122548547498956,True,threshold_crossing,8,8972,8
gradcam-bc5718ced549ed31cb4d,population-2a9bc5280db4a65672a1bbcb,survface,survface:unknown_unknown_probe:9346_cam3_82,adaface-4df25b75e065b0b9ed43,pca,pca_384,pca_reconstruction_cosine,0.01,False,frozen_origin,4.738569259643555e-05,True,False,False,True,True,0.0223515976735269,True,high_error,1,8972,8
gradcam-59fd87c51b311656b4d8,population-2a9bc5280db4a65672a1bbcb,survface,survface:unknown_unknown_probe:10181_cam2_62,adaface-4df25b75e065b0b9ed43,pca,pca_384,pca_reconstruction_cosine,0.01,False,frozen_origin,7.236003875732422e-05,True,False,False,True,True,0.0210504468295704,True,high_error,2,8972,8
gradcam-0c789c969b5086899e79,population-2a9bc5280db4a65672a1bbcb,survface,survface:unknown_unknown_probe:9346_cam3_16,adaface-4df25b75e065b0b9ed43,pca,pca_384,pca_reconstruction_cosine,0.01,False,frozen_origin,6.306171417236328e-05,True,False,False,True,True,0.0205439806180543,True,high_error,3,8972,8
gradcam-0adc23d15c6af0b81658,population-2a9bc5280db4a65672a1bbcb,survface,survface:unknown_unknown_probe:10181_cam2_52,adaface-4df25b75e065b0b9ed43,pca,pca_384,pca_reconstruction_cosine,0.01,False,frozen_origin,8.720159530639648e-05,True,False,False,True,True,0.0205056069718873,True,high_error,4,8972,8
gradcam-d5e9b382d109b5c58c96,population-2a9bc5280db4a65672a1bbcb,survface,survface:registered_probe:8647_cam1_243,adaface-4df25b75e065b0b9ed43,pca,pca_384,pca_reconstruction_cosine,0.01,True,frozen_origin,9.179115295410156e-05,True,False,False,True,True,0.0204173948297805,True,high_error,5,8972,8
gradcam-5190e50efb041008b747,population-2a9bc5280db4a65672a1bbcb,survface,survface:registered_probe:9740_cam2_65,adaface-4df25b75e065b0b9ed43,pca,pca_384,pca_reconstruction_cosine,0.01,True,frozen_origin,6.619095802307129e-05,True,False,False,True,True,0.0203059782195788,True,high_error,6,8972,8
gradcam-af1d9405129b0c7753b0,population-2a9bc5280db4a65672a1bbcb,survface,survface:unknown_unknown_probe:9388_cam3_130,adaface-4df25b75e065b0b9ed43,pca,pca_384,pca_reconstruction_cosine,0.01,False,frozen_origin,-4.482269287109375e-05,True,False,False,True,True,0.0201905268690806,True,high_error,7,8972,8
gradcam-b25f2819d0582aa00266,population-2a9bc5280db4a65672a1bbcb,survface,survface:unknown_unknown_probe:9230_cam2_28,adaface-4df25b75e065b0b9ed43,pca,pca_384,pca_reconstruction_cosine,0.01,False,frozen_origin,3.719329833984375e-05,True,False,False,True,True,0.0197647304822911,True,high_error,8,8972,8
gradcam-499de54cd673068c97fb,population-2a9bc5280db4a65672a1bbcb,survface,survface:unknown_unknown_probe:9482_cam3_45,adaface-4df25b75e065b0b9ed43,pca,pca_384,pca_reconstruction_cosine,0.01,False,frozen_origin,7.37309455871582e-05,False,False,False,True,True,0.0174198689322618,True,rank_flip,1,8972,8
gradcam-7422c3e9c73fdddecf8f,population-2a9bc5280db4a65672a1bbcb,survface,survface:unknown_unknown_probe:distractors_2852,adaface-4df25b75e065b0b9ed43,pca,pca_384,pca_reconstruction_cosine,0.01,False,frozen_origin,3.841519355773926e-05,False,False,False,True,True,0.0161030632623752,True,rank_flip,2,8972,8
gradcam-c959f5b19adfb49d6f44,population-2a9bc5280db4a65672a1bbcb,survface,survface:unknown_unknown_probe:2098_cam2_1,adaface-4df25b75e065b0b9ed43,pca,pca_384,pca_reconstruction_cosine,0.01,False,frozen_origin,4.2319297790527344e-05,False,False,False,True,True,0.0136401272930144,True,rank_flip,3,8972,8
gradcam-a1ba91b7cb67395ffc70,population-2a9bc5280db4a65672a1bbcb,survface,survface:registered_probe:2188_cam1_1,adaface-4df25b75e065b0b9ed43,pca,pca_384,pca_reconstruction_cosine,0.01,True,frozen_origin,2.8580427169799805e-05,False,False,False,True,True,0.0132405719611032,True,rank_flip,4,8972,8
gradcam-8c2ca38078554e79e0ff,population-2a9bc5280db4a65672a1bbcb,survface,survface:unknown_unknown_probe:9519_cam3_116,adaface-4df25b75e065b0b9ed43,pca,pca_384,pca_reconstruction_cosine,0.01,False,frozen_origin,1.728534698486328e-05,False,False,False,True,True,0.0120440730745529,True,rank_flip,5,8972,8
gradcam-320b1142805d8c660ea2,population-2a9bc5280db4a65672a1bbcb,survface,survface:unknown_unknown_probe:9274_cam2_61,adaface-4df25b75e065b0b9ed43,pca,pca_384,pca_reconstruction_cosine,0.01,False,frozen_origin,9.328126907348633e-06,False,False,False,True,True,0.0116640376350234,True,rank_flip,6,8972,8
gradcam-7f67fdc71adfe00cf211,population-2a9bc5280db4a65672a1bbcb,survface,survface:unknown_unknown_probe:9235_cam4_38,adaface-4df25b75e065b0b9ed43,pca,pca_384,pca_reconstruction_cosine,0.01,False,frozen_origin,4.267692565917969e-05,False,False,False,True,True,0.0111816285991888,True,rank_flip,7,8972,8
gradcam-e18189e7f83912171d10,population-2a9bc5280db4a65672a1bbcb,survface,survface:unknown_unknown_probe:distractors_14252,adaface-4df25b75e065b0b9ed43,pca,pca_384,pca_reconstruction_cosine,0.01,False,frozen_origin,3.868341445922852e-05,False,False,False,True,True,0.0110129917932765,True,rank_flip,8,8972,8
gradcam-6016d2c0f7f55e0eeb3f,population-2a9bc5280db4a65672a1bbcb,survface,survface:unknown_unknown_probe:5624_cam1_63,adaface-4df25b75e065b0b9ed43,pca,pca_384,pca_reconstruction_cosine,0.01,False,frozen_origin,5.900859832763672e-06,True,False,False,True,True,0.0036002772306619,True,stable,1,8972,8
gradcam-aa7d5a9a7a175ea8c013,population-2a9bc5280db4a65672a1bbcb,survface,survface:unknown_unknown_probe:distractors_22989,adaface-4df25b75e065b0b9ed43,pca,pca_384,pca_reconstruction_cosine,0.01,False,frozen_origin,5.304813385009766e-06,True,False,False,True,True,0.0036398278097705,True,stable,2,8972,8
gradcam-d1a033e450a48f81ba1c,population-2a9bc5280db4a65672a1bbcb,survface,survface:unknown_unknown_probe:5783_cam1_98,adaface-4df25b75e065b0b9ed43,pca,pca_384,pca_reconstruction_cosine,0.01,False,frozen_origin,1.0848045349121094e-05,True,False,False,True,True,0.0036635873690115,True,stable,3,8972,8
gradcam-ef18cc5027085df46666,population-2a9bc5280db4a65672a1bbcb,survface,survface:registered_probe:5813_cam1_93,adaface-4df25b75e065b0b9ed43,pca,pca_384,pca_reconstruction_cosine,0.01,True,frozen_origin,8.64267349243164e-06,True,False,False,True,True,0.0036684886286244,True,stable,4,8972,8
gradcam-ed7c92d935bd564b1ec1,population-2a9bc5280db4a65672a1bbcb,survface,survface:unknown_unknown_probe:10290_cam1_72,adaface-4df25b75e065b0b9ed43,pca,pca_384,pca_reconstruction_cosine,0.01,False,frozen_origin,7.987022399902344e-06,True,False,False,True,True,0.0036833772955868,True,stable,5,8972,8
gradcam-a5969c69c3ee751529bd,population-2a9bc5280db4a65672a1bbcb,survface,survface:registered_probe:5718_cam2_14,adaface-4df25b75e065b0b9ed43,pca,pca_384,pca_reconstruction_cosine,0.01,True,frozen_origin,6.198883056640625e-06,True,False,False,True,True,0.003694748216764,True,stable,6,8972,8
gradcam-bfa755ca4d8692db9577,population-2a9bc5280db4a65672a1bbcb,survface,survface:unknown_unknown_probe:5737_cam1_52,adaface-4df25b75e065b0b9ed43,pca,pca_384,pca_reconstruction_cosine,0.01,False,frozen_origin,1.2814998626708984e-05,True,False,False,True,True,0.0037125261694984,True,stable,7,8972,8
gradcam-498e1dc87111e631cfd1,population-2a9bc5280db4a65672a1bbcb,survface,survface:registered_probe:5618_cam2_80,adaface-4df25b75e065b0b9ed43,pca,pca_384,pca_reconstruction_cosine,0.01,True,frozen_origin,8.165836334228516e-06,True,False,False,True,True,0.0037475005796252,True,stable,8,8972,8
gradcam-805302ee30cc87e87aaa,population-2a9bc5280db4a65672a1bbcb,survface,survface:unknown_unknown_probe:9346_cam3_82,adaface-4df25b75e065b0b9ed43,pca,pca_384,pca_reconstruction_cosine,0.05,False,frozen_origin,4.738569259643555e-05,True,False,False,True,True,0.0223515976735269,True,high_error,1,8972,8
gradcam-4300cf3b77989eddab77,population-2a9bc5280db4a65672a1bbcb,survface,survface:unknown_unknown_probe:10181_cam2_62,adaface-4df25b75e065b0b9ed43,pca,pca_384,pca_reconstruction_cosine,0.05,False,frozen_origin,7.236003875732422e-05,True,False,False,True,True,0.0210504468295704,True,high_error,2,8972,8
gradcam-dbdcced85dce20dd1594,population-2a9bc5280db4a65672a1bbcb,survface,survface:unknown_unknown_probe:9346_cam3_16,adaface-4df25b75e065b0b9ed43,pca,pca_384,pca_reconstruction_cosine,0.05,False,frozen_origin,6.306171417236328e-05,True,False,False,True,True,0.0205439806180543,True,high_error,3,8972,8
gradcam-7235363c2ea770a84355,population-2a9bc5280db4a65672a1bbcb,survface,survface:unknown_unknown_probe:10181_cam2_52,adaface-4df25b75e065b0b9ed43,pca,pca_384,pca_reconstruction_cosine,0.05,False,frozen_origin,8.720159530639648e-05,True,False,False,True,True,0.0205056069718873,True,high_error,4,8972,8
gradcam-8bcd8bf1e7a0fd6db251,population-2a9bc5280db4a65672a1bbcb,survface,survface:registered_probe:8647_cam1_243,adaface-4df25b75e065b0b9ed43,pca,pca_384,pca_reconstruction_cosine,0.05,True,frozen_origin,9.179115295410156e-05,True,False,False,True,True,0.0204173948297805,True,high_error,5,8972,8
gradcam-efa0f6b744981f7373b8,population-2a9bc5280db4a65672a1bbcb,survface,survface:registered_probe:9740_cam2_65,adaface-4df25b75e065b0b9ed43,pca,pca_384,pca_reconstruction_cosine,0.05,True,frozen_origin,6.619095802307129e-05,True,False,False,True,True,0.0203059782195788,True,high_error,6,8972,8
gradcam-281952f0364aef468c58,population-2a9bc5280db4a65672a1bbcb,survface,survface:unknown_unknown_probe:9388_cam3_130,adaface-4df25b75e065b0b9ed43,pca,pca_384,pca_reconstruction_cosine,0.05,False,frozen_origin,-4.482269287109375e-05,True,False,False,True,True,0.0201905268690806,True,high_error,7,8972,8
gradcam-5590729d4ff60b89ef93,population-2a9bc5280db4a65672a1bbcb,survface,survface:unknown_unknown_probe:9230_cam2_28,adaface-4df25b75e065b0b9ed43,pca,pca_384,pca_reconstruction_cosine,0.05,False,frozen_origin,3.719329833984375e-05,True,False,False,True,True,0.0197647304822911,True,high_error,8,8972,8
gradcam-b02f1d2b52752780a4f5,population-2a9bc5280db4a65672a1bbcb,survface,survface:unknown_unknown_probe:9482_cam3_45,adaface-4df25b75e065b0b9ed43,pca,pca_384,pca_reconstruction_cosine,0.05,False,frozen_origin,7.37309455871582e-05,False,False,False,True,True,0.0174198689322618,True,rank_flip,1,8972,8
gradcam-3dba3c56a8dcfe29cf8c,population-2a9bc5280db4a65672a1bbcb,survface,survface:unknown_unknown_probe:distractors_2852,adaface-4df25b75e065b0b9ed43,pca,pca_384,pca_reconstruction_cosine,0.05,False,frozen_origin,3.841519355773926e-05,False,False,False,True,True,0.0161030632623752,True,rank_flip,2,8972,8
gradcam-bd891c6d1bb2e6938b97,population-2a9bc5280db4a65672a1bbcb,survface,survface:unknown_unknown_probe:2098_cam2_1,adaface-4df25b75e065b0b9ed43,pca,pca_384,pca_reconstruction_cosine,0.05,False,frozen_origin,4.2319297790527344e-05,False,False,False,True,True,0.0136401272930144,True,rank_flip,3,8972,8
gradcam-8cd7dfe8fc9cd262db8a,population-2a9bc5280db4a65672a1bbcb,survface,survface:registered_probe:2188_cam1_1,adaface-4df25b75e065b0b9ed43,pca,pca_384,pca_reconstruction_cosine,0.05,True,frozen_origin,2.8580427169799805e-05,False,False,False,True,True,0.0132405719611032,True,rank_flip,4,8972,8
gradcam-047aec5dca23beb6721c,population-2a9bc5280db4a65672a1bbcb,survface,survface:unknown_unknown_probe:9519_cam3_116,adaface-4df25b75e065b0b9ed43,pca,pca_384,pca_reconstruction_cosine,0.05,False,frozen_origin,1.728534698486328e-05,False,False,False,True,True,0.0120440730745529,True,rank_flip,5,8972,8
gradcam-50b3caad5f89ee2c8782,population-2a9bc5280db4a65672a1bbcb,survface,survface:unknown_unknown_probe:9274_cam2_61,adaface-4df25b75e065b0b9ed43,pca,pca_384,pca_reconstruction_cosine,0.05,False,frozen_origin,9.328126907348633e-06,False,False,False,True,True,0.0116640376350234,True,rank_flip,6,8972,8
gradcam-a5da8806a0d87dc6e1c1,population-2a9bc5280db4a65672a1bbcb,survface,survface:unknown_unknown_probe:9235_cam4_38,adaface-4df25b75e065b0b9ed43,pca,pca_384,pca_reconstruction_cosine,0.05,False,frozen_origin,4.267692565917969e-05,False,False,False,True,True,0.0111816285991888,True,rank_flip,7,8972,8
gradcam-a96e773551235ac3f323,population-2a9bc5280db4a65672a1bbcb,survface,survface:unknown_unknown_probe:distractors_14252,adaface-4df25b75e065b0b9ed43,pca,pca_384,pca_reconstruction_cosine,0.05,False,frozen_origin,3.868341445922852e-05,False,False,False,True,True,0.0110129917932765,True,rank_flip,8,8972,8
gradcam-0417882cad53191a6cd5,population-2a9bc5280db4a65672a1bbcb,survface,survface:unknown_unknown_probe:5624_cam1_63,adaface-4df25b75e065b0b9ed43,pca,pca_384,pca_reconstruction_cosine,0.05,False,frozen_origin,5.900859832763672e-06,True,False,False,True,True,0.0036002772306619,True,stable,1,8972,8
gradcam-54fb2778395865c5335f,population-2a9bc5280db4a65672a1bbcb,survface,survface:unknown_unknown_probe:distractors_22989,adaface-4df25b75e065b0b9ed43,pca,pca_384,pca_reconstruction_cosine,0.05,False,frozen_origin,5.304813385009766e-06,True,False,False,True,True,0.0036398278097705,True,stable,2,8972,8
gradcam-14f28d85746c346dbe09,population-2a9bc5280db4a65672a1bbcb,survface,survface:unknown_unknown_probe:5783_cam1_98,adaface-4df25b75e065b0b9ed43,pca,pca_384,pca_reconstruction_cosine,0.05,False,frozen_origin,1.0848045349121094e-05,True,False,False,True,True,0.0036635873690115,True,stable,3,8972,8
gradcam-63e5bfbeb2f2493d9a7b,population-2a9bc5280db4a65672a1bbcb,survface,survface:registered_probe:5813_cam1_93,adaface-4df25b75e065b0b9ed43,pca,pca_384,pca_reconstruction_cosine,0.05,True,frozen_origin,8.64267349243164e-06,True,False,False,True,True,0.0036684886286244,True,stable,4,8972,8
gradcam-6dc3eeb58c2f6c38a81c,population-2a9bc5280db4a65672a1bbcb,survface,survface:unknown_unknown_probe:10290_cam1_72,adaface-4df25b75e065b0b9ed43,pca,pca_384,pca_reconstruction_cosine,0.05,False,frozen_origin,7.987022399902344e-06,True,False,False,True,True,0.0036833772955868,True,stable,5,8972,8
gradcam-2dd1a2ec48044ad1420d,population-2a9bc5280db4a65672a1bbcb,survface,survface:registered_probe:5718_cam2_14,adaface-4df25b75e065b0b9ed43,pca,pca_384,pca_reconstruction_cosine,0.05,True,frozen_origin,6.198883056640625e-06,True,False,False,True,True,0.003694748216764,True,stable,6,8972,8
gradcam-2aef1b2382df536adf65,population-2a9bc5280db4a65672a1bbcb,survface,survface:unknown_unknown_probe:5737_cam1_52,adaface-4df25b75e065b0b9ed43,pca,pca_384,pca_reconstruction_cosine,0.05,False,frozen_origin,1.2814998626708984e-05,True,False,False,True,True,0.0037125261694984,True,stable,7,8972,8
gradcam-a23c919d8f915fc9891e,population-2a9bc5280db4a65672a1bbcb,survface,survface:registered_probe:5618_cam2_80,adaface-4df25b75e065b0b9ed43,pca,pca_384,pca_reconstruction_cosine,0.05,True,frozen_origin,8.165836334228516e-06,True,False,False,True,True,0.0037475005796252,True,stable,8,8972,8
gradcam-f11fbee6445e0ee15ffe,population-2a9bc5280db4a65672a1bbcb,survface,survface:registered_probe:10525_cam2_13,adaface-4df25b75e065b0b9ed43,pca,pca_384,pca_reconstruction_cosine,0.05,True,frozen_origin,1.8894672393798828e-05,True,True,False,True,True,0.0059763069493292,True,threshold_crossing,1,8972,8
gradcam-f281ed2d51675d8b5a3e,population-2a9bc5280db4a65672a1bbcb,survface,survface:unknown_unknown_probe:9346_cam3_82,adaface-4df25b75e065b0b9ed43,pca,pca_384,pca_reconstruction_cosine,0.1,False,frozen_origin,4.738569259643555e-05,True,False,False,True,True,0.0223515976735269,True,high_error,1,8972,8
gradcam-cf0865b0627214235c01,population-2a9bc5280db4a65672a1bbcb,survface,survface:unknown_unknown_probe:10181_cam2_62,adaface-4df25b75e065b0b9ed43,pca,pca_384,pca_reconstruction_cosine,0.1,False,frozen_origin,7.236003875732422e-05,True,False,False,True,True,0.0210504468295704,True,high_error,2,8972,8
gradcam-0a882a54cc6dcaff86a6,population-2a9bc5280db4a65672a1bbcb,survface,survface:unknown_unknown_probe:9346_cam3_16,adaface-4df25b75e065b0b9ed43,pca,pca_384,pca_reconstruction_cosine,0.1,False,frozen_origin,6.306171417236328e-05,True,False,False,True,True,0.0205439806180543,True,high_error,3,8972,8
gradcam-e05b2a7bd11a9d9ea1ec,population-2a9bc5280db4a65672a1bbcb,survface,survface:unknown_unknown_probe:10181_cam2_52,adaface-4df25b75e065b0b9ed43,pca,pca_384,pca_reconstruction_cosine,0.1,False,frozen_origin,8.720159530639648e-05,True,False,False,True,True,0.0205056069718873,True,high_error,4,8972,8
gradcam-4761a7f0e8cb05ac15ae,population-2a9bc5280db4a65672a1bbcb,survface,survface:registered_probe:8647_cam1_243,adaface-4df25b75e065b0b9ed43,pca,pca_384,pca_reconstruction_cosine,0.1,True,frozen_origin,9.179115295410156e-05,True,False,False,True,True,0.0204173948297805,True,high_error,5,8972,8
gradcam-5ee12cd47dcf19e2ddf0,population-2a9bc5280db4a65672a1bbcb,survface,survface:registered_probe:9740_cam2_65,adaface-4df25b75e065b0b9ed43,pca,pca_384,pca_reconstruction_cosine,0.1,True,frozen_origin,6.619095802307129e-05,True,False,False,True,True,0.0203059782195788,True,high_error,6,8972,8
gradcam-fa32259581b00a50ce32,population-2a9bc5280db4a65672a1bbcb,survface,survface:unknown_unknown_probe:9388_cam3_130,adaface-4df25b75e065b0b9ed43,pca,pca_384,pca_reconstruction_cosine,0.1,False,frozen_origin,-4.482269287109375e-05,True,False,False,True,True,0.0201905268690806,True,high_error,7,8972,8
gradcam-0a036c4adcbd61c0d7ae,population-2a9bc5280db4a65672a1bbcb,survface,survface:unknown_unknown_probe:9230_cam2_28,adaface-4df25b75e065b0b9ed43,pca,pca_384,pca_reconstruction_cosine,0.1,False,frozen_origin,3.719329833984375e-05,True,False,False,True,True,0.0197647304822911,True,high_error,8,8972,8
gradcam-d8ebed8b63b83afb9682,population-2a9bc5280db4a65672a1bbcb,survface,survface:unknown_unknown_probe:9482_cam3_45,adaface-4df25b75e065b0b9ed43,pca,pca_384,pca_reconstruction_cosine,0.1,False,frozen_origin,7.37309455871582e-05,False,False,False,True,True,0.0174198689322618,True,rank_flip,1,8972,8
gradcam-1347281e884d984d7f14,population-2a9bc5280db4a65672a1bbcb,survface,survface:unknown_unknown_probe:distractors_2852,adaface-4df25b75e065b0b9ed43,pca,pca_384,pca_reconstruction_cosine,0.1,False,frozen_origin,3.841519355773926e-05,False,False,False,True,True,0.0161030632623752,True,rank_flip,2,8972,8
gradcam-33464ec02ec8cf4cf942,population-2a9bc5280db4a65672a1bbcb,survface,survface:unknown_unknown_probe:2098_cam2_1,adaface-4df25b75e065b0b9ed43,pca,pca_384,pca_reconstruction_cosine,0.1,False,frozen_origin,4.2319297790527344e-05,False,False,False,True,True,0.0136401272930144,True,rank_flip,3,8972,8
gradcam-a480d706fa562be5dee1,population-2a9bc5280db4a65672a1bbcb,survface,survface:registered_probe:2188_cam1_1,adaface-4df25b75e065b0b9ed43,pca,pca_384,pca_reconstruction_cosine,0.1,True,frozen_origin,2.8580427169799805e-05,False,False,False,True,True,0.0132405719611032,True,rank_flip,4,8972,8
gradcam-ce405c7aa9398e56d88c,population-2a9bc5280db4a65672a1bbcb,survface,survface:unknown_unknown_probe:9519_cam3_116,adaface-4df25b75e065b0b9ed43,pca,pca_384,pca_reconstruction_cosine,0.1,False,frozen_origin,1.728534698486328e-05,False,False,False,True,True,0.0120440730745529,True,rank_flip,5,8972,8
gradcam-11ff863d4b203e9fe0c9,population-2a9bc5280db4a65672a1bbcb,survface,survface:unknown_unknown_probe:9274_cam2_61,adaface-4df25b75e065b0b9ed43,pca,pca_384,pca_reconstruction_cosine,0.1,False,frozen_origin,9.328126907348633e-06,False,False,False,True,True,0.0116640376350234,True,rank_flip,6,8972,8
gradcam-f5af9d8bf1d1f89c3b64,population-2a9bc5280db4a65672a1bbcb,survface,survface:unknown_unknown_probe:9235_cam4_38,adaface-4df25b75e065b0b9ed43,pca,pca_384,pca_reconstruction_cosine,0.1,False,frozen_origin,4.267692565917969e-05,False,False,False,True,True,0.0111816285991888,True,rank_flip,7,8972,8
gradcam-f7b06100715a51ee3dd8,population-2a9bc5280db4a65672a1bbcb,survface,survface:unknown_unknown_probe:distractors_14252,adaface-4df25b75e065b0b9ed43,pca,pca_384,pca_reconstruction_cosine,0.1,False,frozen_origin,3.868341445922852e-05,False,False,False,True,True,0.0110129917932765,True,rank_flip,8,8972,8
gradcam-77f558c5e2b8a7e4755b,population-2a9bc5280db4a65672a1bbcb,survface,survface:unknown_unknown_probe:5624_cam1_63,adaface-4df25b75e065b0b9ed43,pca,pca_384,pca_reconstruction_cosine,0.1,False,frozen_origin,5.900859832763672e-06,True,False,False,True,True,0.0036002772306619,True,stable,1,8972,8
gradcam-569219d69efb915f3472,population-2a9bc5280db4a65672a1bbcb,survface,survface:unknown_unknown_probe:distractors_22989,adaface-4df25b75e065b0b9ed43,pca,pca_384,pca_reconstruction_cosine,0.1,False,frozen_origin,5.304813385009766e-06,True,False,False,True,True,0.0036398278097705,True,stable,2,8972,8
gradcam-9add56e02d9db45d7522,population-2a9bc5280db4a65672a1bbcb,survface,survface:unknown_unknown_probe:5783_cam1_98,adaface-4df25b75e065b0b9ed43,pca,pca_384,pca_reconstruction_cosine,0.1,False,frozen_origin,1.0848045349121094e-05,True,False,False,True,True,0.0036635873690115,True,stable,3,8972,8
gradcam-ed084b9b5bf54447b2c6,population-2a9bc5280db4a65672a1bbcb,survface,survface:registered_probe:5813_cam1_93,adaface-4df25b75e065b0b9ed43,pca,pca_384,pca_reconstruction_cosine,0.1,True,frozen_origin,8.64267349243164e-06,True,False,False,True,True,0.0036684886286244,True,stable,4,8972,8
gradcam-2e497dfe7e6015fd547d,population-2a9bc5280db4a65672a1bbcb,survface,survface:unknown_unknown_probe:10290_cam1_72,adaface-4df25b75e065b0b9ed43,pca,pca_384,pca_reconstruction_cosine,0.1,False,frozen_origin,7.987022399902344e-06,True,False,False,True,True,0.0036833772955868,True,stable,5,8972,8
gradcam-e7abfe1f7b2fba7baf9d,population-2a9bc5280db4a65672a1bbcb,survface,survface:registered_probe:5718_cam2_14,adaface-4df25b75e065b0b9ed43,pca,pca_384,pca_reconstruction_cosine,0.1,True,frozen_origin,6.198883056640625e-06,True,False,False,True,True,0.003694748216764,True,stable,6,8972,8
gradcam-e931b89872b4e1b9fea4,population-2a9bc5280db4a65672a1bbcb,survface,survface:unknown_unknown_probe:5737_cam1_52,adaface-4df25b75e065b0b9ed43,pca,pca_384,pca_reconstruction_cosine,0.1,False,frozen_origin,1.2814998626708984e-05,True,False,False,True,True,0.0037125261694984,True,stable,7,8972,8
gradcam-ba1c3467e4d5cd0f128b,population-2a9bc5280db4a65672a1bbcb,survface,survface:registered_probe:5618_cam2_80,adaface-4df25b75e065b0b9ed43,pca,pca_384,pca_reconstruction_cosine,0.1,True,frozen_origin,8.165836334228516e-06,True,False,False,True,True,0.0037475005796252,True,stable,8,8972,8
gradcam-2bd85894631c48ce1c28,population-2a9bc5280db4a65672a1bbcb,survface,survface:unknown_unknown_probe:distractors_19741,adaface-4df25b75e065b0b9ed43,pca,pca_384,pca_reconstruction_cosine,0.1,False,frozen_origin,2.431869506835937e-05,True,True,False,True,True,0.0084349843329783,True,threshold_crossing,1,8972,8
gradcam-970afb9c176a5ecd0902,population-2a9bc5280db4a65672a1bbcb,survface,survface:unknown_unknown_probe:5656_cam1_219,adaface-4df25b75e065b0b9ed43,pca,pca_384,pca_reconstruction_cosine,0.1,False,frozen_origin,1.9669532775878903e-05,True,True,False,True,True,0.0071557082540139,True,threshold_crossing,2,8972,8
gradcam-a7add7c4bfa3699ff831,population-2a9bc5280db4a65672a1bbcb,survface,survface:unknown_unknown_probe:10536_cam4_21,adaface-4df25b75e065b0b9ed43,pca,pca_384,pca_reconstruction_cosine,0.1,False,frozen_origin,1.3172626495361328e-05,True,True,False,True,True,0.0070194988422925,True,threshold_crossing,3,8972,8
gradcam-4d7695c870884b783541,population-2a9bc5280db4a65672a1bbcb,survface,survface:unknown_unknown_probe:distractors_4562,adaface-4df25b75e065b0b9ed43,pca,pca_384,pca_reconstruction_cosine,0.1,False,frozen_origin,1.0967254638671877e-05,True,True,False,True,True,0.0060639474598283,True,threshold_crossing,4,8972,8
gradcam-110c6ce1104807fe55ab,population-2a9bc5280db4a65672a1bbcb,survface,survface:unknown_unknown_probe:distractors_18314,adaface-4df25b75e065b0b9ed43,pca,pca_384,pca_reconstruction_cosine,0.1,False,frozen_origin,1.1861324310302734e-05,True,True,False,True,True,0.0059509649181705,True,threshold_crossing,5,8972,8
gradcam-ce393a7bc96f80b7e5ab,population-2a9bc5280db4a65672a1bbcb,survface,survface:registered_probe:5756_cam2_133,adaface-4df25b75e065b0b9ed43,pca,pca_384,pca_reconstruction_cosine,0.1,True,frozen_origin,1.2934207916259766e-05,True,True,False,True,True,0.0058686430270867,True,threshold_crossing,6,8972,8
gradcam-c2d715da952a894cb302,population-2a9bc5280db4a65672a1bbcb,survface,survface:registered_probe:9877_cam2_10,adaface-4df25b75e065b0b9ed43,pca,pca_384,pca_reconstruction_cosine,0.1,True,frozen_origin,1.3589859008789062e-05,True,True,False,True,True,0.005631789644092,True,threshold_crossing,7,8972,8
gradcam-6cd8806da4f08bf8f679,population-2a9bc5280db4a65672a1bbcb,survface,survface:unknown_unknown_probe:8784_cam1_57,adaface-4df25b75e065b0b9ed43,pca,pca_384,pca_reconstruction_cosine,0.1,False,frozen_origin,1.4066696166992188e-05,True,True,False,True,True,0.0054348171407551,True,threshold_crossing,8,8972,8
gradcam-18d8f6848bf54437b5ec,population-2a9bc5280db4a65672a1bbcb,survface,survface:unknown_unknown_probe:9346_cam3_82,adaface-4df25b75e065b0b9ed43,pca,pca_384,pca_reconstruction_cosine,0.2,False,frozen_origin,4.738569259643555e-05,True,False,False,True,True,0.0223515976735269,True,high_error,1,8972,8
gradcam-44ee5515232eff40eb70,population-2a9bc5280db4a65672a1bbcb,survface,survface:unknown_unknown_probe:10181_cam2_62,adaface-4df25b75e065b0b9ed43,pca,pca_384,pca_reconstruction_cosine,0.2,False,frozen_origin,7.236003875732422e-05,True,False,False,True,True,0.0210504468295704,True,high_error,2,8972,8
gradcam-f80f9846035c533f7d1b,population-2a9bc5280db4a65672a1bbcb,survface,survface:unknown_unknown_probe:9346_cam3_16,adaface-4df25b75e065b0b9ed43,pca,pca_384,pca_reconstruction_cosine,0.2,False,frozen_origin,6.306171417236328e-05,True,False,False,True,True,0.0205439806180543,True,high_error,3,8972,8
gradcam-a9f9dfcbe4c256746e3e,population-2a9bc5280db4a65672a1bbcb,survface,survface:unknown_unknown_probe:10181_cam2_52,adaface-4df25b75e065b0b9ed43,pca,pca_384,pca_reconstruction_cosine,0.2,False,frozen_origin,8.720159530639648e-05,True,False,False,True,True,0.0205056069718873,True,high_error,4,8972,8
gradcam-2ba25553e7fe1155b1a2,population-2a9bc5280db4a65672a1bbcb,survface,survface:registered_probe:8647_cam1_243,adaface-4df25b75e065b0b9ed43,pca,pca_384,pca_reconstruction_cosine,0.2,True,frozen_origin,9.179115295410156e-05,True,False,False,True,True,0.0204173948297805,True,high_error,5,8972,8
gradcam-5cee37519f3d0f7aad75,population-2a9bc5280db4a65672a1bbcb,survface,survface:registered_probe:9740_cam2_65,adaface-4df25b75e065b0b9ed43,pca,pca_384,pca_reconstruction_cosine,0.2,True,frozen_origin,6.619095802307129e-05,True,False,False,True,True,0.0203059782195788,True,high_error,6,8972,8
gradcam-a3a6c01a4fa6142e75a3,population-2a9bc5280db4a65672a1bbcb,survface,survface:unknown_unknown_probe:9388_cam3_130,adaface-4df25b75e065b0b9ed43,pca,pca_384,pca_reconstruction_cosine,0.2,False,frozen_origin,-4.482269287109375e-05,True,False,False,True,True,0.0201905268690806,True,high_error,7,8972,8
gradcam-20c98e7e6d8db168566e,population-2a9bc5280db4a65672a1bbcb,survface,survface:unknown_unknown_probe:9230_cam2_28,adaface-4df25b75e065b0b9ed43,pca,pca_384,pca_reconstruction_cosine,0.2,False,frozen_origin,3.719329833984375e-05,True,False,False,True,True,0.0197647304822911,True,high_error,8,8972,8
gradcam-dff42e688c178a81b144,population-2a9bc5280db4a65672a1bbcb,survface,survface:unknown_unknown_probe:9482_cam3_45,adaface-4df25b75e065b0b9ed43,pca,pca_384,pca_reconstruction_cosine,0.2,False,frozen_origin,7.37309455871582e-05,False,False,False,True,True,0.0174198689322618,True,rank_flip,1,8972,8
gradcam-8a15c7db9ee5470e5edf,population-2a9bc5280db4a65672a1bbcb,survface,survface:unknown_unknown_probe:distractors_2852,adaface-4df25b75e065b0b9ed43,pca,pca_384,pca_reconstruction_cosine,0.2,False,frozen_origin,3.841519355773926e-05,False,False,False,True,True,0.0161030632623752,True,rank_flip,2,8972,8
gradcam-cd2e14bb2d6970061ac3,population-2a9bc5280db4a65672a1bbcb,survface,survface:unknown_unknown_probe:2098_cam2_1,adaface-4df25b75e065b0b9ed43,pca,pca_384,pca_reconstruction_cosine,0.2,False,frozen_origin,4.2319297790527344e-05,False,False,False,True,True,0.0136401272930144,True,rank_flip,3,8972,8
gradcam-6f84b5a73742e08891a7,population-2a9bc5280db4a65672a1bbcb,survface,survface:registered_probe:2188_cam1_1,adaface-4df25b75e065b0b9ed43,pca,pca_384,pca_reconstruction_cosine,0.2,True,frozen_origin,2.8580427169799805e-05,False,False,False,True,True,0.0132405719611032,True,rank_flip,4,8972,8
gradcam-f0485d38a636b2893651,population-2a9bc5280db4a65672a1bbcb,survface,survface:unknown_unknown_probe:9519_cam3_116,adaface-4df25b75e065b0b9ed43,pca,pca_384,pca_reconstruction_cosine,0.2,False,frozen_origin,1.728534698486328e-05,False,False,False,True,True,0.0120440730745529,True,rank_flip,5,8972,8
gradcam-8393b5beb5f5d121b7fe,population-2a9bc5280db4a65672a1bbcb,survface,survface:unknown_unknown_probe:9274_cam2_61,adaface-4df25b75e065b0b9ed43,pca,pca_384,pca_reconstruction_cosine,0.2,False,frozen_origin,9.328126907348633e-06,False,False,False,True,True,0.0116640376350234,True,rank_flip,6,8972,8
gradcam-a2188e37b51e3fe9c250,population-2a9bc5280db4a65672a1bbcb,survface,survface:unknown_unknown_probe:9235_cam4_38,adaface-4df25b75e065b0b9ed43,pca,pca_384,pca_reconstruction_cosine,0.2,False,frozen_origin,4.267692565917969e-05,False,False,False,True,True,0.0111816285991888,True,rank_flip,7,8972,8
gradcam-06809ec270d84cd4bf04,population-2a9bc5280db4a65672a1bbcb,survface,survface:unknown_unknown_probe:distractors_14252,adaface-4df25b75e065b0b9ed43,pca,pca_384,pca_reconstruction_cosine,0.2,False,frozen_origin,3.868341445922852e-05,False,False,False,True,True,0.0110129917932765,True,rank_flip,8,8972,8
gradcam-bb2a0390e61e8319cf99,population-2a9bc5280db4a65672a1bbcb,survface,survface:unknown_unknown_probe:5624_cam1_63,adaface-4df25b75e065b0b9ed43,pca,pca_384,pca_reconstruction_cosine,0.2,False,frozen_origin,5.900859832763672e-06,True,False,False,True,True,0.0036002772306619,True,stable,1,8972,8
gradcam-4dfc8b93900ff433a502,population-2a9bc5280db4a65672a1bbcb,survface,survface:unknown_unknown_probe:distractors_22989,adaface-4df25b75e065b0b9ed43,pca,pca_384,pca_reconstruction_cosine,0.2,False,frozen_origin,5.304813385009766e-06,True,False,False,True,True,0.0036398278097705,True,stable,2,8972,8
gradcam-da2b0df3fdf150a491bb,population-2a9bc5280db4a65672a1bbcb,survface,survface:unknown_unknown_probe:5783_cam1_98,adaface-4df25b75e065b0b9ed43,pca,pca_384,pca_reconstruction_cosine,0.2,False,frozen_origin,1.0848045349121094e-05,True,False,False,True,True,0.0036635873690115,True,stable,3,8972,8
gradcam-65889578af4569079602,population-2a9bc5280db4a65672a1bbcb,survface,survface:registered_probe:5813_cam1_93,adaface-4df25b75e065b0b9ed43,pca,pca_384,pca_reconstruction_cosine,0.2,True,frozen_origin,8.64267349243164e-06,True,False,False,True,True,0.0036684886286244,True,stable,4,8972,8
gradcam-c5445d0227ccc2982b2a,population-2a9bc5280db4a65672a1bbcb,survface,survface:unknown_unknown_probe:10290_cam1_72,adaface-4df25b75e065b0b9ed43,pca,pca_384,pca_reconstruction_cosine,0.2,False,frozen_origin,7.987022399902344e-06,True,False,False,True,True,0.0036833772955868,True,stable,5,8972,8
gradcam-b570d7934680adda4a38,population-2a9bc5280db4a65672a1bbcb,survface,survface:registered_probe:5718_cam2_14,adaface-4df25b75e065b0b9ed43,pca,pca_384,pca_reconstruction_cosine,0.2,True,frozen_origin,6.198883056640625e-06,True,False,False,True,True,0.003694748216764,True,stable,6,8972,8
gradcam-92d0995b468402d80562,population-2a9bc5280db4a65672a1bbcb,survface,survface:unknown_unknown_probe:5737_cam1_52,adaface-4df25b75e065b0b9ed43,pca,pca_384,pca_reconstruction_cosine,0.2,False,frozen_origin,1.2814998626708984e-05,True,False,False,True,True,0.0037125261694984,True,stable,7,8972,8
gradcam-860af24a23ca349f85be,population-2a9bc5280db4a65672a1bbcb,survface,survface:registered_probe:5618_cam2_80,adaface-4df25b75e065b0b9ed43,pca,pca_384,pca_reconstruction_cosine,0.2,True,frozen_origin,8.165836334228516e-06,True,False,False,True,True,0.0037475005796252,True,stable,8,8972,8
gradcam-7aed10c8c503968061e5,population-2a9bc5280db4a65672a1bbcb,survface,survface:unknown_unknown_probe:5644_cam1_199,adaface-4df25b75e065b0b9ed43,pca,pca_384,pca_reconstruction_cosine,0.2,False,frozen_origin,3.421306610107422e-05,True,True,False,True,True,0.0095553139127075,True,threshold_crossing,1,8972,8
gradcam-8acc54757fca4056c38a,population-2a9bc5280db4a65672a1bbcb,survface,survface:unknown_unknown_probe:5539_cam2_2,adaface-4df25b75e065b0b9ed43,pca,pca_384,pca_reconstruction_cosine,0.2,False,frozen_origin,3.409385681152344e-05,True,True,False,True,True,0.0091901515324244,True,threshold_crossing,2,8972,8
gradcam-dc7a1eb0dadbf440ac3d,population-2a9bc5280db4a65672a1bbcb,survface,survface:unknown_unknown_probe:10416_cam2_77,adaface-4df25b75e065b0b9ed43,pca,pca_384,pca_reconstruction_cosine,0.2,False,frozen_origin,3.1113624572753906e-05,True,True,False,True,True,0.008078748528057,True,threshold_crossing,3,8972,8
gradcam-1a4a5c9ede6c6b965c02,population-2a9bc5280db4a65672a1bbcb,survface,survface:unknown_unknown_probe:distractors_3284,adaface-4df25b75e065b0b9ed43,pca,pca_384,pca_reconstruction_cosine,0.2,False,frozen_origin,2.688169479370117e-05,True,True,False,True,True,0.0080406257264127,True,threshold_crossing,4,8972,8
gradcam-bdcfb7c2d2dc562e0b63,population-2a9bc5280db4a65672a1bbcb,survface,survface:unknown_unknown_probe:9480_cam4_36,adaface-4df25b75e065b0b9ed43,pca,pca_384,pca_reconstruction_cosine,0.2,False,frozen_origin,2.54511833190918e-05,True,True,False,True,True,0.0080006364565905,True,threshold_crossing,5,8972,8
gradcam-292c95e4a328c4e5ee51,population-2a9bc5280db4a65672a1bbcb,survface,survface:registered_probe:5648_cam2_171,adaface-4df25b75e065b0b9ed43,pca,pca_384,pca_reconstruction_cosine,0.2,True,frozen_origin,1.633167266845703e-05,True,True,False,True,True,0.0077415921744303,True,threshold_crossing,6,8972,8
gradcam-71a341ddc7fb26f3bde6,population-2a9bc5280db4a65672a1bbcb,survface,survface:unknown_unknown_probe:distractors_10306,adaface-4df25b75e065b0b9ed43,pca,pca_384,pca_reconstruction_cosine,0.2,False,frozen_origin,2.467632293701172e-05,True,True,False,True,True,0.0073692652259346,True,threshold_crossing,7,8972,8
gradcam-044396a81f8b599cf819,population-2a9bc5280db4a65672a1bbcb,survface,survface:unknown_unknown_probe:9217_cam3_90,adaface-4df25b75e065b0b9ed43,pca,pca_384,pca_reconstruction_cosine,0.2,False,frozen_origin,2.384185791015625e-05,True,True,False,True,True,0.0071561475693721,True,threshold_crossing,8,8972,8
gradcam-01b4b8824fc10e8d068e,population-2a9bc5280db4a65672a1bbcb,survface,survface:unknown_unknown_probe:9346_cam3_82,adaface-4df25b75e065b0b9ed43,pca,pca_384,pca_reconstruction_cosine,0.3,False,frozen_origin,4.738569259643555e-05,True,False,False,True,True,0.0223515976735269,True,high_error,1,8972,8
gradcam-eb413a5d65653e6c4ed0,population-2a9bc5280db4a65672a1bbcb,survface,survface:unknown_unknown_probe:10181_cam2_62,adaface-4df25b75e065b0b9ed43,pca,pca_384,pca_reconstruction_cosine,0.3,False,frozen_origin,7.236003875732422e-05,True,False,False,True,True,0.0210504468295704,True,high_error,2,8972,8
gradcam-c4d66c4e67a4d214a2c9,population-2a9bc5280db4a65672a1bbcb,survface,survface:unknown_unknown_probe:9346_cam3_16,adaface-4df25b75e065b0b9ed43,pca,pca_384,pca_reconstruction_cosine,0.3,False,frozen_origin,6.306171417236328e-05,True,False,False,True,True,0.0205439806180543,True,high_error,3,8972,8
gradcam-60c44f517a1e65dce9dc,population-2a9bc5280db4a65672a1bbcb,survface,survface:unknown_unknown_probe:10181_cam2_52,adaface-4df25b75e065b0b9ed43,pca,pca_384,pca_reconstruction_cosine,0.3,False,frozen_origin,8.720159530639648e-05,True,False,False,True,True,0.0205056069718873,True,high_error,4,8972,8
gradcam-c3726ee4a679c394a2f1,population-2a9bc5280db4a65672a1bbcb,survface,survface:registered_probe:8647_cam1_243,adaface-4df25b75e065b0b9ed43,pca,pca_384,pca_reconstruction_cosine,0.3,True,frozen_origin,9.179115295410156e-05,True,False,False,True,True,0.0204173948297805,True,high_error,5,8972,8
gradcam-429bc2e29b24e4968b5f,population-2a9bc5280db4a65672a1bbcb,survface,survface:registered_probe:9740_cam2_65,adaface-4df25b75e065b0b9ed43,pca,pca_384,pca_reconstruction_cosine,0.3,True,frozen_origin,6.619095802307129e-05,True,False,False,True,True,0.0203059782195788,True,high_error,6,8972,8
gradcam-768240040b6a8044dcda,population-2a9bc5280db4a65672a1bbcb,survface,survface:unknown_unknown_probe:9388_cam3_130,adaface-4df25b75e065b0b9ed43,pca,pca_384,pca_reconstruction_cosine,0.3,False,frozen_origin,-4.482269287109375e-05,True,False,False,True,True,0.0201905268690806,True,high_error,7,8972,8
gradcam-c0e2e1ab9c4e282e7b1e,population-2a9bc5280db4a65672a1bbcb,survface,survface:unknown_unknown_probe:9230_cam2_28,adaface-4df25b75e065b0b9ed43,pca,pca_384,pca_reconstruction_cosine,0.3,False,frozen_origin,3.719329833984375e-05,True,False,False,True,True,0.0197647304822911,True,high_error,8,8972,8
gradcam-7a8141f766ba0491bc01,population-2a9bc5280db4a65672a1bbcb,survface,survface:unknown_unknown_probe:9482_cam3_45,adaface-4df25b75e065b0b9ed43,pca,pca_384,pca_reconstruction_cosine,0.3,False,frozen_origin,7.37309455871582e-05,False,False,False,True,True,0.0174198689322618,True,rank_flip,1,8972,8
gradcam-682adc7d30d47b564057,population-2a9bc5280db4a65672a1bbcb,survface,survface:unknown_unknown_probe:distractors_2852,adaface-4df25b75e065b0b9ed43,pca,pca_384,pca_reconstruction_cosine,0.3,False,frozen_origin,3.841519355773926e-05,False,False,False,True,True,0.0161030632623752,True,rank_flip,2,8972,8
gradcam-b41e7174448ccdd6d1cd,population-2a9bc5280db4a65672a1bbcb,survface,survface:unknown_unknown_probe:2098_cam2_1,adaface-4df25b75e065b0b9ed43,pca,pca_384,pca_reconstruction_cosine,0.3,False,frozen_origin,4.2319297790527344e-05,False,False,False,True,True,0.0136401272930144,True,rank_flip,3,8972,8
gradcam-f5c4be66bec8514272e8,population-2a9bc5280db4a65672a1bbcb,survface,survface:registered_probe:2188_cam1_1,adaface-4df25b75e065b0b9ed43,pca,pca_384,pca_reconstruction_cosine,0.3,True,frozen_origin,2.8580427169799805e-05,False,False,False,True,True,0.0132405719611032,True,rank_flip,4,8972,8
gradcam-e07207f1e541e2023589,population-2a9bc5280db4a65672a1bbcb,survface,survface:unknown_unknown_probe:9519_cam3_116,adaface-4df25b75e065b0b9ed43,pca,pca_384,pca_reconstruction_cosine,0.3,False,frozen_origin,1.728534698486328e-05,False,False,False,True,True,0.0120440730745529,True,rank_flip,5,8972,8
gradcam-d453169dbede0e85bc56,population-2a9bc5280db4a65672a1bbcb,survface,survface:unknown_unknown_probe:9274_cam2_61,adaface-4df25b75e065b0b9ed43,pca,pca_384,pca_reconstruction_cosine,0.3,False,frozen_origin,9.328126907348633e-06,False,False,False,True,True,0.0116640376350234,True,rank_flip,6,8972,8
gradcam-e039ae88b289b19a886a,population-2a9bc5280db4a65672a1bbcb,survface,survface:unknown_unknown_probe:9235_cam4_38,adaface-4df25b75e065b0b9ed43,pca,pca_384,pca_reconstruction_cosine,0.3,False,frozen_origin,4.267692565917969e-05,False,False,False,True,True,0.0111816285991888,True,rank_flip,7,8972,8
gradcam-4504e259924e717599db,population-2a9bc5280db4a65672a1bbcb,survface,survface:unknown_unknown_probe:distractors_14252,adaface-4df25b75e065b0b9ed43,pca,pca_384,pca_reconstruction_cosine,0.3,False,frozen_origin,3.868341445922852e-05,False,False,False,True,True,0.0110129917932765,True,rank_flip,8,8972,8
gradcam-df3a8551fb93a48acf37,population-2a9bc5280db4a65672a1bbcb,survface,survface:unknown_unknown_probe:5624_cam1_63,adaface-4df25b75e065b0b9ed43,pca,pca_384,pca_reconstruction_cosine,0.3,False,frozen_origin,5.900859832763672e-06,True,False,False,True,True,0.0036002772306619,True,stable,1,8972,8
gradcam-111ac671c969972ae476,population-2a9bc5280db4a65672a1bbcb,survface,survface:unknown_unknown_probe:distractors_22989,adaface-4df25b75e065b0b9ed43,pca,pca_384,pca_reconstruction_cosine,0.3,False,frozen_origin,5.304813385009766e-06,True,False,False,True,True,0.0036398278097705,True,stable,2,8972,8
gradcam-7e8b91051d84a87b7c4d,population-2a9bc5280db4a65672a1bbcb,survface,survface:unknown_unknown_probe:5783_cam1_98,adaface-4df25b75e065b0b9ed43,pca,pca_384,pca_reconstruction_cosine,0.3,False,frozen_origin,1.0848045349121094e-05,True,False,False,True,True,0.0036635873690115,True,stable,3,8972,8
gradcam-a3d8aa3616963adbfe52,population-2a9bc5280db4a65672a1bbcb,survface,survface:registered_probe:5813_cam1_93,adaface-4df25b75e065b0b9ed43,pca,pca_384,pca_reconstruction_cosine,0.3,True,frozen_origin,8.64267349243164e-06,True,False,False,True,True,0.0036684886286244,True,stable,4,8972,8
gradcam-04b6b442861e57d8858c,population-2a9bc5280db4a65672a1bbcb,survface,survface:unknown_unknown_probe:10290_cam1_72,adaface-4df25b75e065b0b9ed43,pca,pca_384,pca_reconstruction_cosine,0.3,False,frozen_origin,7.987022399902344e-06,True,False,False,True,True,0.0036833772955868,True,stable,5,8972,8
gradcam-aaedb303b76e8ca0ca64,population-2a9bc5280db4a65672a1bbcb,survface,survface:registered_probe:5718_cam2_14,adaface-4df25b75e065b0b9ed43,pca,pca_384,pca_reconstruction_cosine,0.3,True,frozen_origin,6.198883056640625e-06,True,False,False,True,True,0.003694748216764,True,stable,6,8972,8
gradcam-a01f46c0fd0f56049f6d,population-2a9bc5280db4a65672a1bbcb,survface,survface:unknown_unknown_probe:5737_cam1_52,adaface-4df25b75e065b0b9ed43,pca,pca_384,pca_reconstruction_cosine,0.3,False,frozen_origin,1.2814998626708984e-05,True,False,False,True,True,0.0037125261694984,True,stable,7,8972,8
gradcam-60f85baf5ea2ebc28e79,population-2a9bc5280db4a65672a1bbcb,survface,survface:registered_probe:5618_cam2_80,adaface-4df25b75e065b0b9ed43,pca,pca_384,pca_reconstruction_cosine,0.3,True,frozen_origin,8.165836334228516e-06,True,False,False,True,True,0.0037475005796252,True,stable,8,8972,8
gradcam-547076ca35698bc34783,population-2a9bc5280db4a65672a1bbcb,survface,survface:registered_probe:8589_cam1_8,adaface-4df25b75e065b0b9ed43,pca,pca_384,pca_reconstruction_cosine,0.3,True,frozen_origin,5.85317611694336e-05,True,True,False,True,True,0.0121162051090137,True,threshold_crossing,1,8972,8
gradcam-610b4d847957de012622,population-2a9bc5280db4a65672a1bbcb,survface,survface:unknown_unknown_probe:9807_cam2_26,adaface-4df25b75e065b0b9ed43,pca,pca_384,pca_reconstruction_cosine,0.3,False,frozen_origin,3.921985626220703e-05,True,True,False,True,True,0.009344944676911,True,threshold_crossing,2,8972,8
gradcam-1b2d1c5e9bad5be47c0e,population-2a9bc5280db4a65672a1bbcb,survface,survface:registered_probe:6992_cam2_3,adaface-4df25b75e065b0b9ed43,pca,pca_384,pca_reconstruction_cosine,0.3,True,frozen_origin,3.796815872192383e-05,True,True,False,True,True,0.0079937868438144,True,threshold_crossing,3,8972,8
gradcam-9094d1775871c70a003b,population-2a9bc5280db4a65672a1bbcb,survface,survface:registered_probe:5808_cam1_10,adaface-4df25b75e065b0b9ed43,pca,pca_384,pca_reconstruction_cosine,0.3,True,frozen_origin,2.7418136596679688e-05,True,True,False,True,True,0.0079671438044597,True,threshold_crossing,4,8972,8
gradcam-8ca373b67f089ed0f77d,population-2a9bc5280db4a65672a1bbcb,survface,survface:unknown_unknown_probe:9128_cam1_2,adaface-4df25b75e065b0b9ed43,pca,pca_384,pca_reconstruction_cosine,0.3,False,frozen_origin,2.586841583251953e-05,True,True,False,True,True,0.0079294492957137,True,threshold_crossing,5,8972,8
gradcam-6cf0ec49658a8d8c1904,population-2a9bc5280db4a65672a1bbcb,survface,survface:registered_probe:9922_cam1_12,adaface-4df25b75e065b0b9ed43,pca,pca_384,pca_reconstruction_cosine,0.3,True,frozen_origin,1.71661376953125e-05,True,True,False,True,True,0.0075349570930659,True,threshold_crossing,6,8972,8
gradcam-e4094d882c6cfb07841c,population-2a9bc5280db4a65672a1bbcb,survface,survface:registered_probe:8605_cam1_136,adaface-4df25b75e065b0b9ed43,pca,pca_384,pca_reconstruction_cosine,0.3,True,frozen_origin,1.9431114196777344e-05,True,True,False,True,True,0.0073423812010537,True,threshold_crossing,7,8972,8
gradcam-706541f2f994adf27c06,population-2a9bc5280db4a65672a1bbcb,survface,survface:registered_probe:9345_cam3_7,adaface-4df25b75e065b0b9ed43,pca,pca_384,pca_reconstruction_cosine,0.3,True,frozen_origin,4.184246063232422e-05,True,True,False,True,True,0.0072110970684482,True,threshold_crossing,8,8972,8
gradcam-f8e5c51b7dfb790f3382,population-2a9bc5280db4a65672a1bbcb,survface,survface:registered_probe:2973_cam3_1,adaface-4df25b75e065b0b9ed43,pca,pca_64,pca_direct_cosine,0.01,True,frozen_origin,0.4231190383434295,True,False,False,True,True,1.1693506300866938,True,high_error,1,8972,8
gradcam-17c3191aa0e060a2a39b,population-2a9bc5280db4a65672a1bbcb,survface,survface:unknown_unknown_probe:distractors_2510,adaface-4df25b75e065b0b9ed43,pca,pca_64,pca_direct_cosine,0.01,False,frozen_origin,0.3997610211372375,True,False,False,True,True,1.1306506795133724,True,high_error,2,8972,8
gradcam-0e12f34b57e40f668ca7,population-2a9bc5280db4a65672a1bbcb,survface,survface:unknown_unknown_probe:2756_cam4_1,adaface-4df25b75e065b0b9ed43,pca,pca_64,pca_direct_cosine,0.01,False,frozen_origin,0.4492049515247345,True,False,False,True,True,1.097555828025039,True,high_error,3,8972,8
gradcam-1d43228256ce952cf6d1,population-2a9bc5280db4a65672a1bbcb,survface,survface:unknown_unknown_probe:4443_cam2_3,adaface-4df25b75e065b0b9ed43,pca,pca_64,pca_direct_cosine,0.01,False,frozen_origin,0.3626646995544433,True,False,False,True,True,1.0861210180289689,True,high_error,4,8972,8
gradcam-0e6b1bdc08286430e1dd,population-2a9bc5280db4a65672a1bbcb,survface,survface:registered_probe:2742_cam2_1,adaface-4df25b75e065b0b9ed43,pca,pca_64,pca_direct_cosine,0.01,True,frozen_origin,0.2784696519374847,True,False,False,True,True,1.0821772997774837,True,high_error,5,8972,8
gradcam-d8be1a9cefc2f6083b52,population-2a9bc5280db4a65672a1bbcb,survface,survface:registered_probe:5244_25,adaface-4df25b75e065b0b9ed43,pca,pca_64,pca_direct_cosine,0.01,True,frozen_origin,0.0076040029525756,True,False,False,True,True,1.0527738041029693,True,high_error,6,8972,8
gradcam-910d23880df44fe0e431,population-2a9bc5280db4a65672a1bbcb,survface,survface:unknown_unknown_probe:distractors_3567,adaface-4df25b75e065b0b9ed43,pca,pca_64,pca_direct_cosine,0.01,False,frozen_origin,0.3095097541809082,True,False,False,True,True,1.0460834967481158,True,high_error,7,8972,8
gradcam-e70543f957be716b6ee9,population-2a9bc5280db4a65672a1bbcb,survface,survface:unknown_unknown_probe:10003_cam3_7,adaface-4df25b75e065b0b9ed43,pca,pca_64,pca_direct_cosine,0.01,False,frozen_origin,0.3317435383796692,True,False,False,True,True,1.0420044533121346,True,high_error,8,8972,8
gradcam-8586a15de9cf1e98098d,population-2a9bc5280db4a65672a1bbcb,survface,survface:unknown_unknown_probe:distractors_21592,adaface-4df25b75e065b0b9ed43,pca,pca_64,pca_direct_cosine,0.01,False,frozen_origin,0.3512257933616638,False,False,False,True,True,1.1281314077797822,True,rank_flip,1,8972,8
gradcam-e4276c5c9a97b40cc18b,population-2a9bc5280db4a65672a1bbcb,survface,survface:unknown_unknown_probe:2704_cam2_1,adaface-4df25b75e065b0b9ed43,pca,pca_64,pca_direct_cosine,0.01,False,frozen_origin,0.3521602749824524,False,False,False,True,True,1.1215629963480902,True,rank_flip,2,8972,8
gradcam-01e535dc4c3b7599275a,population-2a9bc5280db4a65672a1bbcb,survface,survface:unknown_unknown_probe:distractors_4031,adaface-4df25b75e065b0b9ed43,pca,pca_64,pca_direct_cosine,0.01,False,frozen_origin,0.2002761363983154,False,False,False,True,True,1.1147654300919918,True,rank_flip,3,8972,8
gradcam-ffc5a07239ee25d837ff,population-2a9bc5280db4a65672a1bbcb,survface,survface:unknown_unknown_probe:distractors_3041,adaface-4df25b75e065b0b9ed43,pca,pca_64,pca_direct_cosine,0.01,False,frozen_origin,0.4504362195730209,False,False,False,True,True,1.1114848539770303,True,rank_flip,4,8972,8
gradcam-0de504acc645d09aa5b7,population-2a9bc5280db4a65672a1bbcb,survface,survface:unknown_unknown_probe:distractors_2648,adaface-4df25b75e065b0b9ed43,pca,pca_64,pca_direct_cosine,0.01,False,frozen_origin,0.3796190619468689,False,False,False,True,True,1.1075889602865452,True,rank_flip,5,8972,8
gradcam-15ebebd80a7787b4b5a0,population-2a9bc5280db4a65672a1bbcb,survface,survface:registered_probe:707_cam2_1,adaface-4df25b75e065b0b9ed43,pca,pca_64,pca_direct_cosine,0.01,True,frozen_origin,0.4012997150421142,False,False,False,True,True,1.1028559545960994,True,rank_flip,6,8972,8
gradcam-5f0288a41544016bfc4f,population-2a9bc5280db4a65672a1bbcb,survface,survface:registered_probe:5244_28,adaface-4df25b75e065b0b9ed43,pca,pca_64,pca_direct_cosine,0.01,True,frozen_origin,0.0276683568954467,False,False,False,True,True,1.1022239445200277,True,rank_flip,7,8972,8
gradcam-3a08458688d6fa3e1e6f,population-2a9bc5280db4a65672a1bbcb,survface,survface:unknown_unknown_probe:distractors_12176,adaface-4df25b75e065b0b9ed43,pca,pca_64,pca_direct_cosine,0.01,False,frozen_origin,0.391117662191391,False,False,False,True,True,1.0975447265703075,True,rank_flip,8,8972,8
gradcam-755a470ca224a4860e4c,population-2a9bc5280db4a65672a1bbcb,survface,survface:unknown_unknown_probe:5834_cam1_112,adaface-4df25b75e065b0b9ed43,pca,pca_64,pca_direct_cosine,0.01,False,frozen_origin,-0.181678831577301,True,False,False,True,True,0.2343431110279387,True,stable,1,8972,8
gradcam-a175612b37191f323ad2,population-2a9bc5280db4a65672a1bbcb,survface,survface:registered_probe:5647_cam1_47,adaface-4df25b75e065b0b9ed43,pca,pca_64,pca_direct_cosine,0.01,True,frozen_origin,-0.0617638230323791,True,False,False,True,True,0.2373605693345635,True,stable,2,8972,8
gradcam-bcb4f35c2dba48949fc3,population-2a9bc5280db4a65672a1bbcb,survface,survface:unknown_unknown_probe:5737_cam2_115,adaface-4df25b75e065b0b9ed43,pca,pca_64,pca_direct_cosine,0.01,False,frozen_origin,-0.1960163116455078,True,False,False,True,True,0.2398534012058823,True,stable,3,8972,8
gradcam-f3e85ae08439efeeb3a9,population-2a9bc5280db4a65672a1bbcb,survface,survface:registered_probe:5669_cam1_94,adaface-4df25b75e065b0b9ed43,pca,pca_64,pca_direct_cosine,0.01,True,frozen_origin,-0.194189190864563,True,False,False,True,True,0.2444069134934099,True,stable,4,8972,8
gradcam-57d5e889ddb0672a7d08,population-2a9bc5280db4a65672a1bbcb,survface,survface:registered_probe:5688_cam1_45,adaface-4df25b75e065b0b9ed43,pca,pca_64,pca_direct_cosine,0.01,True,frozen_origin,-0.1753086447715759,True,False,False,True,True,0.2464537331482586,True,stable,5,8972,8
gradcam-1b2b3b80f9d7e47beba2,population-2a9bc5280db4a65672a1bbcb,survface,survface:registered_probe:5608_cam1_15,adaface-4df25b75e065b0b9ed43,pca,pca_64,pca_direct_cosine,0.01,True,frozen_origin,-0.1973527073860168,True,False,False,True,True,0.2478505821742116,True,stable,6,8972,8
gradcam-2937e0fc47822475d166,population-2a9bc5280db4a65672a1bbcb,survface,survface:registered_probe:5647_cam1_225,adaface-4df25b75e065b0b9ed43,pca,pca_64,pca_direct_cosine,0.01,True,frozen_origin,-0.1552890539169311,True,False,False,True,True,0.2491562282893061,True,stable,7,8972,8
gradcam-7e35faa48d82c30cd8f3,population-2a9bc5280db4a65672a1bbcb,survface,survface:unknown_unknown_probe:5863_cam1_173,adaface-4df25b75e065b0b9ed43,pca,pca_64,pca_direct_cosine,0.01,False,frozen_origin,-0.1474254131317138,True,False,False,True,True,0.2539458654478042,True,stable,8,8972,8
gradcam-134f9419b4cf98c2ad09,population-2a9bc5280db4a65672a1bbcb,survface,survface:registered_probe:5244_18,adaface-4df25b75e065b0b9ed43,pca,pca_64,pca_direct_cosine,0.01,True,frozen_origin,0.1392751336097717,True,True,False,True,True,1.0022791290105857,True,threshold_crossing,1,8972,8
gradcam-53c8d160c918b36bdceb,population-2a9bc5280db4a65672a1bbcb,survface,survface:registered_probe:844_cam2_1,adaface-4df25b75e065b0b9ed43,pca,pca_64,pca_direct_cosine,0.01,True,frozen_origin,0.2132210731506347,True,True,False,True,True,0.984136513017372,True,threshold_crossing,2,8972,8
gradcam-5c17847cd182c8398643,population-2a9bc5280db4a65672a1bbcb,survface,survface:registered_probe:3954_cam2_1,adaface-4df25b75e065b0b9ed43,pca,pca_64,pca_direct_cosine,0.01,True,frozen_origin,0.367335170507431,True,True,False,True,True,0.9437785009714896,True,threshold_crossing,3,8972,8
gradcam-e8dac6bbc9db012564b4,population-2a9bc5280db4a65672a1bbcb,survface,survface:registered_probe:5244_11,adaface-4df25b75e065b0b9ed43,pca,pca_64,pca_direct_cosine,0.01,True,frozen_origin,0.2375577092170715,True,True,False,True,True,0.9035156683989024,True,threshold_crossing,4,8972,8
gradcam-0507eb65e2c967b828c6,population-2a9bc5280db4a65672a1bbcb,survface,survface:registered_probe:262_cam1_1,adaface-4df25b75e065b0b9ed43,pca,pca_64,pca_direct_cosine,0.01,True,frozen_origin,0.1971127986907959,True,True,False,True,True,0.8696519148371191,True,threshold_crossing,5,8972,8
gradcam-87da218c41a565fd0467,population-2a9bc5280db4a65672a1bbcb,survface,survface:registered_probe:5227_19,adaface-4df25b75e065b0b9ed43,pca,pca_64,pca_direct_cosine,0.01,True,frozen_origin,0.1302052736282348,True,True,False,True,True,0.8424679429703056,True,threshold_crossing,6,8972,8
gradcam-9376ddd72476a9745828,population-2a9bc5280db4a65672a1bbcb,survface,survface:unknown_unknown_probe:1346_cam1_1,adaface-4df25b75e065b0b9ed43,pca,pca_64,pca_direct_cosine,0.01,False,frozen_origin,0.1430218815803527,True,True,False,True,True,0.8185398217729757,True,threshold_crossing,7,8972,8
gradcam-85f614d0d7c23e150381,population-2a9bc5280db4a65672a1bbcb,survface,survface:registered_probe:5255_22,adaface-4df25b75e065b0b9ed43,pca,pca_64,pca_direct_cosine,0.01,True,frozen_origin,0.1361652612686157,True,True,False,True,True,0.8144601736380881,True,threshold_crossing,8,8972,8
gradcam-8b30184be6f542243d5b,population-2a9bc5280db4a65672a1bbcb,survface,survface:registered_probe:2973_cam3_1,adaface-4df25b75e065b0b9ed43,pca,pca_64,pca_direct_cosine,0.05,True,frozen_origin,0.4231190383434295,True,False,False,True,True,1.1693506300866938,True,high_error,1,8972,8
gradcam-ffb2b0067bb5a8db8dac,population-2a9bc5280db4a65672a1bbcb,survface,survface:unknown_unknown_probe:distractors_2510,adaface-4df25b75e065b0b9ed43,pca,pca_64,pca_direct_cosine,0.05,False,frozen_origin,0.3997610211372375,True,False,False,True,True,1.1306506795133724,True,high_error,2,8972,8
gradcam-4c6c827c0d55084cdbdc,population-2a9bc5280db4a65672a1bbcb,survface,survface:unknown_unknown_probe:2756_cam4_1,adaface-4df25b75e065b0b9ed43,pca,pca_64,pca_direct_cosine,0.05,False,frozen_origin,0.4492049515247345,True,False,False,True,True,1.097555828025039,True,high_error,3,8972,8
gradcam-8188216a8647f8af1f64,population-2a9bc5280db4a65672a1bbcb,survface,survface:unknown_unknown_probe:4443_cam2_3,adaface-4df25b75e065b0b9ed43,pca,pca_64,pca_direct_cosine,0.05,False,frozen_origin,0.3626646995544433,True,False,False,True,True,1.0861210180289689,True,high_error,4,8972,8
gradcam-ecdea4e93692243cd0a0,population-2a9bc5280db4a65672a1bbcb,survface,survface:registered_probe:2742_cam2_1,adaface-4df25b75e065b0b9ed43,pca,pca_64,pca_direct_cosine,0.05,True,frozen_origin,0.2784696519374847,True,False,False,True,True,1.0821772997774837,True,high_error,5,8972,8
gradcam-300edf613082a239867c,population-2a9bc5280db4a65672a1bbcb,survface,survface:registered_probe:5244_25,adaface-4df25b75e065b0b9ed43,pca,pca_64,pca_direct_cosine,0.05,True,frozen_origin,0.0076040029525756,True,False,False,True,True,1.0527738041029693,True,high_error,6,8972,8
gradcam-11eca10a2c2f62943d9a,population-2a9bc5280db4a65672a1bbcb,survface,survface:unknown_unknown_probe:distractors_3567,adaface-4df25b75e065b0b9ed43,pca,pca_64,pca_direct_cosine,0.05,False,frozen_origin,0.3095097541809082,True,False,False,True,True,1.0460834967481158,True,high_error,7,8972,8
gradcam-44e42d0efe1caa193428,population-2a9bc5280db4a65672a1bbcb,survface,survface:unknown_unknown_probe:10003_cam3_7,adaface-4df25b75e065b0b9ed43,pca,pca_64,pca_direct_cosine,0.05,False,frozen_origin,0.3317435383796692,True,False,False,True,True,1.0420044533121346,True,high_error,8,8972,8
gradcam-1509174f5241947cc762,population-2a9bc5280db4a65672a1bbcb,survface,survface:unknown_unknown_probe:distractors_21592,adaface-4df25b75e065b0b9ed43,pca,pca_64,pca_direct_cosine,0.05,False,frozen_origin,0.3512257933616638,False,False,False,True,True,1.1281314077797822,True,rank_flip,1,8972,8
gradcam-260aac10b79914e56c08,population-2a9bc5280db4a65672a1bbcb,survface,survface:unknown_unknown_probe:2704_cam2_1,adaface-4df25b75e065b0b9ed43,pca,pca_64,pca_direct_cosine,0.05,False,frozen_origin,0.3521602749824524,False,False,False,True,True,1.1215629963480902,True,rank_flip,2,8972,8
gradcam-c6b60f14db7606713d0b,population-2a9bc5280db4a65672a1bbcb,survface,survface:unknown_unknown_probe:distractors_4031,adaface-4df25b75e065b0b9ed43,pca,pca_64,pca_direct_cosine,0.05,False,frozen_origin,0.2002761363983154,False,False,False,True,True,1.1147654300919918,True,rank_flip,3,8972,8
gradcam-c687b1942eeb7b2832dd,population-2a9bc5280db4a65672a1bbcb,survface,survface:unknown_unknown_probe:distractors_3041,adaface-4df25b75e065b0b9ed43,pca,pca_64,pca_direct_cosine,0.05,False,frozen_origin,0.4504362195730209,False,False,False,True,True,1.1114848539770303,True,rank_flip,4,8972,8
gradcam-c8d9ec5dcd88423d4078,population-2a9bc5280db4a65672a1bbcb,survface,survface:unknown_unknown_probe:distractors_2648,adaface-4df25b75e065b0b9ed43,pca,pca_64,pca_direct_cosine,0.05,False,frozen_origin,0.3796190619468689,False,False,False,True,True,1.1075889602865452,True,rank_flip,5,8972,8
gradcam-12e376d44f2e292d5358,population-2a9bc5280db4a65672a1bbcb,survface,survface:registered_probe:707_cam2_1,adaface-4df25b75e065b0b9ed43,pca,pca_64,pca_direct_cosine,0.05,True,frozen_origin,0.4012997150421142,False,False,False,True,True,1.1028559545960994,True,rank_flip,6,8972,8
gradcam-2a269ebd093ff7b0fada,population-2a9bc5280db4a65672a1bbcb,survface,survface:registered_probe:5244_28,adaface-4df25b75e065b0b9ed43,pca,pca_64,pca_direct_cosine,0.05,True,frozen_origin,0.0276683568954467,False,False,False,True,True,1.1022239445200277,True,rank_flip,7,8972,8
gradcam-eb3854ede238ce378043,population-2a9bc5280db4a65672a1bbcb,survface,survface:unknown_unknown_probe:distractors_12176,adaface-4df25b75e065b0b9ed43,pca,pca_64,pca_direct_cosine,0.05,False,frozen_origin,0.391117662191391,False,False,False,True,True,1.0975447265703075,True,rank_flip,8,8972,8
gradcam-2195fb1bdd8130cf3eba,population-2a9bc5280db4a65672a1bbcb,survface,survface:registered_probe:5647_cam1_47,adaface-4df25b75e065b0b9ed43,pca,pca_64,pca_direct_cosine,0.05,True,frozen_origin,-0.0617638230323791,True,False,False,True,True,0.2373605693345635,True,stable,1,8972,8
gradcam-845aa9c122d583a22df7,population-2a9bc5280db4a65672a1bbcb,survface,survface:registered_probe:5647_cam1_249,adaface-4df25b75e065b0b9ed43,pca,pca_64,pca_direct_cosine,0.05,True,frozen_origin,-0.0799359679222107,True,False,False,True,True,0.2374095529141091,True,stable,2,8972,8
gradcam-c8cd3e88b314dcab9f3a,population-2a9bc5280db4a65672a1bbcb,survface,survface:registered_probe:5789_cam1_63,adaface-4df25b75e065b0b9ed43,pca,pca_64,pca_direct_cosine,0.05,True,frozen_origin,-0.0236462354660034,True,False,False,True,True,0.2374530422486994,True,stable,3,8972,8
gradcam-c0dda8e09eb2f545ff22,population-2a9bc5280db4a65672a1bbcb,survface,survface:unknown_unknown_probe:5737_cam2_115,adaface-4df25b75e065b0b9ed43,pca,pca_64,pca_direct_cosine,0.05,False,frozen_origin,-0.1960163116455078,True,False,False,True,True,0.2398534012058823,True,stable,4,8972,8
gradcam-124ebcdd823a1fb069d1,population-2a9bc5280db4a65672a1bbcb,survface,survface:registered_probe:5647_cam1_198,adaface-4df25b75e065b0b9ed43,pca,pca_64,pca_direct_cosine,0.05,True,frozen_origin,-0.0862259268760681,True,False,False,True,True,0.2474571967477746,True,stable,5,8972,8
gradcam-50e2eac6e20381163757,population-2a9bc5280db4a65672a1bbcb,survface,survface:registered_probe:5608_cam1_15,adaface-4df25b75e065b0b9ed43,pca,pca_64,pca_direct_cosine,0.05,True,frozen_origin,-0.1973527073860168,True,False,False,True,True,0.2478505821742116,True,stable,6,8972,8
gradcam-58cbac854112a30ac42c,population-2a9bc5280db4a65672a1bbcb,survface,survface:unknown_unknown_probe:5783_cam1_3,adaface-4df25b75e065b0b9ed43,pca,pca_64,pca_direct_cosine,0.05,False,frozen_origin,-0.0928357243537902,True,False,False,True,True,0.2493949463533963,True,stable,7,8972,8
gradcam-df8d7c43e269b4bca88f,population-2a9bc5280db4a65672a1bbcb,survface,survface:registered_probe:5647_cam1_122,adaface-4df25b75e065b0b9ed43,pca,pca_64,pca_direct_cosine,0.05,True,frozen_origin,-0.0711369514465332,True,False,False,True,True,0.2504105522085266,True,stable,8,8972,8
gradcam-efff97438ec51f4b2337,population-2a9bc5280db4a65672a1bbcb,survface,survface:registered_probe:5244_23,adaface-4df25b75e065b0b9ed43,pca,pca_64,pca_direct_cosine,0.05,True,frozen_origin,0.0583966374397277,True,True,False,True,True,1.0384053804310385,True,threshold_crossing,1,8972,8
gradcam-16503bbbea7a70e1fd6b,population-2a9bc5280db4a65672a1bbcb,survface,survface:registered_probe:5244_20,adaface-4df25b75e065b0b9ed43,pca,pca_64,pca_direct_cosine,0.05,True,frozen_origin,0.171363353729248,True,True,False,True,True,1.011359545896173,True,threshold_crossing,2,8972,8
gradcam-411d91a4c7497adebf91,population-2a9bc5280db4a65672a1bbcb,survface,survface:registered_probe:5244_18,adaface-4df25b75e065b0b9ed43,pca,pca_64,pca_direct_cosine,0.05,True,frozen_origin,0.1392751336097717,True,True,False,True,True,1.0022791290105857,True,threshold_crossing,3,8972,8
gradcam-1e63043fd4e9275cbd53,population-2a9bc5280db4a65672a1bbcb,survface,survface:registered_probe:844_cam2_1,adaface-4df25b75e065b0b9ed43,pca,pca_64,pca_direct_cosine,0.05,True,frozen_origin,0.2132210731506347,True,True,False,True,True,0.984136513017372,True,threshold_crossing,4,8972,8
gradcam-0d88c5ace596653c6e96,population-2a9bc5280db4a65672a1bbcb,survface,survface:registered_probe:3954_cam2_1,adaface-4df25b75e065b0b9ed43,pca,pca_64,pca_direct_cosine,0.05,True,frozen_origin,0.367335170507431,True,True,False,True,True,0.9437785009714896,True,threshold_crossing,5,8972,8
gradcam-3e48a371fff57e75dfd5,population-2a9bc5280db4a65672a1bbcb,survface,survface:registered_probe:5244_11,adaface-4df25b75e065b0b9ed43,pca,pca_64,pca_direct_cosine,0.05,True,frozen_origin,0.2375577092170715,True,True,False,True,True,0.9035156683989024,True,threshold_crossing,6,8972,8
gradcam-4991e91efa3b85b00703,population-2a9bc5280db4a65672a1bbcb,survface,survface:registered_probe:262_cam1_1,adaface-4df25b75e065b0b9ed43,pca,pca_64,pca_direct_cosine,0.05,True,frozen_origin,0.1971127986907959,True,True,False,True,True,0.8696519148371191,True,threshold_crossing,7,8972,8
gradcam-32303758d658cbd1541a,population-2a9bc5280db4a65672a1bbcb,survface,survface:registered_probe:5227_19,adaface-4df25b75e065b0b9ed43,pca,pca_64,pca_direct_cosine,0.05,True,frozen_origin,0.1302052736282348,True,True,False,True,True,0.8424679429703056,True,threshold_crossing,8,8972,8
gradcam-77e8dbe56ddff8d91523,population-2a9bc5280db4a65672a1bbcb,survface,survface:registered_probe:2973_cam3_1,adaface-4df25b75e065b0b9ed43,pca,pca_64,pca_direct_cosine,0.1,True,frozen_origin,0.4231190383434295,True,False,False,True,True,1.1693506300866938,True,high_error,1,8972,8
gradcam-d367707868f25dd45dee,population-2a9bc5280db4a65672a1bbcb,survface,survface:unknown_unknown_probe:distractors_2510,adaface-4df25b75e065b0b9ed43,pca,pca_64,pca_direct_cosine,0.1,False,frozen_origin,0.3997610211372375,True,False,False,True,True,1.1306506795133724,True,high_error,2,8972,8
gradcam-44fb494884227d1f0ab6,population-2a9bc5280db4a65672a1bbcb,survface,survface:unknown_unknown_probe:2756_cam4_1,adaface-4df25b75e065b0b9ed43,pca,pca_64,pca_direct_cosine,0.1,False,frozen_origin,0.4492049515247345,True,False,False,True,True,1.097555828025039,True,high_error,3,8972,8
gradcam-cd056d8de308255ae7bc,population-2a9bc5280db4a65672a1bbcb,survface,survface:unknown_unknown_probe:4443_cam2_3,adaface-4df25b75e065b0b9ed43,pca,pca_64,pca_direct_cosine,0.1,False,frozen_origin,0.3626646995544433,True,False,False,True,True,1.0861210180289689,True,high_error,4,8972,8
gradcam-dff4cd770048cb32e2f1,population-2a9bc5280db4a65672a1bbcb,survface,survface:registered_probe:2742_cam2_1,adaface-4df25b75e065b0b9ed43,pca,pca_64,pca_direct_cosine,0.1,True,frozen_origin,0.2784696519374847,True,False,False,True,True,1.0821772997774837,True,high_error,5,8972,8
gradcam-3716da5fb8e6cd782aaf,population-2a9bc5280db4a65672a1bbcb,survface,survface:registered_probe:5244_25,adaface-4df25b75e065b0b9ed43,pca,pca_64,pca_direct_cosine,0.1,True,frozen_origin,0.0076040029525756,True,False,False,True,True,1.0527738041029693,True,high_error,6,8972,8
gradcam-0733e1d329fa48165a90,population-2a9bc5280db4a65672a1bbcb,survface,survface:unknown_unknown_probe:distractors_3567,adaface-4df25b75e065b0b9ed43,pca,pca_64,pca_direct_cosine,0.1,False,frozen_origin,0.3095097541809082,True,False,False,True,True,1.0460834967481158,True,high_error,7,8972,8
gradcam-ba94c531b14519a8f90e,population-2a9bc5280db4a65672a1bbcb,survface,survface:unknown_unknown_probe:10003_cam3_7,adaface-4df25b75e065b0b9ed43,pca,pca_64,pca_direct_cosine,0.1,False,frozen_origin,0.3317435383796692,True,False,False,True,True,1.0420044533121346,True,high_error,8,8972,8
gradcam-8af60a85efdd431ae5f4,population-2a9bc5280db4a65672a1bbcb,survface,survface:unknown_unknown_probe:distractors_21592,adaface-4df25b75e065b0b9ed43,pca,pca_64,pca_direct_cosine,0.1,False,frozen_origin,0.3512257933616638,False,False,False,True,True,1.1281314077797822,True,rank_flip,1,8972,8
gradcam-876436ffeefbeab486b4,population-2a9bc5280db4a65672a1bbcb,survface,survface:unknown_unknown_probe:2704_cam2_1,adaface-4df25b75e065b0b9ed43,pca,pca_64,pca_direct_cosine,0.1,False,frozen_origin,0.3521602749824524,False,False,False,True,True,1.1215629963480902,True,rank_flip,2,8972,8
gradcam-d0e78e11da1ead05f20d,population-2a9bc5280db4a65672a1bbcb,survface,survface:unknown_unknown_probe:distractors_4031,adaface-4df25b75e065b0b9ed43,pca,pca_64,pca_direct_cosine,0.1,False,frozen_origin,0.2002761363983154,False,False,False,True,True,1.1147654300919918,True,rank_flip,3,8972,8
gradcam-174b489755725f241563,population-2a9bc5280db4a65672a1bbcb,survface,survface:unknown_unknown_probe:distractors_3041,adaface-4df25b75e065b0b9ed43,pca,pca_64,pca_direct_cosine,0.1,False,frozen_origin,0.4504362195730209,False,False,False,True,True,1.1114848539770303,True,rank_flip,4,8972,8
gradcam-9ac388fde1fd6e1ad5b5,population-2a9bc5280db4a65672a1bbcb,survface,survface:unknown_unknown_probe:distractors_2648,adaface-4df25b75e065b0b9ed43,pca,pca_64,pca_direct_cosine,0.1,False,frozen_origin,0.3796190619468689,False,False,False,True,True,1.1075889602865452,True,rank_flip,5,8972,8
gradcam-1ba16dbc78f95f62b310,population-2a9bc5280db4a65672a1bbcb,survface,survface:registered_probe:707_cam2_1,adaface-4df25b75e065b0b9ed43,pca,pca_64,pca_direct_cosine,0.1,True,frozen_origin,0.4012997150421142,False,False,False,True,True,1.1028559545960994,True,rank_flip,6,8972,8
gradcam-f8e3d08b86d1c3534523,population-2a9bc5280db4a65672a1bbcb,survface,survface:registered_probe:5244_28,adaface-4df25b75e065b0b9ed43,pca,pca_64,pca_direct_cosine,0.1,True,frozen_origin,0.0276683568954467,False,False,False,True,True,1.1022239445200277,True,rank_flip,7,8972,8
gradcam-d82ad00f215c65dc7d3e,population-2a9bc5280db4a65672a1bbcb,survface,survface:unknown_unknown_probe:distractors_12176,adaface-4df25b75e065b0b9ed43,pca,pca_64,pca_direct_cosine,0.1,False,frozen_origin,0.391117662191391,False,False,False,True,True,1.0975447265703075,True,rank_flip,8,8972,8
gradcam-e258fdda04d9c60bcf8c,population-2a9bc5280db4a65672a1bbcb,survface,survface:unknown_unknown_probe:5783_cam1_37,adaface-4df25b75e065b0b9ed43,pca,pca_64,pca_direct_cosine,0.1,False,frozen_origin,-0.0960745811462402,True,False,False,True,True,0.2251166132646221,True,stable,1,8972,8
gradcam-a1a68c4ae42ecfdca3cf,population-2a9bc5280db4a65672a1bbcb,survface,survface:unknown_unknown_probe:10256_cam1_19,adaface-4df25b75e065b0b9ed43,pca,pca_64,pca_direct_cosine,0.1,False,frozen_origin,-0.1063364148139953,True,False,False,True,True,0.2350080823931585,True,stable,2,8972,8
gradcam-25859980eeb684a0b0a4,population-2a9bc5280db4a65672a1bbcb,survface,survface:registered_probe:5647_cam1_47,adaface-4df25b75e065b0b9ed43,pca,pca_64,pca_direct_cosine,0.1,True,frozen_origin,-0.0617638230323791,True,False,False,True,True,0.2373605693345635,True,stable,3,8972,8
gradcam-1a7c904e8c0456f2095c,population-2a9bc5280db4a65672a1bbcb,survface,survface:registered_probe:5647_cam1_249,adaface-4df25b75e065b0b9ed43,pca,pca_64,pca_direct_cosine,0.1,True,frozen_origin,-0.0799359679222107,True,False,False,True,True,0.2374095529141091,True,stable,4,8972,8
gradcam-3c6822e2061d7b81530b,population-2a9bc5280db4a65672a1bbcb,survface,survface:registered_probe:5789_cam1_63,adaface-4df25b75e065b0b9ed43,pca,pca_64,pca_direct_cosine,0.1,True,frozen_origin,-0.0236462354660034,True,False,False,True,True,0.2374530422486994,True,stable,5,8972,8
gradcam-cae67ad2f3d1de09512c,population-2a9bc5280db4a65672a1bbcb,survface,survface:registered_probe:5813_cam1_1,adaface-4df25b75e065b0b9ed43,pca,pca_64,pca_direct_cosine,0.1,True,frozen_origin,-0.0967971086502075,True,False,False,True,True,0.2406727821029112,True,stable,6,8972,8
gradcam-194b8cc14f2162e5928c,population-2a9bc5280db4a65672a1bbcb,survface,survface:registered_probe:5678_cam1_16,adaface-4df25b75e065b0b9ed43,pca,pca_64,pca_direct_cosine,0.1,True,frozen_origin,-0.0899773240089416,True,False,False,True,True,0.2416114280456398,True,stable,7,8972,8
gradcam-5c7a0c2010574c18290b,population-2a9bc5280db4a65672a1bbcb,survface,survface:unknown_unknown_probe:9690_cam2_26,adaface-4df25b75e065b0b9ed43,pca,pca_64,pca_direct_cosine,0.1,False,frozen_origin,-0.1189666986465454,True,False,False,True,True,0.2473879117401284,True,stable,8,8972,8
gradcam-14f019e60afee45254dd,population-2a9bc5280db4a65672a1bbcb,survface,survface:registered_probe:5244_23,adaface-4df25b75e065b0b9ed43,pca,pca_64,pca_direct_cosine,0.1,True,frozen_origin,0.0583966374397277,True,True,False,True,True,1.0384053804310385,True,threshold_crossing,1,8972,8
gradcam-fd494cf2959abe932aba,population-2a9bc5280db4a65672a1bbcb,survface,survface:registered_probe:5244_20,adaface-4df25b75e065b0b9ed43,pca,pca_64,pca_direct_cosine,0.1,True,frozen_origin,0.171363353729248,True,True,False,True,True,1.011359545896173,True,threshold_crossing,2,8972,8
gradcam-3fe6f5a5898b33e8db4b,population-2a9bc5280db4a65672a1bbcb,survface,survface:registered_probe:5244_18,adaface-4df25b75e065b0b9ed43,pca,pca_64,pca_direct_cosine,0.1,True,frozen_origin,0.1392751336097717,True,True,False,True,True,1.0022791290105857,True,threshold_crossing,3,8972,8
gradcam-30542cc892e4e67fe48d,population-2a9bc5280db4a65672a1bbcb,survface,survface:registered_probe:844_cam2_1,adaface-4df25b75e065b0b9ed43,pca,pca_64,pca_direct_cosine,0.1,True,frozen_origin,0.2132210731506347,True,True,False,True,True,0.984136513017372,True,threshold_crossing,4,8972,8
gradcam-5aaceacc377fe56b0782,population-2a9bc5280db4a65672a1bbcb,survface,survface:registered_probe:3954_cam2_1,adaface-4df25b75e065b0b9ed43,pca,pca_64,pca_direct_cosine,0.1,True,frozen_origin,0.367335170507431,True,True,False,True,True,0.9437785009714896,True,threshold_crossing,5,8972,8
gradcam-a2d06ebfb4ec81b4ec24,population-2a9bc5280db4a65672a1bbcb,survface,survface:registered_probe:5244_11,adaface-4df25b75e065b0b9ed43,pca,pca_64,pca_direct_cosine,0.1,True,frozen_origin,0.2375577092170715,True,True,False,True,True,0.9035156683989024,True,threshold_crossing,6,8972,8
gradcam-855b13d2545bc347ca1e,population-2a9bc5280db4a65672a1bbcb,survface,survface:unknown_unknown_probe:9581_cam1_30,adaface-4df25b75e065b0b9ed43,pca,pca_64,pca_direct_cosine,0.1,False,frozen_origin,0.3874977529048919,True,True,False,True,True,0.8947645441464611,True,threshold_crossing,7,8972,8
gradcam-b1b4c8bb69a2232a3e80,population-2a9bc5280db4a65672a1bbcb,survface,survface:registered_probe:5227_22,adaface-4df25b75e065b0b9ed43,pca,pca_64,pca_direct_cosine,0.1,True,frozen_origin,0.1206114292144775,True,True,False,True,True,0.8849227425487646,True,threshold_crossing,8,8972,8
gradcam-28cc757569924705cb91,population-2a9bc5280db4a65672a1bbcb,survface,survface:registered_probe:2973_cam3_1,adaface-4df25b75e065b0b9ed43,pca,pca_64,pca_direct_cosine,0.2,True,frozen_origin,0.4231190383434295,True,False,False,True,True,1.1693506300866938,True,high_error,1,8972,8
gradcam-70bdfb8d6c2a8905f2ac,population-2a9bc5280db4a65672a1bbcb,survface,survface:unknown_unknown_probe:distractors_2510,adaface-4df25b75e065b0b9ed43,pca,pca_64,pca_direct_cosine,0.2,False,frozen_origin,0.3997610211372375,True,False,False,True,True,1.1306506795133724,True,high_error,2,8972,8
gradcam-3a7fc5aa7f9c5b9a3742,population-2a9bc5280db4a65672a1bbcb,survface,survface:unknown_unknown_probe:2756_cam4_1,adaface-4df25b75e065b0b9ed43,pca,pca_64,pca_direct_cosine,0.2,False,frozen_origin,0.4492049515247345,True,False,False,True,True,1.097555828025039,True,high_error,3,8972,8
gradcam-0b675eb0933892556263,population-2a9bc5280db4a65672a1bbcb,survface,survface:unknown_unknown_probe:4443_cam2_3,adaface-4df25b75e065b0b9ed43,pca,pca_64,pca_direct_cosine,0.2,False,frozen_origin,0.3626646995544433,True,False,False,True,True,1.0861210180289689,True,high_error,4,8972,8
gradcam-d0cf0078b2078c65b51e,population-2a9bc5280db4a65672a1bbcb,survface,survface:registered_probe:2742_cam2_1,adaface-4df25b75e065b0b9ed43,pca,pca_64,pca_direct_cosine,0.2,True,frozen_origin,0.2784696519374847,True,False,False,True,True,1.0821772997774837,True,high_error,5,8972,8
gradcam-f96adedbace6d7a23ead,population-2a9bc5280db4a65672a1bbcb,survface,survface:registered_probe:5244_25,adaface-4df25b75e065b0b9ed43,pca,pca_64,pca_direct_cosine,0.2,True,frozen_origin,0.0076040029525756,True,False,False,True,True,1.0527738041029693,True,high_error,6,8972,8
gradcam-393193d155d5b7bc4812,population-2a9bc5280db4a65672a1bbcb,survface,survface:unknown_unknown_probe:10003_cam3_7,adaface-4df25b75e065b0b9ed43,pca,pca_64,pca_direct_cosine,0.2,False,frozen_origin,0.3317435383796692,True,False,False,True,True,1.0420044533121346,True,high_error,7,8972,8
gradcam-a24322e50d6542f15123,population-2a9bc5280db4a65672a1bbcb,survface,survface:registered_probe:5244_23,adaface-4df25b75e065b0b9ed43,pca,pca_64,pca_direct_cosine,0.2,True,frozen_origin,0.0583966374397277,True,False,False,True,True,1.0384053804310385,True,high_error,8,8972,8
gradcam-fdd3a1fcec3952558fb7,population-2a9bc5280db4a65672a1bbcb,survface,survface:unknown_unknown_probe:distractors_21592,adaface-4df25b75e065b0b9ed43,pca,pca_64,pca_direct_cosine,0.2,False,frozen_origin,0.3512257933616638,False,False,False,True,True,1.1281314077797822,True,rank_flip,1,8972,8
gradcam-30241998674a2b5ea20a,population-2a9bc5280db4a65672a1bbcb,survface,survface:unknown_unknown_probe:2704_cam2_1,adaface-4df25b75e065b0b9ed43,pca,pca_64,pca_direct_cosine,0.2,False,frozen_origin,0.3521602749824524,False,False,False,True,True,1.1215629963480902,True,rank_flip,2,8972,8
gradcam-fc3fefefa3a7d7c96911,population-2a9bc5280db4a65672a1bbcb,survface,survface:unknown_unknown_probe:distractors_4031,adaface-4df25b75e065b0b9ed43,pca,pca_64,pca_direct_cosine,0.2,False,frozen_origin,0.2002761363983154,False,False,False,True,True,1.1147654300919918,True,rank_flip,3,8972,8
gradcam-27333569dfe59d199b0d,population-2a9bc5280db4a65672a1bbcb,survface,survface:unknown_unknown_probe:distractors_3041,adaface-4df25b75e065b0b9ed43,pca,pca_64,pca_direct_cosine,0.2,False,frozen_origin,0.4504362195730209,False,False,False,True,True,1.1114848539770303,True,rank_flip,4,8972,8
gradcam-a5d89cdd16408f26058a,population-2a9bc5280db4a65672a1bbcb,survface,survface:unknown_unknown_probe:distractors_2648,adaface-4df25b75e065b0b9ed43,pca,pca_64,pca_direct_cosine,0.2,False,frozen_origin,0.3796190619468689,False,False,False,True,True,1.1075889602865452,True,rank_flip,5,8972,8
gradcam-8d5bdbd2946ccc5b0c0c,population-2a9bc5280db4a65672a1bbcb,survface,survface:registered_probe:707_cam2_1,adaface-4df25b75e065b0b9ed43,pca,pca_64,pca_direct_cosine,0.2,True,frozen_origin,0.4012997150421142,False,False,False,True,True,1.1028559545960994,True,rank_flip,6,8972,8
gradcam-eb742edce0f925d6cb9c,population-2a9bc5280db4a65672a1bbcb,survface,survface:registered_probe:5244_28,adaface-4df25b75e065b0b9ed43,pca,pca_64,pca_direct_cosine,0.2,True,frozen_origin,0.0276683568954467,False,False,False,True,True,1.1022239445200277,True,rank_flip,7,8972,8
gradcam-e59b62e4ccac0399c623,population-2a9bc5280db4a65672a1bbcb,survface,survface:unknown_unknown_probe:distractors_12176,adaface-4df25b75e065b0b9ed43,pca,pca_64,pca_direct_cosine,0.2,False,frozen_origin,0.391117662191391,False,False,False,True,True,1.0975447265703075,True,rank_flip,8,8972,8
gradcam-87e1db8fbfda08236cb0,population-2a9bc5280db4a65672a1bbcb,survface,survface:unknown_unknown_probe:5783_cam1_37,adaface-4df25b75e065b0b9ed43,pca,pca_64,pca_direct_cosine,0.2,False,frozen_origin,-0.0960745811462402,True,False,False,True,True,0.2251166132646221,True,stable,1,8972,8
gradcam-b4fd5b214b512c9e353b,population-2a9bc5280db4a65672a1bbcb,survface,survface:unknown_unknown_probe:9015_cam2_11,adaface-4df25b75e065b0b9ed43,pca,pca_64,pca_direct_cosine,0.2,False,frozen_origin,-0.0975470542907714,True,False,False,True,True,0.2276654849229745,True,stable,2,8972,8
gradcam-b8c0ca11dd00b8824e82,population-2a9bc5280db4a65672a1bbcb,survface,survface:registered_probe:5647_cam1_96,adaface-4df25b75e065b0b9ed43,pca,pca_64,pca_direct_cosine,0.2,True,frozen_origin,-0.1016018986701965,True,False,False,True,True,0.2343862499946477,True,stable,3,8972,8
gradcam-4388a63970af89eddf2a,population-2a9bc5280db4a65672a1bbcb,survface,survface:unknown_unknown_probe:10256_cam1_19,adaface-4df25b75e065b0b9ed43,pca,pca_64,pca_direct_cosine,0.2,False,frozen_origin,-0.1063364148139953,True,False,False,True,True,0.2350080823931585,True,stable,4,8972,8
gradcam-74f057e930e97cff0521,population-2a9bc5280db4a65672a1bbcb,survface,survface:unknown_unknown_probe:9884_cam3_8,adaface-4df25b75e065b0b9ed43,pca,pca_64,pca_direct_cosine,0.2,False,frozen_origin,-0.0986660122871398,True,False,False,True,True,0.2372332012960223,True,stable,5,8972,8
gradcam-d35c4ce23bb8bf9d46b6,population-2a9bc5280db4a65672a1bbcb,survface,survface:registered_probe:5647_cam1_47,adaface-4df25b75e065b0b9ed43,pca,pca_64,pca_direct_cosine,0.2,True,frozen_origin,-0.0617638230323791,True,False,False,True,True,0.2373605693345635,True,stable,6,8972,8
gradcam-b6410aff03cdecbcffe7,population-2a9bc5280db4a65672a1bbcb,survface,survface:registered_probe:5647_cam1_249,adaface-4df25b75e065b0b9ed43,pca,pca_64,pca_direct_cosine,0.2,True,frozen_origin,-0.0799359679222107,True,False,False,True,True,0.2374095529141091,True,stable,7,8972,8
gradcam-71e8d01d5f8b45a1c605,population-2a9bc5280db4a65672a1bbcb,survface,survface:registered_probe:5789_cam1_63,adaface-4df25b75e065b0b9ed43,pca,pca_64,pca_direct_cosine,0.2,True,frozen_origin,-0.0236462354660034,True,False,False,True,True,0.2374530422486994,True,stable,8,8972,8
gradcam-35bb2331c982318fe10d,population-2a9bc5280db4a65672a1bbcb,survface,survface:unknown_unknown_probe:248_cam2_1,adaface-4df25b75e065b0b9ed43,pca,pca_64,pca_direct_cosine,0.2,False,frozen_origin,0.4721154570579529,False,True,False,True,True,1.0769415377159577,True,threshold_crossing,1,8972,8
gradcam-2bfd9b033958f5e44446,population-2a9bc5280db4a65672a1bbcb,survface,survface:unknown_unknown_probe:distractors_3567,adaface-4df25b75e065b0b9ed43,pca,pca_64,pca_direct_cosine,0.2,False,frozen_origin,0.3095097541809082,True,True,False,True,True,1.0460834967481158,True,threshold_crossing,2,8972,8
gradcam-170db6fc7d6320141aa1,population-2a9bc5280db4a65672a1bbcb,survface,survface:unknown_unknown_probe:distractors_1458,adaface-4df25b75e065b0b9ed43,pca,pca_64,pca_direct_cosine,0.2,False,frozen_origin,0.4304846525192261,False,True,False,True,True,1.04171619252026,True,threshold_crossing,3,8972,8
gradcam-f322536a88649fd4ba29,population-2a9bc5280db4a65672a1bbcb,survface,survface:unknown_unknown_probe:4245_cam2_1,adaface-4df25b75e065b0b9ed43,pca,pca_64,pca_direct_cosine,0.2,False,frozen_origin,0.5316993892192841,True,True,False,True,True,1.0352915197549812,True,threshold_crossing,4,8972,8
gradcam-5c8e4557c4863257f2f7,population-2a9bc5280db4a65672a1bbcb,survface,survface:registered_probe:8645_cam2_16,adaface-4df25b75e065b0b9ed43,pca,pca_64,pca_direct_cosine,0.2,True,frozen_origin,0.4921607077121734,False,True,False,True,True,1.0333132257189803,True,threshold_crossing,5,8972,8
gradcam-83c81b003198e8e64923,population-2a9bc5280db4a65672a1bbcb,survface,survface:registered_probe:5244_20,adaface-4df25b75e065b0b9ed43,pca,pca_64,pca_direct_cosine,0.2,True,frozen_origin,0.171363353729248,True,True,False,True,True,1.011359545896173,True,threshold_crossing,6,8972,8
gradcam-afe6280cdc925c060e10,population-2a9bc5280db4a65672a1bbcb,survface,survface:unknown_unknown_probe:4492_cam2_1,adaface-4df25b75e065b0b9ed43,pca,pca_64,pca_direct_cosine,0.2,False,frozen_origin,0.3067208230495453,True,True,False,True,True,1.0062592383571454,True,threshold_crossing,7,8972,8
gradcam-c5a0a20ff01bc4e83cb5,population-2a9bc5280db4a65672a1bbcb,survface,survface:unknown_unknown_probe:833_cam3_1,adaface-4df25b75e065b0b9ed43,pca,pca_64,pca_direct_cosine,0.2,False,frozen_origin,0.4586403369903564,False,True,False,True,True,1.003977845089317,True,threshold_crossing,8,8972,8
gradcam-8716e65f21b30e05eed4,population-2a9bc5280db4a65672a1bbcb,survface,survface:unknown_unknown_probe:2756_cam4_1,adaface-4df25b75e065b0b9ed43,pca,pca_64,pca_direct_cosine,0.3,False,frozen_origin,0.4492049515247345,True,False,False,True,True,1.097555828025039,True,high_error,1,8972,8
gradcam-3817b643e34654f0c33e,population-2a9bc5280db4a65672a1bbcb,survface,survface:unknown_unknown_probe:4443_cam2_3,adaface-4df25b75e065b0b9ed43,pca,pca_64,pca_direct_cosine,0.3,False,frozen_origin,0.3626646995544433,True,False,False,True,True,1.0861210180289689,True,high_error,2,8972,8
gradcam-3373a49273ee69c88673,population-2a9bc5280db4a65672a1bbcb,survface,survface:registered_probe:5244_25,adaface-4df25b75e065b0b9ed43,pca,pca_64,pca_direct_cosine,0.3,True,frozen_origin,0.0076040029525756,True,False,False,True,True,1.0527738041029693,True,high_error,3,8972,8
gradcam-c39146475e66f0a7bcf4,population-2a9bc5280db4a65672a1bbcb,survface,survface:unknown_unknown_probe:10003_cam3_7,adaface-4df25b75e065b0b9ed43,pca,pca_64,pca_direct_cosine,0.3,False,frozen_origin,0.3317435383796692,True,False,False,True,True,1.0420044533121346,True,high_error,4,8972,8
gradcam-4397f7dcde71777beded,population-2a9bc5280db4a65672a1bbcb,survface,survface:registered_probe:5244_23,adaface-4df25b75e065b0b9ed43,pca,pca_64,pca_direct_cosine,0.3,True,frozen_origin,0.0583966374397277,True,False,False,True,True,1.0384053804310385,True,high_error,5,8972,8
gradcam-9ef53413a0304d4c71a0,population-2a9bc5280db4a65672a1bbcb,survface,survface:unknown_unknown_probe:distractors_3192,adaface-4df25b75e065b0b9ed43,pca,pca_64,pca_direct_cosine,0.3,False,frozen_origin,0.341744989156723,True,False,False,True,True,1.03296234020363,True,high_error,6,8972,8
gradcam-b51dfb9b54c05ddbb44e,population-2a9bc5280db4a65672a1bbcb,survface,survface:unknown_unknown_probe:distractors_12174,adaface-4df25b75e065b0b9ed43,pca,pca_64,pca_direct_cosine,0.3,False,frozen_origin,0.2839723825454712,True,False,False,True,True,1.0304822897527233,True,high_error,7,8972,8
gradcam-2f9ce0c33d1ac92beccc,population-2a9bc5280db4a65672a1bbcb,survface,survface:registered_probe:9197_cam1_97,adaface-4df25b75e065b0b9ed43,pca,pca_64,pca_direct_cosine,0.3,True,frozen_origin,0.2422313094139099,True,False,False,True,True,1.0286092036670518,True,high_error,8,8972,8
gradcam-0db597538c59269b3ab9,population-2a9bc5280db4a65672a1bbcb,survface,survface:unknown_unknown_probe:distractors_21592,adaface-4df25b75e065b0b9ed43,pca,pca_64,pca_direct_cosine,0.3,False,frozen_origin,0.3512257933616638,False,False,False,True,True,1.1281314077797822,True,rank_flip,1,8972,8
gradcam-b89fceadad9a9553fea3,population-2a9bc5280db4a65672a1bbcb,survface,survface:unknown_unknown_probe:2704_cam2_1,adaface-4df25b75e065b0b9ed43,pca,pca_64,pca_direct_cosine,0.3,False,frozen_origin,0.3521602749824524,False,False,False,True,True,1.1215629963480902,True,rank_flip,2,8972,8
gradcam-799ac9c2c84a08ce119b,population-2a9bc5280db4a65672a1bbcb,survface,survface:unknown_unknown_probe:distractors_4031,adaface-4df25b75e065b0b9ed43,pca,pca_64,pca_direct_cosine,0.3,False,frozen_origin,0.2002761363983154,False,False,False,True,True,1.1147654300919918,True,rank_flip,3,8972,8
gradcam-21568e1363a8215b3fdf,population-2a9bc5280db4a65672a1bbcb,survface,survface:unknown_unknown_probe:distractors_3041,adaface-4df25b75e065b0b9ed43,pca,pca_64,pca_direct_cosine,0.3,False,frozen_origin,0.4504362195730209,False,False,False,True,True,1.1114848539770303,True,rank_flip,4,8972,8
gradcam-6307d9af742a1660ccc0,population-2a9bc5280db4a65672a1bbcb,survface,survface:unknown_unknown_probe:distractors_2648,adaface-4df25b75e065b0b9ed43,pca,pca_64,pca_direct_cosine,0.3,False,frozen_origin,0.3796190619468689,False,False,False,True,True,1.1075889602865452,True,rank_flip,5,8972,8
gradcam-6444019898d162595c14,population-2a9bc5280db4a65672a1bbcb,survface,survface:registered_probe:707_cam2_1,adaface-4df25b75e065b0b9ed43,pca,pca_64,pca_direct_cosine,0.3,True,frozen_origin,0.4012997150421142,False,False,False,True,True,1.1028559545960994,True,rank_flip,6,8972,8
gradcam-70ed61b96611b41f8437,population-2a9bc5280db4a65672a1bbcb,survface,survface:registered_probe:5244_28,adaface-4df25b75e065b0b9ed43,pca,pca_64,pca_direct_cosine,0.3,True,frozen_origin,0.0276683568954467,False,False,False,True,True,1.1022239445200277,True,rank_flip,7,8972,8
gradcam-4bb10bd8a667d30dea3a,population-2a9bc5280db4a65672a1bbcb,survface,survface:unknown_unknown_probe:distractors_12176,adaface-4df25b75e065b0b9ed43,pca,pca_64,pca_direct_cosine,0.3,False,frozen_origin,0.391117662191391,False,False,False,True,True,1.0975447265703075,True,rank_flip,8,8972,8
gradcam-c876e0ef59cd6f241868,population-2a9bc5280db4a65672a1bbcb,survface,survface:unknown_unknown_probe:5783_cam1_37,adaface-4df25b75e065b0b9ed43,pca,pca_64,pca_direct_cosine,0.3,False,frozen_origin,-0.0960745811462402,True,False,False,True,True,0.2251166132646221,True,stable,1,8972,8
gradcam-6a3c0b970a48709212e4,population-2a9bc5280db4a65672a1bbcb,survface,survface:unknown_unknown_probe:9015_cam2_11,adaface-4df25b75e065b0b9ed43,pca,pca_64,pca_direct_cosine,0.3,False,frozen_origin,-0.0975470542907714,True,False,False,True,True,0.2276654849229745,True,stable,2,8972,8
gradcam-1cf06f1b1a7f0a2c2e9a,population-2a9bc5280db4a65672a1bbcb,survface,survface:registered_probe:5647_cam1_96,adaface-4df25b75e065b0b9ed43,pca,pca_64,pca_direct_cosine,0.3,True,frozen_origin,-0.1016018986701965,True,False,False,True,True,0.2343862499946477,True,stable,3,8972,8
gradcam-cd421fbe96e63ce5a805,population-2a9bc5280db4a65672a1bbcb,survface,survface:unknown_unknown_probe:10256_cam1_19,adaface-4df25b75e065b0b9ed43,pca,pca_64,pca_direct_cosine,0.3,False,frozen_origin,-0.1063364148139953,True,False,False,True,True,0.2350080823931585,True,stable,4,8972,8
gradcam-aa24ab2e5c4c2284544b,population-2a9bc5280db4a65672a1bbcb,survface,survface:registered_probe:5716_cam2_78,adaface-4df25b75e065b0b9ed43,pca,pca_64,pca_direct_cosine,0.3,True,frozen_origin,-0.1389639973640442,True,False,False,True,True,0.2367976282350543,True,stable,5,8972,8
gradcam-71f71a80bcb5138fe5ec,population-2a9bc5280db4a65672a1bbcb,survface,survface:unknown_unknown_probe:9884_cam3_8,adaface-4df25b75e065b0b9ed43,pca,pca_64,pca_direct_cosine,0.3,False,frozen_origin,-0.0986660122871398,True,False,False,True,True,0.2372332012960223,True,stable,6,8972,8
gradcam-f570ce701a2d2380c9b3,population-2a9bc5280db4a65672a1bbcb,survface,survface:registered_probe:5647_cam1_47,adaface-4df25b75e065b0b9ed43,pca,pca_64,pca_direct_cosine,0.3,True,frozen_origin,-0.0617638230323791,True,False,False,True,True,0.2373605693345635,True,stable,7,8972,8
gradcam-ef46e8b98c50bfbc1cb8,population-2a9bc5280db4a65672a1bbcb,survface,survface:registered_probe:5647_cam1_249,adaface-4df25b75e065b0b9ed43,pca,pca_64,pca_direct_cosine,0.3,True,frozen_origin,-0.0799359679222107,True,False,False,True,True,0.2374095529141091,True,stable,8,8972,8
gradcam-d2c7d1ebf16b4eae8ffa,population-2a9bc5280db4a65672a1bbcb,survface,survface:registered_probe:2973_cam3_1,adaface-4df25b75e065b0b9ed43,pca,pca_64,pca_direct_cosine,0.3,True,frozen_origin,0.4231190383434295,True,True,False,True,True,1.1693506300866938,True,threshold_crossing,1,8972,8
gradcam-c931fbaa613841ed690a,population-2a9bc5280db4a65672a1bbcb,survface,survface:unknown_unknown_probe:distractors_2510,adaface-4df25b75e065b0b9ed43,pca,pca_64,pca_direct_cosine,0.3,False,frozen_origin,0.3997610211372375,True,True,False,True,True,1.1306506795133724,True,threshold_crossing,2,8972,8
gradcam-2d23d6b4e84427c37132,population-2a9bc5280db4a65672a1bbcb,survface,survface:registered_probe:2742_cam2_1,adaface-4df25b75e065b0b9ed43,pca,pca_64,pca_direct_cosine,0.3,True,frozen_origin,0.2784696519374847,True,True,False,True,True,1.0821772997774837,True,threshold_crossing,3,8972,8
gradcam-479bec62347a3e61b34c,population-2a9bc5280db4a65672a1bbcb,survface,survface:unknown_unknown_probe:248_cam2_1,adaface-4df25b75e065b0b9ed43,pca,pca_64,pca_direct_cosine,0.3,False,frozen_origin,0.4721154570579529,False,True,False,True,True,1.0769415377159577,True,threshold_crossing,4,8972,8
gradcam-021775a5541abfc6c9b0,population-2a9bc5280db4a65672a1bbcb,survface,survface:unknown_unknown_probe:distractors_4105,adaface-4df25b75e065b0b9ed43,pca,pca_64,pca_direct_cosine,0.3,False,frozen_origin,0.3803280293941498,False,True,False,True,True,1.0571001068683916,True,threshold_crossing,5,8972,8
gradcam-5e362a297e97822d88c2,population-2a9bc5280db4a65672a1bbcb,survface,survface:unknown_unknown_probe:distractors_3567,adaface-4df25b75e065b0b9ed43,pca,pca_64,pca_direct_cosine,0.3,False,frozen_origin,0.3095097541809082,True,True,False,True,True,1.0460834967481158,True,threshold_crossing,6,8972,8
gradcam-c7bbf9abbc60400dc027,population-2a9bc5280db4a65672a1bbcb,survface,survface:unknown_unknown_probe:distractors_1458,adaface-4df25b75e065b0b9ed43,pca,pca_64,pca_direct_cosine,0.3,False,frozen_origin,0.4304846525192261,False,True,False,True,True,1.04171619252026,True,threshold_crossing,7,8972,8
gradcam-5d917f969057fd4f3a22,population-2a9bc5280db4a65672a1bbcb,survface,survface:unknown_unknown_probe:4245_cam2_1,adaface-4df25b75e065b0b9ed43,pca,pca_64,pca_direct_cosine,0.3,False,frozen_origin,0.5316993892192841,True,True,False,True,True,1.0352915197549812,True,threshold_crossing,8,8972,8
gradcam-e8cb770f0220e04349ee,population-2a9bc5280db4a65672a1bbcb,survface,survface:registered_probe:2973_cam3_1,adaface-4df25b75e065b0b9ed43,pca,pca_64,pca_reconstruction_cosine,0.01,True,frozen_origin,0.1308187246322631,True,False,False,True,True,1.1693506300866938,True,high_error,1,8972,8
gradcam-9b111c294884cfac67ca,population-2a9bc5280db4a65672a1bbcb,survface,survface:registered_probe:5244_28,adaface-4df25b75e065b0b9ed43,pca,pca_64,pca_reconstruction_cosine,0.01,True,frozen_origin,-0.022023320198059,True,False,False,True,True,1.1022239445200277,True,high_error,2,8972,8
gradcam-814ab26ecd258dbe1a7c,population-2a9bc5280db4a65672a1bbcb,survface,survface:unknown_unknown_probe:2756_cam4_1,adaface-4df25b75e065b0b9ed43,pca,pca_64,pca_reconstruction_cosine,0.01,False,frozen_origin,0.2083393633365631,True,False,False,True,True,1.097555828025039,True,high_error,3,8972,8
gradcam-2f547868ee203b6ed904,population-2a9bc5280db4a65672a1bbcb,survface,survface:unknown_unknown_probe:distractors_12176,adaface-4df25b75e065b0b9ed43,pca,pca_64,pca_reconstruction_cosine,0.01,False,frozen_origin,0.277810126543045,True,False,False,True,True,1.0975447265703075,True,high_error,4,8972,8
gradcam-060e967761942d76ac0c,population-2a9bc5280db4a65672a1bbcb,survface,survface:unknown_unknown_probe:9037_cam2_22,adaface-4df25b75e065b0b9ed43,pca,pca_64,pca_reconstruction_cosine,0.01,False,frozen_origin,0.2186153382062912,True,False,False,True,True,1.0963104733977644,True,high_error,5,8972,8
gradcam-e0c25ede458f8b39277f,population-2a9bc5280db4a65672a1bbcb,survface,survface:registered_probe:4802_cam2_2,adaface-4df25b75e065b0b9ed43,pca,pca_64,pca_reconstruction_cosine,0.01,True,frozen_origin,0.0671925544738769,True,False,False,True,True,1.0948329384994346,True,high_error,6,8972,8
gradcam-ad11325beef91e54e4f2,population-2a9bc5280db4a65672a1bbcb,survface,survface:unknown_unknown_probe:728_cam2_1,adaface-4df25b75e065b0b9ed43,pca,pca_64,pca_reconstruction_cosine,0.01,False,frozen_origin,0.2111927270889282,True,False,False,True,True,1.0941419895273428,True,high_error,7,8972,8
gradcam-c8f4a5bff36b3abd44d7,population-2a9bc5280db4a65672a1bbcb,survface,survface:unknown_unknown_probe:4443_cam2_3,adaface-4df25b75e065b0b9ed43,pca,pca_64,pca_reconstruction_cosine,0.01,False,frozen_origin,0.2554256916046142,True,False,False,True,True,1.0861210180289689,True,high_error,8,8972,8
gradcam-c65b3a1a5a4e4e69efb2,population-2a9bc5280db4a65672a1bbcb,survface,survface:unknown_unknown_probe:distractors_2510,adaface-4df25b75e065b0b9ed43,pca,pca_64,pca_reconstruction_cosine,0.01,False,frozen_origin,0.1785260438919067,False,False,False,True,True,1.1306506795133724,True,rank_flip,1,8972,8
gradcam-4f2a06f2b8d0faec1ffc,population-2a9bc5280db4a65672a1bbcb,survface,survface:unknown_unknown_probe:distractors_21592,adaface-4df25b75e065b0b9ed43,pca,pca_64,pca_reconstruction_cosine,0.01,False,frozen_origin,0.1631868481636047,False,False,False,True,True,1.1281314077797822,True,rank_flip,2,8972,8
gradcam-50e35398fd46c904c767,population-2a9bc5280db4a65672a1bbcb,survface,survface:unknown_unknown_probe:2704_cam2_1,adaface-4df25b75e065b0b9ed43,pca,pca_64,pca_reconstruction_cosine,0.01,False,frozen_origin,0.2160974740982055,False,False,False,True,True,1.1215629963480902,True,rank_flip,3,8972,8
gradcam-174f18e71ba07c668cfd,population-2a9bc5280db4a65672a1bbcb,survface,survface:unknown_unknown_probe:distractors_4031,adaface-4df25b75e065b0b9ed43,pca,pca_64,pca_reconstruction_cosine,0.01,False,frozen_origin,0.2362440228462219,False,False,False,True,True,1.1147654300919918,True,rank_flip,4,8972,8
gradcam-906581c1576938b7f422,population-2a9bc5280db4a65672a1bbcb,survface,survface:unknown_unknown_probe:distractors_3041,adaface-4df25b75e065b0b9ed43,pca,pca_64,pca_reconstruction_cosine,0.01,False,frozen_origin,0.2046397179365158,False,False,False,True,True,1.1114848539770303,True,rank_flip,5,8972,8
gradcam-8df3cfcd5390ccab712e,population-2a9bc5280db4a65672a1bbcb,survface,survface:unknown_unknown_probe:distractors_2648,adaface-4df25b75e065b0b9ed43,pca,pca_64,pca_reconstruction_cosine,0.01,False,frozen_origin,0.200498342514038,False,False,False,True,True,1.1075889602865452,True,rank_flip,6,8972,8
gradcam-4728c0539add390abeb3,population-2a9bc5280db4a65672a1bbcb,survface,survface:registered_probe:707_cam2_1,adaface-4df25b75e065b0b9ed43,pca,pca_64,pca_reconstruction_cosine,0.01,True,frozen_origin,0.1675241589546203,False,False,False,True,True,1.1028559545960994,True,rank_flip,7,8972,8
gradcam-52e1550703f0777dca01,population-2a9bc5280db4a65672a1bbcb,survface,survface:unknown_unknown_probe:distractors_4412,adaface-4df25b75e065b0b9ed43,pca,pca_64,pca_reconstruction_cosine,0.01,False,frozen_origin,0.1867158412933349,False,False,False,True,True,1.0942552200408888,True,rank_flip,8,8972,8
gradcam-c6b6e08b468471d91829,population-2a9bc5280db4a65672a1bbcb,survface,survface:registered_probe:5821_cam1_108,adaface-4df25b75e065b0b9ed43,pca,pca_64,pca_reconstruction_cosine,0.01,True,frozen_origin,0.0285809636116027,True,False,False,True,True,0.2176266645827839,True,stable,1,8972,8
gradcam-ced59daef4854a462c70,population-2a9bc5280db4a65672a1bbcb,survface,survface:unknown_unknown_probe:5668_cam2_20,adaface-4df25b75e065b0b9ed43,pca,pca_64,pca_reconstruction_cosine,0.01,False,frozen_origin,0.0297279953956604,True,False,False,True,True,0.2209463509371103,True,stable,2,8972,8
gradcam-475bf252e857074da6fc,population-2a9bc5280db4a65672a1bbcb,survface,survface:unknown_unknown_probe:5783_cam1_37,adaface-4df25b75e065b0b9ed43,pca,pca_64,pca_reconstruction_cosine,0.01,False,frozen_origin,0.031955599784851,True,False,False,True,True,0.2251166132646221,True,stable,3,8972,8
gradcam-68181b03a4d007bbf75f,population-2a9bc5280db4a65672a1bbcb,survface,survface:unknown_unknown_probe:9015_cam2_11,adaface-4df25b75e065b0b9ed43,pca,pca_64,pca_reconstruction_cosine,0.01,False,frozen_origin,0.0314782261848449,True,False,False,True,True,0.2276654849229745,True,stable,4,8972,8
gradcam-47f8709104ae94ed62b1,population-2a9bc5280db4a65672a1bbcb,survface,survface:unknown_unknown_probe:10627_cam2_12,adaface-4df25b75e065b0b9ed43,pca,pca_64,pca_reconstruction_cosine,0.01,False,frozen_origin,0.0313615798950195,True,False,False,True,True,0.2338700088575696,True,stable,5,8972,8
gradcam-0c310afb82be63aecec4,population-2a9bc5280db4a65672a1bbcb,survface,survface:unknown_unknown_probe:5834_cam1_112,adaface-4df25b75e065b0b9ed43,pca,pca_64,pca_reconstruction_cosine,0.01,False,frozen_origin,0.0315935015678405,True,False,False,True,True,0.2343431110279387,True,stable,6,8972,8
gradcam-060e120f9f98d11da924,population-2a9bc5280db4a65672a1bbcb,survface,survface:registered_probe:5647_cam1_96,adaface-4df25b75e065b0b9ed43,pca,pca_64,pca_reconstruction_cosine,0.01,True,frozen_origin,0.0320420861244201,True,False,False,True,True,0.2343862499946477,True,stable,7,8972,8
gradcam-f9db844673381a61cfcf,population-2a9bc5280db4a65672a1bbcb,survface,survface:unknown_unknown_probe:10256_cam1_19,adaface-4df25b75e065b0b9ed43,pca,pca_64,pca_reconstruction_cosine,0.01,False,frozen_origin,0.0284814834594726,True,False,False,True,True,0.2350080823931585,True,stable,8,8972,8
gradcam-238ed59793568b40506b,population-2a9bc5280db4a65672a1bbcb,survface,survface:registered_probe:5244_18,adaface-4df25b75e065b0b9ed43,pca,pca_64,pca_reconstruction_cosine,0.01,True,frozen_origin,0.1425570845603943,True,True,False,True,True,1.0022791290105857,True,threshold_crossing,1,8972,8
gradcam-aba901b10c65618c2cb5,population-2a9bc5280db4a65672a1bbcb,survface,survface:registered_probe:5244_11,adaface-4df25b75e065b0b9ed43,pca,pca_64,pca_reconstruction_cosine,0.01,True,frozen_origin,0.2368903756141662,True,True,False,True,True,0.9035156683989024,True,threshold_crossing,2,8972,8
gradcam-339868949bfccd18ed95,population-2a9bc5280db4a65672a1bbcb,survface,survface:registered_probe:262_cam1_1,adaface-4df25b75e065b0b9ed43,pca,pca_64,pca_reconstruction_cosine,0.01,True,frozen_origin,0.1567549705505371,True,True,False,True,True,0.8696519148371191,True,threshold_crossing,3,8972,8
gradcam-a1d544d039765063eff9,population-2a9bc5280db4a65672a1bbcb,survface,survface:registered_probe:5227_19,adaface-4df25b75e065b0b9ed43,pca,pca_64,pca_reconstruction_cosine,0.01,True,frozen_origin,0.1501819491386413,True,True,False,True,True,0.8424679429703056,True,threshold_crossing,4,8972,8
gradcam-efc5ffc721eacd32e807,population-2a9bc5280db4a65672a1bbcb,survface,survface:registered_probe:5263_5,adaface-4df25b75e065b0b9ed43,pca,pca_64,pca_reconstruction_cosine,0.01,True,frozen_origin,0.1597217917442321,True,True,False,True,True,0.8358397246510532,True,threshold_crossing,5,8972,8
gradcam-2de1bbf3da27d5b7e9ee,population-2a9bc5280db4a65672a1bbcb,survface,survface:unknown_unknown_probe:1346_cam1_1,adaface-4df25b75e065b0b9ed43,pca,pca_64,pca_reconstruction_cosine,0.01,False,frozen_origin,0.1146740913391113,True,True,False,True,True,0.8185398217729757,True,threshold_crossing,6,8972,8
gradcam-5f05d808b0e1d89c1a53,population-2a9bc5280db4a65672a1bbcb,survface,survface:registered_probe:5255_22,adaface-4df25b75e065b0b9ed43,pca,pca_64,pca_reconstruction_cosine,0.01,True,frozen_origin,0.1431193351745605,True,True,False,True,True,0.8144601736380881,True,threshold_crossing,7,8972,8
gradcam-07616b6155bd65c90353,population-2a9bc5280db4a65672a1bbcb,survface,survface:registered_probe:5241_26,adaface-4df25b75e065b0b9ed43,pca,pca_64,pca_reconstruction_cosine,0.01,True,frozen_origin,0.0792252421379089,True,True,False,True,True,0.8032917272747634,True,threshold_crossing,8,8972,8
gradcam-aee9be87f6167dd41666,population-2a9bc5280db4a65672a1bbcb,survface,survface:registered_probe:2973_cam3_1,adaface-4df25b75e065b0b9ed43,pca,pca_64,pca_reconstruction_cosine,0.05,True,frozen_origin,0.1308187246322631,True,False,False,True,True,1.1693506300866938,True,high_error,1,8972,8
gradcam-a2f32ef21103d103bfeb,population-2a9bc5280db4a65672a1bbcb,survface,survface:registered_probe:5244_28,adaface-4df25b75e065b0b9ed43,pca,pca_64,pca_reconstruction_cosine,0.05,True,frozen_origin,-0.022023320198059,True,False,False,True,True,1.1022239445200277,True,high_error,2,8972,8
gradcam-c2ee7b66944d3bb37ec6,population-2a9bc5280db4a65672a1bbcb,survface,survface:unknown_unknown_probe:2756_cam4_1,adaface-4df25b75e065b0b9ed43,pca,pca_64,pca_reconstruction_cosine,0.05,False,frozen_origin,0.2083393633365631,True,False,False,True,True,1.097555828025039,True,high_error,3,8972,8
gradcam-4bc0a8181db0ac7f0d0b,population-2a9bc5280db4a65672a1bbcb,survface,survface:unknown_unknown_probe:distractors_12176,adaface-4df25b75e065b0b9ed43,pca,pca_64,pca_reconstruction_cosine,0.05,False,frozen_origin,0.277810126543045,True,False,False,True,True,1.0975447265703075,True,high_error,4,8972,8
gradcam-fa787a5445690a0ae134,population-2a9bc5280db4a65672a1bbcb,survface,survface:unknown_unknown_probe:9037_cam2_22,adaface-4df25b75e065b0b9ed43,pca,pca_64,pca_reconstruction_cosine,0.05,False,frozen_origin,0.2186153382062912,True,False,False,True,True,1.0963104733977644,True,high_error,5,8972,8
gradcam-c22729df1702c2ff99ad,population-2a9bc5280db4a65672a1bbcb,survface,survface:registered_probe:4802_cam2_2,adaface-4df25b75e065b0b9ed43,pca,pca_64,pca_reconstruction_cosine,0.05,True,frozen_origin,0.0671925544738769,True,False,False,True,True,1.0948329384994346,True,high_error,6,8972,8
gradcam-c2654e1e2a3cf153d2ac,population-2a9bc5280db4a65672a1bbcb,survface,survface:unknown_unknown_probe:728_cam2_1,adaface-4df25b75e065b0b9ed43,pca,pca_64,pca_reconstruction_cosine,0.05,False,frozen_origin,0.2111927270889282,True,False,False,True,True,1.0941419895273428,True,high_error,7,8972,8
gradcam-dc5223c482cfd411d3ea,population-2a9bc5280db4a65672a1bbcb,survface,survface:unknown_unknown_probe:4443_cam2_3,adaface-4df25b75e065b0b9ed43,pca,pca_64,pca_reconstruction_cosine,0.05,False,frozen_origin,0.2554256916046142,True,False,False,True,True,1.0861210180289689,True,high_error,8,8972,8
gradcam-148be457d796b380db76,population-2a9bc5280db4a65672a1bbcb,survface,survface:unknown_unknown_probe:distractors_2510,adaface-4df25b75e065b0b9ed43,pca,pca_64,pca_reconstruction_cosine,0.05,False,frozen_origin,0.1785260438919067,False,False,False,True,True,1.1306506795133724,True,rank_flip,1,8972,8
gradcam-0c2e859d9240c4ca42ba,population-2a9bc5280db4a65672a1bbcb,survface,survface:unknown_unknown_probe:distractors_21592,adaface-4df25b75e065b0b9ed43,pca,pca_64,pca_reconstruction_cosine,0.05,False,frozen_origin,0.1631868481636047,False,False,False,True,True,1.1281314077797822,True,rank_flip,2,8972,8
gradcam-a30ac3e0ba343e5f1dc8,population-2a9bc5280db4a65672a1bbcb,survface,survface:unknown_unknown_probe:2704_cam2_1,adaface-4df25b75e065b0b9ed43,pca,pca_64,pca_reconstruction_cosine,0.05,False,frozen_origin,0.2160974740982055,False,False,False,True,True,1.1215629963480902,True,rank_flip,3,8972,8
gradcam-62482ab79cb662db9165,population-2a9bc5280db4a65672a1bbcb,survface,survface:unknown_unknown_probe:distractors_4031,adaface-4df25b75e065b0b9ed43,pca,pca_64,pca_reconstruction_cosine,0.05,False,frozen_origin,0.2362440228462219,False,False,False,True,True,1.1147654300919918,True,rank_flip,4,8972,8
gradcam-267a6cf14c3d1ad327dc,population-2a9bc5280db4a65672a1bbcb,survface,survface:unknown_unknown_probe:distractors_3041,adaface-4df25b75e065b0b9ed43,pca,pca_64,pca_reconstruction_cosine,0.05,False,frozen_origin,0.2046397179365158,False,False,False,True,True,1.1114848539770303,True,rank_flip,5,8972,8
gradcam-1dece997770873507e6b,population-2a9bc5280db4a65672a1bbcb,survface,survface:unknown_unknown_probe:distractors_2648,adaface-4df25b75e065b0b9ed43,pca,pca_64,pca_reconstruction_cosine,0.05,False,frozen_origin,0.200498342514038,False,False,False,True,True,1.1075889602865452,True,rank_flip,6,8972,8
gradcam-85fb7beac4b81bc9a335,population-2a9bc5280db4a65672a1bbcb,survface,survface:registered_probe:707_cam2_1,adaface-4df25b75e065b0b9ed43,pca,pca_64,pca_reconstruction_cosine,0.05,True,frozen_origin,0.1675241589546203,False,False,False,True,True,1.1028559545960994,True,rank_flip,7,8972,8
gradcam-e680fd3806c22e84ac40,population-2a9bc5280db4a65672a1bbcb,survface,survface:unknown_unknown_probe:distractors_4412,adaface-4df25b75e065b0b9ed43,pca,pca_64,pca_reconstruction_cosine,0.05,False,frozen_origin,0.1867158412933349,False,False,False,True,True,1.0942552200408888,True,rank_flip,8,8972,8
gradcam-b5861d6e76aa4846cc7f,population-2a9bc5280db4a65672a1bbcb,survface,survface:registered_probe:5821_cam1_108,adaface-4df25b75e065b0b9ed43,pca,pca_64,pca_reconstruction_cosine,0.05,True,frozen_origin,0.0285809636116027,True,False,False,True,True,0.2176266645827839,True,stable,1,8972,8
gradcam-2640e63ccc7d2e1aeca2,population-2a9bc5280db4a65672a1bbcb,survface,survface:unknown_unknown_probe:5668_cam2_20,adaface-4df25b75e065b0b9ed43,pca,pca_64,pca_reconstruction_cosine,0.05,False,frozen_origin,0.0297279953956604,True,False,False,True,True,0.2209463509371103,True,stable,2,8972,8
gradcam-d26f917048f53d8daa8f,population-2a9bc5280db4a65672a1bbcb,survface,survface:unknown_unknown_probe:5783_cam1_37,adaface-4df25b75e065b0b9ed43,pca,pca_64,pca_reconstruction_cosine,0.05,False,frozen_origin,0.031955599784851,True,False,False,True,True,0.2251166132646221,True,stable,3,8972,8
gradcam-8df1dd269317c43314e9,population-2a9bc5280db4a65672a1bbcb,survface,survface:unknown_unknown_probe:9015_cam2_11,adaface-4df25b75e065b0b9ed43,pca,pca_64,pca_reconstruction_cosine,0.05,False,frozen_origin,0.0314782261848449,True,False,False,True,True,0.2276654849229745,True,stable,4,8972,8
gradcam-5226e4b4ec927ed64cac,population-2a9bc5280db4a65672a1bbcb,survface,survface:unknown_unknown_probe:10627_cam2_12,adaface-4df25b75e065b0b9ed43,pca,pca_64,pca_reconstruction_cosine,0.05,False,frozen_origin,0.0313615798950195,True,False,False,True,True,0.2338700088575696,True,stable,5,8972,8
gradcam-556091f1e0c3b30eb43a,population-2a9bc5280db4a65672a1bbcb,survface,survface:unknown_unknown_probe:5834_cam1_112,adaface-4df25b75e065b0b9ed43,pca,pca_64,pca_reconstruction_cosine,0.05,False,frozen_origin,0.0315935015678405,True,False,False,True,True,0.2343431110279387,True,stable,6,8972,8
gradcam-439ff1dc1271d5375cf5,population-2a9bc5280db4a65672a1bbcb,survface,survface:registered_probe:5647_cam1_96,adaface-4df25b75e065b0b9ed43,pca,pca_64,pca_reconstruction_cosine,0.05,True,frozen_origin,0.0320420861244201,True,False,False,True,True,0.2343862499946477,True,stable,7,8972,8
gradcam-69b22f0e0349230e4b17,population-2a9bc5280db4a65672a1bbcb,survface,survface:unknown_unknown_probe:10256_cam1_19,adaface-4df25b75e065b0b9ed43,pca,pca_64,pca_reconstruction_cosine,0.05,False,frozen_origin,0.0284814834594726,True,False,False,True,True,0.2350080823931585,True,stable,8,8972,8
gradcam-a2e2fd1cfd7959416fd4,population-2a9bc5280db4a65672a1bbcb,survface,survface:registered_probe:5244_23,adaface-4df25b75e065b0b9ed43,pca,pca_64,pca_reconstruction_cosine,0.05,True,frozen_origin,0.0640305280685424,True,True,False,True,True,1.0384053804310385,True,threshold_crossing,1,8972,8
gradcam-b8946752f58dde626f34,population-2a9bc5280db4a65672a1bbcb,survface,survface:registered_probe:5244_20,adaface-4df25b75e065b0b9ed43,pca,pca_64,pca_reconstruction_cosine,0.05,True,frozen_origin,0.1605104804039001,True,True,False,True,True,1.011359545896173,True,threshold_crossing,2,8972,8
gradcam-be2f47dc2bbd8b904703,population-2a9bc5280db4a65672a1bbcb,survface,survface:registered_probe:5244_18,adaface-4df25b75e065b0b9ed43,pca,pca_64,pca_reconstruction_cosine,0.05,True,frozen_origin,0.1425570845603943,True,True,False,True,True,1.0022791290105857,True,threshold_crossing,3,8972,8
gradcam-90d4b553118eee26e062,population-2a9bc5280db4a65672a1bbcb,survface,survface:registered_probe:5244_11,adaface-4df25b75e065b0b9ed43,pca,pca_64,pca_reconstruction_cosine,0.05,True,frozen_origin,0.2368903756141662,True,True,False,True,True,0.9035156683989024,True,threshold_crossing,4,8972,8
gradcam-cbcb4a0473038dd56a9b,population-2a9bc5280db4a65672a1bbcb,survface,survface:registered_probe:262_cam1_1,adaface-4df25b75e065b0b9ed43,pca,pca_64,pca_reconstruction_cosine,0.05,True,frozen_origin,0.1567549705505371,True,True,False,True,True,0.8696519148371191,True,threshold_crossing,5,8972,8
gradcam-a1b5162e5c53a9b6e8a3,population-2a9bc5280db4a65672a1bbcb,survface,survface:registered_probe:5263_18,adaface-4df25b75e065b0b9ed43,pca,pca_64,pca_reconstruction_cosine,0.05,True,frozen_origin,0.1361855268478393,True,True,False,True,True,0.8453764426405724,True,threshold_crossing,6,8972,8
gradcam-9b0cc22fe653eec26a7a,population-2a9bc5280db4a65672a1bbcb,survface,survface:registered_probe:5227_19,adaface-4df25b75e065b0b9ed43,pca,pca_64,pca_reconstruction_cosine,0.05,True,frozen_origin,0.1501819491386413,True,True,False,True,True,0.8424679429703056,True,threshold_crossing,7,8972,8
gradcam-42746617e3897353342c,population-2a9bc5280db4a65672a1bbcb,survface,survface:registered_probe:5263_5,adaface-4df25b75e065b0b9ed43,pca,pca_64,pca_reconstruction_cosine,0.05,True,frozen_origin,0.1597217917442321,True,True,False,True,True,0.8358397246510532,True,threshold_crossing,8,8972,8
gradcam-59c619479c61684da2db,population-2a9bc5280db4a65672a1bbcb,survface,survface:registered_probe:2973_cam3_1,adaface-4df25b75e065b0b9ed43,pca,pca_64,pca_reconstruction_cosine,0.1,True,frozen_origin,0.1308187246322631,True,False,False,True,True,1.1693506300866938,True,high_error,1,8972,8
gradcam-ef76b7bc56c137d65357,population-2a9bc5280db4a65672a1bbcb,survface,survface:registered_probe:5244_28,adaface-4df25b75e065b0b9ed43,pca,pca_64,pca_reconstruction_cosine,0.1,True,frozen_origin,-0.022023320198059,True,False,False,True,True,1.1022239445200277,True,high_error,2,8972,8
gradcam-fb0060e692f6836ef69f,population-2a9bc5280db4a65672a1bbcb,survface,survface:unknown_unknown_probe:2756_cam4_1,adaface-4df25b75e065b0b9ed43,pca,pca_64,pca_reconstruction_cosine,0.1,False,frozen_origin,0.2083393633365631,True,False,False,True,True,1.097555828025039,True,high_error,3,8972,8
gradcam-0fc547f5d0d5aa0abc52,population-2a9bc5280db4a65672a1bbcb,survface,survface:unknown_unknown_probe:distractors_12176,adaface-4df25b75e065b0b9ed43,pca,pca_64,pca_reconstruction_cosine,0.1,False,frozen_origin,0.277810126543045,True,False,False,True,True,1.0975447265703075,True,high_error,4,8972,8
gradcam-1014e7fccc1e6c45eafd,population-2a9bc5280db4a65672a1bbcb,survface,survface:unknown_unknown_probe:9037_cam2_22,adaface-4df25b75e065b0b9ed43,pca,pca_64,pca_reconstruction_cosine,0.1,False,frozen_origin,0.2186153382062912,True,False,False,True,True,1.0963104733977644,True,high_error,5,8972,8
gradcam-91db529f02adf31e70f9,population-2a9bc5280db4a65672a1bbcb,survface,survface:registered_probe:4802_cam2_2,adaface-4df25b75e065b0b9ed43,pca,pca_64,pca_reconstruction_cosine,0.1,True,frozen_origin,0.0671925544738769,True,False,False,True,True,1.0948329384994346,True,high_error,6,8972,8
gradcam-5e13ef0c2d58c57b693d,population-2a9bc5280db4a65672a1bbcb,survface,survface:unknown_unknown_probe:728_cam2_1,adaface-4df25b75e065b0b9ed43,pca,pca_64,pca_reconstruction_cosine,0.1,False,frozen_origin,0.2111927270889282,True,False,False,True,True,1.0941419895273428,True,high_error,7,8972,8
gradcam-94688e515f7d5c9c13bc,population-2a9bc5280db4a65672a1bbcb,survface,survface:unknown_unknown_probe:4443_cam2_3,adaface-4df25b75e065b0b9ed43,pca,pca_64,pca_reconstruction_cosine,0.1,False,frozen_origin,0.2554256916046142,True,False,False,True,True,1.0861210180289689,True,high_error,8,8972,8
gradcam-7a6d122905cd07c1c825,population-2a9bc5280db4a65672a1bbcb,survface,survface:unknown_unknown_probe:distractors_2510,adaface-4df25b75e065b0b9ed43,pca,pca_64,pca_reconstruction_cosine,0.1,False,frozen_origin,0.1785260438919067,False,False,False,True,True,1.1306506795133724,True,rank_flip,1,8972,8
gradcam-9558f4668c75a86d5f1a,population-2a9bc5280db4a65672a1bbcb,survface,survface:unknown_unknown_probe:distractors_21592,adaface-4df25b75e065b0b9ed43,pca,pca_64,pca_reconstruction_cosine,0.1,False,frozen_origin,0.1631868481636047,False,False,False,True,True,1.1281314077797822,True,rank_flip,2,8972,8
gradcam-452c6c2d9480210a2aaa,population-2a9bc5280db4a65672a1bbcb,survface,survface:unknown_unknown_probe:2704_cam2_1,adaface-4df25b75e065b0b9ed43,pca,pca_64,pca_reconstruction_cosine,0.1,False,frozen_origin,0.2160974740982055,False,False,False,True,True,1.1215629963480902,True,rank_flip,3,8972,8
gradcam-56c86988233d9c85a131,population-2a9bc5280db4a65672a1bbcb,survface,survface:unknown_unknown_probe:distractors_4031,adaface-4df25b75e065b0b9ed43,pca,pca_64,pca_reconstruction_cosine,0.1,False,frozen_origin,0.2362440228462219,False,False,False,True,True,1.1147654300919918,True,rank_flip,4,8972,8
gradcam-d9975aba550fc0919412,population-2a9bc5280db4a65672a1bbcb,survface,survface:unknown_unknown_probe:distractors_3041,adaface-4df25b75e065b0b9ed43,pca,pca_64,pca_reconstruction_cosine,0.1,False,frozen_origin,0.2046397179365158,False,False,False,True,True,1.1114848539770303,True,rank_flip,5,8972,8
gradcam-f1ad7475c895481ca316,population-2a9bc5280db4a65672a1bbcb,survface,survface:unknown_unknown_probe:distractors_2648,adaface-4df25b75e065b0b9ed43,pca,pca_64,pca_reconstruction_cosine,0.1,False,frozen_origin,0.200498342514038,False,False,False,True,True,1.1075889602865452,True,rank_flip,6,8972,8
gradcam-1d9ff219c2ee2eee3185,population-2a9bc5280db4a65672a1bbcb,survface,survface:registered_probe:707_cam2_1,adaface-4df25b75e065b0b9ed43,pca,pca_64,pca_reconstruction_cosine,0.1,True,frozen_origin,0.1675241589546203,False,False,False,True,True,1.1028559545960994,True,rank_flip,7,8972,8
gradcam-f080d1838bf3b3ca2e49,population-2a9bc5280db4a65672a1bbcb,survface,survface:unknown_unknown_probe:distractors_4412,adaface-4df25b75e065b0b9ed43,pca,pca_64,pca_reconstruction_cosine,0.1,False,frozen_origin,0.1867158412933349,False,False,False,True,True,1.0942552200408888,True,rank_flip,8,8972,8
gradcam-23b379d9b4c24b0427f7,population-2a9bc5280db4a65672a1bbcb,survface,survface:registered_probe:5821_cam1_108,adaface-4df25b75e065b0b9ed43,pca,pca_64,pca_reconstruction_cosine,0.1,True,frozen_origin,0.0285809636116027,True,False,False,True,True,0.2176266645827839,True,stable,1,8972,8
gradcam-3670ff5482d7466b69d4,population-2a9bc5280db4a65672a1bbcb,survface,survface:unknown_unknown_probe:5668_cam2_20,adaface-4df25b75e065b0b9ed43,pca,pca_64,pca_reconstruction_cosine,0.1,False,frozen_origin,0.0297279953956604,True,False,False,True,True,0.2209463509371103,True,stable,2,8972,8
gradcam-cb2026c6e82ea7148f85,population-2a9bc5280db4a65672a1bbcb,survface,survface:unknown_unknown_probe:5783_cam1_37,adaface-4df25b75e065b0b9ed43,pca,pca_64,pca_reconstruction_cosine,0.1,False,frozen_origin,0.031955599784851,True,False,False,True,True,0.2251166132646221,True,stable,3,8972,8
gradcam-0c2a146c45636e6d345f,population-2a9bc5280db4a65672a1bbcb,survface,survface:unknown_unknown_probe:9015_cam2_11,adaface-4df25b75e065b0b9ed43,pca,pca_64,pca_reconstruction_cosine,0.1,False,frozen_origin,0.0314782261848449,True,False,False,True,True,0.2276654849229745,True,stable,4,8972,8
gradcam-74623d548fd68784631f,population-2a9bc5280db4a65672a1bbcb,survface,survface:unknown_unknown_probe:10627_cam2_12,adaface-4df25b75e065b0b9ed43,pca,pca_64,pca_reconstruction_cosine,0.1,False,frozen_origin,0.0313615798950195,True,False,False,True,True,0.2338700088575696,True,stable,5,8972,8
gradcam-354b923ff2c51246ac03,population-2a9bc5280db4a65672a1bbcb,survface,survface:unknown_unknown_probe:5834_cam1_112,adaface-4df25b75e065b0b9ed43,pca,pca_64,pca_reconstruction_cosine,0.1,False,frozen_origin,0.0315935015678405,True,False,False,True,True,0.2343431110279387,True,stable,6,8972,8
gradcam-9a848b558ef4160ae954,population-2a9bc5280db4a65672a1bbcb,survface,survface:registered_probe:5647_cam1_96,adaface-4df25b75e065b0b9ed43,pca,pca_64,pca_reconstruction_cosine,0.1,True,frozen_origin,0.0320420861244201,True,False,False,True,True,0.2343862499946477,True,stable,7,8972,8
gradcam-e1cbcfe6a3bc979e0457,population-2a9bc5280db4a65672a1bbcb,survface,survface:unknown_unknown_probe:10256_cam1_19,adaface-4df25b75e065b0b9ed43,pca,pca_64,pca_reconstruction_cosine,0.1,False,frozen_origin,0.0284814834594726,True,False,False,True,True,0.2350080823931585,True,stable,8,8972,8
gradcam-60007b95ed2f41599df7,population-2a9bc5280db4a65672a1bbcb,survface,survface:registered_probe:5244_23,adaface-4df25b75e065b0b9ed43,pca,pca_64,pca_reconstruction_cosine,0.1,True,frozen_origin,0.0640305280685424,True,True,False,True,True,1.0384053804310385,True,threshold_crossing,1,8972,8
gradcam-00215e5042789c080676,population-2a9bc5280db4a65672a1bbcb,survface,survface:registered_probe:5244_20,adaface-4df25b75e065b0b9ed43,pca,pca_64,pca_reconstruction_cosine,0.1,True,frozen_origin,0.1605104804039001,True,True,False,True,True,1.011359545896173,True,threshold_crossing,2,8972,8
gradcam-f696e08f39747e26682f,population-2a9bc5280db4a65672a1bbcb,survface,survface:registered_probe:5244_18,adaface-4df25b75e065b0b9ed43,pca,pca_64,pca_reconstruction_cosine,0.1,True,frozen_origin,0.1425570845603943,True,True,False,True,True,1.0022791290105857,True,threshold_crossing,3,8972,8
gradcam-b7316c4a15694879ab1c,population-2a9bc5280db4a65672a1bbcb,survface,survface:registered_probe:844_cam2_1,adaface-4df25b75e065b0b9ed43,pca,pca_64,pca_reconstruction_cosine,0.1,True,frozen_origin,0.1434675455093383,True,True,False,True,True,0.984136513017372,True,threshold_crossing,4,8972,8
gradcam-c525b7d127e9ba0c42bd,population-2a9bc5280db4a65672a1bbcb,survface,survface:registered_probe:5263_12,adaface-4df25b75e065b0b9ed43,pca,pca_64,pca_reconstruction_cosine,0.1,True,frozen_origin,0.1224406957626342,True,True,False,True,True,0.9469657373838062,True,threshold_crossing,5,8972,8
gradcam-730339c106063c22fbc0,population-2a9bc5280db4a65672a1bbcb,survface,survface:registered_probe:5227_18,adaface-4df25b75e065b0b9ed43,pca,pca_64,pca_reconstruction_cosine,0.1,True,frozen_origin,0.1691539287567138,True,True,False,True,True,0.9456105410588213,True,threshold_crossing,6,8972,8
gradcam-6fa1bf5efb22135f9303,population-2a9bc5280db4a65672a1bbcb,survface,survface:registered_probe:5235_35,adaface-4df25b75e065b0b9ed43,pca,pca_64,pca_reconstruction_cosine,0.1,True,frozen_origin,0.1407458782196045,True,True,False,True,True,0.9101558484917548,True,threshold_crossing,7,8972,8
gradcam-ec4ef6a0c4cff56337f5,population-2a9bc5280db4a65672a1bbcb,survface,survface:registered_probe:5244_11,adaface-4df25b75e065b0b9ed43,pca,pca_64,pca_reconstruction_cosine,0.1,True,frozen_origin,0.2368903756141662,True,True,False,True,True,0.9035156683989024,True,threshold_crossing,8,8972,8
gradcam-f2911b9ae791d87d4b37,population-2a9bc5280db4a65672a1bbcb,survface,survface:registered_probe:2973_cam3_1,adaface-4df25b75e065b0b9ed43,pca,pca_64,pca_reconstruction_cosine,0.2,True,frozen_origin,0.1308187246322631,True,False,False,True,True,1.1693506300866938,True,high_error,1,8972,8
gradcam-1d3434fa3e1029a6d0a5,population-2a9bc5280db4a65672a1bbcb,survface,survface:registered_probe:5244_28,adaface-4df25b75e065b0b9ed43,pca,pca_64,pca_reconstruction_cosine,0.2,True,frozen_origin,-0.022023320198059,True,False,False,True,True,1.1022239445200277,True,high_error,2,8972,8
gradcam-f0ccfecb0945070346a5,population-2a9bc5280db4a65672a1bbcb,survface,survface:unknown_unknown_probe:2756_cam4_1,adaface-4df25b75e065b0b9ed43,pca,pca_64,pca_reconstruction_cosine,0.2,False,frozen_origin,0.2083393633365631,True,False,False,True,True,1.097555828025039,True,high_error,3,8972,8
gradcam-1fe81c4b3cf5639dabea,population-2a9bc5280db4a65672a1bbcb,survface,survface:unknown_unknown_probe:distractors_12176,adaface-4df25b75e065b0b9ed43,pca,pca_64,pca_reconstruction_cosine,0.2,False,frozen_origin,0.277810126543045,True,False,False,True,True,1.0975447265703075,True,high_error,4,8972,8
gradcam-279e6f21237249d818b3,population-2a9bc5280db4a65672a1bbcb,survface,survface:unknown_unknown_probe:9037_cam2_22,adaface-4df25b75e065b0b9ed43,pca,pca_64,pca_reconstruction_cosine,0.2,False,frozen_origin,0.2186153382062912,True,False,False,True,True,1.0963104733977644,True,high_error,5,8972,8
gradcam-89779600a28de67bb3ab,population-2a9bc5280db4a65672a1bbcb,survface,survface:registered_probe:4802_cam2_2,adaface-4df25b75e065b0b9ed43,pca,pca_64,pca_reconstruction_cosine,0.2,True,frozen_origin,0.0671925544738769,True,False,False,True,True,1.0948329384994346,True,high_error,6,8972,8
gradcam-42f37fcacc8367f7e920,population-2a9bc5280db4a65672a1bbcb,survface,survface:unknown_unknown_probe:728_cam2_1,adaface-4df25b75e065b0b9ed43,pca,pca_64,pca_reconstruction_cosine,0.2,False,frozen_origin,0.2111927270889282,True,False,False,True,True,1.0941419895273428,True,high_error,7,8972,8
gradcam-5df84bc340cea9200016,population-2a9bc5280db4a65672a1bbcb,survface,survface:unknown_unknown_probe:4443_cam2_3,adaface-4df25b75e065b0b9ed43,pca,pca_64,pca_reconstruction_cosine,0.2,False,frozen_origin,0.2554256916046142,True,False,False,True,True,1.0861210180289689,True,high_error,8,8972,8
gradcam-afe399ac212f8cddfa30,population-2a9bc5280db4a65672a1bbcb,survface,survface:unknown_unknown_probe:distractors_2510,adaface-4df25b75e065b0b9ed43,pca,pca_64,pca_reconstruction_cosine,0.2,False,frozen_origin,0.1785260438919067,False,False,False,True,True,1.1306506795133724,True,rank_flip,1,8972,8
gradcam-37a19b9df3f52a969d0e,population-2a9bc5280db4a65672a1bbcb,survface,survface:unknown_unknown_probe:distractors_21592,adaface-4df25b75e065b0b9ed43,pca,pca_64,pca_reconstruction_cosine,0.2,False,frozen_origin,0.1631868481636047,False,False,False,True,True,1.1281314077797822,True,rank_flip,2,8972,8
gradcam-4bea897338ee32003156,population-2a9bc5280db4a65672a1bbcb,survface,survface:unknown_unknown_probe:2704_cam2_1,adaface-4df25b75e065b0b9ed43,pca,pca_64,pca_reconstruction_cosine,0.2,False,frozen_origin,0.2160974740982055,False,False,False,True,True,1.1215629963480902,True,rank_flip,3,8972,8
gradcam-4016f5be31f9d12dfd9a,population-2a9bc5280db4a65672a1bbcb,survface,survface:unknown_unknown_probe:distractors_4031,adaface-4df25b75e065b0b9ed43,pca,pca_64,pca_reconstruction_cosine,0.2,False,frozen_origin,0.2362440228462219,False,False,False,True,True,1.1147654300919918,True,rank_flip,4,8972,8
gradcam-f30a29016167948cbc3b,population-2a9bc5280db4a65672a1bbcb,survface,survface:unknown_unknown_probe:distractors_3041,adaface-4df25b75e065b0b9ed43,pca,pca_64,pca_reconstruction_cosine,0.2,False,frozen_origin,0.2046397179365158,False,False,False,True,True,1.1114848539770303,True,rank_flip,5,8972,8
gradcam-3f76f7cb61a205305a6c,population-2a9bc5280db4a65672a1bbcb,survface,survface:unknown_unknown_probe:distractors_2648,adaface-4df25b75e065b0b9ed43,pca,pca_64,pca_reconstruction_cosine,0.2,False,frozen_origin,0.200498342514038,False,False,False,True,True,1.1075889602865452,True,rank_flip,6,8972,8
gradcam-ad7c78f057fc75b59302,population-2a9bc5280db4a65672a1bbcb,survface,survface:registered_probe:707_cam2_1,adaface-4df25b75e065b0b9ed43,pca,pca_64,pca_reconstruction_cosine,0.2,True,frozen_origin,0.1675241589546203,False,False,False,True,True,1.1028559545960994,True,rank_flip,7,8972,8
gradcam-c86906c98a372514a95d,population-2a9bc5280db4a65672a1bbcb,survface,survface:unknown_unknown_probe:distractors_4412,adaface-4df25b75e065b0b9ed43,pca,pca_64,pca_reconstruction_cosine,0.2,False,frozen_origin,0.1867158412933349,False,False,False,True,True,1.0942552200408888,True,rank_flip,8,8972,8
gradcam-12ddbb8572ead4e877c9,population-2a9bc5280db4a65672a1bbcb,survface,survface:registered_probe:5821_cam1_108,adaface-4df25b75e065b0b9ed43,pca,pca_64,pca_reconstruction_cosine,0.2,True,frozen_origin,0.0285809636116027,True,False,False,True,True,0.2176266645827839,True,stable,1,8972,8
gradcam-233bfc1358cccc1549eb,population-2a9bc5280db4a65672a1bbcb,survface,survface:unknown_unknown_probe:5668_cam2_20,adaface-4df25b75e065b0b9ed43,pca,pca_64,pca_reconstruction_cosine,0.2,False,frozen_origin,0.0297279953956604,True,False,False,True,True,0.2209463509371103,True,stable,2,8972,8
gradcam-64d98b56c20057ecd142,population-2a9bc5280db4a65672a1bbcb,survface,survface:unknown_unknown_probe:5783_cam1_37,adaface-4df25b75e065b0b9ed43,pca,pca_64,pca_reconstruction_cosine,0.2,False,frozen_origin,0.031955599784851,True,False,False,True,True,0.2251166132646221,True,stable,3,8972,8
gradcam-35d467382a5e123720f8,population-2a9bc5280db4a65672a1bbcb,survface,survface:unknown_unknown_probe:9015_cam2_11,adaface-4df25b75e065b0b9ed43,pca,pca_64,pca_reconstruction_cosine,0.2,False,frozen_origin,0.0314782261848449,True,False,False,True,True,0.2276654849229745,True,stable,4,8972,8
gradcam-0bd4aed131e74911693e,population-2a9bc5280db4a65672a1bbcb,survface,survface:unknown_unknown_probe:10627_cam2_12,adaface-4df25b75e065b0b9ed43,pca,pca_64,pca_reconstruction_cosine,0.2,False,frozen_origin,0.0313615798950195,True,False,False,True,True,0.2338700088575696,True,stable,5,8972,8
gradcam-2655fee1c73c0ce6a508,population-2a9bc5280db4a65672a1bbcb,survface,survface:unknown_unknown_probe:5834_cam1_112,adaface-4df25b75e065b0b9ed43,pca,pca_64,pca_reconstruction_cosine,0.2,False,frozen_origin,0.0315935015678405,True,False,False,True,True,0.2343431110279387,True,stable,6,8972,8
gradcam-094ebc56fa0715c4ff69,population-2a9bc5280db4a65672a1bbcb,survface,survface:registered_probe:5647_cam1_96,adaface-4df25b75e065b0b9ed43,pca,pca_64,pca_reconstruction_cosine,0.2,True,frozen_origin,0.0320420861244201,True,False,False,True,True,0.2343862499946477,True,stable,7,8972,8
gradcam-2a164286af61aac124a6,population-2a9bc5280db4a65672a1bbcb,survface,survface:unknown_unknown_probe:10256_cam1_19,adaface-4df25b75e065b0b9ed43,pca,pca_64,pca_reconstruction_cosine,0.2,False,frozen_origin,0.0284814834594726,True,False,False,True,True,0.2350080823931585,True,stable,8,8972,8
gradcam-8ae3ff148c5b5772e061,population-2a9bc5280db4a65672a1bbcb,survface,survface:registered_probe:5244_20,adaface-4df25b75e065b0b9ed43,pca,pca_64,pca_reconstruction_cosine,0.2,True,frozen_origin,0.1605104804039001,True,True,False,True,True,1.011359545896173,True,threshold_crossing,1,8972,8
gradcam-1f4b399fb38ac0c37d7c,population-2a9bc5280db4a65672a1bbcb,survface,survface:registered_probe:5244_18,adaface-4df25b75e065b0b9ed43,pca,pca_64,pca_reconstruction_cosine,0.2,True,frozen_origin,0.1425570845603943,True,True,False,True,True,1.0022791290105857,True,threshold_crossing,2,8972,8
gradcam-66db131e317c464d630f,population-2a9bc5280db4a65672a1bbcb,survface,survface:registered_probe:844_cam2_1,adaface-4df25b75e065b0b9ed43,pca,pca_64,pca_reconstruction_cosine,0.2,True,frozen_origin,0.1434675455093383,True,True,False,True,True,0.984136513017372,True,threshold_crossing,3,8972,8
gradcam-983de0a5c56d355fa484,population-2a9bc5280db4a65672a1bbcb,survface,survface:registered_probe:5263_20,adaface-4df25b75e065b0b9ed43,pca,pca_64,pca_reconstruction_cosine,0.2,True,frozen_origin,0.1098262667655944,True,True,False,True,True,0.9838811640636488,True,threshold_crossing,4,8972,8
gradcam-d55268cd979bfbe1af48,population-2a9bc5280db4a65672a1bbcb,survface,survface:registered_probe:5244_10,adaface-4df25b75e065b0b9ed43,pca,pca_64,pca_reconstruction_cosine,0.2,True,frozen_origin,0.1851090788841247,True,True,False,True,True,0.9765940052167622,True,threshold_crossing,5,8972,8
gradcam-934a7418255b45e6e04c,population-2a9bc5280db4a65672a1bbcb,survface,survface:registered_probe:5263_12,adaface-4df25b75e065b0b9ed43,pca,pca_64,pca_reconstruction_cosine,0.2,True,frozen_origin,0.1224406957626342,True,True,False,True,True,0.9469657373838062,True,threshold_crossing,6,8972,8
gradcam-b0c16cc24c0941c2c900,population-2a9bc5280db4a65672a1bbcb,survface,survface:registered_probe:5227_18,adaface-4df25b75e065b0b9ed43,pca,pca_64,pca_reconstruction_cosine,0.2,True,frozen_origin,0.1691539287567138,True,True,False,True,True,0.9456105410588213,True,threshold_crossing,7,8972,8
gradcam-f895fa5a3409f940e1d4,population-2a9bc5280db4a65672a1bbcb,survface,survface:registered_probe:5263_19,adaface-4df25b75e065b0b9ed43,pca,pca_64,pca_reconstruction_cosine,0.2,True,frozen_origin,0.1359121799468994,True,True,False,True,True,0.9185489371641574,True,threshold_crossing,8,8972,8
gradcam-007ef72e78966b82bd1b,population-2a9bc5280db4a65672a1bbcb,survface,survface:registered_probe:2973_cam3_1,adaface-4df25b75e065b0b9ed43,pca,pca_64,pca_reconstruction_cosine,0.3,True,frozen_origin,0.1308187246322631,True,False,False,True,True,1.1693506300866938,True,high_error,1,8972,8
gradcam-f8dc28b69c9dbc4d44a5,population-2a9bc5280db4a65672a1bbcb,survface,survface:registered_probe:5244_28,adaface-4df25b75e065b0b9ed43,pca,pca_64,pca_reconstruction_cosine,0.3,True,frozen_origin,-0.022023320198059,True,False,False,True,True,1.1022239445200277,True,high_error,2,8972,8
gradcam-e6228a5eab4c1c63f0c8,population-2a9bc5280db4a65672a1bbcb,survface,survface:unknown_unknown_probe:2756_cam4_1,adaface-4df25b75e065b0b9ed43,pca,pca_64,pca_reconstruction_cosine,0.3,False,frozen_origin,0.2083393633365631,True,False,False,True,True,1.097555828025039,True,high_error,3,8972,8
gradcam-2c2d411302ba7165d6ea,population-2a9bc5280db4a65672a1bbcb,survface,survface:unknown_unknown_probe:distractors_12176,adaface-4df25b75e065b0b9ed43,pca,pca_64,pca_reconstruction_cosine,0.3,False,frozen_origin,0.277810126543045,True,False,False,True,True,1.0975447265703075,True,high_error,4,8972,8
gradcam-678b04de63fe11ac6b6e,population-2a9bc5280db4a65672a1bbcb,survface,survface:unknown_unknown_probe:9037_cam2_22,adaface-4df25b75e065b0b9ed43,pca,pca_64,pca_reconstruction_cosine,0.3,False,frozen_origin,0.2186153382062912,True,False,False,True,True,1.0963104733977644,True,high_error,5,8972,8
gradcam-f64b705d4ef979e3efd2,population-2a9bc5280db4a65672a1bbcb,survface,survface:registered_probe:4802_cam2_2,adaface-4df25b75e065b0b9ed43,pca,pca_64,pca_reconstruction_cosine,0.3,True,frozen_origin,0.0671925544738769,True,False,False,True,True,1.0948329384994346,True,high_error,6,8972,8
gradcam-d5ce0a88ebca1da2d7a7,population-2a9bc5280db4a65672a1bbcb,survface,survface:unknown_unknown_probe:728_cam2_1,adaface-4df25b75e065b0b9ed43,pca,pca_64,pca_reconstruction_cosine,0.3,False,frozen_origin,0.2111927270889282,True,False,False,True,True,1.0941419895273428,True,high_error,7,8972,8
gradcam-73130be0b2a4dc783cdd,population-2a9bc5280db4a65672a1bbcb,survface,survface:unknown_unknown_probe:4443_cam2_3,adaface-4df25b75e065b0b9ed43,pca,pca_64,pca_reconstruction_cosine,0.3,False,frozen_origin,0.2554256916046142,True,False,False,True,True,1.0861210180289689,True,high_error,8,8972,8
gradcam-4f5ac330f8469d4955ef,population-2a9bc5280db4a65672a1bbcb,survface,survface:unknown_unknown_probe:distractors_2510,adaface-4df25b75e065b0b9ed43,pca,pca_64,pca_reconstruction_cosine,0.3,False,frozen_origin,0.1785260438919067,False,False,False,True,True,1.1306506795133724,True,rank_flip,1,8972,8
gradcam-23010e74d537bc97b524,population-2a9bc5280db4a65672a1bbcb,survface,survface:unknown_unknown_probe:distractors_21592,adaface-4df25b75e065b0b9ed43,pca,pca_64,pca_reconstruction_cosine,0.3,False,frozen_origin,0.1631868481636047,False,False,False,True,True,1.1281314077797822,True,rank_flip,2,8972,8
gradcam-7d50892bcd52eb8f32d4,population-2a9bc5280db4a65672a1bbcb,survface,survface:unknown_unknown_probe:2704_cam2_1,adaface-4df25b75e065b0b9ed43,pca,pca_64,pca_reconstruction_cosine,0.3,False,frozen_origin,0.2160974740982055,False,False,False,True,True,1.1215629963480902,True,rank_flip,3,8972,8
gradcam-2272d365d8ae9df3a2d8,population-2a9bc5280db4a65672a1bbcb,survface,survface:unknown_unknown_probe:distractors_4031,adaface-4df25b75e065b0b9ed43,pca,pca_64,pca_reconstruction_cosine,0.3,False,frozen_origin,0.2362440228462219,False,False,False,True,True,1.1147654300919918,True,rank_flip,4,8972,8
gradcam-60cb5cc1bd4051644081,population-2a9bc5280db4a65672a1bbcb,survface,survface:unknown_unknown_probe:distractors_3041,adaface-4df25b75e065b0b9ed43,pca,pca_64,pca_reconstruction_cosine,0.3,False,frozen_origin,0.2046397179365158,False,False,False,True,True,1.1114848539770303,True,rank_flip,5,8972,8
gradcam-6dd6d4b05094107a35d8,population-2a9bc5280db4a65672a1bbcb,survface,survface:unknown_unknown_probe:distractors_2648,adaface-4df25b75e065b0b9ed43,pca,pca_64,pca_reconstruction_cosine,0.3,False,frozen_origin,0.200498342514038,False,False,False,True,True,1.1075889602865452,True,rank_flip,6,8972,8
gradcam-93070c5b509ad10687cb,population-2a9bc5280db4a65672a1bbcb,survface,survface:registered_probe:707_cam2_1,adaface-4df25b75e065b0b9ed43,pca,pca_64,pca_reconstruction_cosine,0.3,True,frozen_origin,0.1675241589546203,False,False,False,True,True,1.1028559545960994,True,rank_flip,7,8972,8
gradcam-58c610268823b532832f,population-2a9bc5280db4a65672a1bbcb,survface,survface:unknown_unknown_probe:distractors_4412,adaface-4df25b75e065b0b9ed43,pca,pca_64,pca_reconstruction_cosine,0.3,False,frozen_origin,0.1867158412933349,False,False,False,True,True,1.0942552200408888,True,rank_flip,8,8972,8
gradcam-7195371795aa76584919,population-2a9bc5280db4a65672a1bbcb,survface,survface:registered_probe:5821_cam1_108,adaface-4df25b75e065b0b9ed43,pca,pca_64,pca_reconstruction_cosine,0.3,True,frozen_origin,0.0285809636116027,True,False,False,True,True,0.2176266645827839,True,stable,1,8972,8
gradcam-2390b435406617165619,population-2a9bc5280db4a65672a1bbcb,survface,survface:unknown_unknown_probe:5668_cam2_20,adaface-4df25b75e065b0b9ed43,pca,pca_64,pca_reconstruction_cosine,0.3,False,frozen_origin,0.0297279953956604,True,False,False,True,True,0.2209463509371103,True,stable,2,8972,8
gradcam-2985ab8a3642b6fbdc75,population-2a9bc5280db4a65672a1bbcb,survface,survface:unknown_unknown_probe:5783_cam1_37,adaface-4df25b75e065b0b9ed43,pca,pca_64,pca_reconstruction_cosine,0.3,False,frozen_origin,0.031955599784851,True,False,False,True,True,0.2251166132646221,True,stable,3,8972,8
gradcam-e7c47062a70a5e2e08e5,population-2a9bc5280db4a65672a1bbcb,survface,survface:unknown_unknown_probe:9015_cam2_11,adaface-4df25b75e065b0b9ed43,pca,pca_64,pca_reconstruction_cosine,0.3,False,frozen_origin,0.0314782261848449,True,False,False,True,True,0.2276654849229745,True,stable,4,8972,8
gradcam-8703a58327d79507f4c3,population-2a9bc5280db4a65672a1bbcb,survface,survface:unknown_unknown_probe:10627_cam2_12,adaface-4df25b75e065b0b9ed43,pca,pca_64,pca_reconstruction_cosine,0.3,False,frozen_origin,0.0313615798950195,True,False,False,True,True,0.2338700088575696,True,stable,5,8972,8
gradcam-fb3145104475d2cbc7e8,population-2a9bc5280db4a65672a1bbcb,survface,survface:unknown_unknown_probe:5834_cam1_112,adaface-4df25b75e065b0b9ed43,pca,pca_64,pca_reconstruction_cosine,0.3,False,frozen_origin,0.0315935015678405,True,False,False,True,True,0.2343431110279387,True,stable,6,8972,8
gradcam-eedbd9aaecc4f9925f85,population-2a9bc5280db4a65672a1bbcb,survface,survface:registered_probe:5647_cam1_96,adaface-4df25b75e065b0b9ed43,pca,pca_64,pca_reconstruction_cosine,0.3,True,frozen_origin,0.0320420861244201,True,False,False,True,True,0.2343862499946477,True,stable,7,8972,8
gradcam-1ecdbf912df5ffbbf86a,population-2a9bc5280db4a65672a1bbcb,survface,survface:unknown_unknown_probe:10256_cam1_19,adaface-4df25b75e065b0b9ed43,pca,pca_64,pca_reconstruction_cosine,0.3,False,frozen_origin,0.0284814834594726,True,False,False,True,True,0.2350080823931585,True,stable,8,8972,8
gradcam-9e99efe3218dcdc7cce7,population-2a9bc5280db4a65672a1bbcb,survface,survface:registered_probe:5244_20,adaface-4df25b75e065b0b9ed43,pca,pca_64,pca_reconstruction_cosine,0.3,True,frozen_origin,0.1605104804039001,True,True,False,True,True,1.011359545896173,True,threshold_crossing,1,8972,8
gradcam-54c25dbe2280516da147,population-2a9bc5280db4a65672a1bbcb,survface,survface:registered_probe:5244_18,adaface-4df25b75e065b0b9ed43,pca,pca_64,pca_reconstruction_cosine,0.3,True,frozen_origin,0.1425570845603943,True,True,False,True,True,1.0022791290105857,True,threshold_crossing,2,8972,8
gradcam-6e210b0cf5975cc07b6c,population-2a9bc5280db4a65672a1bbcb,survface,survface:registered_probe:844_cam2_1,adaface-4df25b75e065b0b9ed43,pca,pca_64,pca_reconstruction_cosine,0.3,True,frozen_origin,0.1434675455093383,True,True,False,True,True,0.984136513017372,True,threshold_crossing,3,8972,8
gradcam-627adcc87baa0a08c45e,population-2a9bc5280db4a65672a1bbcb,survface,survface:registered_probe:5263_20,adaface-4df25b75e065b0b9ed43,pca,pca_64,pca_reconstruction_cosine,0.3,True,frozen_origin,0.1098262667655944,True,True,False,True,True,0.9838811640636488,True,threshold_crossing,4,8972,8
gradcam-5dbcf04158ce1411bd4a,population-2a9bc5280db4a65672a1bbcb,survface,survface:registered_probe:5244_10,adaface-4df25b75e065b0b9ed43,pca,pca_64,pca_reconstruction_cosine,0.3,True,frozen_origin,0.1851090788841247,True,True,False,True,True,0.9765940052167622,True,threshold_crossing,5,8972,8
gradcam-f83a855cee6ccafe2f59,population-2a9bc5280db4a65672a1bbcb,survface,survface:registered_probe:5263_12,adaface-4df25b75e065b0b9ed43,pca,pca_64,pca_reconstruction_cosine,0.3,True,frozen_origin,0.1224406957626342,True,True,False,True,True,0.9469657373838062,True,threshold_crossing,6,8972,8
gradcam-87d40b7f0d50f08afc99,population-2a9bc5280db4a65672a1bbcb,survface,survface:registered_probe:5227_18,adaface-4df25b75e065b0b9ed43,pca,pca_64,pca_reconstruction_cosine,0.3,True,frozen_origin,0.1691539287567138,True,True,False,True,True,0.9456105410588213,True,threshold_crossing,7,8972,8
gradcam-00b6db943ddd994451d4,population-2a9bc5280db4a65672a1bbcb,survface,survface:registered_probe:3954_cam2_1,adaface-4df25b75e065b0b9ed43,pca,pca_64,pca_reconstruction_cosine,0.3,True,frozen_origin,0.2395914494991302,True,True,False,True,True,0.9437785009714896,True,threshold_crossing,8,8972,8
gradcam-8386a2acaaf52ed13881,population-2a9bc5280db4a65672a1bbcb,survface,survface:registered_probe:5244_22,adaface-4df25b75e065b0b9ed43,pq,pq_512_m128_b8,pq_one_sided_cosine,0.01,True,frozen_origin,-0.0359264612197876,True,False,False,True,True,0.4167291412451919,True,high_error,1,8972,8
gradcam-af8ad9276009d569e2ae,population-2a9bc5280db4a65672a1bbcb,survface,survface:registered_probe:2973_cam3_1,adaface-4df25b75e065b0b9ed43,pq,pq_512_m128_b8,pq_one_sided_cosine,0.01,True,frozen_origin,-0.0199076831340789,True,False,False,True,True,0.4126324785882191,True,high_error,2,8972,8
gradcam-679c37317beabc7a7ee9,population-2a9bc5280db4a65672a1bbcb,survface,survface:unknown_unknown_probe:2667_cam2_1,adaface-4df25b75e065b0b9ed43,pq,pq_512_m128_b8,pq_one_sided_cosine,0.01,False,frozen_origin,-0.0229196548461914,True,False,False,True,True,0.4039480014647802,True,high_error,3,8972,8
gradcam-d783ffc28662e5e2c08d,population-2a9bc5280db4a65672a1bbcb,survface,survface:unknown_unknown_probe:distractors_3567,adaface-4df25b75e065b0b9ed43,pq,pq_512_m128_b8,pq_one_sided_cosine,0.01,False,frozen_origin,-0.0102721452713012,True,False,False,True,True,0.4005619694256562,True,high_error,4,8972,8
gradcam-6b86baff05c41522b780,population-2a9bc5280db4a65672a1bbcb,survface,survface:registered_probe:8344_cam1_5,adaface-4df25b75e065b0b9ed43,pq,pq_512_m128_b8,pq_one_sided_cosine,0.01,True,frozen_origin,-0.0250345468521118,True,False,False,True,True,0.4001285005096708,True,high_error,5,8972,8
gradcam-5348ed646ca3a5d16aa2,population-2a9bc5280db4a65672a1bbcb,survface,survface:unknown_unknown_probe:248_cam2_1,adaface-4df25b75e065b0b9ed43,pq,pq_512_m128_b8,pq_one_sided_cosine,0.01,False,frozen_origin,0.0120955407619476,True,False,False,True,True,0.3981545240088688,True,high_error,6,8972,8
gradcam-526d135b246fe269dab3,population-2a9bc5280db4a65672a1bbcb,survface,survface:unknown_unknown_probe:distractors_4313,adaface-4df25b75e065b0b9ed43,pq,pq_512_m128_b8,pq_one_sided_cosine,0.01,False,frozen_origin,-0.0182999968528747,True,False,False,True,True,0.3969618453941757,True,high_error,7,8972,8
gradcam-9f2cebdfefe65bd9dbc3,population-2a9bc5280db4a65672a1bbcb,survface,survface:unknown_unknown_probe:2756_cam4_1,adaface-4df25b75e065b0b9ed43,pq,pq_512_m128_b8,pq_one_sided_cosine,0.01,False,frozen_origin,-0.0150302052497863,True,False,False,True,True,0.3950710997373929,True,high_error,8,8972,8
gradcam-d5e2c60b42615efc3645,population-2a9bc5280db4a65672a1bbcb,survface,survface:unknown_unknown_probe:distractors_2318,adaface-4df25b75e065b0b9ed43,pq,pq_512_m128_b8,pq_one_sided_cosine,0.01,False,frozen_origin,-0.014178842306137,False,False,False,True,True,0.3956525139719687,True,rank_flip,1,8972,8
gradcam-2f5c325acd94053382df,population-2a9bc5280db4a65672a1bbcb,survface,survface:unknown_unknown_probe:9048_cam2_20,adaface-4df25b75e065b0b9ed43,pq,pq_512_m128_b8,pq_one_sided_cosine,0.01,False,frozen_origin,-0.0059621632099151,False,False,False,True,True,0.3905960642364297,True,rank_flip,2,8972,8
gradcam-5febd4cee459b4b9833b,population-2a9bc5280db4a65672a1bbcb,survface,survface:unknown_unknown_probe:distractors_1659,adaface-4df25b75e065b0b9ed43,pq,pq_512_m128_b8,pq_one_sided_cosine,0.01,False,frozen_origin,-0.0048912614583969,False,False,False,True,True,0.389353053988511,True,rank_flip,3,8972,8
gradcam-13963e8a129c0ba235b9,population-2a9bc5280db4a65672a1bbcb,survface,survface:registered_probe:595_cam1_1,adaface-4df25b75e065b0b9ed43,pq,pq_512_m128_b8,pq_one_sided_cosine,0.01,True,frozen_origin,-7.429718971252441e-05,False,False,False,True,True,0.3883710260455786,True,rank_flip,4,8972,8
gradcam-e03ac0d1ad6d132281a0,population-2a9bc5280db4a65672a1bbcb,survface,survface:unknown_unknown_probe:698_cam2_1,adaface-4df25b75e065b0b9ed43,pq,pq_512_m128_b8,pq_one_sided_cosine,0.01,False,frozen_origin,0.0053092241287231,False,False,False,True,True,0.3877490998312,True,rank_flip,5,8972,8
gradcam-c818273fc625992089ed,population-2a9bc5280db4a65672a1bbcb,survface,survface:unknown_unknown_probe:2704_cam2_1,adaface-4df25b75e065b0b9ed43,pq,pq_512_m128_b8,pq_one_sided_cosine,0.01,False,frozen_origin,-0.0124335885047912,False,False,False,True,True,0.387219769861053,True,rank_flip,6,8972,8
gradcam-6fdadee4ca9fe137982e,population-2a9bc5280db4a65672a1bbcb,survface,survface:unknown_unknown_probe:10256_cam2_10,adaface-4df25b75e065b0b9ed43,pq,pq_512_m128_b8,pq_one_sided_cosine,0.01,False,frozen_origin,-0.009430855512619,False,False,False,True,True,0.3852570605751609,True,rank_flip,7,8972,8
gradcam-ed0cb13777c0bec8b9ba,population-2a9bc5280db4a65672a1bbcb,survface,survface:unknown_unknown_probe:10106_cam2_130,adaface-4df25b75e065b0b9ed43,pq,pq_512_m128_b8,pq_one_sided_cosine,0.01,False,frozen_origin,-0.0300142467021942,False,False,False,True,True,0.3852322189113432,True,rank_flip,8,8972,8
gradcam-c68d2e75178a403d2517,population-2a9bc5280db4a65672a1bbcb,survface,survface:registered_probe:5703_cam1_58,adaface-4df25b75e065b0b9ed43,pq,pq_512_m128_b8,pq_one_sided_cosine,0.01,True,frozen_origin,-0.0121049880981445,True,False,False,True,True,0.2055218834955866,True,stable,1,8972,8
gradcam-6a8ff91304e75ae8b904,population-2a9bc5280db4a65672a1bbcb,survface,survface:registered_probe:9060_cam2_52,adaface-4df25b75e065b0b9ed43,pq,pq_512_m128_b8,pq_one_sided_cosine,0.01,True,frozen_origin,-0.0191447138786315,True,False,False,True,True,0.2066533044591507,True,stable,2,8972,8
gradcam-2340464635616c086485,population-2a9bc5280db4a65672a1bbcb,survface,survface:unknown_unknown_probe:5783_cam1_39,adaface-4df25b75e065b0b9ed43,pq,pq_512_m128_b8,pq_one_sided_cosine,0.01,False,frozen_origin,-0.0178192853927612,True,False,False,True,True,0.2092791866609729,True,stable,3,8972,8
gradcam-bd2213ee98a6ae5ae7c8,population-2a9bc5280db4a65672a1bbcb,survface,survface:unknown_unknown_probe:5691_cam2_28,adaface-4df25b75e065b0b9ed43,pq,pq_512_m128_b8,pq_one_sided_cosine,0.01,False,frozen_origin,-0.0153373479843139,True,False,False,True,True,0.2101504452433658,True,stable,4,8972,8
gradcam-55b8084ee9be119d1a30,population-2a9bc5280db4a65672a1bbcb,survface,survface:unknown_unknown_probe:10561_cam1_6,adaface-4df25b75e065b0b9ed43,pq,pq_512_m128_b8,pq_one_sided_cosine,0.01,False,frozen_origin,-0.0190404653549194,True,False,False,True,True,0.2108092247869298,True,stable,5,8972,8
gradcam-6938c5f78348d526e3ed,population-2a9bc5280db4a65672a1bbcb,survface,survface:registered_probe:5812_cam2_98,adaface-4df25b75e065b0b9ed43,pq,pq_512_m128_b8,pq_one_sided_cosine,0.01,True,frozen_origin,-0.0214492082595825,True,False,False,True,True,0.2113045851294467,True,stable,6,8972,8
gradcam-c70bf542acfde184f3cf,population-2a9bc5280db4a65672a1bbcb,survface,survface:unknown_unknown_probe:10072_cam1_45,adaface-4df25b75e065b0b9ed43,pq,pq_512_m128_b8,pq_one_sided_cosine,0.01,False,frozen_origin,-0.0159265995025634,True,False,False,True,True,0.2113210617667231,True,stable,7,8972,8
gradcam-d5a598c0889ec7eccf83,population-2a9bc5280db4a65672a1bbcb,survface,survface:unknown_unknown_probe:5830_cam2_96,adaface-4df25b75e065b0b9ed43,pq,pq_512_m128_b8,pq_one_sided_cosine,0.01,False,frozen_origin,-0.0163680911064147,True,False,False,True,True,0.2113685875488513,True,stable,8,8972,8
gradcam-e2a6176e73f1555d804c,population-2a9bc5280db4a65672a1bbcb,survface,survface:unknown_unknown_probe:4754_cam2_2,adaface-4df25b75e065b0b9ed43,pq,pq_512_m128_b8,pq_one_sided_cosine,0.01,False,frozen_origin,-0.038528561592102,True,True,False,True,True,0.3336497263769928,True,threshold_crossing,1,8972,8
gradcam-648734adcdbaa45c37d6,population-2a9bc5280db4a65672a1bbcb,survface,survface:unknown_unknown_probe:4821_cam2_5,adaface-4df25b75e065b0b9ed43,pq,pq_512_m128_b8,pq_one_sided_cosine,0.01,False,frozen_origin,-0.0384304523468017,True,True,False,True,True,0.3227038410527055,True,threshold_crossing,2,8972,8
gradcam-a4392eaa9c5783376285,population-2a9bc5280db4a65672a1bbcb,survface,survface:registered_probe:9155_cam3_16,adaface-4df25b75e065b0b9ed43,pq,pq_512_m128_b8,pq_one_sided_cosine,0.01,True,frozen_origin,-0.0447743535041809,True,True,False,True,True,0.3126430217914526,True,threshold_crossing,3,8972,8
gradcam-d0fc41e889c7f502bd22,population-2a9bc5280db4a65672a1bbcb,survface,survface:unknown_unknown_probe:10448_cam2_21,adaface-4df25b75e065b0b9ed43,pq,pq_512_m128_b8,pq_one_sided_cosine,0.01,False,frozen_origin,-0.0462777614593505,True,True,False,True,True,0.3110709196825288,True,threshold_crossing,4,8972,8
gradcam-c67708a966fd11bb3a99,population-2a9bc5280db4a65672a1bbcb,survface,survface:unknown_unknown_probe:513_cam3_1,adaface-4df25b75e065b0b9ed43,pq,pq_512_m128_b8,pq_one_sided_cosine,0.01,False,frozen_origin,-0.0371680855751037,True,True,False,True,True,0.3073602774103096,True,threshold_crossing,5,8972,8
gradcam-86f82d35b4da0b65558c,population-2a9bc5280db4a65672a1bbcb,survface,survface:registered_probe:5462_cam1_2,adaface-4df25b75e065b0b9ed43,pq,pq_512_m128_b8,pq_one_sided_cosine,0.01,True,frozen_origin,-0.0215333700180053,True,True,False,True,True,0.3045036165121284,True,threshold_crossing,6,8972,8
gradcam-6337e6e2977429549f10,population-2a9bc5280db4a65672a1bbcb,survface,survface:registered_probe:5462_cam1_4,adaface-4df25b75e065b0b9ed43,pq,pq_512_m128_b8,pq_one_sided_cosine,0.01,True,frozen_origin,-0.0305043458938598,True,True,False,True,True,0.2987396216848195,True,threshold_crossing,7,8972,8
gradcam-a622832ab9ee12f17300,population-2a9bc5280db4a65672a1bbcb,survface,survface:registered_probe:5462_cam1_6,adaface-4df25b75e065b0b9ed43,pq,pq_512_m128_b8,pq_one_sided_cosine,0.01,True,frozen_origin,-0.0278410911560058,True,True,False,True,True,0.2955350014718744,True,threshold_crossing,8,8972,8
gradcam-7b5c2dfd7892f957c293,population-2a9bc5280db4a65672a1bbcb,survface,survface:registered_probe:5244_22,adaface-4df25b75e065b0b9ed43,pq,pq_512_m128_b8,pq_one_sided_cosine,0.05,True,frozen_origin,-0.0359264612197876,True,False,False,True,True,0.4167291412451919,True,high_error,1,8972,8
gradcam-090de415242337780d83,population-2a9bc5280db4a65672a1bbcb,survface,survface:registered_probe:2973_cam3_1,adaface-4df25b75e065b0b9ed43,pq,pq_512_m128_b8,pq_one_sided_cosine,0.05,True,frozen_origin,-0.0199076831340789,True,False,False,True,True,0.4126324785882191,True,high_error,2,8972,8
gradcam-b6651dabf4f5f6943099,population-2a9bc5280db4a65672a1bbcb,survface,survface:unknown_unknown_probe:2667_cam2_1,adaface-4df25b75e065b0b9ed43,pq,pq_512_m128_b8,pq_one_sided_cosine,0.05,False,frozen_origin,-0.0229196548461914,True,False,False,True,True,0.4039480014647802,True,high_error,3,8972,8
gradcam-b831e12e6a6bc0ede1ce,population-2a9bc5280db4a65672a1bbcb,survface,survface:unknown_unknown_probe:distractors_3567,adaface-4df25b75e065b0b9ed43,pq,pq_512_m128_b8,pq_one_sided_cosine,0.05,False,frozen_origin,-0.0102721452713012,True,False,False,True,True,0.4005619694256562,True,high_error,4,8972,8
gradcam-f59d5ccc47b1db338d63,population-2a9bc5280db4a65672a1bbcb,survface,survface:registered_probe:8344_cam1_5,adaface-4df25b75e065b0b9ed43,pq,pq_512_m128_b8,pq_one_sided_cosine,0.05,True,frozen_origin,-0.0250345468521118,True,False,False,True,True,0.4001285005096708,True,high_error,5,8972,8
gradcam-bfb05efb0b295ba9ad96,population-2a9bc5280db4a65672a1bbcb,survface,survface:unknown_unknown_probe:248_cam2_1,adaface-4df25b75e065b0b9ed43,pq,pq_512_m128_b8,pq_one_sided_cosine,0.05,False,frozen_origin,0.0120955407619476,True,False,False,True,True,0.3981545240088688,True,high_error,6,8972,8
gradcam-36ce40874d0e61d25a15,population-2a9bc5280db4a65672a1bbcb,survface,survface:unknown_unknown_probe:distractors_4313,adaface-4df25b75e065b0b9ed43,pq,pq_512_m128_b8,pq_one_sided_cosine,0.05,False,frozen_origin,-0.0182999968528747,True,False,False,True,True,0.3969618453941757,True,high_error,7,8972,8
gradcam-6e7f1e6bcb0f064ceee5,population-2a9bc5280db4a65672a1bbcb,survface,survface:unknown_unknown_probe:2756_cam4_1,adaface-4df25b75e065b0b9ed43,pq,pq_512_m128_b8,pq_one_sided_cosine,0.05,False,frozen_origin,-0.0150302052497863,True,False,False,True,True,0.3950710997373929,True,high_error,8,8972,8
gradcam-2d582941cb903b4da8f0,population-2a9bc5280db4a65672a1bbcb,survface,survface:unknown_unknown_probe:distractors_2318,adaface-4df25b75e065b0b9ed43,pq,pq_512_m128_b8,pq_one_sided_cosine,0.05,False,frozen_origin,-0.014178842306137,False,False,False,True,True,0.3956525139719687,True,rank_flip,1,8972,8
gradcam-72ac2823597a09f7402d,population-2a9bc5280db4a65672a1bbcb,survface,survface:unknown_unknown_probe:9048_cam2_20,adaface-4df25b75e065b0b9ed43,pq,pq_512_m128_b8,pq_one_sided_cosine,0.05,False,frozen_origin,-0.0059621632099151,False,False,False,True,True,0.3905960642364297,True,rank_flip,2,8972,8
gradcam-2edb7e679e3c92395ddf,population-2a9bc5280db4a65672a1bbcb,survface,survface:unknown_unknown_probe:distractors_1659,adaface-4df25b75e065b0b9ed43,pq,pq_512_m128_b8,pq_one_sided_cosine,0.05,False,frozen_origin,-0.0048912614583969,False,False,False,True,True,0.389353053988511,True,rank_flip,3,8972,8
gradcam-a8b2a6be83e6e932daad,population-2a9bc5280db4a65672a1bbcb,survface,survface:registered_probe:595_cam1_1,adaface-4df25b75e065b0b9ed43,pq,pq_512_m128_b8,pq_one_sided_cosine,0.05,True,frozen_origin,-7.429718971252441e-05,False,False,False,True,True,0.3883710260455786,True,rank_flip,4,8972,8
gradcam-4ab29a8aac8dd3935ad3,population-2a9bc5280db4a65672a1bbcb,survface,survface:unknown_unknown_probe:698_cam2_1,adaface-4df25b75e065b0b9ed43,pq,pq_512_m128_b8,pq_one_sided_cosine,0.05,False,frozen_origin,0.0053092241287231,False,False,False,True,True,0.3877490998312,True,rank_flip,5,8972,8
gradcam-c4c2cc4cd66a5b09a227,population-2a9bc5280db4a65672a1bbcb,survface,survface:unknown_unknown_probe:2704_cam2_1,adaface-4df25b75e065b0b9ed43,pq,pq_512_m128_b8,pq_one_sided_cosine,0.05,False,frozen_origin,-0.0124335885047912,False,False,False,True,True,0.387219769861053,True,rank_flip,6,8972,8
gradcam-7d9eab78035fefea1881,population-2a9bc5280db4a65672a1bbcb,survface,survface:unknown_unknown_probe:10256_cam2_10,adaface-4df25b75e065b0b9ed43,pq,pq_512_m128_b8,pq_one_sided_cosine,0.05,False,frozen_origin,-0.009430855512619,False,False,False,True,True,0.3852570605751609,True,rank_flip,7,8972,8
gradcam-a99c6f2fb22aea0763e7,population-2a9bc5280db4a65672a1bbcb,survface,survface:unknown_unknown_probe:10106_cam2_130,adaface-4df25b75e065b0b9ed43,pq,pq_512_m128_b8,pq_one_sided_cosine,0.05,False,frozen_origin,-0.0300142467021942,False,False,False,True,True,0.3852322189113432,True,rank_flip,8,8972,8
gradcam-cdf7390cc9c709700c71,population-2a9bc5280db4a65672a1bbcb,survface,survface:registered_probe:5703_cam1_58,adaface-4df25b75e065b0b9ed43,pq,pq_512_m128_b8,pq_one_sided_cosine,0.05,True,frozen_origin,-0.0121049880981445,True,False,False,True,True,0.2055218834955866,True,stable,1,8972,8
gradcam-ab4f169a346b7bde04d2,population-2a9bc5280db4a65672a1bbcb,survface,survface:registered_probe:9060_cam2_52,adaface-4df25b75e065b0b9ed43,pq,pq_512_m128_b8,pq_one_sided_cosine,0.05,True,frozen_origin,-0.0191447138786315,True,False,False,True,True,0.2066533044591507,True,stable,2,8972,8
gradcam-d773eaac8483b5e9741e,population-2a9bc5280db4a65672a1bbcb,survface,survface:unknown_unknown_probe:5783_cam1_39,adaface-4df25b75e065b0b9ed43,pq,pq_512_m128_b8,pq_one_sided_cosine,0.05,False,frozen_origin,-0.0178192853927612,True,False,False,True,True,0.2092791866609729,True,stable,3,8972,8
gradcam-1d30be5f75d788d50fca,population-2a9bc5280db4a65672a1bbcb,survface,survface:unknown_unknown_probe:10561_cam1_6,adaface-4df25b75e065b0b9ed43,pq,pq_512_m128_b8,pq_one_sided_cosine,0.05,False,frozen_origin,-0.0190404653549194,True,False,False,True,True,0.2108092247869298,True,stable,4,8972,8
gradcam-844a3a3b8b1468d20701,population-2a9bc5280db4a65672a1bbcb,survface,survface:registered_probe:5812_cam2_98,adaface-4df25b75e065b0b9ed43,pq,pq_512_m128_b8,pq_one_sided_cosine,0.05,True,frozen_origin,-0.0214492082595825,True,False,False,True,True,0.2113045851294467,True,stable,5,8972,8
gradcam-ba2a4804852f1ac6d6af,population-2a9bc5280db4a65672a1bbcb,survface,survface:unknown_unknown_probe:10072_cam1_45,adaface-4df25b75e065b0b9ed43,pq,pq_512_m128_b8,pq_one_sided_cosine,0.05,False,frozen_origin,-0.0159265995025634,True,False,False,True,True,0.2113210617667231,True,stable,6,8972,8
gradcam-129b9aa731ec01d64575,population-2a9bc5280db4a65672a1bbcb,survface,survface:unknown_unknown_probe:5830_cam2_96,adaface-4df25b75e065b0b9ed43,pq,pq_512_m128_b8,pq_one_sided_cosine,0.05,False,frozen_origin,-0.0163680911064147,True,False,False,True,True,0.2113685875488513,True,stable,7,8972,8
gradcam-72c5bcb6248ac6babb1a,population-2a9bc5280db4a65672a1bbcb,survface,survface:registered_probe:5839_cam2_28,adaface-4df25b75e065b0b9ed43,pq,pq_512_m128_b8,pq_one_sided_cosine,0.05,True,frozen_origin,-0.0193694829940795,True,False,False,True,True,0.2113754266622246,True,stable,8,8972,8
gradcam-b2c40698c1fcc64cc8e4,population-2a9bc5280db4a65672a1bbcb,survface,survface:unknown_unknown_probe:distractors_4002,adaface-4df25b75e065b0b9ed43,pq,pq_512_m128_b8,pq_one_sided_cosine,0.05,False,frozen_origin,-0.0450637936592102,True,True,False,True,True,0.3438238230862739,True,threshold_crossing,1,8972,8
gradcam-7610cc3d485cbed50603,population-2a9bc5280db4a65672a1bbcb,survface,survface:registered_probe:5227_16,adaface-4df25b75e065b0b9ed43,pq,pq_512_m128_b8,pq_one_sided_cosine,0.05,True,frozen_origin,-0.051174521446228,True,True,False,True,True,0.3428161185050208,True,threshold_crossing,2,8972,8
gradcam-76cd3458162c1ab6e904,population-2a9bc5280db4a65672a1bbcb,survface,survface:unknown_unknown_probe:distractors_824,adaface-4df25b75e065b0b9ed43,pq,pq_512_m128_b8,pq_one_sided_cosine,0.05,False,frozen_origin,-0.0236786603927612,True,True,False,True,True,0.311366390360706,True,threshold_crossing,3,8972,8
gradcam-b29f71687d1048e0a07f,population-2a9bc5280db4a65672a1bbcb,survface,survface:unknown_unknown_probe:10443_cam2_40,adaface-4df25b75e065b0b9ed43,pq,pq_512_m128_b8,pq_one_sided_cosine,0.05,False,frozen_origin,-0.0383904576301574,True,True,False,True,True,0.3111800050183915,True,threshold_crossing,4,8972,8
gradcam-b2e8f2fcf0648055c42a,population-2a9bc5280db4a65672a1bbcb,survface,survface:unknown_unknown_probe:10448_cam2_21,adaface-4df25b75e065b0b9ed43,pq,pq_512_m128_b8,pq_one_sided_cosine,0.05,False,frozen_origin,-0.0462777614593505,True,True,False,True,True,0.3110709196825288,True,threshold_crossing,5,8972,8
gradcam-a1c225ec665b1e256668,population-2a9bc5280db4a65672a1bbcb,survface,survface:registered_probe:5061_cam2_4,adaface-4df25b75e065b0b9ed43,pq,pq_512_m128_b8,pq_one_sided_cosine,0.05,True,frozen_origin,-0.0374149680137634,True,True,False,True,True,0.3110665427503823,True,threshold_crossing,6,8972,8
gradcam-3a8a973c5ad620f798e2,population-2a9bc5280db4a65672a1bbcb,survface,survface:registered_probe:10548_cam3_28,adaface-4df25b75e065b0b9ed43,pq,pq_512_m128_b8,pq_one_sided_cosine,0.05,True,frozen_origin,-0.034714937210083,True,True,False,True,True,0.3092071316828425,True,threshold_crossing,7,8972,8
gradcam-2cb5628650c557fa17a6,population-2a9bc5280db4a65672a1bbcb,survface,survface:registered_probe:1377_cam4_1,adaface-4df25b75e065b0b9ed43,pq,pq_512_m128_b8,pq_one_sided_cosine,0.05,True,frozen_origin,-0.0315964221954345,True,True,False,True,True,0.3085560565566044,True,threshold_crossing,8,8972,8
gradcam-ca9c34a5079c35f124f0,population-2a9bc5280db4a65672a1bbcb,survface,survface:registered_probe:5244_22,adaface-4df25b75e065b0b9ed43,pq,pq_512_m128_b8,pq_one_sided_cosine,0.1,True,frozen_origin,-0.0359264612197876,True,False,False,True,True,0.4167291412451919,True,high_error,1,8972,8
gradcam-f34ecd96a09cdf1cd26d,population-2a9bc5280db4a65672a1bbcb,survface,survface:registered_probe:2973_cam3_1,adaface-4df25b75e065b0b9ed43,pq,pq_512_m128_b8,pq_one_sided_cosine,0.1,True,frozen_origin,-0.0199076831340789,True,False,False,True,True,0.4126324785882191,True,high_error,2,8972,8
gradcam-b5f60cac2e4897bb95ee,population-2a9bc5280db4a65672a1bbcb,survface,survface:unknown_unknown_probe:2667_cam2_1,adaface-4df25b75e065b0b9ed43,pq,pq_512_m128_b8,pq_one_sided_cosine,0.1,False,frozen_origin,-0.0229196548461914,True,False,False,True,True,0.4039480014647802,True,high_error,3,8972,8
gradcam-f2b04f7111a854061841,population-2a9bc5280db4a65672a1bbcb,survface,survface:unknown_unknown_probe:distractors_3567,adaface-4df25b75e065b0b9ed43,pq,pq_512_m128_b8,pq_one_sided_cosine,0.1,False,frozen_origin,-0.0102721452713012,True,False,False,True,True,0.4005619694256562,True,high_error,4,8972,8
gradcam-044dbde97ba15f2ceee3,population-2a9bc5280db4a65672a1bbcb,survface,survface:registered_probe:8344_cam1_5,adaface-4df25b75e065b0b9ed43,pq,pq_512_m128_b8,pq_one_sided_cosine,0.1,True,frozen_origin,-0.0250345468521118,True,False,False,True,True,0.4001285005096708,True,high_error,5,8972,8
gradcam-371cac2e830e9245a9af,population-2a9bc5280db4a65672a1bbcb,survface,survface:unknown_unknown_probe:248_cam2_1,adaface-4df25b75e065b0b9ed43,pq,pq_512_m128_b8,pq_one_sided_cosine,0.1,False,frozen_origin,0.0120955407619476,True,False,False,True,True,0.3981545240088688,True,high_error,6,8972,8
gradcam-ec2cc552a505b97e4c1d,population-2a9bc5280db4a65672a1bbcb,survface,survface:unknown_unknown_probe:distractors_4313,adaface-4df25b75e065b0b9ed43,pq,pq_512_m128_b8,pq_one_sided_cosine,0.1,False,frozen_origin,-0.0182999968528747,True,False,False,True,True,0.3969618453941757,True,high_error,7,8972,8
gradcam-dbbba6a94f84a3bcf9d4,population-2a9bc5280db4a65672a1bbcb,survface,survface:unknown_unknown_probe:2756_cam4_1,adaface-4df25b75e065b0b9ed43,pq,pq_512_m128_b8,pq_one_sided_cosine,0.1,False,frozen_origin,-0.0150302052497863,True,False,False,True,True,0.3950710997373929,True,high_error,8,8972,8
gradcam-556fcc773ae665759ac2,population-2a9bc5280db4a65672a1bbcb,survface,survface:unknown_unknown_probe:distractors_2318,adaface-4df25b75e065b0b9ed43,pq,pq_512_m128_b8,pq_one_sided_cosine,0.1,False,frozen_origin,-0.014178842306137,False,False,False,True,True,0.3956525139719687,True,rank_flip,1,8972,8
gradcam-8addef720ef704f62bc3,population-2a9bc5280db4a65672a1bbcb,survface,survface:unknown_unknown_probe:9048_cam2_20,adaface-4df25b75e065b0b9ed43,pq,pq_512_m128_b8,pq_one_sided_cosine,0.1,False,frozen_origin,-0.0059621632099151,False,False,False,True,True,0.3905960642364297,True,rank_flip,2,8972,8
gradcam-ce6833acd13b01a9b15a,population-2a9bc5280db4a65672a1bbcb,survface,survface:unknown_unknown_probe:distractors_1659,adaface-4df25b75e065b0b9ed43,pq,pq_512_m128_b8,pq_one_sided_cosine,0.1,False,frozen_origin,-0.0048912614583969,False,False,False,True,True,0.389353053988511,True,rank_flip,3,8972,8
gradcam-29891ac16a2fa750f523,population-2a9bc5280db4a65672a1bbcb,survface,survface:registered_probe:595_cam1_1,adaface-4df25b75e065b0b9ed43,pq,pq_512_m128_b8,pq_one_sided_cosine,0.1,True,frozen_origin,-7.429718971252441e-05,False,False,False,True,True,0.3883710260455786,True,rank_flip,4,8972,8
gradcam-22e3a76c5a1314b9a896,population-2a9bc5280db4a65672a1bbcb,survface,survface:unknown_unknown_probe:698_cam2_1,adaface-4df25b75e065b0b9ed43,pq,pq_512_m128_b8,pq_one_sided_cosine,0.1,False,frozen_origin,0.0053092241287231,False,False,False,True,True,0.3877490998312,True,rank_flip,5,8972,8
gradcam-42fa4be95359803a1604,population-2a9bc5280db4a65672a1bbcb,survface,survface:unknown_unknown_probe:2704_cam2_1,adaface-4df25b75e065b0b9ed43,pq,pq_512_m128_b8,pq_one_sided_cosine,0.1,False,frozen_origin,-0.0124335885047912,False,False,False,True,True,0.387219769861053,True,rank_flip,6,8972,8
gradcam-ed1965a43b4a355de0f2,population-2a9bc5280db4a65672a1bbcb,survface,survface:unknown_unknown_probe:10256_cam2_10,adaface-4df25b75e065b0b9ed43,pq,pq_512_m128_b8,pq_one_sided_cosine,0.1,False,frozen_origin,-0.009430855512619,False,False,False,True,True,0.3852570605751609,True,rank_flip,7,8972,8
gradcam-6590fa5d16a71b4e3952,population-2a9bc5280db4a65672a1bbcb,survface,survface:unknown_unknown_probe:10106_cam2_130,adaface-4df25b75e065b0b9ed43,pq,pq_512_m128_b8,pq_one_sided_cosine,0.1,False,frozen_origin,-0.0300142467021942,False,False,False,True,True,0.3852322189113432,True,rank_flip,8,8972,8
gradcam-3643d982c037d8664e90,population-2a9bc5280db4a65672a1bbcb,survface,survface:registered_probe:5703_cam1_58,adaface-4df25b75e065b0b9ed43,pq,pq_512_m128_b8,pq_one_sided_cosine,0.1,True,frozen_origin,-0.0121049880981445,True,False,False,True,True,0.2055218834955866,True,stable,1,8972,8
gradcam-d591b5ee2137200771e1,population-2a9bc5280db4a65672a1bbcb,survface,survface:registered_probe:9060_cam2_52,adaface-4df25b75e065b0b9ed43,pq,pq_512_m128_b8,pq_one_sided_cosine,0.1,True,frozen_origin,-0.0191447138786315,True,False,False,True,True,0.2066533044591507,True,stable,2,8972,8
gradcam-1b5a1956cfad4a889e58,population-2a9bc5280db4a65672a1bbcb,survface,survface:unknown_unknown_probe:5783_cam1_39,adaface-4df25b75e065b0b9ed43,pq,pq_512_m128_b8,pq_one_sided_cosine,0.1,False,frozen_origin,-0.0178192853927612,True,False,False,True,True,0.2092791866609729,True,stable,3,8972,8
gradcam-190c29fbc63dfa30b35c,population-2a9bc5280db4a65672a1bbcb,survface,survface:unknown_unknown_probe:5691_cam2_28,adaface-4df25b75e065b0b9ed43,pq,pq_512_m128_b8,pq_one_sided_cosine,0.1,False,frozen_origin,-0.0153373479843139,True,False,False,True,True,0.2101504452433658,True,stable,4,8972,8
gradcam-873d85389769780acf7f,population-2a9bc5280db4a65672a1bbcb,survface,survface:unknown_unknown_probe:10561_cam1_6,adaface-4df25b75e065b0b9ed43,pq,pq_512_m128_b8,pq_one_sided_cosine,0.1,False,frozen_origin,-0.0190404653549194,True,False,False,True,True,0.2108092247869298,True,stable,5,8972,8
gradcam-3881ba450f8a9aa898c9,population-2a9bc5280db4a65672a1bbcb,survface,survface:registered_probe:5812_cam2_98,adaface-4df25b75e065b0b9ed43,pq,pq_512_m128_b8,pq_one_sided_cosine,0.1,True,frozen_origin,-0.0214492082595825,True,False,False,True,True,0.2113045851294467,True,stable,6,8972,8
gradcam-b043615932095520177e,population-2a9bc5280db4a65672a1bbcb,survface,survface:unknown_unknown_probe:10072_cam1_45,adaface-4df25b75e065b0b9ed43,pq,pq_512_m128_b8,pq_one_sided_cosine,0.1,False,frozen_origin,-0.0159265995025634,True,False,False,True,True,0.2113210617667231,True,stable,7,8972,8
gradcam-4c1ddc9d36f8cb30e18e,population-2a9bc5280db4a65672a1bbcb,survface,survface:unknown_unknown_probe:5830_cam2_96,adaface-4df25b75e065b0b9ed43,pq,pq_512_m128_b8,pq_one_sided_cosine,0.1,False,frozen_origin,-0.0163680911064147,True,False,False,True,True,0.2113685875488513,True,stable,8,8972,8
gradcam-904e6c03cf0e6766c928,population-2a9bc5280db4a65672a1bbcb,survface,survface:registered_probe:5227_16,adaface-4df25b75e065b0b9ed43,pq,pq_512_m128_b8,pq_one_sided_cosine,0.1,True,frozen_origin,-0.051174521446228,True,True,False,True,True,0.3428161185050208,True,threshold_crossing,1,8972,8
gradcam-c1f77a766344bc80d865,population-2a9bc5280db4a65672a1bbcb,survface,survface:unknown_unknown_probe:1346_cam1_1,adaface-4df25b75e065b0b9ed43,pq,pq_512_m128_b8,pq_one_sided_cosine,0.1,False,frozen_origin,-0.0463061332702636,True,True,False,True,True,0.3321004495573114,True,threshold_crossing,2,8972,8
gradcam-2ba7131c19318e70b6d4,population-2a9bc5280db4a65672a1bbcb,survface,survface:registered_probe:5225_16,adaface-4df25b75e065b0b9ed43,pq,pq_512_m128_b8,pq_one_sided_cosine,0.1,True,frozen_origin,-0.0535709261894226,True,True,False,True,True,0.3177750174971354,True,threshold_crossing,3,8972,8
gradcam-28cf95b803498ad17a6b,population-2a9bc5280db4a65672a1bbcb,survface,survface:registered_probe:438_cam3_1,adaface-4df25b75e065b0b9ed43,pq,pq_512_m128_b8,pq_one_sided_cosine,0.1,True,frozen_origin,-0.0245845317840576,True,True,False,True,True,0.3081640227612007,True,threshold_crossing,4,8972,8
gradcam-16056a4dfb37a09c8810,population-2a9bc5280db4a65672a1bbcb,survface,survface:registered_probe:9774_cam2_12,adaface-4df25b75e065b0b9ed43,pq,pq_512_m128_b8,pq_one_sided_cosine,0.1,True,frozen_origin,-0.0290406942367553,True,True,False,True,True,0.3081299968471856,True,threshold_crossing,5,8972,8
gradcam-4a44c8a3cd91d74c3d29,population-2a9bc5280db4a65672a1bbcb,survface,survface:unknown_unknown_probe:10510_cam3_15,adaface-4df25b75e065b0b9ed43,pq,pq_512_m128_b8,pq_one_sided_cosine,0.1,False,frozen_origin,-0.0328505039215087,True,True,False,True,True,0.3025900782350637,True,threshold_crossing,6,8972,8
gradcam-7132b2e8d887cf2cee55,population-2a9bc5280db4a65672a1bbcb,survface,survface:unknown_unknown_probe:9383_cam3_35,adaface-4df25b75e065b0b9ed43,pq,pq_512_m128_b8,pq_one_sided_cosine,0.1,False,frozen_origin,-0.0190954208374023,True,True,False,True,True,0.3007555031438281,True,threshold_crossing,7,8972,8
gradcam-28a2957c59217c9a270a,population-2a9bc5280db4a65672a1bbcb,survface,survface:unknown_unknown_probe:5735_cam2_71,adaface-4df25b75e065b0b9ed43,pq,pq_512_m128_b8,pq_one_sided_cosine,0.1,False,frozen_origin,-0.0261458754539489,True,True,False,True,True,0.3001375759962523,True,threshold_crossing,8,8972,8
gradcam-e54644db617d13aecc87,population-2a9bc5280db4a65672a1bbcb,survface,survface:registered_probe:5244_22,adaface-4df25b75e065b0b9ed43,pq,pq_512_m128_b8,pq_one_sided_cosine,0.2,True,frozen_origin,-0.0359264612197876,True,False,False,True,True,0.4167291412451919,True,high_error,1,8972,8
gradcam-fb957e488509f09309dd,population-2a9bc5280db4a65672a1bbcb,survface,survface:registered_probe:2973_cam3_1,adaface-4df25b75e065b0b9ed43,pq,pq_512_m128_b8,pq_one_sided_cosine,0.2,True,frozen_origin,-0.0199076831340789,True,False,False,True,True,0.4126324785882191,True,high_error,2,8972,8
gradcam-29ef7eaf129792fce025,population-2a9bc5280db4a65672a1bbcb,survface,survface:unknown_unknown_probe:2667_cam2_1,adaface-4df25b75e065b0b9ed43,pq,pq_512_m128_b8,pq_one_sided_cosine,0.2,False,frozen_origin,-0.0229196548461914,True,False,False,True,True,0.4039480014647802,True,high_error,3,8972,8
gradcam-dd0bbaa77794a71ae9ff,population-2a9bc5280db4a65672a1bbcb,survface,survface:unknown_unknown_probe:distractors_3567,adaface-4df25b75e065b0b9ed43,pq,pq_512_m128_b8,pq_one_sided_cosine,0.2,False,frozen_origin,-0.0102721452713012,True,False,False,True,True,0.4005619694256562,True,high_error,4,8972,8
gradcam-cfdfb66a252d3cd824c0,population-2a9bc5280db4a65672a1bbcb,survface,survface:registered_probe:8344_cam1_5,adaface-4df25b75e065b0b9ed43,pq,pq_512_m128_b8,pq_one_sided_cosine,0.2,True,frozen_origin,-0.0250345468521118,True,False,False,True,True,0.4001285005096708,True,high_error,5,8972,8
gradcam-412a9e9ee9cfb417cc5d,population-2a9bc5280db4a65672a1bbcb,survface,survface:unknown_unknown_probe:248_cam2_1,adaface-4df25b75e065b0b9ed43,pq,pq_512_m128_b8,pq_one_sided_cosine,0.2,False,frozen_origin,0.0120955407619476,True,False,False,True,True,0.3981545240088688,True,high_error,6,8972,8
gradcam-e7373818295a3812f8a3,population-2a9bc5280db4a65672a1bbcb,survface,survface:unknown_unknown_probe:distractors_4313,adaface-4df25b75e065b0b9ed43,pq,pq_512_m128_b8,pq_one_sided_cosine,0.2,False,frozen_origin,-0.0182999968528747,True,False,False,True,True,0.3969618453941757,True,high_error,7,8972,8
gradcam-18880787eb79991bc6dd,population-2a9bc5280db4a65672a1bbcb,survface,survface:unknown_unknown_probe:2756_cam4_1,adaface-4df25b75e065b0b9ed43,pq,pq_512_m128_b8,pq_one_sided_cosine,0.2,False,frozen_origin,-0.0150302052497863,True,False,False,True,True,0.3950710997373929,True,high_error,8,8972,8
gradcam-da4c858313a00769b115,population-2a9bc5280db4a65672a1bbcb,survface,survface:unknown_unknown_probe:distractors_2318,adaface-4df25b75e065b0b9ed43,pq,pq_512_m128_b8,pq_one_sided_cosine,0.2,False,frozen_origin,-0.014178842306137,False,False,False,True,True,0.3956525139719687,True,rank_flip,1,8972,8
gradcam-211718da5354e49b79ae,population-2a9bc5280db4a65672a1bbcb,survface,survface:unknown_unknown_probe:9048_cam2_20,adaface-4df25b75e065b0b9ed43,pq,pq_512_m128_b8,pq_one_sided_cosine,0.2,False,frozen_origin,-0.0059621632099151,False,False,False,True,True,0.3905960642364297,True,rank_flip,2,8972,8
gradcam-33872fa4bb82fc64e60a,population-2a9bc5280db4a65672a1bbcb,survface,survface:unknown_unknown_probe:distractors_1659,adaface-4df25b75e065b0b9ed43,pq,pq_512_m128_b8,pq_one_sided_cosine,0.2,False,frozen_origin,-0.0048912614583969,False,False,False,True,True,0.389353053988511,True,rank_flip,3,8972,8
gradcam-f90c46aa5e9fbe019674,population-2a9bc5280db4a65672a1bbcb,survface,survface:registered_probe:595_cam1_1,adaface-4df25b75e065b0b9ed43,pq,pq_512_m128_b8,pq_one_sided_cosine,0.2,True,frozen_origin,-7.429718971252441e-05,False,False,False,True,True,0.3883710260455786,True,rank_flip,4,8972,8
gradcam-ebcda0d5c8ebe93ab48e,population-2a9bc5280db4a65672a1bbcb,survface,survface:unknown_unknown_probe:698_cam2_1,adaface-4df25b75e065b0b9ed43,pq,pq_512_m128_b8,pq_one_sided_cosine,0.2,False,frozen_origin,0.0053092241287231,False,False,False,True,True,0.3877490998312,True,rank_flip,5,8972,8
gradcam-ebe5207d0253015c5579,population-2a9bc5280db4a65672a1bbcb,survface,survface:unknown_unknown_probe:2704_cam2_1,adaface-4df25b75e065b0b9ed43,pq,pq_512_m128_b8,pq_one_sided_cosine,0.2,False,frozen_origin,-0.0124335885047912,False,False,False,True,True,0.387219769861053,True,rank_flip,6,8972,8
gradcam-80868f380994e3c7d9a0,population-2a9bc5280db4a65672a1bbcb,survface,survface:unknown_unknown_probe:10256_cam2_10,adaface-4df25b75e065b0b9ed43,pq,pq_512_m128_b8,pq_one_sided_cosine,0.2,False,frozen_origin,-0.009430855512619,False,False,False,True,True,0.3852570605751609,True,rank_flip,7,8972,8
gradcam-7750a3867271cf40d6e8,population-2a9bc5280db4a65672a1bbcb,survface,survface:unknown_unknown_probe:10106_cam2_130,adaface-4df25b75e065b0b9ed43,pq,pq_512_m128_b8,pq_one_sided_cosine,0.2,False,frozen_origin,-0.0300142467021942,False,False,False,True,True,0.3852322189113432,True,rank_flip,8,8972,8
gradcam-bfe6d9a8cd0984fbd350,population-2a9bc5280db4a65672a1bbcb,survface,survface:registered_probe:5703_cam1_58,adaface-4df25b75e065b0b9ed43,pq,pq_512_m128_b8,pq_one_sided_cosine,0.2,True,frozen_origin,-0.0121049880981445,True,False,False,True,True,0.2055218834955866,True,stable,1,8972,8
gradcam-a26a1195dea0f363a9ff,population-2a9bc5280db4a65672a1bbcb,survface,survface:registered_probe:9060_cam2_52,adaface-4df25b75e065b0b9ed43,pq,pq_512_m128_b8,pq_one_sided_cosine,0.2,True,frozen_origin,-0.0191447138786315,True,False,False,True,True,0.2066533044591507,True,stable,2,8972,8
gradcam-4d74b155cb8853f50213,population-2a9bc5280db4a65672a1bbcb,survface,survface:unknown_unknown_probe:5783_cam1_39,adaface-4df25b75e065b0b9ed43,pq,pq_512_m128_b8,pq_one_sided_cosine,0.2,False,frozen_origin,-0.0178192853927612,True,False,False,True,True,0.2092791866609729,True,stable,3,8972,8
gradcam-5eee8500917712c31f30,population-2a9bc5280db4a65672a1bbcb,survface,survface:unknown_unknown_probe:5691_cam2_28,adaface-4df25b75e065b0b9ed43,pq,pq_512_m128_b8,pq_one_sided_cosine,0.2,False,frozen_origin,-0.0153373479843139,True,False,False,True,True,0.2101504452433658,True,stable,4,8972,8
gradcam-39fc144082e1ff7651a6,population-2a9bc5280db4a65672a1bbcb,survface,survface:unknown_unknown_probe:10561_cam1_6,adaface-4df25b75e065b0b9ed43,pq,pq_512_m128_b8,pq_one_sided_cosine,0.2,False,frozen_origin,-0.0190404653549194,True,False,False,True,True,0.2108092247869298,True,stable,5,8972,8
gradcam-a6c82821ad7ad6fd1d4b,population-2a9bc5280db4a65672a1bbcb,survface,survface:registered_probe:5812_cam2_98,adaface-4df25b75e065b0b9ed43,pq,pq_512_m128_b8,pq_one_sided_cosine,0.2,True,frozen_origin,-0.0214492082595825,True,False,False,True,True,0.2113045851294467,True,stable,6,8972,8
gradcam-0b58979d386b6c22869d,population-2a9bc5280db4a65672a1bbcb,survface,survface:unknown_unknown_probe:10072_cam1_45,adaface-4df25b75e065b0b9ed43,pq,pq_512_m128_b8,pq_one_sided_cosine,0.2,False,frozen_origin,-0.0159265995025634,True,False,False,True,True,0.2113210617667231,True,stable,7,8972,8
gradcam-e90c04afc48c7f3917ff,population-2a9bc5280db4a65672a1bbcb,survface,survface:unknown_unknown_probe:5830_cam2_96,adaface-4df25b75e065b0b9ed43,pq,pq_512_m128_b8,pq_one_sided_cosine,0.2,False,frozen_origin,-0.0163680911064147,True,False,False,True,True,0.2113685875488513,True,stable,8,8972,8
gradcam-c47a978478259e8200ce,population-2a9bc5280db4a65672a1bbcb,survface,survface:registered_probe:5244_23,adaface-4df25b75e065b0b9ed43,pq,pq_512_m128_b8,pq_one_sided_cosine,0.2,True,frozen_origin,-0.0425485968589782,True,True,False,True,True,0.3670364125756366,True,threshold_crossing,1,8972,8
gradcam-ce648ad27f3752591eee,population-2a9bc5280db4a65672a1bbcb,survface,survface:registered_probe:5241_26,adaface-4df25b75e065b0b9ed43,pq,pq_512_m128_b8,pq_one_sided_cosine,0.2,True,frozen_origin,-0.0314221978187561,True,True,False,True,True,0.3401687131763783,True,threshold_crossing,2,8972,8
gradcam-a3c5010ecea1041dfc92,population-2a9bc5280db4a65672a1bbcb,survface,survface:registered_probe:10523_cam4_3,adaface-4df25b75e065b0b9ed43,pq,pq_512_m128_b8,pq_one_sided_cosine,0.2,True,frozen_origin,-0.0375508069992065,True,True,False,True,True,0.3190661394583587,True,threshold_crossing,3,8972,8
gradcam-3a183148416537269d74,population-2a9bc5280db4a65672a1bbcb,survface,survface:registered_probe:5225_16,adaface-4df25b75e065b0b9ed43,pq,pq_512_m128_b8,pq_one_sided_cosine,0.2,True,frozen_origin,-0.0535709261894226,True,True,False,True,True,0.3177750174971354,True,threshold_crossing,4,8972,8
gradcam-a8d3a6200a8cf82fa165,population-2a9bc5280db4a65672a1bbcb,survface,survface:registered_probe:5227_7,adaface-4df25b75e065b0b9ed43,pq,pq_512_m128_b8,pq_one_sided_cosine,0.2,True,frozen_origin,-0.0386689901351928,True,True,False,True,True,0.3164987965846132,True,threshold_crossing,5,8972,8
gradcam-a1874c8f201bd3fb4805,population-2a9bc5280db4a65672a1bbcb,survface,survface:unknown_unknown_probe:10601_cam3_32,adaface-4df25b75e065b0b9ed43,pq,pq_512_m128_b8,pq_one_sided_cosine,0.2,False,frozen_origin,-0.0346677303314209,True,True,False,True,True,0.3135288281805593,True,threshold_crossing,6,8972,8
gradcam-7f58c63ab7d626040610,population-2a9bc5280db4a65672a1bbcb,survface,survface:unknown_unknown_probe:distractors_7657,adaface-4df25b75e065b0b9ed43,pq,pq_512_m128_b8,pq_one_sided_cosine,0.2,False,frozen_origin,-0.0250457525253295,True,True,False,True,True,0.3118463513811845,True,threshold_crossing,7,8972,8
gradcam-b11d3298970cb6e90f86,population-2a9bc5280db4a65672a1bbcb,survface,survface:registered_probe:10523_cam4_6,adaface-4df25b75e065b0b9ed43,pq,pq_512_m128_b8,pq_one_sided_cosine,0.2,True,frozen_origin,-0.021350622177124,False,True,False,True,True,0.308918500028721,True,threshold_crossing,8,8972,8
gradcam-f95bd15e98e43ff71196,population-2a9bc5280db4a65672a1bbcb,survface,survface:registered_probe:5244_22,adaface-4df25b75e065b0b9ed43,pq,pq_512_m128_b8,pq_one_sided_cosine,0.3,True,frozen_origin,-0.0359264612197876,True,False,False,True,True,0.4167291412451919,True,high_error,1,8972,8
gradcam-5ba2a4fc3b1d5c52c585,population-2a9bc5280db4a65672a1bbcb,survface,survface:registered_probe:2973_cam3_1,adaface-4df25b75e065b0b9ed43,pq,pq_512_m128_b8,pq_one_sided_cosine,0.3,True,frozen_origin,-0.0199076831340789,True,False,False,True,True,0.4126324785882191,True,high_error,2,8972,8
gradcam-a3983b251119b19dcde4,population-2a9bc5280db4a65672a1bbcb,survface,survface:unknown_unknown_probe:2667_cam2_1,adaface-4df25b75e065b0b9ed43,pq,pq_512_m128_b8,pq_one_sided_cosine,0.3,False,frozen_origin,-0.0229196548461914,True,False,False,True,True,0.4039480014647802,True,high_error,3,8972,8
gradcam-3c847393e9fcee5e349e,population-2a9bc5280db4a65672a1bbcb,survface,survface:unknown_unknown_probe:distractors_3567,adaface-4df25b75e065b0b9ed43,pq,pq_512_m128_b8,pq_one_sided_cosine,0.3,False,frozen_origin,-0.0102721452713012,True,False,False,True,True,0.4005619694256562,True,high_error,4,8972,8
gradcam-ac4b749ec6aa2111905c,population-2a9bc5280db4a65672a1bbcb,survface,survface:registered_probe:8344_cam1_5,adaface-4df25b75e065b0b9ed43,pq,pq_512_m128_b8,pq_one_sided_cosine,0.3,True,frozen_origin,-0.0250345468521118,True,False,False,True,True,0.4001285005096708,True,high_error,5,8972,8
gradcam-d5b0912097ce4737483e,population-2a9bc5280db4a65672a1bbcb,survface,survface:unknown_unknown_probe:248_cam2_1,adaface-4df25b75e065b0b9ed43,pq,pq_512_m128_b8,pq_one_sided_cosine,0.3,False,frozen_origin,0.0120955407619476,True,False,False,True,True,0.3981545240088688,True,high_error,6,8972,8
gradcam-cd46f0ca1e9dae5cae38,population-2a9bc5280db4a65672a1bbcb,survface,survface:unknown_unknown_probe:distractors_4313,adaface-4df25b75e065b0b9ed43,pq,pq_512_m128_b8,pq_one_sided_cosine,0.3,False,frozen_origin,-0.0182999968528747,True,False,False,True,True,0.3969618453941757,True,high_error,7,8972,8
gradcam-25501eb7107eaa927a9e,population-2a9bc5280db4a65672a1bbcb,survface,survface:unknown_unknown_probe:2756_cam4_1,adaface-4df25b75e065b0b9ed43,pq,pq_512_m128_b8,pq_one_sided_cosine,0.3,False,frozen_origin,-0.0150302052497863,True,False,False,True,True,0.3950710997373929,True,high_error,8,8972,8
gradcam-210e03a07a80fb9fcc7f,population-2a9bc5280db4a65672a1bbcb,survface,survface:unknown_unknown_probe:distractors_2318,adaface-4df25b75e065b0b9ed43,pq,pq_512_m128_b8,pq_one_sided_cosine,0.3,False,frozen_origin,-0.014178842306137,False,False,False,True,True,0.3956525139719687,True,rank_flip,1,8972,8
gradcam-d5afb74601f16edf3724,population-2a9bc5280db4a65672a1bbcb,survface,survface:unknown_unknown_probe:9048_cam2_20,adaface-4df25b75e065b0b9ed43,pq,pq_512_m128_b8,pq_one_sided_cosine,0.3,False,frozen_origin,-0.0059621632099151,False,False,False,True,True,0.3905960642364297,True,rank_flip,2,8972,8
gradcam-afc7beecd93c5d975d2d,population-2a9bc5280db4a65672a1bbcb,survface,survface:unknown_unknown_probe:distractors_1659,adaface-4df25b75e065b0b9ed43,pq,pq_512_m128_b8,pq_one_sided_cosine,0.3,False,frozen_origin,-0.0048912614583969,False,False,False,True,True,0.389353053988511,True,rank_flip,3,8972,8
gradcam-be59bf82e98abd84086e,population-2a9bc5280db4a65672a1bbcb,survface,survface:registered_probe:595_cam1_1,adaface-4df25b75e065b0b9ed43,pq,pq_512_m128_b8,pq_one_sided_cosine,0.3,True,frozen_origin,-7.429718971252441e-05,False,False,False,True,True,0.3883710260455786,True,rank_flip,4,8972,8
gradcam-dd2b20061c7052fe32a7,population-2a9bc5280db4a65672a1bbcb,survface,survface:unknown_unknown_probe:698_cam2_1,adaface-4df25b75e065b0b9ed43,pq,pq_512_m128_b8,pq_one_sided_cosine,0.3,False,frozen_origin,0.0053092241287231,False,False,False,True,True,0.3877490998312,True,rank_flip,5,8972,8
gradcam-46af1905007b2528aee6,population-2a9bc5280db4a65672a1bbcb,survface,survface:unknown_unknown_probe:2704_cam2_1,adaface-4df25b75e065b0b9ed43,pq,pq_512_m128_b8,pq_one_sided_cosine,0.3,False,frozen_origin,-0.0124335885047912,False,False,False,True,True,0.387219769861053,True,rank_flip,6,8972,8
gradcam-0ae7bf77a5afac65fee1,population-2a9bc5280db4a65672a1bbcb,survface,survface:unknown_unknown_probe:10256_cam2_10,adaface-4df25b75e065b0b9ed43,pq,pq_512_m128_b8,pq_one_sided_cosine,0.3,False,frozen_origin,-0.009430855512619,False,False,False,True,True,0.3852570605751609,True,rank_flip,7,8972,8
gradcam-d105a121c7800dd06d9d,population-2a9bc5280db4a65672a1bbcb,survface,survface:unknown_unknown_probe:10106_cam2_130,adaface-4df25b75e065b0b9ed43,pq,pq_512_m128_b8,pq_one_sided_cosine,0.3,False,frozen_origin,-0.0300142467021942,False,False,False,True,True,0.3852322189113432,True,rank_flip,8,8972,8
gradcam-0f0e6c3d11e5dbf32e88,population-2a9bc5280db4a65672a1bbcb,survface,survface:registered_probe:5703_cam1_58,adaface-4df25b75e065b0b9ed43,pq,pq_512_m128_b8,pq_one_sided_cosine,0.3,True,frozen_origin,-0.0121049880981445,True,False,False,True,True,0.2055218834955866,True,stable,1,8972,8
gradcam-d839b3e3243bb6a23176,population-2a9bc5280db4a65672a1bbcb,survface,survface:registered_probe:9060_cam2_52,adaface-4df25b75e065b0b9ed43,pq,pq_512_m128_b8,pq_one_sided_cosine,0.3,True,frozen_origin,-0.0191447138786315,True,False,False,True,True,0.2066533044591507,True,stable,2,8972,8
gradcam-54db40b40e216299b5ae,population-2a9bc5280db4a65672a1bbcb,survface,survface:unknown_unknown_probe:5783_cam1_39,adaface-4df25b75e065b0b9ed43,pq,pq_512_m128_b8,pq_one_sided_cosine,0.3,False,frozen_origin,-0.0178192853927612,True,False,False,True,True,0.2092791866609729,True,stable,3,8972,8
gradcam-ac3f36a52bc49e86dd39,population-2a9bc5280db4a65672a1bbcb,survface,survface:unknown_unknown_probe:5691_cam2_28,adaface-4df25b75e065b0b9ed43,pq,pq_512_m128_b8,pq_one_sided_cosine,0.3,False,frozen_origin,-0.0153373479843139,True,False,False,True,True,0.2101504452433658,True,stable,4,8972,8
gradcam-e0ac94d64cb3aad020d4,population-2a9bc5280db4a65672a1bbcb,survface,survface:unknown_unknown_probe:10561_cam1_6,adaface-4df25b75e065b0b9ed43,pq,pq_512_m128_b8,pq_one_sided_cosine,0.3,False,frozen_origin,-0.0190404653549194,True,False,False,True,True,0.2108092247869298,True,stable,5,8972,8
gradcam-202c981be82bfec1b0f4,population-2a9bc5280db4a65672a1bbcb,survface,survface:registered_probe:5812_cam2_98,adaface-4df25b75e065b0b9ed43,pq,pq_512_m128_b8,pq_one_sided_cosine,0.3,True,frozen_origin,-0.0214492082595825,True,False,False,True,True,0.2113045851294467,True,stable,6,8972,8
gradcam-8e34b3cd2fb09a1f5eb0,population-2a9bc5280db4a65672a1bbcb,survface,survface:unknown_unknown_probe:10072_cam1_45,adaface-4df25b75e065b0b9ed43,pq,pq_512_m128_b8,pq_one_sided_cosine,0.3,False,frozen_origin,-0.0159265995025634,True,False,False,True,True,0.2113210617667231,True,stable,7,8972,8
gradcam-3084268e2e5b9fd4f120,population-2a9bc5280db4a65672a1bbcb,survface,survface:unknown_unknown_probe:5830_cam2_96,adaface-4df25b75e065b0b9ed43,pq,pq_512_m128_b8,pq_one_sided_cosine,0.3,False,frozen_origin,-0.0163680911064147,True,False,False,True,True,0.2113685875488513,True,stable,8,8972,8
gradcam-2a14343c273cedaf70fb,population-2a9bc5280db4a65672a1bbcb,survface,survface:registered_probe:5241_25,adaface-4df25b75e065b0b9ed43,pq,pq_512_m128_b8,pq_one_sided_cosine,0.3,True,frozen_origin,-0.0344899892807006,True,True,False,True,True,0.3490525260740728,True,threshold_crossing,1,8972,8
gradcam-e2a3f120c26ca17bceb6,population-2a9bc5280db4a65672a1bbcb,survface,survface:registered_probe:8739_cam1_97,adaface-4df25b75e065b0b9ed43,pq,pq_512_m128_b8,pq_one_sided_cosine,0.3,True,frozen_origin,-0.0285760164260864,True,True,False,True,True,0.3442647796369348,True,threshold_crossing,2,8972,8
gradcam-2c95055a2e2dbfc707be,population-2a9bc5280db4a65672a1bbcb,survface,survface:registered_probe:5227_19,adaface-4df25b75e065b0b9ed43,pq,pq_512_m128_b8,pq_one_sided_cosine,0.3,True,frozen_origin,-0.0433103442192077,True,True,False,True,True,0.3340259220934912,True,threshold_crossing,3,8972,8
gradcam-def2b7f8989fd8aa3892,population-2a9bc5280db4a65672a1bbcb,survface,survface:unknown_unknown_probe:distractors_3013,adaface-4df25b75e065b0b9ed43,pq,pq_512_m128_b8,pq_one_sided_cosine,0.3,False,frozen_origin,-0.04520845413208,True,True,False,True,True,0.329392390738772,True,threshold_crossing,4,8972,8
gradcam-db3714f997fd25432df2,population-2a9bc5280db4a65672a1bbcb,survface,survface:unknown_unknown_probe:4854_cam2_1,adaface-4df25b75e065b0b9ed43,pq,pq_512_m128_b8,pq_one_sided_cosine,0.3,False,frozen_origin,-0.0168062448501586,True,True,False,True,True,0.3287767312310772,True,threshold_crossing,5,8972,8
gradcam-efaed4e6744c62f62602,population-2a9bc5280db4a65672a1bbcb,survface,survface:registered_probe:5227_14,adaface-4df25b75e065b0b9ed43,pq,pq_512_m128_b8,pq_one_sided_cosine,0.3,True,frozen_origin,-0.0472003817558288,True,True,False,True,True,0.3238062451908887,True,threshold_crossing,6,8972,8
gradcam-9a1b3a2fc35f690e3986,population-2a9bc5280db4a65672a1bbcb,survface,survface:registered_probe:4449_cam1_1,adaface-4df25b75e065b0b9ed43,pq,pq_512_m128_b8,pq_one_sided_cosine,0.3,True,frozen_origin,-0.0307216048240661,True,True,False,True,True,0.3229430215038767,True,threshold_crossing,7,8972,8
gradcam-46ee71a84350cab26a9a,population-2a9bc5280db4a65672a1bbcb,survface,survface:unknown_unknown_probe:9506_cam3_7,adaface-4df25b75e065b0b9ed43,pq,pq_512_m128_b8,pq_one_sided_cosine,0.3,False,frozen_origin,-0.0271462202072143,True,True,False,True,True,0.3225567221406978,True,threshold_crossing,8,8972,8
gradcam-dfa98a28f18c9ca77dce,population-2a9bc5280db4a65672a1bbcb,survface,survface:registered_probe:5244_22,adaface-4df25b75e065b0b9ed43,pq,pq_512_m128_b8,pq_reconstruction_cosine,0.01,True,frozen_origin,-0.05416139960289,True,False,False,True,True,0.4167291412451919,True,high_error,1,8972,8
gradcam-83534103b4d0ae5b28c3,population-2a9bc5280db4a65672a1bbcb,survface,survface:registered_probe:2973_cam3_1,adaface-4df25b75e065b0b9ed43,pq,pq_512_m128_b8,pq_reconstruction_cosine,0.01,True,frozen_origin,-0.0314933359622955,True,False,False,True,True,0.4126324785882191,True,high_error,2,8972,8
gradcam-d10e4d849f90fe1c877f,population-2a9bc5280db4a65672a1bbcb,survface,survface:unknown_unknown_probe:2667_cam2_1,adaface-4df25b75e065b0b9ed43,pq,pq_512_m128_b8,pq_reconstruction_cosine,0.01,False,frozen_origin,-1.874566078186035e-05,True,False,False,True,True,0.4039480014647802,True,high_error,3,8972,8
gradcam-449115678212d8443eb4,population-2a9bc5280db4a65672a1bbcb,survface,survface:unknown_unknown_probe:distractors_3567,adaface-4df25b75e065b0b9ed43,pq,pq_512_m128_b8,pq_reconstruction_cosine,0.01,False,frozen_origin,-0.0383304357528686,True,False,False,True,True,0.4005619694256562,True,high_error,4,8972,8
gradcam-72d3f8daae5b28640b15,population-2a9bc5280db4a65672a1bbcb,survface,survface:unknown_unknown_probe:248_cam2_1,adaface-4df25b75e065b0b9ed43,pq,pq_512_m128_b8,pq_reconstruction_cosine,0.01,False,frozen_origin,0.0100610852241516,True,False,False,True,True,0.3981545240088688,True,high_error,5,8972,8
gradcam-53bf84d8090f55067f2e,population-2a9bc5280db4a65672a1bbcb,survface,survface:unknown_unknown_probe:distractors_4313,adaface-4df25b75e065b0b9ed43,pq,pq_512_m128_b8,pq_reconstruction_cosine,0.01,False,frozen_origin,-0.0310142040252685,True,False,False,True,True,0.3969618453941757,True,high_error,6,8972,8
gradcam-d71cbe1b29490fd87ce5,population-2a9bc5280db4a65672a1bbcb,survface,survface:unknown_unknown_probe:9952_cam2_12,adaface-4df25b75e065b0b9ed43,pq,pq_512_m128_b8,pq_reconstruction_cosine,0.01,False,frozen_origin,0.0103416442871093,True,False,False,True,True,0.3937851465219271,True,high_error,7,8972,8
gradcam-9eb2f253d46c19b8cc11,population-2a9bc5280db4a65672a1bbcb,survface,survface:registered_probe:9411_cam2_154,adaface-4df25b75e065b0b9ed43,pq,pq_512_m128_b8,pq_reconstruction_cosine,0.01,True,frozen_origin,-0.0414290428161621,True,False,False,True,True,0.3925194392306223,True,high_error,8,8972,8
gradcam-018dca35016ae39a9aa7,population-2a9bc5280db4a65672a1bbcb,survface,survface:registered_probe:8344_cam1_5,adaface-4df25b75e065b0b9ed43,pq,pq_512_m128_b8,pq_reconstruction_cosine,0.01,True,frozen_origin,-0.0205383896827697,False,False,False,True,True,0.4001285005096708,True,rank_flip,1,8972,8
gradcam-caa1d7f64ddae177ba09,population-2a9bc5280db4a65672a1bbcb,survface,survface:unknown_unknown_probe:distractors_2318,adaface-4df25b75e065b0b9ed43,pq,pq_512_m128_b8,pq_reconstruction_cosine,0.01,False,frozen_origin,-0.0158233940601348,False,False,False,True,True,0.3956525139719687,True,rank_flip,2,8972,8
gradcam-9252c3b4b6b3723729f5,population-2a9bc5280db4a65672a1bbcb,survface,survface:unknown_unknown_probe:2756_cam4_1,adaface-4df25b75e065b0b9ed43,pq,pq_512_m128_b8,pq_reconstruction_cosine,0.01,False,frozen_origin,0.0020232796669006,False,False,False,True,True,0.3950710997373929,True,rank_flip,3,8972,8
gradcam-c842cc25e223288562ce,population-2a9bc5280db4a65672a1bbcb,survface,survface:unknown_unknown_probe:distractors_2713,adaface-4df25b75e065b0b9ed43,pq,pq_512_m128_b8,pq_reconstruction_cosine,0.01,False,frozen_origin,-0.0028219521045684,False,False,False,True,True,0.3938271772940007,True,rank_flip,4,8972,8
gradcam-0744e3a2e9b3578eff47,population-2a9bc5280db4a65672a1bbcb,survface,survface:unknown_unknown_probe:distractors_3617,adaface-4df25b75e065b0b9ed43,pq,pq_512_m128_b8,pq_reconstruction_cosine,0.01,False,frozen_origin,-0.0555445551872253,False,False,False,True,True,0.3911380003315698,True,rank_flip,5,8972,8
gradcam-b12b3e411f4c26932559,population-2a9bc5280db4a65672a1bbcb,survface,survface:registered_probe:8645_cam2_17,adaface-4df25b75e065b0b9ed43,pq,pq_512_m128_b8,pq_reconstruction_cosine,0.01,True,frozen_origin,-0.024783581495285,False,False,False,True,True,0.3883900764029938,True,rank_flip,6,8972,8
gradcam-e252bdc1edbc04234ac0,population-2a9bc5280db4a65672a1bbcb,survface,survface:registered_probe:595_cam1_1,adaface-4df25b75e065b0b9ed43,pq,pq_512_m128_b8,pq_reconstruction_cosine,0.01,True,frozen_origin,0.0149131119251251,False,False,False,True,True,0.3883710260455786,True,rank_flip,7,8972,8
gradcam-429ce4c809c8eb3a7b32,population-2a9bc5280db4a65672a1bbcb,survface,survface:registered_probe:9740_cam2_60,adaface-4df25b75e065b0b9ed43,pq,pq_512_m128_b8,pq_reconstruction_cosine,0.01,True,frozen_origin,0.0051143914461135,False,False,False,True,True,0.3882692980978688,True,rank_flip,8,8972,8
gradcam-0bcab20a2e0e4fc770f4,population-2a9bc5280db4a65672a1bbcb,survface,survface:registered_probe:5703_cam1_58,adaface-4df25b75e065b0b9ed43,pq,pq_512_m128_b8,pq_reconstruction_cosine,0.01,True,frozen_origin,-0.0296115279197692,True,False,False,True,True,0.2055218834955866,True,stable,1,8972,8
gradcam-dcd77315525aaea27dc3,population-2a9bc5280db4a65672a1bbcb,survface,survface:unknown_unknown_probe:5691_cam2_28,adaface-4df25b75e065b0b9ed43,pq,pq_512_m128_b8,pq_reconstruction_cosine,0.01,False,frozen_origin,-0.0193098187446594,True,False,False,True,True,0.2101504452433658,True,stable,2,8972,8
gradcam-8a8592f21c340ee4c776,population-2a9bc5280db4a65672a1bbcb,survface,survface:unknown_unknown_probe:10072_cam1_45,adaface-4df25b75e065b0b9ed43,pq,pq_512_m128_b8,pq_reconstruction_cosine,0.01,False,frozen_origin,-0.0251193046569824,True,False,False,True,True,0.2113210617667231,True,stable,3,8972,8
gradcam-4c0786cf057f2c44a778,population-2a9bc5280db4a65672a1bbcb,survface,survface:unknown_unknown_probe:9746_cam3_20,adaface-4df25b75e065b0b9ed43,pq,pq_512_m128_b8,pq_reconstruction_cosine,0.01,False,frozen_origin,-0.0242344141006469,True,False,False,True,True,0.2114897712006218,True,stable,4,8972,8
gradcam-28915eb405ff182b2035,population-2a9bc5280db4a65672a1bbcb,survface,survface:unknown_unknown_probe:9751_cam2_6,adaface-4df25b75e065b0b9ed43,pq,pq_512_m128_b8,pq_reconstruction_cosine,0.01,False,frozen_origin,-0.0295178294181823,True,False,False,True,True,0.2119147555180987,True,stable,5,8972,8
gradcam-b74d9b59003db5dfcfac,population-2a9bc5280db4a65672a1bbcb,survface,survface:unknown_unknown_probe:5783_cam1_3,adaface-4df25b75e065b0b9ed43,pq,pq_512_m128_b8,pq_reconstruction_cosine,0.01,False,frozen_origin,-0.0351498126983642,True,False,False,True,True,0.2119177159991418,True,stable,6,8972,8
gradcam-a13b96aaddb9b7bb0bf7,population-2a9bc5280db4a65672a1bbcb,survface,survface:registered_probe:9448_cam2_94,adaface-4df25b75e065b0b9ed43,pq,pq_512_m128_b8,pq_reconstruction_cosine,0.01,True,frozen_origin,-0.0162907242774963,True,False,False,True,True,0.2121518721521671,True,stable,7,8972,8
gradcam-3d13425424a992757423,population-2a9bc5280db4a65672a1bbcb,survface,survface:registered_probe:9720_cam1_33,adaface-4df25b75e065b0b9ed43,pq,pq_512_m128_b8,pq_reconstruction_cosine,0.01,True,frozen_origin,-0.0278418660163879,True,False,False,True,True,0.2124703375896072,True,stable,8,8972,8
gradcam-5ed1dead93fe421e4465,population-2a9bc5280db4a65672a1bbcb,survface,survface:unknown_unknown_probe:4754_cam2_2,adaface-4df25b75e065b0b9ed43,pq,pq_512_m128_b8,pq_reconstruction_cosine,0.01,False,frozen_origin,-0.0576568245887756,True,True,False,True,True,0.3336497263769928,True,threshold_crossing,1,8972,8
gradcam-dcc8a6642acdfbe9ee9b,population-2a9bc5280db4a65672a1bbcb,survface,survface:unknown_unknown_probe:4821_cam2_5,adaface-4df25b75e065b0b9ed43,pq,pq_512_m128_b8,pq_reconstruction_cosine,0.01,False,frozen_origin,-0.0792100429534912,True,True,False,True,True,0.3227038410527055,True,threshold_crossing,2,8972,8
gradcam-b5772293f082801166e2,population-2a9bc5280db4a65672a1bbcb,survface,survface:registered_probe:9155_cam3_16,adaface-4df25b75e065b0b9ed43,pq,pq_512_m128_b8,pq_reconstruction_cosine,0.01,True,frozen_origin,-0.0700352787971496,True,True,False,True,True,0.3126430217914526,True,threshold_crossing,3,8972,8
gradcam-ba0bf6e0aa60345ae3a2,population-2a9bc5280db4a65672a1bbcb,survface,survface:unknown_unknown_probe:10448_cam2_21,adaface-4df25b75e065b0b9ed43,pq,pq_512_m128_b8,pq_reconstruction_cosine,0.01,False,frozen_origin,-0.0595713257789611,True,True,False,True,True,0.3110709196825288,True,threshold_crossing,4,8972,8
gradcam-c124e30833c9ffb93341,population-2a9bc5280db4a65672a1bbcb,survface,survface:unknown_unknown_probe:distractors_5557,adaface-4df25b75e065b0b9ed43,pq,pq_512_m128_b8,pq_reconstruction_cosine,0.01,False,frozen_origin,-0.0526034832000732,True,True,False,True,True,0.3104293351785295,True,threshold_crossing,5,8972,8
gradcam-178c0ca03ffdf18b48a7,population-2a9bc5280db4a65672a1bbcb,survface,survface:unknown_unknown_probe:513_cam3_1,adaface-4df25b75e065b0b9ed43,pq,pq_512_m128_b8,pq_reconstruction_cosine,0.01,False,frozen_origin,-0.0726386904716491,True,True,False,True,True,0.3073602774103096,True,threshold_crossing,6,8972,8
gradcam-45b15aca96d5b3eda2c5,population-2a9bc5280db4a65672a1bbcb,survface,survface:registered_probe:5462_cam1_2,adaface-4df25b75e065b0b9ed43,pq,pq_512_m128_b8,pq_reconstruction_cosine,0.01,True,frozen_origin,-0.0514126420021057,True,True,False,True,True,0.3045036165121284,True,threshold_crossing,7,8972,8
gradcam-d70f50e4abe1c2318dad,population-2a9bc5280db4a65672a1bbcb,survface,survface:registered_probe:5462_cam1_4,adaface-4df25b75e065b0b9ed43,pq,pq_512_m128_b8,pq_reconstruction_cosine,0.01,True,frozen_origin,-0.0448246002197265,True,True,False,True,True,0.2987396216848195,True,threshold_crossing,8,8972,8
gradcam-7a3c5953ae19dca4698a,population-2a9bc5280db4a65672a1bbcb,survface,survface:registered_probe:5244_22,adaface-4df25b75e065b0b9ed43,pq,pq_512_m128_b8,pq_reconstruction_cosine,0.05,True,frozen_origin,-0.05416139960289,True,False,False,True,True,0.4167291412451919,True,high_error,1,8972,8
gradcam-a5c0250e6fa62d57e0c9,population-2a9bc5280db4a65672a1bbcb,survface,survface:registered_probe:2973_cam3_1,adaface-4df25b75e065b0b9ed43,pq,pq_512_m128_b8,pq_reconstruction_cosine,0.05,True,frozen_origin,-0.0314933359622955,True,False,False,True,True,0.4126324785882191,True,high_error,2,8972,8
gradcam-a03f1cdcf80883f9df25,population-2a9bc5280db4a65672a1bbcb,survface,survface:unknown_unknown_probe:2667_cam2_1,adaface-4df25b75e065b0b9ed43,pq,pq_512_m128_b8,pq_reconstruction_cosine,0.05,False,frozen_origin,-1.874566078186035e-05,True,False,False,True,True,0.4039480014647802,True,high_error,3,8972,8
gradcam-c26a7271bceab469c7ac,population-2a9bc5280db4a65672a1bbcb,survface,survface:unknown_unknown_probe:distractors_3567,adaface-4df25b75e065b0b9ed43,pq,pq_512_m128_b8,pq_reconstruction_cosine,0.05,False,frozen_origin,-0.0383304357528686,True,False,False,True,True,0.4005619694256562,True,high_error,4,8972,8
gradcam-5a35ed2fee10dbe135b2,population-2a9bc5280db4a65672a1bbcb,survface,survface:unknown_unknown_probe:248_cam2_1,adaface-4df25b75e065b0b9ed43,pq,pq_512_m128_b8,pq_reconstruction_cosine,0.05,False,frozen_origin,0.0100610852241516,True,False,False,True,True,0.3981545240088688,True,high_error,5,8972,8
gradcam-f7fab3c6c29cadaf1914,population-2a9bc5280db4a65672a1bbcb,survface,survface:unknown_unknown_probe:distractors_4313,adaface-4df25b75e065b0b9ed43,pq,pq_512_m128_b8,pq_reconstruction_cosine,0.05,False,frozen_origin,-0.0310142040252685,True,False,False,True,True,0.3969618453941757,True,high_error,6,8972,8
gradcam-8bba3d689571c1b677e7,population-2a9bc5280db4a65672a1bbcb,survface,survface:unknown_unknown_probe:9952_cam2_12,adaface-4df25b75e065b0b9ed43,pq,pq_512_m128_b8,pq_reconstruction_cosine,0.05,False,frozen_origin,0.0103416442871093,True,False,False,True,True,0.3937851465219271,True,high_error,7,8972,8
gradcam-02a67e2ac3d9a43c6bde,population-2a9bc5280db4a65672a1bbcb,survface,survface:registered_probe:9411_cam2_154,adaface-4df25b75e065b0b9ed43,pq,pq_512_m128_b8,pq_reconstruction_cosine,0.05,True,frozen_origin,-0.0414290428161621,True,False,False,True,True,0.3925194392306223,True,high_error,8,8972,8
gradcam-02d8740748e3c8a8814a,population-2a9bc5280db4a65672a1bbcb,survface,survface:registered_probe:8344_cam1_5,adaface-4df25b75e065b0b9ed43,pq,pq_512_m128_b8,pq_reconstruction_cosine,0.05,True,frozen_origin,-0.0205383896827697,False,False,False,True,True,0.4001285005096708,True,rank_flip,1,8972,8
gradcam-9903bb20e9b40773643a,population-2a9bc5280db4a65672a1bbcb,survface,survface:unknown_unknown_probe:distractors_2318,adaface-4df25b75e065b0b9ed43,pq,pq_512_m128_b8,pq_reconstruction_cosine,0.05,False,frozen_origin,-0.0158233940601348,False,False,False,True,True,0.3956525139719687,True,rank_flip,2,8972,8
gradcam-6dc5c274c2be951bde63,population-2a9bc5280db4a65672a1bbcb,survface,survface:unknown_unknown_probe:2756_cam4_1,adaface-4df25b75e065b0b9ed43,pq,pq_512_m128_b8,pq_reconstruction_cosine,0.05,False,frozen_origin,0.0020232796669006,False,False,False,True,True,0.3950710997373929,True,rank_flip,3,8972,8
gradcam-396ca73d7fcba8e38cee,population-2a9bc5280db4a65672a1bbcb,survface,survface:unknown_unknown_probe:distractors_2713,adaface-4df25b75e065b0b9ed43,pq,pq_512_m128_b8,pq_reconstruction_cosine,0.05,False,frozen_origin,-0.0028219521045684,False,False,False,True,True,0.3938271772940007,True,rank_flip,4,8972,8
gradcam-6bc37dc34b7f7b69cf1d,population-2a9bc5280db4a65672a1bbcb,survface,survface:unknown_unknown_probe:distractors_3617,adaface-4df25b75e065b0b9ed43,pq,pq_512_m128_b8,pq_reconstruction_cosine,0.05,False,frozen_origin,-0.0555445551872253,False,False,False,True,True,0.3911380003315698,True,rank_flip,5,8972,8
gradcam-7ad2dfc364583df34540,population-2a9bc5280db4a65672a1bbcb,survface,survface:registered_probe:8645_cam2_17,adaface-4df25b75e065b0b9ed43,pq,pq_512_m128_b8,pq_reconstruction_cosine,0.05,True,frozen_origin,-0.024783581495285,False,False,False,True,True,0.3883900764029938,True,rank_flip,6,8972,8
gradcam-951cc64f91610700b16d,population-2a9bc5280db4a65672a1bbcb,survface,survface:registered_probe:595_cam1_1,adaface-4df25b75e065b0b9ed43,pq,pq_512_m128_b8,pq_reconstruction_cosine,0.05,True,frozen_origin,0.0149131119251251,False,False,False,True,True,0.3883710260455786,True,rank_flip,7,8972,8
gradcam-b6936d63de60ba249cdd,population-2a9bc5280db4a65672a1bbcb,survface,survface:registered_probe:9740_cam2_60,adaface-4df25b75e065b0b9ed43,pq,pq_512_m128_b8,pq_reconstruction_cosine,0.05,True,frozen_origin,0.0051143914461135,False,False,False,True,True,0.3882692980978688,True,rank_flip,8,8972,8
gradcam-7b0c9acb18337d54a586,population-2a9bc5280db4a65672a1bbcb,survface,survface:registered_probe:5703_cam1_58,adaface-4df25b75e065b0b9ed43,pq,pq_512_m128_b8,pq_reconstruction_cosine,0.05,True,frozen_origin,-0.0296115279197692,True,False,False,True,True,0.2055218834955866,True,stable,1,8972,8
gradcam-6e7d6c47835728ff5665,population-2a9bc5280db4a65672a1bbcb,survface,survface:unknown_unknown_probe:10561_cam1_6,adaface-4df25b75e065b0b9ed43,pq,pq_512_m128_b8,pq_reconstruction_cosine,0.05,False,frozen_origin,-0.0262028574943542,True,False,False,True,True,0.2108092247869298,True,stable,2,8972,8
gradcam-76a30a2f5118abf5dc62,population-2a9bc5280db4a65672a1bbcb,survface,survface:unknown_unknown_probe:10072_cam1_45,adaface-4df25b75e065b0b9ed43,pq,pq_512_m128_b8,pq_reconstruction_cosine,0.05,False,frozen_origin,-0.0251193046569824,True,False,False,True,True,0.2113210617667231,True,stable,3,8972,8
gradcam-40def45391679cbd94ba,population-2a9bc5280db4a65672a1bbcb,survface,survface:registered_probe:5839_cam2_28,adaface-4df25b75e065b0b9ed43,pq,pq_512_m128_b8,pq_reconstruction_cosine,0.05,True,frozen_origin,-0.0359799265861511,True,False,False,True,True,0.2113754266622246,True,stable,4,8972,8
gradcam-6c9a2b21ca2017b30f60,population-2a9bc5280db4a65672a1bbcb,survface,survface:unknown_unknown_probe:9746_cam3_20,adaface-4df25b75e065b0b9ed43,pq,pq_512_m128_b8,pq_reconstruction_cosine,0.05,False,frozen_origin,-0.0242344141006469,True,False,False,True,True,0.2114897712006218,True,stable,5,8972,8
gradcam-e929a67c269917e83d93,population-2a9bc5280db4a65672a1bbcb,survface,survface:registered_probe:5647_cam1_212,adaface-4df25b75e065b0b9ed43,pq,pq_512_m128_b8,pq_reconstruction_cosine,0.05,True,frozen_origin,-0.0182746648788452,True,False,False,True,True,0.2116523854936071,True,stable,6,8972,8
gradcam-d5313e060c6fbd482ff3,population-2a9bc5280db4a65672a1bbcb,survface,survface:unknown_unknown_probe:5783_cam1_3,adaface-4df25b75e065b0b9ed43,pq,pq_512_m128_b8,pq_reconstruction_cosine,0.05,False,frozen_origin,-0.0351498126983642,True,False,False,True,True,0.2119177159991418,True,stable,7,8972,8
gradcam-1606facb50a053dbe4bf,population-2a9bc5280db4a65672a1bbcb,survface,survface:unknown_unknown_probe:5830_cam1_52,adaface-4df25b75e065b0b9ed43,pq,pq_512_m128_b8,pq_reconstruction_cosine,0.05,False,frozen_origin,-0.0282354354858398,True,False,False,True,True,0.2120428782119257,True,stable,8,8972,8
gradcam-c7f3b51da0975ed28713,population-2a9bc5280db4a65672a1bbcb,survface,survface:unknown_unknown_probe:distractors_4002,adaface-4df25b75e065b0b9ed43,pq,pq_512_m128_b8,pq_reconstruction_cosine,0.05,False,frozen_origin,-0.0459781289100647,True,True,False,True,True,0.3438238230862739,True,threshold_crossing,1,8972,8
gradcam-93e2a4415b6e14dab80d,population-2a9bc5280db4a65672a1bbcb,survface,survface:registered_probe:5227_16,adaface-4df25b75e065b0b9ed43,pq,pq_512_m128_b8,pq_reconstruction_cosine,0.05,True,frozen_origin,-0.0721888542175293,True,True,False,True,True,0.3428161185050208,True,threshold_crossing,2,8972,8
gradcam-9c357093f8a951f21f4b,population-2a9bc5280db4a65672a1bbcb,survface,survface:unknown_unknown_probe:4754_cam2_2,adaface-4df25b75e065b0b9ed43,pq,pq_512_m128_b8,pq_reconstruction_cosine,0.05,False,frozen_origin,-0.0576568245887756,True,True,False,True,True,0.3336497263769928,True,threshold_crossing,3,8972,8
gradcam-1a45c2b78a665f15e7a5,population-2a9bc5280db4a65672a1bbcb,survface,survface:unknown_unknown_probe:4821_cam2_5,adaface-4df25b75e065b0b9ed43,pq,pq_512_m128_b8,pq_reconstruction_cosine,0.05,False,frozen_origin,-0.0792100429534912,True,True,False,True,True,0.3227038410527055,True,threshold_crossing,4,8972,8
gradcam-6bf697c4e3b48783b691,population-2a9bc5280db4a65672a1bbcb,survface,survface:registered_probe:2022_cam2_1,adaface-4df25b75e065b0b9ed43,pq,pq_512_m128_b8,pq_reconstruction_cosine,0.05,True,frozen_origin,-0.0624516010284423,True,True,False,True,True,0.3220133168361597,True,threshold_crossing,5,8972,8
gradcam-783479722faa9a08eee0,population-2a9bc5280db4a65672a1bbcb,survface,survface:registered_probe:9540_cam3_10,adaface-4df25b75e065b0b9ed43,pq,pq_512_m128_b8,pq_reconstruction_cosine,0.05,True,frozen_origin,-0.0389434695243835,True,True,False,True,True,0.3140942386741683,True,threshold_crossing,6,8972,8
gradcam-86a226ee57ee1cebf124,population-2a9bc5280db4a65672a1bbcb,survface,survface:unknown_unknown_probe:distractors_824,adaface-4df25b75e065b0b9ed43,pq,pq_512_m128_b8,pq_reconstruction_cosine,0.05,False,frozen_origin,-0.0368901491165161,True,True,False,True,True,0.311366390360706,True,threshold_crossing,7,8972,8
gradcam-67c3f0b02b90466244c8,population-2a9bc5280db4a65672a1bbcb,survface,survface:unknown_unknown_probe:10443_cam2_40,adaface-4df25b75e065b0b9ed43,pq,pq_512_m128_b8,pq_reconstruction_cosine,0.05,False,frozen_origin,-0.0616160035133361,True,True,False,True,True,0.3111800050183915,True,threshold_crossing,8,8972,8
gradcam-39331c706c530123ff1b,population-2a9bc5280db4a65672a1bbcb,survface,survface:registered_probe:5244_22,adaface-4df25b75e065b0b9ed43,pq,pq_512_m128_b8,pq_reconstruction_cosine,0.1,True,frozen_origin,-0.05416139960289,True,False,False,True,True,0.4167291412451919,True,high_error,1,8972,8
gradcam-d4d5e5dcd833039ff37f,population-2a9bc5280db4a65672a1bbcb,survface,survface:registered_probe:2973_cam3_1,adaface-4df25b75e065b0b9ed43,pq,pq_512_m128_b8,pq_reconstruction_cosine,0.1,True,frozen_origin,-0.0314933359622955,True,False,False,True,True,0.4126324785882191,True,high_error,2,8972,8
gradcam-17cb472a7785a0dd603f,population-2a9bc5280db4a65672a1bbcb,survface,survface:unknown_unknown_probe:2667_cam2_1,adaface-4df25b75e065b0b9ed43,pq,pq_512_m128_b8,pq_reconstruction_cosine,0.1,False,frozen_origin,-1.874566078186035e-05,True,False,False,True,True,0.4039480014647802,True,high_error,3,8972,8
gradcam-80871255f533dbf216be,population-2a9bc5280db4a65672a1bbcb,survface,survface:unknown_unknown_probe:distractors_3567,adaface-4df25b75e065b0b9ed43,pq,pq_512_m128_b8,pq_reconstruction_cosine,0.1,False,frozen_origin,-0.0383304357528686,True,False,False,True,True,0.4005619694256562,True,high_error,4,8972,8
gradcam-452b8bed0521d431eda6,population-2a9bc5280db4a65672a1bbcb,survface,survface:unknown_unknown_probe:248_cam2_1,adaface-4df25b75e065b0b9ed43,pq,pq_512_m128_b8,pq_reconstruction_cosine,0.1,False,frozen_origin,0.0100610852241516,True,False,False,True,True,0.3981545240088688,True,high_error,5,8972,8
gradcam-6473c24c511c5e7fe64a,population-2a9bc5280db4a65672a1bbcb,survface,survface:unknown_unknown_probe:distractors_4313,adaface-4df25b75e065b0b9ed43,pq,pq_512_m128_b8,pq_reconstruction_cosine,0.1,False,frozen_origin,-0.0310142040252685,True,False,False,True,True,0.3969618453941757,True,high_error,6,8972,8
gradcam-78bdfee8b446713cf596,population-2a9bc5280db4a65672a1bbcb,survface,survface:unknown_unknown_probe:9952_cam2_12,adaface-4df25b75e065b0b9ed43,pq,pq_512_m128_b8,pq_reconstruction_cosine,0.1,False,frozen_origin,0.0103416442871093,True,False,False,True,True,0.3937851465219271,True,high_error,7,8972,8
gradcam-3a7640114a509e56e068,population-2a9bc5280db4a65672a1bbcb,survface,survface:registered_probe:9411_cam2_154,adaface-4df25b75e065b0b9ed43,pq,pq_512_m128_b8,pq_reconstruction_cosine,0.1,True,frozen_origin,-0.0414290428161621,True,False,False,True,True,0.3925194392306223,True,high_error,8,8972,8
gradcam-1f2852fc4c3a60746176,population-2a9bc5280db4a65672a1bbcb,survface,survface:registered_probe:8344_cam1_5,adaface-4df25b75e065b0b9ed43,pq,pq_512_m128_b8,pq_reconstruction_cosine,0.1,True,frozen_origin,-0.0205383896827697,False,False,False,True,True,0.4001285005096708,True,rank_flip,1,8972,8
gradcam-ec082a926c2855546ba7,population-2a9bc5280db4a65672a1bbcb,survface,survface:unknown_unknown_probe:distractors_2318,adaface-4df25b75e065b0b9ed43,pq,pq_512_m128_b8,pq_reconstruction_cosine,0.1,False,frozen_origin,-0.0158233940601348,False,False,False,True,True,0.3956525139719687,True,rank_flip,2,8972,8
gradcam-8d2ebd95ab13a00ef228,population-2a9bc5280db4a65672a1bbcb,survface,survface:unknown_unknown_probe:2756_cam4_1,adaface-4df25b75e065b0b9ed43,pq,pq_512_m128_b8,pq_reconstruction_cosine,0.1,False,frozen_origin,0.0020232796669006,False,False,False,True,True,0.3950710997373929,True,rank_flip,3,8972,8
gradcam-2bc51e44a2981ad635bc,population-2a9bc5280db4a65672a1bbcb,survface,survface:unknown_unknown_probe:distractors_2713,adaface-4df25b75e065b0b9ed43,pq,pq_512_m128_b8,pq_reconstruction_cosine,0.1,False,frozen_origin,-0.0028219521045684,False,False,False,True,True,0.3938271772940007,True,rank_flip,4,8972,8
gradcam-11af435ea45b8fdcdc05,population-2a9bc5280db4a65672a1bbcb,survface,survface:unknown_unknown_probe:distractors_3617,adaface-4df25b75e065b0b9ed43,pq,pq_512_m128_b8,pq_reconstruction_cosine,0.1,False,frozen_origin,-0.0555445551872253,False,False,False,True,True,0.3911380003315698,True,rank_flip,5,8972,8
gradcam-ce2889fef64bc5a33116,population-2a9bc5280db4a65672a1bbcb,survface,survface:registered_probe:8645_cam2_17,adaface-4df25b75e065b0b9ed43,pq,pq_512_m128_b8,pq_reconstruction_cosine,0.1,True,frozen_origin,-0.024783581495285,False,False,False,True,True,0.3883900764029938,True,rank_flip,6,8972,8
gradcam-c81cfc20875f059d6c1e,population-2a9bc5280db4a65672a1bbcb,survface,survface:registered_probe:595_cam1_1,adaface-4df25b75e065b0b9ed43,pq,pq_512_m128_b8,pq_reconstruction_cosine,0.1,True,frozen_origin,0.0149131119251251,False,False,False,True,True,0.3883710260455786,True,rank_flip,7,8972,8
gradcam-26611ae04b7e5f6eb5f4,population-2a9bc5280db4a65672a1bbcb,survface,survface:registered_probe:9740_cam2_60,adaface-4df25b75e065b0b9ed43,pq,pq_512_m128_b8,pq_reconstruction_cosine,0.1,True,frozen_origin,0.0051143914461135,False,False,False,True,True,0.3882692980978688,True,rank_flip,8,8972,8
gradcam-9d92a6949a38b08ab226,population-2a9bc5280db4a65672a1bbcb,survface,survface:registered_probe:5703_cam1_58,adaface-4df25b75e065b0b9ed43,pq,pq_512_m128_b8,pq_reconstruction_cosine,0.1,True,frozen_origin,-0.0296115279197692,True,False,False,True,True,0.2055218834955866,True,stable,1,8972,8
gradcam-13bc844e876657e235b8,population-2a9bc5280db4a65672a1bbcb,survface,survface:unknown_unknown_probe:5691_cam2_28,adaface-4df25b75e065b0b9ed43,pq,pq_512_m128_b8,pq_reconstruction_cosine,0.1,False,frozen_origin,-0.0193098187446594,True,False,False,True,True,0.2101504452433658,True,stable,2,8972,8
gradcam-7d723b8b28e0278eede7,population-2a9bc5280db4a65672a1bbcb,survface,survface:unknown_unknown_probe:10561_cam1_6,adaface-4df25b75e065b0b9ed43,pq,pq_512_m128_b8,pq_reconstruction_cosine,0.1,False,frozen_origin,-0.0262028574943542,True,False,False,True,True,0.2108092247869298,True,stable,3,8972,8
gradcam-d40549c1c156301c103c,population-2a9bc5280db4a65672a1bbcb,survface,survface:unknown_unknown_probe:10072_cam1_45,adaface-4df25b75e065b0b9ed43,pq,pq_512_m128_b8,pq_reconstruction_cosine,0.1,False,frozen_origin,-0.0251193046569824,True,False,False,True,True,0.2113210617667231,True,stable,4,8972,8
gradcam-136840b34bb09c025724,population-2a9bc5280db4a65672a1bbcb,survface,survface:registered_probe:5839_cam2_28,adaface-4df25b75e065b0b9ed43,pq,pq_512_m128_b8,pq_reconstruction_cosine,0.1,True,frozen_origin,-0.0359799265861511,True,False,False,True,True,0.2113754266622246,True,stable,5,8972,8
gradcam-652ad71d9a72fb3f691b,population-2a9bc5280db4a65672a1bbcb,survface,survface:unknown_unknown_probe:9746_cam3_20,adaface-4df25b75e065b0b9ed43,pq,pq_512_m128_b8,pq_reconstruction_cosine,0.1,False,frozen_origin,-0.0242344141006469,True,False,False,True,True,0.2114897712006218,True,stable,6,8972,8
gradcam-5cad1dfb99cfe8be4603,population-2a9bc5280db4a65672a1bbcb,survface,survface:registered_probe:5647_cam1_212,adaface-4df25b75e065b0b9ed43,pq,pq_512_m128_b8,pq_reconstruction_cosine,0.1,True,frozen_origin,-0.0182746648788452,True,False,False,True,True,0.2116523854936071,True,stable,7,8972,8
gradcam-bf7b89df640cba902c84,population-2a9bc5280db4a65672a1bbcb,survface,survface:unknown_unknown_probe:9751_cam2_6,adaface-4df25b75e065b0b9ed43,pq,pq_512_m128_b8,pq_reconstruction_cosine,0.1,False,frozen_origin,-0.0295178294181823,True,False,False,True,True,0.2119147555180987,True,stable,8,8972,8
gradcam-f82d151088857dafe8e4,population-2a9bc5280db4a65672a1bbcb,survface,survface:registered_probe:5227_16,adaface-4df25b75e065b0b9ed43,pq,pq_512_m128_b8,pq_reconstruction_cosine,0.1,True,frozen_origin,-0.0721888542175293,True,True,False,True,True,0.3428161185050208,True,threshold_crossing,1,8972,8
gradcam-32ce143c37ddeb15d465,population-2a9bc5280db4a65672a1bbcb,survface,survface:unknown_unknown_probe:1346_cam1_1,adaface-4df25b75e065b0b9ed43,pq,pq_512_m128_b8,pq_reconstruction_cosine,0.1,False,frozen_origin,-0.0619095563888549,True,True,False,True,True,0.3321004495573114,True,threshold_crossing,2,8972,8
gradcam-0a8a5a5aff563072f603,population-2a9bc5280db4a65672a1bbcb,survface,survface:unknown_unknown_probe:4821_cam2_5,adaface-4df25b75e065b0b9ed43,pq,pq_512_m128_b8,pq_reconstruction_cosine,0.1,False,frozen_origin,-0.0792100429534912,True,True,False,True,True,0.3227038410527055,True,threshold_crossing,3,8972,8
gradcam-241818df4be6614b7fe9,population-2a9bc5280db4a65672a1bbcb,survface,survface:registered_probe:2022_cam2_1,adaface-4df25b75e065b0b9ed43,pq,pq_512_m128_b8,pq_reconstruction_cosine,0.1,True,frozen_origin,-0.0624516010284423,True,True,False,True,True,0.3220133168361597,True,threshold_crossing,4,8972,8
gradcam-9ff2ef05f2be92056045,population-2a9bc5280db4a65672a1bbcb,survface,survface:registered_probe:5225_16,adaface-4df25b75e065b0b9ed43,pq,pq_512_m128_b8,pq_reconstruction_cosine,0.1,True,frozen_origin,-0.0661590695381164,True,True,False,True,True,0.3177750174971354,True,threshold_crossing,5,8972,8
gradcam-778bec8cd17877db04c9,population-2a9bc5280db4a65672a1bbcb,survface,survface:unknown_unknown_probe:distractors_824,adaface-4df25b75e065b0b9ed43,pq,pq_512_m128_b8,pq_reconstruction_cosine,0.1,False,frozen_origin,-0.0368901491165161,True,True,False,True,True,0.311366390360706,True,threshold_crossing,6,8972,8
gradcam-2750e099c6ff13463a42,population-2a9bc5280db4a65672a1bbcb,survface,survface:unknown_unknown_probe:10443_cam2_40,adaface-4df25b75e065b0b9ed43,pq,pq_512_m128_b8,pq_reconstruction_cosine,0.1,False,frozen_origin,-0.0616160035133361,True,True,False,True,True,0.3111800050183915,True,threshold_crossing,7,8972,8
gradcam-e4c5220507ed5bce51ae,population-2a9bc5280db4a65672a1bbcb,survface,survface:registered_probe:5061_cam2_4,adaface-4df25b75e065b0b9ed43,pq,pq_512_m128_b8,pq_reconstruction_cosine,0.1,True,frozen_origin,-0.0634294152259826,True,True,False,True,True,0.3110665427503823,True,threshold_crossing,8,8972,8
gradcam-df67c812195eb06e8cae,population-2a9bc5280db4a65672a1bbcb,survface,survface:registered_probe:5244_22,adaface-4df25b75e065b0b9ed43,pq,pq_512_m128_b8,pq_reconstruction_cosine,0.2,True,frozen_origin,-0.05416139960289,True,False,False,True,True,0.4167291412451919,True,high_error,1,8972,8
gradcam-35a11c450548726c92d9,population-2a9bc5280db4a65672a1bbcb,survface,survface:registered_probe:2973_cam3_1,adaface-4df25b75e065b0b9ed43,pq,pq_512_m128_b8,pq_reconstruction_cosine,0.2,True,frozen_origin,-0.0314933359622955,True,False,False,True,True,0.4126324785882191,True,high_error,2,8972,8
gradcam-3784d92b52eea453afd6,population-2a9bc5280db4a65672a1bbcb,survface,survface:unknown_unknown_probe:2667_cam2_1,adaface-4df25b75e065b0b9ed43,pq,pq_512_m128_b8,pq_reconstruction_cosine,0.2,False,frozen_origin,-1.874566078186035e-05,True,False,False,True,True,0.4039480014647802,True,high_error,3,8972,8
gradcam-18f71dd1ff3f1b5918ec,population-2a9bc5280db4a65672a1bbcb,survface,survface:unknown_unknown_probe:distractors_3567,adaface-4df25b75e065b0b9ed43,pq,pq_512_m128_b8,pq_reconstruction_cosine,0.2,False,frozen_origin,-0.0383304357528686,True,False,False,True,True,0.4005619694256562,True,high_error,4,8972,8
gradcam-925d499e95ddda74b643,population-2a9bc5280db4a65672a1bbcb,survface,survface:unknown_unknown_probe:248_cam2_1,adaface-4df25b75e065b0b9ed43,pq,pq_512_m128_b8,pq_reconstruction_cosine,0.2,False,frozen_origin,0.0100610852241516,True,False,False,True,True,0.3981545240088688,True,high_error,5,8972,8
gradcam-5e19118c0f1a6f9aeacf,population-2a9bc5280db4a65672a1bbcb,survface,survface:unknown_unknown_probe:distractors_4313,adaface-4df25b75e065b0b9ed43,pq,pq_512_m128_b8,pq_reconstruction_cosine,0.2,False,frozen_origin,-0.0310142040252685,True,False,False,True,True,0.3969618453941757,True,high_error,6,8972,8
gradcam-5f8aba523254cfa414a8,population-2a9bc5280db4a65672a1bbcb,survface,survface:unknown_unknown_probe:9952_cam2_12,adaface-4df25b75e065b0b9ed43,pq,pq_512_m128_b8,pq_reconstruction_cosine,0.2,False,frozen_origin,0.0103416442871093,True,False,False,True,True,0.3937851465219271,True,high_error,7,8972,8
gradcam-1c6f0d788843315a0c52,population-2a9bc5280db4a65672a1bbcb,survface,survface:registered_probe:9411_cam2_154,adaface-4df25b75e065b0b9ed43,pq,pq_512_m128_b8,pq_reconstruction_cosine,0.2,True,frozen_origin,-0.0414290428161621,True,False,False,True,True,0.3925194392306223,True,high_error,8,8972,8
gradcam-8ab88b3f4051d91459c8,population-2a9bc5280db4a65672a1bbcb,survface,survface:registered_probe:8344_cam1_5,adaface-4df25b75e065b0b9ed43,pq,pq_512_m128_b8,pq_reconstruction_cosine,0.2,True,frozen_origin,-0.0205383896827697,False,False,False,True,True,0.4001285005096708,True,rank_flip,1,8972,8
gradcam-247acde8df89cacccc7f,population-2a9bc5280db4a65672a1bbcb,survface,survface:unknown_unknown_probe:distractors_2318,adaface-4df25b75e065b0b9ed43,pq,pq_512_m128_b8,pq_reconstruction_cosine,0.2,False,frozen_origin,-0.0158233940601348,False,False,False,True,True,0.3956525139719687,True,rank_flip,2,8972,8
gradcam-6c808417e600a44f49bb,population-2a9bc5280db4a65672a1bbcb,survface,survface:unknown_unknown_probe:2756_cam4_1,adaface-4df25b75e065b0b9ed43,pq,pq_512_m128_b8,pq_reconstruction_cosine,0.2,False,frozen_origin,0.0020232796669006,False,False,False,True,True,0.3950710997373929,True,rank_flip,3,8972,8
gradcam-1dfdaa0ec16733f145bd,population-2a9bc5280db4a65672a1bbcb,survface,survface:unknown_unknown_probe:distractors_2713,adaface-4df25b75e065b0b9ed43,pq,pq_512_m128_b8,pq_reconstruction_cosine,0.2,False,frozen_origin,-0.0028219521045684,False,False,False,True,True,0.3938271772940007,True,rank_flip,4,8972,8
gradcam-e61466f1b10ff44b1d7b,population-2a9bc5280db4a65672a1bbcb,survface,survface:unknown_unknown_probe:distractors_3617,adaface-4df25b75e065b0b9ed43,pq,pq_512_m128_b8,pq_reconstruction_cosine,0.2,False,frozen_origin,-0.0555445551872253,False,False,False,True,True,0.3911380003315698,True,rank_flip,5,8972,8
gradcam-cc3a190054d68eba55f9,population-2a9bc5280db4a65672a1bbcb,survface,survface:registered_probe:8645_cam2_17,adaface-4df25b75e065b0b9ed43,pq,pq_512_m128_b8,pq_reconstruction_cosine,0.2,True,frozen_origin,-0.024783581495285,False,False,False,True,True,0.3883900764029938,True,rank_flip,6,8972,8
gradcam-0d7405fce8ebb572e0bf,population-2a9bc5280db4a65672a1bbcb,survface,survface:registered_probe:595_cam1_1,adaface-4df25b75e065b0b9ed43,pq,pq_512_m128_b8,pq_reconstruction_cosine,0.2,True,frozen_origin,0.0149131119251251,False,False,False,True,True,0.3883710260455786,True,rank_flip,7,8972,8
gradcam-29273ef342d484b03a5d,population-2a9bc5280db4a65672a1bbcb,survface,survface:registered_probe:9740_cam2_60,adaface-4df25b75e065b0b9ed43,pq,pq_512_m128_b8,pq_reconstruction_cosine,0.2,True,frozen_origin,0.0051143914461135,False,False,False,True,True,0.3882692980978688,True,rank_flip,8,8972,8
gradcam-c7a0076f59005c7c2c9c,population-2a9bc5280db4a65672a1bbcb,survface,survface:registered_probe:5703_cam1_58,adaface-4df25b75e065b0b9ed43,pq,pq_512_m128_b8,pq_reconstruction_cosine,0.2,True,frozen_origin,-0.0296115279197692,True,False,False,True,True,0.2055218834955866,True,stable,1,8972,8
gradcam-7e07a7f8af4a1870a8aa,population-2a9bc5280db4a65672a1bbcb,survface,survface:unknown_unknown_probe:5691_cam2_28,adaface-4df25b75e065b0b9ed43,pq,pq_512_m128_b8,pq_reconstruction_cosine,0.2,False,frozen_origin,-0.0193098187446594,True,False,False,True,True,0.2101504452433658,True,stable,2,8972,8
gradcam-e98a9553e699b53615df,population-2a9bc5280db4a65672a1bbcb,survface,survface:unknown_unknown_probe:10561_cam1_6,adaface-4df25b75e065b0b9ed43,pq,pq_512_m128_b8,pq_reconstruction_cosine,0.2,False,frozen_origin,-0.0262028574943542,True,False,False,True,True,0.2108092247869298,True,stable,3,8972,8
gradcam-bec66bc2e5b2f2138800,population-2a9bc5280db4a65672a1bbcb,survface,survface:unknown_unknown_probe:10072_cam1_45,adaface-4df25b75e065b0b9ed43,pq,pq_512_m128_b8,pq_reconstruction_cosine,0.2,False,frozen_origin,-0.0251193046569824,True,False,False,True,True,0.2113210617667231,True,stable,4,8972,8
gradcam-4e8b9d9cb06d684ad50a,population-2a9bc5280db4a65672a1bbcb,survface,survface:registered_probe:5839_cam2_28,adaface-4df25b75e065b0b9ed43,pq,pq_512_m128_b8,pq_reconstruction_cosine,0.2,True,frozen_origin,-0.0359799265861511,True,False,False,True,True,0.2113754266622246,True,stable,5,8972,8
gradcam-5046c3ae11172e64d4d3,population-2a9bc5280db4a65672a1bbcb,survface,survface:unknown_unknown_probe:9746_cam3_20,adaface-4df25b75e065b0b9ed43,pq,pq_512_m128_b8,pq_reconstruction_cosine,0.2,False,frozen_origin,-0.0242344141006469,True,False,False,True,True,0.2114897712006218,True,stable,6,8972,8
gradcam-193bf87b89ace0de6f32,population-2a9bc5280db4a65672a1bbcb,survface,survface:registered_probe:5647_cam1_212,adaface-4df25b75e065b0b9ed43,pq,pq_512_m128_b8,pq_reconstruction_cosine,0.2,True,frozen_origin,-0.0182746648788452,True,False,False,True,True,0.2116523854936071,True,stable,7,8972,8
gradcam-a4913fdd11a6016786fa,population-2a9bc5280db4a65672a1bbcb,survface,survface:unknown_unknown_probe:9751_cam2_6,adaface-4df25b75e065b0b9ed43,pq,pq_512_m128_b8,pq_reconstruction_cosine,0.2,False,frozen_origin,-0.0295178294181823,True,False,False,True,True,0.2119147555180987,True,stable,8,8972,8
gradcam-a1a2421a119a45d70972,population-2a9bc5280db4a65672a1bbcb,survface,survface:registered_probe:5244_23,adaface-4df25b75e065b0b9ed43,pq,pq_512_m128_b8,pq_reconstruction_cosine,0.2,True,frozen_origin,-0.048483669757843,True,True,False,True,True,0.3670364125756366,True,threshold_crossing,1,8972,8
gradcam-b92286cf1a7ae7a18078,population-2a9bc5280db4a65672a1bbcb,survface,survface:registered_probe:5241_26,adaface-4df25b75e065b0b9ed43,pq,pq_512_m128_b8,pq_reconstruction_cosine,0.2,True,frozen_origin,-0.0716859698295593,True,True,False,True,True,0.3401687131763783,True,threshold_crossing,2,8972,8
gradcam-3f50ee7778702c2f77d1,population-2a9bc5280db4a65672a1bbcb,survface,survface:unknown_unknown_probe:1346_cam1_1,adaface-4df25b75e065b0b9ed43,pq,pq_512_m128_b8,pq_reconstruction_cosine,0.2,False,frozen_origin,-0.0619095563888549,True,True,False,True,True,0.3321004495573114,True,threshold_crossing,3,8972,8
gradcam-fea128abf86702859c4c,population-2a9bc5280db4a65672a1bbcb,survface,survface:unknown_unknown_probe:8801_cam2_33,adaface-4df25b75e065b0b9ed43,pq,pq_512_m128_b8,pq_reconstruction_cosine,0.2,False,frozen_origin,-0.0427268147468566,True,True,False,True,True,0.3278757886322319,True,threshold_crossing,4,8972,8
gradcam-d07479a025c24e2a6108,population-2a9bc5280db4a65672a1bbcb,survface,survface:registered_probe:10523_cam4_3,adaface-4df25b75e065b0b9ed43,pq,pq_512_m128_b8,pq_reconstruction_cosine,0.2,True,frozen_origin,-0.0554530620574951,True,True,False,True,True,0.3190661394583587,True,threshold_crossing,5,8972,8
gradcam-3ae9c12d842c8ce73ab7,population-2a9bc5280db4a65672a1bbcb,survface,survface:registered_probe:5225_16,adaface-4df25b75e065b0b9ed43,pq,pq_512_m128_b8,pq_reconstruction_cosine,0.2,True,frozen_origin,-0.0661590695381164,True,True,False,True,True,0.3177750174971354,True,threshold_crossing,6,8972,8
gradcam-741bcc5b1c310b0c0c1e,population-2a9bc5280db4a65672a1bbcb,survface,survface:registered_probe:5227_7,adaface-4df25b75e065b0b9ed43,pq,pq_512_m128_b8,pq_reconstruction_cosine,0.2,True,frozen_origin,-0.0522843599319458,True,True,False,True,True,0.3164987965846132,True,threshold_crossing,7,8972,8
gradcam-2506347d603e867f0b83,population-2a9bc5280db4a65672a1bbcb,survface,survface:unknown_unknown_probe:10601_cam3_32,adaface-4df25b75e065b0b9ed43,pq,pq_512_m128_b8,pq_reconstruction_cosine,0.2,False,frozen_origin,-0.0515969395637512,True,True,False,True,True,0.3135288281805593,True,threshold_crossing,8,8972,8
gradcam-e2d836e9cfa483adf59c,population-2a9bc5280db4a65672a1bbcb,survface,survface:registered_probe:5244_22,adaface-4df25b75e065b0b9ed43,pq,pq_512_m128_b8,pq_reconstruction_cosine,0.3,True,frozen_origin,-0.05416139960289,True,False,False,True,True,0.4167291412451919,True,high_error,1,8972,8
gradcam-501013e320820dd5667b,population-2a9bc5280db4a65672a1bbcb,survface,survface:registered_probe:2973_cam3_1,adaface-4df25b75e065b0b9ed43,pq,pq_512_m128_b8,pq_reconstruction_cosine,0.3,True,frozen_origin,-0.0314933359622955,True,False,False,True,True,0.4126324785882191,True,high_error,2,8972,8
gradcam-c5ccbc9080a7953c1abe,population-2a9bc5280db4a65672a1bbcb,survface,survface:unknown_unknown_probe:2667_cam2_1,adaface-4df25b75e065b0b9ed43,pq,pq_512_m128_b8,pq_reconstruction_cosine,0.3,False,frozen_origin,-1.874566078186035e-05,True,False,False,True,True,0.4039480014647802,True,high_error,3,8972,8
gradcam-5ae8cb0d0a594192c721,population-2a9bc5280db4a65672a1bbcb,survface,survface:unknown_unknown_probe:distractors_3567,adaface-4df25b75e065b0b9ed43,pq,pq_512_m128_b8,pq_reconstruction_cosine,0.3,False,frozen_origin,-0.0383304357528686,True,False,False,True,True,0.4005619694256562,True,high_error,4,8972,8
gradcam-c3757415b3c5353ccb96,population-2a9bc5280db4a65672a1bbcb,survface,survface:unknown_unknown_probe:248_cam2_1,adaface-4df25b75e065b0b9ed43,pq,pq_512_m128_b8,pq_reconstruction_cosine,0.3,False,frozen_origin,0.0100610852241516,True,False,False,True,True,0.3981545240088688,True,high_error,5,8972,8
gradcam-edc472113046e43ede71,population-2a9bc5280db4a65672a1bbcb,survface,survface:unknown_unknown_probe:distractors_4313,adaface-4df25b75e065b0b9ed43,pq,pq_512_m128_b8,pq_reconstruction_cosine,0.3,False,frozen_origin,-0.0310142040252685,True,False,False,True,True,0.3969618453941757,True,high_error,6,8972,8
gradcam-9997a750361225dde236,population-2a9bc5280db4a65672a1bbcb,survface,survface:unknown_unknown_probe:9952_cam2_12,adaface-4df25b75e065b0b9ed43,pq,pq_512_m128_b8,pq_reconstruction_cosine,0.3,False,frozen_origin,0.0103416442871093,True,False,False,True,True,0.3937851465219271,True,high_error,7,8972,8
gradcam-012af0ee465f312f1dc7,population-2a9bc5280db4a65672a1bbcb,survface,survface:registered_probe:9411_cam2_154,adaface-4df25b75e065b0b9ed43,pq,pq_512_m128_b8,pq_reconstruction_cosine,0.3,True,frozen_origin,-0.0414290428161621,True,False,False,True,True,0.3925194392306223,True,high_error,8,8972,8
gradcam-3d645c6925f81d4c8e1a,population-2a9bc5280db4a65672a1bbcb,survface,survface:registered_probe:8344_cam1_5,adaface-4df25b75e065b0b9ed43,pq,pq_512_m128_b8,pq_reconstruction_cosine,0.3,True,frozen_origin,-0.0205383896827697,False,False,False,True,True,0.4001285005096708,True,rank_flip,1,8972,8
gradcam-6cf4740e16cd8edb1965,population-2a9bc5280db4a65672a1bbcb,survface,survface:unknown_unknown_probe:distractors_2318,adaface-4df25b75e065b0b9ed43,pq,pq_512_m128_b8,pq_reconstruction_cosine,0.3,False,frozen_origin,-0.0158233940601348,False,False,False,True,True,0.3956525139719687,True,rank_flip,2,8972,8
gradcam-e18ccbb3ee4a61ed8938,population-2a9bc5280db4a65672a1bbcb,survface,survface:unknown_unknown_probe:2756_cam4_1,adaface-4df25b75e065b0b9ed43,pq,pq_512_m128_b8,pq_reconstruction_cosine,0.3,False,frozen_origin,0.0020232796669006,False,False,False,True,True,0.3950710997373929,True,rank_flip,3,8972,8
gradcam-d60ef3d894b37fa64106,population-2a9bc5280db4a65672a1bbcb,survface,survface:unknown_unknown_probe:distractors_2713,adaface-4df25b75e065b0b9ed43,pq,pq_512_m128_b8,pq_reconstruction_cosine,0.3,False,frozen_origin,-0.0028219521045684,False,False,False,True,True,0.3938271772940007,True,rank_flip,4,8972,8
gradcam-949ad48af41ea90e4eb9,population-2a9bc5280db4a65672a1bbcb,survface,survface:unknown_unknown_probe:distractors_3617,adaface-4df25b75e065b0b9ed43,pq,pq_512_m128_b8,pq_reconstruction_cosine,0.3,False,frozen_origin,-0.0555445551872253,False,False,False,True,True,0.3911380003315698,True,rank_flip,5,8972,8
gradcam-120ab644d4e1eb620f7f,population-2a9bc5280db4a65672a1bbcb,survface,survface:registered_probe:8645_cam2_17,adaface-4df25b75e065b0b9ed43,pq,pq_512_m128_b8,pq_reconstruction_cosine,0.3,True,frozen_origin,-0.024783581495285,False,False,False,True,True,0.3883900764029938,True,rank_flip,6,8972,8
gradcam-1aab3e1dcb3c40d6ad70,population-2a9bc5280db4a65672a1bbcb,survface,survface:registered_probe:595_cam1_1,adaface-4df25b75e065b0b9ed43,pq,pq_512_m128_b8,pq_reconstruction_cosine,0.3,True,frozen_origin,0.0149131119251251,False,False,False,True,True,0.3883710260455786,True,rank_flip,7,8972,8
gradcam-9a5af83b5f9bfa82f8de,population-2a9bc5280db4a65672a1bbcb,survface,survface:registered_probe:9740_cam2_60,adaface-4df25b75e065b0b9ed43,pq,pq_512_m128_b8,pq_reconstruction_cosine,0.3,True,frozen_origin,0.0051143914461135,False,False,False,True,True,0.3882692980978688,True,rank_flip,8,8972,8
gradcam-6e82fb38dd73782902ec,population-2a9bc5280db4a65672a1bbcb,survface,survface:registered_probe:5703_cam1_58,adaface-4df25b75e065b0b9ed43,pq,pq_512_m128_b8,pq_reconstruction_cosine,0.3,True,frozen_origin,-0.0296115279197692,True,False,False,True,True,0.2055218834955866,True,stable,1,8972,8
gradcam-ec51326023463575682a,population-2a9bc5280db4a65672a1bbcb,survface,survface:unknown_unknown_probe:5691_cam2_28,adaface-4df25b75e065b0b9ed43,pq,pq_512_m128_b8,pq_reconstruction_cosine,0.3,False,frozen_origin,-0.0193098187446594,True,False,False,True,True,0.2101504452433658,True,stable,2,8972,8
gradcam-448c155cfc8c751bafd2,population-2a9bc5280db4a65672a1bbcb,survface,survface:unknown_unknown_probe:10561_cam1_6,adaface-4df25b75e065b0b9ed43,pq,pq_512_m128_b8,pq_reconstruction_cosine,0.3,False,frozen_origin,-0.0262028574943542,True,False,False,True,True,0.2108092247869298,True,stable,3,8972,8
gradcam-6ddb47827be31b273963,population-2a9bc5280db4a65672a1bbcb,survface,survface:unknown_unknown_probe:10072_cam1_45,adaface-4df25b75e065b0b9ed43,pq,pq_512_m128_b8,pq_reconstruction_cosine,0.3,False,frozen_origin,-0.0251193046569824,True,False,False,True,True,0.2113210617667231,True,stable,4,8972,8
gradcam-0dd8b4054f1909e59aee,population-2a9bc5280db4a65672a1bbcb,survface,survface:registered_probe:5839_cam2_28,adaface-4df25b75e065b0b9ed43,pq,pq_512_m128_b8,pq_reconstruction_cosine,0.3,True,frozen_origin,-0.0359799265861511,True,False,False,True,True,0.2113754266622246,True,stable,5,8972,8
gradcam-5ac94787a0222da01464,population-2a9bc5280db4a65672a1bbcb,survface,survface:unknown_unknown_probe:9746_cam3_20,adaface-4df25b75e065b0b9ed43,pq,pq_512_m128_b8,pq_reconstruction_cosine,0.3,False,frozen_origin,-0.0242344141006469,True,False,False,True,True,0.2114897712006218,True,stable,6,8972,8
gradcam-cababe809ce4446c581c,population-2a9bc5280db4a65672a1bbcb,survface,survface:registered_probe:5647_cam1_212,adaface-4df25b75e065b0b9ed43,pq,pq_512_m128_b8,pq_reconstruction_cosine,0.3,True,frozen_origin,-0.0182746648788452,True,False,False,True,True,0.2116523854936071,True,stable,7,8972,8
gradcam-5bb6ef023da64ea0f915,population-2a9bc5280db4a65672a1bbcb,survface,survface:unknown_unknown_probe:9751_cam2_6,adaface-4df25b75e065b0b9ed43,pq,pq_512_m128_b8,pq_reconstruction_cosine,0.3,False,frozen_origin,-0.0295178294181823,True,False,False,True,True,0.2119147555180987,True,stable,8,8972,8
gradcam-896e6c41408b2ec95505,population-2a9bc5280db4a65672a1bbcb,survface,survface:registered_probe:5241_25,adaface-4df25b75e065b0b9ed43,pq,pq_512_m128_b8,pq_reconstruction_cosine,0.3,True,frozen_origin,-0.0523297786712646,True,True,False,True,True,0.3490525260740728,True,threshold_crossing,1,8972,8
gradcam-7bdba4e434e5d3366c31,population-2a9bc5280db4a65672a1bbcb,survface,survface:registered_probe:8739_cam1_97,adaface-4df25b75e065b0b9ed43,pq,pq_512_m128_b8,pq_reconstruction_cosine,0.3,True,frozen_origin,-0.0610464811325073,True,True,False,True,True,0.3442647796369348,True,threshold_crossing,2,8972,8
gradcam-94d9f609f2661a347254,population-2a9bc5280db4a65672a1bbcb,survface,survface:registered_probe:5241_26,adaface-4df25b75e065b0b9ed43,pq,pq_512_m128_b8,pq_reconstruction_cosine,0.3,True,frozen_origin,-0.0716859698295593,True,True,False,True,True,0.3401687131763783,True,threshold_crossing,3,8972,8
gradcam-c7281ebf7fd1f01df83d,population-2a9bc5280db4a65672a1bbcb,survface,survface:registered_probe:5227_19,adaface-4df25b75e065b0b9ed43,pq,pq_512_m128_b8,pq_reconstruction_cosine,0.3,True,frozen_origin,-0.0557696223258972,True,True,False,True,True,0.3340259220934912,True,threshold_crossing,4,8972,8
gradcam-d2a562106a8b1fb5cdb8,population-2a9bc5280db4a65672a1bbcb,survface,survface:unknown_unknown_probe:distractors_3013,adaface-4df25b75e065b0b9ed43,pq,pq_512_m128_b8,pq_reconstruction_cosine,0.3,False,frozen_origin,-0.0657564997673034,True,True,False,True,True,0.329392390738772,True,threshold_crossing,5,8972,8
gradcam-7e1a7b9b7dfa6c369bf6,population-2a9bc5280db4a65672a1bbcb,survface,survface:unknown_unknown_probe:4854_cam2_1,adaface-4df25b75e065b0b9ed43,pq,pq_512_m128_b8,pq_reconstruction_cosine,0.3,False,frozen_origin,-0.0303354859352111,True,True,False,True,True,0.3287767312310772,True,threshold_crossing,6,8972,8
gradcam-1bca1efbdf05df50836a,population-2a9bc5280db4a65672a1bbcb,survface,survface:registered_probe:5227_14,adaface-4df25b75e065b0b9ed43,pq,pq_512_m128_b8,pq_reconstruction_cosine,0.3,True,frozen_origin,-0.0504299402236938,True,True,False,True,True,0.3238062451908887,True,threshold_crossing,7,8972,8
gradcam-ed1852d9868835d19652,population-2a9bc5280db4a65672a1bbcb,survface,survface:registered_probe:4449_cam1_1,adaface-4df25b75e065b0b9ed43,pq,pq_512_m128_b8,pq_reconstruction_cosine,0.3,True,frozen_origin,-0.0453761219978332,True,True,False,True,True,0.3229430215038767,True,threshold_crossing,8,8972,8
gradcam-b5f1cd243766d9da413e,population-2a9bc5280db4a65672a1bbcb,survface,survface:registered_probe:2742_cam2_1,adaface-4df25b75e065b0b9ed43,pq,pq_512_m16_b8,pq_one_sided_cosine,0.01,True,frozen_origin,-0.2788797616958618,True,False,False,True,True,1.2153419644355352,True,high_error,1,8972,8
gradcam-6bfa0bd127c2bd810e34,population-2a9bc5280db4a65672a1bbcb,survface,survface:unknown_unknown_probe:distractors_3934,adaface-4df25b75e065b0b9ed43,pq,pq_512_m16_b8,pq_one_sided_cosine,0.01,False,frozen_origin,-0.1807011365890503,True,False,False,True,True,1.1797836704757454,True,high_error,2,8972,8
gradcam-b6062801d1097208dacd,population-2a9bc5280db4a65672a1bbcb,survface,survface:registered_probe:707_cam2_1,adaface-4df25b75e065b0b9ed43,pq,pq_512_m16_b8,pq_one_sided_cosine,0.01,True,frozen_origin,-0.029457613825798,True,False,False,True,True,1.1778192055461831,True,high_error,3,8972,8
gradcam-a3f0cdc4a53e17374e9d,population-2a9bc5280db4a65672a1bbcb,survface,survface:registered_probe:8645_cam2_17,adaface-4df25b75e065b0b9ed43,pq,pq_512_m16_b8,pq_one_sided_cosine,0.01,True,frozen_origin,-0.0514546334743499,True,False,False,True,True,1.1763132066129611,True,high_error,4,8972,8
gradcam-27c242425004e00c1a2d,population-2a9bc5280db4a65672a1bbcb,survface,survface:registered_probe:5244_22,adaface-4df25b75e065b0b9ed43,pq,pq_512_m16_b8,pq_one_sided_cosine,0.01,True,frozen_origin,-0.2895171195268631,True,False,False,True,True,1.1756799727062537,True,high_error,5,8972,8
gradcam-434fc8a560a2dedeb128,population-2a9bc5280db4a65672a1bbcb,survface,survface:registered_probe:5244_28,adaface-4df25b75e065b0b9ed43,pq,pq_512_m16_b8,pq_one_sided_cosine,0.01,True,frozen_origin,-0.3293119072914123,True,False,False,True,True,1.1714013205676317,True,high_error,6,8972,8
gradcam-6bdf8692735a05cc93d2,population-2a9bc5280db4a65672a1bbcb,survface,survface:registered_probe:5241_39,adaface-4df25b75e065b0b9ed43,pq,pq_512_m16_b8,pq_one_sided_cosine,0.01,True,frozen_origin,-0.2396986335515976,True,False,False,True,True,1.171224600832417,True,high_error,7,8972,8
gradcam-4fe7172dd8a2199f1bb8,population-2a9bc5280db4a65672a1bbcb,survface,survface:unknown_unknown_probe:distractors_3598,adaface-4df25b75e065b0b9ed43,pq,pq_512_m16_b8,pq_one_sided_cosine,0.01,False,frozen_origin,-0.0506232976913452,True,False,False,True,True,1.170691440493596,True,high_error,8,8972,8
gradcam-201529dcfa332a503465,population-2a9bc5280db4a65672a1bbcb,survface,survface:registered_probe:2973_cam3_1,adaface-4df25b75e065b0b9ed43,pq,pq_512_m16_b8,pq_one_sided_cosine,0.01,True,frozen_origin,-0.2033322304487228,False,False,False,True,True,1.2329411612773502,True,rank_flip,1,8972,8
gradcam-38419e0f561337dbfe7a,population-2a9bc5280db4a65672a1bbcb,survface,survface:unknown_unknown_probe:4245_cam2_1,adaface-4df25b75e065b0b9ed43,pq,pq_512_m16_b8,pq_one_sided_cosine,0.01,False,frozen_origin,-0.0945192575454711,False,False,False,True,True,1.215908794410059,True,rank_flip,2,8972,8
gradcam-81ac57cf26d4e56330b2,population-2a9bc5280db4a65672a1bbcb,survface,survface:unknown_unknown_probe:2721_cam1_1,adaface-4df25b75e065b0b9ed43,pq,pq_512_m16_b8,pq_one_sided_cosine,0.01,False,frozen_origin,-0.1101170033216476,False,False,False,True,True,1.2138198704101764,True,rank_flip,3,8972,8
gradcam-1388e8e7d6a0df6f0dbb,population-2a9bc5280db4a65672a1bbcb,survface,survface:unknown_unknown_probe:10003_cam3_32,adaface-4df25b75e065b0b9ed43,pq,pq_512_m16_b8,pq_one_sided_cosine,0.01,False,frozen_origin,-0.1548267602920532,False,False,False,True,True,1.1977545086713377,True,rank_flip,4,8972,8
gradcam-eb927f540db155ed0c22,population-2a9bc5280db4a65672a1bbcb,survface,survface:registered_probe:595_cam1_1,adaface-4df25b75e065b0b9ed43,pq,pq_512_m16_b8,pq_one_sided_cosine,0.01,True,frozen_origin,-0.0884604752063751,False,False,False,True,True,1.1965894713650105,True,rank_flip,5,8972,8
gradcam-3b8ed8f620b1ed49d65d,population-2a9bc5280db4a65672a1bbcb,survface,survface:registered_probe:9740_cam2_62,adaface-4df25b75e065b0b9ed43,pq,pq_512_m16_b8,pq_one_sided_cosine,0.01,True,frozen_origin,-0.0701696127653122,False,False,False,True,True,1.1918210943058876,True,rank_flip,6,8972,8
gradcam-034991d8179293948f04,population-2a9bc5280db4a65672a1bbcb,survface,survface:unknown_unknown_probe:distractors_231,adaface-4df25b75e065b0b9ed43,pq,pq_512_m16_b8,pq_one_sided_cosine,0.01,False,frozen_origin,-0.1108970940113067,False,False,False,True,True,1.184566961134383,True,rank_flip,7,8972,8
gradcam-44fbc1c2e0d420c02e35,population-2a9bc5280db4a65672a1bbcb,survface,survface:unknown_unknown_probe:distractors_2460,adaface-4df25b75e065b0b9ed43,pq,pq_512_m16_b8,pq_one_sided_cosine,0.01,False,frozen_origin,-0.0963496267795562,False,False,False,True,True,1.18419965274873,True,rank_flip,8,8972,8
gradcam-5fcd1dc282ee71c8f5df,population-2a9bc5280db4a65672a1bbcb,survface,survface:unknown_unknown_probe:5751_cam2_17,adaface-4df25b75e065b0b9ed43,pq,pq_512_m16_b8,pq_one_sided_cosine,0.01,False,frozen_origin,-0.0045915246009826,True,False,False,True,True,0.4703492127503217,True,stable,1,8972,8
gradcam-9b1f63d1c24c48152043,population-2a9bc5280db4a65672a1bbcb,survface,survface:registered_probe:5821_cam1_108,adaface-4df25b75e065b0b9ed43,pq,pq_512_m16_b8,pq_one_sided_cosine,0.01,True,frozen_origin,-0.0314009189605712,True,False,False,True,True,0.4710546617171296,True,stable,2,8972,8
gradcam-2cafa9371b6696cc8d4d,population-2a9bc5280db4a65672a1bbcb,survface,survface:registered_probe:5647_cam1_47,adaface-4df25b75e065b0b9ed43,pq,pq_512_m16_b8,pq_one_sided_cosine,0.01,True,frozen_origin,-0.0371259450912475,True,False,False,True,True,0.4735989117326378,True,stable,3,8972,8
gradcam-2ceede696a9c18646f40,population-2a9bc5280db4a65672a1bbcb,survface,survface:unknown_unknown_probe:5872_cam1_51,adaface-4df25b75e065b0b9ed43,pq,pq_512_m16_b8,pq_one_sided_cosine,0.01,False,frozen_origin,-0.0422136187553405,True,False,False,True,True,0.4760649226154516,True,stable,4,8972,8
gradcam-f735976b64bc937b574b,population-2a9bc5280db4a65672a1bbcb,survface,survface:registered_probe:5647_cam1_240,adaface-4df25b75e065b0b9ed43,pq,pq_512_m16_b8,pq_one_sided_cosine,0.01,True,frozen_origin,-0.038733959197998,True,False,False,True,True,0.479087732074664,True,stable,5,8972,8
gradcam-c67be450cf8cc86c34d3,population-2a9bc5280db4a65672a1bbcb,survface,survface:unknown_unknown_probe:5872_cam1_52,adaface-4df25b75e065b0b9ed43,pq,pq_512_m16_b8,pq_one_sided_cosine,0.01,False,frozen_origin,-0.0223031640052795,True,False,False,True,True,0.4802305177359772,True,stable,6,8972,8
gradcam-9c381822e8f65dbdb5ce,population-2a9bc5280db4a65672a1bbcb,survface,survface:unknown_unknown_probe:5795_cam2_23,adaface-4df25b75e065b0b9ed43,pq,pq_512_m16_b8,pq_one_sided_cosine,0.01,False,frozen_origin,-0.0083997845649719,True,False,False,True,True,0.4822498773649721,True,stable,7,8972,8
gradcam-1ad54302e97fef43c593,population-2a9bc5280db4a65672a1bbcb,survface,survface:registered_probe:5647_cam1_43,adaface-4df25b75e065b0b9ed43,pq,pq_512_m16_b8,pq_one_sided_cosine,0.01,True,frozen_origin,-0.0122351646423339,True,False,False,True,True,0.4839878367182645,True,stable,8,8972,8
gradcam-91933bdf13f27628d57c,population-2a9bc5280db4a65672a1bbcb,survface,survface:unknown_unknown_probe:4821_cam2_5,adaface-4df25b75e065b0b9ed43,pq,pq_512_m16_b8,pq_one_sided_cosine,0.01,False,frozen_origin,-0.3728267848491668,True,True,False,True,True,1.0256166520869707,True,threshold_crossing,1,8972,8
gradcam-edf72e7ddea269565d9b,population-2a9bc5280db4a65672a1bbcb,survface,survface:registered_probe:2123_cam1_1,adaface-4df25b75e065b0b9ed43,pq,pq_512_m16_b8,pq_one_sided_cosine,0.01,True,frozen_origin,-0.3925763368606567,True,True,False,True,True,0.941013710739823,True,threshold_crossing,2,8972,8
gradcam-af9c0f53976f3929c612,population-2a9bc5280db4a65672a1bbcb,survface,survface:unknown_unknown_probe:4754_cam2_2,adaface-4df25b75e065b0b9ed43,pq,pq_512_m16_b8,pq_one_sided_cosine,0.01,False,frozen_origin,-0.1975466609001159,False,True,False,True,True,0.8605574951075429,True,threshold_crossing,3,8972,8
gradcam-70bfbfbe413a0c93648c,population-2a9bc5280db4a65672a1bbcb,survface,survface:registered_probe:5462_cam1_6,adaface-4df25b75e065b0b9ed43,pq,pq_512_m16_b8,pq_one_sided_cosine,0.01,True,frozen_origin,-0.2129009962081909,True,True,False,True,True,0.8467369483907465,True,threshold_crossing,4,8972,8
gradcam-25607afeafacbe2994eb,population-2a9bc5280db4a65672a1bbcb,survface,survface:registered_probe:5462_cam1_2,adaface-4df25b75e065b0b9ed43,pq,pq_512_m16_b8,pq_one_sided_cosine,0.01,True,frozen_origin,-0.1983208060264587,True,True,False,True,True,0.8424875393655389,True,threshold_crossing,5,8972,8
gradcam-c70284ead9719e4324d5,population-2a9bc5280db4a65672a1bbcb,survface,survface:registered_probe:9155_cam3_16,adaface-4df25b75e065b0b9ed43,pq,pq_512_m16_b8,pq_one_sided_cosine,0.01,True,frozen_origin,-0.1922492980957031,True,True,False,True,True,0.8195822721356043,True,threshold_crossing,6,8972,8
gradcam-c685d93a5856e6d22b52,population-2a9bc5280db4a65672a1bbcb,survface,survface:unknown_unknown_probe:513_cam3_1,adaface-4df25b75e065b0b9ed43,pq,pq_512_m16_b8,pq_one_sided_cosine,0.01,False,frozen_origin,-0.1606396436691284,False,True,False,True,True,0.8089049294953717,True,threshold_crossing,7,8972,8
gradcam-5f30324255b2e6caeffe,population-2a9bc5280db4a65672a1bbcb,survface,survface:unknown_unknown_probe:distractors_5557,adaface-4df25b75e065b0b9ed43,pq,pq_512_m16_b8,pq_one_sided_cosine,0.01,False,frozen_origin,-0.1675276756286621,False,True,False,True,True,0.8011288907580986,True,threshold_crossing,8,8972,8
gradcam-ecc52f00a0452bd292e4,population-2a9bc5280db4a65672a1bbcb,survface,survface:registered_probe:2742_cam2_1,adaface-4df25b75e065b0b9ed43,pq,pq_512_m16_b8,pq_one_sided_cosine,0.05,True,frozen_origin,-0.2788797616958618,True,False,False,True,True,1.2153419644355352,True,high_error,1,8972,8
gradcam-8b26c19aeab5cc34e6a2,population-2a9bc5280db4a65672a1bbcb,survface,survface:unknown_unknown_probe:distractors_3934,adaface-4df25b75e065b0b9ed43,pq,pq_512_m16_b8,pq_one_sided_cosine,0.05,False,frozen_origin,-0.1807011365890503,True,False,False,True,True,1.1797836704757454,True,high_error,2,8972,8
gradcam-6d08a9d2aa66cc99111a,population-2a9bc5280db4a65672a1bbcb,survface,survface:registered_probe:707_cam2_1,adaface-4df25b75e065b0b9ed43,pq,pq_512_m16_b8,pq_one_sided_cosine,0.05,True,frozen_origin,-0.029457613825798,True,False,False,True,True,1.1778192055461831,True,high_error,3,8972,8
gradcam-7f2f824abb33f6913f14,population-2a9bc5280db4a65672a1bbcb,survface,survface:registered_probe:8645_cam2_17,adaface-4df25b75e065b0b9ed43,pq,pq_512_m16_b8,pq_one_sided_cosine,0.05,True,frozen_origin,-0.0514546334743499,True,False,False,True,True,1.1763132066129611,True,high_error,4,8972,8
gradcam-3667582e4777f6d29155,population-2a9bc5280db4a65672a1bbcb,survface,survface:registered_probe:5244_22,adaface-4df25b75e065b0b9ed43,pq,pq_512_m16_b8,pq_one_sided_cosine,0.05,True,frozen_origin,-0.2895171195268631,True,False,False,True,True,1.1756799727062537,True,high_error,5,8972,8
gradcam-dba389824e8340b26f56,population-2a9bc5280db4a65672a1bbcb,survface,survface:registered_probe:5244_28,adaface-4df25b75e065b0b9ed43,pq,pq_512_m16_b8,pq_one_sided_cosine,0.05,True,frozen_origin,-0.3293119072914123,True,False,False,True,True,1.1714013205676317,True,high_error,6,8972,8
gradcam-88accd3e0396f516c397,population-2a9bc5280db4a65672a1bbcb,survface,survface:registered_probe:5241_39,adaface-4df25b75e065b0b9ed43,pq,pq_512_m16_b8,pq_one_sided_cosine,0.05,True,frozen_origin,-0.2396986335515976,True,False,False,True,True,1.171224600832417,True,high_error,7,8972,8
gradcam-60b827f3c759a65b1ae6,population-2a9bc5280db4a65672a1bbcb,survface,survface:unknown_unknown_probe:distractors_3598,adaface-4df25b75e065b0b9ed43,pq,pq_512_m16_b8,pq_one_sided_cosine,0.05,False,frozen_origin,-0.0506232976913452,True,False,False,True,True,1.170691440493596,True,high_error,8,8972,8
gradcam-f8fec054c8300d0cfb02,population-2a9bc5280db4a65672a1bbcb,survface,survface:registered_probe:2973_cam3_1,adaface-4df25b75e065b0b9ed43,pq,pq_512_m16_b8,pq_one_sided_cosine,0.05,True,frozen_origin,-0.2033322304487228,False,False,False,True,True,1.2329411612773502,True,rank_flip,1,8972,8
gradcam-f8c5265f4108a995659a,population-2a9bc5280db4a65672a1bbcb,survface,survface:unknown_unknown_probe:4245_cam2_1,adaface-4df25b75e065b0b9ed43,pq,pq_512_m16_b8,pq_one_sided_cosine,0.05,False,frozen_origin,-0.0945192575454711,False,False,False,True,True,1.215908794410059,True,rank_flip,2,8972,8
gradcam-30288616181c40094458,population-2a9bc5280db4a65672a1bbcb,survface,survface:unknown_unknown_probe:2721_cam1_1,adaface-4df25b75e065b0b9ed43,pq,pq_512_m16_b8,pq_one_sided_cosine,0.05,False,frozen_origin,-0.1101170033216476,False,False,False,True,True,1.2138198704101764,True,rank_flip,3,8972,8
gradcam-318f96d10eeb4f7b83b9,population-2a9bc5280db4a65672a1bbcb,survface,survface:unknown_unknown_probe:10003_cam3_32,adaface-4df25b75e065b0b9ed43,pq,pq_512_m16_b8,pq_one_sided_cosine,0.05,False,frozen_origin,-0.1548267602920532,False,False,False,True,True,1.1977545086713377,True,rank_flip,4,8972,8
gradcam-404b7dc4113b2f094874,population-2a9bc5280db4a65672a1bbcb,survface,survface:registered_probe:595_cam1_1,adaface-4df25b75e065b0b9ed43,pq,pq_512_m16_b8,pq_one_sided_cosine,0.05,True,frozen_origin,-0.0884604752063751,False,False,False,True,True,1.1965894713650105,True,rank_flip,5,8972,8
gradcam-4cff543ef76fd7bc8181,population-2a9bc5280db4a65672a1bbcb,survface,survface:registered_probe:9740_cam2_62,adaface-4df25b75e065b0b9ed43,pq,pq_512_m16_b8,pq_one_sided_cosine,0.05,True,frozen_origin,-0.0701696127653122,False,False,False,True,True,1.1918210943058876,True,rank_flip,6,8972,8
gradcam-d07e4f9d6037d01bc96b,population-2a9bc5280db4a65672a1bbcb,survface,survface:unknown_unknown_probe:distractors_231,adaface-4df25b75e065b0b9ed43,pq,pq_512_m16_b8,pq_one_sided_cosine,0.05,False,frozen_origin,-0.1108970940113067,False,False,False,True,True,1.184566961134383,True,rank_flip,7,8972,8
gradcam-b132c415b2594710498a,population-2a9bc5280db4a65672a1bbcb,survface,survface:unknown_unknown_probe:distractors_2460,adaface-4df25b75e065b0b9ed43,pq,pq_512_m16_b8,pq_one_sided_cosine,0.05,False,frozen_origin,-0.0963496267795562,False,False,False,True,True,1.18419965274873,True,rank_flip,8,8972,8
gradcam-9597a7d227d0681b7044,population-2a9bc5280db4a65672a1bbcb,survface,survface:unknown_unknown_probe:5751_cam2_17,adaface-4df25b75e065b0b9ed43,pq,pq_512_m16_b8,pq_one_sided_cosine,0.05,False,frozen_origin,-0.0045915246009826,True,False,False,True,True,0.4703492127503217,True,stable,1,8972,8
gradcam-5ada28719a620081c39f,population-2a9bc5280db4a65672a1bbcb,survface,survface:registered_probe:5821_cam1_108,adaface-4df25b75e065b0b9ed43,pq,pq_512_m16_b8,pq_one_sided_cosine,0.05,True,frozen_origin,-0.0314009189605712,True,False,False,True,True,0.4710546617171296,True,stable,2,8972,8
gradcam-baccf51b4c3fad8cd3e8,population-2a9bc5280db4a65672a1bbcb,survface,survface:registered_probe:5647_cam1_47,adaface-4df25b75e065b0b9ed43,pq,pq_512_m16_b8,pq_one_sided_cosine,0.05,True,frozen_origin,-0.0371259450912475,True,False,False,True,True,0.4735989117326378,True,stable,3,8972,8
gradcam-eac7cfe2fde83c2a0d23,population-2a9bc5280db4a65672a1bbcb,survface,survface:unknown_unknown_probe:5872_cam1_51,adaface-4df25b75e065b0b9ed43,pq,pq_512_m16_b8,pq_one_sided_cosine,0.05,False,frozen_origin,-0.0422136187553405,True,False,False,True,True,0.4760649226154516,True,stable,4,8972,8
gradcam-63984cd7d5665eb055c6,population-2a9bc5280db4a65672a1bbcb,survface,survface:unknown_unknown_probe:10216_cam2_15,adaface-4df25b75e065b0b9ed43,pq,pq_512_m16_b8,pq_one_sided_cosine,0.05,False,frozen_origin,0.0539539456367492,True,False,False,True,True,0.4770114362530199,True,stable,5,8972,8
gradcam-a15c0f78834b94015292,population-2a9bc5280db4a65672a1bbcb,survface,survface:registered_probe:5647_cam1_240,adaface-4df25b75e065b0b9ed43,pq,pq_512_m16_b8,pq_one_sided_cosine,0.05,True,frozen_origin,-0.038733959197998,True,False,False,True,True,0.479087732074664,True,stable,6,8972,8
gradcam-f15daace4d158367bc79,population-2a9bc5280db4a65672a1bbcb,survface,survface:unknown_unknown_probe:5872_cam1_52,adaface-4df25b75e065b0b9ed43,pq,pq_512_m16_b8,pq_one_sided_cosine,0.05,False,frozen_origin,-0.0223031640052795,True,False,False,True,True,0.4802305177359772,True,stable,7,8972,8
gradcam-23fea9b6c29bb0bb6261,population-2a9bc5280db4a65672a1bbcb,survface,survface:unknown_unknown_probe:5751_cam2_41,adaface-4df25b75e065b0b9ed43,pq,pq_512_m16_b8,pq_one_sided_cosine,0.05,False,frozen_origin,-0.066177487373352,True,False,False,True,True,0.4810560368089642,True,stable,8,8972,8
gradcam-718e897c982667effc96,population-2a9bc5280db4a65672a1bbcb,survface,survface:unknown_unknown_probe:4821_cam2_5,adaface-4df25b75e065b0b9ed43,pq,pq_512_m16_b8,pq_one_sided_cosine,0.05,False,frozen_origin,-0.3728267848491668,True,True,False,True,True,1.0256166520869707,True,threshold_crossing,1,8972,8
gradcam-b67133d82ec9964c75ca,population-2a9bc5280db4a65672a1bbcb,survface,survface:registered_probe:5227_16,adaface-4df25b75e065b0b9ed43,pq,pq_512_m16_b8,pq_one_sided_cosine,0.05,True,frozen_origin,-0.3484350144863128,True,True,False,True,True,1.0200666853908886,True,threshold_crossing,2,8972,8
gradcam-da9222ac4ccd38fd3e36,population-2a9bc5280db4a65672a1bbcb,survface,survface:registered_probe:5061_cam2_4,adaface-4df25b75e065b0b9ed43,pq,pq_512_m16_b8,pq_one_sided_cosine,0.05,True,frozen_origin,-0.3110707998275757,True,True,False,True,True,0.9545573794783968,True,threshold_crossing,3,8972,8
gradcam-cde91cf885536b92e146,population-2a9bc5280db4a65672a1bbcb,survface,survface:registered_probe:2123_cam1_1,adaface-4df25b75e065b0b9ed43,pq,pq_512_m16_b8,pq_one_sided_cosine,0.05,True,frozen_origin,-0.3925763368606567,True,True,False,True,True,0.941013710739823,True,threshold_crossing,4,8972,8
gradcam-62b71135482f227827f7,population-2a9bc5280db4a65672a1bbcb,survface,survface:unknown_unknown_probe:distractors_4002,adaface-4df25b75e065b0b9ed43,pq,pq_512_m16_b8,pq_one_sided_cosine,0.05,False,frozen_origin,-0.2055864334106445,False,True,False,True,True,0.8914562480121517,True,threshold_crossing,5,8972,8
gradcam-ab36c46bc8e3c547614f,population-2a9bc5280db4a65672a1bbcb,survface,survface:registered_probe:5789_cam1_123,adaface-4df25b75e065b0b9ed43,pq,pq_512_m16_b8,pq_one_sided_cosine,0.05,True,frozen_origin,-0.2569220662117004,True,True,False,True,True,0.8870720492412447,True,threshold_crossing,6,8972,8
gradcam-3398a6bcd0ebbf59e0c8,population-2a9bc5280db4a65672a1bbcb,survface,survface:registered_probe:2022_cam2_1,adaface-4df25b75e065b0b9ed43,pq,pq_512_m16_b8,pq_one_sided_cosine,0.05,True,frozen_origin,-0.1906266808509826,True,True,False,True,True,0.8765995929095136,True,threshold_crossing,7,8972,8
gradcam-0cfe68d7cedf533cbccc,population-2a9bc5280db4a65672a1bbcb,survface,survface:unknown_unknown_probe:4754_cam2_2,adaface-4df25b75e065b0b9ed43,pq,pq_512_m16_b8,pq_one_sided_cosine,0.05,False,frozen_origin,-0.1975466609001159,False,True,False,True,True,0.8605574951075429,True,threshold_crossing,8,8972,8
gradcam-b3ea92266c834b316949,population-2a9bc5280db4a65672a1bbcb,survface,survface:registered_probe:2742_cam2_1,adaface-4df25b75e065b0b9ed43,pq,pq_512_m16_b8,pq_one_sided_cosine,0.1,True,frozen_origin,-0.2788797616958618,True,False,False,True,True,1.2153419644355352,True,high_error,1,8972,8
gradcam-61875b658db9ec0cf6ce,population-2a9bc5280db4a65672a1bbcb,survface,survface:unknown_unknown_probe:distractors_3934,adaface-4df25b75e065b0b9ed43,pq,pq_512_m16_b8,pq_one_sided_cosine,0.1,False,frozen_origin,-0.1807011365890503,True,False,False,True,True,1.1797836704757454,True,high_error,2,8972,8
gradcam-104c46a4d6acb6fc6255,population-2a9bc5280db4a65672a1bbcb,survface,survface:registered_probe:707_cam2_1,adaface-4df25b75e065b0b9ed43,pq,pq_512_m16_b8,pq_one_sided_cosine,0.1,True,frozen_origin,-0.029457613825798,True,False,False,True,True,1.1778192055461831,True,high_error,3,8972,8
gradcam-15d746bc569ec1120154,population-2a9bc5280db4a65672a1bbcb,survface,survface:registered_probe:8645_cam2_17,adaface-4df25b75e065b0b9ed43,pq,pq_512_m16_b8,pq_one_sided_cosine,0.1,True,frozen_origin,-0.0514546334743499,True,False,False,True,True,1.1763132066129611,True,high_error,4,8972,8
gradcam-653205025336230cf1ee,population-2a9bc5280db4a65672a1bbcb,survface,survface:registered_probe:5244_22,adaface-4df25b75e065b0b9ed43,pq,pq_512_m16_b8,pq_one_sided_cosine,0.1,True,frozen_origin,-0.2895171195268631,True,False,False,True,True,1.1756799727062537,True,high_error,5,8972,8
gradcam-94bc8c9e70911a1aff55,population-2a9bc5280db4a65672a1bbcb,survface,survface:registered_probe:5244_28,adaface-4df25b75e065b0b9ed43,pq,pq_512_m16_b8,pq_one_sided_cosine,0.1,True,frozen_origin,-0.3293119072914123,True,False,False,True,True,1.1714013205676317,True,high_error,6,8972,8
gradcam-b05ce0015d88021d6191,population-2a9bc5280db4a65672a1bbcb,survface,survface:registered_probe:5241_39,adaface-4df25b75e065b0b9ed43,pq,pq_512_m16_b8,pq_one_sided_cosine,0.1,True,frozen_origin,-0.2396986335515976,True,False,False,True,True,1.171224600832417,True,high_error,7,8972,8
gradcam-a49e5a590ace623edace,population-2a9bc5280db4a65672a1bbcb,survface,survface:unknown_unknown_probe:distractors_3598,adaface-4df25b75e065b0b9ed43,pq,pq_512_m16_b8,pq_one_sided_cosine,0.1,False,frozen_origin,-0.0506232976913452,True,False,False,True,True,1.170691440493596,True,high_error,8,8972,8
gradcam-ab06ab2e5b37ef1f9040,population-2a9bc5280db4a65672a1bbcb,survface,survface:registered_probe:2973_cam3_1,adaface-4df25b75e065b0b9ed43,pq,pq_512_m16_b8,pq_one_sided_cosine,0.1,True,frozen_origin,-0.2033322304487228,False,False,False,True,True,1.2329411612773502,True,rank_flip,1,8972,8
gradcam-daf448ec051cec3757c0,population-2a9bc5280db4a65672a1bbcb,survface,survface:unknown_unknown_probe:4245_cam2_1,adaface-4df25b75e065b0b9ed43,pq,pq_512_m16_b8,pq_one_sided_cosine,0.1,False,frozen_origin,-0.0945192575454711,False,False,False,True,True,1.215908794410059,True,rank_flip,2,8972,8
gradcam-c82863d6c93de9d4a826,population-2a9bc5280db4a65672a1bbcb,survface,survface:unknown_unknown_probe:2721_cam1_1,adaface-4df25b75e065b0b9ed43,pq,pq_512_m16_b8,pq_one_sided_cosine,0.1,False,frozen_origin,-0.1101170033216476,False,False,False,True,True,1.2138198704101764,True,rank_flip,3,8972,8
gradcam-e82eabd340de8aed8ce6,population-2a9bc5280db4a65672a1bbcb,survface,survface:unknown_unknown_probe:10003_cam3_32,adaface-4df25b75e065b0b9ed43,pq,pq_512_m16_b8,pq_one_sided_cosine,0.1,False,frozen_origin,-0.1548267602920532,False,False,False,True,True,1.1977545086713377,True,rank_flip,4,8972,8
gradcam-14ded9dfd6414135928e,population-2a9bc5280db4a65672a1bbcb,survface,survface:registered_probe:595_cam1_1,adaface-4df25b75e065b0b9ed43,pq,pq_512_m16_b8,pq_one_sided_cosine,0.1,True,frozen_origin,-0.0884604752063751,False,False,False,True,True,1.1965894713650105,True,rank_flip,5,8972,8
gradcam-dc5caf0bfdab6e46ea30,population-2a9bc5280db4a65672a1bbcb,survface,survface:registered_probe:9740_cam2_62,adaface-4df25b75e065b0b9ed43,pq,pq_512_m16_b8,pq_one_sided_cosine,0.1,True,frozen_origin,-0.0701696127653122,False,False,False,True,True,1.1918210943058876,True,rank_flip,6,8972,8
gradcam-e3c5a06fa7cdd9b7fffd,population-2a9bc5280db4a65672a1bbcb,survface,survface:unknown_unknown_probe:distractors_231,adaface-4df25b75e065b0b9ed43,pq,pq_512_m16_b8,pq_one_sided_cosine,0.1,False,frozen_origin,-0.1108970940113067,False,False,False,True,True,1.184566961134383,True,rank_flip,7,8972,8
gradcam-db04276c647f707a2c70,population-2a9bc5280db4a65672a1bbcb,survface,survface:unknown_unknown_probe:distractors_2460,adaface-4df25b75e065b0b9ed43,pq,pq_512_m16_b8,pq_one_sided_cosine,0.1,False,frozen_origin,-0.0963496267795562,False,False,False,True,True,1.18419965274873,True,rank_flip,8,8972,8
gradcam-f766c998edcc0a0dc823,population-2a9bc5280db4a65672a1bbcb,survface,survface:unknown_unknown_probe:5751_cam2_17,adaface-4df25b75e065b0b9ed43,pq,pq_512_m16_b8,pq_one_sided_cosine,0.1,False,frozen_origin,-0.0045915246009826,True,False,False,True,True,0.4703492127503217,True,stable,1,8972,8
gradcam-04d9a447c6098c16d19b,population-2a9bc5280db4a65672a1bbcb,survface,survface:registered_probe:5821_cam1_108,adaface-4df25b75e065b0b9ed43,pq,pq_512_m16_b8,pq_one_sided_cosine,0.1,True,frozen_origin,-0.0314009189605712,True,False,False,True,True,0.4710546617171296,True,stable,2,8972,8
gradcam-21bb5169515ddd653d8d,population-2a9bc5280db4a65672a1bbcb,survface,survface:registered_probe:5647_cam1_47,adaface-4df25b75e065b0b9ed43,pq,pq_512_m16_b8,pq_one_sided_cosine,0.1,True,frozen_origin,-0.0371259450912475,True,False,False,True,True,0.4735989117326378,True,stable,3,8972,8
gradcam-ad877364e9c724501692,population-2a9bc5280db4a65672a1bbcb,survface,survface:unknown_unknown_probe:5872_cam1_51,adaface-4df25b75e065b0b9ed43,pq,pq_512_m16_b8,pq_one_sided_cosine,0.1,False,frozen_origin,-0.0422136187553405,True,False,False,True,True,0.4760649226154516,True,stable,4,8972,8
gradcam-ba36f4cdf5ebaf6a9c5f,population-2a9bc5280db4a65672a1bbcb,survface,survface:unknown_unknown_probe:10216_cam2_15,adaface-4df25b75e065b0b9ed43,pq,pq_512_m16_b8,pq_one_sided_cosine,0.1,False,frozen_origin,0.0539539456367492,True,False,False,True,True,0.4770114362530199,True,stable,5,8972,8
gradcam-1ea2f466b86b76d11ef6,population-2a9bc5280db4a65672a1bbcb,survface,survface:registered_probe:5647_cam1_240,adaface-4df25b75e065b0b9ed43,pq,pq_512_m16_b8,pq_one_sided_cosine,0.1,True,frozen_origin,-0.038733959197998,True,False,False,True,True,0.479087732074664,True,stable,6,8972,8
gradcam-3b5297ca580749996207,population-2a9bc5280db4a65672a1bbcb,survface,survface:unknown_unknown_probe:5872_cam1_52,adaface-4df25b75e065b0b9ed43,pq,pq_512_m16_b8,pq_one_sided_cosine,0.1,False,frozen_origin,-0.0223031640052795,True,False,False,True,True,0.4802305177359772,True,stable,7,8972,8
gradcam-c89b9282849d95ab4e32,population-2a9bc5280db4a65672a1bbcb,survface,survface:unknown_unknown_probe:5751_cam2_41,adaface-4df25b75e065b0b9ed43,pq,pq_512_m16_b8,pq_one_sided_cosine,0.1,False,frozen_origin,-0.066177487373352,True,False,False,True,True,0.4810560368089642,True,stable,8,8972,8
gradcam-a062a8b71fcd6bd3f1b5,population-2a9bc5280db4a65672a1bbcb,survface,survface:unknown_unknown_probe:4821_cam2_5,adaface-4df25b75e065b0b9ed43,pq,pq_512_m16_b8,pq_one_sided_cosine,0.1,False,frozen_origin,-0.3728267848491668,True,True,False,True,True,1.0256166520869707,True,threshold_crossing,1,8972,8
gradcam-d4783ad0747b4fd386ae,population-2a9bc5280db4a65672a1bbcb,survface,survface:registered_probe:5227_16,adaface-4df25b75e065b0b9ed43,pq,pq_512_m16_b8,pq_one_sided_cosine,0.1,True,frozen_origin,-0.3484350144863128,True,True,False,True,True,1.0200666853908886,True,threshold_crossing,2,8972,8
gradcam-510b47c213e3162d0f5f,population-2a9bc5280db4a65672a1bbcb,survface,survface:registered_probe:5225_16,adaface-4df25b75e065b0b9ed43,pq,pq_512_m16_b8,pq_one_sided_cosine,0.1,True,frozen_origin,-0.2780907154083252,True,True,False,True,True,0.9959347090569944,True,threshold_crossing,3,8972,8
gradcam-8206b4783e7c2f310f8e,population-2a9bc5280db4a65672a1bbcb,survface,survface:unknown_unknown_probe:1346_cam1_1,adaface-4df25b75e065b0b9ed43,pq,pq_512_m16_b8,pq_one_sided_cosine,0.1,False,frozen_origin,-0.3003565073013305,True,True,False,True,True,0.9932573757813182,True,threshold_crossing,4,8972,8
gradcam-1dcdec7eb01e3ac9e889,population-2a9bc5280db4a65672a1bbcb,survface,survface:registered_probe:5061_cam2_4,adaface-4df25b75e065b0b9ed43,pq,pq_512_m16_b8,pq_one_sided_cosine,0.1,True,frozen_origin,-0.3110707998275757,True,True,False,True,True,0.9545573794783968,True,threshold_crossing,5,8972,8
gradcam-4367297adcd0aebbc224,population-2a9bc5280db4a65672a1bbcb,survface,survface:registered_probe:2123_cam1_1,adaface-4df25b75e065b0b9ed43,pq,pq_512_m16_b8,pq_one_sided_cosine,0.1,True,frozen_origin,-0.3925763368606567,True,True,False,True,True,0.941013710739823,True,threshold_crossing,6,8972,8
gradcam-5bded8829212aa69715f,population-2a9bc5280db4a65672a1bbcb,survface,survface:unknown_unknown_probe:distractors_4002,adaface-4df25b75e065b0b9ed43,pq,pq_512_m16_b8,pq_one_sided_cosine,0.1,False,frozen_origin,-0.2055864334106445,False,True,False,True,True,0.8914562480121517,True,threshold_crossing,7,8972,8
gradcam-557f57a846d9fabb9add,population-2a9bc5280db4a65672a1bbcb,survface,survface:registered_probe:5789_cam1_123,adaface-4df25b75e065b0b9ed43,pq,pq_512_m16_b8,pq_one_sided_cosine,0.1,True,frozen_origin,-0.2569220662117004,True,True,False,True,True,0.8870720492412447,True,threshold_crossing,8,8972,8
gradcam-bb822a30ba181fbc3b01,population-2a9bc5280db4a65672a1bbcb,survface,survface:registered_probe:2742_cam2_1,adaface-4df25b75e065b0b9ed43,pq,pq_512_m16_b8,pq_one_sided_cosine,0.2,True,frozen_origin,-0.2788797616958618,True,False,False,True,True,1.2153419644355352,True,high_error,1,8972,8
gradcam-d83ffbeb3093c0949f62,population-2a9bc5280db4a65672a1bbcb,survface,survface:unknown_unknown_probe:distractors_3934,adaface-4df25b75e065b0b9ed43,pq,pq_512_m16_b8,pq_one_sided_cosine,0.2,False,frozen_origin,-0.1807011365890503,True,False,False,True,True,1.1797836704757454,True,high_error,2,8972,8
gradcam-c6227f828a550a7b2a6c,population-2a9bc5280db4a65672a1bbcb,survface,survface:registered_probe:707_cam2_1,adaface-4df25b75e065b0b9ed43,pq,pq_512_m16_b8,pq_one_sided_cosine,0.2,True,frozen_origin,-0.029457613825798,True,False,False,True,True,1.1778192055461831,True,high_error,3,8972,8
gradcam-d543ce66ca8bdc7be957,population-2a9bc5280db4a65672a1bbcb,survface,survface:registered_probe:8645_cam2_17,adaface-4df25b75e065b0b9ed43,pq,pq_512_m16_b8,pq_one_sided_cosine,0.2,True,frozen_origin,-0.0514546334743499,True,False,False,True,True,1.1763132066129611,True,high_error,4,8972,8
gradcam-ffda6099bc750749eb98,population-2a9bc5280db4a65672a1bbcb,survface,survface:registered_probe:5244_22,adaface-4df25b75e065b0b9ed43,pq,pq_512_m16_b8,pq_one_sided_cosine,0.2,True,frozen_origin,-0.2895171195268631,True,False,False,True,True,1.1756799727062537,True,high_error,5,8972,8
gradcam-859be4092219b456257b,population-2a9bc5280db4a65672a1bbcb,survface,survface:registered_probe:5244_28,adaface-4df25b75e065b0b9ed43,pq,pq_512_m16_b8,pq_one_sided_cosine,0.2,True,frozen_origin,-0.3293119072914123,True,False,False,True,True,1.1714013205676317,True,high_error,6,8972,8
gradcam-00c479d36bc67fb512e6,population-2a9bc5280db4a65672a1bbcb,survface,survface:registered_probe:5241_39,adaface-4df25b75e065b0b9ed43,pq,pq_512_m16_b8,pq_one_sided_cosine,0.2,True,frozen_origin,-0.2396986335515976,True,False,False,True,True,1.171224600832417,True,high_error,7,8972,8
gradcam-0aa26468b625f0890966,population-2a9bc5280db4a65672a1bbcb,survface,survface:unknown_unknown_probe:distractors_3598,adaface-4df25b75e065b0b9ed43,pq,pq_512_m16_b8,pq_one_sided_cosine,0.2,False,frozen_origin,-0.0506232976913452,True,False,False,True,True,1.170691440493596,True,high_error,8,8972,8
gradcam-89398107bf8773c1e6da,population-2a9bc5280db4a65672a1bbcb,survface,survface:registered_probe:2973_cam3_1,adaface-4df25b75e065b0b9ed43,pq,pq_512_m16_b8,pq_one_sided_cosine,0.2,True,frozen_origin,-0.2033322304487228,False,False,False,True,True,1.2329411612773502,True,rank_flip,1,8972,8
gradcam-d3709e942de5fae42686,population-2a9bc5280db4a65672a1bbcb,survface,survface:unknown_unknown_probe:4245_cam2_1,adaface-4df25b75e065b0b9ed43,pq,pq_512_m16_b8,pq_one_sided_cosine,0.2,False,frozen_origin,-0.0945192575454711,False,False,False,True,True,1.215908794410059,True,rank_flip,2,8972,8
gradcam-f0aed698e4468a8b6314,population-2a9bc5280db4a65672a1bbcb,survface,survface:unknown_unknown_probe:2721_cam1_1,adaface-4df25b75e065b0b9ed43,pq,pq_512_m16_b8,pq_one_sided_cosine,0.2,False,frozen_origin,-0.1101170033216476,False,False,False,True,True,1.2138198704101764,True,rank_flip,3,8972,8
gradcam-9c2e01d348c0dd2ae827,population-2a9bc5280db4a65672a1bbcb,survface,survface:unknown_unknown_probe:10003_cam3_32,adaface-4df25b75e065b0b9ed43,pq,pq_512_m16_b8,pq_one_sided_cosine,0.2,False,frozen_origin,-0.1548267602920532,False,False,False,True,True,1.1977545086713377,True,rank_flip,4,8972,8
gradcam-2b483aae7c56617f930f,population-2a9bc5280db4a65672a1bbcb,survface,survface:registered_probe:595_cam1_1,adaface-4df25b75e065b0b9ed43,pq,pq_512_m16_b8,pq_one_sided_cosine,0.2,True,frozen_origin,-0.0884604752063751,False,False,False,True,True,1.1965894713650105,True,rank_flip,5,8972,8
gradcam-48e649bbfab2fcfa1199,population-2a9bc5280db4a65672a1bbcb,survface,survface:registered_probe:9740_cam2_62,adaface-4df25b75e065b0b9ed43,pq,pq_512_m16_b8,pq_one_sided_cosine,0.2,True,frozen_origin,-0.0701696127653122,False,False,False,True,True,1.1918210943058876,True,rank_flip,6,8972,8
gradcam-3b73610555d1ed39905e,population-2a9bc5280db4a65672a1bbcb,survface,survface:unknown_unknown_probe:distractors_231,adaface-4df25b75e065b0b9ed43,pq,pq_512_m16_b8,pq_one_sided_cosine,0.2,False,frozen_origin,-0.1108970940113067,False,False,False,True,True,1.184566961134383,True,rank_flip,7,8972,8
gradcam-b01dfbf62746a7318113,population-2a9bc5280db4a65672a1bbcb,survface,survface:unknown_unknown_probe:distractors_2460,adaface-4df25b75e065b0b9ed43,pq,pq_512_m16_b8,pq_one_sided_cosine,0.2,False,frozen_origin,-0.0963496267795562,False,False,False,True,True,1.18419965274873,True,rank_flip,8,8972,8
gradcam-49c724f6487671b94ba4,population-2a9bc5280db4a65672a1bbcb,survface,survface:unknown_unknown_probe:5751_cam2_17,adaface-4df25b75e065b0b9ed43,pq,pq_512_m16_b8,pq_one_sided_cosine,0.2,False,frozen_origin,-0.0045915246009826,True,False,False,True,True,0.4703492127503217,True,stable,1,8972,8
gradcam-e890d059b5dcae54a37a,population-2a9bc5280db4a65672a1bbcb,survface,survface:registered_probe:5821_cam1_108,adaface-4df25b75e065b0b9ed43,pq,pq_512_m16_b8,pq_one_sided_cosine,0.2,True,frozen_origin,-0.0314009189605712,True,False,False,True,True,0.4710546617171296,True,stable,2,8972,8
gradcam-0bd78f05bfd7459aa288,population-2a9bc5280db4a65672a1bbcb,survface,survface:registered_probe:5647_cam1_47,adaface-4df25b75e065b0b9ed43,pq,pq_512_m16_b8,pq_one_sided_cosine,0.2,True,frozen_origin,-0.0371259450912475,True,False,False,True,True,0.4735989117326378,True,stable,3,8972,8
gradcam-40fd2d6eea6748e8e48c,population-2a9bc5280db4a65672a1bbcb,survface,survface:unknown_unknown_probe:5872_cam1_51,adaface-4df25b75e065b0b9ed43,pq,pq_512_m16_b8,pq_one_sided_cosine,0.2,False,frozen_origin,-0.0422136187553405,True,False,False,True,True,0.4760649226154516,True,stable,4,8972,8
gradcam-2566bf444caa8c1ba4e1,population-2a9bc5280db4a65672a1bbcb,survface,survface:unknown_unknown_probe:10216_cam2_15,adaface-4df25b75e065b0b9ed43,pq,pq_512_m16_b8,pq_one_sided_cosine,0.2,False,frozen_origin,0.0539539456367492,True,False,False,True,True,0.4770114362530199,True,stable,5,8972,8
gradcam-dad164ede91997b0ceaf,population-2a9bc5280db4a65672a1bbcb,survface,survface:registered_probe:5647_cam1_240,adaface-4df25b75e065b0b9ed43,pq,pq_512_m16_b8,pq_one_sided_cosine,0.2,True,frozen_origin,-0.038733959197998,True,False,False,True,True,0.479087732074664,True,stable,6,8972,8
gradcam-1d9ed4235b698f447132,population-2a9bc5280db4a65672a1bbcb,survface,survface:unknown_unknown_probe:5872_cam1_52,adaface-4df25b75e065b0b9ed43,pq,pq_512_m16_b8,pq_one_sided_cosine,0.2,False,frozen_origin,-0.0223031640052795,True,False,False,True,True,0.4802305177359772,True,stable,7,8972,8
gradcam-e01c683bd98cac875bcd,population-2a9bc5280db4a65672a1bbcb,survface,survface:unknown_unknown_probe:5751_cam2_41,adaface-4df25b75e065b0b9ed43,pq,pq_512_m16_b8,pq_one_sided_cosine,0.2,False,frozen_origin,-0.066177487373352,True,False,False,True,True,0.4810560368089642,True,stable,8,8972,8
gradcam-a149a951abc31720e075,population-2a9bc5280db4a65672a1bbcb,survface,survface:registered_probe:5244_23,adaface-4df25b75e065b0b9ed43,pq,pq_512_m16_b8,pq_one_sided_cosine,0.2,True,frozen_origin,-0.367929995059967,True,True,False,True,True,1.0877319954464957,True,threshold_crossing,1,8972,8
gradcam-6eaef9b3b6c6bc342c97,population-2a9bc5280db4a65672a1bbcb,survface,survface:registered_probe:5241_26,adaface-4df25b75e065b0b9ed43,pq,pq_512_m16_b8,pq_one_sided_cosine,0.2,True,frozen_origin,-0.3529073297977447,True,True,False,True,True,1.0325833770329975,True,threshold_crossing,2,8972,8
gradcam-c0f5718f692e76faf1a2,population-2a9bc5280db4a65672a1bbcb,survface,survface:unknown_unknown_probe:4821_cam2_5,adaface-4df25b75e065b0b9ed43,pq,pq_512_m16_b8,pq_one_sided_cosine,0.2,False,frozen_origin,-0.3728267848491668,True,True,False,True,True,1.0256166520869707,True,threshold_crossing,3,8972,8
gradcam-991060e8c56e0a795304,population-2a9bc5280db4a65672a1bbcb,survface,survface:registered_probe:5227_16,adaface-4df25b75e065b0b9ed43,pq,pq_512_m16_b8,pq_one_sided_cosine,0.2,True,frozen_origin,-0.3484350144863128,True,True,False,True,True,1.0200666853908886,True,threshold_crossing,4,8972,8
gradcam-c0c0fc91b3cacee149c5,population-2a9bc5280db4a65672a1bbcb,survface,survface:registered_probe:5225_16,adaface-4df25b75e065b0b9ed43,pq,pq_512_m16_b8,pq_one_sided_cosine,0.2,True,frozen_origin,-0.2780907154083252,True,True,False,True,True,0.9959347090569944,True,threshold_crossing,5,8972,8
gradcam-a868fa0e8bc456d9b3ed,population-2a9bc5280db4a65672a1bbcb,survface,survface:unknown_unknown_probe:1346_cam1_1,adaface-4df25b75e065b0b9ed43,pq,pq_512_m16_b8,pq_one_sided_cosine,0.2,False,frozen_origin,-0.3003565073013305,True,True,False,True,True,0.9932573757813182,True,threshold_crossing,6,8972,8
gradcam-e3942805b3b9324b4c92,population-2a9bc5280db4a65672a1bbcb,survface,survface:registered_probe:5061_cam2_4,adaface-4df25b75e065b0b9ed43,pq,pq_512_m16_b8,pq_one_sided_cosine,0.2,True,frozen_origin,-0.3110707998275757,True,True,False,True,True,0.9545573794783968,True,threshold_crossing,7,8972,8
gradcam-da2fac1397abcf40afb9,population-2a9bc5280db4a65672a1bbcb,survface,survface:registered_probe:5227_7,adaface-4df25b75e065b0b9ed43,pq,pq_512_m16_b8,pq_one_sided_cosine,0.2,True,frozen_origin,-0.2272008657455444,True,True,False,True,True,0.9476386500352296,True,threshold_crossing,8,8972,8
gradcam-f164a2d5ef2ff2a0d0e8,population-2a9bc5280db4a65672a1bbcb,survface,survface:registered_probe:2742_cam2_1,adaface-4df25b75e065b0b9ed43,pq,pq_512_m16_b8,pq_one_sided_cosine,0.3,True,frozen_origin,-0.2788797616958618,True,False,False,True,True,1.2153419644355352,True,high_error,1,8972,8
gradcam-d4965b4967c32dafde49,population-2a9bc5280db4a65672a1bbcb,survface,survface:unknown_unknown_probe:distractors_3934,adaface-4df25b75e065b0b9ed43,pq,pq_512_m16_b8,pq_one_sided_cosine,0.3,False,frozen_origin,-0.1807011365890503,True,False,False,True,True,1.1797836704757454,True,high_error,2,8972,8
gradcam-2511ca19220a2a42bd85,population-2a9bc5280db4a65672a1bbcb,survface,survface:registered_probe:707_cam2_1,adaface-4df25b75e065b0b9ed43,pq,pq_512_m16_b8,pq_one_sided_cosine,0.3,True,frozen_origin,-0.029457613825798,True,False,False,True,True,1.1778192055461831,True,high_error,3,8972,8
gradcam-4c756bbdd32bb822c87a,population-2a9bc5280db4a65672a1bbcb,survface,survface:registered_probe:8645_cam2_17,adaface-4df25b75e065b0b9ed43,pq,pq_512_m16_b8,pq_one_sided_cosine,0.3,True,frozen_origin,-0.0514546334743499,True,False,False,True,True,1.1763132066129611,True,high_error,4,8972,8
gradcam-c6d31f5549170155258a,population-2a9bc5280db4a65672a1bbcb,survface,survface:registered_probe:5244_22,adaface-4df25b75e065b0b9ed43,pq,pq_512_m16_b8,pq_one_sided_cosine,0.3,True,frozen_origin,-0.2895171195268631,True,False,False,True,True,1.1756799727062537,True,high_error,5,8972,8
gradcam-9750e8cb2099919eaa42,population-2a9bc5280db4a65672a1bbcb,survface,survface:registered_probe:5244_28,adaface-4df25b75e065b0b9ed43,pq,pq_512_m16_b8,pq_one_sided_cosine,0.3,True,frozen_origin,-0.3293119072914123,True,False,False,True,True,1.1714013205676317,True,high_error,6,8972,8
gradcam-4c60c57383cd34804e90,population-2a9bc5280db4a65672a1bbcb,survface,survface:registered_probe:5241_39,adaface-4df25b75e065b0b9ed43,pq,pq_512_m16_b8,pq_one_sided_cosine,0.3,True,frozen_origin,-0.2396986335515976,True,False,False,True,True,1.171224600832417,True,high_error,7,8972,8
gradcam-abcf44dc009707d27a1c,population-2a9bc5280db4a65672a1bbcb,survface,survface:unknown_unknown_probe:distractors_3598,adaface-4df25b75e065b0b9ed43,pq,pq_512_m16_b8,pq_one_sided_cosine,0.3,False,frozen_origin,-0.0506232976913452,True,False,False,True,True,1.170691440493596,True,high_error,8,8972,8
gradcam-3dae4a7c1caa394dc50b,population-2a9bc5280db4a65672a1bbcb,survface,survface:registered_probe:2973_cam3_1,adaface-4df25b75e065b0b9ed43,pq,pq_512_m16_b8,pq_one_sided_cosine,0.3,True,frozen_origin,-0.2033322304487228,False,False,False,True,True,1.2329411612773502,True,rank_flip,1,8972,8
gradcam-2f61335b1ca400341d1b,population-2a9bc5280db4a65672a1bbcb,survface,survface:unknown_unknown_probe:4245_cam2_1,adaface-4df25b75e065b0b9ed43,pq,pq_512_m16_b8,pq_one_sided_cosine,0.3,False,frozen_origin,-0.0945192575454711,False,False,False,True,True,1.215908794410059,True,rank_flip,2,8972,8
gradcam-12eb0c144a5be502e19a,population-2a9bc5280db4a65672a1bbcb,survface,survface:unknown_unknown_probe:2721_cam1_1,adaface-4df25b75e065b0b9ed43,pq,pq_512_m16_b8,pq_one_sided_cosine,0.3,False,frozen_origin,-0.1101170033216476,False,False,False,True,True,1.2138198704101764,True,rank_flip,3,8972,8
gradcam-c0f4cbe35f8d6ed11baa,population-2a9bc5280db4a65672a1bbcb,survface,survface:unknown_unknown_probe:10003_cam3_32,adaface-4df25b75e065b0b9ed43,pq,pq_512_m16_b8,pq_one_sided_cosine,0.3,False,frozen_origin,-0.1548267602920532,False,False,False,True,True,1.1977545086713377,True,rank_flip,4,8972,8
gradcam-762bbbbe9a9738ad0121,population-2a9bc5280db4a65672a1bbcb,survface,survface:registered_probe:595_cam1_1,adaface-4df25b75e065b0b9ed43,pq,pq_512_m16_b8,pq_one_sided_cosine,0.3,True,frozen_origin,-0.0884604752063751,False,False,False,True,True,1.1965894713650105,True,rank_flip,5,8972,8
gradcam-c2dfa01dcbc7b2ca684f,population-2a9bc5280db4a65672a1bbcb,survface,survface:registered_probe:9740_cam2_62,adaface-4df25b75e065b0b9ed43,pq,pq_512_m16_b8,pq_one_sided_cosine,0.3,True,frozen_origin,-0.0701696127653122,False,False,False,True,True,1.1918210943058876,True,rank_flip,6,8972,8
gradcam-255e0e4a9ddd342e1f8e,population-2a9bc5280db4a65672a1bbcb,survface,survface:unknown_unknown_probe:distractors_231,adaface-4df25b75e065b0b9ed43,pq,pq_512_m16_b8,pq_one_sided_cosine,0.3,False,frozen_origin,-0.1108970940113067,False,False,False,True,True,1.184566961134383,True,rank_flip,7,8972,8
gradcam-87e7d13385deafffea7a,population-2a9bc5280db4a65672a1bbcb,survface,survface:unknown_unknown_probe:distractors_2460,adaface-4df25b75e065b0b9ed43,pq,pq_512_m16_b8,pq_one_sided_cosine,0.3,False,frozen_origin,-0.0963496267795562,False,False,False,True,True,1.18419965274873,True,rank_flip,8,8972,8
gradcam-d201c6b821735a542f00,population-2a9bc5280db4a65672a1bbcb,survface,survface:unknown_unknown_probe:5751_cam2_17,adaface-4df25b75e065b0b9ed43,pq,pq_512_m16_b8,pq_one_sided_cosine,0.3,False,frozen_origin,-0.0045915246009826,True,False,False,True,True,0.4703492127503217,True,stable,1,8972,8
gradcam-9c25e864f97f3590ae5e,population-2a9bc5280db4a65672a1bbcb,survface,survface:registered_probe:5821_cam1_108,adaface-4df25b75e065b0b9ed43,pq,pq_512_m16_b8,pq_one_sided_cosine,0.3,True,frozen_origin,-0.0314009189605712,True,False,False,True,True,0.4710546617171296,True,stable,2,8972,8
gradcam-33b2455fcc37acdc42ce,population-2a9bc5280db4a65672a1bbcb,survface,survface:registered_probe:5647_cam1_47,adaface-4df25b75e065b0b9ed43,pq,pq_512_m16_b8,pq_one_sided_cosine,0.3,True,frozen_origin,-0.0371259450912475,True,False,False,True,True,0.4735989117326378,True,stable,3,8972,8
gradcam-89912bab971589e8171f,population-2a9bc5280db4a65672a1bbcb,survface,survface:unknown_unknown_probe:5872_cam1_51,adaface-4df25b75e065b0b9ed43,pq,pq_512_m16_b8,pq_one_sided_cosine,0.3,False,frozen_origin,-0.0422136187553405,True,False,False,True,True,0.4760649226154516,True,stable,4,8972,8
gradcam-9dbfc2496ecc1a4dfb83,population-2a9bc5280db4a65672a1bbcb,survface,survface:unknown_unknown_probe:10216_cam2_15,adaface-4df25b75e065b0b9ed43,pq,pq_512_m16_b8,pq_one_sided_cosine,0.3,False,frozen_origin,0.0539539456367492,True,False,False,True,True,0.4770114362530199,True,stable,5,8972,8
gradcam-73cc572ac6015208a869,population-2a9bc5280db4a65672a1bbcb,survface,survface:registered_probe:5647_cam1_240,adaface-4df25b75e065b0b9ed43,pq,pq_512_m16_b8,pq_one_sided_cosine,0.3,True,frozen_origin,-0.038733959197998,True,False,False,True,True,0.479087732074664,True,stable,6,8972,8
gradcam-60fd0f97fa2cb8257ad6,population-2a9bc5280db4a65672a1bbcb,survface,survface:unknown_unknown_probe:5872_cam1_52,adaface-4df25b75e065b0b9ed43,pq,pq_512_m16_b8,pq_one_sided_cosine,0.3,False,frozen_origin,-0.0223031640052795,True,False,False,True,True,0.4802305177359772,True,stable,7,8972,8
gradcam-dda38d0ab23059aee398,population-2a9bc5280db4a65672a1bbcb,survface,survface:unknown_unknown_probe:5751_cam2_41,adaface-4df25b75e065b0b9ed43,pq,pq_512_m16_b8,pq_one_sided_cosine,0.3,False,frozen_origin,-0.066177487373352,True,False,False,True,True,0.4810560368089642,True,stable,8,8972,8
gradcam-4da9653311dd924f001d,population-2a9bc5280db4a65672a1bbcb,survface,survface:registered_probe:5244_23,adaface-4df25b75e065b0b9ed43,pq,pq_512_m16_b8,pq_one_sided_cosine,0.3,True,frozen_origin,-0.367929995059967,True,True,False,True,True,1.0877319954464957,True,threshold_crossing,1,8972,8
gradcam-d5a520c695b03093eb23,population-2a9bc5280db4a65672a1bbcb,survface,survface:registered_probe:5227_19,adaface-4df25b75e065b0b9ed43,pq,pq_512_m16_b8,pq_one_sided_cosine,0.3,True,frozen_origin,-0.3489876985549927,True,True,False,True,True,1.0815637780848533,True,threshold_crossing,2,8972,8
gradcam-a8994cb986ab006e0ddd,population-2a9bc5280db4a65672a1bbcb,survface,survface:unknown_unknown_probe:distractors_3013,adaface-4df25b75e065b0b9ed43,pq,pq_512_m16_b8,pq_one_sided_cosine,0.3,False,frozen_origin,-0.3140650391578674,True,True,False,True,True,1.052524684956102,True,threshold_crossing,3,8972,8
gradcam-2c3246036a2da76eae29,population-2a9bc5280db4a65672a1bbcb,survface,survface:registered_probe:5241_25,adaface-4df25b75e065b0b9ed43,pq,pq_512_m16_b8,pq_one_sided_cosine,0.3,True,frozen_origin,-0.3307740092277527,True,True,False,True,True,1.0388057784886016,True,threshold_crossing,4,8972,8
gradcam-615cf915b66f2c359d45,population-2a9bc5280db4a65672a1bbcb,survface,survface:registered_probe:8739_cam1_97,adaface-4df25b75e065b0b9ed43,pq,pq_512_m16_b8,pq_one_sided_cosine,0.3,True,frozen_origin,-0.3201383352279663,True,True,False,True,True,1.037452840199668,True,threshold_crossing,5,8972,8
gradcam-c059c20d0e246340c336,population-2a9bc5280db4a65672a1bbcb,survface,survface:registered_probe:5241_26,adaface-4df25b75e065b0b9ed43,pq,pq_512_m16_b8,pq_one_sided_cosine,0.3,True,frozen_origin,-0.3529073297977447,True,True,False,True,True,1.0325833770329975,True,threshold_crossing,6,8972,8
gradcam-1b3e62e38fb290ca12e7,population-2a9bc5280db4a65672a1bbcb,survface,survface:unknown_unknown_probe:4821_cam2_5,adaface-4df25b75e065b0b9ed43,pq,pq_512_m16_b8,pq_one_sided_cosine,0.3,False,frozen_origin,-0.3728267848491668,True,True,False,True,True,1.0256166520869707,True,threshold_crossing,7,8972,8
gradcam-bcbe0d81531ff8120153,population-2a9bc5280db4a65672a1bbcb,survface,survface:registered_probe:5227_16,adaface-4df25b75e065b0b9ed43,pq,pq_512_m16_b8,pq_one_sided_cosine,0.3,True,frozen_origin,-0.3484350144863128,True,True,False,True,True,1.0200666853908886,True,threshold_crossing,8,8972,8
gradcam-2db28028ea60078e9bf4,population-2a9bc5280db4a65672a1bbcb,survface,survface:registered_probe:5244_22,adaface-4df25b75e065b0b9ed43,pq,pq_512_m16_b8,pq_reconstruction_cosine,0.01,True,frozen_origin,-0.0475605726242065,True,False,False,True,True,1.1756799727062537,True,high_error,1,8972,8
gradcam-0301d1bfc6092fe12a31,population-2a9bc5280db4a65672a1bbcb,survface,survface:registered_probe:2396_cam2_1,adaface-4df25b75e065b0b9ed43,pq,pq_512_m16_b8,pq_reconstruction_cosine,0.01,True,frozen_origin,0.0297902226448059,True,False,False,True,True,1.17528883793451,True,high_error,2,8972,8
gradcam-bd2d58a963cb26928a5c,population-2a9bc5280db4a65672a1bbcb,survface,survface:registered_probe:5244_28,adaface-4df25b75e065b0b9ed43,pq,pq_512_m16_b8,pq_reconstruction_cosine,0.01,True,frozen_origin,-0.1445478796958923,True,False,False,True,True,1.1714013205676317,True,high_error,3,8972,8
gradcam-d881de6c8f9e9517c11c,population-2a9bc5280db4a65672a1bbcb,survface,survface:registered_probe:5293_25,adaface-4df25b75e065b0b9ed43,pq,pq_512_m16_b8,pq_reconstruction_cosine,0.01,True,frozen_origin,-0.1593407690525055,True,False,False,True,True,1.1622764643801429,True,high_error,4,8972,8
gradcam-22b51c2f4ea65a62d1d6,population-2a9bc5280db4a65672a1bbcb,survface,survface:registered_probe:430_cam3_1,adaface-4df25b75e065b0b9ed43,pq,pq_512_m16_b8,pq_reconstruction_cosine,0.01,True,frozen_origin,0.0700543522834777,True,False,False,True,True,1.1612615461783973,True,high_error,5,8972,8
gradcam-3cae69e550b48c978b1d,population-2a9bc5280db4a65672a1bbcb,survface,survface:registered_probe:8425_cam2_8,adaface-4df25b75e065b0b9ed43,pq,pq_512_m16_b8,pq_reconstruction_cosine,0.01,True,frozen_origin,0.165557324886322,True,False,False,True,True,1.1571845634192774,True,high_error,6,8972,8
gradcam-b7bd6e6c6035d33b166f,population-2a9bc5280db4a65672a1bbcb,survface,survface:registered_probe:8628_cam1_71,adaface-4df25b75e065b0b9ed43,pq,pq_512_m16_b8,pq_reconstruction_cosine,0.01,True,frozen_origin,0.2404825687408447,True,False,False,True,True,1.1477289117679452,True,high_error,7,8972,8
gradcam-0796d388958c0c1b466e,population-2a9bc5280db4a65672a1bbcb,survface,survface:unknown_unknown_probe:distractors_2063,adaface-4df25b75e065b0b9ed43,pq,pq_512_m16_b8,pq_reconstruction_cosine,0.01,False,frozen_origin,0.0986347198486328,True,False,False,True,True,1.1457862269183454,True,high_error,8,8972,8
gradcam-cccc98ba58b29753a108,population-2a9bc5280db4a65672a1bbcb,survface,survface:registered_probe:2973_cam3_1,adaface-4df25b75e065b0b9ed43,pq,pq_512_m16_b8,pq_reconstruction_cosine,0.01,True,frozen_origin,0.1034358441829681,False,False,False,True,True,1.2329411612773502,True,rank_flip,1,8972,8
gradcam-6cc54f07cee9708988ed,population-2a9bc5280db4a65672a1bbcb,survface,survface:unknown_unknown_probe:4245_cam2_1,adaface-4df25b75e065b0b9ed43,pq,pq_512_m16_b8,pq_reconstruction_cosine,0.01,False,frozen_origin,0.1751351356506347,False,False,False,True,True,1.215908794410059,True,rank_flip,2,8972,8
gradcam-82525bd2f5d48a0e9518,population-2a9bc5280db4a65672a1bbcb,survface,survface:registered_probe:2742_cam2_1,adaface-4df25b75e065b0b9ed43,pq,pq_512_m16_b8,pq_reconstruction_cosine,0.01,True,frozen_origin,-0.0323531925678253,False,False,False,True,True,1.2153419644355352,True,rank_flip,3,8972,8
gradcam-57b15c3436bd2a08003d,population-2a9bc5280db4a65672a1bbcb,survface,survface:unknown_unknown_probe:2721_cam1_1,adaface-4df25b75e065b0b9ed43,pq,pq_512_m16_b8,pq_reconstruction_cosine,0.01,False,frozen_origin,0.133291482925415,False,False,False,True,True,1.2138198704101764,True,rank_flip,4,8972,8
gradcam-77ac0cffffe39ed3e3db,population-2a9bc5280db4a65672a1bbcb,survface,survface:unknown_unknown_probe:10003_cam3_32,adaface-4df25b75e065b0b9ed43,pq,pq_512_m16_b8,pq_reconstruction_cosine,0.01,False,frozen_origin,0.0748742520809173,False,False,False,True,True,1.1977545086713377,True,rank_flip,5,8972,8
gradcam-6af10e7fd8171e03cffe,population-2a9bc5280db4a65672a1bbcb,survface,survface:registered_probe:595_cam1_1,adaface-4df25b75e065b0b9ed43,pq,pq_512_m16_b8,pq_reconstruction_cosine,0.01,True,frozen_origin,0.1153856515884399,False,False,False,True,True,1.1965894713650105,True,rank_flip,6,8972,8
gradcam-3502b123d4ca4796a1f6,population-2a9bc5280db4a65672a1bbcb,survface,survface:registered_probe:9740_cam2_62,adaface-4df25b75e065b0b9ed43,pq,pq_512_m16_b8,pq_reconstruction_cosine,0.01,True,frozen_origin,0.1507687270641327,False,False,False,True,True,1.1918210943058876,True,rank_flip,7,8972,8
gradcam-c7b065cb07d640934f61,population-2a9bc5280db4a65672a1bbcb,survface,survface:unknown_unknown_probe:distractors_231,adaface-4df25b75e065b0b9ed43,pq,pq_512_m16_b8,pq_reconstruction_cosine,0.01,False,frozen_origin,0.2332019805908203,False,False,False,True,True,1.184566961134383,True,rank_flip,8,8972,8
gradcam-1f8692d27b8a04f1b88a,population-2a9bc5280db4a65672a1bbcb,survface,survface:registered_probe:5821_cam1_108,adaface-4df25b75e065b0b9ed43,pq,pq_512_m16_b8,pq_reconstruction_cosine,0.01,True,frozen_origin,-0.0108538269996643,True,False,False,True,True,0.4710546617171296,True,stable,1,8972,8
gradcam-cc3bd61ea4bc1957233c,population-2a9bc5280db4a65672a1bbcb,survface,survface:registered_probe:5647_cam1_47,adaface-4df25b75e065b0b9ed43,pq,pq_512_m16_b8,pq_reconstruction_cosine,0.01,True,frozen_origin,0.0147499442100524,True,False,False,True,True,0.4735989117326378,True,stable,2,8972,8
gradcam-e086ccbd003f8a61f162,population-2a9bc5280db4a65672a1bbcb,survface,survface:registered_probe:10205_cam1_7,adaface-4df25b75e065b0b9ed43,pq,pq_512_m16_b8,pq_reconstruction_cosine,0.01,True,frozen_origin,0.0309379696846008,True,False,False,True,True,0.4749364729584152,True,stable,3,8972,8
gradcam-f06824a274120a1c033c,population-2a9bc5280db4a65672a1bbcb,survface,survface:unknown_unknown_probe:5872_cam1_51,adaface-4df25b75e065b0b9ed43,pq,pq_512_m16_b8,pq_reconstruction_cosine,0.01,False,frozen_origin,0.0081965327262878,True,False,False,True,True,0.4760649226154516,True,stable,4,8972,8
gradcam-d0185ffa038406dfada6,population-2a9bc5280db4a65672a1bbcb,survface,survface:registered_probe:5852_cam2_3,adaface-4df25b75e065b0b9ed43,pq,pq_512_m16_b8,pq_reconstruction_cosine,0.01,True,frozen_origin,0.0318939089775085,True,False,False,True,True,0.4778446994473212,True,stable,5,8972,8
gradcam-544493388015116796d9,population-2a9bc5280db4a65672a1bbcb,survface,survface:unknown_unknown_probe:5762_cam1_128,adaface-4df25b75e065b0b9ed43,pq,pq_512_m16_b8,pq_reconstruction_cosine,0.01,False,frozen_origin,0.000145673751831,True,False,False,True,True,0.4798282333017021,True,stable,6,8972,8
gradcam-57d3d1a3c6ff24eb3dc2,population-2a9bc5280db4a65672a1bbcb,survface,survface:unknown_unknown_probe:5795_cam2_23,adaface-4df25b75e065b0b9ed43,pq,pq_512_m16_b8,pq_reconstruction_cosine,0.01,False,frozen_origin,0.0683845877647399,True,False,False,True,True,0.4822498773649721,True,stable,7,8972,8
gradcam-7dede7bea27c3da0c3ba,population-2a9bc5280db4a65672a1bbcb,survface,survface:registered_probe:5678_cam1_106,adaface-4df25b75e065b0b9ed43,pq,pq_512_m16_b8,pq_reconstruction_cosine,0.01,True,frozen_origin,0.0063103437423706,True,False,False,True,True,0.4822629095574932,True,stable,8,8972,8
gradcam-0d3569fc3e85bbc48bf1,population-2a9bc5280db4a65672a1bbcb,survface,survface:unknown_unknown_probe:4821_cam2_5,adaface-4df25b75e065b0b9ed43,pq,pq_512_m16_b8,pq_reconstruction_cosine,0.01,False,frozen_origin,-0.1721529960632324,True,True,False,True,True,1.0256166520869707,True,threshold_crossing,1,8972,8
gradcam-fca197954a5f7f1183c2,population-2a9bc5280db4a65672a1bbcb,survface,survface:registered_probe:2123_cam1_1,adaface-4df25b75e065b0b9ed43,pq,pq_512_m16_b8,pq_reconstruction_cosine,0.01,True,frozen_origin,-0.2188317775726318,True,True,False,True,True,0.941013710739823,True,threshold_crossing,2,8972,8
gradcam-571878c740fa8f3d8e55,population-2a9bc5280db4a65672a1bbcb,survface,survface:unknown_unknown_probe:distractors_3719,adaface-4df25b75e065b0b9ed43,pq,pq_512_m16_b8,pq_reconstruction_cosine,0.01,False,frozen_origin,0.3060433864593506,True,True,False,True,True,0.9018982827788156,True,threshold_crossing,3,8972,8
gradcam-55a32e945282167a0eb6,population-2a9bc5280db4a65672a1bbcb,survface,survface:unknown_unknown_probe:distractors_4002,adaface-4df25b75e065b0b9ed43,pq,pq_512_m16_b8,pq_reconstruction_cosine,0.01,False,frozen_origin,0.1380741000175476,False,True,False,True,True,0.8914562480121517,True,threshold_crossing,4,8972,8
gradcam-e428f069d19a253e78fe,population-2a9bc5280db4a65672a1bbcb,survface,survface:unknown_unknown_probe:9755_cam3_8,adaface-4df25b75e065b0b9ed43,pq,pq_512_m16_b8,pq_reconstruction_cosine,0.01,False,frozen_origin,0.2742358446121216,False,True,False,True,True,0.8889057357273105,True,threshold_crossing,5,8972,8
gradcam-5c701173771ea4fcb219,population-2a9bc5280db4a65672a1bbcb,survface,survface:unknown_unknown_probe:10595_cam4_4,adaface-4df25b75e065b0b9ed43,pq,pq_512_m16_b8,pq_reconstruction_cosine,0.01,False,frozen_origin,0.3325061202049255,False,True,False,True,True,0.8881196264700996,True,threshold_crossing,6,8972,8
gradcam-e8a0bcba7156c4ea6871,population-2a9bc5280db4a65672a1bbcb,survface,survface:unknown_unknown_probe:9512_cam4_22,adaface-4df25b75e065b0b9ed43,pq,pq_512_m16_b8,pq_reconstruction_cosine,0.01,False,frozen_origin,0.1743983626365661,True,True,False,True,True,0.8825743044016593,True,threshold_crossing,7,8972,8
gradcam-9f1decca89c8e0991ed7,population-2a9bc5280db4a65672a1bbcb,survface,survface:registered_probe:5106_cam1_1,adaface-4df25b75e065b0b9ed43,pq,pq_512_m16_b8,pq_reconstruction_cosine,0.01,True,frozen_origin,0.2051769495010376,False,True,False,True,True,0.8784266404521287,True,threshold_crossing,8,8972,8
gradcam-4f4d8cffaaebe2ce64ef,population-2a9bc5280db4a65672a1bbcb,survface,survface:registered_probe:5244_22,adaface-4df25b75e065b0b9ed43,pq,pq_512_m16_b8,pq_reconstruction_cosine,0.05,True,frozen_origin,-0.0475605726242065,True,False,False,True,True,1.1756799727062537,True,high_error,1,8972,8
gradcam-baf75015099cc40f54f1,population-2a9bc5280db4a65672a1bbcb,survface,survface:registered_probe:2396_cam2_1,adaface-4df25b75e065b0b9ed43,pq,pq_512_m16_b8,pq_reconstruction_cosine,0.05,True,frozen_origin,0.0297902226448059,True,False,False,True,True,1.17528883793451,True,high_error,2,8972,8
gradcam-c49af4a2ad11554a6ede,population-2a9bc5280db4a65672a1bbcb,survface,survface:registered_probe:5244_28,adaface-4df25b75e065b0b9ed43,pq,pq_512_m16_b8,pq_reconstruction_cosine,0.05,True,frozen_origin,-0.1445478796958923,True,False,False,True,True,1.1714013205676317,True,high_error,3,8972,8
gradcam-3973599b7c1254648dbd,population-2a9bc5280db4a65672a1bbcb,survface,survface:registered_probe:5293_25,adaface-4df25b75e065b0b9ed43,pq,pq_512_m16_b8,pq_reconstruction_cosine,0.05,True,frozen_origin,-0.1593407690525055,True,False,False,True,True,1.1622764643801429,True,high_error,4,8972,8
gradcam-79391dc4f055e60e0246,population-2a9bc5280db4a65672a1bbcb,survface,survface:registered_probe:430_cam3_1,adaface-4df25b75e065b0b9ed43,pq,pq_512_m16_b8,pq_reconstruction_cosine,0.05,True,frozen_origin,0.0700543522834777,True,False,False,True,True,1.1612615461783973,True,high_error,5,8972,8
gradcam-dfb2c16dcecf713b84e8,population-2a9bc5280db4a65672a1bbcb,survface,survface:registered_probe:8425_cam2_8,adaface-4df25b75e065b0b9ed43,pq,pq_512_m16_b8,pq_reconstruction_cosine,0.05,True,frozen_origin,0.165557324886322,True,False,False,True,True,1.1571845634192774,True,high_error,6,8972,8
gradcam-f75e69c746a62626be70,population-2a9bc5280db4a65672a1bbcb,survface,survface:registered_probe:8628_cam1_71,adaface-4df25b75e065b0b9ed43,pq,pq_512_m16_b8,pq_reconstruction_cosine,0.05,True,frozen_origin,0.2404825687408447,True,False,False,True,True,1.1477289117679452,True,high_error,7,8972,8
gradcam-74eb492f1e1489d0e7f4,population-2a9bc5280db4a65672a1bbcb,survface,survface:unknown_unknown_probe:distractors_2063,adaface-4df25b75e065b0b9ed43,pq,pq_512_m16_b8,pq_reconstruction_cosine,0.05,False,frozen_origin,0.0986347198486328,True,False,False,True,True,1.1457862269183454,True,high_error,8,8972,8
gradcam-9098dd4fb3770acad1b0,population-2a9bc5280db4a65672a1bbcb,survface,survface:registered_probe:2973_cam3_1,adaface-4df25b75e065b0b9ed43,pq,pq_512_m16_b8,pq_reconstruction_cosine,0.05,True,frozen_origin,0.1034358441829681,False,False,False,True,True,1.2329411612773502,True,rank_flip,1,8972,8
gradcam-bfb00e46d3c2e6fdd962,population-2a9bc5280db4a65672a1bbcb,survface,survface:unknown_unknown_probe:4245_cam2_1,adaface-4df25b75e065b0b9ed43,pq,pq_512_m16_b8,pq_reconstruction_cosine,0.05,False,frozen_origin,0.1751351356506347,False,False,False,True,True,1.215908794410059,True,rank_flip,2,8972,8
gradcam-cf209abdf8ad45dcb80a,population-2a9bc5280db4a65672a1bbcb,survface,survface:registered_probe:2742_cam2_1,adaface-4df25b75e065b0b9ed43,pq,pq_512_m16_b8,pq_reconstruction_cosine,0.05,True,frozen_origin,-0.0323531925678253,False,False,False,True,True,1.2153419644355352,True,rank_flip,3,8972,8
gradcam-173b15905d14686d071d,population-2a9bc5280db4a65672a1bbcb,survface,survface:unknown_unknown_probe:2721_cam1_1,adaface-4df25b75e065b0b9ed43,pq,pq_512_m16_b8,pq_reconstruction_cosine,0.05,False,frozen_origin,0.133291482925415,False,False,False,True,True,1.2138198704101764,True,rank_flip,4,8972,8
gradcam-4f5abe68f7e18c957655,population-2a9bc5280db4a65672a1bbcb,survface,survface:unknown_unknown_probe:10003_cam3_32,adaface-4df25b75e065b0b9ed43,pq,pq_512_m16_b8,pq_reconstruction_cosine,0.05,False,frozen_origin,0.0748742520809173,False,False,False,True,True,1.1977545086713377,True,rank_flip,5,8972,8
gradcam-7eea410a9114eba16bbc,population-2a9bc5280db4a65672a1bbcb,survface,survface:registered_probe:595_cam1_1,adaface-4df25b75e065b0b9ed43,pq,pq_512_m16_b8,pq_reconstruction_cosine,0.05,True,frozen_origin,0.1153856515884399,False,False,False,True,True,1.1965894713650105,True,rank_flip,6,8972,8
gradcam-9638ac7d3aa07102e8a1,population-2a9bc5280db4a65672a1bbcb,survface,survface:registered_probe:9740_cam2_62,adaface-4df25b75e065b0b9ed43,pq,pq_512_m16_b8,pq_reconstruction_cosine,0.05,True,frozen_origin,0.1507687270641327,False,False,False,True,True,1.1918210943058876,True,rank_flip,7,8972,8
gradcam-08a7a96a49d2be117c80,population-2a9bc5280db4a65672a1bbcb,survface,survface:unknown_unknown_probe:distractors_231,adaface-4df25b75e065b0b9ed43,pq,pq_512_m16_b8,pq_reconstruction_cosine,0.05,False,frozen_origin,0.2332019805908203,False,False,False,True,True,1.184566961134383,True,rank_flip,8,8972,8
gradcam-12e5ee9f1b491e5107bd,population-2a9bc5280db4a65672a1bbcb,survface,survface:registered_probe:5821_cam1_108,adaface-4df25b75e065b0b9ed43,pq,pq_512_m16_b8,pq_reconstruction_cosine,0.05,True,frozen_origin,-0.0108538269996643,True,False,False,True,True,0.4710546617171296,True,stable,1,8972,8
gradcam-b079648453751deeec76,population-2a9bc5280db4a65672a1bbcb,survface,survface:registered_probe:5647_cam1_47,adaface-4df25b75e065b0b9ed43,pq,pq_512_m16_b8,pq_reconstruction_cosine,0.05,True,frozen_origin,0.0147499442100524,True,False,False,True,True,0.4735989117326378,True,stable,2,8972,8
gradcam-bdb94ec19d45fc3a13a1,population-2a9bc5280db4a65672a1bbcb,survface,survface:registered_probe:10205_cam1_7,adaface-4df25b75e065b0b9ed43,pq,pq_512_m16_b8,pq_reconstruction_cosine,0.05,True,frozen_origin,0.0309379696846008,True,False,False,True,True,0.4749364729584152,True,stable,3,8972,8
gradcam-4a8dbc98639ec62fa022,population-2a9bc5280db4a65672a1bbcb,survface,survface:unknown_unknown_probe:5872_cam1_51,adaface-4df25b75e065b0b9ed43,pq,pq_512_m16_b8,pq_reconstruction_cosine,0.05,False,frozen_origin,0.0081965327262878,True,False,False,True,True,0.4760649226154516,True,stable,4,8972,8
gradcam-a02bbe60972c9ee0112e,population-2a9bc5280db4a65672a1bbcb,survface,survface:unknown_unknown_probe:10216_cam2_15,adaface-4df25b75e065b0b9ed43,pq,pq_512_m16_b8,pq_reconstruction_cosine,0.05,False,frozen_origin,0.1314447522163391,True,False,False,True,True,0.4770114362530199,True,stable,5,8972,8
gradcam-75e478e88aea3478c82f,population-2a9bc5280db4a65672a1bbcb,survface,survface:registered_probe:5852_cam2_3,adaface-4df25b75e065b0b9ed43,pq,pq_512_m16_b8,pq_reconstruction_cosine,0.05,True,frozen_origin,0.0318939089775085,True,False,False,True,True,0.4778446994473212,True,stable,6,8972,8
gradcam-cfbc11fee45fbf49764a,population-2a9bc5280db4a65672a1bbcb,survface,survface:unknown_unknown_probe:5762_cam1_128,adaface-4df25b75e065b0b9ed43,pq,pq_512_m16_b8,pq_reconstruction_cosine,0.05,False,frozen_origin,0.000145673751831,True,False,False,True,True,0.4798282333017021,True,stable,7,8972,8
gradcam-cd5753e4ee62ba5dbd25,population-2a9bc5280db4a65672a1bbcb,survface,survface:unknown_unknown_probe:5795_cam2_23,adaface-4df25b75e065b0b9ed43,pq,pq_512_m16_b8,pq_reconstruction_cosine,0.05,False,frozen_origin,0.0683845877647399,True,False,False,True,True,0.4822498773649721,True,stable,8,8972,8
gradcam-bf423334c3074ae7b70d,population-2a9bc5280db4a65672a1bbcb,survface,survface:unknown_unknown_probe:4821_cam2_5,adaface-4df25b75e065b0b9ed43,pq,pq_512_m16_b8,pq_reconstruction_cosine,0.05,False,frozen_origin,-0.1721529960632324,True,True,False,True,True,1.0256166520869707,True,threshold_crossing,1,8972,8
gradcam-00575b13ddf54be0bef4,population-2a9bc5280db4a65672a1bbcb,survface,survface:registered_probe:5227_16,adaface-4df25b75e065b0b9ed43,pq,pq_512_m16_b8,pq_reconstruction_cosine,0.05,True,frozen_origin,-0.1818772554397583,True,True,False,True,True,1.0200666853908886,True,threshold_crossing,2,8972,8
gradcam-dcdd70f97e5d0eaae63b,population-2a9bc5280db4a65672a1bbcb,survface,survface:registered_probe:4502_cam2_5,adaface-4df25b75e065b0b9ed43,pq,pq_512_m16_b8,pq_reconstruction_cosine,0.05,True,frozen_origin,0.146425724029541,True,True,False,True,True,0.9768321866340244,True,threshold_crossing,3,8972,8
gradcam-1d74a6ff55ae7be7eac3,population-2a9bc5280db4a65672a1bbcb,survface,survface:registered_probe:5061_cam2_4,adaface-4df25b75e065b0b9ed43,pq,pq_512_m16_b8,pq_reconstruction_cosine,0.05,True,frozen_origin,-0.0736791491508483,True,True,False,True,True,0.9545573794783968,True,threshold_crossing,4,8972,8
gradcam-c87035e4471f707b5b3d,population-2a9bc5280db4a65672a1bbcb,survface,survface:unknown_unknown_probe:distractors_99,adaface-4df25b75e065b0b9ed43,pq,pq_512_m16_b8,pq_reconstruction_cosine,0.05,False,frozen_origin,0.1832083463668823,True,True,False,True,True,0.9464429940444103,True,threshold_crossing,5,8972,8
gradcam-8ce62bb182ab9018f5a9,population-2a9bc5280db4a65672a1bbcb,survface,survface:unknown_unknown_probe:distractors_642,adaface-4df25b75e065b0b9ed43,pq,pq_512_m16_b8,pq_reconstruction_cosine,0.05,False,frozen_origin,0.1496874094009399,False,True,False,True,True,0.9461325911587762,True,threshold_crossing,6,8972,8
gradcam-bfab32f64a9f2310d461,population-2a9bc5280db4a65672a1bbcb,survface,survface:registered_probe:2123_cam1_1,adaface-4df25b75e065b0b9ed43,pq,pq_512_m16_b8,pq_reconstruction_cosine,0.05,True,frozen_origin,-0.2188317775726318,True,True,False,True,True,0.941013710739823,True,threshold_crossing,7,8972,8
gradcam-485ac9aab737330f284d,population-2a9bc5280db4a65672a1bbcb,survface,survface:unknown_unknown_probe:9807_cam3_9,adaface-4df25b75e065b0b9ed43,pq,pq_512_m16_b8,pq_reconstruction_cosine,0.05,False,frozen_origin,0.2837879657745361,False,True,False,True,True,0.9229674728345444,True,threshold_crossing,8,8972,8
gradcam-f3b3d61e174fec04752c,population-2a9bc5280db4a65672a1bbcb,survface,survface:registered_probe:5244_22,adaface-4df25b75e065b0b9ed43,pq,pq_512_m16_b8,pq_reconstruction_cosine,0.1,True,frozen_origin,-0.0475605726242065,True,False,False,True,True,1.1756799727062537,True,high_error,1,8972,8
gradcam-c90e59ccd97c950fdea1,population-2a9bc5280db4a65672a1bbcb,survface,survface:registered_probe:2396_cam2_1,adaface-4df25b75e065b0b9ed43,pq,pq_512_m16_b8,pq_reconstruction_cosine,0.1,True,frozen_origin,0.0297902226448059,True,False,False,True,True,1.17528883793451,True,high_error,2,8972,8
gradcam-76fe93c5d41d23d1f035,population-2a9bc5280db4a65672a1bbcb,survface,survface:registered_probe:5244_28,adaface-4df25b75e065b0b9ed43,pq,pq_512_m16_b8,pq_reconstruction_cosine,0.1,True,frozen_origin,-0.1445478796958923,True,False,False,True,True,1.1714013205676317,True,high_error,3,8972,8
gradcam-932d14945c1121ba4aad,population-2a9bc5280db4a65672a1bbcb,survface,survface:registered_probe:5293_25,adaface-4df25b75e065b0b9ed43,pq,pq_512_m16_b8,pq_reconstruction_cosine,0.1,True,frozen_origin,-0.1593407690525055,True,False,False,True,True,1.1622764643801429,True,high_error,4,8972,8
gradcam-1f09af6101232e958c69,population-2a9bc5280db4a65672a1bbcb,survface,survface:registered_probe:430_cam3_1,adaface-4df25b75e065b0b9ed43,pq,pq_512_m16_b8,pq_reconstruction_cosine,0.1,True,frozen_origin,0.0700543522834777,True,False,False,True,True,1.1612615461783973,True,high_error,5,8972,8
gradcam-09a4da5b6046953e13e9,population-2a9bc5280db4a65672a1bbcb,survface,survface:registered_probe:8425_cam2_8,adaface-4df25b75e065b0b9ed43,pq,pq_512_m16_b8,pq_reconstruction_cosine,0.1,True,frozen_origin,0.165557324886322,True,False,False,True,True,1.1571845634192774,True,high_error,6,8972,8
gradcam-8161badd69d5f302e2de,population-2a9bc5280db4a65672a1bbcb,survface,survface:registered_probe:8628_cam1_71,adaface-4df25b75e065b0b9ed43,pq,pq_512_m16_b8,pq_reconstruction_cosine,0.1,True,frozen_origin,0.2404825687408447,True,False,False,True,True,1.1477289117679452,True,high_error,7,8972,8
gradcam-1b9531d5f91c4f688be2,population-2a9bc5280db4a65672a1bbcb,survface,survface:unknown_unknown_probe:distractors_2063,adaface-4df25b75e065b0b9ed43,pq,pq_512_m16_b8,pq_reconstruction_cosine,0.1,False,frozen_origin,0.0986347198486328,True,False,False,True,True,1.1457862269183454,True,high_error,8,8972,8
gradcam-523684f9f66cf06a9143,population-2a9bc5280db4a65672a1bbcb,survface,survface:registered_probe:2973_cam3_1,adaface-4df25b75e065b0b9ed43,pq,pq_512_m16_b8,pq_reconstruction_cosine,0.1,True,frozen_origin,0.1034358441829681,False,False,False,True,True,1.2329411612773502,True,rank_flip,1,8972,8
gradcam-2cbf973b6e06f52cdd49,population-2a9bc5280db4a65672a1bbcb,survface,survface:unknown_unknown_probe:4245_cam2_1,adaface-4df25b75e065b0b9ed43,pq,pq_512_m16_b8,pq_reconstruction_cosine,0.1,False,frozen_origin,0.1751351356506347,False,False,False,True,True,1.215908794410059,True,rank_flip,2,8972,8
gradcam-4762f430633108377d32,population-2a9bc5280db4a65672a1bbcb,survface,survface:registered_probe:2742_cam2_1,adaface-4df25b75e065b0b9ed43,pq,pq_512_m16_b8,pq_reconstruction_cosine,0.1,True,frozen_origin,-0.0323531925678253,False,False,False,True,True,1.2153419644355352,True,rank_flip,3,8972,8
gradcam-d5a620ee825f1f3ee7f9,population-2a9bc5280db4a65672a1bbcb,survface,survface:unknown_unknown_probe:2721_cam1_1,adaface-4df25b75e065b0b9ed43,pq,pq_512_m16_b8,pq_reconstruction_cosine,0.1,False,frozen_origin,0.133291482925415,False,False,False,True,True,1.2138198704101764,True,rank_flip,4,8972,8
gradcam-0a9a046d27d7055f831c,population-2a9bc5280db4a65672a1bbcb,survface,survface:unknown_unknown_probe:10003_cam3_32,adaface-4df25b75e065b0b9ed43,pq,pq_512_m16_b8,pq_reconstruction_cosine,0.1,False,frozen_origin,0.0748742520809173,False,False,False,True,True,1.1977545086713377,True,rank_flip,5,8972,8
gradcam-0ef0237f1941a3d6d8e2,population-2a9bc5280db4a65672a1bbcb,survface,survface:registered_probe:595_cam1_1,adaface-4df25b75e065b0b9ed43,pq,pq_512_m16_b8,pq_reconstruction_cosine,0.1,True,frozen_origin,0.1153856515884399,False,False,False,True,True,1.1965894713650105,True,rank_flip,6,8972,8
gradcam-4f5bb646d00abe9e33c9,population-2a9bc5280db4a65672a1bbcb,survface,survface:registered_probe:9740_cam2_62,adaface-4df25b75e065b0b9ed43,pq,pq_512_m16_b8,pq_reconstruction_cosine,0.1,True,frozen_origin,0.1507687270641327,False,False,False,True,True,1.1918210943058876,True,rank_flip,7,8972,8
gradcam-c4a604a4e6da1e39f239,population-2a9bc5280db4a65672a1bbcb,survface,survface:unknown_unknown_probe:distractors_231,adaface-4df25b75e065b0b9ed43,pq,pq_512_m16_b8,pq_reconstruction_cosine,0.1,False,frozen_origin,0.2332019805908203,False,False,False,True,True,1.184566961134383,True,rank_flip,8,8972,8
gradcam-72e183345339aa2db51f,population-2a9bc5280db4a65672a1bbcb,survface,survface:registered_probe:5821_cam1_108,adaface-4df25b75e065b0b9ed43,pq,pq_512_m16_b8,pq_reconstruction_cosine,0.1,True,frozen_origin,-0.0108538269996643,True,False,False,True,True,0.4710546617171296,True,stable,1,8972,8
gradcam-d400301a0cf5b49d9711,population-2a9bc5280db4a65672a1bbcb,survface,survface:registered_probe:5647_cam1_47,adaface-4df25b75e065b0b9ed43,pq,pq_512_m16_b8,pq_reconstruction_cosine,0.1,True,frozen_origin,0.0147499442100524,True,False,False,True,True,0.4735989117326378,True,stable,2,8972,8
gradcam-ac031a8ebf7f07956198,population-2a9bc5280db4a65672a1bbcb,survface,survface:registered_probe:10205_cam1_7,adaface-4df25b75e065b0b9ed43,pq,pq_512_m16_b8,pq_reconstruction_cosine,0.1,True,frozen_origin,0.0309379696846008,True,False,False,True,True,0.4749364729584152,True,stable,3,8972,8
gradcam-583408001b9846ce5167,population-2a9bc5280db4a65672a1bbcb,survface,survface:unknown_unknown_probe:5872_cam1_51,adaface-4df25b75e065b0b9ed43,pq,pq_512_m16_b8,pq_reconstruction_cosine,0.1,False,frozen_origin,0.0081965327262878,True,False,False,True,True,0.4760649226154516,True,stable,4,8972,8
gradcam-948e09c927a4c10d388f,population-2a9bc5280db4a65672a1bbcb,survface,survface:unknown_unknown_probe:10216_cam2_15,adaface-4df25b75e065b0b9ed43,pq,pq_512_m16_b8,pq_reconstruction_cosine,0.1,False,frozen_origin,0.1314447522163391,True,False,False,True,True,0.4770114362530199,True,stable,5,8972,8
gradcam-04c4d85800edaddd5d59,population-2a9bc5280db4a65672a1bbcb,survface,survface:registered_probe:5852_cam2_3,adaface-4df25b75e065b0b9ed43,pq,pq_512_m16_b8,pq_reconstruction_cosine,0.1,True,frozen_origin,0.0318939089775085,True,False,False,True,True,0.4778446994473212,True,stable,6,8972,8
gradcam-ff519c43190a858676e4,population-2a9bc5280db4a65672a1bbcb,survface,survface:unknown_unknown_probe:5762_cam1_128,adaface-4df25b75e065b0b9ed43,pq,pq_512_m16_b8,pq_reconstruction_cosine,0.1,False,frozen_origin,0.000145673751831,True,False,False,True,True,0.4798282333017021,True,stable,7,8972,8
gradcam-86e603f7bd8026ac31ec,population-2a9bc5280db4a65672a1bbcb,survface,survface:unknown_unknown_probe:5795_cam2_23,adaface-4df25b75e065b0b9ed43,pq,pq_512_m16_b8,pq_reconstruction_cosine,0.1,False,frozen_origin,0.0683845877647399,True,False,False,True,True,0.4822498773649721,True,stable,8,8972,8
gradcam-93dcb864921c4ea9447f,population-2a9bc5280db4a65672a1bbcb,survface,survface:unknown_unknown_probe:4821_cam2_5,adaface-4df25b75e065b0b9ed43,pq,pq_512_m16_b8,pq_reconstruction_cosine,0.1,False,frozen_origin,-0.1721529960632324,True,True,False,True,True,1.0256166520869707,True,threshold_crossing,1,8972,8
gradcam-5d4b0b5bdc8acaff77f9,population-2a9bc5280db4a65672a1bbcb,survface,survface:registered_probe:5227_16,adaface-4df25b75e065b0b9ed43,pq,pq_512_m16_b8,pq_reconstruction_cosine,0.1,True,frozen_origin,-0.1818772554397583,True,True,False,True,True,1.0200666853908886,True,threshold_crossing,2,8972,8
gradcam-eee03f547c9568458a05,population-2a9bc5280db4a65672a1bbcb,survface,survface:unknown_unknown_probe:9477_cam3_50,adaface-4df25b75e065b0b9ed43,pq,pq_512_m16_b8,pq_reconstruction_cosine,0.1,False,frozen_origin,0.2906125783920288,True,True,False,True,True,1.0037407866795327,True,threshold_crossing,3,8972,8
gradcam-1185c18b6dcd53f85034,population-2a9bc5280db4a65672a1bbcb,survface,survface:registered_probe:5225_16,adaface-4df25b75e065b0b9ed43,pq,pq_512_m16_b8,pq_reconstruction_cosine,0.1,True,frozen_origin,-0.0953518748283386,True,True,False,True,True,0.9959347090569944,True,threshold_crossing,4,8972,8
gradcam-2e52e8273e8809b04c5d,population-2a9bc5280db4a65672a1bbcb,survface,survface:unknown_unknown_probe:1346_cam1_1,adaface-4df25b75e065b0b9ed43,pq,pq_512_m16_b8,pq_reconstruction_cosine,0.1,False,frozen_origin,-0.1565529108047485,True,True,False,True,True,0.9932573757813182,True,threshold_crossing,5,8972,8
gradcam-edddea463f78e928820f,population-2a9bc5280db4a65672a1bbcb,survface,survface:registered_probe:4502_cam2_5,adaface-4df25b75e065b0b9ed43,pq,pq_512_m16_b8,pq_reconstruction_cosine,0.1,True,frozen_origin,0.146425724029541,True,True,False,True,True,0.9768321866340244,True,threshold_crossing,6,8972,8
gradcam-4f1fc8416cb5112d1e51,population-2a9bc5280db4a65672a1bbcb,survface,survface:registered_probe:5061_cam2_4,adaface-4df25b75e065b0b9ed43,pq,pq_512_m16_b8,pq_reconstruction_cosine,0.1,True,frozen_origin,-0.0736791491508483,True,True,False,True,True,0.9545573794783968,True,threshold_crossing,7,8972,8
gradcam-b8ba8f1cb3daba1a4307,population-2a9bc5280db4a65672a1bbcb,survface,survface:unknown_unknown_probe:distractors_99,adaface-4df25b75e065b0b9ed43,pq,pq_512_m16_b8,pq_reconstruction_cosine,0.1,False,frozen_origin,0.1832083463668823,True,True,False,True,True,0.9464429940444103,True,threshold_crossing,8,8972,8
gradcam-b212a2a661e2f06ddb67,population-2a9bc5280db4a65672a1bbcb,survface,survface:registered_probe:5244_22,adaface-4df25b75e065b0b9ed43,pq,pq_512_m16_b8,pq_reconstruction_cosine,0.2,True,frozen_origin,-0.0475605726242065,True,False,False,True,True,1.1756799727062537,True,high_error,1,8972,8
gradcam-fd768f494bcc52be6512,population-2a9bc5280db4a65672a1bbcb,survface,survface:registered_probe:2396_cam2_1,adaface-4df25b75e065b0b9ed43,pq,pq_512_m16_b8,pq_reconstruction_cosine,0.2,True,frozen_origin,0.0297902226448059,True,False,False,True,True,1.17528883793451,True,high_error,2,8972,8
gradcam-08d36556952d4d515690,population-2a9bc5280db4a65672a1bbcb,survface,survface:registered_probe:5244_28,adaface-4df25b75e065b0b9ed43,pq,pq_512_m16_b8,pq_reconstruction_cosine,0.2,True,frozen_origin,-0.1445478796958923,True,False,False,True,True,1.1714013205676317,True,high_error,3,8972,8
gradcam-ab4a64fb35b3b3039846,population-2a9bc5280db4a65672a1bbcb,survface,survface:registered_probe:5293_25,adaface-4df25b75e065b0b9ed43,pq,pq_512_m16_b8,pq_reconstruction_cosine,0.2,True,frozen_origin,-0.1593407690525055,True,False,False,True,True,1.1622764643801429,True,high_error,4,8972,8
gradcam-651d6a31e34230c5650e,population-2a9bc5280db4a65672a1bbcb,survface,survface:registered_probe:430_cam3_1,adaface-4df25b75e065b0b9ed43,pq,pq_512_m16_b8,pq_reconstruction_cosine,0.2,True,frozen_origin,0.0700543522834777,True,False,False,True,True,1.1612615461783973,True,high_error,5,8972,8
gradcam-d022d9acc42afe0cc383,population-2a9bc5280db4a65672a1bbcb,survface,survface:registered_probe:8425_cam2_8,adaface-4df25b75e065b0b9ed43,pq,pq_512_m16_b8,pq_reconstruction_cosine,0.2,True,frozen_origin,0.165557324886322,True,False,False,True,True,1.1571845634192774,True,high_error,6,8972,8
gradcam-d813ec345ba043a6dfad,population-2a9bc5280db4a65672a1bbcb,survface,survface:registered_probe:8628_cam1_71,adaface-4df25b75e065b0b9ed43,pq,pq_512_m16_b8,pq_reconstruction_cosine,0.2,True,frozen_origin,0.2404825687408447,True,False,False,True,True,1.1477289117679452,True,high_error,7,8972,8
gradcam-09838816bda049c4d8c0,population-2a9bc5280db4a65672a1bbcb,survface,survface:unknown_unknown_probe:distractors_2063,adaface-4df25b75e065b0b9ed43,pq,pq_512_m16_b8,pq_reconstruction_cosine,0.2,False,frozen_origin,0.0986347198486328,True,False,False,True,True,1.1457862269183454,True,high_error,8,8972,8
gradcam-64d6da07bfb1c3ed93ac,population-2a9bc5280db4a65672a1bbcb,survface,survface:registered_probe:2973_cam3_1,adaface-4df25b75e065b0b9ed43,pq,pq_512_m16_b8,pq_reconstruction_cosine,0.2,True,frozen_origin,0.1034358441829681,False,False,False,True,True,1.2329411612773502,True,rank_flip,1,8972,8
gradcam-a376b7792dcf8768e4b3,population-2a9bc5280db4a65672a1bbcb,survface,survface:unknown_unknown_probe:4245_cam2_1,adaface-4df25b75e065b0b9ed43,pq,pq_512_m16_b8,pq_reconstruction_cosine,0.2,False,frozen_origin,0.1751351356506347,False,False,False,True,True,1.215908794410059,True,rank_flip,2,8972,8
gradcam-f05ecaf8ac4ec52d2b91,population-2a9bc5280db4a65672a1bbcb,survface,survface:registered_probe:2742_cam2_1,adaface-4df25b75e065b0b9ed43,pq,pq_512_m16_b8,pq_reconstruction_cosine,0.2,True,frozen_origin,-0.0323531925678253,False,False,False,True,True,1.2153419644355352,True,rank_flip,3,8972,8
gradcam-37cdc1e41a95320fb3dc,population-2a9bc5280db4a65672a1bbcb,survface,survface:unknown_unknown_probe:2721_cam1_1,adaface-4df25b75e065b0b9ed43,pq,pq_512_m16_b8,pq_reconstruction_cosine,0.2,False,frozen_origin,0.133291482925415,False,False,False,True,True,1.2138198704101764,True,rank_flip,4,8972,8
gradcam-45eaf7d2c090fc0f6f17,population-2a9bc5280db4a65672a1bbcb,survface,survface:unknown_unknown_probe:10003_cam3_32,adaface-4df25b75e065b0b9ed43,pq,pq_512_m16_b8,pq_reconstruction_cosine,0.2,False,frozen_origin,0.0748742520809173,False,False,False,True,True,1.1977545086713377,True,rank_flip,5,8972,8
gradcam-add4491c49733d4f2caa,population-2a9bc5280db4a65672a1bbcb,survface,survface:registered_probe:595_cam1_1,adaface-4df25b75e065b0b9ed43,pq,pq_512_m16_b8,pq_reconstruction_cosine,0.2,True,frozen_origin,0.1153856515884399,False,False,False,True,True,1.1965894713650105,True,rank_flip,6,8972,8
gradcam-88ecd00657d5e92dc339,population-2a9bc5280db4a65672a1bbcb,survface,survface:registered_probe:9740_cam2_62,adaface-4df25b75e065b0b9ed43,pq,pq_512_m16_b8,pq_reconstruction_cosine,0.2,True,frozen_origin,0.1507687270641327,False,False,False,True,True,1.1918210943058876,True,rank_flip,7,8972,8
gradcam-b22095449b8ba878e61b,population-2a9bc5280db4a65672a1bbcb,survface,survface:unknown_unknown_probe:distractors_231,adaface-4df25b75e065b0b9ed43,pq,pq_512_m16_b8,pq_reconstruction_cosine,0.2,False,frozen_origin,0.2332019805908203,False,False,False,True,True,1.184566961134383,True,rank_flip,8,8972,8
gradcam-47f7307e302f613c1bd4,population-2a9bc5280db4a65672a1bbcb,survface,survface:registered_probe:5821_cam1_108,adaface-4df25b75e065b0b9ed43,pq,pq_512_m16_b8,pq_reconstruction_cosine,0.2,True,frozen_origin,-0.0108538269996643,True,False,False,True,True,0.4710546617171296,True,stable,1,8972,8
gradcam-322c23d2b6a09b292be1,population-2a9bc5280db4a65672a1bbcb,survface,survface:registered_probe:5647_cam1_47,adaface-4df25b75e065b0b9ed43,pq,pq_512_m16_b8,pq_reconstruction_cosine,0.2,True,frozen_origin,0.0147499442100524,True,False,False,True,True,0.4735989117326378,True,stable,2,8972,8
gradcam-11e43a4b3e89b455232f,population-2a9bc5280db4a65672a1bbcb,survface,survface:registered_probe:10205_cam1_7,adaface-4df25b75e065b0b9ed43,pq,pq_512_m16_b8,pq_reconstruction_cosine,0.2,True,frozen_origin,0.0309379696846008,True,False,False,True,True,0.4749364729584152,True,stable,3,8972,8
gradcam-75ea338200cf84849ad4,population-2a9bc5280db4a65672a1bbcb,survface,survface:unknown_unknown_probe:5872_cam1_51,adaface-4df25b75e065b0b9ed43,pq,pq_512_m16_b8,pq_reconstruction_cosine,0.2,False,frozen_origin,0.0081965327262878,True,False,False,True,True,0.4760649226154516,True,stable,4,8972,8
gradcam-8cc63105e21d66057ce6,population-2a9bc5280db4a65672a1bbcb,survface,survface:unknown_unknown_probe:10216_cam2_15,adaface-4df25b75e065b0b9ed43,pq,pq_512_m16_b8,pq_reconstruction_cosine,0.2,False,frozen_origin,0.1314447522163391,True,False,False,True,True,0.4770114362530199,True,stable,5,8972,8
gradcam-4b7e8b60e1a6b098ef6f,population-2a9bc5280db4a65672a1bbcb,survface,survface:registered_probe:5852_cam2_3,adaface-4df25b75e065b0b9ed43,pq,pq_512_m16_b8,pq_reconstruction_cosine,0.2,True,frozen_origin,0.0318939089775085,True,False,False,True,True,0.4778446994473212,True,stable,6,8972,8
gradcam-c92e3841b319d6ec9fce,population-2a9bc5280db4a65672a1bbcb,survface,survface:unknown_unknown_probe:5762_cam1_128,adaface-4df25b75e065b0b9ed43,pq,pq_512_m16_b8,pq_reconstruction_cosine,0.2,False,frozen_origin,0.000145673751831,True,False,False,True,True,0.4798282333017021,True,stable,7,8972,8
gradcam-2542d4107639131c9d29,population-2a9bc5280db4a65672a1bbcb,survface,survface:unknown_unknown_probe:5795_cam2_23,adaface-4df25b75e065b0b9ed43,pq,pq_512_m16_b8,pq_reconstruction_cosine,0.2,False,frozen_origin,0.0683845877647399,True,False,False,True,True,0.4822498773649721,True,stable,8,8972,8
gradcam-f5e0f677e77b9229d90d,population-2a9bc5280db4a65672a1bbcb,survface,survface:registered_probe:5244_23,adaface-4df25b75e065b0b9ed43,pq,pq_512_m16_b8,pq_reconstruction_cosine,0.2,True,frozen_origin,-0.108713686466217,True,True,False,True,True,1.0877319954464957,True,threshold_crossing,1,8972,8
gradcam-a62d05123b1dab2761e7,population-2a9bc5280db4a65672a1bbcb,survface,survface:registered_probe:5241_26,adaface-4df25b75e065b0b9ed43,pq,pq_512_m16_b8,pq_reconstruction_cosine,0.2,True,frozen_origin,-0.1288295984268188,True,True,False,True,True,1.0325833770329975,True,threshold_crossing,2,8972,8
gradcam-83a002128e3191659050,population-2a9bc5280db4a65672a1bbcb,survface,survface:unknown_unknown_probe:4821_cam2_5,adaface-4df25b75e065b0b9ed43,pq,pq_512_m16_b8,pq_reconstruction_cosine,0.2,False,frozen_origin,-0.1721529960632324,True,True,False,True,True,1.0256166520869707,True,threshold_crossing,3,8972,8
gradcam-f841d45072864abb5b3e,population-2a9bc5280db4a65672a1bbcb,survface,survface:registered_probe:5227_16,adaface-4df25b75e065b0b9ed43,pq,pq_512_m16_b8,pq_reconstruction_cosine,0.2,True,frozen_origin,-0.1818772554397583,True,True,False,True,True,1.0200666853908886,True,threshold_crossing,4,8972,8
gradcam-769d4b2c5fa608f4081b,population-2a9bc5280db4a65672a1bbcb,survface,survface:unknown_unknown_probe:9477_cam3_50,adaface-4df25b75e065b0b9ed43,pq,pq_512_m16_b8,pq_reconstruction_cosine,0.2,False,frozen_origin,0.2906125783920288,True,True,False,True,True,1.0037407866795327,True,threshold_crossing,5,8972,8
gradcam-3a52276adb49a54eb88f,population-2a9bc5280db4a65672a1bbcb,survface,survface:registered_probe:5225_16,adaface-4df25b75e065b0b9ed43,pq,pq_512_m16_b8,pq_reconstruction_cosine,0.2,True,frozen_origin,-0.0953518748283386,True,True,False,True,True,0.9959347090569944,True,threshold_crossing,6,8972,8
gradcam-d700ecf2d0ba0a502d3b,population-2a9bc5280db4a65672a1bbcb,survface,survface:unknown_unknown_probe:1346_cam1_1,adaface-4df25b75e065b0b9ed43,pq,pq_512_m16_b8,pq_reconstruction_cosine,0.2,False,frozen_origin,-0.1565529108047485,True,True,False,True,True,0.9932573757813182,True,threshold_crossing,7,8972,8
gradcam-f36cd2e22ea95ca23032,population-2a9bc5280db4a65672a1bbcb,survface,survface:registered_probe:4502_cam2_5,adaface-4df25b75e065b0b9ed43,pq,pq_512_m16_b8,pq_reconstruction_cosine,0.2,True,frozen_origin,0.146425724029541,True,True,False,True,True,0.9768321866340244,True,threshold_crossing,8,8972,8
gradcam-434b74d21e3d043d8a43,population-2a9bc5280db4a65672a1bbcb,survface,survface:registered_probe:5244_22,adaface-4df25b75e065b0b9ed43,pq,pq_512_m16_b8,pq_reconstruction_cosine,0.3,True,frozen_origin,-0.0475605726242065,True,False,False,True,True,1.1756799727062537,True,high_error,1,8972,8
gradcam-9093948ad4f157c79f1a,population-2a9bc5280db4a65672a1bbcb,survface,survface:registered_probe:2396_cam2_1,adaface-4df25b75e065b0b9ed43,pq,pq_512_m16_b8,pq_reconstruction_cosine,0.3,True,frozen_origin,0.0297902226448059,True,False,False,True,True,1.17528883793451,True,high_error,2,8972,8
gradcam-d256f863bac4167879a0,population-2a9bc5280db4a65672a1bbcb,survface,survface:registered_probe:5244_28,adaface-4df25b75e065b0b9ed43,pq,pq_512_m16_b8,pq_reconstruction_cosine,0.3,True,frozen_origin,-0.1445478796958923,True,False,False,True,True,1.1714013205676317,True,high_error,3,8972,8
gradcam-d22431320a395c77d6fa,population-2a9bc5280db4a65672a1bbcb,survface,survface:registered_probe:5293_25,adaface-4df25b75e065b0b9ed43,pq,pq_512_m16_b8,pq_reconstruction_cosine,0.3,True,frozen_origin,-0.1593407690525055,True,False,False,True,True,1.1622764643801429,True,high_error,4,8972,8
gradcam-3f8df720b856a2a82ed1,population-2a9bc5280db4a65672a1bbcb,survface,survface:registered_probe:430_cam3_1,adaface-4df25b75e065b0b9ed43,pq,pq_512_m16_b8,pq_reconstruction_cosine,0.3,True,frozen_origin,0.0700543522834777,True,False,False,True,True,1.1612615461783973,True,high_error,5,8972,8
gradcam-2865b19c2688d82842d3,population-2a9bc5280db4a65672a1bbcb,survface,survface:registered_probe:8425_cam2_8,adaface-4df25b75e065b0b9ed43,pq,pq_512_m16_b8,pq_reconstruction_cosine,0.3,True,frozen_origin,0.165557324886322,True,False,False,True,True,1.1571845634192774,True,high_error,6,8972,8
gradcam-929ee531bb5d0fa57dac,population-2a9bc5280db4a65672a1bbcb,survface,survface:registered_probe:8628_cam1_71,adaface-4df25b75e065b0b9ed43,pq,pq_512_m16_b8,pq_reconstruction_cosine,0.3,True,frozen_origin,0.2404825687408447,True,False,False,True,True,1.1477289117679452,True,high_error,7,8972,8
gradcam-0d89e771722ba7fde1db,population-2a9bc5280db4a65672a1bbcb,survface,survface:unknown_unknown_probe:distractors_2063,adaface-4df25b75e065b0b9ed43,pq,pq_512_m16_b8,pq_reconstruction_cosine,0.3,False,frozen_origin,0.0986347198486328,True,False,False,True,True,1.1457862269183454,True,high_error,8,8972,8
gradcam-0b53206a24d0da1a8fe2,population-2a9bc5280db4a65672a1bbcb,survface,survface:registered_probe:2973_cam3_1,adaface-4df25b75e065b0b9ed43,pq,pq_512_m16_b8,pq_reconstruction_cosine,0.3,True,frozen_origin,0.1034358441829681,False,False,False,True,True,1.2329411612773502,True,rank_flip,1,8972,8
gradcam-2740d326bd2471c9d84d,population-2a9bc5280db4a65672a1bbcb,survface,survface:unknown_unknown_probe:4245_cam2_1,adaface-4df25b75e065b0b9ed43,pq,pq_512_m16_b8,pq_reconstruction_cosine,0.3,False,frozen_origin,0.1751351356506347,False,False,False,True,True,1.215908794410059,True,rank_flip,2,8972,8
gradcam-f9660047615813d2ffa6,population-2a9bc5280db4a65672a1bbcb,survface,survface:registered_probe:2742_cam2_1,adaface-4df25b75e065b0b9ed43,pq,pq_512_m16_b8,pq_reconstruction_cosine,0.3,True,frozen_origin,-0.0323531925678253,False,False,False,True,True,1.2153419644355352,True,rank_flip,3,8972,8
gradcam-7c4b2ad40e6eb4b8036c,population-2a9bc5280db4a65672a1bbcb,survface,survface:unknown_unknown_probe:2721_cam1_1,adaface-4df25b75e065b0b9ed43,pq,pq_512_m16_b8,pq_reconstruction_cosine,0.3,False,frozen_origin,0.133291482925415,False,False,False,True,True,1.2138198704101764,True,rank_flip,4,8972,8
gradcam-0b8671687a897a64137a,population-2a9bc5280db4a65672a1bbcb,survface,survface:unknown_unknown_probe:10003_cam3_32,adaface-4df25b75e065b0b9ed43,pq,pq_512_m16_b8,pq_reconstruction_cosine,0.3,False,frozen_origin,0.0748742520809173,False,False,False,True,True,1.1977545086713377,True,rank_flip,5,8972,8
gradcam-de641f9b37f110d96529,population-2a9bc5280db4a65672a1bbcb,survface,survface:registered_probe:595_cam1_1,adaface-4df25b75e065b0b9ed43,pq,pq_512_m16_b8,pq_reconstruction_cosine,0.3,True,frozen_origin,0.1153856515884399,False,False,False,True,True,1.1965894713650105,True,rank_flip,6,8972,8
gradcam-4387fd4b44a103a4f47e,population-2a9bc5280db4a65672a1bbcb,survface,survface:registered_probe:9740_cam2_62,adaface-4df25b75e065b0b9ed43,pq,pq_512_m16_b8,pq_reconstruction_cosine,0.3,True,frozen_origin,0.1507687270641327,False,False,False,True,True,1.1918210943058876,True,rank_flip,7,8972,8
gradcam-8f7bd05c4cc6dae45261,population-2a9bc5280db4a65672a1bbcb,survface,survface:unknown_unknown_probe:distractors_231,adaface-4df25b75e065b0b9ed43,pq,pq_512_m16_b8,pq_reconstruction_cosine,0.3,False,frozen_origin,0.2332019805908203,False,False,False,True,True,1.184566961134383,True,rank_flip,8,8972,8
gradcam-9471111f2dd8e4be53d0,population-2a9bc5280db4a65672a1bbcb,survface,survface:registered_probe:5821_cam1_108,adaface-4df25b75e065b0b9ed43,pq,pq_512_m16_b8,pq_reconstruction_cosine,0.3,True,frozen_origin,-0.0108538269996643,True,False,False,True,True,0.4710546617171296,True,stable,1,8972,8
gradcam-552ef0a24b5f4ffa2e39,population-2a9bc5280db4a65672a1bbcb,survface,survface:registered_probe:5647_cam1_47,adaface-4df25b75e065b0b9ed43,pq,pq_512_m16_b8,pq_reconstruction_cosine,0.3,True,frozen_origin,0.0147499442100524,True,False,False,True,True,0.4735989117326378,True,stable,2,8972,8
gradcam-b4c0a16f959fbe9852cd,population-2a9bc5280db4a65672a1bbcb,survface,survface:registered_probe:10205_cam1_7,adaface-4df25b75e065b0b9ed43,pq,pq_512_m16_b8,pq_reconstruction_cosine,0.3,True,frozen_origin,0.0309379696846008,True,False,False,True,True,0.4749364729584152,True,stable,3,8972,8
gradcam-abc4f78667dfa46c7c49,population-2a9bc5280db4a65672a1bbcb,survface,survface:unknown_unknown_probe:5872_cam1_51,adaface-4df25b75e065b0b9ed43,pq,pq_512_m16_b8,pq_reconstruction_cosine,0.3,False,frozen_origin,0.0081965327262878,True,False,False,True,True,0.4760649226154516,True,stable,4,8972,8
gradcam-c077130ff5937f85529c,population-2a9bc5280db4a65672a1bbcb,survface,survface:unknown_unknown_probe:10216_cam2_15,adaface-4df25b75e065b0b9ed43,pq,pq_512_m16_b8,pq_reconstruction_cosine,0.3,False,frozen_origin,0.1314447522163391,True,False,False,True,True,0.4770114362530199,True,stable,5,8972,8
gradcam-a5ee98f6a429f0d7fab7,population-2a9bc5280db4a65672a1bbcb,survface,survface:registered_probe:5852_cam2_3,adaface-4df25b75e065b0b9ed43,pq,pq_512_m16_b8,pq_reconstruction_cosine,0.3,True,frozen_origin,0.0318939089775085,True,False,False,True,True,0.4778446994473212,True,stable,6,8972,8
gradcam-d24a57d7809fac0c534c,population-2a9bc5280db4a65672a1bbcb,survface,survface:unknown_unknown_probe:5762_cam1_128,adaface-4df25b75e065b0b9ed43,pq,pq_512_m16_b8,pq_reconstruction_cosine,0.3,False,frozen_origin,0.000145673751831,True,False,False,True,True,0.4798282333017021,True,stable,7,8972,8
gradcam-614e2e4d7052dc84d706,population-2a9bc5280db4a65672a1bbcb,survface,survface:unknown_unknown_probe:5795_cam2_23,adaface-4df25b75e065b0b9ed43,pq,pq_512_m16_b8,pq_reconstruction_cosine,0.3,False,frozen_origin,0.0683845877647399,True,False,False,True,True,0.4822498773649721,True,stable,8,8972,8
gradcam-b8e7f418a137dd2448af,population-2a9bc5280db4a65672a1bbcb,survface,survface:registered_probe:5244_23,adaface-4df25b75e065b0b9ed43,pq,pq_512_m16_b8,pq_reconstruction_cosine,0.3,True,frozen_origin,-0.108713686466217,True,True,False,True,True,1.0877319954464957,True,threshold_crossing,1,8972,8
gradcam-72f8dd73a6c46ee03dba,population-2a9bc5280db4a65672a1bbcb,survface,survface:registered_probe:5227_19,adaface-4df25b75e065b0b9ed43,pq,pq_512_m16_b8,pq_reconstruction_cosine,0.3,True,frozen_origin,-0.1977144479751587,True,True,False,True,True,1.0815637780848533,True,threshold_crossing,2,8972,8
gradcam-d7916cb4889c4d348abd,population-2a9bc5280db4a65672a1bbcb,survface,survface:unknown_unknown_probe:distractors_3013,adaface-4df25b75e065b0b9ed43,pq,pq_512_m16_b8,pq_reconstruction_cosine,0.3,False,frozen_origin,-0.1949765682220459,False,True,False,True,True,1.052524684956102,True,threshold_crossing,3,8972,8
gradcam-5e55a66930ad9010f2c9,population-2a9bc5280db4a65672a1bbcb,survface,survface:registered_probe:5241_25,adaface-4df25b75e065b0b9ed43,pq,pq_512_m16_b8,pq_reconstruction_cosine,0.3,True,frozen_origin,-0.1637017726898193,True,True,False,True,True,1.0388057784886016,True,threshold_crossing,4,8972,8
gradcam-5b4389ca193d6201385a,population-2a9bc5280db4a65672a1bbcb,survface,survface:registered_probe:8739_cam1_97,adaface-4df25b75e065b0b9ed43,pq,pq_512_m16_b8,pq_reconstruction_cosine,0.3,True,frozen_origin,-0.208790898323059,False,True,False,True,True,1.037452840199668,True,threshold_crossing,5,8972,8
gradcam-ff1691e101eb1e1070fc,population-2a9bc5280db4a65672a1bbcb,survface,survface:registered_probe:5241_26,adaface-4df25b75e065b0b9ed43,pq,pq_512_m16_b8,pq_reconstruction_cosine,0.3,True,frozen_origin,-0.1288295984268188,True,True,False,True,True,1.0325833770329975,True,threshold_crossing,6,8972,8
gradcam-e88feeec1aee1e9fa40f,population-2a9bc5280db4a65672a1bbcb,survface,survface:unknown_unknown_probe:4821_cam2_5,adaface-4df25b75e065b0b9ed43,pq,pq_512_m16_b8,pq_reconstruction_cosine,0.3,False,frozen_origin,-0.1721529960632324,True,True,False,True,True,1.0256166520869707,True,threshold_crossing,7,8972,8
gradcam-4607eff3422871a92f37,population-2a9bc5280db4a65672a1bbcb,survface,survface:registered_probe:5227_16,adaface-4df25b75e065b0b9ed43,pq,pq_512_m16_b8,pq_reconstruction_cosine,0.3,True,frozen_origin,-0.1818772554397583,True,True,False,True,True,1.0200666853908886,True,threshold_crossing,8,8972,8
gradcam-2034e35a9bc4308260ac,population-2a9bc5280db4a65672a1bbcb,survface,survface:unknown_unknown_probe:distractors_2579,adaface-4df25b75e065b0b9ed43,pq,pq_512_m32_b8,pq_one_sided_cosine,0.01,False,frozen_origin,-0.0758452266454696,True,False,False,True,True,1.0132817978012083,True,high_error,1,8972,8
gradcam-877e60b19344ba9d4f30,population-2a9bc5280db4a65672a1bbcb,survface,survface:unknown_unknown_probe:2756_cam4_1,adaface-4df25b75e065b0b9ed43,pq,pq_512_m32_b8,pq_one_sided_cosine,0.01,False,frozen_origin,-0.0443796068429946,True,False,False,True,True,1.0064863681958172,True,high_error,2,8972,8
gradcam-5f5d2b6e23a3fab7483d,population-2a9bc5280db4a65672a1bbcb,survface,survface:registered_probe:5244_22,adaface-4df25b75e065b0b9ed43,pq,pq_512_m32_b8,pq_one_sided_cosine,0.01,True,frozen_origin,-0.2030845284461975,True,False,False,True,True,1.0058073239538097,True,high_error,3,8972,8
gradcam-f910d4437dbfe2eb61f5,population-2a9bc5280db4a65672a1bbcb,survface,survface:registered_probe:8645_cam2_17,adaface-4df25b75e065b0b9ed43,pq,pq_512_m32_b8,pq_one_sided_cosine,0.01,True,frozen_origin,-0.0503481328487396,True,False,False,True,True,0.9982635163457696,True,high_error,4,8972,8
gradcam-95a630518ec0690fc4a1,population-2a9bc5280db4a65672a1bbcb,survface,survface:registered_probe:3954_cam2_1,adaface-4df25b75e065b0b9ed43,pq,pq_512_m32_b8,pq_one_sided_cosine,0.01,True,frozen_origin,-0.2073107063770294,True,False,False,True,True,0.99332323615709,True,high_error,5,8972,8
gradcam-bddfd25bb91745063dd8,population-2a9bc5280db4a65672a1bbcb,survface,survface:unknown_unknown_probe:3816_cam2_1,adaface-4df25b75e065b0b9ed43,pq,pq_512_m32_b8,pq_one_sided_cosine,0.01,False,frozen_origin,-0.0239940285682678,True,False,False,True,True,0.9922306606050776,True,high_error,6,8972,8
gradcam-9d45386a1d5ce40fe838,population-2a9bc5280db4a65672a1bbcb,survface,survface:registered_probe:9740_cam2_62,adaface-4df25b75e065b0b9ed43,pq,pq_512_m32_b8,pq_one_sided_cosine,0.01,True,frozen_origin,-0.0916723981499672,True,False,False,True,True,0.9899979241772998,True,high_error,7,8972,8
gradcam-c45ff624fafe05ba4e62,population-2a9bc5280db4a65672a1bbcb,survface,survface:unknown_unknown_probe:distractors_2195,adaface-4df25b75e065b0b9ed43,pq,pq_512_m32_b8,pq_one_sided_cosine,0.01,False,frozen_origin,-0.1610262393951416,True,False,False,True,True,0.9869519254829714,True,high_error,8,8972,8
gradcam-4f16580d799354ec4958,population-2a9bc5280db4a65672a1bbcb,survface,survface:registered_probe:2973_cam3_1,adaface-4df25b75e065b0b9ed43,pq,pq_512_m32_b8,pq_one_sided_cosine,0.01,True,frozen_origin,-0.1795330271124839,False,False,False,True,True,1.0487426527963264,True,rank_flip,1,8972,8
gradcam-f932b8c17543ea595e6a,population-2a9bc5280db4a65672a1bbcb,survface,survface:unknown_unknown_probe:4245_cam2_1,adaface-4df25b75e065b0b9ed43,pq,pq_512_m32_b8,pq_one_sided_cosine,0.01,False,frozen_origin,-0.0821733400225639,False,False,False,True,True,1.0427943289063364,True,rank_flip,2,8972,8
gradcam-d99cc800fa72c8c50a13,population-2a9bc5280db4a65672a1bbcb,survface,survface:unknown_unknown_probe:698_cam2_1,adaface-4df25b75e065b0b9ed43,pq,pq_512_m32_b8,pq_one_sided_cosine,0.01,False,frozen_origin,-0.0376143753528595,False,False,False,True,True,1.0110083072051073,True,rank_flip,3,8972,8
gradcam-e0c4eb31a1c5f4434f42,population-2a9bc5280db4a65672a1bbcb,survface,survface:unknown_unknown_probe:2721_cam1_1,adaface-4df25b75e065b0b9ed43,pq,pq_512_m32_b8,pq_one_sided_cosine,0.01,False,frozen_origin,-0.0851184427738189,False,False,False,True,True,1.0099427934116982,True,rank_flip,4,8972,8
gradcam-c80e9106eafb46230988,population-2a9bc5280db4a65672a1bbcb,survface,survface:unknown_unknown_probe:distractors_5421,adaface-4df25b75e065b0b9ed43,pq,pq_512_m32_b8,pq_one_sided_cosine,0.01,False,frozen_origin,-0.0475459247827529,False,False,False,True,True,1.0080119048937222,True,rank_flip,5,8972,8
gradcam-41a43f1dc1859d5ac948,population-2a9bc5280db4a65672a1bbcb,survface,survface:unknown_unknown_probe:distractors_4105,adaface-4df25b75e065b0b9ed43,pq,pq_512_m32_b8,pq_one_sided_cosine,0.01,False,frozen_origin,-0.1239245235919952,False,False,False,True,True,1.0065650190524749,True,rank_flip,6,8972,8
gradcam-d9d7b31067823191d5b1,population-2a9bc5280db4a65672a1bbcb,survface,survface:unknown_unknown_probe:distractors_2318,adaface-4df25b75e065b0b9ed43,pq,pq_512_m32_b8,pq_one_sided_cosine,0.01,False,frozen_origin,-0.0958413034677505,False,False,False,True,True,0.9979679885278164,True,rank_flip,7,8972,8
gradcam-b8b7c0cd96dec6756ede,population-2a9bc5280db4a65672a1bbcb,survface,survface:unknown_unknown_probe:728_cam2_1,adaface-4df25b75e065b0b9ed43,pq,pq_512_m32_b8,pq_one_sided_cosine,0.01,False,frozen_origin,-0.0466113537549972,False,False,False,True,True,0.9977817644542928,True,rank_flip,8,8972,8
gradcam-052bc920d742b86b6247,population-2a9bc5280db4a65672a1bbcb,survface,survface:registered_probe:5678_cam1_23,adaface-4df25b75e065b0b9ed43,pq,pq_512_m32_b8,pq_one_sided_cosine,0.01,True,frozen_origin,-0.05230313539505,True,False,False,True,True,0.4353418103918902,True,stable,1,8972,8
gradcam-2e2a670417e61b66f280,population-2a9bc5280db4a65672a1bbcb,survface,survface:registered_probe:9301_cam3_6,adaface-4df25b75e065b0b9ed43,pq,pq_512_m32_b8,pq_one_sided_cosine,0.01,True,frozen_origin,-0.0429991483688354,True,False,False,True,True,0.4438779530055646,True,stable,2,8972,8
gradcam-9f6ed31a4cbf958231f3,population-2a9bc5280db4a65672a1bbcb,survface,survface:registered_probe:5647_cam1_249,adaface-4df25b75e065b0b9ed43,pq,pq_512_m32_b8,pq_one_sided_cosine,0.01,True,frozen_origin,-0.0387608408927917,True,False,False,True,True,0.4476457969864262,True,stable,3,8972,8
gradcam-02d801ff9047f360e8db,population-2a9bc5280db4a65672a1bbcb,survface,survface:unknown_unknown_probe:5872_cam1_52,adaface-4df25b75e065b0b9ed43,pq,pq_512_m32_b8,pq_one_sided_cosine,0.01,False,frozen_origin,-0.0330640077590942,True,False,False,True,True,0.4486938304321944,True,stable,4,8972,8
gradcam-394f1d087ac203d66a0b,population-2a9bc5280db4a65672a1bbcb,survface,survface:unknown_unknown_probe:10256_cam1_14,adaface-4df25b75e065b0b9ed43,pq,pq_512_m32_b8,pq_one_sided_cosine,0.01,False,frozen_origin,-0.046850562095642,True,False,False,True,True,0.4519982045070939,True,stable,5,8972,8
gradcam-237fe19acca3ddbb92ef,population-2a9bc5280db4a65672a1bbcb,survface,survface:unknown_unknown_probe:5854_cam1_10,adaface-4df25b75e065b0b9ed43,pq,pq_512_m32_b8,pq_one_sided_cosine,0.01,False,frozen_origin,-0.0130186080932617,True,False,False,True,True,0.4525014848503292,True,stable,6,8972,8
gradcam-9e1c30e69dda8e560e19,population-2a9bc5280db4a65672a1bbcb,survface,survface:registered_probe:5647_cam1_47,adaface-4df25b75e065b0b9ed43,pq,pq_512_m32_b8,pq_one_sided_cosine,0.01,True,frozen_origin,-0.0541417598724365,True,False,False,True,True,0.4528089821993939,True,stable,7,8972,8
gradcam-609d8770bf66400f159c,population-2a9bc5280db4a65672a1bbcb,survface,survface:registered_probe:5789_cam1_10,adaface-4df25b75e065b0b9ed43,pq,pq_512_m32_b8,pq_one_sided_cosine,0.01,True,frozen_origin,-0.0306605100631713,True,False,False,True,True,0.4532777884621151,True,stable,8,8972,8
gradcam-e66d419dcb038af2eb37,population-2a9bc5280db4a65672a1bbcb,survface,survface:unknown_unknown_probe:4821_cam2_5,adaface-4df25b75e065b0b9ed43,pq,pq_512_m32_b8,pq_one_sided_cosine,0.01,False,frozen_origin,-0.2802477478981018,True,True,False,True,True,0.8659980538880676,True,threshold_crossing,1,8972,8
gradcam-82bb135bb3c60d548dc2,population-2a9bc5280db4a65672a1bbcb,survface,survface:registered_probe:2123_cam1_1,adaface-4df25b75e065b0b9ed43,pq,pq_512_m32_b8,pq_one_sided_cosine,0.01,True,frozen_origin,-0.2667242288589477,True,True,False,True,True,0.7852626327451755,True,threshold_crossing,2,8972,8
gradcam-4bd3f779cd1c214b93bb,population-2a9bc5280db4a65672a1bbcb,survface,survface:unknown_unknown_probe:4754_cam2_2,adaface-4df25b75e065b0b9ed43,pq,pq_512_m32_b8,pq_one_sided_cosine,0.01,False,frozen_origin,-0.1774981617927551,True,True,False,True,True,0.7690155955694159,True,threshold_crossing,3,8972,8
gradcam-bdae9f3e73c94d6aec33,population-2a9bc5280db4a65672a1bbcb,survface,survface:registered_probe:5462_cam1_6,adaface-4df25b75e065b0b9ed43,pq,pq_512_m32_b8,pq_one_sided_cosine,0.01,True,frozen_origin,-0.1597508192062378,True,True,False,True,True,0.7448101722344764,True,threshold_crossing,4,8972,8
gradcam-422952ff46c222bfb73a,population-2a9bc5280db4a65672a1bbcb,survface,survface:unknown_unknown_probe:10448_cam2_21,adaface-4df25b75e065b0b9ed43,pq,pq_512_m32_b8,pq_one_sided_cosine,0.01,False,frozen_origin,-0.1543302536010742,True,True,False,True,True,0.7388367586854443,True,threshold_crossing,5,8972,8
gradcam-74f2d013c6f2693e8ee0,population-2a9bc5280db4a65672a1bbcb,survface,survface:registered_probe:5462_cam1_4,adaface-4df25b75e065b0b9ed43,pq,pq_512_m32_b8,pq_one_sided_cosine,0.01,True,frozen_origin,-0.1473802328109741,True,True,False,True,True,0.7203073572069832,True,threshold_crossing,6,8972,8
gradcam-4cbcf81a11be7c2b575f,population-2a9bc5280db4a65672a1bbcb,survface,survface:registered_probe:9155_cam3_16,adaface-4df25b75e065b0b9ed43,pq,pq_512_m32_b8,pq_one_sided_cosine,0.01,True,frozen_origin,-0.149275004863739,True,True,False,True,True,0.7104597076324657,True,threshold_crossing,7,8972,8
gradcam-7c1e56658f708149bfbd,population-2a9bc5280db4a65672a1bbcb,survface,survface:registered_probe:5462_cam1_2,adaface-4df25b75e065b0b9ed43,pq,pq_512_m32_b8,pq_one_sided_cosine,0.01,True,frozen_origin,-0.1369940638542175,True,True,False,True,True,0.7065581384579359,True,threshold_crossing,8,8972,8
gradcam-9b99fb903c16e8c9b246,population-2a9bc5280db4a65672a1bbcb,survface,survface:unknown_unknown_probe:distractors_2579,adaface-4df25b75e065b0b9ed43,pq,pq_512_m32_b8,pq_one_sided_cosine,0.05,False,frozen_origin,-0.0758452266454696,True,False,False,True,True,1.0132817978012083,True,high_error,1,8972,8
gradcam-ab687e148005fd3b23e6,population-2a9bc5280db4a65672a1bbcb,survface,survface:unknown_unknown_probe:2756_cam4_1,adaface-4df25b75e065b0b9ed43,pq,pq_512_m32_b8,pq_one_sided_cosine,0.05,False,frozen_origin,-0.0443796068429946,True,False,False,True,True,1.0064863681958172,True,high_error,2,8972,8
gradcam-81a792ec53bbd91ff560,population-2a9bc5280db4a65672a1bbcb,survface,survface:registered_probe:5244_22,adaface-4df25b75e065b0b9ed43,pq,pq_512_m32_b8,pq_one_sided_cosine,0.05,True,frozen_origin,-0.2030845284461975,True,False,False,True,True,1.0058073239538097,True,high_error,3,8972,8
gradcam-a8e69965714f94ceb7c2,population-2a9bc5280db4a65672a1bbcb,survface,survface:registered_probe:8645_cam2_17,adaface-4df25b75e065b0b9ed43,pq,pq_512_m32_b8,pq_one_sided_cosine,0.05,True,frozen_origin,-0.0503481328487396,True,False,False,True,True,0.9982635163457696,True,high_error,4,8972,8
gradcam-1b6eeba6f89a9c87efdd,population-2a9bc5280db4a65672a1bbcb,survface,survface:registered_probe:3954_cam2_1,adaface-4df25b75e065b0b9ed43,pq,pq_512_m32_b8,pq_one_sided_cosine,0.05,True,frozen_origin,-0.2073107063770294,True,False,False,True,True,0.99332323615709,True,high_error,5,8972,8
gradcam-a2e930454a6299f4c2f8,population-2a9bc5280db4a65672a1bbcb,survface,survface:unknown_unknown_probe:3816_cam2_1,adaface-4df25b75e065b0b9ed43,pq,pq_512_m32_b8,pq_one_sided_cosine,0.05,False,frozen_origin,-0.0239940285682678,True,False,False,True,True,0.9922306606050776,True,high_error,6,8972,8
gradcam-f623f337cb8e400c4f60,population-2a9bc5280db4a65672a1bbcb,survface,survface:registered_probe:9740_cam2_62,adaface-4df25b75e065b0b9ed43,pq,pq_512_m32_b8,pq_one_sided_cosine,0.05,True,frozen_origin,-0.0916723981499672,True,False,False,True,True,0.9899979241772998,True,high_error,7,8972,8
gradcam-994fb2d9df3d2cec4fde,population-2a9bc5280db4a65672a1bbcb,survface,survface:unknown_unknown_probe:distractors_2195,adaface-4df25b75e065b0b9ed43,pq,pq_512_m32_b8,pq_one_sided_cosine,0.05,False,frozen_origin,-0.1610262393951416,True,False,False,True,True,0.9869519254829714,True,high_error,8,8972,8
gradcam-7af82c762f5df7f1d2cc,population-2a9bc5280db4a65672a1bbcb,survface,survface:registered_probe:2973_cam3_1,adaface-4df25b75e065b0b9ed43,pq,pq_512_m32_b8,pq_one_sided_cosine,0.05,True,frozen_origin,-0.1795330271124839,False,False,False,True,True,1.0487426527963264,True,rank_flip,1,8972,8
gradcam-5caad7bfa2848df0e0ff,population-2a9bc5280db4a65672a1bbcb,survface,survface:unknown_unknown_probe:4245_cam2_1,adaface-4df25b75e065b0b9ed43,pq,pq_512_m32_b8,pq_one_sided_cosine,0.05,False,frozen_origin,-0.0821733400225639,False,False,False,True,True,1.0427943289063364,True,rank_flip,2,8972,8
gradcam-228fe696a28c8e1ac71c,population-2a9bc5280db4a65672a1bbcb,survface,survface:unknown_unknown_probe:698_cam2_1,adaface-4df25b75e065b0b9ed43,pq,pq_512_m32_b8,pq_one_sided_cosine,0.05,False,frozen_origin,-0.0376143753528595,False,False,False,True,True,1.0110083072051073,True,rank_flip,3,8972,8
gradcam-13c2ff9259a28550cf0c,population-2a9bc5280db4a65672a1bbcb,survface,survface:unknown_unknown_probe:2721_cam1_1,adaface-4df25b75e065b0b9ed43,pq,pq_512_m32_b8,pq_one_sided_cosine,0.05,False,frozen_origin,-0.0851184427738189,False,False,False,True,True,1.0099427934116982,True,rank_flip,4,8972,8
gradcam-5657ce4759409e9e12c7,population-2a9bc5280db4a65672a1bbcb,survface,survface:unknown_unknown_probe:distractors_5421,adaface-4df25b75e065b0b9ed43,pq,pq_512_m32_b8,pq_one_sided_cosine,0.05,False,frozen_origin,-0.0475459247827529,False,False,False,True,True,1.0080119048937222,True,rank_flip,5,8972,8
gradcam-1ccabc36d80698763370,population-2a9bc5280db4a65672a1bbcb,survface,survface:unknown_unknown_probe:distractors_4105,adaface-4df25b75e065b0b9ed43,pq,pq_512_m32_b8,pq_one_sided_cosine,0.05,False,frozen_origin,-0.1239245235919952,False,False,False,True,True,1.0065650190524749,True,rank_flip,6,8972,8
gradcam-67745ff77beded59c59c,population-2a9bc5280db4a65672a1bbcb,survface,survface:unknown_unknown_probe:distractors_2318,adaface-4df25b75e065b0b9ed43,pq,pq_512_m32_b8,pq_one_sided_cosine,0.05,False,frozen_origin,-0.0958413034677505,False,False,False,True,True,0.9979679885278164,True,rank_flip,7,8972,8
gradcam-5d03a7897b376ecb1224,population-2a9bc5280db4a65672a1bbcb,survface,survface:unknown_unknown_probe:728_cam2_1,adaface-4df25b75e065b0b9ed43,pq,pq_512_m32_b8,pq_one_sided_cosine,0.05,False,frozen_origin,-0.0466113537549972,False,False,False,True,True,0.9977817644542928,True,rank_flip,8,8972,8
gradcam-b2801f72d63bf57807a3,population-2a9bc5280db4a65672a1bbcb,survface,survface:registered_probe:5678_cam1_23,adaface-4df25b75e065b0b9ed43,pq,pq_512_m32_b8,pq_one_sided_cosine,0.05,True,frozen_origin,-0.05230313539505,True,False,False,True,True,0.4353418103918902,True,stable,1,8972,8
gradcam-f89473b9c028ea93f87e,population-2a9bc5280db4a65672a1bbcb,survface,survface:unknown_unknown_probe:5751_cam2_17,adaface-4df25b75e065b0b9ed43,pq,pq_512_m32_b8,pq_one_sided_cosine,0.05,False,frozen_origin,-0.010145366191864,True,False,False,True,True,0.4402120694461562,True,stable,2,8972,8
gradcam-7a7f9bcea722713d3739,population-2a9bc5280db4a65672a1bbcb,survface,survface:registered_probe:9301_cam3_6,adaface-4df25b75e065b0b9ed43,pq,pq_512_m32_b8,pq_one_sided_cosine,0.05,True,frozen_origin,-0.0429991483688354,True,False,False,True,True,0.4438779530055646,True,stable,3,8972,8
gradcam-2b6aa41d42cfd23d182f,population-2a9bc5280db4a65672a1bbcb,survface,survface:unknown_unknown_probe:5872_cam1_51,adaface-4df25b75e065b0b9ed43,pq,pq_512_m32_b8,pq_one_sided_cosine,0.05,False,frozen_origin,-0.0520266890525817,True,False,False,True,True,0.4448032115412776,True,stable,4,8972,8
gradcam-091e3fb1e552e7249780,population-2a9bc5280db4a65672a1bbcb,survface,survface:registered_probe:5647_cam1_249,adaface-4df25b75e065b0b9ed43,pq,pq_512_m32_b8,pq_one_sided_cosine,0.05,True,frozen_origin,-0.0387608408927917,True,False,False,True,True,0.4476457969864262,True,stable,5,8972,8
gradcam-beddc98bc63888701716,population-2a9bc5280db4a65672a1bbcb,survface,survface:unknown_unknown_probe:5872_cam1_52,adaface-4df25b75e065b0b9ed43,pq,pq_512_m32_b8,pq_one_sided_cosine,0.05,False,frozen_origin,-0.0330640077590942,True,False,False,True,True,0.4486938304321944,True,stable,6,8972,8
gradcam-8d4393492616076c373b,population-2a9bc5280db4a65672a1bbcb,survface,survface:unknown_unknown_probe:10468_cam3_28,adaface-4df25b75e065b0b9ed43,pq,pq_512_m32_b8,pq_one_sided_cosine,0.05,False,frozen_origin,-0.0352168083190918,True,False,False,True,True,0.4493486941335954,True,stable,7,8972,8
gradcam-41c702a8fec9f92b0d3e,population-2a9bc5280db4a65672a1bbcb,survface,survface:registered_probe:5647_cam1_254,adaface-4df25b75e065b0b9ed43,pq,pq_512_m32_b8,pq_one_sided_cosine,0.05,True,frozen_origin,-0.0505624413490295,True,False,False,True,True,0.4499469505586643,True,stable,8,8972,8
gradcam-12c81e0b54962fe54853,population-2a9bc5280db4a65672a1bbcb,survface,survface:unknown_unknown_probe:4821_cam2_5,adaface-4df25b75e065b0b9ed43,pq,pq_512_m32_b8,pq_one_sided_cosine,0.05,False,frozen_origin,-0.2802477478981018,True,True,False,True,True,0.8659980538880676,True,threshold_crossing,1,8972,8
gradcam-f58409e9f245f6e895f1,population-2a9bc5280db4a65672a1bbcb,survface,survface:registered_probe:5227_16,adaface-4df25b75e065b0b9ed43,pq,pq_512_m32_b8,pq_one_sided_cosine,0.05,True,frozen_origin,-0.2389050126075744,True,True,False,True,True,0.8395926013024109,True,threshold_crossing,2,8972,8
gradcam-e74de20b2c5363e88c93,population-2a9bc5280db4a65672a1bbcb,survface,survface:registered_probe:5061_cam2_4,adaface-4df25b75e065b0b9ed43,pq,pq_512_m32_b8,pq_one_sided_cosine,0.05,True,frozen_origin,-0.2156723141670227,True,True,False,True,True,0.8167377897475508,True,threshold_crossing,3,8972,8
gradcam-61c30da861fd3d85044c,population-2a9bc5280db4a65672a1bbcb,survface,survface:registered_probe:2123_cam1_1,adaface-4df25b75e065b0b9ed43,pq,pq_512_m32_b8,pq_one_sided_cosine,0.05,True,frozen_origin,-0.2667242288589477,True,True,False,True,True,0.7852626327451755,True,threshold_crossing,4,8972,8
gradcam-03968c9a6ffd435f4eda,population-2a9bc5280db4a65672a1bbcb,survface,survface:unknown_unknown_probe:distractors_4002,adaface-4df25b75e065b0b9ed43,pq,pq_512_m32_b8,pq_one_sided_cosine,0.05,False,frozen_origin,-0.1827422976493835,True,True,False,True,True,0.7796973310590157,True,threshold_crossing,5,8972,8
gradcam-9d8767d323cacfad78d3,population-2a9bc5280db4a65672a1bbcb,survface,survface:unknown_unknown_probe:4754_cam2_2,adaface-4df25b75e065b0b9ed43,pq,pq_512_m32_b8,pq_one_sided_cosine,0.05,False,frozen_origin,-0.1774981617927551,True,True,False,True,True,0.7690155955694159,True,threshold_crossing,6,8972,8
gradcam-3c96503019cd6e8e54d3,population-2a9bc5280db4a65672a1bbcb,survface,survface:registered_probe:5789_cam1_123,adaface-4df25b75e065b0b9ed43,pq,pq_512_m32_b8,pq_one_sided_cosine,0.05,True,frozen_origin,-0.1721176505088806,True,True,False,True,True,0.7551417842596116,True,threshold_crossing,7,8972,8
gradcam-75ebf15c6d93922fff3f,population-2a9bc5280db4a65672a1bbcb,survface,survface:registered_probe:2022_cam2_1,adaface-4df25b75e065b0b9ed43,pq,pq_512_m32_b8,pq_one_sided_cosine,0.05,True,frozen_origin,-0.1554113030433654,True,True,False,True,True,0.7539538984505751,True,threshold_crossing,8,8972,8
gradcam-78dfecc7a16d09e81291,population-2a9bc5280db4a65672a1bbcb,survface,survface:unknown_unknown_probe:distractors_2579,adaface-4df25b75e065b0b9ed43,pq,pq_512_m32_b8,pq_one_sided_cosine,0.1,False,frozen_origin,-0.0758452266454696,True,False,False,True,True,1.0132817978012083,True,high_error,1,8972,8
gradcam-374d996cfc8279173e7d,population-2a9bc5280db4a65672a1bbcb,survface,survface:unknown_unknown_probe:2756_cam4_1,adaface-4df25b75e065b0b9ed43,pq,pq_512_m32_b8,pq_one_sided_cosine,0.1,False,frozen_origin,-0.0443796068429946,True,False,False,True,True,1.0064863681958172,True,high_error,2,8972,8
gradcam-524e8f26ed7bbb368acf,population-2a9bc5280db4a65672a1bbcb,survface,survface:registered_probe:5244_22,adaface-4df25b75e065b0b9ed43,pq,pq_512_m32_b8,pq_one_sided_cosine,0.1,True,frozen_origin,-0.2030845284461975,True,False,False,True,True,1.0058073239538097,True,high_error,3,8972,8
gradcam-6344fc44d7f8bb4493fe,population-2a9bc5280db4a65672a1bbcb,survface,survface:registered_probe:8645_cam2_17,adaface-4df25b75e065b0b9ed43,pq,pq_512_m32_b8,pq_one_sided_cosine,0.1,True,frozen_origin,-0.0503481328487396,True,False,False,True,True,0.9982635163457696,True,high_error,4,8972,8
gradcam-a1e16f04b9e87f85cee5,population-2a9bc5280db4a65672a1bbcb,survface,survface:registered_probe:3954_cam2_1,adaface-4df25b75e065b0b9ed43,pq,pq_512_m32_b8,pq_one_sided_cosine,0.1,True,frozen_origin,-0.2073107063770294,True,False,False,True,True,0.99332323615709,True,high_error,5,8972,8
gradcam-33229b5ba0c9ef40f33a,population-2a9bc5280db4a65672a1bbcb,survface,survface:unknown_unknown_probe:3816_cam2_1,adaface-4df25b75e065b0b9ed43,pq,pq_512_m32_b8,pq_one_sided_cosine,0.1,False,frozen_origin,-0.0239940285682678,True,False,False,True,True,0.9922306606050776,True,high_error,6,8972,8
gradcam-2b2ec08a130546794233,population-2a9bc5280db4a65672a1bbcb,survface,survface:registered_probe:9740_cam2_62,adaface-4df25b75e065b0b9ed43,pq,pq_512_m32_b8,pq_one_sided_cosine,0.1,True,frozen_origin,-0.0916723981499672,True,False,False,True,True,0.9899979241772998,True,high_error,7,8972,8
gradcam-4b43d188e96031664a16,population-2a9bc5280db4a65672a1bbcb,survface,survface:unknown_unknown_probe:distractors_2195,adaface-4df25b75e065b0b9ed43,pq,pq_512_m32_b8,pq_one_sided_cosine,0.1,False,frozen_origin,-0.1610262393951416,True,False,False,True,True,0.9869519254829714,True,high_error,8,8972,8
gradcam-e155c2a5edfdea970910,population-2a9bc5280db4a65672a1bbcb,survface,survface:registered_probe:2973_cam3_1,adaface-4df25b75e065b0b9ed43,pq,pq_512_m32_b8,pq_one_sided_cosine,0.1,True,frozen_origin,-0.1795330271124839,False,False,False,True,True,1.0487426527963264,True,rank_flip,1,8972,8
gradcam-4a5bc4b40bdc9ff39913,population-2a9bc5280db4a65672a1bbcb,survface,survface:unknown_unknown_probe:4245_cam2_1,adaface-4df25b75e065b0b9ed43,pq,pq_512_m32_b8,pq_one_sided_cosine,0.1,False,frozen_origin,-0.0821733400225639,False,False,False,True,True,1.0427943289063364,True,rank_flip,2,8972,8
gradcam-f6295541776c8de2800f,population-2a9bc5280db4a65672a1bbcb,survface,survface:unknown_unknown_probe:698_cam2_1,adaface-4df25b75e065b0b9ed43,pq,pq_512_m32_b8,pq_one_sided_cosine,0.1,False,frozen_origin,-0.0376143753528595,False,False,False,True,True,1.0110083072051073,True,rank_flip,3,8972,8
gradcam-42e39f6bd43b735ca736,population-2a9bc5280db4a65672a1bbcb,survface,survface:unknown_unknown_probe:2721_cam1_1,adaface-4df25b75e065b0b9ed43,pq,pq_512_m32_b8,pq_one_sided_cosine,0.1,False,frozen_origin,-0.0851184427738189,False,False,False,True,True,1.0099427934116982,True,rank_flip,4,8972,8
gradcam-eabf8d4b64b4b1cfae28,population-2a9bc5280db4a65672a1bbcb,survface,survface:unknown_unknown_probe:distractors_5421,adaface-4df25b75e065b0b9ed43,pq,pq_512_m32_b8,pq_one_sided_cosine,0.1,False,frozen_origin,-0.0475459247827529,False,False,False,True,True,1.0080119048937222,True,rank_flip,5,8972,8
gradcam-f34b21aff4333b81cec1,population-2a9bc5280db4a65672a1bbcb,survface,survface:unknown_unknown_probe:distractors_4105,adaface-4df25b75e065b0b9ed43,pq,pq_512_m32_b8,pq_one_sided_cosine,0.1,False,frozen_origin,-0.1239245235919952,False,False,False,True,True,1.0065650190524749,True,rank_flip,6,8972,8
gradcam-5bb1b3533f7c7384a93a,population-2a9bc5280db4a65672a1bbcb,survface,survface:unknown_unknown_probe:distractors_2318,adaface-4df25b75e065b0b9ed43,pq,pq_512_m32_b8,pq_one_sided_cosine,0.1,False,frozen_origin,-0.0958413034677505,False,False,False,True,True,0.9979679885278164,True,rank_flip,7,8972,8
gradcam-341a531f2414e8d46a43,population-2a9bc5280db4a65672a1bbcb,survface,survface:unknown_unknown_probe:728_cam2_1,adaface-4df25b75e065b0b9ed43,pq,pq_512_m32_b8,pq_one_sided_cosine,0.1,False,frozen_origin,-0.0466113537549972,False,False,False,True,True,0.9977817644542928,True,rank_flip,8,8972,8
gradcam-90d4f7b8b92b33752f6b,population-2a9bc5280db4a65672a1bbcb,survface,survface:registered_probe:5678_cam1_23,adaface-4df25b75e065b0b9ed43,pq,pq_512_m32_b8,pq_one_sided_cosine,0.1,True,frozen_origin,-0.05230313539505,True,False,False,True,True,0.4353418103918902,True,stable,1,8972,8
gradcam-3b257360e54b4e0d3799,population-2a9bc5280db4a65672a1bbcb,survface,survface:unknown_unknown_probe:5751_cam2_17,adaface-4df25b75e065b0b9ed43,pq,pq_512_m32_b8,pq_one_sided_cosine,0.1,False,frozen_origin,-0.010145366191864,True,False,False,True,True,0.4402120694461562,True,stable,2,8972,8
gradcam-4a2fb4db5145f118d630,population-2a9bc5280db4a65672a1bbcb,survface,survface:registered_probe:9301_cam3_6,adaface-4df25b75e065b0b9ed43,pq,pq_512_m32_b8,pq_one_sided_cosine,0.1,True,frozen_origin,-0.0429991483688354,True,False,False,True,True,0.4438779530055646,True,stable,3,8972,8
gradcam-feb49718b6a5ae4aeda5,population-2a9bc5280db4a65672a1bbcb,survface,survface:unknown_unknown_probe:5872_cam1_51,adaface-4df25b75e065b0b9ed43,pq,pq_512_m32_b8,pq_one_sided_cosine,0.1,False,frozen_origin,-0.0520266890525817,True,False,False,True,True,0.4448032115412776,True,stable,4,8972,8
gradcam-b4e0d5d8533fcec5dfa6,population-2a9bc5280db4a65672a1bbcb,survface,survface:registered_probe:5647_cam1_249,adaface-4df25b75e065b0b9ed43,pq,pq_512_m32_b8,pq_one_sided_cosine,0.1,True,frozen_origin,-0.0387608408927917,True,False,False,True,True,0.4476457969864262,True,stable,5,8972,8
gradcam-d259fe2786a2d874cdf3,population-2a9bc5280db4a65672a1bbcb,survface,survface:unknown_unknown_probe:5872_cam1_52,adaface-4df25b75e065b0b9ed43,pq,pq_512_m32_b8,pq_one_sided_cosine,0.1,False,frozen_origin,-0.0330640077590942,True,False,False,True,True,0.4486938304321944,True,stable,6,8972,8
gradcam-44fb2ea0f667022a05d7,population-2a9bc5280db4a65672a1bbcb,survface,survface:unknown_unknown_probe:10468_cam3_28,adaface-4df25b75e065b0b9ed43,pq,pq_512_m32_b8,pq_one_sided_cosine,0.1,False,frozen_origin,-0.0352168083190918,True,False,False,True,True,0.4493486941335954,True,stable,7,8972,8
gradcam-9306f1f9e62d5ee9f3d9,population-2a9bc5280db4a65672a1bbcb,survface,survface:registered_probe:5647_cam1_254,adaface-4df25b75e065b0b9ed43,pq,pq_512_m32_b8,pq_one_sided_cosine,0.1,True,frozen_origin,-0.0505624413490295,True,False,False,True,True,0.4499469505586643,True,stable,8,8972,8
gradcam-a796c580fffd0fe9f3c9,population-2a9bc5280db4a65672a1bbcb,survface,survface:unknown_unknown_probe:4821_cam2_5,adaface-4df25b75e065b0b9ed43,pq,pq_512_m32_b8,pq_one_sided_cosine,0.1,False,frozen_origin,-0.2802477478981018,True,True,False,True,True,0.8659980538880676,True,threshold_crossing,1,8972,8
gradcam-a90e66290fdeb72e14c8,population-2a9bc5280db4a65672a1bbcb,survface,survface:unknown_unknown_probe:1346_cam1_1,adaface-4df25b75e065b0b9ed43,pq,pq_512_m32_b8,pq_one_sided_cosine,0.1,False,frozen_origin,-0.2756807208061218,True,True,False,True,True,0.8644591808915437,True,threshold_crossing,2,8972,8
gradcam-5eb96793a08d793037e0,population-2a9bc5280db4a65672a1bbcb,survface,survface:registered_probe:5227_16,adaface-4df25b75e065b0b9ed43,pq,pq_512_m32_b8,pq_one_sided_cosine,0.1,True,frozen_origin,-0.2389050126075744,True,True,False,True,True,0.8395926013024109,True,threshold_crossing,3,8972,8
gradcam-0c6af2b28ab576ecb716,population-2a9bc5280db4a65672a1bbcb,survface,survface:registered_probe:5225_16,adaface-4df25b75e065b0b9ed43,pq,pq_512_m32_b8,pq_one_sided_cosine,0.1,True,frozen_origin,-0.1980418562889099,True,True,False,True,True,0.8257196635326297,True,threshold_crossing,4,8972,8
gradcam-7bc0ec710f558c8fea52,population-2a9bc5280db4a65672a1bbcb,survface,survface:registered_probe:5061_cam2_4,adaface-4df25b75e065b0b9ed43,pq,pq_512_m32_b8,pq_one_sided_cosine,0.1,True,frozen_origin,-0.2156723141670227,True,True,False,True,True,0.8167377897475508,True,threshold_crossing,5,8972,8
gradcam-1c74dce3fc29ba8bec78,population-2a9bc5280db4a65672a1bbcb,survface,survface:registered_probe:2123_cam1_1,adaface-4df25b75e065b0b9ed43,pq,pq_512_m32_b8,pq_one_sided_cosine,0.1,True,frozen_origin,-0.2667242288589477,True,True,False,True,True,0.7852626327451755,True,threshold_crossing,6,8972,8
gradcam-5c7dfa7a3e6fbaa82efa,population-2a9bc5280db4a65672a1bbcb,survface,survface:unknown_unknown_probe:distractors_4002,adaface-4df25b75e065b0b9ed43,pq,pq_512_m32_b8,pq_one_sided_cosine,0.1,False,frozen_origin,-0.1827422976493835,True,True,False,True,True,0.7796973310590157,True,threshold_crossing,7,8972,8
gradcam-ddba0c7996f8feadb196,population-2a9bc5280db4a65672a1bbcb,survface,survface:unknown_unknown_probe:4754_cam2_2,adaface-4df25b75e065b0b9ed43,pq,pq_512_m32_b8,pq_one_sided_cosine,0.1,False,frozen_origin,-0.1774981617927551,True,True,False,True,True,0.7690155955694159,True,threshold_crossing,8,8972,8
gradcam-501ae9481ab6dadfba61,population-2a9bc5280db4a65672a1bbcb,survface,survface:unknown_unknown_probe:distractors_2579,adaface-4df25b75e065b0b9ed43,pq,pq_512_m32_b8,pq_one_sided_cosine,0.2,False,frozen_origin,-0.0758452266454696,True,False,False,True,True,1.0132817978012083,True,high_error,1,8972,8
gradcam-27cf7a7e278632538ee4,population-2a9bc5280db4a65672a1bbcb,survface,survface:unknown_unknown_probe:2756_cam4_1,adaface-4df25b75e065b0b9ed43,pq,pq_512_m32_b8,pq_one_sided_cosine,0.2,False,frozen_origin,-0.0443796068429946,True,False,False,True,True,1.0064863681958172,True,high_error,2,8972,8
gradcam-ba429ae301c8f0567f38,population-2a9bc5280db4a65672a1bbcb,survface,survface:registered_probe:5244_22,adaface-4df25b75e065b0b9ed43,pq,pq_512_m32_b8,pq_one_sided_cosine,0.2,True,frozen_origin,-0.2030845284461975,True,False,False,True,True,1.0058073239538097,True,high_error,3,8972,8
gradcam-188532143f3a8bb1a5af,population-2a9bc5280db4a65672a1bbcb,survface,survface:registered_probe:8645_cam2_17,adaface-4df25b75e065b0b9ed43,pq,pq_512_m32_b8,pq_one_sided_cosine,0.2,True,frozen_origin,-0.0503481328487396,True,False,False,True,True,0.9982635163457696,True,high_error,4,8972,8
gradcam-3c813275314acfd694cc,population-2a9bc5280db4a65672a1bbcb,survface,survface:registered_probe:3954_cam2_1,adaface-4df25b75e065b0b9ed43,pq,pq_512_m32_b8,pq_one_sided_cosine,0.2,True,frozen_origin,-0.2073107063770294,True,False,False,True,True,0.99332323615709,True,high_error,5,8972,8
gradcam-f65b4896d698b6fa5807,population-2a9bc5280db4a65672a1bbcb,survface,survface:unknown_unknown_probe:3816_cam2_1,adaface-4df25b75e065b0b9ed43,pq,pq_512_m32_b8,pq_one_sided_cosine,0.2,False,frozen_origin,-0.0239940285682678,True,False,False,True,True,0.9922306606050776,True,high_error,6,8972,8
gradcam-5be31ba4bf56a2f9f956,population-2a9bc5280db4a65672a1bbcb,survface,survface:registered_probe:9740_cam2_62,adaface-4df25b75e065b0b9ed43,pq,pq_512_m32_b8,pq_one_sided_cosine,0.2,True,frozen_origin,-0.0916723981499672,True,False,False,True,True,0.9899979241772998,True,high_error,7,8972,8
gradcam-38cd387859b09a19a6f5,population-2a9bc5280db4a65672a1bbcb,survface,survface:unknown_unknown_probe:distractors_2195,adaface-4df25b75e065b0b9ed43,pq,pq_512_m32_b8,pq_one_sided_cosine,0.2,False,frozen_origin,-0.1610262393951416,True,False,False,True,True,0.9869519254829714,True,high_error,8,8972,8
gradcam-938f462c6a5070d398bc,population-2a9bc5280db4a65672a1bbcb,survface,survface:registered_probe:2973_cam3_1,adaface-4df25b75e065b0b9ed43,pq,pq_512_m32_b8,pq_one_sided_cosine,0.2,True,frozen_origin,-0.1795330271124839,False,False,False,True,True,1.0487426527963264,True,rank_flip,1,8972,8
gradcam-c168fc3dc16a487bc4da,population-2a9bc5280db4a65672a1bbcb,survface,survface:unknown_unknown_probe:4245_cam2_1,adaface-4df25b75e065b0b9ed43,pq,pq_512_m32_b8,pq_one_sided_cosine,0.2,False,frozen_origin,-0.0821733400225639,False,False,False,True,True,1.0427943289063364,True,rank_flip,2,8972,8
gradcam-32d7573677b63ee34807,population-2a9bc5280db4a65672a1bbcb,survface,survface:unknown_unknown_probe:698_cam2_1,adaface-4df25b75e065b0b9ed43,pq,pq_512_m32_b8,pq_one_sided_cosine,0.2,False,frozen_origin,-0.0376143753528595,False,False,False,True,True,1.0110083072051073,True,rank_flip,3,8972,8
gradcam-53d4a47b01f0fee6439d,population-2a9bc5280db4a65672a1bbcb,survface,survface:unknown_unknown_probe:2721_cam1_1,adaface-4df25b75e065b0b9ed43,pq,pq_512_m32_b8,pq_one_sided_cosine,0.2,False,frozen_origin,-0.0851184427738189,False,False,False,True,True,1.0099427934116982,True,rank_flip,4,8972,8
gradcam-e4ea03dbbfd6ae06fae6,population-2a9bc5280db4a65672a1bbcb,survface,survface:unknown_unknown_probe:distractors_5421,adaface-4df25b75e065b0b9ed43,pq,pq_512_m32_b8,pq_one_sided_cosine,0.2,False,frozen_origin,-0.0475459247827529,False,False,False,True,True,1.0080119048937222,True,rank_flip,5,8972,8
gradcam-57728f056b764f3b88c3,population-2a9bc5280db4a65672a1bbcb,survface,survface:unknown_unknown_probe:distractors_4105,adaface-4df25b75e065b0b9ed43,pq,pq_512_m32_b8,pq_one_sided_cosine,0.2,False,frozen_origin,-0.1239245235919952,False,False,False,True,True,1.0065650190524749,True,rank_flip,6,8972,8
gradcam-573a56a5926a5a9d02b1,population-2a9bc5280db4a65672a1bbcb,survface,survface:unknown_unknown_probe:distractors_2318,adaface-4df25b75e065b0b9ed43,pq,pq_512_m32_b8,pq_one_sided_cosine,0.2,False,frozen_origin,-0.0958413034677505,False,False,False,True,True,0.9979679885278164,True,rank_flip,7,8972,8
gradcam-a568fb36a58780a4641b,population-2a9bc5280db4a65672a1bbcb,survface,survface:unknown_unknown_probe:728_cam2_1,adaface-4df25b75e065b0b9ed43,pq,pq_512_m32_b8,pq_one_sided_cosine,0.2,False,frozen_origin,-0.0466113537549972,False,False,False,True,True,0.9977817644542928,True,rank_flip,8,8972,8
gradcam-9e95e19127453bd94447,population-2a9bc5280db4a65672a1bbcb,survface,survface:registered_probe:5678_cam1_23,adaface-4df25b75e065b0b9ed43,pq,pq_512_m32_b8,pq_one_sided_cosine,0.2,True,frozen_origin,-0.05230313539505,True,False,False,True,True,0.4353418103918902,True,stable,1,8972,8
gradcam-3151b6a4626e16abbb74,population-2a9bc5280db4a65672a1bbcb,survface,survface:unknown_unknown_probe:5751_cam2_17,adaface-4df25b75e065b0b9ed43,pq,pq_512_m32_b8,pq_one_sided_cosine,0.2,False,frozen_origin,-0.010145366191864,True,False,False,True,True,0.4402120694461562,True,stable,2,8972,8
gradcam-9a82e9ec05b4d8755f45,population-2a9bc5280db4a65672a1bbcb,survface,survface:registered_probe:9301_cam3_6,adaface-4df25b75e065b0b9ed43,pq,pq_512_m32_b8,pq_one_sided_cosine,0.2,True,frozen_origin,-0.0429991483688354,True,False,False,True,True,0.4438779530055646,True,stable,3,8972,8
gradcam-3aab954fdaf6d72a6061,population-2a9bc5280db4a65672a1bbcb,survface,survface:unknown_unknown_probe:5872_cam1_51,adaface-4df25b75e065b0b9ed43,pq,pq_512_m32_b8,pq_one_sided_cosine,0.2,False,frozen_origin,-0.0520266890525817,True,False,False,True,True,0.4448032115412776,True,stable,4,8972,8
gradcam-74f4b31bb9c6b5549e7c,population-2a9bc5280db4a65672a1bbcb,survface,survface:registered_probe:5647_cam1_249,adaface-4df25b75e065b0b9ed43,pq,pq_512_m32_b8,pq_one_sided_cosine,0.2,True,frozen_origin,-0.0387608408927917,True,False,False,True,True,0.4476457969864262,True,stable,5,8972,8
gradcam-4b439223b377e29e36b9,population-2a9bc5280db4a65672a1bbcb,survface,survface:unknown_unknown_probe:5872_cam1_52,adaface-4df25b75e065b0b9ed43,pq,pq_512_m32_b8,pq_one_sided_cosine,0.2,False,frozen_origin,-0.0330640077590942,True,False,False,True,True,0.4486938304321944,True,stable,6,8972,8
gradcam-4093a827ed968d95a830,population-2a9bc5280db4a65672a1bbcb,survface,survface:unknown_unknown_probe:10468_cam3_28,adaface-4df25b75e065b0b9ed43,pq,pq_512_m32_b8,pq_one_sided_cosine,0.2,False,frozen_origin,-0.0352168083190918,True,False,False,True,True,0.4493486941335954,True,stable,7,8972,8
gradcam-489828d726f524d7a15a,population-2a9bc5280db4a65672a1bbcb,survface,survface:registered_probe:5647_cam1_254,adaface-4df25b75e065b0b9ed43,pq,pq_512_m32_b8,pq_one_sided_cosine,0.2,True,frozen_origin,-0.0505624413490295,True,False,False,True,True,0.4499469505586643,True,stable,8,8972,8
gradcam-2a8a41276ac78d5aa2a0,population-2a9bc5280db4a65672a1bbcb,survface,survface:registered_probe:5244_23,adaface-4df25b75e065b0b9ed43,pq,pq_512_m32_b8,pq_one_sided_cosine,0.2,True,frozen_origin,-0.2949848175048828,True,True,False,True,True,0.9303461548590616,True,threshold_crossing,1,8972,8
gradcam-c097e1fc40e92ab91409,population-2a9bc5280db4a65672a1bbcb,survface,survface:registered_probe:5241_26,adaface-4df25b75e065b0b9ed43,pq,pq_512_m32_b8,pq_one_sided_cosine,0.2,True,frozen_origin,-0.2405742406845092,True,True,False,True,True,0.8864615526290968,True,threshold_crossing,2,8972,8
gradcam-6292e9c2bd7634cca881,population-2a9bc5280db4a65672a1bbcb,survface,survface:unknown_unknown_probe:4821_cam2_5,adaface-4df25b75e065b0b9ed43,pq,pq_512_m32_b8,pq_one_sided_cosine,0.2,False,frozen_origin,-0.2802477478981018,True,True,False,True,True,0.8659980538880676,True,threshold_crossing,3,8972,8
gradcam-9513d85941f65a1989d2,population-2a9bc5280db4a65672a1bbcb,survface,survface:unknown_unknown_probe:1346_cam1_1,adaface-4df25b75e065b0b9ed43,pq,pq_512_m32_b8,pq_one_sided_cosine,0.2,False,frozen_origin,-0.2756807208061218,True,True,False,True,True,0.8644591808915437,True,threshold_crossing,4,8972,8
gradcam-cde4daecfa19d9257231,population-2a9bc5280db4a65672a1bbcb,survface,survface:registered_probe:5227_16,adaface-4df25b75e065b0b9ed43,pq,pq_512_m32_b8,pq_one_sided_cosine,0.2,True,frozen_origin,-0.2389050126075744,True,True,False,True,True,0.8395926013024109,True,threshold_crossing,5,8972,8
gradcam-797cb069e1bd7b1ddb0c,population-2a9bc5280db4a65672a1bbcb,survface,survface:registered_probe:5225_16,adaface-4df25b75e065b0b9ed43,pq,pq_512_m32_b8,pq_one_sided_cosine,0.2,True,frozen_origin,-0.1980418562889099,True,True,False,True,True,0.8257196635326297,True,threshold_crossing,6,8972,8
gradcam-55f20796eefb3c778aab,population-2a9bc5280db4a65672a1bbcb,survface,survface:registered_probe:5061_cam2_4,adaface-4df25b75e065b0b9ed43,pq,pq_512_m32_b8,pq_one_sided_cosine,0.2,True,frozen_origin,-0.2156723141670227,True,True,False,True,True,0.8167377897475508,True,threshold_crossing,7,8972,8
gradcam-aac9ebb7bac3d818795f,population-2a9bc5280db4a65672a1bbcb,survface,survface:registered_probe:5227_7,adaface-4df25b75e065b0b9ed43,pq,pq_512_m32_b8,pq_one_sided_cosine,0.2,True,frozen_origin,-0.2162911295890808,True,True,False,True,True,0.7910249920808705,True,threshold_crossing,8,8972,8
gradcam-2a16d14bf55e86750b99,population-2a9bc5280db4a65672a1bbcb,survface,survface:unknown_unknown_probe:distractors_2579,adaface-4df25b75e065b0b9ed43,pq,pq_512_m32_b8,pq_one_sided_cosine,0.3,False,frozen_origin,-0.0758452266454696,True,False,False,True,True,1.0132817978012083,True,high_error,1,8972,8
gradcam-d042353ee83739292b16,population-2a9bc5280db4a65672a1bbcb,survface,survface:unknown_unknown_probe:2756_cam4_1,adaface-4df25b75e065b0b9ed43,pq,pq_512_m32_b8,pq_one_sided_cosine,0.3,False,frozen_origin,-0.0443796068429946,True,False,False,True,True,1.0064863681958172,True,high_error,2,8972,8
gradcam-509f295ebfa9d30ac742,population-2a9bc5280db4a65672a1bbcb,survface,survface:registered_probe:5244_22,adaface-4df25b75e065b0b9ed43,pq,pq_512_m32_b8,pq_one_sided_cosine,0.3,True,frozen_origin,-0.2030845284461975,True,False,False,True,True,1.0058073239538097,True,high_error,3,8972,8
gradcam-d2e66ec337b69bac798d,population-2a9bc5280db4a65672a1bbcb,survface,survface:registered_probe:8645_cam2_17,adaface-4df25b75e065b0b9ed43,pq,pq_512_m32_b8,pq_one_sided_cosine,0.3,True,frozen_origin,-0.0503481328487396,True,False,False,True,True,0.9982635163457696,True,high_error,4,8972,8
gradcam-53b5faf17a10f16d59ff,population-2a9bc5280db4a65672a1bbcb,survface,survface:registered_probe:3954_cam2_1,adaface-4df25b75e065b0b9ed43,pq,pq_512_m32_b8,pq_one_sided_cosine,0.3,True,frozen_origin,-0.2073107063770294,True,False,False,True,True,0.99332323615709,True,high_error,5,8972,8
gradcam-25b612b7dface753d1f5,population-2a9bc5280db4a65672a1bbcb,survface,survface:unknown_unknown_probe:3816_cam2_1,adaface-4df25b75e065b0b9ed43,pq,pq_512_m32_b8,pq_one_sided_cosine,0.3,False,frozen_origin,-0.0239940285682678,True,False,False,True,True,0.9922306606050776,True,high_error,6,8972,8
gradcam-b142359bb599dabcfcda,population-2a9bc5280db4a65672a1bbcb,survface,survface:registered_probe:9740_cam2_62,adaface-4df25b75e065b0b9ed43,pq,pq_512_m32_b8,pq_one_sided_cosine,0.3,True,frozen_origin,-0.0916723981499672,True,False,False,True,True,0.9899979241772998,True,high_error,7,8972,8
gradcam-246fc84886512415ed89,population-2a9bc5280db4a65672a1bbcb,survface,survface:unknown_unknown_probe:distractors_2195,adaface-4df25b75e065b0b9ed43,pq,pq_512_m32_b8,pq_one_sided_cosine,0.3,False,frozen_origin,-0.1610262393951416,True,False,False,True,True,0.9869519254829714,True,high_error,8,8972,8
gradcam-38f5ef2efedc5f625b08,population-2a9bc5280db4a65672a1bbcb,survface,survface:registered_probe:2973_cam3_1,adaface-4df25b75e065b0b9ed43,pq,pq_512_m32_b8,pq_one_sided_cosine,0.3,True,frozen_origin,-0.1795330271124839,False,False,False,True,True,1.0487426527963264,True,rank_flip,1,8972,8
gradcam-22cd3d1f41496273bd16,population-2a9bc5280db4a65672a1bbcb,survface,survface:unknown_unknown_probe:4245_cam2_1,adaface-4df25b75e065b0b9ed43,pq,pq_512_m32_b8,pq_one_sided_cosine,0.3,False,frozen_origin,-0.0821733400225639,False,False,False,True,True,1.0427943289063364,True,rank_flip,2,8972,8
gradcam-fe57c82c3c837aa37950,population-2a9bc5280db4a65672a1bbcb,survface,survface:unknown_unknown_probe:698_cam2_1,adaface-4df25b75e065b0b9ed43,pq,pq_512_m32_b8,pq_one_sided_cosine,0.3,False,frozen_origin,-0.0376143753528595,False,False,False,True,True,1.0110083072051073,True,rank_flip,3,8972,8
gradcam-a90bb4f5a5f3e68aa70b,population-2a9bc5280db4a65672a1bbcb,survface,survface:unknown_unknown_probe:2721_cam1_1,adaface-4df25b75e065b0b9ed43,pq,pq_512_m32_b8,pq_one_sided_cosine,0.3,False,frozen_origin,-0.0851184427738189,False,False,False,True,True,1.0099427934116982,True,rank_flip,4,8972,8
gradcam-f8e9cf17faffef9ecac8,population-2a9bc5280db4a65672a1bbcb,survface,survface:unknown_unknown_probe:distractors_5421,adaface-4df25b75e065b0b9ed43,pq,pq_512_m32_b8,pq_one_sided_cosine,0.3,False,frozen_origin,-0.0475459247827529,False,False,False,True,True,1.0080119048937222,True,rank_flip,5,8972,8
gradcam-6e4be17c4137edbf075f,population-2a9bc5280db4a65672a1bbcb,survface,survface:unknown_unknown_probe:distractors_4105,adaface-4df25b75e065b0b9ed43,pq,pq_512_m32_b8,pq_one_sided_cosine,0.3,False,frozen_origin,-0.1239245235919952,False,False,False,True,True,1.0065650190524749,True,rank_flip,6,8972,8
gradcam-5aa4f900d61d89009c0c,population-2a9bc5280db4a65672a1bbcb,survface,survface:unknown_unknown_probe:distractors_2318,adaface-4df25b75e065b0b9ed43,pq,pq_512_m32_b8,pq_one_sided_cosine,0.3,False,frozen_origin,-0.0958413034677505,False,False,False,True,True,0.9979679885278164,True,rank_flip,7,8972,8
gradcam-1d63a4d212ee0424a95e,population-2a9bc5280db4a65672a1bbcb,survface,survface:unknown_unknown_probe:728_cam2_1,adaface-4df25b75e065b0b9ed43,pq,pq_512_m32_b8,pq_one_sided_cosine,0.3,False,frozen_origin,-0.0466113537549972,False,False,False,True,True,0.9977817644542928,True,rank_flip,8,8972,8
gradcam-5c619eab004a0caac4ec,population-2a9bc5280db4a65672a1bbcb,survface,survface:registered_probe:5678_cam1_23,adaface-4df25b75e065b0b9ed43,pq,pq_512_m32_b8,pq_one_sided_cosine,0.3,True,frozen_origin,-0.05230313539505,True,False,False,True,True,0.4353418103918902,True,stable,1,8972,8
gradcam-b647e52f514c1aa5aeee,population-2a9bc5280db4a65672a1bbcb,survface,survface:unknown_unknown_probe:5751_cam2_17,adaface-4df25b75e065b0b9ed43,pq,pq_512_m32_b8,pq_one_sided_cosine,0.3,False,frozen_origin,-0.010145366191864,True,False,False,True,True,0.4402120694461562,True,stable,2,8972,8
gradcam-6c2d4fbe450d3bf57de6,population-2a9bc5280db4a65672a1bbcb,survface,survface:registered_probe:9301_cam3_6,adaface-4df25b75e065b0b9ed43,pq,pq_512_m32_b8,pq_one_sided_cosine,0.3,True,frozen_origin,-0.0429991483688354,True,False,False,True,True,0.4438779530055646,True,stable,3,8972,8
gradcam-ee098788d97b2544c392,population-2a9bc5280db4a65672a1bbcb,survface,survface:unknown_unknown_probe:5872_cam1_51,adaface-4df25b75e065b0b9ed43,pq,pq_512_m32_b8,pq_one_sided_cosine,0.3,False,frozen_origin,-0.0520266890525817,True,False,False,True,True,0.4448032115412776,True,stable,4,8972,8
gradcam-e2be3d332834fed98aaf,population-2a9bc5280db4a65672a1bbcb,survface,survface:registered_probe:5647_cam1_249,adaface-4df25b75e065b0b9ed43,pq,pq_512_m32_b8,pq_one_sided_cosine,0.3,True,frozen_origin,-0.0387608408927917,True,False,False,True,True,0.4476457969864262,True,stable,5,8972,8
gradcam-7e57304d0bbc82574598,population-2a9bc5280db4a65672a1bbcb,survface,survface:unknown_unknown_probe:5872_cam1_52,adaface-4df25b75e065b0b9ed43,pq,pq_512_m32_b8,pq_one_sided_cosine,0.3,False,frozen_origin,-0.0330640077590942,True,False,False,True,True,0.4486938304321944,True,stable,6,8972,8
gradcam-0d1cd6677ea9bf3a35f0,population-2a9bc5280db4a65672a1bbcb,survface,survface:unknown_unknown_probe:10468_cam3_28,adaface-4df25b75e065b0b9ed43,pq,pq_512_m32_b8,pq_one_sided_cosine,0.3,False,frozen_origin,-0.0352168083190918,True,False,False,True,True,0.4493486941335954,True,stable,7,8972,8
gradcam-5859ff80a3f9986dfb80,population-2a9bc5280db4a65672a1bbcb,survface,survface:registered_probe:5647_cam1_254,adaface-4df25b75e065b0b9ed43,pq,pq_512_m32_b8,pq_one_sided_cosine,0.3,True,frozen_origin,-0.0505624413490295,True,False,False,True,True,0.4499469505586643,True,stable,8,8972,8
gradcam-0500007c8e254fea291d,population-2a9bc5280db4a65672a1bbcb,survface,survface:registered_probe:5244_23,adaface-4df25b75e065b0b9ed43,pq,pq_512_m32_b8,pq_one_sided_cosine,0.3,True,frozen_origin,-0.2949848175048828,True,True,False,True,True,0.9303461548590616,True,threshold_crossing,1,8972,8
gradcam-676c4eaa83042e3bc207,population-2a9bc5280db4a65672a1bbcb,survface,survface:unknown_unknown_probe:distractors_3013,adaface-4df25b75e065b0b9ed43,pq,pq_512_m32_b8,pq_one_sided_cosine,0.3,False,frozen_origin,-0.2459052503108978,True,True,False,True,True,0.9026909810350636,True,threshold_crossing,2,8972,8
gradcam-5f16f0a0a703a8602c8d,population-2a9bc5280db4a65672a1bbcb,survface,survface:registered_probe:5241_26,adaface-4df25b75e065b0b9ed43,pq,pq_512_m32_b8,pq_one_sided_cosine,0.3,True,frozen_origin,-0.2405742406845092,True,True,False,True,True,0.8864615526290968,True,threshold_crossing,3,8972,8
gradcam-3c795f52d3ff99207095,population-2a9bc5280db4a65672a1bbcb,survface,survface:registered_probe:5227_19,adaface-4df25b75e065b0b9ed43,pq,pq_512_m32_b8,pq_one_sided_cosine,0.3,True,frozen_origin,-0.1946209669113159,True,True,False,True,True,0.8837859822955161,True,threshold_crossing,4,8972,8
gradcam-36df128da717464b672e,population-2a9bc5280db4a65672a1bbcb,survface,survface:registered_probe:5241_25,adaface-4df25b75e065b0b9ed43,pq,pq_512_m32_b8,pq_one_sided_cosine,0.3,True,frozen_origin,-0.2671209573745727,True,True,False,True,True,0.877113145807406,True,threshold_crossing,5,8972,8
gradcam-21fc5d7d27190a9ba38e,population-2a9bc5280db4a65672a1bbcb,survface,survface:registered_probe:8739_cam1_97,adaface-4df25b75e065b0b9ed43,pq,pq_512_m32_b8,pq_one_sided_cosine,0.3,True,frozen_origin,-0.2269297838211059,True,True,False,True,True,0.8701478366061421,True,threshold_crossing,6,8972,8
gradcam-21c950ec364257ae00ff,population-2a9bc5280db4a65672a1bbcb,survface,survface:unknown_unknown_probe:4821_cam2_5,adaface-4df25b75e065b0b9ed43,pq,pq_512_m32_b8,pq_one_sided_cosine,0.3,False,frozen_origin,-0.2802477478981018,True,True,False,True,True,0.8659980538880676,True,threshold_crossing,7,8972,8
gradcam-b12b223687a37f622636,population-2a9bc5280db4a65672a1bbcb,survface,survface:unknown_unknown_probe:1346_cam1_1,adaface-4df25b75e065b0b9ed43,pq,pq_512_m32_b8,pq_one_sided_cosine,0.3,False,frozen_origin,-0.2756807208061218,True,True,False,True,True,0.8644591808915437,True,threshold_crossing,8,8972,8
gradcam-b701acb82e0caf556278,population-2a9bc5280db4a65672a1bbcb,survface,survface:unknown_unknown_probe:distractors_2579,adaface-4df25b75e065b0b9ed43,pq,pq_512_m32_b8,pq_reconstruction_cosine,0.01,False,frozen_origin,0.1242328584194183,True,False,False,True,True,1.0132817978012083,True,high_error,1,8972,8
gradcam-d592df81a0957cd25c7f,population-2a9bc5280db4a65672a1bbcb,survface,survface:registered_probe:5244_22,adaface-4df25b75e065b0b9ed43,pq,pq_512_m32_b8,pq_reconstruction_cosine,0.01,True,frozen_origin,-0.117397665977478,True,False,False,True,True,1.0058073239538097,True,high_error,2,8972,8
gradcam-c3a82737daada541dadb,population-2a9bc5280db4a65672a1bbcb,survface,survface:unknown_unknown_probe:3816_cam2_1,adaface-4df25b75e065b0b9ed43,pq,pq_512_m32_b8,pq_reconstruction_cosine,0.01,False,frozen_origin,0.0814484059810638,True,False,False,True,True,0.9922306606050776,True,high_error,3,8972,8
gradcam-2c5209ff68008319ffd9,population-2a9bc5280db4a65672a1bbcb,survface,survface:registered_probe:5244_28,adaface-4df25b75e065b0b9ed43,pq,pq_512_m32_b8,pq_reconstruction_cosine,0.01,True,frozen_origin,-0.183773934841156,True,False,False,True,True,0.9856496447160734,True,high_error,4,8972,8
gradcam-7956550755614ea3c7e3,population-2a9bc5280db4a65672a1bbcb,survface,survface:registered_probe:5293_25,adaface-4df25b75e065b0b9ed43,pq,pq_512_m32_b8,pq_reconstruction_cosine,0.01,True,frozen_origin,-0.1853399872779846,True,False,False,True,True,0.9754822032732764,True,high_error,5,8972,8
gradcam-f206e19dc2ad5e421559,population-2a9bc5280db4a65672a1bbcb,survface,survface:registered_probe:5255_34,adaface-4df25b75e065b0b9ed43,pq,pq_512_m32_b8,pq_reconstruction_cosine,0.01,True,frozen_origin,-0.02167809009552,True,False,False,True,True,0.9713679859987094,True,high_error,6,8972,8
gradcam-c31f261e5d7a7ea39a24,population-2a9bc5280db4a65672a1bbcb,survface,survface:registered_probe:5293_22,adaface-4df25b75e065b0b9ed43,pq,pq_512_m32_b8,pq_reconstruction_cosine,0.01,True,frozen_origin,-0.1835033893585205,True,False,False,True,True,0.9707724180504428,True,high_error,7,8972,8
gradcam-54a041f4a9a770e81431,population-2a9bc5280db4a65672a1bbcb,survface,survface:registered_probe:5255_35,adaface-4df25b75e065b0b9ed43,pq,pq_512_m32_b8,pq_reconstruction_cosine,0.01,True,frozen_origin,-0.0414526164531707,True,False,False,True,True,0.9703157448178212,True,high_error,8,8972,8
gradcam-7c84ffea113c760f6c55,population-2a9bc5280db4a65672a1bbcb,survface,survface:registered_probe:2973_cam3_1,adaface-4df25b75e065b0b9ed43,pq,pq_512_m32_b8,pq_reconstruction_cosine,0.01,True,frozen_origin,-0.0011488795280456,False,False,False,True,True,1.0487426527963264,True,rank_flip,1,8972,8
gradcam-75c18705d7910a2667b9,population-2a9bc5280db4a65672a1bbcb,survface,survface:unknown_unknown_probe:4245_cam2_1,adaface-4df25b75e065b0b9ed43,pq,pq_512_m32_b8,pq_reconstruction_cosine,0.01,False,frozen_origin,0.0796011090278625,False,False,False,True,True,1.0427943289063364,True,rank_flip,2,8972,8
gradcam-92a014e05e49be41a581,population-2a9bc5280db4a65672a1bbcb,survface,survface:unknown_unknown_probe:698_cam2_1,adaface-4df25b75e065b0b9ed43,pq,pq_512_m32_b8,pq_reconstruction_cosine,0.01,False,frozen_origin,0.0859417915344238,False,False,False,True,True,1.0110083072051073,True,rank_flip,3,8972,8
gradcam-bcbe431754edf0126cca,population-2a9bc5280db4a65672a1bbcb,survface,survface:unknown_unknown_probe:2721_cam1_1,adaface-4df25b75e065b0b9ed43,pq,pq_512_m32_b8,pq_reconstruction_cosine,0.01,False,frozen_origin,0.0416598618030548,False,False,False,True,True,1.0099427934116982,True,rank_flip,4,8972,8
gradcam-e1660551e23df5719d4d,population-2a9bc5280db4a65672a1bbcb,survface,survface:unknown_unknown_probe:distractors_5421,adaface-4df25b75e065b0b9ed43,pq,pq_512_m32_b8,pq_reconstruction_cosine,0.01,False,frozen_origin,0.0959363132715225,False,False,False,True,True,1.0080119048937222,True,rank_flip,5,8972,8
gradcam-750b68652f2037e4f1d3,population-2a9bc5280db4a65672a1bbcb,survface,survface:unknown_unknown_probe:distractors_4105,adaface-4df25b75e065b0b9ed43,pq,pq_512_m32_b8,pq_reconstruction_cosine,0.01,False,frozen_origin,0.00405815243721,False,False,False,True,True,1.0065650190524749,True,rank_flip,6,8972,8
gradcam-9a0c5a8fcf1709b417d0,population-2a9bc5280db4a65672a1bbcb,survface,survface:unknown_unknown_probe:2756_cam4_1,adaface-4df25b75e065b0b9ed43,pq,pq_512_m32_b8,pq_reconstruction_cosine,0.01,False,frozen_origin,0.095507264137268,False,False,False,True,True,1.0064863681958172,True,rank_flip,7,8972,8
gradcam-0a58e181d2286aab9c5f,population-2a9bc5280db4a65672a1bbcb,survface,survface:registered_probe:8645_cam2_17,adaface-4df25b75e065b0b9ed43,pq,pq_512_m32_b8,pq_reconstruction_cosine,0.01,True,frozen_origin,0.0682578086853027,False,False,False,True,True,0.9982635163457696,True,rank_flip,8,8972,8
gradcam-8e58f2996a75475ea3c9,population-2a9bc5280db4a65672a1bbcb,survface,survface:registered_probe:5678_cam1_23,adaface-4df25b75e065b0b9ed43,pq,pq_512_m32_b8,pq_reconstruction_cosine,0.01,True,frozen_origin,-0.0468574166297912,True,False,False,True,True,0.4353418103918902,True,stable,1,8972,8
gradcam-f0edecda4b3f0a19d63b,population-2a9bc5280db4a65672a1bbcb,survface,survface:unknown_unknown_probe:5872_cam1_51,adaface-4df25b75e065b0b9ed43,pq,pq_512_m32_b8,pq_reconstruction_cosine,0.01,False,frozen_origin,-0.0479398369789123,True,False,False,True,True,0.4448032115412776,True,stable,2,8972,8
gradcam-2ade933cf9181daef1d8,population-2a9bc5280db4a65672a1bbcb,survface,survface:registered_probe:5647_cam1_249,adaface-4df25b75e065b0b9ed43,pq,pq_512_m32_b8,pq_reconstruction_cosine,0.01,True,frozen_origin,-0.0154916644096374,True,False,False,True,True,0.4476457969864262,True,stable,3,8972,8
gradcam-a352d7cb318772226ccd,population-2a9bc5280db4a65672a1bbcb,survface,survface:registered_probe:5647_cam1_254,adaface-4df25b75e065b0b9ed43,pq,pq_512_m32_b8,pq_reconstruction_cosine,0.01,True,frozen_origin,-0.0170866250991821,True,False,False,True,True,0.4499469505586643,True,stable,4,8972,8
gradcam-82ea53d611a725bc10e9,population-2a9bc5280db4a65672a1bbcb,survface,survface:unknown_unknown_probe:10256_cam1_14,adaface-4df25b75e065b0b9ed43,pq,pq_512_m32_b8,pq_reconstruction_cosine,0.01,False,frozen_origin,-0.036787986755371,True,False,False,True,True,0.4519982045070939,True,stable,5,8972,8
gradcam-b27586876668bb421b39,population-2a9bc5280db4a65672a1bbcb,survface,survface:unknown_unknown_probe:5854_cam1_10,adaface-4df25b75e065b0b9ed43,pq,pq_512_m32_b8,pq_reconstruction_cosine,0.01,False,frozen_origin,-0.0040043592453002,True,False,False,True,True,0.4525014848503292,True,stable,6,8972,8
gradcam-74227d59540ec954c9bf,population-2a9bc5280db4a65672a1bbcb,survface,survface:registered_probe:5647_cam1_47,adaface-4df25b75e065b0b9ed43,pq,pq_512_m32_b8,pq_reconstruction_cosine,0.01,True,frozen_origin,-0.0377466678619384,True,False,False,True,True,0.4528089821993939,True,stable,7,8972,8
gradcam-c8cdebc61f5c10aa1979,population-2a9bc5280db4a65672a1bbcb,survface,survface:registered_probe:5789_cam1_10,adaface-4df25b75e065b0b9ed43,pq,pq_512_m32_b8,pq_reconstruction_cosine,0.01,True,frozen_origin,-0.0158627033233642,True,False,False,True,True,0.4532777884621151,True,stable,8,8972,8
gradcam-66de7d135d82fc2bc1ee,population-2a9bc5280db4a65672a1bbcb,survface,survface:unknown_unknown_probe:4821_cam2_5,adaface-4df25b75e065b0b9ed43,pq,pq_512_m32_b8,pq_reconstruction_cosine,0.01,False,frozen_origin,-0.2741692066192627,True,True,False,True,True,0.8659980538880676,True,threshold_crossing,1,8972,8
gradcam-2846ae7dc8cf856464fe,population-2a9bc5280db4a65672a1bbcb,survface,survface:unknown_unknown_probe:4754_cam2_2,adaface-4df25b75e065b0b9ed43,pq,pq_512_m32_b8,pq_reconstruction_cosine,0.01,False,frozen_origin,-0.0850420594215393,True,True,False,True,True,0.7690155955694159,True,threshold_crossing,2,8972,8
gradcam-6af87cdcb78bbbd65cc9,population-2a9bc5280db4a65672a1bbcb,survface,survface:registered_probe:5462_cam1_6,adaface-4df25b75e065b0b9ed43,pq,pq_512_m32_b8,pq_reconstruction_cosine,0.01,True,frozen_origin,-0.1448308229446411,True,True,False,True,True,0.7448101722344764,True,threshold_crossing,3,8972,8
gradcam-98a9ed71573c344ba5eb,population-2a9bc5280db4a65672a1bbcb,survface,survface:unknown_unknown_probe:10448_cam2_21,adaface-4df25b75e065b0b9ed43,pq,pq_512_m32_b8,pq_reconstruction_cosine,0.01,False,frozen_origin,-0.0314680933952331,True,True,False,True,True,0.7388367586854443,True,threshold_crossing,4,8972,8
gradcam-7b3b813afa76ea8fd369,population-2a9bc5280db4a65672a1bbcb,survface,survface:registered_probe:5462_cam1_4,adaface-4df25b75e065b0b9ed43,pq,pq_512_m32_b8,pq_reconstruction_cosine,0.01,True,frozen_origin,-0.0660704374313354,True,True,False,True,True,0.7203073572069832,True,threshold_crossing,5,8972,8
gradcam-b4ac8759b6117735905d,population-2a9bc5280db4a65672a1bbcb,survface,survface:registered_probe:5462_cam1_2,adaface-4df25b75e065b0b9ed43,pq,pq_512_m32_b8,pq_reconstruction_cosine,0.01,True,frozen_origin,-0.0752261877059936,True,True,False,True,True,0.7065581384579359,True,threshold_crossing,6,8972,8
gradcam-10f477642963c7de05bb,population-2a9bc5280db4a65672a1bbcb,survface,survface:unknown_unknown_probe:distractors_5557,adaface-4df25b75e065b0b9ed43,pq,pq_512_m32_b8,pq_reconstruction_cosine,0.01,False,frozen_origin,-0.0955219268798828,False,True,False,True,True,0.7055581190100315,True,threshold_crossing,7,8972,8
gradcam-0c248462d4a662a47a6a,population-2a9bc5280db4a65672a1bbcb,survface,survface:unknown_unknown_probe:513_cam3_1,adaface-4df25b75e065b0b9ed43,pq,pq_512_m32_b8,pq_reconstruction_cosine,0.01,False,frozen_origin,-0.0891842246055603,False,True,False,True,True,0.6975782302261756,True,threshold_crossing,8,8972,8
gradcam-ca15c0ae6e3b5a6e3f5a,population-2a9bc5280db4a65672a1bbcb,survface,survface:unknown_unknown_probe:distractors_2579,adaface-4df25b75e065b0b9ed43,pq,pq_512_m32_b8,pq_reconstruction_cosine,0.05,False,frozen_origin,0.1242328584194183,True,False,False,True,True,1.0132817978012083,True,high_error,1,8972,8
gradcam-1f5ed8b4ae31aafce47e,population-2a9bc5280db4a65672a1bbcb,survface,survface:registered_probe:5244_22,adaface-4df25b75e065b0b9ed43,pq,pq_512_m32_b8,pq_reconstruction_cosine,0.05,True,frozen_origin,-0.117397665977478,True,False,False,True,True,1.0058073239538097,True,high_error,2,8972,8
gradcam-7bdecf48dcf4972f9c15,population-2a9bc5280db4a65672a1bbcb,survface,survface:unknown_unknown_probe:3816_cam2_1,adaface-4df25b75e065b0b9ed43,pq,pq_512_m32_b8,pq_reconstruction_cosine,0.05,False,frozen_origin,0.0814484059810638,True,False,False,True,True,0.9922306606050776,True,high_error,3,8972,8
gradcam-712840d371e818810acc,population-2a9bc5280db4a65672a1bbcb,survface,survface:registered_probe:5244_28,adaface-4df25b75e065b0b9ed43,pq,pq_512_m32_b8,pq_reconstruction_cosine,0.05,True,frozen_origin,-0.183773934841156,True,False,False,True,True,0.9856496447160734,True,high_error,4,8972,8
gradcam-eb21c541280bf737e193,population-2a9bc5280db4a65672a1bbcb,survface,survface:registered_probe:5293_25,adaface-4df25b75e065b0b9ed43,pq,pq_512_m32_b8,pq_reconstruction_cosine,0.05,True,frozen_origin,-0.1853399872779846,True,False,False,True,True,0.9754822032732764,True,high_error,5,8972,8
gradcam-b1a0c98f3377032075e4,population-2a9bc5280db4a65672a1bbcb,survface,survface:registered_probe:5255_34,adaface-4df25b75e065b0b9ed43,pq,pq_512_m32_b8,pq_reconstruction_cosine,0.05,True,frozen_origin,-0.02167809009552,True,False,False,True,True,0.9713679859987094,True,high_error,6,8972,8
gradcam-4cfe7d18c60557cb368c,population-2a9bc5280db4a65672a1bbcb,survface,survface:registered_probe:5293_22,adaface-4df25b75e065b0b9ed43,pq,pq_512_m32_b8,pq_reconstruction_cosine,0.05,True,frozen_origin,-0.1835033893585205,True,False,False,True,True,0.9707724180504428,True,high_error,7,8972,8
gradcam-e3eb5bed2481061ba5d3,population-2a9bc5280db4a65672a1bbcb,survface,survface:registered_probe:5255_35,adaface-4df25b75e065b0b9ed43,pq,pq_512_m32_b8,pq_reconstruction_cosine,0.05,True,frozen_origin,-0.0414526164531707,True,False,False,True,True,0.9703157448178212,True,high_error,8,8972,8
gradcam-f5da115ff468a3ce3a2f,population-2a9bc5280db4a65672a1bbcb,survface,survface:registered_probe:2973_cam3_1,adaface-4df25b75e065b0b9ed43,pq,pq_512_m32_b8,pq_reconstruction_cosine,0.05,True,frozen_origin,-0.0011488795280456,False,False,False,True,True,1.0487426527963264,True,rank_flip,1,8972,8
gradcam-247e64f286da247b5a69,population-2a9bc5280db4a65672a1bbcb,survface,survface:unknown_unknown_probe:4245_cam2_1,adaface-4df25b75e065b0b9ed43,pq,pq_512_m32_b8,pq_reconstruction_cosine,0.05,False,frozen_origin,0.0796011090278625,False,False,False,True,True,1.0427943289063364,True,rank_flip,2,8972,8
gradcam-e3cec7add2ae18a32993,population-2a9bc5280db4a65672a1bbcb,survface,survface:unknown_unknown_probe:698_cam2_1,adaface-4df25b75e065b0b9ed43,pq,pq_512_m32_b8,pq_reconstruction_cosine,0.05,False,frozen_origin,0.0859417915344238,False,False,False,True,True,1.0110083072051073,True,rank_flip,3,8972,8
gradcam-b56b9cc732f73139a2b0,population-2a9bc5280db4a65672a1bbcb,survface,survface:unknown_unknown_probe:2721_cam1_1,adaface-4df25b75e065b0b9ed43,pq,pq_512_m32_b8,pq_reconstruction_cosine,0.05,False,frozen_origin,0.0416598618030548,False,False,False,True,True,1.0099427934116982,True,rank_flip,4,8972,8
gradcam-722cbff7703cbcf73063,population-2a9bc5280db4a65672a1bbcb,survface,survface:unknown_unknown_probe:distractors_5421,adaface-4df25b75e065b0b9ed43,pq,pq_512_m32_b8,pq_reconstruction_cosine,0.05,False,frozen_origin,0.0959363132715225,False,False,False,True,True,1.0080119048937222,True,rank_flip,5,8972,8
gradcam-a921399e02c36d2d5f41,population-2a9bc5280db4a65672a1bbcb,survface,survface:unknown_unknown_probe:distractors_4105,adaface-4df25b75e065b0b9ed43,pq,pq_512_m32_b8,pq_reconstruction_cosine,0.05,False,frozen_origin,0.00405815243721,False,False,False,True,True,1.0065650190524749,True,rank_flip,6,8972,8
gradcam-2abeaea318fc9edd0cd4,population-2a9bc5280db4a65672a1bbcb,survface,survface:unknown_unknown_probe:2756_cam4_1,adaface-4df25b75e065b0b9ed43,pq,pq_512_m32_b8,pq_reconstruction_cosine,0.05,False,frozen_origin,0.095507264137268,False,False,False,True,True,1.0064863681958172,True,rank_flip,7,8972,8
gradcam-856930cf00dc19b51ee7,population-2a9bc5280db4a65672a1bbcb,survface,survface:registered_probe:8645_cam2_17,adaface-4df25b75e065b0b9ed43,pq,pq_512_m32_b8,pq_reconstruction_cosine,0.05,True,frozen_origin,0.0682578086853027,False,False,False,True,True,0.9982635163457696,True,rank_flip,8,8972,8
gradcam-c3cea25a62a96286681a,population-2a9bc5280db4a65672a1bbcb,survface,survface:registered_probe:5678_cam1_23,adaface-4df25b75e065b0b9ed43,pq,pq_512_m32_b8,pq_reconstruction_cosine,0.05,True,frozen_origin,-0.0468574166297912,True,False,False,True,True,0.4353418103918902,True,stable,1,8972,8
gradcam-36c67aadf5f668616af5,population-2a9bc5280db4a65672a1bbcb,survface,survface:unknown_unknown_probe:5751_cam2_17,adaface-4df25b75e065b0b9ed43,pq,pq_512_m32_b8,pq_reconstruction_cosine,0.05,False,frozen_origin,-0.0112969875335693,True,False,False,True,True,0.4402120694461562,True,stable,2,8972,8
gradcam-ce3c18d41960b7228ff4,population-2a9bc5280db4a65672a1bbcb,survface,survface:unknown_unknown_probe:5872_cam1_51,adaface-4df25b75e065b0b9ed43,pq,pq_512_m32_b8,pq_reconstruction_cosine,0.05,False,frozen_origin,-0.0479398369789123,True,False,False,True,True,0.4448032115412776,True,stable,3,8972,8
gradcam-0e85409766169d4fb0f1,population-2a9bc5280db4a65672a1bbcb,survface,survface:registered_probe:5647_cam1_249,adaface-4df25b75e065b0b9ed43,pq,pq_512_m32_b8,pq_reconstruction_cosine,0.05,True,frozen_origin,-0.0154916644096374,True,False,False,True,True,0.4476457969864262,True,stable,4,8972,8
gradcam-483fccd399dbc77f4ee2,population-2a9bc5280db4a65672a1bbcb,survface,survface:registered_probe:5647_cam1_254,adaface-4df25b75e065b0b9ed43,pq,pq_512_m32_b8,pq_reconstruction_cosine,0.05,True,frozen_origin,-0.0170866250991821,True,False,False,True,True,0.4499469505586643,True,stable,5,8972,8
gradcam-13c1648ee64a2afc3e9e,population-2a9bc5280db4a65672a1bbcb,survface,survface:unknown_unknown_probe:5674_cam2_71,adaface-4df25b75e065b0b9ed43,pq,pq_512_m32_b8,pq_reconstruction_cosine,0.05,False,frozen_origin,-0.0389285087585449,True,False,False,True,True,0.450019357546034,True,stable,6,8972,8
gradcam-b0cd4ff138bb350aa1cd,population-2a9bc5280db4a65672a1bbcb,survface,survface:unknown_unknown_probe:10256_cam1_14,adaface-4df25b75e065b0b9ed43,pq,pq_512_m32_b8,pq_reconstruction_cosine,0.05,False,frozen_origin,-0.036787986755371,True,False,False,True,True,0.4519982045070939,True,stable,7,8972,8
gradcam-7f8f5419a6e70667e2f2,population-2a9bc5280db4a65672a1bbcb,survface,survface:unknown_unknown_probe:5854_cam1_10,adaface-4df25b75e065b0b9ed43,pq,pq_512_m32_b8,pq_reconstruction_cosine,0.05,False,frozen_origin,-0.0040043592453002,True,False,False,True,True,0.4525014848503292,True,stable,8,8972,8
gradcam-f99d4ea0857d57241067,population-2a9bc5280db4a65672a1bbcb,survface,survface:unknown_unknown_probe:4821_cam2_5,adaface-4df25b75e065b0b9ed43,pq,pq_512_m32_b8,pq_reconstruction_cosine,0.05,False,frozen_origin,-0.2741692066192627,True,True,False,True,True,0.8659980538880676,True,threshold_crossing,1,8972,8
gradcam-a9c20351c4ab24a43e3b,population-2a9bc5280db4a65672a1bbcb,survface,survface:registered_probe:5227_16,adaface-4df25b75e065b0b9ed43,pq,pq_512_m32_b8,pq_reconstruction_cosine,0.05,True,frozen_origin,-0.144736647605896,True,True,False,True,True,0.8395926013024109,True,threshold_crossing,2,8972,8
gradcam-a941448333cabc5bc1ef,population-2a9bc5280db4a65672a1bbcb,survface,survface:registered_probe:5061_cam2_4,adaface-4df25b75e065b0b9ed43,pq,pq_512_m32_b8,pq_reconstruction_cosine,0.05,True,frozen_origin,-0.1595277190208435,True,True,False,True,True,0.8167377897475508,True,threshold_crossing,3,8972,8
gradcam-5aabb5594ffd2a4f5ce3,population-2a9bc5280db4a65672a1bbcb,survface,survface:unknown_unknown_probe:distractors_4002,adaface-4df25b75e065b0b9ed43,pq,pq_512_m32_b8,pq_reconstruction_cosine,0.05,False,frozen_origin,-0.0609052777290344,True,True,False,True,True,0.7796973310590157,True,threshold_crossing,4,8972,8
gradcam-a79fc1f9511d0a2bf972,population-2a9bc5280db4a65672a1bbcb,survface,survface:unknown_unknown_probe:4754_cam2_2,adaface-4df25b75e065b0b9ed43,pq,pq_512_m32_b8,pq_reconstruction_cosine,0.05,False,frozen_origin,-0.0850420594215393,True,True,False,True,True,0.7690155955694159,True,threshold_crossing,5,8972,8
gradcam-cd735ef9821c1f969af3,population-2a9bc5280db4a65672a1bbcb,survface,survface:registered_probe:5789_cam1_123,adaface-4df25b75e065b0b9ed43,pq,pq_512_m32_b8,pq_reconstruction_cosine,0.05,True,frozen_origin,-0.0957794189453125,True,True,False,True,True,0.7551417842596116,True,threshold_crossing,6,8972,8
gradcam-8d9dfdd9e18deddbe5f0,population-2a9bc5280db4a65672a1bbcb,survface,survface:registered_probe:5462_cam1_6,adaface-4df25b75e065b0b9ed43,pq,pq_512_m32_b8,pq_reconstruction_cosine,0.05,True,frozen_origin,-0.1448308229446411,True,True,False,True,True,0.7448101722344764,True,threshold_crossing,7,8972,8
gradcam-8156b9f367722ca28ea3,population-2a9bc5280db4a65672a1bbcb,survface,survface:registered_probe:5460_cam1_9,adaface-4df25b75e065b0b9ed43,pq,pq_512_m32_b8,pq_reconstruction_cosine,0.05,True,frozen_origin,-0.1353052854537964,True,True,False,True,True,0.7354295037503186,True,threshold_crossing,8,8972,8
gradcam-fe629980d49c2bf6a462,population-2a9bc5280db4a65672a1bbcb,survface,survface:unknown_unknown_probe:distractors_2579,adaface-4df25b75e065b0b9ed43,pq,pq_512_m32_b8,pq_reconstruction_cosine,0.1,False,frozen_origin,0.1242328584194183,True,False,False,True,True,1.0132817978012083,True,high_error,1,8972,8
gradcam-8c64bd24ed6920ec9df0,population-2a9bc5280db4a65672a1bbcb,survface,survface:registered_probe:5244_22,adaface-4df25b75e065b0b9ed43,pq,pq_512_m32_b8,pq_reconstruction_cosine,0.1,True,frozen_origin,-0.117397665977478,True,False,False,True,True,1.0058073239538097,True,high_error,2,8972,8
gradcam-f28864b000fd018a4742,population-2a9bc5280db4a65672a1bbcb,survface,survface:unknown_unknown_probe:3816_cam2_1,adaface-4df25b75e065b0b9ed43,pq,pq_512_m32_b8,pq_reconstruction_cosine,0.1,False,frozen_origin,0.0814484059810638,True,False,False,True,True,0.9922306606050776,True,high_error,3,8972,8
gradcam-872a3547e2a0e48d0cdb,population-2a9bc5280db4a65672a1bbcb,survface,survface:registered_probe:5244_28,adaface-4df25b75e065b0b9ed43,pq,pq_512_m32_b8,pq_reconstruction_cosine,0.1,True,frozen_origin,-0.183773934841156,True,False,False,True,True,0.9856496447160734,True,high_error,4,8972,8
gradcam-76091e92a1f0d88041e8,population-2a9bc5280db4a65672a1bbcb,survface,survface:registered_probe:5293_25,adaface-4df25b75e065b0b9ed43,pq,pq_512_m32_b8,pq_reconstruction_cosine,0.1,True,frozen_origin,-0.1853399872779846,True,False,False,True,True,0.9754822032732764,True,high_error,5,8972,8
gradcam-ea54268ae5eaf37b68f6,population-2a9bc5280db4a65672a1bbcb,survface,survface:registered_probe:5255_34,adaface-4df25b75e065b0b9ed43,pq,pq_512_m32_b8,pq_reconstruction_cosine,0.1,True,frozen_origin,-0.02167809009552,True,False,False,True,True,0.9713679859987094,True,high_error,6,8972,8
gradcam-299513dc01d9e1fde96a,population-2a9bc5280db4a65672a1bbcb,survface,survface:registered_probe:5293_22,adaface-4df25b75e065b0b9ed43,pq,pq_512_m32_b8,pq_reconstruction_cosine,0.1,True,frozen_origin,-0.1835033893585205,True,False,False,True,True,0.9707724180504428,True,high_error,7,8972,8
gradcam-a8b21ec860f3a98b7233,population-2a9bc5280db4a65672a1bbcb,survface,survface:registered_probe:5255_35,adaface-4df25b75e065b0b9ed43,pq,pq_512_m32_b8,pq_reconstruction_cosine,0.1,True,frozen_origin,-0.0414526164531707,True,False,False,True,True,0.9703157448178212,True,high_error,8,8972,8
gradcam-0d3430ea789fc3a7fb71,population-2a9bc5280db4a65672a1bbcb,survface,survface:registered_probe:2973_cam3_1,adaface-4df25b75e065b0b9ed43,pq,pq_512_m32_b8,pq_reconstruction_cosine,0.1,True,frozen_origin,-0.0011488795280456,False,False,False,True,True,1.0487426527963264,True,rank_flip,1,8972,8
gradcam-fe34b1d48b44080a84ba,population-2a9bc5280db4a65672a1bbcb,survface,survface:unknown_unknown_probe:4245_cam2_1,adaface-4df25b75e065b0b9ed43,pq,pq_512_m32_b8,pq_reconstruction_cosine,0.1,False,frozen_origin,0.0796011090278625,False,False,False,True,True,1.0427943289063364,True,rank_flip,2,8972,8
gradcam-5edff5151e80278f1335,population-2a9bc5280db4a65672a1bbcb,survface,survface:unknown_unknown_probe:698_cam2_1,adaface-4df25b75e065b0b9ed43,pq,pq_512_m32_b8,pq_reconstruction_cosine,0.1,False,frozen_origin,0.0859417915344238,False,False,False,True,True,1.0110083072051073,True,rank_flip,3,8972,8
gradcam-63192d8aebfdf98f777e,population-2a9bc5280db4a65672a1bbcb,survface,survface:unknown_unknown_probe:2721_cam1_1,adaface-4df25b75e065b0b9ed43,pq,pq_512_m32_b8,pq_reconstruction_cosine,0.1,False,frozen_origin,0.0416598618030548,False,False,False,True,True,1.0099427934116982,True,rank_flip,4,8972,8
gradcam-e18613e9dc8bcf709d10,population-2a9bc5280db4a65672a1bbcb,survface,survface:unknown_unknown_probe:distractors_5421,adaface-4df25b75e065b0b9ed43,pq,pq_512_m32_b8,pq_reconstruction_cosine,0.1,False,frozen_origin,0.0959363132715225,False,False,False,True,True,1.0080119048937222,True,rank_flip,5,8972,8
gradcam-5b4efb2ccfaba85c8521,population-2a9bc5280db4a65672a1bbcb,survface,survface:unknown_unknown_probe:distractors_4105,adaface-4df25b75e065b0b9ed43,pq,pq_512_m32_b8,pq_reconstruction_cosine,0.1,False,frozen_origin,0.00405815243721,False,False,False,True,True,1.0065650190524749,True,rank_flip,6,8972,8
gradcam-7fefa524df839c398e7a,population-2a9bc5280db4a65672a1bbcb,survface,survface:unknown_unknown_probe:2756_cam4_1,adaface-4df25b75e065b0b9ed43,pq,pq_512_m32_b8,pq_reconstruction_cosine,0.1,False,frozen_origin,0.095507264137268,False,False,False,True,True,1.0064863681958172,True,rank_flip,7,8972,8
gradcam-42e5802578f570532f80,population-2a9bc5280db4a65672a1bbcb,survface,survface:registered_probe:8645_cam2_17,adaface-4df25b75e065b0b9ed43,pq,pq_512_m32_b8,pq_reconstruction_cosine,0.1,True,frozen_origin,0.0682578086853027,False,False,False,True,True,0.9982635163457696,True,rank_flip,8,8972,8
gradcam-5bde72a9316c02f51c42,population-2a9bc5280db4a65672a1bbcb,survface,survface:registered_probe:5678_cam1_23,adaface-4df25b75e065b0b9ed43,pq,pq_512_m32_b8,pq_reconstruction_cosine,0.1,True,frozen_origin,-0.0468574166297912,True,False,False,True,True,0.4353418103918902,True,stable,1,8972,8
gradcam-8efd061e47dc9cc4f1ae,population-2a9bc5280db4a65672a1bbcb,survface,survface:unknown_unknown_probe:5751_cam2_17,adaface-4df25b75e065b0b9ed43,pq,pq_512_m32_b8,pq_reconstruction_cosine,0.1,False,frozen_origin,-0.0112969875335693,True,False,False,True,True,0.4402120694461562,True,stable,2,8972,8
gradcam-f5ccddcc17868cda2ba7,population-2a9bc5280db4a65672a1bbcb,survface,survface:unknown_unknown_probe:5872_cam1_51,adaface-4df25b75e065b0b9ed43,pq,pq_512_m32_b8,pq_reconstruction_cosine,0.1,False,frozen_origin,-0.0479398369789123,True,False,False,True,True,0.4448032115412776,True,stable,3,8972,8
gradcam-2e3c7ff0e27267f57247,population-2a9bc5280db4a65672a1bbcb,survface,survface:registered_probe:5647_cam1_249,adaface-4df25b75e065b0b9ed43,pq,pq_512_m32_b8,pq_reconstruction_cosine,0.1,True,frozen_origin,-0.0154916644096374,True,False,False,True,True,0.4476457969864262,True,stable,4,8972,8
gradcam-3c3c2634fcc44e1e56bd,population-2a9bc5280db4a65672a1bbcb,survface,survface:registered_probe:5647_cam1_254,adaface-4df25b75e065b0b9ed43,pq,pq_512_m32_b8,pq_reconstruction_cosine,0.1,True,frozen_origin,-0.0170866250991821,True,False,False,True,True,0.4499469505586643,True,stable,5,8972,8
gradcam-7311ea174b81aff4d70d,population-2a9bc5280db4a65672a1bbcb,survface,survface:unknown_unknown_probe:5674_cam2_71,adaface-4df25b75e065b0b9ed43,pq,pq_512_m32_b8,pq_reconstruction_cosine,0.1,False,frozen_origin,-0.0389285087585449,True,False,False,True,True,0.450019357546034,True,stable,6,8972,8
gradcam-00b2d9f9c4776767c846,population-2a9bc5280db4a65672a1bbcb,survface,survface:unknown_unknown_probe:10256_cam1_14,adaface-4df25b75e065b0b9ed43,pq,pq_512_m32_b8,pq_reconstruction_cosine,0.1,False,frozen_origin,-0.036787986755371,True,False,False,True,True,0.4519982045070939,True,stable,7,8972,8
gradcam-f37841b889ddc22fd37e,population-2a9bc5280db4a65672a1bbcb,survface,survface:unknown_unknown_probe:5854_cam1_10,adaface-4df25b75e065b0b9ed43,pq,pq_512_m32_b8,pq_reconstruction_cosine,0.1,False,frozen_origin,-0.0040043592453002,True,False,False,True,True,0.4525014848503292,True,stable,8,8972,8
gradcam-6d73b68c7dc4222da24c,population-2a9bc5280db4a65672a1bbcb,survface,survface:unknown_unknown_probe:4821_cam2_5,adaface-4df25b75e065b0b9ed43,pq,pq_512_m32_b8,pq_reconstruction_cosine,0.1,False,frozen_origin,-0.2741692066192627,True,True,False,True,True,0.8659980538880676,True,threshold_crossing,1,8972,8
gradcam-204dacb7ba0639af21fb,population-2a9bc5280db4a65672a1bbcb,survface,survface:unknown_unknown_probe:1346_cam1_1,adaface-4df25b75e065b0b9ed43,pq,pq_512_m32_b8,pq_reconstruction_cosine,0.1,False,frozen_origin,-0.2628407478332519,True,True,False,True,True,0.8644591808915437,True,threshold_crossing,2,8972,8
gradcam-9bf94cf85579894c45b9,population-2a9bc5280db4a65672a1bbcb,survface,survface:registered_probe:5227_16,adaface-4df25b75e065b0b9ed43,pq,pq_512_m32_b8,pq_reconstruction_cosine,0.1,True,frozen_origin,-0.144736647605896,True,True,False,True,True,0.8395926013024109,True,threshold_crossing,3,8972,8
gradcam-4bc60c13abd1c4bc087c,population-2a9bc5280db4a65672a1bbcb,survface,survface:registered_probe:5225_16,adaface-4df25b75e065b0b9ed43,pq,pq_512_m32_b8,pq_reconstruction_cosine,0.1,True,frozen_origin,-0.1175804734230041,True,True,False,True,True,0.8257196635326297,True,threshold_crossing,4,8972,8
gradcam-e54c41f4061cec007a90,population-2a9bc5280db4a65672a1bbcb,survface,survface:registered_probe:5061_cam2_4,adaface-4df25b75e065b0b9ed43,pq,pq_512_m32_b8,pq_reconstruction_cosine,0.1,True,frozen_origin,-0.1595277190208435,True,True,False,True,True,0.8167377897475508,True,threshold_crossing,5,8972,8
gradcam-674b834bcb4e786b4bcc,population-2a9bc5280db4a65672a1bbcb,survface,survface:unknown_unknown_probe:distractors_4002,adaface-4df25b75e065b0b9ed43,pq,pq_512_m32_b8,pq_reconstruction_cosine,0.1,False,frozen_origin,-0.0609052777290344,True,True,False,True,True,0.7796973310590157,True,threshold_crossing,6,8972,8
gradcam-0a2ea436649d1e439c64,population-2a9bc5280db4a65672a1bbcb,survface,survface:unknown_unknown_probe:4754_cam2_2,adaface-4df25b75e065b0b9ed43,pq,pq_512_m32_b8,pq_reconstruction_cosine,0.1,False,frozen_origin,-0.0850420594215393,True,True,False,True,True,0.7690155955694159,True,threshold_crossing,7,8972,8
gradcam-2534c65970ce9914fba7,population-2a9bc5280db4a65672a1bbcb,survface,survface:registered_probe:5789_cam1_123,adaface-4df25b75e065b0b9ed43,pq,pq_512_m32_b8,pq_reconstruction_cosine,0.1,True,frozen_origin,-0.0957794189453125,True,True,False,True,True,0.7551417842596116,True,threshold_crossing,8,8972,8
gradcam-0512f7d30c6c1b57bdaa,population-2a9bc5280db4a65672a1bbcb,survface,survface:unknown_unknown_probe:distractors_2579,adaface-4df25b75e065b0b9ed43,pq,pq_512_m32_b8,pq_reconstruction_cosine,0.2,False,frozen_origin,0.1242328584194183,True,False,False,True,True,1.0132817978012083,True,high_error,1,8972,8
gradcam-7c35ac831fee488ad23b,population-2a9bc5280db4a65672a1bbcb,survface,survface:registered_probe:5244_22,adaface-4df25b75e065b0b9ed43,pq,pq_512_m32_b8,pq_reconstruction_cosine,0.2,True,frozen_origin,-0.117397665977478,True,False,False,True,True,1.0058073239538097,True,high_error,2,8972,8
gradcam-855f8296faeee2da882b,population-2a9bc5280db4a65672a1bbcb,survface,survface:unknown_unknown_probe:3816_cam2_1,adaface-4df25b75e065b0b9ed43,pq,pq_512_m32_b8,pq_reconstruction_cosine,0.2,False,frozen_origin,0.0814484059810638,True,False,False,True,True,0.9922306606050776,True,high_error,3,8972,8
gradcam-104e4f1b07775c2898de,population-2a9bc5280db4a65672a1bbcb,survface,survface:registered_probe:5244_28,adaface-4df25b75e065b0b9ed43,pq,pq_512_m32_b8,pq_reconstruction_cosine,0.2,True,frozen_origin,-0.183773934841156,True,False,False,True,True,0.9856496447160734,True,high_error,4,8972,8
gradcam-6447f10114e8ad0fa979,population-2a9bc5280db4a65672a1bbcb,survface,survface:registered_probe:5293_25,adaface-4df25b75e065b0b9ed43,pq,pq_512_m32_b8,pq_reconstruction_cosine,0.2,True,frozen_origin,-0.1853399872779846,True,False,False,True,True,0.9754822032732764,True,high_error,5,8972,8
gradcam-c39237137ca6654328f9,population-2a9bc5280db4a65672a1bbcb,survface,survface:registered_probe:5255_34,adaface-4df25b75e065b0b9ed43,pq,pq_512_m32_b8,pq_reconstruction_cosine,0.2,True,frozen_origin,-0.02167809009552,True,False,False,True,True,0.9713679859987094,True,high_error,6,8972,8
gradcam-db0df63b639265db3e75,population-2a9bc5280db4a65672a1bbcb,survface,survface:registered_probe:5293_22,adaface-4df25b75e065b0b9ed43,pq,pq_512_m32_b8,pq_reconstruction_cosine,0.2,True,frozen_origin,-0.1835033893585205,True,False,False,True,True,0.9707724180504428,True,high_error,7,8972,8
gradcam-a451fa04a695b12adece,population-2a9bc5280db4a65672a1bbcb,survface,survface:registered_probe:5255_35,adaface-4df25b75e065b0b9ed43,pq,pq_512_m32_b8,pq_reconstruction_cosine,0.2,True,frozen_origin,-0.0414526164531707,True,False,False,True,True,0.9703157448178212,True,high_error,8,8972,8
gradcam-d861c2261df957b22962,population-2a9bc5280db4a65672a1bbcb,survface,survface:registered_probe:2973_cam3_1,adaface-4df25b75e065b0b9ed43,pq,pq_512_m32_b8,pq_reconstruction_cosine,0.2,True,frozen_origin,-0.0011488795280456,False,False,False,True,True,1.0487426527963264,True,rank_flip,1,8972,8
gradcam-e600e86ac0c11f73c005,population-2a9bc5280db4a65672a1bbcb,survface,survface:unknown_unknown_probe:4245_cam2_1,adaface-4df25b75e065b0b9ed43,pq,pq_512_m32_b8,pq_reconstruction_cosine,0.2,False,frozen_origin,0.0796011090278625,False,False,False,True,True,1.0427943289063364,True,rank_flip,2,8972,8
gradcam-68752e3159df082bd692,population-2a9bc5280db4a65672a1bbcb,survface,survface:unknown_unknown_probe:698_cam2_1,adaface-4df25b75e065b0b9ed43,pq,pq_512_m32_b8,pq_reconstruction_cosine,0.2,False,frozen_origin,0.0859417915344238,False,False,False,True,True,1.0110083072051073,True,rank_flip,3,8972,8
gradcam-6dcd96f5101056e4e45b,population-2a9bc5280db4a65672a1bbcb,survface,survface:unknown_unknown_probe:2721_cam1_1,adaface-4df25b75e065b0b9ed43,pq,pq_512_m32_b8,pq_reconstruction_cosine,0.2,False,frozen_origin,0.0416598618030548,False,False,False,True,True,1.0099427934116982,True,rank_flip,4,8972,8
gradcam-27138e1864e7c1da1057,population-2a9bc5280db4a65672a1bbcb,survface,survface:unknown_unknown_probe:distractors_5421,adaface-4df25b75e065b0b9ed43,pq,pq_512_m32_b8,pq_reconstruction_cosine,0.2,False,frozen_origin,0.0959363132715225,False,False,False,True,True,1.0080119048937222,True,rank_flip,5,8972,8
gradcam-d59f4cdfad7a56e44523,population-2a9bc5280db4a65672a1bbcb,survface,survface:unknown_unknown_probe:distractors_4105,adaface-4df25b75e065b0b9ed43,pq,pq_512_m32_b8,pq_reconstruction_cosine,0.2,False,frozen_origin,0.00405815243721,False,False,False,True,True,1.0065650190524749,True,rank_flip,6,8972,8
gradcam-0de389d30969fd2ab6ea,population-2a9bc5280db4a65672a1bbcb,survface,survface:unknown_unknown_probe:2756_cam4_1,adaface-4df25b75e065b0b9ed43,pq,pq_512_m32_b8,pq_reconstruction_cosine,0.2,False,frozen_origin,0.095507264137268,False,False,False,True,True,1.0064863681958172,True,rank_flip,7,8972,8
gradcam-e7257fc4b754a3c44867,population-2a9bc5280db4a65672a1bbcb,survface,survface:registered_probe:8645_cam2_17,adaface-4df25b75e065b0b9ed43,pq,pq_512_m32_b8,pq_reconstruction_cosine,0.2,True,frozen_origin,0.0682578086853027,False,False,False,True,True,0.9982635163457696,True,rank_flip,8,8972,8
gradcam-eb1bf23a5be53cac6530,population-2a9bc5280db4a65672a1bbcb,survface,survface:registered_probe:5678_cam1_23,adaface-4df25b75e065b0b9ed43,pq,pq_512_m32_b8,pq_reconstruction_cosine,0.2,True,frozen_origin,-0.0468574166297912,True,False,False,True,True,0.4353418103918902,True,stable,1,8972,8
gradcam-e8b75f11d77cbd40eccb,population-2a9bc5280db4a65672a1bbcb,survface,survface:unknown_unknown_probe:5751_cam2_17,adaface-4df25b75e065b0b9ed43,pq,pq_512_m32_b8,pq_reconstruction_cosine,0.2,False,frozen_origin,-0.0112969875335693,True,False,False,True,True,0.4402120694461562,True,stable,2,8972,8
gradcam-b21d29cb72de4e4f015a,population-2a9bc5280db4a65672a1bbcb,survface,survface:unknown_unknown_probe:5872_cam1_51,adaface-4df25b75e065b0b9ed43,pq,pq_512_m32_b8,pq_reconstruction_cosine,0.2,False,frozen_origin,-0.0479398369789123,True,False,False,True,True,0.4448032115412776,True,stable,3,8972,8
gradcam-f0ba7c31a2538753c48f,population-2a9bc5280db4a65672a1bbcb,survface,survface:registered_probe:5647_cam1_249,adaface-4df25b75e065b0b9ed43,pq,pq_512_m32_b8,pq_reconstruction_cosine,0.2,True,frozen_origin,-0.0154916644096374,True,False,False,True,True,0.4476457969864262,True,stable,4,8972,8
gradcam-067120a8ee6d29e4d231,population-2a9bc5280db4a65672a1bbcb,survface,survface:registered_probe:5647_cam1_254,adaface-4df25b75e065b0b9ed43,pq,pq_512_m32_b8,pq_reconstruction_cosine,0.2,True,frozen_origin,-0.0170866250991821,True,False,False,True,True,0.4499469505586643,True,stable,5,8972,8
gradcam-e8b628e8dfea9b73576d,population-2a9bc5280db4a65672a1bbcb,survface,survface:unknown_unknown_probe:5674_cam2_71,adaface-4df25b75e065b0b9ed43,pq,pq_512_m32_b8,pq_reconstruction_cosine,0.2,False,frozen_origin,-0.0389285087585449,True,False,False,True,True,0.450019357546034,True,stable,6,8972,8
gradcam-3988dca84fb419e3a777,population-2a9bc5280db4a65672a1bbcb,survface,survface:unknown_unknown_probe:10256_cam1_14,adaface-4df25b75e065b0b9ed43,pq,pq_512_m32_b8,pq_reconstruction_cosine,0.2,False,frozen_origin,-0.036787986755371,True,False,False,True,True,0.4519982045070939,True,stable,7,8972,8
gradcam-c749a439484ba08445c7,population-2a9bc5280db4a65672a1bbcb,survface,survface:unknown_unknown_probe:5854_cam1_10,adaface-4df25b75e065b0b9ed43,pq,pq_512_m32_b8,pq_reconstruction_cosine,0.2,False,frozen_origin,-0.0040043592453002,True,False,False,True,True,0.4525014848503292,True,stable,8,8972,8
gradcam-2ec48aa39fc4537d1805,population-2a9bc5280db4a65672a1bbcb,survface,survface:registered_probe:5244_23,adaface-4df25b75e065b0b9ed43,pq,pq_512_m32_b8,pq_reconstruction_cosine,0.2,True,frozen_origin,-0.2111520171165466,True,True,False,True,True,0.9303461548590616,True,threshold_crossing,1,8972,8
gradcam-3fbdc904161a4316e416,population-2a9bc5280db4a65672a1bbcb,survface,survface:registered_probe:5241_26,adaface-4df25b75e065b0b9ed43,pq,pq_512_m32_b8,pq_reconstruction_cosine,0.2,True,frozen_origin,-0.1575852632522583,True,True,False,True,True,0.8864615526290968,True,threshold_crossing,2,8972,8
gradcam-5c0d82badbf4b99833bf,population-2a9bc5280db4a65672a1bbcb,survface,survface:unknown_unknown_probe:4821_cam2_5,adaface-4df25b75e065b0b9ed43,pq,pq_512_m32_b8,pq_reconstruction_cosine,0.2,False,frozen_origin,-0.2741692066192627,True,True,False,True,True,0.8659980538880676,True,threshold_crossing,3,8972,8
gradcam-fba2fab15fee9512c0a3,population-2a9bc5280db4a65672a1bbcb,survface,survface:unknown_unknown_probe:1346_cam1_1,adaface-4df25b75e065b0b9ed43,pq,pq_512_m32_b8,pq_reconstruction_cosine,0.2,False,frozen_origin,-0.2628407478332519,True,True,False,True,True,0.8644591808915437,True,threshold_crossing,4,8972,8
gradcam-d64d8943683cce68c9ae,population-2a9bc5280db4a65672a1bbcb,survface,survface:registered_probe:5227_16,adaface-4df25b75e065b0b9ed43,pq,pq_512_m32_b8,pq_reconstruction_cosine,0.2,True,frozen_origin,-0.144736647605896,True,True,False,True,True,0.8395926013024109,True,threshold_crossing,5,8972,8
gradcam-d2efef20af431d4c3da2,population-2a9bc5280db4a65672a1bbcb,survface,survface:registered_probe:5225_16,adaface-4df25b75e065b0b9ed43,pq,pq_512_m32_b8,pq_reconstruction_cosine,0.2,True,frozen_origin,-0.1175804734230041,True,True,False,True,True,0.8257196635326297,True,threshold_crossing,6,8972,8
gradcam-9a30a408dad88d03d0b8,population-2a9bc5280db4a65672a1bbcb,survface,survface:registered_probe:5061_cam2_4,adaface-4df25b75e065b0b9ed43,pq,pq_512_m32_b8,pq_reconstruction_cosine,0.2,True,frozen_origin,-0.1595277190208435,True,True,False,True,True,0.8167377897475508,True,threshold_crossing,7,8972,8
gradcam-9d82f49b00a9775fbd8d,population-2a9bc5280db4a65672a1bbcb,survface,survface:registered_probe:5227_7,adaface-4df25b75e065b0b9ed43,pq,pq_512_m32_b8,pq_reconstruction_cosine,0.2,True,frozen_origin,-0.189345121383667,False,True,False,True,True,0.7910249920808705,True,threshold_crossing,8,8972,8
gradcam-947c9bf0d173bb944bca,population-2a9bc5280db4a65672a1bbcb,survface,survface:unknown_unknown_probe:distractors_2579,adaface-4df25b75e065b0b9ed43,pq,pq_512_m32_b8,pq_reconstruction_cosine,0.3,False,frozen_origin,0.1242328584194183,True,False,False,True,True,1.0132817978012083,True,high_error,1,8972,8
gradcam-69cc8f87062f879c8a06,population-2a9bc5280db4a65672a1bbcb,survface,survface:registered_probe:5244_22,adaface-4df25b75e065b0b9ed43,pq,pq_512_m32_b8,pq_reconstruction_cosine,0.3,True,frozen_origin,-0.117397665977478,True,False,False,True,True,1.0058073239538097,True,high_error,2,8972,8
gradcam-3df1ddac563ac947d040,population-2a9bc5280db4a65672a1bbcb,survface,survface:unknown_unknown_probe:3816_cam2_1,adaface-4df25b75e065b0b9ed43,pq,pq_512_m32_b8,pq_reconstruction_cosine,0.3,False,frozen_origin,0.0814484059810638,True,False,False,True,True,0.9922306606050776,True,high_error,3,8972,8
gradcam-f2b3442d5191974b58b7,population-2a9bc5280db4a65672a1bbcb,survface,survface:registered_probe:5244_28,adaface-4df25b75e065b0b9ed43,pq,pq_512_m32_b8,pq_reconstruction_cosine,0.3,True,frozen_origin,-0.183773934841156,True,False,False,True,True,0.9856496447160734,True,high_error,4,8972,8
gradcam-369bce8db46cdbb6259a,population-2a9bc5280db4a65672a1bbcb,survface,survface:registered_probe:5293_25,adaface-4df25b75e065b0b9ed43,pq,pq_512_m32_b8,pq_reconstruction_cosine,0.3,True,frozen_origin,-0.1853399872779846,True,False,False,True,True,0.9754822032732764,True,high_error,5,8972,8
gradcam-0b75fc333face0416256,population-2a9bc5280db4a65672a1bbcb,survface,survface:registered_probe:5255_34,adaface-4df25b75e065b0b9ed43,pq,pq_512_m32_b8,pq_reconstruction_cosine,0.3,True,frozen_origin,-0.02167809009552,True,False,False,True,True,0.9713679859987094,True,high_error,6,8972,8
gradcam-f1305b16bd4c03d678e9,population-2a9bc5280db4a65672a1bbcb,survface,survface:registered_probe:5293_22,adaface-4df25b75e065b0b9ed43,pq,pq_512_m32_b8,pq_reconstruction_cosine,0.3,True,frozen_origin,-0.1835033893585205,True,False,False,True,True,0.9707724180504428,True,high_error,7,8972,8
gradcam-6cd3f6c98843d1dc343a,population-2a9bc5280db4a65672a1bbcb,survface,survface:registered_probe:5255_35,adaface-4df25b75e065b0b9ed43,pq,pq_512_m32_b8,pq_reconstruction_cosine,0.3,True,frozen_origin,-0.0414526164531707,True,False,False,True,True,0.9703157448178212,True,high_error,8,8972,8
gradcam-22a5ea4c8253dc1f0ca5,population-2a9bc5280db4a65672a1bbcb,survface,survface:registered_probe:2973_cam3_1,adaface-4df25b75e065b0b9ed43,pq,pq_512_m32_b8,pq_reconstruction_cosine,0.3,True,frozen_origin,-0.0011488795280456,False,False,False,True,True,1.0487426527963264,True,rank_flip,1,8972,8
gradcam-fb04d2b0080cbf533c6c,population-2a9bc5280db4a65672a1bbcb,survface,survface:unknown_unknown_probe:4245_cam2_1,adaface-4df25b75e065b0b9ed43,pq,pq_512_m32_b8,pq_reconstruction_cosine,0.3,False,frozen_origin,0.0796011090278625,False,False,False,True,True,1.0427943289063364,True,rank_flip,2,8972,8
gradcam-570c00cee34944a8c4a6,population-2a9bc5280db4a65672a1bbcb,survface,survface:unknown_unknown_probe:698_cam2_1,adaface-4df25b75e065b0b9ed43,pq,pq_512_m32_b8,pq_reconstruction_cosine,0.3,False,frozen_origin,0.0859417915344238,False,False,False,True,True,1.0110083072051073,True,rank_flip,3,8972,8
gradcam-72f7b23d7c4c898d7d65,population-2a9bc5280db4a65672a1bbcb,survface,survface:unknown_unknown_probe:2721_cam1_1,adaface-4df25b75e065b0b9ed43,pq,pq_512_m32_b8,pq_reconstruction_cosine,0.3,False,frozen_origin,0.0416598618030548,False,False,False,True,True,1.0099427934116982,True,rank_flip,4,8972,8
gradcam-a30ff8a144873377794e,population-2a9bc5280db4a65672a1bbcb,survface,survface:unknown_unknown_probe:distractors_5421,adaface-4df25b75e065b0b9ed43,pq,pq_512_m32_b8,pq_reconstruction_cosine,0.3,False,frozen_origin,0.0959363132715225,False,False,False,True,True,1.0080119048937222,True,rank_flip,5,8972,8
gradcam-aa14244ad2273f9f9597,population-2a9bc5280db4a65672a1bbcb,survface,survface:unknown_unknown_probe:distractors_4105,adaface-4df25b75e065b0b9ed43,pq,pq_512_m32_b8,pq_reconstruction_cosine,0.3,False,frozen_origin,0.00405815243721,False,False,False,True,True,1.0065650190524749,True,rank_flip,6,8972,8
gradcam-2bc4aeecddde88a465be,population-2a9bc5280db4a65672a1bbcb,survface,survface:unknown_unknown_probe:2756_cam4_1,adaface-4df25b75e065b0b9ed43,pq,pq_512_m32_b8,pq_reconstruction_cosine,0.3,False,frozen_origin,0.095507264137268,False,False,False,True,True,1.0064863681958172,True,rank_flip,7,8972,8
gradcam-a245ed72b46071461de4,population-2a9bc5280db4a65672a1bbcb,survface,survface:registered_probe:8645_cam2_17,adaface-4df25b75e065b0b9ed43,pq,pq_512_m32_b8,pq_reconstruction_cosine,0.3,True,frozen_origin,0.0682578086853027,False,False,False,True,True,0.9982635163457696,True,rank_flip,8,8972,8
gradcam-214ddf97e826409d5cc7,population-2a9bc5280db4a65672a1bbcb,survface,survface:registered_probe:5678_cam1_23,adaface-4df25b75e065b0b9ed43,pq,pq_512_m32_b8,pq_reconstruction_cosine,0.3,True,frozen_origin,-0.0468574166297912,True,False,False,True,True,0.4353418103918902,True,stable,1,8972,8
gradcam-b987ee2075dc18cd1738,population-2a9bc5280db4a65672a1bbcb,survface,survface:unknown_unknown_probe:5751_cam2_17,adaface-4df25b75e065b0b9ed43,pq,pq_512_m32_b8,pq_reconstruction_cosine,0.3,False,frozen_origin,-0.0112969875335693,True,False,False,True,True,0.4402120694461562,True,stable,2,8972,8
gradcam-3aafc087e4b89a343b1b,population-2a9bc5280db4a65672a1bbcb,survface,survface:unknown_unknown_probe:5872_cam1_51,adaface-4df25b75e065b0b9ed43,pq,pq_512_m32_b8,pq_reconstruction_cosine,0.3,False,frozen_origin,-0.0479398369789123,True,False,False,True,True,0.4448032115412776,True,stable,3,8972,8
gradcam-cf5f2179d31224c49059,population-2a9bc5280db4a65672a1bbcb,survface,survface:registered_probe:5647_cam1_249,adaface-4df25b75e065b0b9ed43,pq,pq_512_m32_b8,pq_reconstruction_cosine,0.3,True,frozen_origin,-0.0154916644096374,True,False,False,True,True,0.4476457969864262,True,stable,4,8972,8
gradcam-1e025dceea3397c5f520,population-2a9bc5280db4a65672a1bbcb,survface,survface:registered_probe:5647_cam1_254,adaface-4df25b75e065b0b9ed43,pq,pq_512_m32_b8,pq_reconstruction_cosine,0.3,True,frozen_origin,-0.0170866250991821,True,False,False,True,True,0.4499469505586643,True,stable,5,8972,8
gradcam-48979099c777239cb2d2,population-2a9bc5280db4a65672a1bbcb,survface,survface:unknown_unknown_probe:5674_cam2_71,adaface-4df25b75e065b0b9ed43,pq,pq_512_m32_b8,pq_reconstruction_cosine,0.3,False,frozen_origin,-0.0389285087585449,True,False,False,True,True,0.450019357546034,True,stable,6,8972,8
gradcam-aab72518a0c729b634c1,population-2a9bc5280db4a65672a1bbcb,survface,survface:unknown_unknown_probe:10256_cam1_14,adaface-4df25b75e065b0b9ed43,pq,pq_512_m32_b8,pq_reconstruction_cosine,0.3,False,frozen_origin,-0.036787986755371,True,False,False,True,True,0.4519982045070939,True,stable,7,8972,8
gradcam-dbeb0ede817ceb982640,population-2a9bc5280db4a65672a1bbcb,survface,survface:unknown_unknown_probe:5854_cam1_10,adaface-4df25b75e065b0b9ed43,pq,pq_512_m32_b8,pq_reconstruction_cosine,0.3,False,frozen_origin,-0.0040043592453002,True,False,False,True,True,0.4525014848503292,True,stable,8,8972,8
gradcam-821df3d5524cd043e42f,population-2a9bc5280db4a65672a1bbcb,survface,survface:registered_probe:5244_23,adaface-4df25b75e065b0b9ed43,pq,pq_512_m32_b8,pq_reconstruction_cosine,0.3,True,frozen_origin,-0.2111520171165466,True,True,False,True,True,0.9303461548590616,True,threshold_crossing,1,8972,8
gradcam-ccc037bc49eacf7bcc14,population-2a9bc5280db4a65672a1bbcb,survface,survface:unknown_unknown_probe:distractors_3013,adaface-4df25b75e065b0b9ed43,pq,pq_512_m32_b8,pq_reconstruction_cosine,0.3,False,frozen_origin,-0.1802388429641723,True,True,False,True,True,0.9026909810350636,True,threshold_crossing,2,8972,8
gradcam-11d7cc7ab7952699b30a,population-2a9bc5280db4a65672a1bbcb,survface,survface:registered_probe:5241_26,adaface-4df25b75e065b0b9ed43,pq,pq_512_m32_b8,pq_reconstruction_cosine,0.3,True,frozen_origin,-0.1575852632522583,True,True,False,True,True,0.8864615526290968,True,threshold_crossing,3,8972,8
gradcam-477dd9e714138df04e2e,population-2a9bc5280db4a65672a1bbcb,survface,survface:registered_probe:5227_19,adaface-4df25b75e065b0b9ed43,pq,pq_512_m32_b8,pq_reconstruction_cosine,0.3,True,frozen_origin,-0.1120637655258178,True,True,False,True,True,0.8837859822955161,True,threshold_crossing,4,8972,8
gradcam-acf7eeeb3a63ca71a2e0,population-2a9bc5280db4a65672a1bbcb,survface,survface:registered_probe:5241_25,adaface-4df25b75e065b0b9ed43,pq,pq_512_m32_b8,pq_reconstruction_cosine,0.3,True,frozen_origin,-0.1948230266571045,True,True,False,True,True,0.877113145807406,True,threshold_crossing,5,8972,8
gradcam-2339d3d73107459a59ca,population-2a9bc5280db4a65672a1bbcb,survface,survface:registered_probe:8739_cam1_97,adaface-4df25b75e065b0b9ed43,pq,pq_512_m32_b8,pq_reconstruction_cosine,0.3,True,frozen_origin,-0.2032678723335266,True,True,False,True,True,0.8701478366061421,True,threshold_crossing,6,8972,8
gradcam-3510b4e7131aa81c1f8a,population-2a9bc5280db4a65672a1bbcb,survface,survface:unknown_unknown_probe:4821_cam2_5,adaface-4df25b75e065b0b9ed43,pq,pq_512_m32_b8,pq_reconstruction_cosine,0.3,False,frozen_origin,-0.2741692066192627,True,True,False,True,True,0.8659980538880676,True,threshold_crossing,7,8972,8
gradcam-9ea9d688bfd28e32b82c,population-2a9bc5280db4a65672a1bbcb,survface,survface:unknown_unknown_probe:1346_cam1_1,adaface-4df25b75e065b0b9ed43,pq,pq_512_m32_b8,pq_reconstruction_cosine,0.3,False,frozen_origin,-0.2628407478332519,True,True,False,True,True,0.8644591808915437,True,threshold_crossing,8,8972,8
gradcam-28101bf23d9cfd8c6905,population-2a9bc5280db4a65672a1bbcb,survface,survface:registered_probe:2973_cam3_1,adaface-4df25b75e065b0b9ed43,pq,pq_512_m64_b8,pq_one_sided_cosine,0.01,True,frozen_origin,-0.1089117527008056,True,False,False,True,True,0.7565311888717425,True,high_error,1,8972,8
gradcam-1e949f0e0c0c3672a129,population-2a9bc5280db4a65672a1bbcb,survface,survface:unknown_unknown_probe:4245_cam2_1,adaface-4df25b75e065b0b9ed43,pq,pq_512_m64_b8,pq_one_sided_cosine,0.01,False,frozen_origin,-0.0462800115346908,True,False,False,True,True,0.7444295123905138,True,high_error,2,8972,8
gradcam-8a1cd9ebbd6ff1fdfe97,population-2a9bc5280db4a65672a1bbcb,survface,survface:registered_probe:5244_22,adaface-4df25b75e065b0b9ed43,pq,pq_512_m64_b8,pq_one_sided_cosine,0.01,True,frozen_origin,-0.141922652721405,True,False,False,True,True,0.7356740576139361,True,high_error,3,8972,8
gradcam-721a6a6736e8f3b6ac19,population-2a9bc5280db4a65672a1bbcb,survface,survface:registered_probe:9244_cam2_115,adaface-4df25b75e065b0b9ed43,pq,pq_512_m64_b8,pq_one_sided_cosine,0.01,True,frozen_origin,-0.0826436877250671,True,False,False,True,True,0.7261495339459564,True,high_error,4,8972,8
gradcam-3b926d1d78e3498bbc94,population-2a9bc5280db4a65672a1bbcb,survface,survface:registered_probe:595_cam1_1,adaface-4df25b75e065b0b9ed43,pq,pq_512_m64_b8,pq_one_sided_cosine,0.01,True,frozen_origin,-0.0294324308633804,True,False,False,True,True,0.7228027750320959,True,high_error,5,8972,8
gradcam-eb2e9798412a9e86b7d9,population-2a9bc5280db4a65672a1bbcb,survface,survface:unknown_unknown_probe:distractors_1945,adaface-4df25b75e065b0b9ed43,pq,pq_512_m64_b8,pq_one_sided_cosine,0.01,False,frozen_origin,-0.0800882279872894,True,False,False,True,True,0.7222670603218343,True,high_error,6,8972,8
gradcam-47fa38e0974b67e53eb9,population-2a9bc5280db4a65672a1bbcb,survface,survface:registered_probe:5206_33,adaface-4df25b75e065b0b9ed43,pq,pq_512_m64_b8,pq_one_sided_cosine,0.01,True,frozen_origin,-0.100274384021759,True,False,False,True,True,0.7204125499805419,True,high_error,7,8972,8
gradcam-e512dd5278f34b640a30,population-2a9bc5280db4a65672a1bbcb,survface,survface:unknown_unknown_probe:2667_cam2_1,adaface-4df25b75e065b0b9ed43,pq,pq_512_m64_b8,pq_one_sided_cosine,0.01,False,frozen_origin,-0.0726245641708374,True,False,False,True,True,0.7198394135604219,True,high_error,8,8972,8
gradcam-903488fbf6c3b3fa7e13,population-2a9bc5280db4a65672a1bbcb,survface,survface:unknown_unknown_probe:distractors_2579,adaface-4df25b75e065b0b9ed43,pq,pq_512_m64_b8,pq_one_sided_cosine,0.01,False,frozen_origin,-0.0860692262649536,False,False,False,True,True,0.7371069612488848,True,rank_flip,1,8972,8
gradcam-16d0acf36f86570134b3,population-2a9bc5280db4a65672a1bbcb,survface,survface:unknown_unknown_probe:distractors_2318,adaface-4df25b75e065b0b9ed43,pq,pq_512_m64_b8,pq_one_sided_cosine,0.01,False,frozen_origin,-0.0658870190382003,False,False,False,True,True,0.7287905401832422,True,rank_flip,2,8972,8
gradcam-2b4ba711c95b0c16e396,population-2a9bc5280db4a65672a1bbcb,survface,survface:unknown_unknown_probe:2721_cam1_1,adaface-4df25b75e065b0b9ed43,pq,pq_512_m64_b8,pq_one_sided_cosine,0.01,False,frozen_origin,-0.0703963786363601,False,False,False,True,True,0.7243728685128079,True,rank_flip,3,8972,8
gradcam-3bac5afac20465c7c812,population-2a9bc5280db4a65672a1bbcb,survface,survface:unknown_unknown_probe:1215_cam1_1,adaface-4df25b75e065b0b9ed43,pq,pq_512_m64_b8,pq_one_sided_cosine,0.01,False,frozen_origin,-0.0224349945783615,False,False,False,True,True,0.7186073999585274,True,rank_flip,4,8972,8
gradcam-026f8c18ebeb79eb0a5e,population-2a9bc5280db4a65672a1bbcb,survface,survface:unknown_unknown_probe:10055_cam2_75,adaface-4df25b75e065b0b9ed43,pq,pq_512_m64_b8,pq_one_sided_cosine,0.01,False,frozen_origin,-0.0473182499408721,False,False,False,True,True,0.7145957871135394,True,rank_flip,5,8972,8
gradcam-9b3752a4221a429198a6,population-2a9bc5280db4a65672a1bbcb,survface,survface:unknown_unknown_probe:distractors_216,adaface-4df25b75e065b0b9ed43,pq,pq_512_m64_b8,pq_one_sided_cosine,0.01,False,frozen_origin,-0.0390873253345489,False,False,False,True,True,0.713755317525402,True,rank_flip,6,8972,8
gradcam-67d2b6f35c1a783c41fe,population-2a9bc5280db4a65672a1bbcb,survface,survface:registered_probe:9552_cam2_76,adaface-4df25b75e065b0b9ed43,pq,pq_512_m64_b8,pq_one_sided_cosine,0.01,True,frozen_origin,-0.0128886401653289,False,False,False,True,True,0.7108721428959187,True,rank_flip,7,8972,8
gradcam-48be4f4be6d22a5883f8,population-2a9bc5280db4a65672a1bbcb,survface,survface:unknown_unknown_probe:9000_cam2_23,adaface-4df25b75e065b0b9ed43,pq,pq_512_m64_b8,pq_one_sided_cosine,0.01,False,frozen_origin,-0.0393005013465881,False,False,False,True,True,0.7101251888331542,True,rank_flip,8,8972,8
gradcam-0acfed6f11fb8b7b5a7b,population-2a9bc5280db4a65672a1bbcb,survface,survface:registered_probe:9745_cam1_53,adaface-4df25b75e065b0b9ed43,pq,pq_512_m64_b8,pq_one_sided_cosine,0.01,True,frozen_origin,-0.0332783460617065,True,False,False,True,True,0.3564730560975991,True,stable,1,8972,8
gradcam-90e7fd8f38b3b87a7b1a,population-2a9bc5280db4a65672a1bbcb,survface,survface:unknown_unknown_probe:5611_cam1_6,adaface-4df25b75e065b0b9ed43,pq,pq_512_m64_b8,pq_one_sided_cosine,0.01,False,frozen_origin,-0.0423372983932495,True,False,False,True,True,0.3648622708494422,True,stable,2,8972,8
gradcam-3ae58e1aa1efbf2d7c4c,population-2a9bc5280db4a65672a1bbcb,survface,survface:registered_probe:5678_cam1_23,adaface-4df25b75e065b0b9ed43,pq,pq_512_m64_b8,pq_one_sided_cosine,0.01,True,frozen_origin,-0.043484628200531,True,False,False,True,True,0.3651440002172576,True,stable,3,8972,8
gradcam-19ed0f0bff066371eca6,population-2a9bc5280db4a65672a1bbcb,survface,survface:unknown_unknown_probe:5674_cam2_23,adaface-4df25b75e065b0b9ed43,pq,pq_512_m64_b8,pq_one_sided_cosine,0.01,False,frozen_origin,-0.035180926322937,True,False,False,True,True,0.3671187457769288,True,stable,4,8972,8
gradcam-8fa961fd9dcec9544231,population-2a9bc5280db4a65672a1bbcb,survface,survface:registered_probe:5647_cam1_249,adaface-4df25b75e065b0b9ed43,pq,pq_512_m64_b8,pq_one_sided_cosine,0.01,True,frozen_origin,-0.0509201884269714,True,False,False,True,True,0.3673208595864157,True,stable,5,8972,8
gradcam-295dde9c5bf979b17795,population-2a9bc5280db4a65672a1bbcb,survface,survface:registered_probe:5647_cam1_198,adaface-4df25b75e065b0b9ed43,pq,pq_512_m64_b8,pq_one_sided_cosine,0.01,True,frozen_origin,-0.0547209382057189,True,False,False,True,True,0.3674907102975827,True,stable,6,8972,8
gradcam-7376e8f814bc06f0a31f,population-2a9bc5280db4a65672a1bbcb,survface,survface:unknown_unknown_probe:10256_cam1_14,adaface-4df25b75e065b0b9ed43,pq,pq_512_m64_b8,pq_one_sided_cosine,0.01,False,frozen_origin,-0.0406766533851623,True,False,False,True,True,0.3677766335307849,True,stable,7,8972,8
gradcam-dc17848754dbff8627f2,population-2a9bc5280db4a65672a1bbcb,survface,survface:registered_probe:10197_cam2_34,adaface-4df25b75e065b0b9ed43,pq,pq_512_m64_b8,pq_one_sided_cosine,0.01,True,frozen_origin,-0.0294011831283569,True,False,False,True,True,0.3678362505238106,True,stable,8,8972,8
gradcam-d640c5f66f4d70a62329,population-2a9bc5280db4a65672a1bbcb,survface,survface:unknown_unknown_probe:4821_cam2_5,adaface-4df25b75e065b0b9ed43,pq,pq_512_m64_b8,pq_one_sided_cosine,0.01,False,frozen_origin,-0.1416593194007873,True,True,False,True,True,0.613642644293666,True,threshold_crossing,1,8972,8
gradcam-b49b35a51c42b8bddd12,population-2a9bc5280db4a65672a1bbcb,survface,survface:unknown_unknown_probe:4754_cam2_2,adaface-4df25b75e065b0b9ed43,pq,pq_512_m64_b8,pq_one_sided_cosine,0.01,False,frozen_origin,-0.1262747049331665,True,True,False,True,True,0.5895893438991048,True,threshold_crossing,2,8972,8
gradcam-77a5dd49f9a44e83df3a,population-2a9bc5280db4a65672a1bbcb,survface,survface:registered_probe:2123_cam1_1,adaface-4df25b75e065b0b9ed43,pq,pq_512_m64_b8,pq_one_sided_cosine,0.01,True,frozen_origin,-0.142373502254486,True,True,False,True,True,0.5663977576878382,True,threshold_crossing,3,8972,8
gradcam-8698b0c05028c946ab97,population-2a9bc5280db4a65672a1bbcb,survface,survface:registered_probe:9155_cam3_16,adaface-4df25b75e065b0b9ed43,pq,pq_512_m64_b8,pq_one_sided_cosine,0.01,True,frozen_origin,-0.1124022006988525,True,True,False,True,True,0.565424920747719,True,threshold_crossing,4,8972,8
gradcam-cce9c615c361ec83d98b,population-2a9bc5280db4a65672a1bbcb,survface,survface:unknown_unknown_probe:10448_cam2_21,adaface-4df25b75e065b0b9ed43,pq,pq_512_m64_b8,pq_one_sided_cosine,0.01,False,frozen_origin,-0.0952324271202087,True,True,False,True,True,0.5459962429095013,True,threshold_crossing,5,8972,8
gradcam-8a95c642841106ea6ac1,population-2a9bc5280db4a65672a1bbcb,survface,survface:registered_probe:5462_cam1_2,adaface-4df25b75e065b0b9ed43,pq,pq_512_m64_b8,pq_one_sided_cosine,0.01,True,frozen_origin,-0.0892789363861084,True,True,False,True,True,0.540952146862329,True,threshold_crossing,6,8972,8
gradcam-f9358019732e762a15e2,population-2a9bc5280db4a65672a1bbcb,survface,survface:registered_probe:5462_cam1_6,adaface-4df25b75e065b0b9ed43,pq,pq_512_m64_b8,pq_one_sided_cosine,0.01,True,frozen_origin,-0.0733609795570373,True,True,False,True,True,0.5386333624656782,True,threshold_crossing,7,8972,8
gradcam-2252d5839c2a2f146f28,population-2a9bc5280db4a65672a1bbcb,survface,survface:registered_probe:10548_cam3_15,adaface-4df25b75e065b0b9ed43,pq,pq_512_m64_b8,pq_one_sided_cosine,0.01,True,frozen_origin,-0.0937125086784362,True,True,False,True,True,0.5383271842788709,True,threshold_crossing,8,8972,8
gradcam-1f73d417988c88a79040,population-2a9bc5280db4a65672a1bbcb,survface,survface:registered_probe:2973_cam3_1,adaface-4df25b75e065b0b9ed43,pq,pq_512_m64_b8,pq_one_sided_cosine,0.05,True,frozen_origin,-0.1089117527008056,True,False,False,True,True,0.7565311888717425,True,high_error,1,8972,8
gradcam-2d1768f9069bcfc9df74,population-2a9bc5280db4a65672a1bbcb,survface,survface:unknown_unknown_probe:4245_cam2_1,adaface-4df25b75e065b0b9ed43,pq,pq_512_m64_b8,pq_one_sided_cosine,0.05,False,frozen_origin,-0.0462800115346908,True,False,False,True,True,0.7444295123905138,True,high_error,2,8972,8
gradcam-06a2aacd455bce5572d1,population-2a9bc5280db4a65672a1bbcb,survface,survface:registered_probe:5244_22,adaface-4df25b75e065b0b9ed43,pq,pq_512_m64_b8,pq_one_sided_cosine,0.05,True,frozen_origin,-0.141922652721405,True,False,False,True,True,0.7356740576139361,True,high_error,3,8972,8
gradcam-9c5e8a9a2bf063c59258,population-2a9bc5280db4a65672a1bbcb,survface,survface:registered_probe:9244_cam2_115,adaface-4df25b75e065b0b9ed43,pq,pq_512_m64_b8,pq_one_sided_cosine,0.05,True,frozen_origin,-0.0826436877250671,True,False,False,True,True,0.7261495339459564,True,high_error,4,8972,8
gradcam-c926d3a9218705fabc20,population-2a9bc5280db4a65672a1bbcb,survface,survface:registered_probe:595_cam1_1,adaface-4df25b75e065b0b9ed43,pq,pq_512_m64_b8,pq_one_sided_cosine,0.05,True,frozen_origin,-0.0294324308633804,True,False,False,True,True,0.7228027750320959,True,high_error,5,8972,8
gradcam-99bbab75f39c30ba71ea,population-2a9bc5280db4a65672a1bbcb,survface,survface:unknown_unknown_probe:distractors_1945,adaface-4df25b75e065b0b9ed43,pq,pq_512_m64_b8,pq_one_sided_cosine,0.05,False,frozen_origin,-0.0800882279872894,True,False,False,True,True,0.7222670603218343,True,high_error,6,8972,8
gradcam-9ce86fc3a67e140b5818,population-2a9bc5280db4a65672a1bbcb,survface,survface:registered_probe:5206_33,adaface-4df25b75e065b0b9ed43,pq,pq_512_m64_b8,pq_one_sided_cosine,0.05,True,frozen_origin,-0.100274384021759,True,False,False,True,True,0.7204125499805419,True,high_error,7,8972,8
gradcam-dd8e66e7d54ff86b097b,population-2a9bc5280db4a65672a1bbcb,survface,survface:unknown_unknown_probe:2667_cam2_1,adaface-4df25b75e065b0b9ed43,pq,pq_512_m64_b8,pq_one_sided_cosine,0.05,False,frozen_origin,-0.0726245641708374,True,False,False,True,True,0.7198394135604219,True,high_error,8,8972,8
gradcam-c60265771e31e3936185,population-2a9bc5280db4a65672a1bbcb,survface,survface:unknown_unknown_probe:distractors_2579,adaface-4df25b75e065b0b9ed43,pq,pq_512_m64_b8,pq_one_sided_cosine,0.05,False,frozen_origin,-0.0860692262649536,False,False,False,True,True,0.7371069612488848,True,rank_flip,1,8972,8
gradcam-c8594d417c6b8ba43cd5,population-2a9bc5280db4a65672a1bbcb,survface,survface:unknown_unknown_probe:distractors_2318,adaface-4df25b75e065b0b9ed43,pq,pq_512_m64_b8,pq_one_sided_cosine,0.05,False,frozen_origin,-0.0658870190382003,False,False,False,True,True,0.7287905401832422,True,rank_flip,2,8972,8
gradcam-bd76f1fd9d2a4e4a0111,population-2a9bc5280db4a65672a1bbcb,survface,survface:unknown_unknown_probe:2721_cam1_1,adaface-4df25b75e065b0b9ed43,pq,pq_512_m64_b8,pq_one_sided_cosine,0.05,False,frozen_origin,-0.0703963786363601,False,False,False,True,True,0.7243728685128079,True,rank_flip,3,8972,8
gradcam-d18bdea83231940d711b,population-2a9bc5280db4a65672a1bbcb,survface,survface:unknown_unknown_probe:1215_cam1_1,adaface-4df25b75e065b0b9ed43,pq,pq_512_m64_b8,pq_one_sided_cosine,0.05,False,frozen_origin,-0.0224349945783615,False,False,False,True,True,0.7186073999585274,True,rank_flip,4,8972,8
gradcam-b80f8a05d723ffcbf652,population-2a9bc5280db4a65672a1bbcb,survface,survface:unknown_unknown_probe:10055_cam2_75,adaface-4df25b75e065b0b9ed43,pq,pq_512_m64_b8,pq_one_sided_cosine,0.05,False,frozen_origin,-0.0473182499408721,False,False,False,True,True,0.7145957871135394,True,rank_flip,5,8972,8
gradcam-473cbaba376a3c762391,population-2a9bc5280db4a65672a1bbcb,survface,survface:unknown_unknown_probe:distractors_216,adaface-4df25b75e065b0b9ed43,pq,pq_512_m64_b8,pq_one_sided_cosine,0.05,False,frozen_origin,-0.0390873253345489,False,False,False,True,True,0.713755317525402,True,rank_flip,6,8972,8
gradcam-7ba431719809826a212f,population-2a9bc5280db4a65672a1bbcb,survface,survface:registered_probe:9552_cam2_76,adaface-4df25b75e065b0b9ed43,pq,pq_512_m64_b8,pq_one_sided_cosine,0.05,True,frozen_origin,-0.0128886401653289,False,False,False,True,True,0.7108721428959187,True,rank_flip,7,8972,8
gradcam-1b90abb995136843b419,population-2a9bc5280db4a65672a1bbcb,survface,survface:unknown_unknown_probe:9000_cam2_23,adaface-4df25b75e065b0b9ed43,pq,pq_512_m64_b8,pq_one_sided_cosine,0.05,False,frozen_origin,-0.0393005013465881,False,False,False,True,True,0.7101251888331542,True,rank_flip,8,8972,8
gradcam-c26f2b1e5bffb9c2ae58,population-2a9bc5280db4a65672a1bbcb,survface,survface:registered_probe:9745_cam1_53,adaface-4df25b75e065b0b9ed43,pq,pq_512_m64_b8,pq_one_sided_cosine,0.05,True,frozen_origin,-0.0332783460617065,True,False,False,True,True,0.3564730560975991,True,stable,1,8972,8
gradcam-18a5ab8b6d3bf189a5f3,population-2a9bc5280db4a65672a1bbcb,survface,survface:registered_probe:10205_cam1_7,adaface-4df25b75e065b0b9ed43,pq,pq_512_m64_b8,pq_one_sided_cosine,0.05,True,frozen_origin,-0.0424698591232299,True,False,False,True,True,0.3627468422003415,True,stable,2,8972,8
gradcam-b0eed1f0813e6da9f083,population-2a9bc5280db4a65672a1bbcb,survface,survface:registered_probe:5703_cam1_58,adaface-4df25b75e065b0b9ed43,pq,pq_512_m64_b8,pq_one_sided_cosine,0.05,True,frozen_origin,-0.0433095097541809,True,False,False,True,True,0.3644744728112345,True,stable,3,8972,8
gradcam-679b52db3a8902d28084,population-2a9bc5280db4a65672a1bbcb,survface,survface:unknown_unknown_probe:9404_cam2_36,adaface-4df25b75e065b0b9ed43,pq,pq_512_m64_b8,pq_one_sided_cosine,0.05,False,frozen_origin,-0.0366268754005432,True,False,False,True,True,0.3647184775662943,True,stable,4,8972,8
gradcam-f3b21b175409f8f5d26c,population-2a9bc5280db4a65672a1bbcb,survface,survface:unknown_unknown_probe:5611_cam1_6,adaface-4df25b75e065b0b9ed43,pq,pq_512_m64_b8,pq_one_sided_cosine,0.05,False,frozen_origin,-0.0423372983932495,True,False,False,True,True,0.3648622708494422,True,stable,5,8972,8
gradcam-9c2dbcb02f4aba79a721,population-2a9bc5280db4a65672a1bbcb,survface,survface:registered_probe:5678_cam1_23,adaface-4df25b75e065b0b9ed43,pq,pq_512_m64_b8,pq_one_sided_cosine,0.05,True,frozen_origin,-0.043484628200531,True,False,False,True,True,0.3651440002172576,True,stable,6,8972,8
gradcam-1cb6ac84e0e495a37d02,population-2a9bc5280db4a65672a1bbcb,survface,survface:unknown_unknown_probe:5674_cam2_23,adaface-4df25b75e065b0b9ed43,pq,pq_512_m64_b8,pq_one_sided_cosine,0.05,False,frozen_origin,-0.035180926322937,True,False,False,True,True,0.3671187457769288,True,stable,7,8972,8
gradcam-8f1d333a801865624fa6,population-2a9bc5280db4a65672a1bbcb,survface,survface:registered_probe:5647_cam1_249,adaface-4df25b75e065b0b9ed43,pq,pq_512_m64_b8,pq_one_sided_cosine,0.05,True,frozen_origin,-0.0509201884269714,True,False,False,True,True,0.3673208595864157,True,stable,8,8972,8
gradcam-da6d5d1a07c1f97e3eda,population-2a9bc5280db4a65672a1bbcb,survface,survface:registered_probe:5227_16,adaface-4df25b75e065b0b9ed43,pq,pq_512_m64_b8,pq_one_sided_cosine,0.05,True,frozen_origin,-0.1456673145294189,True,True,False,True,True,0.6153140309697013,True,threshold_crossing,1,8972,8
gradcam-90e18eddc9b5ab75213b,population-2a9bc5280db4a65672a1bbcb,survface,survface:unknown_unknown_probe:4821_cam2_5,adaface-4df25b75e065b0b9ed43,pq,pq_512_m64_b8,pq_one_sided_cosine,0.05,False,frozen_origin,-0.1416593194007873,True,True,False,True,True,0.613642644293666,True,threshold_crossing,2,8972,8
gradcam-e73c451e4ed1522577e4,population-2a9bc5280db4a65672a1bbcb,survface,survface:unknown_unknown_probe:distractors_4002,adaface-4df25b75e065b0b9ed43,pq,pq_512_m64_b8,pq_one_sided_cosine,0.05,False,frozen_origin,-0.1159414649009704,True,True,False,True,True,0.6089425540383328,True,threshold_crossing,3,8972,8
gradcam-2ee1419f0a1fb1a3d7a3,population-2a9bc5280db4a65672a1bbcb,survface,survface:unknown_unknown_probe:4754_cam2_2,adaface-4df25b75e065b0b9ed43,pq,pq_512_m64_b8,pq_one_sided_cosine,0.05,False,frozen_origin,-0.1262747049331665,True,True,False,True,True,0.5895893438991048,True,threshold_crossing,4,8972,8
gradcam-71fcad0b6587464fa88f,population-2a9bc5280db4a65672a1bbcb,survface,survface:registered_probe:5061_cam2_4,adaface-4df25b75e065b0b9ed43,pq,pq_512_m64_b8,pq_one_sided_cosine,0.05,True,frozen_origin,-0.1159035563468933,True,True,False,True,True,0.5838673783565147,True,threshold_crossing,5,8972,8
gradcam-a9c0c3455b46b0ed558b,population-2a9bc5280db4a65672a1bbcb,survface,survface:registered_probe:2022_cam2_1,adaface-4df25b75e065b0b9ed43,pq,pq_512_m64_b8,pq_one_sided_cosine,0.05,True,frozen_origin,-0.106444776058197,True,True,False,True,True,0.5683484573890409,True,threshold_crossing,6,8972,8
gradcam-5e2ae8170ec955bab63e,population-2a9bc5280db4a65672a1bbcb,survface,survface:registered_probe:9155_cam3_16,adaface-4df25b75e065b0b9ed43,pq,pq_512_m64_b8,pq_one_sided_cosine,0.05,True,frozen_origin,-0.1124022006988525,True,True,False,True,True,0.565424920747719,True,threshold_crossing,7,8972,8
gradcam-c42d5077698236acc69d,population-2a9bc5280db4a65672a1bbcb,survface,survface:registered_probe:10548_cam3_28,adaface-4df25b75e065b0b9ed43,pq,pq_512_m64_b8,pq_one_sided_cosine,0.05,True,frozen_origin,-0.0921912193298339,True,True,False,True,True,0.5502057447519912,True,threshold_crossing,8,8972,8
gradcam-0756b9f9603b7c414f08,population-2a9bc5280db4a65672a1bbcb,survface,survface:registered_probe:2973_cam3_1,adaface-4df25b75e065b0b9ed43,pq,pq_512_m64_b8,pq_one_sided_cosine,0.1,True,frozen_origin,-0.1089117527008056,True,False,False,True,True,0.7565311888717425,True,high_error,1,8972,8
gradcam-5e724739768c164457a6,population-2a9bc5280db4a65672a1bbcb,survface,survface:unknown_unknown_probe:4245_cam2_1,adaface-4df25b75e065b0b9ed43,pq,pq_512_m64_b8,pq_one_sided_cosine,0.1,False,frozen_origin,-0.0462800115346908,True,False,False,True,True,0.7444295123905138,True,high_error,2,8972,8
gradcam-5bee20d8994a4a0e0c07,population-2a9bc5280db4a65672a1bbcb,survface,survface:registered_probe:5244_22,adaface-4df25b75e065b0b9ed43,pq,pq_512_m64_b8,pq_one_sided_cosine,0.1,True,frozen_origin,-0.141922652721405,True,False,False,True,True,0.7356740576139361,True,high_error,3,8972,8
gradcam-cec50baf2b11c54ef5e3,population-2a9bc5280db4a65672a1bbcb,survface,survface:registered_probe:9244_cam2_115,adaface-4df25b75e065b0b9ed43,pq,pq_512_m64_b8,pq_one_sided_cosine,0.1,True,frozen_origin,-0.0826436877250671,True,False,False,True,True,0.7261495339459564,True,high_error,4,8972,8
gradcam-9ab803fcd37a41bc538f,population-2a9bc5280db4a65672a1bbcb,survface,survface:registered_probe:595_cam1_1,adaface-4df25b75e065b0b9ed43,pq,pq_512_m64_b8,pq_one_sided_cosine,0.1,True,frozen_origin,-0.0294324308633804,True,False,False,True,True,0.7228027750320959,True,high_error,5,8972,8
gradcam-0ba7c78b1e584b85aec4,population-2a9bc5280db4a65672a1bbcb,survface,survface:unknown_unknown_probe:distractors_1945,adaface-4df25b75e065b0b9ed43,pq,pq_512_m64_b8,pq_one_sided_cosine,0.1,False,frozen_origin,-0.0800882279872894,True,False,False,True,True,0.7222670603218343,True,high_error,6,8972,8
gradcam-32e06d05c195c7a43837,population-2a9bc5280db4a65672a1bbcb,survface,survface:registered_probe:5206_33,adaface-4df25b75e065b0b9ed43,pq,pq_512_m64_b8,pq_one_sided_cosine,0.1,True,frozen_origin,-0.100274384021759,True,False,False,True,True,0.7204125499805419,True,high_error,7,8972,8
gradcam-073fff76f99b18e7fffe,population-2a9bc5280db4a65672a1bbcb,survface,survface:unknown_unknown_probe:2667_cam2_1,adaface-4df25b75e065b0b9ed43,pq,pq_512_m64_b8,pq_one_sided_cosine,0.1,False,frozen_origin,-0.0726245641708374,True,False,False,True,True,0.7198394135604219,True,high_error,8,8972,8
gradcam-6d67ed6ee3fcfeb56f23,population-2a9bc5280db4a65672a1bbcb,survface,survface:unknown_unknown_probe:distractors_2579,adaface-4df25b75e065b0b9ed43,pq,pq_512_m64_b8,pq_one_sided_cosine,0.1,False,frozen_origin,-0.0860692262649536,False,False,False,True,True,0.7371069612488848,True,rank_flip,1,8972,8
gradcam-2ebaaae4cd2b02bb4f50,population-2a9bc5280db4a65672a1bbcb,survface,survface:unknown_unknown_probe:distractors_2318,adaface-4df25b75e065b0b9ed43,pq,pq_512_m64_b8,pq_one_sided_cosine,0.1,False,frozen_origin,-0.0658870190382003,False,False,False,True,True,0.7287905401832422,True,rank_flip,2,8972,8
gradcam-e72540a9002ca553a7bd,population-2a9bc5280db4a65672a1bbcb,survface,survface:unknown_unknown_probe:2721_cam1_1,adaface-4df25b75e065b0b9ed43,pq,pq_512_m64_b8,pq_one_sided_cosine,0.1,False,frozen_origin,-0.0703963786363601,False,False,False,True,True,0.7243728685128079,True,rank_flip,3,8972,8
gradcam-0b5f45e28913d176fdfd,population-2a9bc5280db4a65672a1bbcb,survface,survface:unknown_unknown_probe:1215_cam1_1,adaface-4df25b75e065b0b9ed43,pq,pq_512_m64_b8,pq_one_sided_cosine,0.1,False,frozen_origin,-0.0224349945783615,False,False,False,True,True,0.7186073999585274,True,rank_flip,4,8972,8
gradcam-6984d7c5a2c22e9577a0,population-2a9bc5280db4a65672a1bbcb,survface,survface:unknown_unknown_probe:10055_cam2_75,adaface-4df25b75e065b0b9ed43,pq,pq_512_m64_b8,pq_one_sided_cosine,0.1,False,frozen_origin,-0.0473182499408721,False,False,False,True,True,0.7145957871135394,True,rank_flip,5,8972,8
gradcam-a3bdcef1124182dd30a2,population-2a9bc5280db4a65672a1bbcb,survface,survface:unknown_unknown_probe:distractors_216,adaface-4df25b75e065b0b9ed43,pq,pq_512_m64_b8,pq_one_sided_cosine,0.1,False,frozen_origin,-0.0390873253345489,False,False,False,True,True,0.713755317525402,True,rank_flip,6,8972,8
gradcam-12f28bb74dc918e4fd93,population-2a9bc5280db4a65672a1bbcb,survface,survface:registered_probe:9552_cam2_76,adaface-4df25b75e065b0b9ed43,pq,pq_512_m64_b8,pq_one_sided_cosine,0.1,True,frozen_origin,-0.0128886401653289,False,False,False,True,True,0.7108721428959187,True,rank_flip,7,8972,8
gradcam-68c5fff8288e6b35bee1,population-2a9bc5280db4a65672a1bbcb,survface,survface:unknown_unknown_probe:9000_cam2_23,adaface-4df25b75e065b0b9ed43,pq,pq_512_m64_b8,pq_one_sided_cosine,0.1,False,frozen_origin,-0.0393005013465881,False,False,False,True,True,0.7101251888331542,True,rank_flip,8,8972,8
gradcam-ec7c7c5b49104d914d9b,population-2a9bc5280db4a65672a1bbcb,survface,survface:registered_probe:9745_cam1_53,adaface-4df25b75e065b0b9ed43,pq,pq_512_m64_b8,pq_one_sided_cosine,0.1,True,frozen_origin,-0.0332783460617065,True,False,False,True,True,0.3564730560975991,True,stable,1,8972,8
gradcam-0b89c17089f0a6f2111f,population-2a9bc5280db4a65672a1bbcb,survface,survface:registered_probe:10205_cam1_7,adaface-4df25b75e065b0b9ed43,pq,pq_512_m64_b8,pq_one_sided_cosine,0.1,True,frozen_origin,-0.0424698591232299,True,False,False,True,True,0.3627468422003415,True,stable,2,8972,8
gradcam-3acce527f620c6794550,population-2a9bc5280db4a65672a1bbcb,survface,survface:registered_probe:5703_cam1_58,adaface-4df25b75e065b0b9ed43,pq,pq_512_m64_b8,pq_one_sided_cosine,0.1,True,frozen_origin,-0.0433095097541809,True,False,False,True,True,0.3644744728112345,True,stable,3,8972,8
gradcam-39b43b6c49fe4ee3b4f6,population-2a9bc5280db4a65672a1bbcb,survface,survface:unknown_unknown_probe:9404_cam2_36,adaface-4df25b75e065b0b9ed43,pq,pq_512_m64_b8,pq_one_sided_cosine,0.1,False,frozen_origin,-0.0366268754005432,True,False,False,True,True,0.3647184775662943,True,stable,4,8972,8
gradcam-77054f68270f24a29b87,population-2a9bc5280db4a65672a1bbcb,survface,survface:unknown_unknown_probe:5611_cam1_6,adaface-4df25b75e065b0b9ed43,pq,pq_512_m64_b8,pq_one_sided_cosine,0.1,False,frozen_origin,-0.0423372983932495,True,False,False,True,True,0.3648622708494422,True,stable,5,8972,8
gradcam-dc97354ac50338af2de6,population-2a9bc5280db4a65672a1bbcb,survface,survface:registered_probe:5678_cam1_23,adaface-4df25b75e065b0b9ed43,pq,pq_512_m64_b8,pq_one_sided_cosine,0.1,True,frozen_origin,-0.043484628200531,True,False,False,True,True,0.3651440002172576,True,stable,6,8972,8
gradcam-ef74d8108c9f871ef614,population-2a9bc5280db4a65672a1bbcb,survface,survface:unknown_unknown_probe:5674_cam2_23,adaface-4df25b75e065b0b9ed43,pq,pq_512_m64_b8,pq_one_sided_cosine,0.1,False,frozen_origin,-0.035180926322937,True,False,False,True,True,0.3671187457769288,True,stable,7,8972,8
gradcam-ae84090bf0022a4714be,population-2a9bc5280db4a65672a1bbcb,survface,survface:registered_probe:5647_cam1_249,adaface-4df25b75e065b0b9ed43,pq,pq_512_m64_b8,pq_one_sided_cosine,0.1,True,frozen_origin,-0.0509201884269714,True,False,False,True,True,0.3673208595864157,True,stable,8,8972,8
gradcam-3832ef01506a7db21d67,population-2a9bc5280db4a65672a1bbcb,survface,survface:unknown_unknown_probe:1346_cam1_1,adaface-4df25b75e065b0b9ed43,pq,pq_512_m64_b8,pq_one_sided_cosine,0.1,False,frozen_origin,-0.1353101730346679,True,True,False,True,True,0.6339310359996413,True,threshold_crossing,1,8972,8
gradcam-fcf1ff0d996178fb6d7d,population-2a9bc5280db4a65672a1bbcb,survface,survface:registered_probe:5227_16,adaface-4df25b75e065b0b9ed43,pq,pq_512_m64_b8,pq_one_sided_cosine,0.1,True,frozen_origin,-0.1456673145294189,True,True,False,True,True,0.6153140309697013,True,threshold_crossing,2,8972,8
gradcam-fad9b5b4e3b7b5762787,population-2a9bc5280db4a65672a1bbcb,survface,survface:registered_probe:5225_16,adaface-4df25b75e065b0b9ed43,pq,pq_512_m64_b8,pq_one_sided_cosine,0.1,True,frozen_origin,-0.1084192991256713,True,True,False,True,True,0.6141863305498945,True,threshold_crossing,3,8972,8
gradcam-ceff762ee41da0715b78,population-2a9bc5280db4a65672a1bbcb,survface,survface:unknown_unknown_probe:4821_cam2_5,adaface-4df25b75e065b0b9ed43,pq,pq_512_m64_b8,pq_one_sided_cosine,0.1,False,frozen_origin,-0.1416593194007873,True,True,False,True,True,0.613642644293666,True,threshold_crossing,4,8972,8
gradcam-db1f4defe1b21def0d37,population-2a9bc5280db4a65672a1bbcb,survface,survface:unknown_unknown_probe:distractors_4002,adaface-4df25b75e065b0b9ed43,pq,pq_512_m64_b8,pq_one_sided_cosine,0.1,False,frozen_origin,-0.1159414649009704,True,True,False,True,True,0.6089425540383328,True,threshold_crossing,5,8972,8
gradcam-5dedef2c6acf966cafe6,population-2a9bc5280db4a65672a1bbcb,survface,survface:unknown_unknown_probe:4754_cam2_2,adaface-4df25b75e065b0b9ed43,pq,pq_512_m64_b8,pq_one_sided_cosine,0.1,False,frozen_origin,-0.1262747049331665,True,True,False,True,True,0.5895893438991048,True,threshold_crossing,6,8972,8
gradcam-ab4b5e9cffeda072771e,population-2a9bc5280db4a65672a1bbcb,survface,survface:registered_probe:5061_cam2_4,adaface-4df25b75e065b0b9ed43,pq,pq_512_m64_b8,pq_one_sided_cosine,0.1,True,frozen_origin,-0.1159035563468933,True,True,False,True,True,0.5838673783565147,True,threshold_crossing,7,8972,8
gradcam-a3cb8a0931d2ce81b08a,population-2a9bc5280db4a65672a1bbcb,survface,survface:registered_probe:2022_cam2_1,adaface-4df25b75e065b0b9ed43,pq,pq_512_m64_b8,pq_one_sided_cosine,0.1,True,frozen_origin,-0.106444776058197,True,True,False,True,True,0.5683484573890409,True,threshold_crossing,8,8972,8
gradcam-5f4491930f8111e83d17,population-2a9bc5280db4a65672a1bbcb,survface,survface:registered_probe:2973_cam3_1,adaface-4df25b75e065b0b9ed43,pq,pq_512_m64_b8,pq_one_sided_cosine,0.2,True,frozen_origin,-0.1089117527008056,True,False,False,True,True,0.7565311888717425,True,high_error,1,8972,8
gradcam-33fa2327ddc00efe9db4,population-2a9bc5280db4a65672a1bbcb,survface,survface:unknown_unknown_probe:4245_cam2_1,adaface-4df25b75e065b0b9ed43,pq,pq_512_m64_b8,pq_one_sided_cosine,0.2,False,frozen_origin,-0.0462800115346908,True,False,False,True,True,0.7444295123905138,True,high_error,2,8972,8
gradcam-51347273279d1156a276,population-2a9bc5280db4a65672a1bbcb,survface,survface:registered_probe:5244_22,adaface-4df25b75e065b0b9ed43,pq,pq_512_m64_b8,pq_one_sided_cosine,0.2,True,frozen_origin,-0.141922652721405,True,False,False,True,True,0.7356740576139361,True,high_error,3,8972,8
gradcam-207e839c7507825552d3,population-2a9bc5280db4a65672a1bbcb,survface,survface:registered_probe:9244_cam2_115,adaface-4df25b75e065b0b9ed43,pq,pq_512_m64_b8,pq_one_sided_cosine,0.2,True,frozen_origin,-0.0826436877250671,True,False,False,True,True,0.7261495339459564,True,high_error,4,8972,8
gradcam-40378ed5c752a0a35acf,population-2a9bc5280db4a65672a1bbcb,survface,survface:registered_probe:595_cam1_1,adaface-4df25b75e065b0b9ed43,pq,pq_512_m64_b8,pq_one_sided_cosine,0.2,True,frozen_origin,-0.0294324308633804,True,False,False,True,True,0.7228027750320959,True,high_error,5,8972,8
gradcam-c2ea5e8c6d08baf96399,population-2a9bc5280db4a65672a1bbcb,survface,survface:unknown_unknown_probe:distractors_1945,adaface-4df25b75e065b0b9ed43,pq,pq_512_m64_b8,pq_one_sided_cosine,0.2,False,frozen_origin,-0.0800882279872894,True,False,False,True,True,0.7222670603218343,True,high_error,6,8972,8
gradcam-10940839c386b209aa5a,population-2a9bc5280db4a65672a1bbcb,survface,survface:registered_probe:5206_33,adaface-4df25b75e065b0b9ed43,pq,pq_512_m64_b8,pq_one_sided_cosine,0.2,True,frozen_origin,-0.100274384021759,True,False,False,True,True,0.7204125499805419,True,high_error,7,8972,8
gradcam-b08e0c451bde432d9410,population-2a9bc5280db4a65672a1bbcb,survface,survface:unknown_unknown_probe:2667_cam2_1,adaface-4df25b75e065b0b9ed43,pq,pq_512_m64_b8,pq_one_sided_cosine,0.2,False,frozen_origin,-0.0726245641708374,True,False,False,True,True,0.7198394135604219,True,high_error,8,8972,8
gradcam-e1297d5bc8124b5c64c8,population-2a9bc5280db4a65672a1bbcb,survface,survface:unknown_unknown_probe:distractors_2579,adaface-4df25b75e065b0b9ed43,pq,pq_512_m64_b8,pq_one_sided_cosine,0.2,False,frozen_origin,-0.0860692262649536,False,False,False,True,True,0.7371069612488848,True,rank_flip,1,8972,8
gradcam-764d1f18f6bcef6cd8f7,population-2a9bc5280db4a65672a1bbcb,survface,survface:unknown_unknown_probe:distractors_2318,adaface-4df25b75e065b0b9ed43,pq,pq_512_m64_b8,pq_one_sided_cosine,0.2,False,frozen_origin,-0.0658870190382003,False,False,False,True,True,0.7287905401832422,True,rank_flip,2,8972,8
gradcam-7d300a413f645c648d5a,population-2a9bc5280db4a65672a1bbcb,survface,survface:unknown_unknown_probe:2721_cam1_1,adaface-4df25b75e065b0b9ed43,pq,pq_512_m64_b8,pq_one_sided_cosine,0.2,False,frozen_origin,-0.0703963786363601,False,False,False,True,True,0.7243728685128079,True,rank_flip,3,8972,8
gradcam-988a0efecec2c65b0155,population-2a9bc5280db4a65672a1bbcb,survface,survface:unknown_unknown_probe:1215_cam1_1,adaface-4df25b75e065b0b9ed43,pq,pq_512_m64_b8,pq_one_sided_cosine,0.2,False,frozen_origin,-0.0224349945783615,False,False,False,True,True,0.7186073999585274,True,rank_flip,4,8972,8
gradcam-3299704a9cd77b9b6583,population-2a9bc5280db4a65672a1bbcb,survface,survface:unknown_unknown_probe:10055_cam2_75,adaface-4df25b75e065b0b9ed43,pq,pq_512_m64_b8,pq_one_sided_cosine,0.2,False,frozen_origin,-0.0473182499408721,False,False,False,True,True,0.7145957871135394,True,rank_flip,5,8972,8
gradcam-45dd118a94d12d015b4d,population-2a9bc5280db4a65672a1bbcb,survface,survface:unknown_unknown_probe:distractors_216,adaface-4df25b75e065b0b9ed43,pq,pq_512_m64_b8,pq_one_sided_cosine,0.2,False,frozen_origin,-0.0390873253345489,False,False,False,True,True,0.713755317525402,True,rank_flip,6,8972,8
gradcam-0b16d2f1b71536511eaa,population-2a9bc5280db4a65672a1bbcb,survface,survface:registered_probe:9552_cam2_76,adaface-4df25b75e065b0b9ed43,pq,pq_512_m64_b8,pq_one_sided_cosine,0.2,True,frozen_origin,-0.0128886401653289,False,False,False,True,True,0.7108721428959187,True,rank_flip,7,8972,8
gradcam-b8691009d5fe9d7a6af3,population-2a9bc5280db4a65672a1bbcb,survface,survface:unknown_unknown_probe:9000_cam2_23,adaface-4df25b75e065b0b9ed43,pq,pq_512_m64_b8,pq_one_sided_cosine,0.2,False,frozen_origin,-0.0393005013465881,False,False,False,True,True,0.7101251888331542,True,rank_flip,8,8972,8
gradcam-c11887e833db7fd95905,population-2a9bc5280db4a65672a1bbcb,survface,survface:registered_probe:9745_cam1_53,adaface-4df25b75e065b0b9ed43,pq,pq_512_m64_b8,pq_one_sided_cosine,0.2,True,frozen_origin,-0.0332783460617065,True,False,False,True,True,0.3564730560975991,True,stable,1,8972,8
gradcam-a3dcc7c87c3490775b87,population-2a9bc5280db4a65672a1bbcb,survface,survface:registered_probe:10205_cam1_7,adaface-4df25b75e065b0b9ed43,pq,pq_512_m64_b8,pq_one_sided_cosine,0.2,True,frozen_origin,-0.0424698591232299,True,False,False,True,True,0.3627468422003415,True,stable,2,8972,8
gradcam-3577d160857150aeb864,population-2a9bc5280db4a65672a1bbcb,survface,survface:registered_probe:5703_cam1_58,adaface-4df25b75e065b0b9ed43,pq,pq_512_m64_b8,pq_one_sided_cosine,0.2,True,frozen_origin,-0.0433095097541809,True,False,False,True,True,0.3644744728112345,True,stable,3,8972,8
gradcam-b4e5b6fb331630d4ca81,population-2a9bc5280db4a65672a1bbcb,survface,survface:unknown_unknown_probe:9404_cam2_36,adaface-4df25b75e065b0b9ed43,pq,pq_512_m64_b8,pq_one_sided_cosine,0.2,False,frozen_origin,-0.0366268754005432,True,False,False,True,True,0.3647184775662943,True,stable,4,8972,8
gradcam-fac09f23ef7fdd7c99cb,population-2a9bc5280db4a65672a1bbcb,survface,survface:unknown_unknown_probe:5611_cam1_6,adaface-4df25b75e065b0b9ed43,pq,pq_512_m64_b8,pq_one_sided_cosine,0.2,False,frozen_origin,-0.0423372983932495,True,False,False,True,True,0.3648622708494422,True,stable,5,8972,8
gradcam-d1793b3a2abf041ff45b,population-2a9bc5280db4a65672a1bbcb,survface,survface:registered_probe:5678_cam1_23,adaface-4df25b75e065b0b9ed43,pq,pq_512_m64_b8,pq_one_sided_cosine,0.2,True,frozen_origin,-0.043484628200531,True,False,False,True,True,0.3651440002172576,True,stable,6,8972,8
gradcam-ac658a72954da0796a6a,population-2a9bc5280db4a65672a1bbcb,survface,survface:unknown_unknown_probe:5674_cam2_23,adaface-4df25b75e065b0b9ed43,pq,pq_512_m64_b8,pq_one_sided_cosine,0.2,False,frozen_origin,-0.035180926322937,True,False,False,True,True,0.3671187457769288,True,stable,7,8972,8
gradcam-750a6f34a2c8f662db69,population-2a9bc5280db4a65672a1bbcb,survface,survface:registered_probe:5647_cam1_249,adaface-4df25b75e065b0b9ed43,pq,pq_512_m64_b8,pq_one_sided_cosine,0.2,True,frozen_origin,-0.0509201884269714,True,False,False,True,True,0.3673208595864157,True,stable,8,8972,8
gradcam-108f0d9d52ede2b92532,population-2a9bc5280db4a65672a1bbcb,survface,survface:registered_probe:5244_23,adaface-4df25b75e065b0b9ed43,pq,pq_512_m64_b8,pq_one_sided_cosine,0.2,True,frozen_origin,-0.1481883525848388,True,True,False,True,True,0.6505781572778178,True,threshold_crossing,1,8972,8
gradcam-e8c8574b690ada62784b,population-2a9bc5280db4a65672a1bbcb,survface,survface:registered_probe:5241_26,adaface-4df25b75e065b0b9ed43,pq,pq_512_m64_b8,pq_one_sided_cosine,0.2,True,frozen_origin,-0.1776280403137207,True,True,False,True,True,0.6387893789885769,True,threshold_crossing,2,8972,8
gradcam-83caaaa47d8fba96e6f5,population-2a9bc5280db4a65672a1bbcb,survface,survface:unknown_unknown_probe:1346_cam1_1,adaface-4df25b75e065b0b9ed43,pq,pq_512_m64_b8,pq_one_sided_cosine,0.2,False,frozen_origin,-0.1353101730346679,True,True,False,True,True,0.6339310359996413,True,threshold_crossing,3,8972,8
gradcam-0ec58dc73485e2d67d49,population-2a9bc5280db4a65672a1bbcb,survface,survface:registered_probe:5227_16,adaface-4df25b75e065b0b9ed43,pq,pq_512_m64_b8,pq_one_sided_cosine,0.2,True,frozen_origin,-0.1456673145294189,True,True,False,True,True,0.6153140309697013,True,threshold_crossing,4,8972,8
gradcam-c58828e7f05bc90b196b,population-2a9bc5280db4a65672a1bbcb,survface,survface:registered_probe:5225_16,adaface-4df25b75e065b0b9ed43,pq,pq_512_m64_b8,pq_one_sided_cosine,0.2,True,frozen_origin,-0.1084192991256713,True,True,False,True,True,0.6141863305498945,True,threshold_crossing,5,8972,8
gradcam-49ae206ef55588ccb7a8,population-2a9bc5280db4a65672a1bbcb,survface,survface:unknown_unknown_probe:4821_cam2_5,adaface-4df25b75e065b0b9ed43,pq,pq_512_m64_b8,pq_one_sided_cosine,0.2,False,frozen_origin,-0.1416593194007873,True,True,False,True,True,0.613642644293666,True,threshold_crossing,6,8972,8
gradcam-15799aa0c2d2bf3d360c,population-2a9bc5280db4a65672a1bbcb,survface,survface:unknown_unknown_probe:distractors_4002,adaface-4df25b75e065b0b9ed43,pq,pq_512_m64_b8,pq_one_sided_cosine,0.2,False,frozen_origin,-0.1159414649009704,True,True,False,True,True,0.6089425540383328,True,threshold_crossing,7,8972,8
gradcam-b1a83601c6711cc6b6d2,population-2a9bc5280db4a65672a1bbcb,survface,survface:registered_probe:5227_7,adaface-4df25b75e065b0b9ed43,pq,pq_512_m64_b8,pq_one_sided_cosine,0.2,True,frozen_origin,-0.0944845676422119,True,True,False,True,True,0.5986659860024021,True,threshold_crossing,8,8972,8
gradcam-ad25744285b15bbd92e8,population-2a9bc5280db4a65672a1bbcb,survface,survface:registered_probe:2973_cam3_1,adaface-4df25b75e065b0b9ed43,pq,pq_512_m64_b8,pq_one_sided_cosine,0.3,True,frozen_origin,-0.1089117527008056,True,False,False,True,True,0.7565311888717425,True,high_error,1,8972,8
gradcam-b951e453344d4d19d655,population-2a9bc5280db4a65672a1bbcb,survface,survface:unknown_unknown_probe:4245_cam2_1,adaface-4df25b75e065b0b9ed43,pq,pq_512_m64_b8,pq_one_sided_cosine,0.3,False,frozen_origin,-0.0462800115346908,True,False,False,True,True,0.7444295123905138,True,high_error,2,8972,8
gradcam-92bd49bfc4f03e66475c,population-2a9bc5280db4a65672a1bbcb,survface,survface:registered_probe:5244_22,adaface-4df25b75e065b0b9ed43,pq,pq_512_m64_b8,pq_one_sided_cosine,0.3,True,frozen_origin,-0.141922652721405,True,False,False,True,True,0.7356740576139361,True,high_error,3,8972,8
gradcam-2d899d5c6915552c7f01,population-2a9bc5280db4a65672a1bbcb,survface,survface:registered_probe:9244_cam2_115,adaface-4df25b75e065b0b9ed43,pq,pq_512_m64_b8,pq_one_sided_cosine,0.3,True,frozen_origin,-0.0826436877250671,True,False,False,True,True,0.7261495339459564,True,high_error,4,8972,8
gradcam-f894b3576b6520c44713,population-2a9bc5280db4a65672a1bbcb,survface,survface:registered_probe:595_cam1_1,adaface-4df25b75e065b0b9ed43,pq,pq_512_m64_b8,pq_one_sided_cosine,0.3,True,frozen_origin,-0.0294324308633804,True,False,False,True,True,0.7228027750320959,True,high_error,5,8972,8
gradcam-dced288169248d46e697,population-2a9bc5280db4a65672a1bbcb,survface,survface:unknown_unknown_probe:distractors_1945,adaface-4df25b75e065b0b9ed43,pq,pq_512_m64_b8,pq_one_sided_cosine,0.3,False,frozen_origin,-0.0800882279872894,True,False,False,True,True,0.7222670603218343,True,high_error,6,8972,8
gradcam-67d49aba46c0358107be,population-2a9bc5280db4a65672a1bbcb,survface,survface:registered_probe:5206_33,adaface-4df25b75e065b0b9ed43,pq,pq_512_m64_b8,pq_one_sided_cosine,0.3,True,frozen_origin,-0.100274384021759,True,False,False,True,True,0.7204125499805419,True,high_error,7,8972,8
gradcam-43de108340453b04008f,population-2a9bc5280db4a65672a1bbcb,survface,survface:unknown_unknown_probe:2667_cam2_1,adaface-4df25b75e065b0b9ed43,pq,pq_512_m64_b8,pq_one_sided_cosine,0.3,False,frozen_origin,-0.0726245641708374,True,False,False,True,True,0.7198394135604219,True,high_error,8,8972,8
gradcam-034efc2bee57b50ea1eb,population-2a9bc5280db4a65672a1bbcb,survface,survface:unknown_unknown_probe:distractors_2579,adaface-4df25b75e065b0b9ed43,pq,pq_512_m64_b8,pq_one_sided_cosine,0.3,False,frozen_origin,-0.0860692262649536,False,False,False,True,True,0.7371069612488848,True,rank_flip,1,8972,8
gradcam-695ec53d43d5e87573e4,population-2a9bc5280db4a65672a1bbcb,survface,survface:unknown_unknown_probe:distractors_2318,adaface-4df25b75e065b0b9ed43,pq,pq_512_m64_b8,pq_one_sided_cosine,0.3,False,frozen_origin,-0.0658870190382003,False,False,False,True,True,0.7287905401832422,True,rank_flip,2,8972,8
gradcam-91aff59cc21a98c7b53a,population-2a9bc5280db4a65672a1bbcb,survface,survface:unknown_unknown_probe:2721_cam1_1,adaface-4df25b75e065b0b9ed43,pq,pq_512_m64_b8,pq_one_sided_cosine,0.3,False,frozen_origin,-0.0703963786363601,False,False,False,True,True,0.7243728685128079,True,rank_flip,3,8972,8
gradcam-d9fd778456cf57dabf29,population-2a9bc5280db4a65672a1bbcb,survface,survface:unknown_unknown_probe:1215_cam1_1,adaface-4df25b75e065b0b9ed43,pq,pq_512_m64_b8,pq_one_sided_cosine,0.3,False,frozen_origin,-0.0224349945783615,False,False,False,True,True,0.7186073999585274,True,rank_flip,4,8972,8
gradcam-0a8402a74a0f3bb40f5d,population-2a9bc5280db4a65672a1bbcb,survface,survface:unknown_unknown_probe:10055_cam2_75,adaface-4df25b75e065b0b9ed43,pq,pq_512_m64_b8,pq_one_sided_cosine,0.3,False,frozen_origin,-0.0473182499408721,False,False,False,True,True,0.7145957871135394,True,rank_flip,5,8972,8
gradcam-dccecb2da2475a672a38,population-2a9bc5280db4a65672a1bbcb,survface,survface:unknown_unknown_probe:distractors_216,adaface-4df25b75e065b0b9ed43,pq,pq_512_m64_b8,pq_one_sided_cosine,0.3,False,frozen_origin,-0.0390873253345489,False,False,False,True,True,0.713755317525402,True,rank_flip,6,8972,8
gradcam-d94c4fd9d55f79a54b2e,population-2a9bc5280db4a65672a1bbcb,survface,survface:registered_probe:9552_cam2_76,adaface-4df25b75e065b0b9ed43,pq,pq_512_m64_b8,pq_one_sided_cosine,0.3,True,frozen_origin,-0.0128886401653289,False,False,False,True,True,0.7108721428959187,True,rank_flip,7,8972,8
gradcam-d31e4c4256e77d609dbf,population-2a9bc5280db4a65672a1bbcb,survface,survface:unknown_unknown_probe:9000_cam2_23,adaface-4df25b75e065b0b9ed43,pq,pq_512_m64_b8,pq_one_sided_cosine,0.3,False,frozen_origin,-0.0393005013465881,False,False,False,True,True,0.7101251888331542,True,rank_flip,8,8972,8
gradcam-69f5d0fc5081672d2939,population-2a9bc5280db4a65672a1bbcb,survface,survface:registered_probe:9745_cam1_53,adaface-4df25b75e065b0b9ed43,pq,pq_512_m64_b8,pq_one_sided_cosine,0.3,True,frozen_origin,-0.0332783460617065,True,False,False,True,True,0.3564730560975991,True,stable,1,8972,8
gradcam-0737734fe6f9fac25807,population-2a9bc5280db4a65672a1bbcb,survface,survface:registered_probe:10205_cam1_7,adaface-4df25b75e065b0b9ed43,pq,pq_512_m64_b8,pq_one_sided_cosine,0.3,True,frozen_origin,-0.0424698591232299,True,False,False,True,True,0.3627468422003415,True,stable,2,8972,8
gradcam-f53d5754d886d4644a04,population-2a9bc5280db4a65672a1bbcb,survface,survface:registered_probe:5703_cam1_58,adaface-4df25b75e065b0b9ed43,pq,pq_512_m64_b8,pq_one_sided_cosine,0.3,True,frozen_origin,-0.0433095097541809,True,False,False,True,True,0.3644744728112345,True,stable,3,8972,8
gradcam-c63789b25452538aec5f,population-2a9bc5280db4a65672a1bbcb,survface,survface:unknown_unknown_probe:9404_cam2_36,adaface-4df25b75e065b0b9ed43,pq,pq_512_m64_b8,pq_one_sided_cosine,0.3,False,frozen_origin,-0.0366268754005432,True,False,False,True,True,0.3647184775662943,True,stable,4,8972,8
gradcam-8ee002b387255b421542,population-2a9bc5280db4a65672a1bbcb,survface,survface:unknown_unknown_probe:5611_cam1_6,adaface-4df25b75e065b0b9ed43,pq,pq_512_m64_b8,pq_one_sided_cosine,0.3,False,frozen_origin,-0.0423372983932495,True,False,False,True,True,0.3648622708494422,True,stable,5,8972,8
gradcam-36c0ed594c6c9dc67719,population-2a9bc5280db4a65672a1bbcb,survface,survface:registered_probe:5678_cam1_23,adaface-4df25b75e065b0b9ed43,pq,pq_512_m64_b8,pq_one_sided_cosine,0.3,True,frozen_origin,-0.043484628200531,True,False,False,True,True,0.3651440002172576,True,stable,6,8972,8
gradcam-9f68fdc87e584cabbaa5,population-2a9bc5280db4a65672a1bbcb,survface,survface:unknown_unknown_probe:5674_cam2_23,adaface-4df25b75e065b0b9ed43,pq,pq_512_m64_b8,pq_one_sided_cosine,0.3,False,frozen_origin,-0.035180926322937,True,False,False,True,True,0.3671187457769288,True,stable,7,8972,8
gradcam-0d3a541b47f201479f0f,population-2a9bc5280db4a65672a1bbcb,survface,survface:registered_probe:5647_cam1_249,adaface-4df25b75e065b0b9ed43,pq,pq_512_m64_b8,pq_one_sided_cosine,0.3,True,frozen_origin,-0.0509201884269714,True,False,False,True,True,0.3673208595864157,True,stable,8,8972,8
gradcam-35f0d164932554d50b08,population-2a9bc5280db4a65672a1bbcb,survface,survface:registered_probe:5227_19,adaface-4df25b75e065b0b9ed43,pq,pq_512_m64_b8,pq_one_sided_cosine,0.3,True,frozen_origin,-0.1249747276306152,True,True,False,True,True,0.653051670264155,True,threshold_crossing,1,8972,8
gradcam-15f4bcd8d8e7d2eabd0e,population-2a9bc5280db4a65672a1bbcb,survface,survface:registered_probe:5244_23,adaface-4df25b75e065b0b9ed43,pq,pq_512_m64_b8,pq_one_sided_cosine,0.3,True,frozen_origin,-0.1481883525848388,True,True,False,True,True,0.6505781572778178,True,threshold_crossing,2,8972,8
gradcam-a8c1a1526ca1b7edf6c0,population-2a9bc5280db4a65672a1bbcb,survface,survface:registered_probe:8739_cam1_97,adaface-4df25b75e065b0b9ed43,pq,pq_512_m64_b8,pq_one_sided_cosine,0.3,True,frozen_origin,-0.1318705081939697,True,True,False,True,True,0.6437491325183535,True,threshold_crossing,3,8972,8
gradcam-f4f46aed4dab64bd7124,population-2a9bc5280db4a65672a1bbcb,survface,survface:registered_probe:5241_26,adaface-4df25b75e065b0b9ed43,pq,pq_512_m64_b8,pq_one_sided_cosine,0.3,True,frozen_origin,-0.1776280403137207,True,True,False,True,True,0.6387893789885769,True,threshold_crossing,4,8972,8
gradcam-84b511c795237d427e16,population-2a9bc5280db4a65672a1bbcb,survface,survface:registered_probe:5241_25,adaface-4df25b75e065b0b9ed43,pq,pq_512_m64_b8,pq_one_sided_cosine,0.3,True,frozen_origin,-0.1345404982566833,True,True,False,True,True,0.6382972079095732,True,threshold_crossing,5,8972,8
gradcam-cf71ab663c233b3fe575,population-2a9bc5280db4a65672a1bbcb,survface,survface:unknown_unknown_probe:1346_cam1_1,adaface-4df25b75e065b0b9ed43,pq,pq_512_m64_b8,pq_one_sided_cosine,0.3,False,frozen_origin,-0.1353101730346679,True,True,False,True,True,0.6339310359996413,True,threshold_crossing,6,8972,8
gradcam-6f9cd33007944c470ca5,population-2a9bc5280db4a65672a1bbcb,survface,survface:unknown_unknown_probe:distractors_3013,adaface-4df25b75e065b0b9ed43,pq,pq_512_m64_b8,pq_one_sided_cosine,0.3,False,frozen_origin,-0.1391264200210571,True,True,False,True,True,0.6276157785600731,True,threshold_crossing,7,8972,8
gradcam-8a17cbaeea1da9ef16ee,population-2a9bc5280db4a65672a1bbcb,survface,survface:registered_probe:5263_3,adaface-4df25b75e065b0b9ed43,pq,pq_512_m64_b8,pq_one_sided_cosine,0.3,True,frozen_origin,-0.0917631387710571,True,True,False,True,True,0.6215517859328406,True,threshold_crossing,8,8972,8
gradcam-a240910174cb96034bfb,population-2a9bc5280db4a65672a1bbcb,survface,survface:registered_probe:5244_22,adaface-4df25b75e065b0b9ed43,pq,pq_512_m64_b8,pq_reconstruction_cosine,0.01,True,frozen_origin,-0.1523560583591461,True,False,False,True,True,0.7356740576139361,True,high_error,1,8972,8
gradcam-95064de5a02607978fd9,population-2a9bc5280db4a65672a1bbcb,survface,survface:registered_probe:9244_cam2_115,adaface-4df25b75e065b0b9ed43,pq,pq_512_m64_b8,pq_reconstruction_cosine,0.01,True,frozen_origin,-0.0768387019634246,True,False,False,True,True,0.7261495339459564,True,high_error,2,8972,8
gradcam-620a9094bd825a49aa5f,population-2a9bc5280db4a65672a1bbcb,survface,survface:registered_probe:5206_33,adaface-4df25b75e065b0b9ed43,pq,pq_512_m64_b8,pq_reconstruction_cosine,0.01,True,frozen_origin,-0.0319439768791198,True,False,False,True,True,0.7204125499805419,True,high_error,3,8972,8
gradcam-e2da9b81ffec17ad675d,population-2a9bc5280db4a65672a1bbcb,survface,survface:registered_probe:5244_28,adaface-4df25b75e065b0b9ed43,pq,pq_512_m64_b8,pq_reconstruction_cosine,0.01,True,frozen_origin,-0.1465694606304168,True,False,False,True,True,0.713624355353591,True,high_error,4,8972,8
gradcam-c2eb8d7d1ff5c197df4c,population-2a9bc5280db4a65672a1bbcb,survface,survface:registered_probe:2396_cam2_1,adaface-4df25b75e065b0b9ed43,pq,pq_512_m64_b8,pq_reconstruction_cosine,0.01,True,frozen_origin,-0.0575667321681976,True,False,False,True,True,0.7118311646077328,True,high_error,5,8972,8
gradcam-f17176b3fe96ab1fdea6,population-2a9bc5280db4a65672a1bbcb,survface,survface:unknown_unknown_probe:distractors_24780,adaface-4df25b75e065b0b9ed43,pq,pq_512_m64_b8,pq_reconstruction_cosine,0.01,False,frozen_origin,-0.0438559651374816,True,False,False,True,True,0.7082984198707756,True,high_error,6,8972,8
gradcam-6abd5c75839f2442d1c3,population-2a9bc5280db4a65672a1bbcb,survface,survface:registered_probe:5255_32,adaface-4df25b75e065b0b9ed43,pq,pq_512_m64_b8,pq_reconstruction_cosine,0.01,True,frozen_origin,-0.09549281001091,True,False,False,True,True,0.7055182705546774,True,high_error,7,8972,8
gradcam-ed99532825e06602914b,population-2a9bc5280db4a65672a1bbcb,survface,survface:registered_probe:5255_35,adaface-4df25b75e065b0b9ed43,pq,pq_512_m64_b8,pq_reconstruction_cosine,0.01,True,frozen_origin,-0.0696833431720733,True,False,False,True,True,0.7029558907314465,True,high_error,8,8972,8
gradcam-698f1e9fb9912a3dad27,population-2a9bc5280db4a65672a1bbcb,survface,survface:registered_probe:2973_cam3_1,adaface-4df25b75e065b0b9ed43,pq,pq_512_m64_b8,pq_reconstruction_cosine,0.01,True,frozen_origin,-0.078696921467781,False,False,False,True,True,0.7565311888717425,True,rank_flip,1,8972,8
gradcam-eaef6292c63eba40bb2b,population-2a9bc5280db4a65672a1bbcb,survface,survface:unknown_unknown_probe:4245_cam2_1,adaface-4df25b75e065b0b9ed43,pq,pq_512_m64_b8,pq_reconstruction_cosine,0.01,False,frozen_origin,0.0627475082874298,False,False,False,True,True,0.7444295123905138,True,rank_flip,2,8972,8
gradcam-26ee45bdda3dca748a36,population-2a9bc5280db4a65672a1bbcb,survface,survface:unknown_unknown_probe:distractors_2579,adaface-4df25b75e065b0b9ed43,pq,pq_512_m64_b8,pq_reconstruction_cosine,0.01,False,frozen_origin,0.0475909113883972,False,False,False,True,True,0.7371069612488848,True,rank_flip,3,8972,8
gradcam-d6354258119688abd444,population-2a9bc5280db4a65672a1bbcb,survface,survface:unknown_unknown_probe:distractors_2318,adaface-4df25b75e065b0b9ed43,pq,pq_512_m64_b8,pq_reconstruction_cosine,0.01,False,frozen_origin,0.033356487751007,False,False,False,True,True,0.7287905401832422,True,rank_flip,4,8972,8
gradcam-b3d8fa360dea6dce40a0,population-2a9bc5280db4a65672a1bbcb,survface,survface:unknown_unknown_probe:2721_cam1_1,adaface-4df25b75e065b0b9ed43,pq,pq_512_m64_b8,pq_reconstruction_cosine,0.01,False,frozen_origin,0.0254581570625305,False,False,False,True,True,0.7243728685128079,True,rank_flip,5,8972,8
gradcam-9106bb489d09ff7f1a1c,population-2a9bc5280db4a65672a1bbcb,survface,survface:registered_probe:595_cam1_1,adaface-4df25b75e065b0b9ed43,pq,pq_512_m64_b8,pq_reconstruction_cosine,0.01,True,frozen_origin,-0.0276773124933242,False,False,False,True,True,0.7228027750320959,True,rank_flip,6,8972,8
gradcam-f88ae74e5a0ecef81993,population-2a9bc5280db4a65672a1bbcb,survface,survface:unknown_unknown_probe:distractors_1945,adaface-4df25b75e065b0b9ed43,pq,pq_512_m64_b8,pq_reconstruction_cosine,0.01,False,frozen_origin,-0.0139616727828979,False,False,False,True,True,0.7222670603218343,True,rank_flip,7,8972,8
gradcam-8094d7234e01e348dba4,population-2a9bc5280db4a65672a1bbcb,survface,survface:unknown_unknown_probe:2667_cam2_1,adaface-4df25b75e065b0b9ed43,pq,pq_512_m64_b8,pq_reconstruction_cosine,0.01,False,frozen_origin,0.0451622605323791,False,False,False,True,True,0.7198394135604219,True,rank_flip,8,8972,8
gradcam-ba9b1376095bd0bc9248,population-2a9bc5280db4a65672a1bbcb,survface,survface:registered_probe:9745_cam1_53,adaface-4df25b75e065b0b9ed43,pq,pq_512_m64_b8,pq_reconstruction_cosine,0.01,True,frozen_origin,-0.0406025648117065,True,False,False,True,True,0.3564730560975991,True,stable,1,8972,8
gradcam-2fa788fcee1222532703,population-2a9bc5280db4a65672a1bbcb,survface,survface:registered_probe:10197_cam2_34,adaface-4df25b75e065b0b9ed43,pq,pq_512_m64_b8,pq_reconstruction_cosine,0.01,True,frozen_origin,-0.0539795756340026,True,False,False,True,True,0.3678362505238106,True,stable,2,8972,8
gradcam-c4608d545bf47c731303,population-2a9bc5280db4a65672a1bbcb,survface,survface:unknown_unknown_probe:5783_cam1_37,adaface-4df25b75e065b0b9ed43,pq,pq_512_m64_b8,pq_reconstruction_cosine,0.01,False,frozen_origin,-0.056675910949707,True,False,False,True,True,0.3705377677808085,True,stable,3,8972,8
gradcam-1ad1411af4b390b1a413,population-2a9bc5280db4a65672a1bbcb,survface,survface:registered_probe:5718_cam2_72,adaface-4df25b75e065b0b9ed43,pq,pq_512_m64_b8,pq_reconstruction_cosine,0.01,True,frozen_origin,-0.0587755441665649,True,False,False,True,True,0.3742528606601208,True,stable,4,8972,8
gradcam-4ca4445df6d1a7599292,population-2a9bc5280db4a65672a1bbcb,survface,survface:registered_probe:5716_cam2_10,adaface-4df25b75e065b0b9ed43,pq,pq_512_m64_b8,pq_reconstruction_cosine,0.01,True,frozen_origin,-0.0543815493583679,True,False,False,True,True,0.3744487971953346,True,stable,5,8972,8
gradcam-f672f23617e7ba352d29,population-2a9bc5280db4a65672a1bbcb,survface,survface:unknown_unknown_probe:5784_cam1_36,adaface-4df25b75e065b0b9ed43,pq,pq_512_m64_b8,pq_reconstruction_cosine,0.01,False,frozen_origin,-0.0387057065963745,True,False,False,True,True,0.3755101059507773,True,stable,6,8972,8
gradcam-cdc2ef55f9bce34823e8,population-2a9bc5280db4a65672a1bbcb,survface,survface:registered_probe:5669_cam1_70,adaface-4df25b75e065b0b9ed43,pq,pq_512_m64_b8,pq_reconstruction_cosine,0.01,True,frozen_origin,-0.0522951483726501,True,False,False,True,True,0.3764283080043323,True,stable,7,8972,8
gradcam-3677953bf2c09ab1411f,population-2a9bc5280db4a65672a1bbcb,survface,survface:registered_probe:5627_cam1_21,adaface-4df25b75e065b0b9ed43,pq,pq_512_m64_b8,pq_reconstruction_cosine,0.01,True,frozen_origin,-0.0360533595085144,True,False,False,True,True,0.3793374227271758,True,stable,8,8972,8
gradcam-d48e60ac2905acaf166e,population-2a9bc5280db4a65672a1bbcb,survface,survface:unknown_unknown_probe:4821_cam2_5,adaface-4df25b75e065b0b9ed43,pq,pq_512_m64_b8,pq_reconstruction_cosine,0.01,False,frozen_origin,-0.1474663019180297,True,True,False,True,True,0.613642644293666,True,threshold_crossing,1,8972,8
gradcam-b555237156a56c4becb7,population-2a9bc5280db4a65672a1bbcb,survface,survface:unknown_unknown_probe:4754_cam2_2,adaface-4df25b75e065b0b9ed43,pq,pq_512_m64_b8,pq_reconstruction_cosine,0.01,False,frozen_origin,-0.1377561092376709,True,True,False,True,True,0.5895893438991048,True,threshold_crossing,2,8972,8
gradcam-1443ea92d0444f556d73,population-2a9bc5280db4a65672a1bbcb,survface,survface:registered_probe:9155_cam3_16,adaface-4df25b75e065b0b9ed43,pq,pq_512_m64_b8,pq_reconstruction_cosine,0.01,True,frozen_origin,-0.147912859916687,True,True,False,True,True,0.565424920747719,True,threshold_crossing,3,8972,8
gradcam-22b12f289705b2feb48e,population-2a9bc5280db4a65672a1bbcb,survface,survface:unknown_unknown_probe:10448_cam2_21,adaface-4df25b75e065b0b9ed43,pq,pq_512_m64_b8,pq_reconstruction_cosine,0.01,False,frozen_origin,-0.1073928475379943,True,True,False,True,True,0.5459962429095013,True,threshold_crossing,4,8972,8
gradcam-a40f71779644ac27c985,population-2a9bc5280db4a65672a1bbcb,survface,survface:registered_probe:5462_cam1_2,adaface-4df25b75e065b0b9ed43,pq,pq_512_m64_b8,pq_reconstruction_cosine,0.01,True,frozen_origin,-0.1001090407371521,True,True,False,True,True,0.540952146862329,True,threshold_crossing,5,8972,8
gradcam-f10c8f1be1d5041883ba,population-2a9bc5280db4a65672a1bbcb,survface,survface:registered_probe:5462_cam1_6,adaface-4df25b75e065b0b9ed43,pq,pq_512_m64_b8,pq_reconstruction_cosine,0.01,True,frozen_origin,-0.1210682392120361,True,True,False,True,True,0.5386333624656782,True,threshold_crossing,6,8972,8
gradcam-bbc3f7dfb1f28bb8644d,population-2a9bc5280db4a65672a1bbcb,survface,survface:registered_probe:10548_cam3_15,adaface-4df25b75e065b0b9ed43,pq,pq_512_m64_b8,pq_reconstruction_cosine,0.01,True,frozen_origin,-0.1027093529701232,True,True,False,True,True,0.5383271842788709,True,threshold_crossing,7,8972,8
gradcam-91b30e85a8c395bd8328,population-2a9bc5280db4a65672a1bbcb,survface,survface:registered_probe:5462_cam1_4,adaface-4df25b75e065b0b9ed43,pq,pq_512_m64_b8,pq_reconstruction_cosine,0.01,True,frozen_origin,-0.0878413319587707,True,True,False,True,True,0.5347182090556355,True,threshold_crossing,8,8972,8
gradcam-307cc528e1856e52c9dc,population-2a9bc5280db4a65672a1bbcb,survface,survface:registered_probe:5244_22,adaface-4df25b75e065b0b9ed43,pq,pq_512_m64_b8,pq_reconstruction_cosine,0.05,True,frozen_origin,-0.1523560583591461,True,False,False,True,True,0.7356740576139361,True,high_error,1,8972,8
gradcam-166d7352ab8950ad46b8,population-2a9bc5280db4a65672a1bbcb,survface,survface:registered_probe:9244_cam2_115,adaface-4df25b75e065b0b9ed43,pq,pq_512_m64_b8,pq_reconstruction_cosine,0.05,True,frozen_origin,-0.0768387019634246,True,False,False,True,True,0.7261495339459564,True,high_error,2,8972,8
gradcam-7da6a99851a1468ae965,population-2a9bc5280db4a65672a1bbcb,survface,survface:registered_probe:5206_33,adaface-4df25b75e065b0b9ed43,pq,pq_512_m64_b8,pq_reconstruction_cosine,0.05,True,frozen_origin,-0.0319439768791198,True,False,False,True,True,0.7204125499805419,True,high_error,3,8972,8
gradcam-41fdedda17cfbdde5a73,population-2a9bc5280db4a65672a1bbcb,survface,survface:registered_probe:5244_28,adaface-4df25b75e065b0b9ed43,pq,pq_512_m64_b8,pq_reconstruction_cosine,0.05,True,frozen_origin,-0.1465694606304168,True,False,False,True,True,0.713624355353591,True,high_error,4,8972,8
gradcam-8055011498e06e15349b,population-2a9bc5280db4a65672a1bbcb,survface,survface:registered_probe:2396_cam2_1,adaface-4df25b75e065b0b9ed43,pq,pq_512_m64_b8,pq_reconstruction_cosine,0.05,True,frozen_origin,-0.0575667321681976,True,False,False,True,True,0.7118311646077328,True,high_error,5,8972,8
gradcam-723d9ad7a24d909f8be6,population-2a9bc5280db4a65672a1bbcb,survface,survface:unknown_unknown_probe:distractors_24780,adaface-4df25b75e065b0b9ed43,pq,pq_512_m64_b8,pq_reconstruction_cosine,0.05,False,frozen_origin,-0.0438559651374816,True,False,False,True,True,0.7082984198707756,True,high_error,6,8972,8
gradcam-0297317d31c343a02be5,population-2a9bc5280db4a65672a1bbcb,survface,survface:registered_probe:5255_32,adaface-4df25b75e065b0b9ed43,pq,pq_512_m64_b8,pq_reconstruction_cosine,0.05,True,frozen_origin,-0.09549281001091,True,False,False,True,True,0.7055182705546774,True,high_error,7,8972,8
gradcam-9fd56dad9f439b0af978,population-2a9bc5280db4a65672a1bbcb,survface,survface:registered_probe:5255_35,adaface-4df25b75e065b0b9ed43,pq,pq_512_m64_b8,pq_reconstruction_cosine,0.05,True,frozen_origin,-0.0696833431720733,True,False,False,True,True,0.7029558907314465,True,high_error,8,8972,8
gradcam-c643f4c13bef4898c68c,population-2a9bc5280db4a65672a1bbcb,survface,survface:registered_probe:2973_cam3_1,adaface-4df25b75e065b0b9ed43,pq,pq_512_m64_b8,pq_reconstruction_cosine,0.05,True,frozen_origin,-0.078696921467781,False,False,False,True,True,0.7565311888717425,True,rank_flip,1,8972,8
gradcam-32acbcd593922ef15eaa,population-2a9bc5280db4a65672a1bbcb,survface,survface:unknown_unknown_probe:4245_cam2_1,adaface-4df25b75e065b0b9ed43,pq,pq_512_m64_b8,pq_reconstruction_cosine,0.05,False,frozen_origin,0.0627475082874298,False,False,False,True,True,0.7444295123905138,True,rank_flip,2,8972,8
gradcam-22ab9a8318c1d46901d2,population-2a9bc5280db4a65672a1bbcb,survface,survface:unknown_unknown_probe:distractors_2579,adaface-4df25b75e065b0b9ed43,pq,pq_512_m64_b8,pq_reconstruction_cosine,0.05,False,frozen_origin,0.0475909113883972,False,False,False,True,True,0.7371069612488848,True,rank_flip,3,8972,8
gradcam-2a8bbbfbb9070fe6485a,population-2a9bc5280db4a65672a1bbcb,survface,survface:unknown_unknown_probe:distractors_2318,adaface-4df25b75e065b0b9ed43,pq,pq_512_m64_b8,pq_reconstruction_cosine,0.05,False,frozen_origin,0.033356487751007,False,False,False,True,True,0.7287905401832422,True,rank_flip,4,8972,8
gradcam-212cc5736654938c17ca,population-2a9bc5280db4a65672a1bbcb,survface,survface:unknown_unknown_probe:2721_cam1_1,adaface-4df25b75e065b0b9ed43,pq,pq_512_m64_b8,pq_reconstruction_cosine,0.05,False,frozen_origin,0.0254581570625305,False,False,False,True,True,0.7243728685128079,True,rank_flip,5,8972,8
gradcam-43d01bd27bae839eb758,population-2a9bc5280db4a65672a1bbcb,survface,survface:registered_probe:595_cam1_1,adaface-4df25b75e065b0b9ed43,pq,pq_512_m64_b8,pq_reconstruction_cosine,0.05,True,frozen_origin,-0.0276773124933242,False,False,False,True,True,0.7228027750320959,True,rank_flip,6,8972,8
gradcam-c47c7937f0b108543042,population-2a9bc5280db4a65672a1bbcb,survface,survface:unknown_unknown_probe:distractors_1945,adaface-4df25b75e065b0b9ed43,pq,pq_512_m64_b8,pq_reconstruction_cosine,0.05,False,frozen_origin,-0.0139616727828979,False,False,False,True,True,0.7222670603218343,True,rank_flip,7,8972,8
gradcam-a2e6fabe21c93bb90569,population-2a9bc5280db4a65672a1bbcb,survface,survface:unknown_unknown_probe:2667_cam2_1,adaface-4df25b75e065b0b9ed43,pq,pq_512_m64_b8,pq_reconstruction_cosine,0.05,False,frozen_origin,0.0451622605323791,False,False,False,True,True,0.7198394135604219,True,rank_flip,8,8972,8
gradcam-620f4b915a9eacbe399d,population-2a9bc5280db4a65672a1bbcb,survface,survface:registered_probe:9745_cam1_53,adaface-4df25b75e065b0b9ed43,pq,pq_512_m64_b8,pq_reconstruction_cosine,0.05,True,frozen_origin,-0.0406025648117065,True,False,False,True,True,0.3564730560975991,True,stable,1,8972,8
gradcam-6ce61bb7ee71ce6a8ec5,population-2a9bc5280db4a65672a1bbcb,survface,survface:registered_probe:10205_cam1_7,adaface-4df25b75e065b0b9ed43,pq,pq_512_m64_b8,pq_reconstruction_cosine,0.05,True,frozen_origin,-0.045948326587677,True,False,False,True,True,0.3627468422003415,True,stable,2,8972,8
gradcam-057f90adb3b91a4dffc9,population-2a9bc5280db4a65672a1bbcb,survface,survface:unknown_unknown_probe:9163_cam3_9,adaface-4df25b75e065b0b9ed43,pq,pq_512_m64_b8,pq_reconstruction_cosine,0.05,False,frozen_origin,-0.0504384040832519,True,False,False,True,True,0.364380073535786,True,stable,3,8972,8
gradcam-3566ef79a3073e95b64d,population-2a9bc5280db4a65672a1bbcb,survface,survface:unknown_unknown_probe:9404_cam2_36,adaface-4df25b75e065b0b9ed43,pq,pq_512_m64_b8,pq_reconstruction_cosine,0.05,False,frozen_origin,-0.032558798789978,True,False,False,True,True,0.3647184775662943,True,stable,4,8972,8
gradcam-ba2c880f6805b5955f51,population-2a9bc5280db4a65672a1bbcb,survface,survface:registered_probe:5678_cam1_23,adaface-4df25b75e065b0b9ed43,pq,pq_512_m64_b8,pq_reconstruction_cosine,0.05,True,frozen_origin,-0.0724315643310546,True,False,False,True,True,0.3651440002172576,True,stable,5,8972,8
gradcam-424f79039173638cc6c5,population-2a9bc5280db4a65672a1bbcb,survface,survface:unknown_unknown_probe:5674_cam2_23,adaface-4df25b75e065b0b9ed43,pq,pq_512_m64_b8,pq_reconstruction_cosine,0.05,False,frozen_origin,-0.0502439737319946,True,False,False,True,True,0.3671187457769288,True,stable,6,8972,8
gradcam-9e511b6da18edaaa2821,population-2a9bc5280db4a65672a1bbcb,survface,survface:registered_probe:5647_cam1_249,adaface-4df25b75e065b0b9ed43,pq,pq_512_m64_b8,pq_reconstruction_cosine,0.05,True,frozen_origin,-0.0791459679603576,True,False,False,True,True,0.3673208595864157,True,stable,7,8972,8
gradcam-8228e9066fe29dd668bc,population-2a9bc5280db4a65672a1bbcb,survface,survface:registered_probe:5647_cam1_198,adaface-4df25b75e065b0b9ed43,pq,pq_512_m64_b8,pq_reconstruction_cosine,0.05,True,frozen_origin,-0.0652487277984619,True,False,False,True,True,0.3674907102975827,True,stable,8,8972,8
gradcam-5c20e4c15f654af0402e,population-2a9bc5280db4a65672a1bbcb,survface,survface:registered_probe:5227_16,adaface-4df25b75e065b0b9ed43,pq,pq_512_m64_b8,pq_reconstruction_cosine,0.05,True,frozen_origin,-0.1492650508880615,True,True,False,True,True,0.6153140309697013,True,threshold_crossing,1,8972,8
gradcam-83da4be4862619d2b405,population-2a9bc5280db4a65672a1bbcb,survface,survface:unknown_unknown_probe:4821_cam2_5,adaface-4df25b75e065b0b9ed43,pq,pq_512_m64_b8,pq_reconstruction_cosine,0.05,False,frozen_origin,-0.1474663019180297,True,True,False,True,True,0.613642644293666,True,threshold_crossing,2,8972,8
gradcam-4a78d79c17170eadb2ee,population-2a9bc5280db4a65672a1bbcb,survface,survface:unknown_unknown_probe:distractors_4002,adaface-4df25b75e065b0b9ed43,pq,pq_512_m64_b8,pq_reconstruction_cosine,0.05,False,frozen_origin,-0.1193463802337646,True,True,False,True,True,0.6089425540383328,True,threshold_crossing,3,8972,8
gradcam-019a34bd389d58bdcf5c,population-2a9bc5280db4a65672a1bbcb,survface,survface:unknown_unknown_probe:4754_cam2_2,adaface-4df25b75e065b0b9ed43,pq,pq_512_m64_b8,pq_reconstruction_cosine,0.05,False,frozen_origin,-0.1377561092376709,True,True,False,True,True,0.5895893438991048,True,threshold_crossing,4,8972,8
gradcam-a5e064a007143b686233,population-2a9bc5280db4a65672a1bbcb,survface,survface:registered_probe:5061_cam2_4,adaface-4df25b75e065b0b9ed43,pq,pq_512_m64_b8,pq_reconstruction_cosine,0.05,True,frozen_origin,-0.1517187356948852,True,True,False,True,True,0.5838673783565147,True,threshold_crossing,5,8972,8
gradcam-85612cb0bca1bbac37af,population-2a9bc5280db4a65672a1bbcb,survface,survface:registered_probe:2022_cam2_1,adaface-4df25b75e065b0b9ed43,pq,pq_512_m64_b8,pq_reconstruction_cosine,0.05,True,frozen_origin,-0.1224828362464904,True,True,False,True,True,0.5683484573890409,True,threshold_crossing,6,8972,8
gradcam-c96d5fa6903f82510a6f,population-2a9bc5280db4a65672a1bbcb,survface,survface:registered_probe:9155_cam3_16,adaface-4df25b75e065b0b9ed43,pq,pq_512_m64_b8,pq_reconstruction_cosine,0.05,True,frozen_origin,-0.147912859916687,True,True,False,True,True,0.565424920747719,True,threshold_crossing,7,8972,8
gradcam-e665508c4f99b23c4bca,population-2a9bc5280db4a65672a1bbcb,survface,survface:registered_probe:10548_cam3_28,adaface-4df25b75e065b0b9ed43,pq,pq_512_m64_b8,pq_reconstruction_cosine,0.05,True,frozen_origin,-0.08455491065979,True,True,False,True,True,0.5502057447519912,True,threshold_crossing,8,8972,8
gradcam-b96132eb14655efd53e2,population-2a9bc5280db4a65672a1bbcb,survface,survface:registered_probe:5244_22,adaface-4df25b75e065b0b9ed43,pq,pq_512_m64_b8,pq_reconstruction_cosine,0.1,True,frozen_origin,-0.1523560583591461,True,False,False,True,True,0.7356740576139361,True,high_error,1,8972,8
gradcam-020f28c8585dd0078b2c,population-2a9bc5280db4a65672a1bbcb,survface,survface:registered_probe:9244_cam2_115,adaface-4df25b75e065b0b9ed43,pq,pq_512_m64_b8,pq_reconstruction_cosine,0.1,True,frozen_origin,-0.0768387019634246,True,False,False,True,True,0.7261495339459564,True,high_error,2,8972,8
gradcam-8671eb9e71386b3af792,population-2a9bc5280db4a65672a1bbcb,survface,survface:registered_probe:5206_33,adaface-4df25b75e065b0b9ed43,pq,pq_512_m64_b8,pq_reconstruction_cosine,0.1,True,frozen_origin,-0.0319439768791198,True,False,False,True,True,0.7204125499805419,True,high_error,3,8972,8
gradcam-96e3c33b000362a11dd2,population-2a9bc5280db4a65672a1bbcb,survface,survface:registered_probe:5244_28,adaface-4df25b75e065b0b9ed43,pq,pq_512_m64_b8,pq_reconstruction_cosine,0.1,True,frozen_origin,-0.1465694606304168,True,False,False,True,True,0.713624355353591,True,high_error,4,8972,8
gradcam-4cd52e6d449e7690b799,population-2a9bc5280db4a65672a1bbcb,survface,survface:registered_probe:2396_cam2_1,adaface-4df25b75e065b0b9ed43,pq,pq_512_m64_b8,pq_reconstruction_cosine,0.1,True,frozen_origin,-0.0575667321681976,True,False,False,True,True,0.7118311646077328,True,high_error,5,8972,8
gradcam-64217cbb3a93a39b5a39,population-2a9bc5280db4a65672a1bbcb,survface,survface:unknown_unknown_probe:distractors_24780,adaface-4df25b75e065b0b9ed43,pq,pq_512_m64_b8,pq_reconstruction_cosine,0.1,False,frozen_origin,-0.0438559651374816,True,False,False,True,True,0.7082984198707756,True,high_error,6,8972,8
gradcam-6c0729060a7febbc4775,population-2a9bc5280db4a65672a1bbcb,survface,survface:registered_probe:5255_32,adaface-4df25b75e065b0b9ed43,pq,pq_512_m64_b8,pq_reconstruction_cosine,0.1,True,frozen_origin,-0.09549281001091,True,False,False,True,True,0.7055182705546774,True,high_error,7,8972,8
gradcam-080f1d04d3254a6bd81d,population-2a9bc5280db4a65672a1bbcb,survface,survface:registered_probe:5255_35,adaface-4df25b75e065b0b9ed43,pq,pq_512_m64_b8,pq_reconstruction_cosine,0.1,True,frozen_origin,-0.0696833431720733,True,False,False,True,True,0.7029558907314465,True,high_error,8,8972,8
gradcam-89c386fd8dbf2406e33f,population-2a9bc5280db4a65672a1bbcb,survface,survface:registered_probe:2973_cam3_1,adaface-4df25b75e065b0b9ed43,pq,pq_512_m64_b8,pq_reconstruction_cosine,0.1,True,frozen_origin,-0.078696921467781,False,False,False,True,True,0.7565311888717425,True,rank_flip,1,8972,8
gradcam-7096ac06a62a22ba7c34,population-2a9bc5280db4a65672a1bbcb,survface,survface:unknown_unknown_probe:4245_cam2_1,adaface-4df25b75e065b0b9ed43,pq,pq_512_m64_b8,pq_reconstruction_cosine,0.1,False,frozen_origin,0.0627475082874298,False,False,False,True,True,0.7444295123905138,True,rank_flip,2,8972,8
gradcam-dcdfbc12aa25249d74f0,population-2a9bc5280db4a65672a1bbcb,survface,survface:unknown_unknown_probe:distractors_2579,adaface-4df25b75e065b0b9ed43,pq,pq_512_m64_b8,pq_reconstruction_cosine,0.1,False,frozen_origin,0.0475909113883972,False,False,False,True,True,0.7371069612488848,True,rank_flip,3,8972,8
gradcam-cde15ad099576e886655,population-2a9bc5280db4a65672a1bbcb,survface,survface:unknown_unknown_probe:distractors_2318,adaface-4df25b75e065b0b9ed43,pq,pq_512_m64_b8,pq_reconstruction_cosine,0.1,False,frozen_origin,0.033356487751007,False,False,False,True,True,0.7287905401832422,True,rank_flip,4,8972,8
gradcam-7fa2e4a2b6d221a8dd3d,population-2a9bc5280db4a65672a1bbcb,survface,survface:unknown_unknown_probe:2721_cam1_1,adaface-4df25b75e065b0b9ed43,pq,pq_512_m64_b8,pq_reconstruction_cosine,0.1,False,frozen_origin,0.0254581570625305,False,False,False,True,True,0.7243728685128079,True,rank_flip,5,8972,8
gradcam-7fdcecd47d9349f60b92,population-2a9bc5280db4a65672a1bbcb,survface,survface:registered_probe:595_cam1_1,adaface-4df25b75e065b0b9ed43,pq,pq_512_m64_b8,pq_reconstruction_cosine,0.1,True,frozen_origin,-0.0276773124933242,False,False,False,True,True,0.7228027750320959,True,rank_flip,6,8972,8
gradcam-45f4a3790c2f2f341fd4,population-2a9bc5280db4a65672a1bbcb,survface,survface:unknown_unknown_probe:distractors_1945,adaface-4df25b75e065b0b9ed43,pq,pq_512_m64_b8,pq_reconstruction_cosine,0.1,False,frozen_origin,-0.0139616727828979,False,False,False,True,True,0.7222670603218343,True,rank_flip,7,8972,8
gradcam-6d6a964f3b373705b971,population-2a9bc5280db4a65672a1bbcb,survface,survface:unknown_unknown_probe:2667_cam2_1,adaface-4df25b75e065b0b9ed43,pq,pq_512_m64_b8,pq_reconstruction_cosine,0.1,False,frozen_origin,0.0451622605323791,False,False,False,True,True,0.7198394135604219,True,rank_flip,8,8972,8
gradcam-567e3cd9bd2e88389713,population-2a9bc5280db4a65672a1bbcb,survface,survface:registered_probe:9745_cam1_53,adaface-4df25b75e065b0b9ed43,pq,pq_512_m64_b8,pq_reconstruction_cosine,0.1,True,frozen_origin,-0.0406025648117065,True,False,False,True,True,0.3564730560975991,True,stable,1,8972,8
gradcam-e3324fe96c6a7eb94e31,population-2a9bc5280db4a65672a1bbcb,survface,survface:registered_probe:10205_cam1_7,adaface-4df25b75e065b0b9ed43,pq,pq_512_m64_b8,pq_reconstruction_cosine,0.1,True,frozen_origin,-0.045948326587677,True,False,False,True,True,0.3627468422003415,True,stable,2,8972,8
gradcam-52fb652ff1fcb0722d88,population-2a9bc5280db4a65672a1bbcb,survface,survface:unknown_unknown_probe:9163_cam3_9,adaface-4df25b75e065b0b9ed43,pq,pq_512_m64_b8,pq_reconstruction_cosine,0.1,False,frozen_origin,-0.0504384040832519,True,False,False,True,True,0.364380073535786,True,stable,3,8972,8
gradcam-734a01785c579140f3ab,population-2a9bc5280db4a65672a1bbcb,survface,survface:unknown_unknown_probe:9404_cam2_36,adaface-4df25b75e065b0b9ed43,pq,pq_512_m64_b8,pq_reconstruction_cosine,0.1,False,frozen_origin,-0.032558798789978,True,False,False,True,True,0.3647184775662943,True,stable,4,8972,8
gradcam-5769494351ca7cd6939b,population-2a9bc5280db4a65672a1bbcb,survface,survface:registered_probe:5678_cam1_23,adaface-4df25b75e065b0b9ed43,pq,pq_512_m64_b8,pq_reconstruction_cosine,0.1,True,frozen_origin,-0.0724315643310546,True,False,False,True,True,0.3651440002172576,True,stable,5,8972,8
gradcam-6d91384f929e6765103b,population-2a9bc5280db4a65672a1bbcb,survface,survface:unknown_unknown_probe:5674_cam2_23,adaface-4df25b75e065b0b9ed43,pq,pq_512_m64_b8,pq_reconstruction_cosine,0.1,False,frozen_origin,-0.0502439737319946,True,False,False,True,True,0.3671187457769288,True,stable,6,8972,8
gradcam-b6b57a3d943f2f1f377d,population-2a9bc5280db4a65672a1bbcb,survface,survface:registered_probe:5647_cam1_249,adaface-4df25b75e065b0b9ed43,pq,pq_512_m64_b8,pq_reconstruction_cosine,0.1,True,frozen_origin,-0.0791459679603576,True,False,False,True,True,0.3673208595864157,True,stable,7,8972,8
gradcam-47311dabf2e738d08284,population-2a9bc5280db4a65672a1bbcb,survface,survface:registered_probe:5647_cam1_198,adaface-4df25b75e065b0b9ed43,pq,pq_512_m64_b8,pq_reconstruction_cosine,0.1,True,frozen_origin,-0.0652487277984619,True,False,False,True,True,0.3674907102975827,True,stable,8,8972,8
gradcam-2b34aae245945f13aa1e,population-2a9bc5280db4a65672a1bbcb,survface,survface:unknown_unknown_probe:1346_cam1_1,adaface-4df25b75e065b0b9ed43,pq,pq_512_m64_b8,pq_reconstruction_cosine,0.1,False,frozen_origin,-0.1817342042922973,True,True,False,True,True,0.6339310359996413,True,threshold_crossing,1,8972,8
gradcam-a05e7c843a2bc27ce3f8,population-2a9bc5280db4a65672a1bbcb,survface,survface:registered_probe:5227_16,adaface-4df25b75e065b0b9ed43,pq,pq_512_m64_b8,pq_reconstruction_cosine,0.1,True,frozen_origin,-0.1492650508880615,True,True,False,True,True,0.6153140309697013,True,threshold_crossing,2,8972,8
gradcam-9042dfdda26b3f4a0535,population-2a9bc5280db4a65672a1bbcb,survface,survface:registered_probe:5225_16,adaface-4df25b75e065b0b9ed43,pq,pq_512_m64_b8,pq_reconstruction_cosine,0.1,True,frozen_origin,-0.1066662669181823,True,True,False,True,True,0.6141863305498945,True,threshold_crossing,3,8972,8
gradcam-8031b26e79a42e0e44ad,population-2a9bc5280db4a65672a1bbcb,survface,survface:unknown_unknown_probe:4821_cam2_5,adaface-4df25b75e065b0b9ed43,pq,pq_512_m64_b8,pq_reconstruction_cosine,0.1,False,frozen_origin,-0.1474663019180297,True,True,False,True,True,0.613642644293666,True,threshold_crossing,4,8972,8
gradcam-f987bf92f87c7604025d,population-2a9bc5280db4a65672a1bbcb,survface,survface:unknown_unknown_probe:distractors_4002,adaface-4df25b75e065b0b9ed43,pq,pq_512_m64_b8,pq_reconstruction_cosine,0.1,False,frozen_origin,-0.1193463802337646,True,True,False,True,True,0.6089425540383328,True,threshold_crossing,5,8972,8
gradcam-775db005a21ccc4c8b02,population-2a9bc5280db4a65672a1bbcb,survface,survface:unknown_unknown_probe:4754_cam2_2,adaface-4df25b75e065b0b9ed43,pq,pq_512_m64_b8,pq_reconstruction_cosine,0.1,False,frozen_origin,-0.1377561092376709,True,True,False,True,True,0.5895893438991048,True,threshold_crossing,6,8972,8
gradcam-112bd0589b3bf7c9c63f,population-2a9bc5280db4a65672a1bbcb,survface,survface:registered_probe:5061_cam2_4,adaface-4df25b75e065b0b9ed43,pq,pq_512_m64_b8,pq_reconstruction_cosine,0.1,True,frozen_origin,-0.1517187356948852,True,True,False,True,True,0.5838673783565147,True,threshold_crossing,7,8972,8
gradcam-8b1565da396c952f2eb9,population-2a9bc5280db4a65672a1bbcb,survface,survface:registered_probe:2022_cam2_1,adaface-4df25b75e065b0b9ed43,pq,pq_512_m64_b8,pq_reconstruction_cosine,0.1,True,frozen_origin,-0.1224828362464904,True,True,False,True,True,0.5683484573890409,True,threshold_crossing,8,8972,8
gradcam-c5b1f960602d6d903851,population-2a9bc5280db4a65672a1bbcb,survface,survface:registered_probe:5244_22,adaface-4df25b75e065b0b9ed43,pq,pq_512_m64_b8,pq_reconstruction_cosine,0.2,True,frozen_origin,-0.1523560583591461,True,False,False,True,True,0.7356740576139361,True,high_error,1,8972,8
gradcam-e4fc194ced661b86d874,population-2a9bc5280db4a65672a1bbcb,survface,survface:registered_probe:9244_cam2_115,adaface-4df25b75e065b0b9ed43,pq,pq_512_m64_b8,pq_reconstruction_cosine,0.2,True,frozen_origin,-0.0768387019634246,True,False,False,True,True,0.7261495339459564,True,high_error,2,8972,8
gradcam-67cbfd59eb24e8ea600c,population-2a9bc5280db4a65672a1bbcb,survface,survface:registered_probe:5206_33,adaface-4df25b75e065b0b9ed43,pq,pq_512_m64_b8,pq_reconstruction_cosine,0.2,True,frozen_origin,-0.0319439768791198,True,False,False,True,True,0.7204125499805419,True,high_error,3,8972,8
gradcam-31961234f229ff4a7f81,population-2a9bc5280db4a65672a1bbcb,survface,survface:registered_probe:5244_28,adaface-4df25b75e065b0b9ed43,pq,pq_512_m64_b8,pq_reconstruction_cosine,0.2,True,frozen_origin,-0.1465694606304168,True,False,False,True,True,0.713624355353591,True,high_error,4,8972,8
gradcam-253c20d5c65adaac09eb,population-2a9bc5280db4a65672a1bbcb,survface,survface:registered_probe:2396_cam2_1,adaface-4df25b75e065b0b9ed43,pq,pq_512_m64_b8,pq_reconstruction_cosine,0.2,True,frozen_origin,-0.0575667321681976,True,False,False,True,True,0.7118311646077328,True,high_error,5,8972,8
gradcam-74b2894fb97e509be595,population-2a9bc5280db4a65672a1bbcb,survface,survface:unknown_unknown_probe:distractors_24780,adaface-4df25b75e065b0b9ed43,pq,pq_512_m64_b8,pq_reconstruction_cosine,0.2,False,frozen_origin,-0.0438559651374816,True,False,False,True,True,0.7082984198707756,True,high_error,6,8972,8
gradcam-decd7c4a76f2934fbabf,population-2a9bc5280db4a65672a1bbcb,survface,survface:registered_probe:5255_32,adaface-4df25b75e065b0b9ed43,pq,pq_512_m64_b8,pq_reconstruction_cosine,0.2,True,frozen_origin,-0.09549281001091,True,False,False,True,True,0.7055182705546774,True,high_error,7,8972,8
gradcam-a06c3c97bb013238dbbe,population-2a9bc5280db4a65672a1bbcb,survface,survface:registered_probe:5255_35,adaface-4df25b75e065b0b9ed43,pq,pq_512_m64_b8,pq_reconstruction_cosine,0.2,True,frozen_origin,-0.0696833431720733,True,False,False,True,True,0.7029558907314465,True,high_error,8,8972,8
gradcam-8c10e7a62d5d3183c6c3,population-2a9bc5280db4a65672a1bbcb,survface,survface:registered_probe:2973_cam3_1,adaface-4df25b75e065b0b9ed43,pq,pq_512_m64_b8,pq_reconstruction_cosine,0.2,True,frozen_origin,-0.078696921467781,False,False,False,True,True,0.7565311888717425,True,rank_flip,1,8972,8
gradcam-21d0b89965bb0936231b,population-2a9bc5280db4a65672a1bbcb,survface,survface:unknown_unknown_probe:4245_cam2_1,adaface-4df25b75e065b0b9ed43,pq,pq_512_m64_b8,pq_reconstruction_cosine,0.2,False,frozen_origin,0.0627475082874298,False,False,False,True,True,0.7444295123905138,True,rank_flip,2,8972,8
gradcam-0966f5e81d9df3dfc683,population-2a9bc5280db4a65672a1bbcb,survface,survface:unknown_unknown_probe:distractors_2579,adaface-4df25b75e065b0b9ed43,pq,pq_512_m64_b8,pq_reconstruction_cosine,0.2,False,frozen_origin,0.0475909113883972,False,False,False,True,True,0.7371069612488848,True,rank_flip,3,8972,8
gradcam-158e6cf343e4b3462eaf,population-2a9bc5280db4a65672a1bbcb,survface,survface:unknown_unknown_probe:distractors_2318,adaface-4df25b75e065b0b9ed43,pq,pq_512_m64_b8,pq_reconstruction_cosine,0.2,False,frozen_origin,0.033356487751007,False,False,False,True,True,0.7287905401832422,True,rank_flip,4,8972,8
gradcam-8303be36046c3297ade0,population-2a9bc5280db4a65672a1bbcb,survface,survface:unknown_unknown_probe:2721_cam1_1,adaface-4df25b75e065b0b9ed43,pq,pq_512_m64_b8,pq_reconstruction_cosine,0.2,False,frozen_origin,0.0254581570625305,False,False,False,True,True,0.7243728685128079,True,rank_flip,5,8972,8
gradcam-c4c9fbea5e98832c8065,population-2a9bc5280db4a65672a1bbcb,survface,survface:registered_probe:595_cam1_1,adaface-4df25b75e065b0b9ed43,pq,pq_512_m64_b8,pq_reconstruction_cosine,0.2,True,frozen_origin,-0.0276773124933242,False,False,False,True,True,0.7228027750320959,True,rank_flip,6,8972,8
gradcam-def66d9ea42de35693f8,population-2a9bc5280db4a65672a1bbcb,survface,survface:unknown_unknown_probe:distractors_1945,adaface-4df25b75e065b0b9ed43,pq,pq_512_m64_b8,pq_reconstruction_cosine,0.2,False,frozen_origin,-0.0139616727828979,False,False,False,True,True,0.7222670603218343,True,rank_flip,7,8972,8
gradcam-ef22816c1fbaa51f6634,population-2a9bc5280db4a65672a1bbcb,survface,survface:unknown_unknown_probe:2667_cam2_1,adaface-4df25b75e065b0b9ed43,pq,pq_512_m64_b8,pq_reconstruction_cosine,0.2,False,frozen_origin,0.0451622605323791,False,False,False,True,True,0.7198394135604219,True,rank_flip,8,8972,8
gradcam-358cb46aa63ca2898b72,population-2a9bc5280db4a65672a1bbcb,survface,survface:registered_probe:9745_cam1_53,adaface-4df25b75e065b0b9ed43,pq,pq_512_m64_b8,pq_reconstruction_cosine,0.2,True,frozen_origin,-0.0406025648117065,True,False,False,True,True,0.3564730560975991,True,stable,1,8972,8
gradcam-de089c84e0c64065d1e0,population-2a9bc5280db4a65672a1bbcb,survface,survface:registered_probe:10205_cam1_7,adaface-4df25b75e065b0b9ed43,pq,pq_512_m64_b8,pq_reconstruction_cosine,0.2,True,frozen_origin,-0.045948326587677,True,False,False,True,True,0.3627468422003415,True,stable,2,8972,8
gradcam-83df69687c3e7e2eb7ae,population-2a9bc5280db4a65672a1bbcb,survface,survface:unknown_unknown_probe:9163_cam3_9,adaface-4df25b75e065b0b9ed43,pq,pq_512_m64_b8,pq_reconstruction_cosine,0.2,False,frozen_origin,-0.0504384040832519,True,False,False,True,True,0.364380073535786,True,stable,3,8972,8
gradcam-e08ca6d14f289bb1b2ba,population-2a9bc5280db4a65672a1bbcb,survface,survface:unknown_unknown_probe:9404_cam2_36,adaface-4df25b75e065b0b9ed43,pq,pq_512_m64_b8,pq_reconstruction_cosine,0.2,False,frozen_origin,-0.032558798789978,True,False,False,True,True,0.3647184775662943,True,stable,4,8972,8
gradcam-3ac3556f3342359c6f61,population-2a9bc5280db4a65672a1bbcb,survface,survface:registered_probe:5678_cam1_23,adaface-4df25b75e065b0b9ed43,pq,pq_512_m64_b8,pq_reconstruction_cosine,0.2,True,frozen_origin,-0.0724315643310546,True,False,False,True,True,0.3651440002172576,True,stable,5,8972,8
gradcam-c00ab9a4b5462301feb8,population-2a9bc5280db4a65672a1bbcb,survface,survface:unknown_unknown_probe:5674_cam2_23,adaface-4df25b75e065b0b9ed43,pq,pq_512_m64_b8,pq_reconstruction_cosine,0.2,False,frozen_origin,-0.0502439737319946,True,False,False,True,True,0.3671187457769288,True,stable,6,8972,8
gradcam-b0cf0a92ec533000ccc2,population-2a9bc5280db4a65672a1bbcb,survface,survface:registered_probe:5647_cam1_249,adaface-4df25b75e065b0b9ed43,pq,pq_512_m64_b8,pq_reconstruction_cosine,0.2,True,frozen_origin,-0.0791459679603576,True,False,False,True,True,0.3673208595864157,True,stable,7,8972,8
gradcam-5e1aa17b707688929903,population-2a9bc5280db4a65672a1bbcb,survface,survface:registered_probe:5647_cam1_198,adaface-4df25b75e065b0b9ed43,pq,pq_512_m64_b8,pq_reconstruction_cosine,0.2,True,frozen_origin,-0.0652487277984619,True,False,False,True,True,0.3674907102975827,True,stable,8,8972,8
gradcam-70ae2a7c1834255552df,population-2a9bc5280db4a65672a1bbcb,survface,survface:registered_probe:5244_23,adaface-4df25b75e065b0b9ed43,pq,pq_512_m64_b8,pq_reconstruction_cosine,0.2,True,frozen_origin,-0.1116524934768676,True,True,False,True,True,0.6505781572778178,True,threshold_crossing,1,8972,8
gradcam-5fbd5d112fe26a244908,population-2a9bc5280db4a65672a1bbcb,survface,survface:registered_probe:5241_26,adaface-4df25b75e065b0b9ed43,pq,pq_512_m64_b8,pq_reconstruction_cosine,0.2,True,frozen_origin,-0.1779854893684387,True,True,False,True,True,0.6387893789885769,True,threshold_crossing,2,8972,8
gradcam-46e1f879bb75bfcc195f,population-2a9bc5280db4a65672a1bbcb,survface,survface:unknown_unknown_probe:1346_cam1_1,adaface-4df25b75e065b0b9ed43,pq,pq_512_m64_b8,pq_reconstruction_cosine,0.2,False,frozen_origin,-0.1817342042922973,True,True,False,True,True,0.6339310359996413,True,threshold_crossing,3,8972,8
gradcam-81cf85b025f4900501c6,population-2a9bc5280db4a65672a1bbcb,survface,survface:registered_probe:5227_16,adaface-4df25b75e065b0b9ed43,pq,pq_512_m64_b8,pq_reconstruction_cosine,0.2,True,frozen_origin,-0.1492650508880615,True,True,False,True,True,0.6153140309697013,True,threshold_crossing,4,8972,8
gradcam-d27f8cd93b068f6dc3bb,population-2a9bc5280db4a65672a1bbcb,survface,survface:registered_probe:5225_16,adaface-4df25b75e065b0b9ed43,pq,pq_512_m64_b8,pq_reconstruction_cosine,0.2,True,frozen_origin,-0.1066662669181823,True,True,False,True,True,0.6141863305498945,True,threshold_crossing,5,8972,8
gradcam-6ebdc56657335b0f7f6d,population-2a9bc5280db4a65672a1bbcb,survface,survface:unknown_unknown_probe:4821_cam2_5,adaface-4df25b75e065b0b9ed43,pq,pq_512_m64_b8,pq_reconstruction_cosine,0.2,False,frozen_origin,-0.1474663019180297,True,True,False,True,True,0.613642644293666,True,threshold_crossing,6,8972,8
gradcam-11b586323aab70c62d1b,population-2a9bc5280db4a65672a1bbcb,survface,survface:unknown_unknown_probe:distractors_4002,adaface-4df25b75e065b0b9ed43,pq,pq_512_m64_b8,pq_reconstruction_cosine,0.2,False,frozen_origin,-0.1193463802337646,True,True,False,True,True,0.6089425540383328,True,threshold_crossing,7,8972,8
gradcam-285132ee8f598fe6a454,population-2a9bc5280db4a65672a1bbcb,survface,survface:registered_probe:5227_7,adaface-4df25b75e065b0b9ed43,pq,pq_512_m64_b8,pq_reconstruction_cosine,0.2,True,frozen_origin,-0.1031935214996337,True,True,False,True,True,0.5986659860024021,True,threshold_crossing,8,8972,8
gradcam-ec3b2523fd6469827873,population-2a9bc5280db4a65672a1bbcb,survface,survface:registered_probe:5244_22,adaface-4df25b75e065b0b9ed43,pq,pq_512_m64_b8,pq_reconstruction_cosine,0.3,True,frozen_origin,-0.1523560583591461,True,False,False,True,True,0.7356740576139361,True,high_error,1,8972,8
gradcam-e6328216a9aada917938,population-2a9bc5280db4a65672a1bbcb,survface,survface:registered_probe:9244_cam2_115,adaface-4df25b75e065b0b9ed43,pq,pq_512_m64_b8,pq_reconstruction_cosine,0.3,True,frozen_origin,-0.0768387019634246,True,False,False,True,True,0.7261495339459564,True,high_error,2,8972,8
gradcam-c3e7fc9a12058c2b02fd,population-2a9bc5280db4a65672a1bbcb,survface,survface:registered_probe:5206_33,adaface-4df25b75e065b0b9ed43,pq,pq_512_m64_b8,pq_reconstruction_cosine,0.3,True,frozen_origin,-0.0319439768791198,True,False,False,True,True,0.7204125499805419,True,high_error,3,8972,8
gradcam-2e8500d18d4b7dbf6e5f,population-2a9bc5280db4a65672a1bbcb,survface,survface:registered_probe:5244_28,adaface-4df25b75e065b0b9ed43,pq,pq_512_m64_b8,pq_reconstruction_cosine,0.3,True,frozen_origin,-0.1465694606304168,True,False,False,True,True,0.713624355353591,True,high_error,4,8972,8
gradcam-d02d7428d9e4ec038b45,population-2a9bc5280db4a65672a1bbcb,survface,survface:registered_probe:2396_cam2_1,adaface-4df25b75e065b0b9ed43,pq,pq_512_m64_b8,pq_reconstruction_cosine,0.3,True,frozen_origin,-0.0575667321681976,True,False,False,True,True,0.7118311646077328,True,high_error,5,8972,8
gradcam-d04d638190a439b3a588,population-2a9bc5280db4a65672a1bbcb,survface,survface:unknown_unknown_probe:distractors_24780,adaface-4df25b75e065b0b9ed43,pq,pq_512_m64_b8,pq_reconstruction_cosine,0.3,False,frozen_origin,-0.0438559651374816,True,False,False,True,True,0.7082984198707756,True,high_error,6,8972,8
gradcam-d2ad5ee1157e2b46d47f,population-2a9bc5280db4a65672a1bbcb,survface,survface:registered_probe:5255_32,adaface-4df25b75e065b0b9ed43,pq,pq_512_m64_b8,pq_reconstruction_cosine,0.3,True,frozen_origin,-0.09549281001091,True,False,False,True,True,0.7055182705546774,True,high_error,7,8972,8
gradcam-fcc72e270a460ff75832,population-2a9bc5280db4a65672a1bbcb,survface,survface:registered_probe:5255_35,adaface-4df25b75e065b0b9ed43,pq,pq_512_m64_b8,pq_reconstruction_cosine,0.3,True,frozen_origin,-0.0696833431720733,True,False,False,True,True,0.7029558907314465,True,high_error,8,8972,8
gradcam-832f6aedd44cdadf1982,population-2a9bc5280db4a65672a1bbcb,survface,survface:registered_probe:2973_cam3_1,adaface-4df25b75e065b0b9ed43,pq,pq_512_m64_b8,pq_reconstruction_cosine,0.3,True,frozen_origin,-0.078696921467781,False,False,False,True,True,0.7565311888717425,True,rank_flip,1,8972,8
gradcam-531620762a28492aa2f6,population-2a9bc5280db4a65672a1bbcb,survface,survface:unknown_unknown_probe:4245_cam2_1,adaface-4df25b75e065b0b9ed43,pq,pq_512_m64_b8,pq_reconstruction_cosine,0.3,False,frozen_origin,0.0627475082874298,False,False,False,True,True,0.7444295123905138,True,rank_flip,2,8972,8
gradcam-4dc0dcbedb33e20bc808,population-2a9bc5280db4a65672a1bbcb,survface,survface:unknown_unknown_probe:distractors_2579,adaface-4df25b75e065b0b9ed43,pq,pq_512_m64_b8,pq_reconstruction_cosine,0.3,False,frozen_origin,0.0475909113883972,False,False,False,True,True,0.7371069612488848,True,rank_flip,3,8972,8
gradcam-e2f7ca28f000612324bd,population-2a9bc5280db4a65672a1bbcb,survface,survface:unknown_unknown_probe:distractors_2318,adaface-4df25b75e065b0b9ed43,pq,pq_512_m64_b8,pq_reconstruction_cosine,0.3,False,frozen_origin,0.033356487751007,False,False,False,True,True,0.7287905401832422,True,rank_flip,4,8972,8
gradcam-f54f88d72e4b05c97066,population-2a9bc5280db4a65672a1bbcb,survface,survface:unknown_unknown_probe:2721_cam1_1,adaface-4df25b75e065b0b9ed43,pq,pq_512_m64_b8,pq_reconstruction_cosine,0.3,False,frozen_origin,0.0254581570625305,False,False,False,True,True,0.7243728685128079,True,rank_flip,5,8972,8
gradcam-221a86c03dbdff8a6beb,population-2a9bc5280db4a65672a1bbcb,survface,survface:registered_probe:595_cam1_1,adaface-4df25b75e065b0b9ed43,pq,pq_512_m64_b8,pq_reconstruction_cosine,0.3,True,frozen_origin,-0.0276773124933242,False,False,False,True,True,0.7228027750320959,True,rank_flip,6,8972,8
gradcam-5444fb0250d61f82fb64,population-2a9bc5280db4a65672a1bbcb,survface,survface:unknown_unknown_probe:distractors_1945,adaface-4df25b75e065b0b9ed43,pq,pq_512_m64_b8,pq_reconstruction_cosine,0.3,False,frozen_origin,-0.0139616727828979,False,False,False,True,True,0.7222670603218343,True,rank_flip,7,8972,8
gradcam-9e18cf01b4e9bc36c463,population-2a9bc5280db4a65672a1bbcb,survface,survface:unknown_unknown_probe:2667_cam2_1,adaface-4df25b75e065b0b9ed43,pq,pq_512_m64_b8,pq_reconstruction_cosine,0.3,False,frozen_origin,0.0451622605323791,False,False,False,True,True,0.7198394135604219,True,rank_flip,8,8972,8
gradcam-97475d47b331343ceb38,population-2a9bc5280db4a65672a1bbcb,survface,survface:registered_probe:9745_cam1_53,adaface-4df25b75e065b0b9ed43,pq,pq_512_m64_b8,pq_reconstruction_cosine,0.3,True,frozen_origin,-0.0406025648117065,True,False,False,True,True,0.3564730560975991,True,stable,1,8972,8
gradcam-7080e1b43f585d7eba1e,population-2a9bc5280db4a65672a1bbcb,survface,survface:registered_probe:10205_cam1_7,adaface-4df25b75e065b0b9ed43,pq,pq_512_m64_b8,pq_reconstruction_cosine,0.3,True,frozen_origin,-0.045948326587677,True,False,False,True,True,0.3627468422003415,True,stable,2,8972,8
gradcam-e7f56f7fecb4b663f96c,population-2a9bc5280db4a65672a1bbcb,survface,survface:unknown_unknown_probe:9163_cam3_9,adaface-4df25b75e065b0b9ed43,pq,pq_512_m64_b8,pq_reconstruction_cosine,0.3,False,frozen_origin,-0.0504384040832519,True,False,False,True,True,0.364380073535786,True,stable,3,8972,8
gradcam-f0eff577667e8a53dad5,population-2a9bc5280db4a65672a1bbcb,survface,survface:unknown_unknown_probe:9404_cam2_36,adaface-4df25b75e065b0b9ed43,pq,pq_512_m64_b8,pq_reconstruction_cosine,0.3,False,frozen_origin,-0.032558798789978,True,False,False,True,True,0.3647184775662943,True,stable,4,8972,8
gradcam-cf099365fdddb2f8f263,population-2a9bc5280db4a65672a1bbcb,survface,survface:registered_probe:5678_cam1_23,adaface-4df25b75e065b0b9ed43,pq,pq_512_m64_b8,pq_reconstruction_cosine,0.3,True,frozen_origin,-0.0724315643310546,True,False,False,True,True,0.3651440002172576,True,stable,5,8972,8
gradcam-038fc0b12f8ba2209b54,population-2a9bc5280db4a65672a1bbcb,survface,survface:unknown_unknown_probe:5674_cam2_23,adaface-4df25b75e065b0b9ed43,pq,pq_512_m64_b8,pq_reconstruction_cosine,0.3,False,frozen_origin,-0.0502439737319946,True,False,False,True,True,0.3671187457769288,True,stable,6,8972,8
gradcam-eb5e7e4c9451190dfee9,population-2a9bc5280db4a65672a1bbcb,survface,survface:registered_probe:5647_cam1_249,adaface-4df25b75e065b0b9ed43,pq,pq_512_m64_b8,pq_reconstruction_cosine,0.3,True,frozen_origin,-0.0791459679603576,True,False,False,True,True,0.3673208595864157,True,stable,7,8972,8
gradcam-54c13334ffb2b59f9d09,population-2a9bc5280db4a65672a1bbcb,survface,survface:registered_probe:5647_cam1_198,adaface-4df25b75e065b0b9ed43,pq,pq_512_m64_b8,pq_reconstruction_cosine,0.3,True,frozen_origin,-0.0652487277984619,True,False,False,True,True,0.3674907102975827,True,stable,8,8972,8
gradcam-9dfc9885405c8fb2d881,population-2a9bc5280db4a65672a1bbcb,survface,survface:registered_probe:5227_19,adaface-4df25b75e065b0b9ed43,pq,pq_512_m64_b8,pq_reconstruction_cosine,0.3,True,frozen_origin,-0.1233546733856201,True,True,False,True,True,0.653051670264155,True,threshold_crossing,1,8972,8
gradcam-eec0a86229ba1de530b1,population-2a9bc5280db4a65672a1bbcb,survface,survface:registered_probe:5244_23,adaface-4df25b75e065b0b9ed43,pq,pq_512_m64_b8,pq_reconstruction_cosine,0.3,True,frozen_origin,-0.1116524934768676,True,True,False,True,True,0.6505781572778178,True,threshold_crossing,2,8972,8
gradcam-9c471604d6c88da407e9,population-2a9bc5280db4a65672a1bbcb,survface,survface:registered_probe:8739_cam1_97,adaface-4df25b75e065b0b9ed43,pq,pq_512_m64_b8,pq_reconstruction_cosine,0.3,True,frozen_origin,-0.1259630918502807,True,True,False,True,True,0.6437491325183535,True,threshold_crossing,3,8972,8
gradcam-4216c164ac1e5a971ed2,population-2a9bc5280db4a65672a1bbcb,survface,survface:registered_probe:5241_26,adaface-4df25b75e065b0b9ed43,pq,pq_512_m64_b8,pq_reconstruction_cosine,0.3,True,frozen_origin,-0.1779854893684387,True,True,False,True,True,0.6387893789885769,True,threshold_crossing,4,8972,8
gradcam-a75aedb44006bfcc59ce,population-2a9bc5280db4a65672a1bbcb,survface,survface:registered_probe:5241_25,adaface-4df25b75e065b0b9ed43,pq,pq_512_m64_b8,pq_reconstruction_cosine,0.3,True,frozen_origin,-0.1265429854393005,True,True,False,True,True,0.6382972079095732,True,threshold_crossing,5,8972,8
gradcam-7dcd2b7b4ae7d1bb6bc1,population-2a9bc5280db4a65672a1bbcb,survface,survface:unknown_unknown_probe:1346_cam1_1,adaface-4df25b75e065b0b9ed43,pq,pq_512_m64_b8,pq_reconstruction_cosine,0.3,False,frozen_origin,-0.1817342042922973,True,True,False,True,True,0.6339310359996413,True,threshold_crossing,6,8972,8
gradcam-1b06a79905ac098f7f54,population-2a9bc5280db4a65672a1bbcb,survface,survface:unknown_unknown_probe:distractors_3013,adaface-4df25b75e065b0b9ed43,pq,pq_512_m64_b8,pq_reconstruction_cosine,0.3,False,frozen_origin,-0.1916378736495971,True,True,False,True,True,0.6276157785600731,True,threshold_crossing,7,8972,8
gradcam-d1623a6a80dd8fbad20a,population-2a9bc5280db4a65672a1bbcb,survface,survface:registered_probe:5263_3,adaface-4df25b75e065b0b9ed43,pq,pq_512_m64_b8,pq_reconstruction_cosine,0.3,True,frozen_origin,-0.1161088347434997,True,True,False,True,True,0.6215517859328406,True,threshold_crossing,8,8972,8
gradcam-9f0d6464ac59140058a7,population-2a9bc5280db4a65672a1bbcb,survface,survface:registered_probe:8812_cam2_26,adaface-4df25b75e065b0b9ed43,pq,pq_512_m8_b8,pq_one_sided_cosine,0.01,True,frozen_origin,-0.0924613773822784,True,False,False,True,True,1.2896263588498484,True,high_error,1,8972,8
gradcam-25ef98d19f89e72296f2,population-2a9bc5280db4a65672a1bbcb,survface,survface:unknown_unknown_probe:2143_cam2_1,adaface-4df25b75e065b0b9ed43,pq,pq_512_m8_b8,pq_one_sided_cosine,0.01,False,frozen_origin,-0.0517758280038833,True,False,False,True,True,1.2879486454026745,True,high_error,2,8972,8
gradcam-a94826df67917c640e10,population-2a9bc5280db4a65672a1bbcb,survface,survface:unknown_unknown_probe:distractors_3165,adaface-4df25b75e065b0b9ed43,pq,pq_512_m8_b8,pq_one_sided_cosine,0.01,False,frozen_origin,-0.0718478262424469,True,False,False,True,True,1.284570178094018,True,high_error,3,8972,8
gradcam-1708a4cbe4aadcd5b07f,population-2a9bc5280db4a65672a1bbcb,survface,survface:registered_probe:5241_39,adaface-4df25b75e065b0b9ed43,pq,pq_512_m8_b8,pq_one_sided_cosine,0.01,True,frozen_origin,-0.3018737435340881,True,False,False,True,True,1.284092589989671,True,high_error,4,8972,8
gradcam-9f81e8e02bc860c677ac,population-2a9bc5280db4a65672a1bbcb,survface,survface:unknown_unknown_probe:distractors_18469,adaface-4df25b75e065b0b9ed43,pq,pq_512_m8_b8,pq_one_sided_cosine,0.01,False,frozen_origin,-0.0966269075870513,True,False,False,True,True,1.2788102372084291,True,high_error,5,8972,8
gradcam-26493b8e7f54f84eac93,population-2a9bc5280db4a65672a1bbcb,survface,survface:unknown_unknown_probe:distractors_1673,adaface-4df25b75e065b0b9ed43,pq,pq_512_m8_b8,pq_one_sided_cosine,0.01,False,frozen_origin,-0.0284191071987152,True,False,False,True,True,1.2738589858043907,True,high_error,6,8972,8
gradcam-3da504cc2ff3eabdf589,population-2a9bc5280db4a65672a1bbcb,survface,survface:registered_probe:707_cam2_1,adaface-4df25b75e065b0b9ed43,pq,pq_512_m8_b8,pq_one_sided_cosine,0.01,True,frozen_origin,-0.0588102042675018,True,False,False,True,True,1.2691773222509075,True,high_error,7,8972,8
gradcam-647b618d74d693fbab8c,population-2a9bc5280db4a65672a1bbcb,survface,survface:registered_probe:5263_20,adaface-4df25b75e065b0b9ed43,pq,pq_512_m8_b8,pq_one_sided_cosine,0.01,True,frozen_origin,-0.4278960227966308,True,False,False,True,True,1.2685160947407188,True,high_error,8,8972,8
gradcam-4e8ff93f53ddc36e114a,population-2a9bc5280db4a65672a1bbcb,survface,survface:registered_probe:2973_cam3_1,adaface-4df25b75e065b0b9ed43,pq,pq_512_m8_b8,pq_one_sided_cosine,0.01,True,frozen_origin,-0.2307925708591938,False,False,False,True,True,1.4305139028243194,True,rank_flip,1,8972,8
gradcam-cee12c4c6554e1bbf9f8,population-2a9bc5280db4a65672a1bbcb,survface,survface:registered_probe:2742_cam2_1,adaface-4df25b75e065b0b9ed43,pq,pq_512_m8_b8,pq_one_sided_cosine,0.01,True,frozen_origin,-0.3141529560089111,False,False,False,True,True,1.3491288800522754,True,rank_flip,2,8972,8
gradcam-c68fce0bf19a7f71bd55,population-2a9bc5280db4a65672a1bbcb,survface,survface:unknown_unknown_probe:2721_cam1_1,adaface-4df25b75e065b0b9ed43,pq,pq_512_m8_b8,pq_one_sided_cosine,0.01,False,frozen_origin,-0.1298137903213501,False,False,False,True,True,1.3341645069166184,True,rank_flip,3,8972,8
gradcam-8f52da5b50bb38351a2b,population-2a9bc5280db4a65672a1bbcb,survface,survface:registered_probe:5244_22,adaface-4df25b75e065b0b9ed43,pq,pq_512_m8_b8,pq_one_sided_cosine,0.01,True,frozen_origin,-0.3835571259260177,False,False,False,True,True,1.3265242258445726,True,rank_flip,4,8972,8
gradcam-1661617bd80a4698f1a7,population-2a9bc5280db4a65672a1bbcb,survface,survface:unknown_unknown_probe:distractors_3934,adaface-4df25b75e065b0b9ed43,pq,pq_512_m8_b8,pq_one_sided_cosine,0.01,False,frozen_origin,-0.2043893337249755,False,False,False,True,True,1.325326777631491,True,rank_flip,5,8972,8
gradcam-b87bf395627043285af6,population-2a9bc5280db4a65672a1bbcb,survface,survface:unknown_unknown_probe:2756_cam4_1,adaface-4df25b75e065b0b9ed43,pq,pq_512_m8_b8,pq_one_sided_cosine,0.01,False,frozen_origin,-0.074626937508583,False,False,False,True,True,1.322113990184303,True,rank_flip,6,8972,8
gradcam-39a0912f9520775afde0,population-2a9bc5280db4a65672a1bbcb,survface,survface:unknown_unknown_probe:distractors_2318,adaface-4df25b75e065b0b9ed43,pq,pq_512_m8_b8,pq_one_sided_cosine,0.01,False,frozen_origin,-0.1256127208471298,False,False,False,True,True,1.317466267431849,True,rank_flip,7,8972,8
gradcam-194432dfd620ed42af8b,population-2a9bc5280db4a65672a1bbcb,survface,survface:registered_probe:5244_28,adaface-4df25b75e065b0b9ed43,pq,pq_512_m8_b8,pq_one_sided_cosine,0.01,True,frozen_origin,-0.4150660187005996,False,False,False,True,True,1.3169640793571649,True,rank_flip,8,8972,8
gradcam-2f00f225ff411ac261ea,population-2a9bc5280db4a65672a1bbcb,survface,survface:unknown_unknown_probe:5872_cam1_52,adaface-4df25b75e065b0b9ed43,pq,pq_512_m8_b8,pq_one_sided_cosine,0.01,False,frozen_origin,-0.0184094309806823,True,False,False,True,True,0.4732883492907733,True,stable,1,8972,8
gradcam-9b8a0f4dee24d03112cb,population-2a9bc5280db4a65672a1bbcb,survface,survface:unknown_unknown_probe:10256_cam1_19,adaface-4df25b75e065b0b9ed43,pq,pq_512_m8_b8,pq_one_sided_cosine,0.01,False,frozen_origin,-0.0083736777305603,True,False,False,True,True,0.4799625636747872,True,stable,2,8972,8
gradcam-35406f820a5964c264d3,population-2a9bc5280db4a65672a1bbcb,survface,survface:unknown_unknown_probe:5674_cam2_23,adaface-4df25b75e065b0b9ed43,pq,pq_512_m8_b8,pq_one_sided_cosine,0.01,False,frozen_origin,-0.0195038318634033,True,False,False,True,True,0.4823597101435699,True,stable,3,8972,8
gradcam-f799fb994a5e46b9d2b5,population-2a9bc5280db4a65672a1bbcb,survface,survface:registered_probe:5395_cam2_13,adaface-4df25b75e065b0b9ed43,pq,pq_512_m8_b8,pq_one_sided_cosine,0.01,True,frozen_origin,0.0270208120346069,True,False,False,True,True,0.4857598752267726,True,stable,4,8972,8
gradcam-81d879ef59b1ecc5b077,population-2a9bc5280db4a65672a1bbcb,survface,survface:unknown_unknown_probe:5872_cam1_51,adaface-4df25b75e065b0b9ed43,pq,pq_512_m8_b8,pq_one_sided_cosine,0.01,False,frozen_origin,-0.0289018750190734,True,False,False,True,True,0.4878704173723687,True,stable,5,8972,8
gradcam-c55e1988e9c4a37088ac,population-2a9bc5280db4a65672a1bbcb,survface,survface:unknown_unknown_probe:5751_cam2_41,adaface-4df25b75e065b0b9ed43,pq,pq_512_m8_b8,pq_one_sided_cosine,0.01,False,frozen_origin,-0.0250307321548461,True,False,False,True,True,0.4885888876697039,True,stable,6,8972,8
gradcam-2a1e798df4474df886ae,population-2a9bc5280db4a65672a1bbcb,survface,survface:registered_probe:5647_cam1_47,adaface-4df25b75e065b0b9ed43,pq,pq_512_m8_b8,pq_one_sided_cosine,0.01,True,frozen_origin,-0.0256837606430053,True,False,False,True,True,0.4914093571309534,True,stable,7,8972,8
gradcam-506e93e1794831a96287,population-2a9bc5280db4a65672a1bbcb,survface,survface:registered_probe:9060_cam2_52,adaface-4df25b75e065b0b9ed43,pq,pq_512_m8_b8,pq_one_sided_cosine,0.01,True,frozen_origin,-0.0224843621253967,True,False,False,True,True,0.4914275287782816,True,stable,8,8972,8
gradcam-5d725202e18b3c42ab08,population-2a9bc5280db4a65672a1bbcb,survface,survface:unknown_unknown_probe:4821_cam2_5,adaface-4df25b75e065b0b9ed43,pq,pq_512_m8_b8,pq_one_sided_cosine,0.01,False,frozen_origin,-0.4429782629013061,True,True,False,True,True,1.123564548823629,True,threshold_crossing,1,8972,8
gradcam-2145937ce9f6edac9dba,population-2a9bc5280db4a65672a1bbcb,survface,survface:registered_probe:2123_cam1_1,adaface-4df25b75e065b0b9ed43,pq,pq_512_m8_b8,pq_one_sided_cosine,0.01,True,frozen_origin,-0.4406313300132751,True,True,False,True,True,1.0181605729336944,True,threshold_crossing,2,8972,8
gradcam-212c83d422a181fac372,population-2a9bc5280db4a65672a1bbcb,survface,survface:registered_probe:5462_cam1_6,adaface-4df25b75e065b0b9ed43,pq,pq_512_m8_b8,pq_one_sided_cosine,0.01,True,frozen_origin,-0.2324891686439514,True,True,False,True,True,0.9095664032238449,True,threshold_crossing,3,8972,8
gradcam-fca1943efb363db200cb,population-2a9bc5280db4a65672a1bbcb,survface,survface:unknown_unknown_probe:4754_cam2_2,adaface-4df25b75e065b0b9ed43,pq,pq_512_m8_b8,pq_one_sided_cosine,0.01,False,frozen_origin,-0.2186552882194519,True,True,False,True,True,0.9048247497553014,True,threshold_crossing,4,8972,8
gradcam-c7162d2043e1e95a9278,population-2a9bc5280db4a65672a1bbcb,survface,survface:registered_probe:9155_cam3_16,adaface-4df25b75e065b0b9ed43,pq,pq_512_m8_b8,pq_one_sided_cosine,0.01,True,frozen_origin,-0.2167296409606933,True,True,False,True,True,0.8764604922002037,True,threshold_crossing,5,8972,8
gradcam-cad5c89b53e2574dd99f,population-2a9bc5280db4a65672a1bbcb,survface,survface:registered_probe:5462_cam1_2,adaface-4df25b75e065b0b9ed43,pq,pq_512_m8_b8,pq_one_sided_cosine,0.01,True,frozen_origin,-0.2190509438514709,True,True,False,True,True,0.866231996420548,True,threshold_crossing,6,8972,8
gradcam-80fd50813fd7acbcebe8,population-2a9bc5280db4a65672a1bbcb,survface,survface:unknown_unknown_probe:513_cam3_1,adaface-4df25b75e065b0b9ed43,pq,pq_512_m8_b8,pq_one_sided_cosine,0.01,False,frozen_origin,-0.1881336569786071,True,True,False,True,True,0.8575701210307306,True,threshold_crossing,7,8972,8
gradcam-37d966fb0dc8739a7d8a,population-2a9bc5280db4a65672a1bbcb,survface,survface:unknown_unknown_probe:distractors_5557,adaface-4df25b75e065b0b9ed43,pq,pq_512_m8_b8,pq_one_sided_cosine,0.01,False,frozen_origin,-0.1834677457809448,True,True,False,True,True,0.8400577117603494,True,threshold_crossing,8,8972,8
gradcam-3f3db7829ba8b9e9b1f5,population-2a9bc5280db4a65672a1bbcb,survface,survface:registered_probe:8812_cam2_26,adaface-4df25b75e065b0b9ed43,pq,pq_512_m8_b8,pq_one_sided_cosine,0.05,True,frozen_origin,-0.0924613773822784,True,False,False,True,True,1.2896263588498484,True,high_error,1,8972,8
gradcam-8e85be19b63236e36d78,population-2a9bc5280db4a65672a1bbcb,survface,survface:unknown_unknown_probe:2143_cam2_1,adaface-4df25b75e065b0b9ed43,pq,pq_512_m8_b8,pq_one_sided_cosine,0.05,False,frozen_origin,-0.0517758280038833,True,False,False,True,True,1.2879486454026745,True,high_error,2,8972,8
gradcam-aef7f9fd3d10818934aa,population-2a9bc5280db4a65672a1bbcb,survface,survface:unknown_unknown_probe:distractors_3165,adaface-4df25b75e065b0b9ed43,pq,pq_512_m8_b8,pq_one_sided_cosine,0.05,False,frozen_origin,-0.0718478262424469,True,False,False,True,True,1.284570178094018,True,high_error,3,8972,8
gradcam-c4d91fb3e79a41374d32,population-2a9bc5280db4a65672a1bbcb,survface,survface:registered_probe:5241_39,adaface-4df25b75e065b0b9ed43,pq,pq_512_m8_b8,pq_one_sided_cosine,0.05,True,frozen_origin,-0.3018737435340881,True,False,False,True,True,1.284092589989671,True,high_error,4,8972,8
gradcam-7a1ffa6f0ad958a55286,population-2a9bc5280db4a65672a1bbcb,survface,survface:unknown_unknown_probe:distractors_18469,adaface-4df25b75e065b0b9ed43,pq,pq_512_m8_b8,pq_one_sided_cosine,0.05,False,frozen_origin,-0.0966269075870513,True,False,False,True,True,1.2788102372084291,True,high_error,5,8972,8
gradcam-5853268159658f8e35fa,population-2a9bc5280db4a65672a1bbcb,survface,survface:unknown_unknown_probe:distractors_1673,adaface-4df25b75e065b0b9ed43,pq,pq_512_m8_b8,pq_one_sided_cosine,0.05,False,frozen_origin,-0.0284191071987152,True,False,False,True,True,1.2738589858043907,True,high_error,6,8972,8
gradcam-a670f522b4a705380858,population-2a9bc5280db4a65672a1bbcb,survface,survface:registered_probe:707_cam2_1,adaface-4df25b75e065b0b9ed43,pq,pq_512_m8_b8,pq_one_sided_cosine,0.05,True,frozen_origin,-0.0588102042675018,True,False,False,True,True,1.2691773222509075,True,high_error,7,8972,8
gradcam-d11e826b811cab5ac0d7,population-2a9bc5280db4a65672a1bbcb,survface,survface:registered_probe:5263_20,adaface-4df25b75e065b0b9ed43,pq,pq_512_m8_b8,pq_one_sided_cosine,0.05,True,frozen_origin,-0.4278960227966308,True,False,False,True,True,1.2685160947407188,True,high_error,8,8972,8
gradcam-d53e4c452b40417228b1,population-2a9bc5280db4a65672a1bbcb,survface,survface:registered_probe:2973_cam3_1,adaface-4df25b75e065b0b9ed43,pq,pq_512_m8_b8,pq_one_sided_cosine,0.05,True,frozen_origin,-0.2307925708591938,False,False,False,True,True,1.4305139028243194,True,rank_flip,1,8972,8
gradcam-9e915d271972cd57534b,population-2a9bc5280db4a65672a1bbcb,survface,survface:registered_probe:2742_cam2_1,adaface-4df25b75e065b0b9ed43,pq,pq_512_m8_b8,pq_one_sided_cosine,0.05,True,frozen_origin,-0.3141529560089111,False,False,False,True,True,1.3491288800522754,True,rank_flip,2,8972,8
gradcam-86977f11cd65e1dedd95,population-2a9bc5280db4a65672a1bbcb,survface,survface:unknown_unknown_probe:2721_cam1_1,adaface-4df25b75e065b0b9ed43,pq,pq_512_m8_b8,pq_one_sided_cosine,0.05,False,frozen_origin,-0.1298137903213501,False,False,False,True,True,1.3341645069166184,True,rank_flip,3,8972,8
gradcam-c27258a479025df29c97,population-2a9bc5280db4a65672a1bbcb,survface,survface:registered_probe:5244_22,adaface-4df25b75e065b0b9ed43,pq,pq_512_m8_b8,pq_one_sided_cosine,0.05,True,frozen_origin,-0.3835571259260177,False,False,False,True,True,1.3265242258445726,True,rank_flip,4,8972,8
gradcam-da4dc708a713a7974ea4,population-2a9bc5280db4a65672a1bbcb,survface,survface:unknown_unknown_probe:distractors_3934,adaface-4df25b75e065b0b9ed43,pq,pq_512_m8_b8,pq_one_sided_cosine,0.05,False,frozen_origin,-0.2043893337249755,False,False,False,True,True,1.325326777631491,True,rank_flip,5,8972,8
gradcam-94c0b7a34ea71f141f68,population-2a9bc5280db4a65672a1bbcb,survface,survface:unknown_unknown_probe:2756_cam4_1,adaface-4df25b75e065b0b9ed43,pq,pq_512_m8_b8,pq_one_sided_cosine,0.05,False,frozen_origin,-0.074626937508583,False,False,False,True,True,1.322113990184303,True,rank_flip,6,8972,8
gradcam-8f5ee3bbf42f8689d680,population-2a9bc5280db4a65672a1bbcb,survface,survface:unknown_unknown_probe:distractors_2318,adaface-4df25b75e065b0b9ed43,pq,pq_512_m8_b8,pq_one_sided_cosine,0.05,False,frozen_origin,-0.1256127208471298,False,False,False,True,True,1.317466267431849,True,rank_flip,7,8972,8
gradcam-5ce8e603cee4a481a24e,population-2a9bc5280db4a65672a1bbcb,survface,survface:registered_probe:5244_28,adaface-4df25b75e065b0b9ed43,pq,pq_512_m8_b8,pq_one_sided_cosine,0.05,True,frozen_origin,-0.4150660187005996,False,False,False,True,True,1.3169640793571649,True,rank_flip,8,8972,8
gradcam-8caa98d80286dd57fda6,population-2a9bc5280db4a65672a1bbcb,survface,survface:unknown_unknown_probe:10216_cam2_15,adaface-4df25b75e065b0b9ed43,pq,pq_512_m8_b8,pq_one_sided_cosine,0.05,False,frozen_origin,0.0824198126792907,True,False,False,True,True,0.4630012419836156,True,stable,1,8972,8
gradcam-57861ab2d29ee83f0270,population-2a9bc5280db4a65672a1bbcb,survface,survface:unknown_unknown_probe:5872_cam1_52,adaface-4df25b75e065b0b9ed43,pq,pq_512_m8_b8,pq_one_sided_cosine,0.05,False,frozen_origin,-0.0184094309806823,True,False,False,True,True,0.4732883492907733,True,stable,2,8972,8
gradcam-7978d123b762511113ea,population-2a9bc5280db4a65672a1bbcb,survface,survface:unknown_unknown_probe:10256_cam1_19,adaface-4df25b75e065b0b9ed43,pq,pq_512_m8_b8,pq_one_sided_cosine,0.05,False,frozen_origin,-0.0083736777305603,True,False,False,True,True,0.4799625636747872,True,stable,3,8972,8
gradcam-ca1f8b39d65402fbe5c4,population-2a9bc5280db4a65672a1bbcb,survface,survface:unknown_unknown_probe:5674_cam2_23,adaface-4df25b75e065b0b9ed43,pq,pq_512_m8_b8,pq_one_sided_cosine,0.05,False,frozen_origin,-0.0195038318634033,True,False,False,True,True,0.4823597101435699,True,stable,4,8972,8
gradcam-c42cd8928b55082b0a03,population-2a9bc5280db4a65672a1bbcb,survface,survface:registered_probe:5395_cam2_13,adaface-4df25b75e065b0b9ed43,pq,pq_512_m8_b8,pq_one_sided_cosine,0.05,True,frozen_origin,0.0270208120346069,True,False,False,True,True,0.4857598752267726,True,stable,5,8972,8
gradcam-ee99fd9bfaaee13823ed,population-2a9bc5280db4a65672a1bbcb,survface,survface:unknown_unknown_probe:5872_cam1_51,adaface-4df25b75e065b0b9ed43,pq,pq_512_m8_b8,pq_one_sided_cosine,0.05,False,frozen_origin,-0.0289018750190734,True,False,False,True,True,0.4878704173723687,True,stable,6,8972,8
gradcam-a5f130e9f241bb86449b,population-2a9bc5280db4a65672a1bbcb,survface,survface:unknown_unknown_probe:5751_cam2_41,adaface-4df25b75e065b0b9ed43,pq,pq_512_m8_b8,pq_one_sided_cosine,0.05,False,frozen_origin,-0.0250307321548461,True,False,False,True,True,0.4885888876697039,True,stable,7,8972,8
gradcam-e9087477c51be234c36c,population-2a9bc5280db4a65672a1bbcb,survface,survface:registered_probe:5647_cam1_47,adaface-4df25b75e065b0b9ed43,pq,pq_512_m8_b8,pq_one_sided_cosine,0.05,True,frozen_origin,-0.0256837606430053,True,False,False,True,True,0.4914093571309534,True,stable,8,8972,8
gradcam-f74242c1c0655012b1e6,population-2a9bc5280db4a65672a1bbcb,survface,survface:unknown_unknown_probe:4821_cam2_5,adaface-4df25b75e065b0b9ed43,pq,pq_512_m8_b8,pq_one_sided_cosine,0.05,False,frozen_origin,-0.4429782629013061,True,True,False,True,True,1.123564548823629,True,threshold_crossing,1,8972,8
gradcam-d95dc4e9537505ef4c70,population-2a9bc5280db4a65672a1bbcb,survface,survface:registered_probe:5227_16,adaface-4df25b75e065b0b9ed43,pq,pq_512_m8_b8,pq_one_sided_cosine,0.05,True,frozen_origin,-0.3493394553661346,True,True,False,True,True,1.0743120723439057,True,threshold_crossing,2,8972,8
gradcam-cd1185c293b61e2c6278,population-2a9bc5280db4a65672a1bbcb,survface,survface:registered_probe:5061_cam2_4,adaface-4df25b75e065b0b9ed43,pq,pq_512_m8_b8,pq_one_sided_cosine,0.05,True,frozen_origin,-0.3660879731178283,True,True,False,True,True,1.0560886868525865,True,threshold_crossing,3,8972,8
gradcam-c3bb3b2edf1a93f50d67,population-2a9bc5280db4a65672a1bbcb,survface,survface:registered_probe:2123_cam1_1,adaface-4df25b75e065b0b9ed43,pq,pq_512_m8_b8,pq_one_sided_cosine,0.05,True,frozen_origin,-0.4406313300132751,True,True,False,True,True,1.0181605729336944,True,threshold_crossing,4,8972,8
gradcam-89fa3ebd6e4c70749ae3,population-2a9bc5280db4a65672a1bbcb,survface,survface:unknown_unknown_probe:distractors_4002,adaface-4df25b75e065b0b9ed43,pq,pq_512_m8_b8,pq_one_sided_cosine,0.05,False,frozen_origin,-0.2317245006561279,True,True,False,True,True,0.955928577614368,True,threshold_crossing,5,8972,8
gradcam-10db7fdd4beda99be0a8,population-2a9bc5280db4a65672a1bbcb,survface,survface:registered_probe:5789_cam1_123,adaface-4df25b75e065b0b9ed43,pq,pq_512_m8_b8,pq_one_sided_cosine,0.05,True,frozen_origin,-0.284981369972229,True,True,False,True,True,0.9449211343433254,True,threshold_crossing,6,8972,8
gradcam-ec635f48c1935c2c9ef3,population-2a9bc5280db4a65672a1bbcb,survface,survface:registered_probe:2022_cam2_1,adaface-4df25b75e065b0b9ed43,pq,pq_512_m8_b8,pq_one_sided_cosine,0.05,True,frozen_origin,-0.2015736103057861,True,True,False,True,True,0.9148496312851294,True,threshold_crossing,7,8972,8
gradcam-73d7581e45ead22483c1,population-2a9bc5280db4a65672a1bbcb,survface,survface:registered_probe:5462_cam1_6,adaface-4df25b75e065b0b9ed43,pq,pq_512_m8_b8,pq_one_sided_cosine,0.05,True,frozen_origin,-0.2324891686439514,True,True,False,True,True,0.9095664032238449,True,threshold_crossing,8,8972,8
gradcam-f4c5e401d655a9dfd952,population-2a9bc5280db4a65672a1bbcb,survface,survface:registered_probe:8812_cam2_26,adaface-4df25b75e065b0b9ed43,pq,pq_512_m8_b8,pq_one_sided_cosine,0.1,True,frozen_origin,-0.0924613773822784,True,False,False,True,True,1.2896263588498484,True,high_error,1,8972,8
gradcam-4ede4bc6447ba88f1c15,population-2a9bc5280db4a65672a1bbcb,survface,survface:unknown_unknown_probe:2143_cam2_1,adaface-4df25b75e065b0b9ed43,pq,pq_512_m8_b8,pq_one_sided_cosine,0.1,False,frozen_origin,-0.0517758280038833,True,False,False,True,True,1.2879486454026745,True,high_error,2,8972,8
gradcam-08099b01cc360b165b4c,population-2a9bc5280db4a65672a1bbcb,survface,survface:unknown_unknown_probe:distractors_3165,adaface-4df25b75e065b0b9ed43,pq,pq_512_m8_b8,pq_one_sided_cosine,0.1,False,frozen_origin,-0.0718478262424469,True,False,False,True,True,1.284570178094018,True,high_error,3,8972,8
gradcam-554d4efc754ade4bfd39,population-2a9bc5280db4a65672a1bbcb,survface,survface:registered_probe:5241_39,adaface-4df25b75e065b0b9ed43,pq,pq_512_m8_b8,pq_one_sided_cosine,0.1,True,frozen_origin,-0.3018737435340881,True,False,False,True,True,1.284092589989671,True,high_error,4,8972,8
gradcam-addbf792a6996737d885,population-2a9bc5280db4a65672a1bbcb,survface,survface:unknown_unknown_probe:distractors_18469,adaface-4df25b75e065b0b9ed43,pq,pq_512_m8_b8,pq_one_sided_cosine,0.1,False,frozen_origin,-0.0966269075870513,True,False,False,True,True,1.2788102372084291,True,high_error,5,8972,8
gradcam-dc16a8f9f5dabb30cc6d,population-2a9bc5280db4a65672a1bbcb,survface,survface:unknown_unknown_probe:distractors_1673,adaface-4df25b75e065b0b9ed43,pq,pq_512_m8_b8,pq_one_sided_cosine,0.1,False,frozen_origin,-0.0284191071987152,True,False,False,True,True,1.2738589858043907,True,high_error,6,8972,8
gradcam-f10ab5ac3a29757f2495,population-2a9bc5280db4a65672a1bbcb,survface,survface:registered_probe:707_cam2_1,adaface-4df25b75e065b0b9ed43,pq,pq_512_m8_b8,pq_one_sided_cosine,0.1,True,frozen_origin,-0.0588102042675018,True,False,False,True,True,1.2691773222509075,True,high_error,7,8972,8
gradcam-b033ea8967b37fd10c58,population-2a9bc5280db4a65672a1bbcb,survface,survface:registered_probe:5263_20,adaface-4df25b75e065b0b9ed43,pq,pq_512_m8_b8,pq_one_sided_cosine,0.1,True,frozen_origin,-0.4278960227966308,True,False,False,True,True,1.2685160947407188,True,high_error,8,8972,8
gradcam-13ff9f7bb22e654f5a16,population-2a9bc5280db4a65672a1bbcb,survface,survface:registered_probe:2973_cam3_1,adaface-4df25b75e065b0b9ed43,pq,pq_512_m8_b8,pq_one_sided_cosine,0.1,True,frozen_origin,-0.2307925708591938,False,False,False,True,True,1.4305139028243194,True,rank_flip,1,8972,8
gradcam-fe379116609fa1854edc,population-2a9bc5280db4a65672a1bbcb,survface,survface:registered_probe:2742_cam2_1,adaface-4df25b75e065b0b9ed43,pq,pq_512_m8_b8,pq_one_sided_cosine,0.1,True,frozen_origin,-0.3141529560089111,False,False,False,True,True,1.3491288800522754,True,rank_flip,2,8972,8
gradcam-e5a9ea38754446864fc2,population-2a9bc5280db4a65672a1bbcb,survface,survface:unknown_unknown_probe:2721_cam1_1,adaface-4df25b75e065b0b9ed43,pq,pq_512_m8_b8,pq_one_sided_cosine,0.1,False,frozen_origin,-0.1298137903213501,False,False,False,True,True,1.3341645069166184,True,rank_flip,3,8972,8
gradcam-b77cee6be53d761d929c,population-2a9bc5280db4a65672a1bbcb,survface,survface:registered_probe:5244_22,adaface-4df25b75e065b0b9ed43,pq,pq_512_m8_b8,pq_one_sided_cosine,0.1,True,frozen_origin,-0.3835571259260177,False,False,False,True,True,1.3265242258445726,True,rank_flip,4,8972,8
gradcam-2ad8e84fedd49644a204,population-2a9bc5280db4a65672a1bbcb,survface,survface:unknown_unknown_probe:distractors_3934,adaface-4df25b75e065b0b9ed43,pq,pq_512_m8_b8,pq_one_sided_cosine,0.1,False,frozen_origin,-0.2043893337249755,False,False,False,True,True,1.325326777631491,True,rank_flip,5,8972,8
gradcam-3681809477253a5add9d,population-2a9bc5280db4a65672a1bbcb,survface,survface:unknown_unknown_probe:2756_cam4_1,adaface-4df25b75e065b0b9ed43,pq,pq_512_m8_b8,pq_one_sided_cosine,0.1,False,frozen_origin,-0.074626937508583,False,False,False,True,True,1.322113990184303,True,rank_flip,6,8972,8
gradcam-12e6189814254993455a,population-2a9bc5280db4a65672a1bbcb,survface,survface:unknown_unknown_probe:distractors_2318,adaface-4df25b75e065b0b9ed43,pq,pq_512_m8_b8,pq_one_sided_cosine,0.1,False,frozen_origin,-0.1256127208471298,False,False,False,True,True,1.317466267431849,True,rank_flip,7,8972,8
gradcam-09ba1bf2de8d94ffdc18,population-2a9bc5280db4a65672a1bbcb,survface,survface:registered_probe:5244_28,adaface-4df25b75e065b0b9ed43,pq,pq_512_m8_b8,pq_one_sided_cosine,0.1,True,frozen_origin,-0.4150660187005996,False,False,False,True,True,1.3169640793571649,True,rank_flip,8,8972,8
gradcam-d3e99b27b43a121fafad,population-2a9bc5280db4a65672a1bbcb,survface,survface:unknown_unknown_probe:10216_cam2_15,adaface-4df25b75e065b0b9ed43,pq,pq_512_m8_b8,pq_one_sided_cosine,0.1,False,frozen_origin,0.0824198126792907,True,False,False,True,True,0.4630012419836156,True,stable,1,8972,8
gradcam-85de195a988f756b469b,population-2a9bc5280db4a65672a1bbcb,survface,survface:unknown_unknown_probe:5872_cam1_52,adaface-4df25b75e065b0b9ed43,pq,pq_512_m8_b8,pq_one_sided_cosine,0.1,False,frozen_origin,-0.0184094309806823,True,False,False,True,True,0.4732883492907733,True,stable,2,8972,8
gradcam-d9cf0ee1c7dd2ad8d3b7,population-2a9bc5280db4a65672a1bbcb,survface,survface:unknown_unknown_probe:10256_cam1_19,adaface-4df25b75e065b0b9ed43,pq,pq_512_m8_b8,pq_one_sided_cosine,0.1,False,frozen_origin,-0.0083736777305603,True,False,False,True,True,0.4799625636747872,True,stable,3,8972,8
gradcam-03199eb91ecf01c35fc3,population-2a9bc5280db4a65672a1bbcb,survface,survface:unknown_unknown_probe:5674_cam2_23,adaface-4df25b75e065b0b9ed43,pq,pq_512_m8_b8,pq_one_sided_cosine,0.1,False,frozen_origin,-0.0195038318634033,True,False,False,True,True,0.4823597101435699,True,stable,4,8972,8
gradcam-c174e68eac4c3299ed2e,population-2a9bc5280db4a65672a1bbcb,survface,survface:registered_probe:5395_cam2_13,adaface-4df25b75e065b0b9ed43,pq,pq_512_m8_b8,pq_one_sided_cosine,0.1,True,frozen_origin,0.0270208120346069,True,False,False,True,True,0.4857598752267726,True,stable,5,8972,8
gradcam-6f7ea57f98e575eabc3f,population-2a9bc5280db4a65672a1bbcb,survface,survface:unknown_unknown_probe:5872_cam1_51,adaface-4df25b75e065b0b9ed43,pq,pq_512_m8_b8,pq_one_sided_cosine,0.1,False,frozen_origin,-0.0289018750190734,True,False,False,True,True,0.4878704173723687,True,stable,6,8972,8
gradcam-39ed952e2558c423a0a9,population-2a9bc5280db4a65672a1bbcb,survface,survface:unknown_unknown_probe:5751_cam2_41,adaface-4df25b75e065b0b9ed43,pq,pq_512_m8_b8,pq_one_sided_cosine,0.1,False,frozen_origin,-0.0250307321548461,True,False,False,True,True,0.4885888876697039,True,stable,7,8972,8
gradcam-5c498ed977f355f3f6e5,population-2a9bc5280db4a65672a1bbcb,survface,survface:registered_probe:5647_cam1_47,adaface-4df25b75e065b0b9ed43,pq,pq_512_m8_b8,pq_one_sided_cosine,0.1,True,frozen_origin,-0.0256837606430053,True,False,False,True,True,0.4914093571309534,True,stable,8,8972,8
gradcam-b0abb1a7c95e1645b60e,population-2a9bc5280db4a65672a1bbcb,survface,survface:unknown_unknown_probe:4821_cam2_5,adaface-4df25b75e065b0b9ed43,pq,pq_512_m8_b8,pq_one_sided_cosine,0.1,False,frozen_origin,-0.4429782629013061,True,True,False,True,True,1.123564548823629,True,threshold_crossing,1,8972,8
gradcam-1c698e427e80c3e246c5,population-2a9bc5280db4a65672a1bbcb,survface,survface:unknown_unknown_probe:1346_cam1_1,adaface-4df25b75e065b0b9ed43,pq,pq_512_m8_b8,pq_one_sided_cosine,0.1,False,frozen_origin,-0.3817945420742035,True,True,False,True,True,1.094872326108784,True,threshold_crossing,2,8972,8
gradcam-d560ba986aa71469dfc8,population-2a9bc5280db4a65672a1bbcb,survface,survface:registered_probe:5225_16,adaface-4df25b75e065b0b9ed43,pq,pq_512_m8_b8,pq_one_sided_cosine,0.1,True,frozen_origin,-0.3299078643321991,True,True,False,True,True,1.0922039429553638,True,threshold_crossing,3,8972,8
gradcam-c231cff2f5ea696effb1,population-2a9bc5280db4a65672a1bbcb,survface,survface:registered_probe:5227_16,adaface-4df25b75e065b0b9ed43,pq,pq_512_m8_b8,pq_one_sided_cosine,0.1,True,frozen_origin,-0.3493394553661346,True,True,False,True,True,1.0743120723439057,True,threshold_crossing,4,8972,8
gradcam-895ee4f11ab88659e0ab,population-2a9bc5280db4a65672a1bbcb,survface,survface:registered_probe:5061_cam2_4,adaface-4df25b75e065b0b9ed43,pq,pq_512_m8_b8,pq_one_sided_cosine,0.1,True,frozen_origin,-0.3660879731178283,True,True,False,True,True,1.0560886868525865,True,threshold_crossing,5,8972,8
gradcam-a2a146ab55f6c7ad7dff,population-2a9bc5280db4a65672a1bbcb,survface,survface:registered_probe:2123_cam1_1,adaface-4df25b75e065b0b9ed43,pq,pq_512_m8_b8,pq_one_sided_cosine,0.1,True,frozen_origin,-0.4406313300132751,True,True,False,True,True,1.0181605729336944,True,threshold_crossing,6,8972,8
gradcam-8376a80236607fb44e57,population-2a9bc5280db4a65672a1bbcb,survface,survface:unknown_unknown_probe:distractors_4002,adaface-4df25b75e065b0b9ed43,pq,pq_512_m8_b8,pq_one_sided_cosine,0.1,False,frozen_origin,-0.2317245006561279,True,True,False,True,True,0.955928577614368,True,threshold_crossing,7,8972,8
gradcam-0adbff266707f484bb13,population-2a9bc5280db4a65672a1bbcb,survface,survface:registered_probe:5789_cam1_123,adaface-4df25b75e065b0b9ed43,pq,pq_512_m8_b8,pq_one_sided_cosine,0.1,True,frozen_origin,-0.284981369972229,True,True,False,True,True,0.9449211343433254,True,threshold_crossing,8,8972,8
gradcam-4f1aa9618f7462e63f0b,population-2a9bc5280db4a65672a1bbcb,survface,survface:registered_probe:8812_cam2_26,adaface-4df25b75e065b0b9ed43,pq,pq_512_m8_b8,pq_one_sided_cosine,0.2,True,frozen_origin,-0.0924613773822784,True,False,False,True,True,1.2896263588498484,True,high_error,1,8972,8
gradcam-2d6229548fe8bdf49f90,population-2a9bc5280db4a65672a1bbcb,survface,survface:unknown_unknown_probe:2143_cam2_1,adaface-4df25b75e065b0b9ed43,pq,pq_512_m8_b8,pq_one_sided_cosine,0.2,False,frozen_origin,-0.0517758280038833,True,False,False,True,True,1.2879486454026745,True,high_error,2,8972,8
gradcam-1d12137fc549230fccda,population-2a9bc5280db4a65672a1bbcb,survface,survface:unknown_unknown_probe:distractors_3165,adaface-4df25b75e065b0b9ed43,pq,pq_512_m8_b8,pq_one_sided_cosine,0.2,False,frozen_origin,-0.0718478262424469,True,False,False,True,True,1.284570178094018,True,high_error,3,8972,8
gradcam-911c1605517b88e6c203,population-2a9bc5280db4a65672a1bbcb,survface,survface:registered_probe:5241_39,adaface-4df25b75e065b0b9ed43,pq,pq_512_m8_b8,pq_one_sided_cosine,0.2,True,frozen_origin,-0.3018737435340881,True,False,False,True,True,1.284092589989671,True,high_error,4,8972,8
gradcam-2df786e3dbbb698ee43c,population-2a9bc5280db4a65672a1bbcb,survface,survface:unknown_unknown_probe:distractors_18469,adaface-4df25b75e065b0b9ed43,pq,pq_512_m8_b8,pq_one_sided_cosine,0.2,False,frozen_origin,-0.0966269075870513,True,False,False,True,True,1.2788102372084291,True,high_error,5,8972,8
gradcam-8b3f8d71d8965775059f,population-2a9bc5280db4a65672a1bbcb,survface,survface:unknown_unknown_probe:distractors_1673,adaface-4df25b75e065b0b9ed43,pq,pq_512_m8_b8,pq_one_sided_cosine,0.2,False,frozen_origin,-0.0284191071987152,True,False,False,True,True,1.2738589858043907,True,high_error,6,8972,8
gradcam-cf3c58a3618f17e88ff1,population-2a9bc5280db4a65672a1bbcb,survface,survface:registered_probe:707_cam2_1,adaface-4df25b75e065b0b9ed43,pq,pq_512_m8_b8,pq_one_sided_cosine,0.2,True,frozen_origin,-0.0588102042675018,True,False,False,True,True,1.2691773222509075,True,high_error,7,8972,8
gradcam-a64b8e34e5dfe9499632,population-2a9bc5280db4a65672a1bbcb,survface,survface:registered_probe:5263_20,adaface-4df25b75e065b0b9ed43,pq,pq_512_m8_b8,pq_one_sided_cosine,0.2,True,frozen_origin,-0.4278960227966308,True,False,False,True,True,1.2685160947407188,True,high_error,8,8972,8
gradcam-9a547d62fbba19b82d52,population-2a9bc5280db4a65672a1bbcb,survface,survface:registered_probe:2973_cam3_1,adaface-4df25b75e065b0b9ed43,pq,pq_512_m8_b8,pq_one_sided_cosine,0.2,True,frozen_origin,-0.2307925708591938,False,False,False,True,True,1.4305139028243194,True,rank_flip,1,8972,8
gradcam-81fb1fdd4d2418cc6253,population-2a9bc5280db4a65672a1bbcb,survface,survface:registered_probe:2742_cam2_1,adaface-4df25b75e065b0b9ed43,pq,pq_512_m8_b8,pq_one_sided_cosine,0.2,True,frozen_origin,-0.3141529560089111,False,False,False,True,True,1.3491288800522754,True,rank_flip,2,8972,8
gradcam-0919c9aee798bdf6ccd0,population-2a9bc5280db4a65672a1bbcb,survface,survface:unknown_unknown_probe:2721_cam1_1,adaface-4df25b75e065b0b9ed43,pq,pq_512_m8_b8,pq_one_sided_cosine,0.2,False,frozen_origin,-0.1298137903213501,False,False,False,True,True,1.3341645069166184,True,rank_flip,3,8972,8
gradcam-352947af4ba08022c476,population-2a9bc5280db4a65672a1bbcb,survface,survface:registered_probe:5244_22,adaface-4df25b75e065b0b9ed43,pq,pq_512_m8_b8,pq_one_sided_cosine,0.2,True,frozen_origin,-0.3835571259260177,False,False,False,True,True,1.3265242258445726,True,rank_flip,4,8972,8
gradcam-e20a0b1b38f66145c1d9,population-2a9bc5280db4a65672a1bbcb,survface,survface:unknown_unknown_probe:distractors_3934,adaface-4df25b75e065b0b9ed43,pq,pq_512_m8_b8,pq_one_sided_cosine,0.2,False,frozen_origin,-0.2043893337249755,False,False,False,True,True,1.325326777631491,True,rank_flip,5,8972,8
gradcam-b93e00f5b844d2bf68c5,population-2a9bc5280db4a65672a1bbcb,survface,survface:unknown_unknown_probe:2756_cam4_1,adaface-4df25b75e065b0b9ed43,pq,pq_512_m8_b8,pq_one_sided_cosine,0.2,False,frozen_origin,-0.074626937508583,False,False,False,True,True,1.322113990184303,True,rank_flip,6,8972,8
gradcam-69723b0aa17125277590,population-2a9bc5280db4a65672a1bbcb,survface,survface:unknown_unknown_probe:distractors_2318,adaface-4df25b75e065b0b9ed43,pq,pq_512_m8_b8,pq_one_sided_cosine,0.2,False,frozen_origin,-0.1256127208471298,False,False,False,True,True,1.317466267431849,True,rank_flip,7,8972,8
gradcam-1d50d1fadd6494d753fb,population-2a9bc5280db4a65672a1bbcb,survface,survface:registered_probe:5244_28,adaface-4df25b75e065b0b9ed43,pq,pq_512_m8_b8,pq_one_sided_cosine,0.2,True,frozen_origin,-0.4150660187005996,False,False,False,True,True,1.3169640793571649,True,rank_flip,8,8972,8
gradcam-ce2d530c94470ba0b85e,population-2a9bc5280db4a65672a1bbcb,survface,survface:unknown_unknown_probe:10216_cam2_15,adaface-4df25b75e065b0b9ed43,pq,pq_512_m8_b8,pq_one_sided_cosine,0.2,False,frozen_origin,0.0824198126792907,True,False,False,True,True,0.4630012419836156,True,stable,1,8972,8
gradcam-64a8f6ef0357d8b89599,population-2a9bc5280db4a65672a1bbcb,survface,survface:unknown_unknown_probe:5872_cam1_52,adaface-4df25b75e065b0b9ed43,pq,pq_512_m8_b8,pq_one_sided_cosine,0.2,False,frozen_origin,-0.0184094309806823,True,False,False,True,True,0.4732883492907733,True,stable,2,8972,8
gradcam-6cc8fa80dba8e8bf37c5,population-2a9bc5280db4a65672a1bbcb,survface,survface:unknown_unknown_probe:10256_cam1_19,adaface-4df25b75e065b0b9ed43,pq,pq_512_m8_b8,pq_one_sided_cosine,0.2,False,frozen_origin,-0.0083736777305603,True,False,False,True,True,0.4799625636747872,True,stable,3,8972,8
gradcam-da38d3783df33f85bafa,population-2a9bc5280db4a65672a1bbcb,survface,survface:unknown_unknown_probe:5674_cam2_23,adaface-4df25b75e065b0b9ed43,pq,pq_512_m8_b8,pq_one_sided_cosine,0.2,False,frozen_origin,-0.0195038318634033,True,False,False,True,True,0.4823597101435699,True,stable,4,8972,8
gradcam-acdb3e395786ff724353,population-2a9bc5280db4a65672a1bbcb,survface,survface:registered_probe:5395_cam2_13,adaface-4df25b75e065b0b9ed43,pq,pq_512_m8_b8,pq_one_sided_cosine,0.2,True,frozen_origin,0.0270208120346069,True,False,False,True,True,0.4857598752267726,True,stable,5,8972,8
gradcam-554e6c64f36b96f77ab2,population-2a9bc5280db4a65672a1bbcb,survface,survface:unknown_unknown_probe:5872_cam1_51,adaface-4df25b75e065b0b9ed43,pq,pq_512_m8_b8,pq_one_sided_cosine,0.2,False,frozen_origin,-0.0289018750190734,True,False,False,True,True,0.4878704173723687,True,stable,6,8972,8
gradcam-7725304f3fdba2ccb8e4,population-2a9bc5280db4a65672a1bbcb,survface,survface:unknown_unknown_probe:5751_cam2_41,adaface-4df25b75e065b0b9ed43,pq,pq_512_m8_b8,pq_one_sided_cosine,0.2,False,frozen_origin,-0.0250307321548461,True,False,False,True,True,0.4885888876697039,True,stable,7,8972,8
gradcam-9ef82666914724a49f4b,population-2a9bc5280db4a65672a1bbcb,survface,survface:registered_probe:5647_cam1_47,adaface-4df25b75e065b0b9ed43,pq,pq_512_m8_b8,pq_one_sided_cosine,0.2,True,frozen_origin,-0.0256837606430053,True,False,False,True,True,0.4914093571309534,True,stable,8,8972,8
gradcam-c3bb789d8be8e0d94f88,population-2a9bc5280db4a65672a1bbcb,survface,survface:registered_probe:5244_23,adaface-4df25b75e065b0b9ed43,pq,pq_512_m8_b8,pq_one_sided_cosine,0.2,True,frozen_origin,-0.5052920281887054,True,True,False,True,True,1.2334024058834376,True,threshold_crossing,1,8972,8
gradcam-4385873689bda89306ed,population-2a9bc5280db4a65672a1bbcb,survface,survface:unknown_unknown_probe:4821_cam2_5,adaface-4df25b75e065b0b9ed43,pq,pq_512_m8_b8,pq_one_sided_cosine,0.2,False,frozen_origin,-0.4429782629013061,True,True,False,True,True,1.123564548823629,True,threshold_crossing,2,8972,8
gradcam-d3885181cc3fecbe9ed3,population-2a9bc5280db4a65672a1bbcb,survface,survface:registered_probe:5241_26,adaface-4df25b75e065b0b9ed43,pq,pq_512_m8_b8,pq_one_sided_cosine,0.2,True,frozen_origin,-0.373379498720169,True,True,False,True,True,1.1222021364470725,True,threshold_crossing,3,8972,8
gradcam-554ef9481473d9a404eb,population-2a9bc5280db4a65672a1bbcb,survface,survface:unknown_unknown_probe:1346_cam1_1,adaface-4df25b75e065b0b9ed43,pq,pq_512_m8_b8,pq_one_sided_cosine,0.2,False,frozen_origin,-0.3817945420742035,True,True,False,True,True,1.094872326108784,True,threshold_crossing,4,8972,8
gradcam-d90ff60e14764709dfac,population-2a9bc5280db4a65672a1bbcb,survface,survface:registered_probe:5225_16,adaface-4df25b75e065b0b9ed43,pq,pq_512_m8_b8,pq_one_sided_cosine,0.2,True,frozen_origin,-0.3299078643321991,True,True,False,True,True,1.0922039429553638,True,threshold_crossing,5,8972,8
gradcam-08e962fd1cf92fb294bb,population-2a9bc5280db4a65672a1bbcb,survface,survface:registered_probe:5227_16,adaface-4df25b75e065b0b9ed43,pq,pq_512_m8_b8,pq_one_sided_cosine,0.2,True,frozen_origin,-0.3493394553661346,True,True,False,True,True,1.0743120723439057,True,threshold_crossing,6,8972,8
gradcam-bf3400380789e5bf38ba,population-2a9bc5280db4a65672a1bbcb,survface,survface:registered_probe:5061_cam2_4,adaface-4df25b75e065b0b9ed43,pq,pq_512_m8_b8,pq_one_sided_cosine,0.2,True,frozen_origin,-0.3660879731178283,True,True,False,True,True,1.0560886868525865,True,threshold_crossing,7,8972,8
gradcam-f42dc0d2b11e41c512fe,population-2a9bc5280db4a65672a1bbcb,survface,survface:registered_probe:2123_cam1_1,adaface-4df25b75e065b0b9ed43,pq,pq_512_m8_b8,pq_one_sided_cosine,0.2,True,frozen_origin,-0.4406313300132751,True,True,False,True,True,1.0181605729336944,True,threshold_crossing,8,8972,8
gradcam-096dd2aaec887ff07466,population-2a9bc5280db4a65672a1bbcb,survface,survface:registered_probe:8812_cam2_26,adaface-4df25b75e065b0b9ed43,pq,pq_512_m8_b8,pq_one_sided_cosine,0.3,True,frozen_origin,-0.0924613773822784,True,False,False,True,True,1.2896263588498484,True,high_error,1,8972,8
gradcam-12c6454e15c7dd9be6fe,population-2a9bc5280db4a65672a1bbcb,survface,survface:unknown_unknown_probe:2143_cam2_1,adaface-4df25b75e065b0b9ed43,pq,pq_512_m8_b8,pq_one_sided_cosine,0.3,False,frozen_origin,-0.0517758280038833,True,False,False,True,True,1.2879486454026745,True,high_error,2,8972,8
gradcam-9e4ee40ad51f5e8fc4d5,population-2a9bc5280db4a65672a1bbcb,survface,survface:unknown_unknown_probe:distractors_3165,adaface-4df25b75e065b0b9ed43,pq,pq_512_m8_b8,pq_one_sided_cosine,0.3,False,frozen_origin,-0.0718478262424469,True,False,False,True,True,1.284570178094018,True,high_error,3,8972,8
gradcam-d1f093edc71b84ea1ccb,population-2a9bc5280db4a65672a1bbcb,survface,survface:registered_probe:5241_39,adaface-4df25b75e065b0b9ed43,pq,pq_512_m8_b8,pq_one_sided_cosine,0.3,True,frozen_origin,-0.3018737435340881,True,False,False,True,True,1.284092589989671,True,high_error,4,8972,8
gradcam-d3d50144a0a6a0c3c224,population-2a9bc5280db4a65672a1bbcb,survface,survface:unknown_unknown_probe:distractors_18469,adaface-4df25b75e065b0b9ed43,pq,pq_512_m8_b8,pq_one_sided_cosine,0.3,False,frozen_origin,-0.0966269075870513,True,False,False,True,True,1.2788102372084291,True,high_error,5,8972,8
gradcam-a6388e197450c63cf5b8,population-2a9bc5280db4a65672a1bbcb,survface,survface:unknown_unknown_probe:distractors_1673,adaface-4df25b75e065b0b9ed43,pq,pq_512_m8_b8,pq_one_sided_cosine,0.3,False,frozen_origin,-0.0284191071987152,True,False,False,True,True,1.2738589858043907,True,high_error,6,8972,8
gradcam-56c8c04ea9f39e300e15,population-2a9bc5280db4a65672a1bbcb,survface,survface:registered_probe:707_cam2_1,adaface-4df25b75e065b0b9ed43,pq,pq_512_m8_b8,pq_one_sided_cosine,0.3,True,frozen_origin,-0.0588102042675018,True,False,False,True,True,1.2691773222509075,True,high_error,7,8972,8
gradcam-60086910f8686c795223,population-2a9bc5280db4a65672a1bbcb,survface,survface:registered_probe:5263_20,adaface-4df25b75e065b0b9ed43,pq,pq_512_m8_b8,pq_one_sided_cosine,0.3,True,frozen_origin,-0.4278960227966308,True,False,False,True,True,1.2685160947407188,True,high_error,8,8972,8
gradcam-11f132abf3635d173b48,population-2a9bc5280db4a65672a1bbcb,survface,survface:registered_probe:2973_cam3_1,adaface-4df25b75e065b0b9ed43,pq,pq_512_m8_b8,pq_one_sided_cosine,0.3,True,frozen_origin,-0.2307925708591938,False,False,False,True,True,1.4305139028243194,True,rank_flip,1,8972,8
gradcam-b6350bc6ec90442de06e,population-2a9bc5280db4a65672a1bbcb,survface,survface:registered_probe:2742_cam2_1,adaface-4df25b75e065b0b9ed43,pq,pq_512_m8_b8,pq_one_sided_cosine,0.3,True,frozen_origin,-0.3141529560089111,False,False,False,True,True,1.3491288800522754,True,rank_flip,2,8972,8
gradcam-bdccfa1cb1914cc5118e,population-2a9bc5280db4a65672a1bbcb,survface,survface:unknown_unknown_probe:2721_cam1_1,adaface-4df25b75e065b0b9ed43,pq,pq_512_m8_b8,pq_one_sided_cosine,0.3,False,frozen_origin,-0.1298137903213501,False,False,False,True,True,1.3341645069166184,True,rank_flip,3,8972,8
gradcam-05692674384689bacb02,population-2a9bc5280db4a65672a1bbcb,survface,survface:registered_probe:5244_22,adaface-4df25b75e065b0b9ed43,pq,pq_512_m8_b8,pq_one_sided_cosine,0.3,True,frozen_origin,-0.3835571259260177,False,False,False,True,True,1.3265242258445726,True,rank_flip,4,8972,8
gradcam-ea733e07e7e8dc239cc1,population-2a9bc5280db4a65672a1bbcb,survface,survface:unknown_unknown_probe:distractors_3934,adaface-4df25b75e065b0b9ed43,pq,pq_512_m8_b8,pq_one_sided_cosine,0.3,False,frozen_origin,-0.2043893337249755,False,False,False,True,True,1.325326777631491,True,rank_flip,5,8972,8
gradcam-f3ca79dd237bba248aad,population-2a9bc5280db4a65672a1bbcb,survface,survface:unknown_unknown_probe:2756_cam4_1,adaface-4df25b75e065b0b9ed43,pq,pq_512_m8_b8,pq_one_sided_cosine,0.3,False,frozen_origin,-0.074626937508583,False,False,False,True,True,1.322113990184303,True,rank_flip,6,8972,8
gradcam-53db30840df85e5bb4f7,population-2a9bc5280db4a65672a1bbcb,survface,survface:unknown_unknown_probe:distractors_2318,adaface-4df25b75e065b0b9ed43,pq,pq_512_m8_b8,pq_one_sided_cosine,0.3,False,frozen_origin,-0.1256127208471298,False,False,False,True,True,1.317466267431849,True,rank_flip,7,8972,8
gradcam-9104f14713b2700f47b6,population-2a9bc5280db4a65672a1bbcb,survface,survface:registered_probe:5244_28,adaface-4df25b75e065b0b9ed43,pq,pq_512_m8_b8,pq_one_sided_cosine,0.3,True,frozen_origin,-0.4150660187005996,False,False,False,True,True,1.3169640793571649,True,rank_flip,8,8972,8
gradcam-3acf82563327c98f0559,population-2a9bc5280db4a65672a1bbcb,survface,survface:unknown_unknown_probe:10216_cam2_15,adaface-4df25b75e065b0b9ed43,pq,pq_512_m8_b8,pq_one_sided_cosine,0.3,False,frozen_origin,0.0824198126792907,True,False,False,True,True,0.4630012419836156,True,stable,1,8972,8
gradcam-5d2feb4ab23dfafbd6c5,population-2a9bc5280db4a65672a1bbcb,survface,survface:unknown_unknown_probe:5872_cam1_52,adaface-4df25b75e065b0b9ed43,pq,pq_512_m8_b8,pq_one_sided_cosine,0.3,False,frozen_origin,-0.0184094309806823,True,False,False,True,True,0.4732883492907733,True,stable,2,8972,8
gradcam-cba2cab9a405a935a9f3,population-2a9bc5280db4a65672a1bbcb,survface,survface:unknown_unknown_probe:10256_cam1_19,adaface-4df25b75e065b0b9ed43,pq,pq_512_m8_b8,pq_one_sided_cosine,0.3,False,frozen_origin,-0.0083736777305603,True,False,False,True,True,0.4799625636747872,True,stable,3,8972,8
gradcam-46a4c38dae7e809e42a3,population-2a9bc5280db4a65672a1bbcb,survface,survface:unknown_unknown_probe:5674_cam2_23,adaface-4df25b75e065b0b9ed43,pq,pq_512_m8_b8,pq_one_sided_cosine,0.3,False,frozen_origin,-0.0195038318634033,True,False,False,True,True,0.4823597101435699,True,stable,4,8972,8
gradcam-1a9fe58bd46a0191e1d4,population-2a9bc5280db4a65672a1bbcb,survface,survface:registered_probe:5395_cam2_13,adaface-4df25b75e065b0b9ed43,pq,pq_512_m8_b8,pq_one_sided_cosine,0.3,True,frozen_origin,0.0270208120346069,True,False,False,True,True,0.4857598752267726,True,stable,5,8972,8
gradcam-0f8b083bdee03077db92,population-2a9bc5280db4a65672a1bbcb,survface,survface:unknown_unknown_probe:5872_cam1_51,adaface-4df25b75e065b0b9ed43,pq,pq_512_m8_b8,pq_one_sided_cosine,0.3,False,frozen_origin,-0.0289018750190734,True,False,False,True,True,0.4878704173723687,True,stable,6,8972,8
gradcam-5334f501c9254bef01f1,population-2a9bc5280db4a65672a1bbcb,survface,survface:unknown_unknown_probe:5751_cam2_41,adaface-4df25b75e065b0b9ed43,pq,pq_512_m8_b8,pq_one_sided_cosine,0.3,False,frozen_origin,-0.0250307321548461,True,False,False,True,True,0.4885888876697039,True,stable,7,8972,8
gradcam-05e14a85d11db50cfdbc,population-2a9bc5280db4a65672a1bbcb,survface,survface:registered_probe:5647_cam1_47,adaface-4df25b75e065b0b9ed43,pq,pq_512_m8_b8,pq_one_sided_cosine,0.3,True,frozen_origin,-0.0256837606430053,True,False,False,True,True,0.4914093571309534,True,stable,8,8972,8
gradcam-225b1b3ec4db4d82237f,population-2a9bc5280db4a65672a1bbcb,survface,survface:registered_probe:5244_23,adaface-4df25b75e065b0b9ed43,pq,pq_512_m8_b8,pq_one_sided_cosine,0.3,True,frozen_origin,-0.5052920281887054,True,True,False,True,True,1.2334024058834376,True,threshold_crossing,1,8972,8
gradcam-615247c4c278ad8152a2,population-2a9bc5280db4a65672a1bbcb,survface,survface:registered_probe:5227_19,adaface-4df25b75e065b0b9ed43,pq,pq_512_m8_b8,pq_one_sided_cosine,0.3,True,frozen_origin,-0.398733377456665,True,True,False,True,True,1.1711636539576142,True,threshold_crossing,2,8972,8
gradcam-7ef4b16e5295128624b9,population-2a9bc5280db4a65672a1bbcb,survface,survface:unknown_unknown_probe:distractors_3013,adaface-4df25b75e065b0b9ed43,pq,pq_512_m8_b8,pq_one_sided_cosine,0.3,False,frozen_origin,-0.3407016396522522,True,True,False,True,True,1.1487231952867076,True,threshold_crossing,3,8972,8
gradcam-3dea6c72f20f79a21771,population-2a9bc5280db4a65672a1bbcb,survface,survface:unknown_unknown_probe:4821_cam2_5,adaface-4df25b75e065b0b9ed43,pq,pq_512_m8_b8,pq_one_sided_cosine,0.3,False,frozen_origin,-0.4429782629013061,True,True,False,True,True,1.123564548823629,True,threshold_crossing,4,8972,8
gradcam-a741d89f459b98ee8917,population-2a9bc5280db4a65672a1bbcb,survface,survface:registered_probe:5241_26,adaface-4df25b75e065b0b9ed43,pq,pq_512_m8_b8,pq_one_sided_cosine,0.3,True,frozen_origin,-0.373379498720169,True,True,False,True,True,1.1222021364470725,True,threshold_crossing,5,8972,8
gradcam-51f8a8ccc242fbe14e21,population-2a9bc5280db4a65672a1bbcb,survface,survface:registered_probe:5227_14,adaface-4df25b75e065b0b9ed43,pq,pq_512_m8_b8,pq_one_sided_cosine,0.3,True,frozen_origin,-0.3534854650497436,True,True,False,True,True,1.121965465249175,True,threshold_crossing,6,8972,8
gradcam-9b9f66d2151d553f23dc,population-2a9bc5280db4a65672a1bbcb,survface,survface:registered_probe:5241_25,adaface-4df25b75e065b0b9ed43,pq,pq_512_m8_b8,pq_one_sided_cosine,0.3,True,frozen_origin,-0.3443728983402252,True,True,False,True,True,1.1161800167088292,True,threshold_crossing,7,8972,8
gradcam-1c8d2a8e32105317a934,population-2a9bc5280db4a65672a1bbcb,survface,survface:registered_probe:8739_cam1_97,adaface-4df25b75e065b0b9ed43,pq,pq_512_m8_b8,pq_one_sided_cosine,0.3,True,frozen_origin,-0.3315345048904419,True,True,False,True,True,1.114048433190882,True,threshold_crossing,8,8972,8
gradcam-c7ec4bf90366e81aae44,population-2a9bc5280db4a65672a1bbcb,survface,survface:unknown_unknown_probe:distractors_1673,adaface-4df25b75e065b0b9ed43,pq,pq_512_m8_b8,pq_reconstruction_cosine,0.01,False,frozen_origin,0.4569460749626159,True,False,False,True,True,1.2738589858043907,True,high_error,1,8972,8
gradcam-d218de2b292d172f50fe,population-2a9bc5280db4a65672a1bbcb,survface,survface:unknown_unknown_probe:distractors_3567,adaface-4df25b75e065b0b9ed43,pq,pq_512_m8_b8,pq_reconstruction_cosine,0.01,False,frozen_origin,0.1711426973342895,True,False,False,True,True,1.2672896538720233,True,high_error,2,8972,8
gradcam-9d433bf70e50bd0d1115,population-2a9bc5280db4a65672a1bbcb,survface,survface:registered_probe:5244_18,adaface-4df25b75e065b0b9ed43,pq,pq_512_m8_b8,pq_reconstruction_cosine,0.01,True,frozen_origin,-0.144050121307373,True,False,False,True,True,1.2519728273651594,True,high_error,3,8972,8
gradcam-7b2c211052aa57cbfcdf,population-2a9bc5280db4a65672a1bbcb,survface,survface:unknown_unknown_probe:distractors_5006,adaface-4df25b75e065b0b9ed43,pq,pq_512_m8_b8,pq_reconstruction_cosine,0.01,False,frozen_origin,0.1639161705970764,True,False,False,True,True,1.2479230330196311,True,high_error,4,8972,8
gradcam-6c53887c0db435f63900,population-2a9bc5280db4a65672a1bbcb,survface,survface:unknown_unknown_probe:2885_cam3_1,adaface-4df25b75e065b0b9ed43,pq,pq_512_m8_b8,pq_reconstruction_cosine,0.01,False,frozen_origin,0.3870595693588257,True,False,False,True,True,1.234582784533122,True,high_error,5,8972,8
gradcam-9540d9690bd762edd69b,population-2a9bc5280db4a65672a1bbcb,survface,survface:unknown_unknown_probe:9230_cam2_51,adaface-4df25b75e065b0b9ed43,pq,pq_512_m8_b8,pq_reconstruction_cosine,0.01,False,frozen_origin,0.3152146935462951,True,False,False,True,True,1.2327295897905648,True,high_error,6,8972,8
gradcam-f26f65fe70bf7f4b0f6d,population-2a9bc5280db4a65672a1bbcb,survface,survface:unknown_unknown_probe:distractors_5258,adaface-4df25b75e065b0b9ed43,pq,pq_512_m8_b8,pq_reconstruction_cosine,0.01,False,frozen_origin,0.2466766238212585,True,False,False,True,True,1.2265010763738549,True,high_error,7,8972,8
gradcam-1d855b3a17eed5100499,population-2a9bc5280db4a65672a1bbcb,survface,survface:registered_probe:1410_cam2_1,adaface-4df25b75e065b0b9ed43,pq,pq_512_m8_b8,pq_reconstruction_cosine,0.01,True,frozen_origin,0.3148061335086822,True,False,False,True,True,1.224576512697694,True,high_error,8,8972,8
gradcam-b9e7c6b9de26505d81f8,population-2a9bc5280db4a65672a1bbcb,survface,survface:registered_probe:2973_cam3_1,adaface-4df25b75e065b0b9ed43,pq,pq_512_m8_b8,pq_reconstruction_cosine,0.01,True,frozen_origin,0.1373712122440338,False,False,False,True,True,1.4305139028243194,True,rank_flip,1,8972,8
gradcam-149210b97cf178e07cb5,population-2a9bc5280db4a65672a1bbcb,survface,survface:registered_probe:2742_cam2_1,adaface-4df25b75e065b0b9ed43,pq,pq_512_m8_b8,pq_reconstruction_cosine,0.01,True,frozen_origin,0.0254105031490325,False,False,False,True,True,1.3491288800522754,True,rank_flip,2,8972,8
gradcam-66982cac13aa09ef234a,population-2a9bc5280db4a65672a1bbcb,survface,survface:unknown_unknown_probe:2721_cam1_1,adaface-4df25b75e065b0b9ed43,pq,pq_512_m8_b8,pq_reconstruction_cosine,0.01,False,frozen_origin,0.2210979759693145,False,False,False,True,True,1.3341645069166184,True,rank_flip,3,8972,8
gradcam-e53145dd56e367b13472,population-2a9bc5280db4a65672a1bbcb,survface,survface:registered_probe:5244_22,adaface-4df25b75e065b0b9ed43,pq,pq_512_m8_b8,pq_reconstruction_cosine,0.01,True,frozen_origin,-0.0620306730270385,False,False,False,True,True,1.3265242258445726,True,rank_flip,4,8972,8
gradcam-0320ddb5bf069827bd33,population-2a9bc5280db4a65672a1bbcb,survface,survface:unknown_unknown_probe:distractors_3934,adaface-4df25b75e065b0b9ed43,pq,pq_512_m8_b8,pq_reconstruction_cosine,0.01,False,frozen_origin,0.2104738354682922,False,False,False,True,True,1.325326777631491,True,rank_flip,5,8972,8
gradcam-35be632afcc3bbf2821f,population-2a9bc5280db4a65672a1bbcb,survface,survface:unknown_unknown_probe:2756_cam4_1,adaface-4df25b75e065b0b9ed43,pq,pq_512_m8_b8,pq_reconstruction_cosine,0.01,False,frozen_origin,0.262856513261795,False,False,False,True,True,1.322113990184303,True,rank_flip,6,8972,8
gradcam-86c7a2643fe253269085,population-2a9bc5280db4a65672a1bbcb,survface,survface:unknown_unknown_probe:distractors_2318,adaface-4df25b75e065b0b9ed43,pq,pq_512_m8_b8,pq_reconstruction_cosine,0.01,False,frozen_origin,0.2215783596038818,False,False,False,True,True,1.317466267431849,True,rank_flip,7,8972,8
gradcam-30cd2010eaadf9638cf8,population-2a9bc5280db4a65672a1bbcb,survface,survface:registered_probe:5244_28,adaface-4df25b75e065b0b9ed43,pq,pq_512_m8_b8,pq_reconstruction_cosine,0.01,True,frozen_origin,-0.1173356473445892,False,False,False,True,True,1.3169640793571649,True,rank_flip,8,8972,8
gradcam-62860f994173329d8dbf,population-2a9bc5280db4a65672a1bbcb,survface,survface:unknown_unknown_probe:5872_cam1_52,adaface-4df25b75e065b0b9ed43,pq,pq_512_m8_b8,pq_reconstruction_cosine,0.01,False,frozen_origin,0.0319592952728271,True,False,False,True,True,0.4732883492907733,True,stable,1,8972,8
gradcam-b76a9eb816aaa1e5f529,population-2a9bc5280db4a65672a1bbcb,survface,survface:registered_probe:5395_cam2_13,adaface-4df25b75e065b0b9ed43,pq,pq_512_m8_b8,pq_reconstruction_cosine,0.01,True,frozen_origin,0.1310088038444519,True,False,False,True,True,0.4857598752267726,True,stable,2,8972,8
gradcam-49330714ebc190e0df1b,population-2a9bc5280db4a65672a1bbcb,survface,survface:registered_probe:5852_cam2_3,adaface-4df25b75e065b0b9ed43,pq,pq_512_m8_b8,pq_reconstruction_cosine,0.01,True,frozen_origin,0.0400301218032836,True,False,False,True,True,0.4857990516308789,True,stable,3,8972,8
gradcam-39228c5718f79552813b,population-2a9bc5280db4a65672a1bbcb,survface,survface:unknown_unknown_probe:5751_cam2_41,adaface-4df25b75e065b0b9ed43,pq,pq_512_m8_b8,pq_reconstruction_cosine,0.01,False,frozen_origin,0.0408752560615539,True,False,False,True,True,0.4885888876697039,True,stable,4,8972,8
gradcam-5d6fd89aadf6691827a6,population-2a9bc5280db4a65672a1bbcb,survface,survface:registered_probe:5647_cam1_47,adaface-4df25b75e065b0b9ed43,pq,pq_512_m8_b8,pq_reconstruction_cosine,0.01,True,frozen_origin,0.0674115419387817,True,False,False,True,True,0.4914093571309534,True,stable,5,8972,8
gradcam-5bca03a22c6238ca1a17,population-2a9bc5280db4a65672a1bbcb,survface,survface:registered_probe:9060_cam2_52,adaface-4df25b75e065b0b9ed43,pq,pq_512_m8_b8,pq_reconstruction_cosine,0.01,True,frozen_origin,0.0289933085441589,True,False,False,True,True,0.4914275287782816,True,stable,6,8972,8
gradcam-d8d1a6992475153de31e,population-2a9bc5280db4a65672a1bbcb,survface,survface:unknown_unknown_probe:5751_cam2_38,adaface-4df25b75e065b0b9ed43,pq,pq_512_m8_b8,pq_reconstruction_cosine,0.01,False,frozen_origin,0.0374202728271484,True,False,False,True,True,0.4944151913702827,True,stable,7,8972,8
gradcam-b781ddc40c4090eb7b55,population-2a9bc5280db4a65672a1bbcb,survface,survface:registered_probe:5718_cam2_34,adaface-4df25b75e065b0b9ed43,pq,pq_512_m8_b8,pq_reconstruction_cosine,0.01,True,frozen_origin,0.0825223326683044,True,False,False,True,True,0.4950972981566768,True,stable,8,8972,8
gradcam-e7230ce1b45f9968d289,population-2a9bc5280db4a65672a1bbcb,survface,survface:unknown_unknown_probe:distractors_3617,adaface-4df25b75e065b0b9ed43,pq,pq_512_m8_b8,pq_reconstruction_cosine,0.01,False,frozen_origin,0.5125171542167664,False,True,False,True,True,1.2442200710587568,True,threshold_crossing,1,8972,8
gradcam-545182f42c2028057733,population-2a9bc5280db4a65672a1bbcb,survface,survface:unknown_unknown_probe:4821_cam2_5,adaface-4df25b75e065b0b9ed43,pq,pq_512_m8_b8,pq_reconstruction_cosine,0.01,False,frozen_origin,-0.2334744334220886,False,True,False,True,True,1.123564548823629,True,threshold_crossing,2,8972,8
gradcam-64e5f3467ed64ab2e412,population-2a9bc5280db4a65672a1bbcb,survface,survface:unknown_unknown_probe:5360_cam16_1,adaface-4df25b75e065b0b9ed43,pq,pq_512_m8_b8,pq_reconstruction_cosine,0.01,False,frozen_origin,0.351415753364563,True,True,False,True,True,1.1128285673106204,True,threshold_crossing,3,8972,8
gradcam-57878bff2f25b3a048de,population-2a9bc5280db4a65672a1bbcb,survface,survface:registered_probe:5293_10,adaface-4df25b75e065b0b9ed43,pq,pq_512_m8_b8,pq_reconstruction_cosine,0.01,True,frozen_origin,0.2413333058357238,True,True,False,True,True,1.07642164851122,True,threshold_crossing,4,8972,8
gradcam-c3b55244ede95f6f70e2,population-2a9bc5280db4a65672a1bbcb,survface,survface:unknown_unknown_probe:9382_cam1_56,adaface-4df25b75e065b0b9ed43,pq,pq_512_m8_b8,pq_reconstruction_cosine,0.01,False,frozen_origin,0.449704647064209,False,True,False,True,True,1.066582011765885,True,threshold_crossing,5,8972,8
gradcam-6dc1dfda851055971a29,population-2a9bc5280db4a65672a1bbcb,survface,survface:unknown_unknown_probe:7958_cam1_40,adaface-4df25b75e065b0b9ed43,pq,pq_512_m8_b8,pq_reconstruction_cosine,0.01,False,frozen_origin,0.4207425713539123,True,True,False,True,True,1.0605469223569648,True,threshold_crossing,6,8972,8
gradcam-92ebb7d7cf6a6f6ee24c,population-2a9bc5280db4a65672a1bbcb,survface,survface:unknown_unknown_probe:9371_cam3_39,adaface-4df25b75e065b0b9ed43,pq,pq_512_m8_b8,pq_reconstruction_cosine,0.01,False,frozen_origin,0.4136568307876587,False,True,False,True,True,1.057574112669447,True,threshold_crossing,7,8972,8
gradcam-0e3b8422e566d5a84f77,population-2a9bc5280db4a65672a1bbcb,survface,survface:registered_probe:5272_40,adaface-4df25b75e065b0b9ed43,pq,pq_512_m8_b8,pq_reconstruction_cosine,0.01,True,frozen_origin,0.275529682636261,False,True,False,True,True,1.0556514178466585,True,threshold_crossing,8,8972,8
gradcam-7c5f7e2b6cff6e632970,population-2a9bc5280db4a65672a1bbcb,survface,survface:unknown_unknown_probe:distractors_1673,adaface-4df25b75e065b0b9ed43,pq,pq_512_m8_b8,pq_reconstruction_cosine,0.05,False,frozen_origin,0.4569460749626159,True,False,False,True,True,1.2738589858043907,True,high_error,1,8972,8
gradcam-469afe41fa7cfb3c705a,population-2a9bc5280db4a65672a1bbcb,survface,survface:unknown_unknown_probe:distractors_3567,adaface-4df25b75e065b0b9ed43,pq,pq_512_m8_b8,pq_reconstruction_cosine,0.05,False,frozen_origin,0.1711426973342895,True,False,False,True,True,1.2672896538720233,True,high_error,2,8972,8
gradcam-3a8d691f6a6bd091d123,population-2a9bc5280db4a65672a1bbcb,survface,survface:registered_probe:5244_18,adaface-4df25b75e065b0b9ed43,pq,pq_512_m8_b8,pq_reconstruction_cosine,0.05,True,frozen_origin,-0.144050121307373,True,False,False,True,True,1.2519728273651594,True,high_error,3,8972,8
gradcam-119e442c67922be62932,population-2a9bc5280db4a65672a1bbcb,survface,survface:unknown_unknown_probe:distractors_5006,adaface-4df25b75e065b0b9ed43,pq,pq_512_m8_b8,pq_reconstruction_cosine,0.05,False,frozen_origin,0.1639161705970764,True,False,False,True,True,1.2479230330196311,True,high_error,4,8972,8
gradcam-8552fba18fb54fade4fe,population-2a9bc5280db4a65672a1bbcb,survface,survface:unknown_unknown_probe:2885_cam3_1,adaface-4df25b75e065b0b9ed43,pq,pq_512_m8_b8,pq_reconstruction_cosine,0.05,False,frozen_origin,0.3870595693588257,True,False,False,True,True,1.234582784533122,True,high_error,5,8972,8
gradcam-1f1e4d10f146fcabede1,population-2a9bc5280db4a65672a1bbcb,survface,survface:unknown_unknown_probe:9230_cam2_51,adaface-4df25b75e065b0b9ed43,pq,pq_512_m8_b8,pq_reconstruction_cosine,0.05,False,frozen_origin,0.3152146935462951,True,False,False,True,True,1.2327295897905648,True,high_error,6,8972,8
gradcam-7f3574f201b55279a82e,population-2a9bc5280db4a65672a1bbcb,survface,survface:unknown_unknown_probe:distractors_5258,adaface-4df25b75e065b0b9ed43,pq,pq_512_m8_b8,pq_reconstruction_cosine,0.05,False,frozen_origin,0.2466766238212585,True,False,False,True,True,1.2265010763738549,True,high_error,7,8972,8
gradcam-27a52bdc8a778f78a457,population-2a9bc5280db4a65672a1bbcb,survface,survface:registered_probe:1410_cam2_1,adaface-4df25b75e065b0b9ed43,pq,pq_512_m8_b8,pq_reconstruction_cosine,0.05,True,frozen_origin,0.3148061335086822,True,False,False,True,True,1.224576512697694,True,high_error,8,8972,8
gradcam-54f49a840281473bc3be,population-2a9bc5280db4a65672a1bbcb,survface,survface:registered_probe:2973_cam3_1,adaface-4df25b75e065b0b9ed43,pq,pq_512_m8_b8,pq_reconstruction_cosine,0.05,True,frozen_origin,0.1373712122440338,False,False,False,True,True,1.4305139028243194,True,rank_flip,1,8972,8
gradcam-8143fd818b172916eeac,population-2a9bc5280db4a65672a1bbcb,survface,survface:registered_probe:2742_cam2_1,adaface-4df25b75e065b0b9ed43,pq,pq_512_m8_b8,pq_reconstruction_cosine,0.05,True,frozen_origin,0.0254105031490325,False,False,False,True,True,1.3491288800522754,True,rank_flip,2,8972,8
gradcam-95bfa4cf031d26913c30,population-2a9bc5280db4a65672a1bbcb,survface,survface:unknown_unknown_probe:2721_cam1_1,adaface-4df25b75e065b0b9ed43,pq,pq_512_m8_b8,pq_reconstruction_cosine,0.05,False,frozen_origin,0.2210979759693145,False,False,False,True,True,1.3341645069166184,True,rank_flip,3,8972,8
gradcam-7e1be5b80d16c8460af1,population-2a9bc5280db4a65672a1bbcb,survface,survface:registered_probe:5244_22,adaface-4df25b75e065b0b9ed43,pq,pq_512_m8_b8,pq_reconstruction_cosine,0.05,True,frozen_origin,-0.0620306730270385,False,False,False,True,True,1.3265242258445726,True,rank_flip,4,8972,8
gradcam-850ccb0a837ffaa018bf,population-2a9bc5280db4a65672a1bbcb,survface,survface:unknown_unknown_probe:distractors_3934,adaface-4df25b75e065b0b9ed43,pq,pq_512_m8_b8,pq_reconstruction_cosine,0.05,False,frozen_origin,0.2104738354682922,False,False,False,True,True,1.325326777631491,True,rank_flip,5,8972,8
gradcam-89f82b4f1ce762fedab6,population-2a9bc5280db4a65672a1bbcb,survface,survface:unknown_unknown_probe:2756_cam4_1,adaface-4df25b75e065b0b9ed43,pq,pq_512_m8_b8,pq_reconstruction_cosine,0.05,False,frozen_origin,0.262856513261795,False,False,False,True,True,1.322113990184303,True,rank_flip,6,8972,8
gradcam-6bcd8db902ea8cf324a7,population-2a9bc5280db4a65672a1bbcb,survface,survface:unknown_unknown_probe:distractors_2318,adaface-4df25b75e065b0b9ed43,pq,pq_512_m8_b8,pq_reconstruction_cosine,0.05,False,frozen_origin,0.2215783596038818,False,False,False,True,True,1.317466267431849,True,rank_flip,7,8972,8
gradcam-df4452556acf1437ae59,population-2a9bc5280db4a65672a1bbcb,survface,survface:registered_probe:5244_28,adaface-4df25b75e065b0b9ed43,pq,pq_512_m8_b8,pq_reconstruction_cosine,0.05,True,frozen_origin,-0.1173356473445892,False,False,False,True,True,1.3169640793571649,True,rank_flip,8,8972,8
gradcam-41f4fd96ff6d393ed734,population-2a9bc5280db4a65672a1bbcb,survface,survface:unknown_unknown_probe:10216_cam2_15,adaface-4df25b75e065b0b9ed43,pq,pq_512_m8_b8,pq_reconstruction_cosine,0.05,False,frozen_origin,0.1664881706237793,True,False,False,True,True,0.4630012419836156,True,stable,1,8972,8
gradcam-05da24247a5ef776df4b,population-2a9bc5280db4a65672a1bbcb,survface,survface:unknown_unknown_probe:5872_cam1_52,adaface-4df25b75e065b0b9ed43,pq,pq_512_m8_b8,pq_reconstruction_cosine,0.05,False,frozen_origin,0.0319592952728271,True,False,False,True,True,0.4732883492907733,True,stable,2,8972,8
gradcam-6c8eb1e2c7bcbe46af5f,population-2a9bc5280db4a65672a1bbcb,survface,survface:registered_probe:5395_cam2_13,adaface-4df25b75e065b0b9ed43,pq,pq_512_m8_b8,pq_reconstruction_cosine,0.05,True,frozen_origin,0.1310088038444519,True,False,False,True,True,0.4857598752267726,True,stable,3,8972,8
gradcam-9976edcda66cec45d9e5,population-2a9bc5280db4a65672a1bbcb,survface,survface:registered_probe:5852_cam2_3,adaface-4df25b75e065b0b9ed43,pq,pq_512_m8_b8,pq_reconstruction_cosine,0.05,True,frozen_origin,0.0400301218032836,True,False,False,True,True,0.4857990516308789,True,stable,4,8972,8
gradcam-c3fc48fd55c94c349da0,population-2a9bc5280db4a65672a1bbcb,survface,survface:unknown_unknown_probe:5751_cam2_41,adaface-4df25b75e065b0b9ed43,pq,pq_512_m8_b8,pq_reconstruction_cosine,0.05,False,frozen_origin,0.0408752560615539,True,False,False,True,True,0.4885888876697039,True,stable,5,8972,8
gradcam-45e9a5d52c65dcb9cbbe,population-2a9bc5280db4a65672a1bbcb,survface,survface:registered_probe:5647_cam1_47,adaface-4df25b75e065b0b9ed43,pq,pq_512_m8_b8,pq_reconstruction_cosine,0.05,True,frozen_origin,0.0674115419387817,True,False,False,True,True,0.4914093571309534,True,stable,6,8972,8
gradcam-2edfcc36586940f72d28,population-2a9bc5280db4a65672a1bbcb,survface,survface:registered_probe:9060_cam2_52,adaface-4df25b75e065b0b9ed43,pq,pq_512_m8_b8,pq_reconstruction_cosine,0.05,True,frozen_origin,0.0289933085441589,True,False,False,True,True,0.4914275287782816,True,stable,7,8972,8
gradcam-34bc50b7f46aad25e43a,population-2a9bc5280db4a65672a1bbcb,survface,survface:unknown_unknown_probe:5751_cam2_38,adaface-4df25b75e065b0b9ed43,pq,pq_512_m8_b8,pq_reconstruction_cosine,0.05,False,frozen_origin,0.0374202728271484,True,False,False,True,True,0.4944151913702827,True,stable,8,8972,8
gradcam-368c379624e9f6ff6bef,population-2a9bc5280db4a65672a1bbcb,survface,survface:unknown_unknown_probe:distractors_3617,adaface-4df25b75e065b0b9ed43,pq,pq_512_m8_b8,pq_reconstruction_cosine,0.05,False,frozen_origin,0.5125171542167664,False,True,False,True,True,1.2442200710587568,True,threshold_crossing,1,8972,8
gradcam-351d418e817669a3fcd3,population-2a9bc5280db4a65672a1bbcb,survface,survface:registered_probe:9302_cam2_34,adaface-4df25b75e065b0b9ed43,pq,pq_512_m8_b8,pq_reconstruction_cosine,0.05,True,frozen_origin,0.4414330720901489,False,True,False,True,True,1.1251913735627526,True,threshold_crossing,2,8972,8
gradcam-9c8b8c80b4ec2b59c218,population-2a9bc5280db4a65672a1bbcb,survface,survface:unknown_unknown_probe:4821_cam2_5,adaface-4df25b75e065b0b9ed43,pq,pq_512_m8_b8,pq_reconstruction_cosine,0.05,False,frozen_origin,-0.2334744334220886,False,True,False,True,True,1.123564548823629,True,threshold_crossing,3,8972,8
gradcam-dc61c4e9da2d996a0bbd,population-2a9bc5280db4a65672a1bbcb,survface,survface:unknown_unknown_probe:5360_cam16_1,adaface-4df25b75e065b0b9ed43,pq,pq_512_m8_b8,pq_reconstruction_cosine,0.05,False,frozen_origin,0.351415753364563,True,True,False,True,True,1.1128285673106204,True,threshold_crossing,4,8972,8
gradcam-a2dcf36aa9b3d10c3425,population-2a9bc5280db4a65672a1bbcb,survface,survface:registered_probe:9197_cam1_73,adaface-4df25b75e065b0b9ed43,pq,pq_512_m8_b8,pq_reconstruction_cosine,0.05,True,frozen_origin,0.4657890796661377,False,True,False,True,True,1.112212787173935,True,threshold_crossing,5,8972,8
gradcam-3074f7b312b6fd208fa1,population-2a9bc5280db4a65672a1bbcb,survface,survface:unknown_unknown_probe:distractors_4897,adaface-4df25b75e065b0b9ed43,pq,pq_512_m8_b8,pq_reconstruction_cosine,0.05,False,frozen_origin,0.2941698431968689,False,True,False,True,True,1.109377211427713,True,threshold_crossing,6,8972,8
gradcam-9dbda7bfe79779697389,population-2a9bc5280db4a65672a1bbcb,survface,survface:unknown_unknown_probe:distractors_3852,adaface-4df25b75e065b0b9ed43,pq,pq_512_m8_b8,pq_reconstruction_cosine,0.05,False,frozen_origin,0.2433367371559143,True,True,False,True,True,1.1088666520390902,True,threshold_crossing,7,8972,8
gradcam-f25cb7849b0e44659b84,population-2a9bc5280db4a65672a1bbcb,survface,survface:unknown_unknown_probe:4518_cam1_1,adaface-4df25b75e065b0b9ed43,pq,pq_512_m8_b8,pq_reconstruction_cosine,0.05,False,frozen_origin,0.3255436420440674,True,True,False,True,True,1.0966509525160664,True,threshold_crossing,8,8972,8
gradcam-6dca2d9b4c7b5f5abf14,population-2a9bc5280db4a65672a1bbcb,survface,survface:unknown_unknown_probe:distractors_1673,adaface-4df25b75e065b0b9ed43,pq,pq_512_m8_b8,pq_reconstruction_cosine,0.1,False,frozen_origin,0.4569460749626159,True,False,False,True,True,1.2738589858043907,True,high_error,1,8972,8
gradcam-6ae060b64a618ecf6fac,population-2a9bc5280db4a65672a1bbcb,survface,survface:unknown_unknown_probe:distractors_3567,adaface-4df25b75e065b0b9ed43,pq,pq_512_m8_b8,pq_reconstruction_cosine,0.1,False,frozen_origin,0.1711426973342895,True,False,False,True,True,1.2672896538720233,True,high_error,2,8972,8
gradcam-20e3894320846823348c,population-2a9bc5280db4a65672a1bbcb,survface,survface:registered_probe:5244_18,adaface-4df25b75e065b0b9ed43,pq,pq_512_m8_b8,pq_reconstruction_cosine,0.1,True,frozen_origin,-0.144050121307373,True,False,False,True,True,1.2519728273651594,True,high_error,3,8972,8
gradcam-86978dad7e3d6e306fbb,population-2a9bc5280db4a65672a1bbcb,survface,survface:unknown_unknown_probe:distractors_5006,adaface-4df25b75e065b0b9ed43,pq,pq_512_m8_b8,pq_reconstruction_cosine,0.1,False,frozen_origin,0.1639161705970764,True,False,False,True,True,1.2479230330196311,True,high_error,4,8972,8
gradcam-ccb652946ac9ffb56f23,population-2a9bc5280db4a65672a1bbcb,survface,survface:unknown_unknown_probe:2885_cam3_1,adaface-4df25b75e065b0b9ed43,pq,pq_512_m8_b8,pq_reconstruction_cosine,0.1,False,frozen_origin,0.3870595693588257,True,False,False,True,True,1.234582784533122,True,high_error,5,8972,8
gradcam-395cb4c6f14e4b7f3710,population-2a9bc5280db4a65672a1bbcb,survface,survface:unknown_unknown_probe:9230_cam2_51,adaface-4df25b75e065b0b9ed43,pq,pq_512_m8_b8,pq_reconstruction_cosine,0.1,False,frozen_origin,0.3152146935462951,True,False,False,True,True,1.2327295897905648,True,high_error,6,8972,8
gradcam-f3d9b1eaf7f4e8ee7370,population-2a9bc5280db4a65672a1bbcb,survface,survface:unknown_unknown_probe:distractors_5258,adaface-4df25b75e065b0b9ed43,pq,pq_512_m8_b8,pq_reconstruction_cosine,0.1,False,frozen_origin,0.2466766238212585,True,False,False,True,True,1.2265010763738549,True,high_error,7,8972,8
gradcam-8ac3e51082043fe84e37,population-2a9bc5280db4a65672a1bbcb,survface,survface:registered_probe:1410_cam2_1,adaface-4df25b75e065b0b9ed43,pq,pq_512_m8_b8,pq_reconstruction_cosine,0.1,True,frozen_origin,0.3148061335086822,True,False,False,True,True,1.224576512697694,True,high_error,8,8972,8
gradcam-234fa5d43f65111ccd5d,population-2a9bc5280db4a65672a1bbcb,survface,survface:registered_probe:2973_cam3_1,adaface-4df25b75e065b0b9ed43,pq,pq_512_m8_b8,pq_reconstruction_cosine,0.1,True,frozen_origin,0.1373712122440338,False,False,False,True,True,1.4305139028243194,True,rank_flip,1,8972,8
gradcam-a2b82b8585c523ea1338,population-2a9bc5280db4a65672a1bbcb,survface,survface:registered_probe:2742_cam2_1,adaface-4df25b75e065b0b9ed43,pq,pq_512_m8_b8,pq_reconstruction_cosine,0.1,True,frozen_origin,0.0254105031490325,False,False,False,True,True,1.3491288800522754,True,rank_flip,2,8972,8
gradcam-4406885593f95a927447,population-2a9bc5280db4a65672a1bbcb,survface,survface:unknown_unknown_probe:2721_cam1_1,adaface-4df25b75e065b0b9ed43,pq,pq_512_m8_b8,pq_reconstruction_cosine,0.1,False,frozen_origin,0.2210979759693145,False,False,False,True,True,1.3341645069166184,True,rank_flip,3,8972,8
gradcam-ce723bcfdf584671baea,population-2a9bc5280db4a65672a1bbcb,survface,survface:registered_probe:5244_22,adaface-4df25b75e065b0b9ed43,pq,pq_512_m8_b8,pq_reconstruction_cosine,0.1,True,frozen_origin,-0.0620306730270385,False,False,False,True,True,1.3265242258445726,True,rank_flip,4,8972,8
gradcam-e45af03c15edc90f4e15,population-2a9bc5280db4a65672a1bbcb,survface,survface:unknown_unknown_probe:distractors_3934,adaface-4df25b75e065b0b9ed43,pq,pq_512_m8_b8,pq_reconstruction_cosine,0.1,False,frozen_origin,0.2104738354682922,False,False,False,True,True,1.325326777631491,True,rank_flip,5,8972,8
gradcam-b958b636c3ed2929bd1a,population-2a9bc5280db4a65672a1bbcb,survface,survface:unknown_unknown_probe:2756_cam4_1,adaface-4df25b75e065b0b9ed43,pq,pq_512_m8_b8,pq_reconstruction_cosine,0.1,False,frozen_origin,0.262856513261795,False,False,False,True,True,1.322113990184303,True,rank_flip,6,8972,8
gradcam-d72dc9ed8cb89d1d8280,population-2a9bc5280db4a65672a1bbcb,survface,survface:unknown_unknown_probe:distractors_2318,adaface-4df25b75e065b0b9ed43,pq,pq_512_m8_b8,pq_reconstruction_cosine,0.1,False,frozen_origin,0.2215783596038818,False,False,False,True,True,1.317466267431849,True,rank_flip,7,8972,8
gradcam-577e89b4b171ee539a9f,population-2a9bc5280db4a65672a1bbcb,survface,survface:registered_probe:5244_28,adaface-4df25b75e065b0b9ed43,pq,pq_512_m8_b8,pq_reconstruction_cosine,0.1,True,frozen_origin,-0.1173356473445892,False,False,False,True,True,1.3169640793571649,True,rank_flip,8,8972,8
gradcam-84d7da16456a2d2bd013,population-2a9bc5280db4a65672a1bbcb,survface,survface:unknown_unknown_probe:10216_cam2_15,adaface-4df25b75e065b0b9ed43,pq,pq_512_m8_b8,pq_reconstruction_cosine,0.1,False,frozen_origin,0.1664881706237793,True,False,False,True,True,0.4630012419836156,True,stable,1,8972,8
gradcam-97b7e0dac63270284e97,population-2a9bc5280db4a65672a1bbcb,survface,survface:unknown_unknown_probe:5872_cam1_52,adaface-4df25b75e065b0b9ed43,pq,pq_512_m8_b8,pq_reconstruction_cosine,0.1,False,frozen_origin,0.0319592952728271,True,False,False,True,True,0.4732883492907733,True,stable,2,8972,8
gradcam-1cda88ac7208f2ee89a0,population-2a9bc5280db4a65672a1bbcb,survface,survface:registered_probe:5395_cam2_13,adaface-4df25b75e065b0b9ed43,pq,pq_512_m8_b8,pq_reconstruction_cosine,0.1,True,frozen_origin,0.1310088038444519,True,False,False,True,True,0.4857598752267726,True,stable,3,8972,8
gradcam-d568a6027b56276ed65a,population-2a9bc5280db4a65672a1bbcb,survface,survface:registered_probe:5852_cam2_3,adaface-4df25b75e065b0b9ed43,pq,pq_512_m8_b8,pq_reconstruction_cosine,0.1,True,frozen_origin,0.0400301218032836,True,False,False,True,True,0.4857990516308789,True,stable,4,8972,8
gradcam-a30e7c26effdf5949a15,population-2a9bc5280db4a65672a1bbcb,survface,survface:unknown_unknown_probe:5751_cam2_41,adaface-4df25b75e065b0b9ed43,pq,pq_512_m8_b8,pq_reconstruction_cosine,0.1,False,frozen_origin,0.0408752560615539,True,False,False,True,True,0.4885888876697039,True,stable,5,8972,8
gradcam-dcb61b3b8108d0325459,population-2a9bc5280db4a65672a1bbcb,survface,survface:registered_probe:5647_cam1_47,adaface-4df25b75e065b0b9ed43,pq,pq_512_m8_b8,pq_reconstruction_cosine,0.1,True,frozen_origin,0.0674115419387817,True,False,False,True,True,0.4914093571309534,True,stable,6,8972,8
gradcam-7b1ed93d2d83676d7d31,population-2a9bc5280db4a65672a1bbcb,survface,survface:registered_probe:9060_cam2_52,adaface-4df25b75e065b0b9ed43,pq,pq_512_m8_b8,pq_reconstruction_cosine,0.1,True,frozen_origin,0.0289933085441589,True,False,False,True,True,0.4914275287782816,True,stable,7,8972,8
gradcam-b6e5dd3d4338211bc709,population-2a9bc5280db4a65672a1bbcb,survface,survface:unknown_unknown_probe:5751_cam2_38,adaface-4df25b75e065b0b9ed43,pq,pq_512_m8_b8,pq_reconstruction_cosine,0.1,False,frozen_origin,0.0374202728271484,True,False,False,True,True,0.4944151913702827,True,stable,8,8972,8
gradcam-aa6817d85b66fac21d20,population-2a9bc5280db4a65672a1bbcb,survface,survface:unknown_unknown_probe:distractors_3617,adaface-4df25b75e065b0b9ed43,pq,pq_512_m8_b8,pq_reconstruction_cosine,0.1,False,frozen_origin,0.5125171542167664,False,True,False,True,True,1.2442200710587568,True,threshold_crossing,1,8972,8
gradcam-af90412b800d31886423,population-2a9bc5280db4a65672a1bbcb,survface,survface:unknown_unknown_probe:distractors_4199,adaface-4df25b75e065b0b9ed43,pq,pq_512_m8_b8,pq_reconstruction_cosine,0.1,False,frozen_origin,0.4330282509326935,False,True,False,True,True,1.2207340503690154,True,threshold_crossing,2,8972,8
gradcam-595e10cfd8fbaf5f7b5e,population-2a9bc5280db4a65672a1bbcb,survface,survface:unknown_unknown_probe:distractors_1884,adaface-4df25b75e065b0b9ed43,pq,pq_512_m8_b8,pq_reconstruction_cosine,0.1,False,frozen_origin,0.3599797487258911,False,True,False,True,True,1.143148238911774,True,threshold_crossing,3,8972,8
gradcam-9647e3b1ddec6ed80c73,population-2a9bc5280db4a65672a1bbcb,survface,survface:registered_probe:8767_cam1_49,adaface-4df25b75e065b0b9ed43,pq,pq_512_m8_b8,pq_reconstruction_cosine,0.1,True,frozen_origin,0.491543710231781,False,True,False,True,True,1.1291024204723823,True,threshold_crossing,4,8972,8
gradcam-e760fa5fd936a688f736,population-2a9bc5280db4a65672a1bbcb,survface,survface:registered_probe:9302_cam2_34,adaface-4df25b75e065b0b9ed43,pq,pq_512_m8_b8,pq_reconstruction_cosine,0.1,True,frozen_origin,0.4414330720901489,False,True,False,True,True,1.1251913735627526,True,threshold_crossing,5,8972,8
gradcam-042fca693fd692f4ad74,population-2a9bc5280db4a65672a1bbcb,survface,survface:unknown_unknown_probe:4821_cam2_5,adaface-4df25b75e065b0b9ed43,pq,pq_512_m8_b8,pq_reconstruction_cosine,0.1,False,frozen_origin,-0.2334744334220886,False,True,False,True,True,1.123564548823629,True,threshold_crossing,6,8972,8
gradcam-bc640bef7b3ea44f692d,population-2a9bc5280db4a65672a1bbcb,survface,survface:unknown_unknown_probe:10106_cam2_82,adaface-4df25b75e065b0b9ed43,pq,pq_512_m8_b8,pq_reconstruction_cosine,0.1,False,frozen_origin,0.4165816009044647,False,True,False,True,True,1.1184523663488477,True,threshold_crossing,7,8972,8
gradcam-5109d0f757f5af7306e3,population-2a9bc5280db4a65672a1bbcb,survface,survface:unknown_unknown_probe:5360_cam16_1,adaface-4df25b75e065b0b9ed43,pq,pq_512_m8_b8,pq_reconstruction_cosine,0.1,False,frozen_origin,0.351415753364563,True,True,False,True,True,1.1128285673106204,True,threshold_crossing,8,8972,8
gradcam-5827d14a56a1634a8594,population-2a9bc5280db4a65672a1bbcb,survface,survface:unknown_unknown_probe:distractors_1673,adaface-4df25b75e065b0b9ed43,pq,pq_512_m8_b8,pq_reconstruction_cosine,0.2,False,frozen_origin,0.4569460749626159,True,False,False,True,True,1.2738589858043907,True,high_error,1,8972,8
gradcam-ed26d9c7f56d92503061,population-2a9bc5280db4a65672a1bbcb,survface,survface:unknown_unknown_probe:distractors_3567,adaface-4df25b75e065b0b9ed43,pq,pq_512_m8_b8,pq_reconstruction_cosine,0.2,False,frozen_origin,0.1711426973342895,True,False,False,True,True,1.2672896538720233,True,high_error,2,8972,8
gradcam-fc1eed55f91b4ac52575,population-2a9bc5280db4a65672a1bbcb,survface,survface:registered_probe:5244_18,adaface-4df25b75e065b0b9ed43,pq,pq_512_m8_b8,pq_reconstruction_cosine,0.2,True,frozen_origin,-0.144050121307373,True,False,False,True,True,1.2519728273651594,True,high_error,3,8972,8
gradcam-eb48055a80af0c88b30b,population-2a9bc5280db4a65672a1bbcb,survface,survface:unknown_unknown_probe:distractors_5006,adaface-4df25b75e065b0b9ed43,pq,pq_512_m8_b8,pq_reconstruction_cosine,0.2,False,frozen_origin,0.1639161705970764,True,False,False,True,True,1.2479230330196311,True,high_error,4,8972,8
gradcam-29005b4581642d263dc4,population-2a9bc5280db4a65672a1bbcb,survface,survface:unknown_unknown_probe:2885_cam3_1,adaface-4df25b75e065b0b9ed43,pq,pq_512_m8_b8,pq_reconstruction_cosine,0.2,False,frozen_origin,0.3870595693588257,True,False,False,True,True,1.234582784533122,True,high_error,5,8972,8
gradcam-28f9a1934b4f84efa344,population-2a9bc5280db4a65672a1bbcb,survface,survface:unknown_unknown_probe:9230_cam2_51,adaface-4df25b75e065b0b9ed43,pq,pq_512_m8_b8,pq_reconstruction_cosine,0.2,False,frozen_origin,0.3152146935462951,True,False,False,True,True,1.2327295897905648,True,high_error,6,8972,8
gradcam-3c4815c8e5071c4543e7,population-2a9bc5280db4a65672a1bbcb,survface,survface:unknown_unknown_probe:distractors_5258,adaface-4df25b75e065b0b9ed43,pq,pq_512_m8_b8,pq_reconstruction_cosine,0.2,False,frozen_origin,0.2466766238212585,True,False,False,True,True,1.2265010763738549,True,high_error,7,8972,8
gradcam-8e3d3cd6cf7f0d333f2d,population-2a9bc5280db4a65672a1bbcb,survface,survface:registered_probe:1410_cam2_1,adaface-4df25b75e065b0b9ed43,pq,pq_512_m8_b8,pq_reconstruction_cosine,0.2,True,frozen_origin,0.3148061335086822,True,False,False,True,True,1.224576512697694,True,high_error,8,8972,8
gradcam-d239f06356fd2e742f6c,population-2a9bc5280db4a65672a1bbcb,survface,survface:registered_probe:2973_cam3_1,adaface-4df25b75e065b0b9ed43,pq,pq_512_m8_b8,pq_reconstruction_cosine,0.2,True,frozen_origin,0.1373712122440338,False,False,False,True,True,1.4305139028243194,True,rank_flip,1,8972,8
gradcam-75a7ccacdc2dfdaac15c,population-2a9bc5280db4a65672a1bbcb,survface,survface:registered_probe:2742_cam2_1,adaface-4df25b75e065b0b9ed43,pq,pq_512_m8_b8,pq_reconstruction_cosine,0.2,True,frozen_origin,0.0254105031490325,False,False,False,True,True,1.3491288800522754,True,rank_flip,2,8972,8
gradcam-b0a52f8ec520231d0ae2,population-2a9bc5280db4a65672a1bbcb,survface,survface:unknown_unknown_probe:2721_cam1_1,adaface-4df25b75e065b0b9ed43,pq,pq_512_m8_b8,pq_reconstruction_cosine,0.2,False,frozen_origin,0.2210979759693145,False,False,False,True,True,1.3341645069166184,True,rank_flip,3,8972,8
gradcam-c96e11ab00fdf1eb18b9,population-2a9bc5280db4a65672a1bbcb,survface,survface:registered_probe:5244_22,adaface-4df25b75e065b0b9ed43,pq,pq_512_m8_b8,pq_reconstruction_cosine,0.2,True,frozen_origin,-0.0620306730270385,False,False,False,True,True,1.3265242258445726,True,rank_flip,4,8972,8
gradcam-2b8044d772cbe2cfbd39,population-2a9bc5280db4a65672a1bbcb,survface,survface:unknown_unknown_probe:distractors_3934,adaface-4df25b75e065b0b9ed43,pq,pq_512_m8_b8,pq_reconstruction_cosine,0.2,False,frozen_origin,0.2104738354682922,False,False,False,True,True,1.325326777631491,True,rank_flip,5,8972,8
gradcam-4a5944789e55a5d09d72,population-2a9bc5280db4a65672a1bbcb,survface,survface:unknown_unknown_probe:2756_cam4_1,adaface-4df25b75e065b0b9ed43,pq,pq_512_m8_b8,pq_reconstruction_cosine,0.2,False,frozen_origin,0.262856513261795,False,False,False,True,True,1.322113990184303,True,rank_flip,6,8972,8
gradcam-1b7e7870bd72b71e00d2,population-2a9bc5280db4a65672a1bbcb,survface,survface:unknown_unknown_probe:distractors_2318,adaface-4df25b75e065b0b9ed43,pq,pq_512_m8_b8,pq_reconstruction_cosine,0.2,False,frozen_origin,0.2215783596038818,False,False,False,True,True,1.317466267431849,True,rank_flip,7,8972,8
gradcam-80c1fe3d1a76da87733e,population-2a9bc5280db4a65672a1bbcb,survface,survface:registered_probe:5244_28,adaface-4df25b75e065b0b9ed43,pq,pq_512_m8_b8,pq_reconstruction_cosine,0.2,True,frozen_origin,-0.1173356473445892,False,False,False,True,True,1.3169640793571649,True,rank_flip,8,8972,8
gradcam-ab24defd0caac30ba5ee,population-2a9bc5280db4a65672a1bbcb,survface,survface:unknown_unknown_probe:10216_cam2_15,adaface-4df25b75e065b0b9ed43,pq,pq_512_m8_b8,pq_reconstruction_cosine,0.2,False,frozen_origin,0.1664881706237793,True,False,False,True,True,0.4630012419836156,True,stable,1,8972,8
gradcam-c9775b9c9695063137a5,population-2a9bc5280db4a65672a1bbcb,survface,survface:unknown_unknown_probe:5872_cam1_52,adaface-4df25b75e065b0b9ed43,pq,pq_512_m8_b8,pq_reconstruction_cosine,0.2,False,frozen_origin,0.0319592952728271,True,False,False,True,True,0.4732883492907733,True,stable,2,8972,8
gradcam-bbe21b8e7dddb19d2177,population-2a9bc5280db4a65672a1bbcb,survface,survface:registered_probe:5395_cam2_13,adaface-4df25b75e065b0b9ed43,pq,pq_512_m8_b8,pq_reconstruction_cosine,0.2,True,frozen_origin,0.1310088038444519,True,False,False,True,True,0.4857598752267726,True,stable,3,8972,8
gradcam-66abb9a341e780f53493,population-2a9bc5280db4a65672a1bbcb,survface,survface:registered_probe:5852_cam2_3,adaface-4df25b75e065b0b9ed43,pq,pq_512_m8_b8,pq_reconstruction_cosine,0.2,True,frozen_origin,0.0400301218032836,True,False,False,True,True,0.4857990516308789,True,stable,4,8972,8
gradcam-6f2d61f37e5cec4a0feb,population-2a9bc5280db4a65672a1bbcb,survface,survface:unknown_unknown_probe:5751_cam2_41,adaface-4df25b75e065b0b9ed43,pq,pq_512_m8_b8,pq_reconstruction_cosine,0.2,False,frozen_origin,0.0408752560615539,True,False,False,True,True,0.4885888876697039,True,stable,5,8972,8
gradcam-284004dde598b8105350,population-2a9bc5280db4a65672a1bbcb,survface,survface:registered_probe:5647_cam1_47,adaface-4df25b75e065b0b9ed43,pq,pq_512_m8_b8,pq_reconstruction_cosine,0.2,True,frozen_origin,0.0674115419387817,True,False,False,True,True,0.4914093571309534,True,stable,6,8972,8
gradcam-c3a09a8f371dd3263999,population-2a9bc5280db4a65672a1bbcb,survface,survface:registered_probe:9060_cam2_52,adaface-4df25b75e065b0b9ed43,pq,pq_512_m8_b8,pq_reconstruction_cosine,0.2,True,frozen_origin,0.0289933085441589,True,False,False,True,True,0.4914275287782816,True,stable,7,8972,8
gradcam-a31d3798e2b379d4cccc,population-2a9bc5280db4a65672a1bbcb,survface,survface:unknown_unknown_probe:5751_cam2_38,adaface-4df25b75e065b0b9ed43,pq,pq_512_m8_b8,pq_reconstruction_cosine,0.2,False,frozen_origin,0.0374202728271484,True,False,False,True,True,0.4944151913702827,True,stable,8,8972,8
gradcam-9d951dbad6ee79f65d3b,population-2a9bc5280db4a65672a1bbcb,survface,survface:unknown_unknown_probe:distractors_3617,adaface-4df25b75e065b0b9ed43,pq,pq_512_m8_b8,pq_reconstruction_cosine,0.2,False,frozen_origin,0.5125171542167664,False,True,False,True,True,1.2442200710587568,True,threshold_crossing,1,8972,8
gradcam-6f4bf9f4ace91e391126,population-2a9bc5280db4a65672a1bbcb,survface,survface:registered_probe:5244_23,adaface-4df25b75e065b0b9ed43,pq,pq_512_m8_b8,pq_reconstruction_cosine,0.2,True,frozen_origin,-0.2530147433280945,False,True,False,True,True,1.2334024058834376,True,threshold_crossing,2,8972,8
gradcam-54d265584fbe1a0d5784,population-2a9bc5280db4a65672a1bbcb,survface,survface:unknown_unknown_probe:distractors_2037,adaface-4df25b75e065b0b9ed43,pq,pq_512_m8_b8,pq_reconstruction_cosine,0.2,False,frozen_origin,0.4076018035411834,False,True,False,True,True,1.224298477260538,True,threshold_crossing,3,8972,8
gradcam-dfac65c2b4d9e7107ebb,population-2a9bc5280db4a65672a1bbcb,survface,survface:unknown_unknown_probe:distractors_4199,adaface-4df25b75e065b0b9ed43,pq,pq_512_m8_b8,pq_reconstruction_cosine,0.2,False,frozen_origin,0.4330282509326935,False,True,False,True,True,1.2207340503690154,True,threshold_crossing,4,8972,8
gradcam-1bf92c57f38a2f3e699f,population-2a9bc5280db4a65672a1bbcb,survface,survface:registered_probe:9099_cam3_94,adaface-4df25b75e065b0b9ed43,pq,pq_512_m8_b8,pq_reconstruction_cosine,0.2,True,frozen_origin,0.4947368204593658,False,True,False,True,True,1.1924867404292538,True,threshold_crossing,5,8972,8
gradcam-457bfd79b9a8b8c58aba,population-2a9bc5280db4a65672a1bbcb,survface,survface:registered_probe:8767_cam1_25,adaface-4df25b75e065b0b9ed43,pq,pq_512_m8_b8,pq_reconstruction_cosine,0.2,True,frozen_origin,0.3742035031318664,False,True,False,True,True,1.177826163015138,True,threshold_crossing,6,8972,8
gradcam-b586b91f4db33e6b7901,population-2a9bc5280db4a65672a1bbcb,survface,survface:registered_probe:5206_26,adaface-4df25b75e065b0b9ed43,pq,pq_512_m8_b8,pq_reconstruction_cosine,0.2,True,frozen_origin,0.1656215190887451,True,True,False,True,True,1.1730497246881828,True,threshold_crossing,7,8972,8
gradcam-abdb78e741e980018ebb,population-2a9bc5280db4a65672a1bbcb,survface,survface:registered_probe:8344_cam1_88,adaface-4df25b75e065b0b9ed43,pq,pq_512_m8_b8,pq_reconstruction_cosine,0.2,True,frozen_origin,0.3874768018722534,True,True,False,True,True,1.1698405754699734,True,threshold_crossing,8,8972,8
gradcam-8ae6cd7f9c19d42522fd,population-2a9bc5280db4a65672a1bbcb,survface,survface:unknown_unknown_probe:distractors_3567,adaface-4df25b75e065b0b9ed43,pq,pq_512_m8_b8,pq_reconstruction_cosine,0.3,False,frozen_origin,0.1711426973342895,True,False,False,True,True,1.2672896538720233,True,high_error,1,8972,8
gradcam-0df00e3c193360483b47,population-2a9bc5280db4a65672a1bbcb,survface,survface:registered_probe:5244_18,adaface-4df25b75e065b0b9ed43,pq,pq_512_m8_b8,pq_reconstruction_cosine,0.3,True,frozen_origin,-0.144050121307373,True,False,False,True,True,1.2519728273651594,True,high_error,2,8972,8
gradcam-a75c57eb60314ade9e45,population-2a9bc5280db4a65672a1bbcb,survface,survface:unknown_unknown_probe:distractors_5006,adaface-4df25b75e065b0b9ed43,pq,pq_512_m8_b8,pq_reconstruction_cosine,0.3,False,frozen_origin,0.1639161705970764,True,False,False,True,True,1.2479230330196311,True,high_error,3,8972,8
gradcam-b23167de81e690cb1ba9,population-2a9bc5280db4a65672a1bbcb,survface,survface:unknown_unknown_probe:2885_cam3_1,adaface-4df25b75e065b0b9ed43,pq,pq_512_m8_b8,pq_reconstruction_cosine,0.3,False,frozen_origin,0.3870595693588257,True,False,False,True,True,1.234582784533122,True,high_error,4,8972,8
gradcam-48955df8dc1a6ead02b2,population-2a9bc5280db4a65672a1bbcb,survface,survface:unknown_unknown_probe:9230_cam2_51,adaface-4df25b75e065b0b9ed43,pq,pq_512_m8_b8,pq_reconstruction_cosine,0.3,False,frozen_origin,0.3152146935462951,True,False,False,True,True,1.2327295897905648,True,high_error,5,8972,8
gradcam-f6346222b78708c49554,population-2a9bc5280db4a65672a1bbcb,survface,survface:unknown_unknown_probe:distractors_5258,adaface-4df25b75e065b0b9ed43,pq,pq_512_m8_b8,pq_reconstruction_cosine,0.3,False,frozen_origin,0.2466766238212585,True,False,False,True,True,1.2265010763738549,True,high_error,6,8972,8
gradcam-e4449d045d4463ccd13c,population-2a9bc5280db4a65672a1bbcb,survface,survface:registered_probe:1410_cam2_1,adaface-4df25b75e065b0b9ed43,pq,pq_512_m8_b8,pq_reconstruction_cosine,0.3,True,frozen_origin,0.3148061335086822,True,False,False,True,True,1.224576512697694,True,high_error,7,8972,8
gradcam-c3022f5b6a5851a61280,population-2a9bc5280db4a65672a1bbcb,survface,survface:registered_probe:2681_cam2_1,adaface-4df25b75e065b0b9ed43,pq,pq_512_m8_b8,pq_reconstruction_cosine,0.3,True,frozen_origin,0.2229382395744323,True,False,False,True,True,1.223264960609242,True,high_error,8,8972,8
gradcam-845c317b80e234cfc604,population-2a9bc5280db4a65672a1bbcb,survface,survface:registered_probe:2973_cam3_1,adaface-4df25b75e065b0b9ed43,pq,pq_512_m8_b8,pq_reconstruction_cosine,0.3,True,frozen_origin,0.1373712122440338,False,False,False,True,True,1.4305139028243194,True,rank_flip,1,8972,8
gradcam-a1deea1e4c5e6de64206,population-2a9bc5280db4a65672a1bbcb,survface,survface:registered_probe:2742_cam2_1,adaface-4df25b75e065b0b9ed43,pq,pq_512_m8_b8,pq_reconstruction_cosine,0.3,True,frozen_origin,0.0254105031490325,False,False,False,True,True,1.3491288800522754,True,rank_flip,2,8972,8
gradcam-209fcb2dfd3764045a15,population-2a9bc5280db4a65672a1bbcb,survface,survface:unknown_unknown_probe:2721_cam1_1,adaface-4df25b75e065b0b9ed43,pq,pq_512_m8_b8,pq_reconstruction_cosine,0.3,False,frozen_origin,0.2210979759693145,False,False,False,True,True,1.3341645069166184,True,rank_flip,3,8972,8
gradcam-c30c212f31666fc87df9,population-2a9bc5280db4a65672a1bbcb,survface,survface:registered_probe:5244_22,adaface-4df25b75e065b0b9ed43,pq,pq_512_m8_b8,pq_reconstruction_cosine,0.3,True,frozen_origin,-0.0620306730270385,False,False,False,True,True,1.3265242258445726,True,rank_flip,4,8972,8
gradcam-b2ad89a2161212c5ebc4,population-2a9bc5280db4a65672a1bbcb,survface,survface:unknown_unknown_probe:distractors_3934,adaface-4df25b75e065b0b9ed43,pq,pq_512_m8_b8,pq_reconstruction_cosine,0.3,False,frozen_origin,0.2104738354682922,False,False,False,True,True,1.325326777631491,True,rank_flip,5,8972,8
gradcam-69e9c3236d1e3c43668f,population-2a9bc5280db4a65672a1bbcb,survface,survface:unknown_unknown_probe:2756_cam4_1,adaface-4df25b75e065b0b9ed43,pq,pq_512_m8_b8,pq_reconstruction_cosine,0.3,False,frozen_origin,0.262856513261795,False,False,False,True,True,1.322113990184303,True,rank_flip,6,8972,8
gradcam-e1a0f3ab3f4a81d7b264,population-2a9bc5280db4a65672a1bbcb,survface,survface:unknown_unknown_probe:distractors_2318,adaface-4df25b75e065b0b9ed43,pq,pq_512_m8_b8,pq_reconstruction_cosine,0.3,False,frozen_origin,0.2215783596038818,False,False,False,True,True,1.317466267431849,True,rank_flip,7,8972,8
gradcam-87f609003010b3ae440d,population-2a9bc5280db4a65672a1bbcb,survface,survface:registered_probe:5244_28,adaface-4df25b75e065b0b9ed43,pq,pq_512_m8_b8,pq_reconstruction_cosine,0.3,True,frozen_origin,-0.1173356473445892,False,False,False,True,True,1.3169640793571649,True,rank_flip,8,8972,8
gradcam-c27b631f5666228c7644,population-2a9bc5280db4a65672a1bbcb,survface,survface:unknown_unknown_probe:10216_cam2_15,adaface-4df25b75e065b0b9ed43,pq,pq_512_m8_b8,pq_reconstruction_cosine,0.3,False,frozen_origin,0.1664881706237793,True,False,False,True,True,0.4630012419836156,True,stable,1,8972,8
gradcam-d771199aa7651d2e5d4f,population-2a9bc5280db4a65672a1bbcb,survface,survface:unknown_unknown_probe:5872_cam1_52,adaface-4df25b75e065b0b9ed43,pq,pq_512_m8_b8,pq_reconstruction_cosine,0.3,False,frozen_origin,0.0319592952728271,True,False,False,True,True,0.4732883492907733,True,stable,2,8972,8
gradcam-ad346faf35df9a6ea2e2,population-2a9bc5280db4a65672a1bbcb,survface,survface:registered_probe:5395_cam2_13,adaface-4df25b75e065b0b9ed43,pq,pq_512_m8_b8,pq_reconstruction_cosine,0.3,True,frozen_origin,0.1310088038444519,True,False,False,True,True,0.4857598752267726,True,stable,3,8972,8
gradcam-a27ddb5b7b7417e6f7a2,population-2a9bc5280db4a65672a1bbcb,survface,survface:registered_probe:5852_cam2_3,adaface-4df25b75e065b0b9ed43,pq,pq_512_m8_b8,pq_reconstruction_cosine,0.3,True,frozen_origin,0.0400301218032836,True,False,False,True,True,0.4857990516308789,True,stable,4,8972,8
gradcam-38200bfb1974e1a1d1f0,population-2a9bc5280db4a65672a1bbcb,survface,survface:unknown_unknown_probe:5751_cam2_41,adaface-4df25b75e065b0b9ed43,pq,pq_512_m8_b8,pq_reconstruction_cosine,0.3,False,frozen_origin,0.0408752560615539,True,False,False,True,True,0.4885888876697039,True,stable,5,8972,8
gradcam-3a3afa65ff0690cb3184,population-2a9bc5280db4a65672a1bbcb,survface,survface:registered_probe:5647_cam1_47,adaface-4df25b75e065b0b9ed43,pq,pq_512_m8_b8,pq_reconstruction_cosine,0.3,True,frozen_origin,0.0674115419387817,True,False,False,True,True,0.4914093571309534,True,stable,6,8972,8
gradcam-8c3bda6ac8f62066cab8,population-2a9bc5280db4a65672a1bbcb,survface,survface:registered_probe:9060_cam2_52,adaface-4df25b75e065b0b9ed43,pq,pq_512_m8_b8,pq_reconstruction_cosine,0.3,True,frozen_origin,0.0289933085441589,True,False,False,True,True,0.4914275287782816,True,stable,7,8972,8
gradcam-a1ffbda91eb87a726f64,population-2a9bc5280db4a65672a1bbcb,survface,survface:unknown_unknown_probe:5751_cam2_38,adaface-4df25b75e065b0b9ed43,pq,pq_512_m8_b8,pq_reconstruction_cosine,0.3,False,frozen_origin,0.0374202728271484,True,False,False,True,True,0.4944151913702827,True,stable,8,8972,8
gradcam-7a3d11a1cce05b889507,population-2a9bc5280db4a65672a1bbcb,survface,survface:unknown_unknown_probe:distractors_1673,adaface-4df25b75e065b0b9ed43,pq,pq_512_m8_b8,pq_reconstruction_cosine,0.3,False,frozen_origin,0.4569460749626159,True,True,False,True,True,1.2738589858043907,True,threshold_crossing,1,8972,8
gradcam-a7d10b775d21ff4f9ad0,population-2a9bc5280db4a65672a1bbcb,survface,survface:unknown_unknown_probe:distractors_3617,adaface-4df25b75e065b0b9ed43,pq,pq_512_m8_b8,pq_reconstruction_cosine,0.3,False,frozen_origin,0.5125171542167664,False,True,False,True,True,1.2442200710587568,True,threshold_crossing,2,8972,8
gradcam-60e0e90a43b8ade2b673,population-2a9bc5280db4a65672a1bbcb,survface,survface:unknown_unknown_probe:distractors_4726,adaface-4df25b75e065b0b9ed43,pq,pq_512_m8_b8,pq_reconstruction_cosine,0.3,False,frozen_origin,0.4035360813140869,False,True,False,True,True,1.240307448204889,True,threshold_crossing,3,8972,8
gradcam-cebfef7c269e7aa6fea8,population-2a9bc5280db4a65672a1bbcb,survface,survface:registered_probe:5244_23,adaface-4df25b75e065b0b9ed43,pq,pq_512_m8_b8,pq_reconstruction_cosine,0.3,True,frozen_origin,-0.2530147433280945,False,True,False,True,True,1.2334024058834376,True,threshold_crossing,4,8972,8
gradcam-2127aaeeaeec72fc8d5e,population-2a9bc5280db4a65672a1bbcb,survface,survface:registered_probe:430_cam3_1,adaface-4df25b75e065b0b9ed43,pq,pq_512_m8_b8,pq_reconstruction_cosine,0.3,True,frozen_origin,0.3143513202667236,False,True,False,True,True,1.2309467966027006,True,threshold_crossing,5,8972,8
gradcam-8a56362e7be54825fc75,population-2a9bc5280db4a65672a1bbcb,survface,survface:unknown_unknown_probe:distractors_2037,adaface-4df25b75e065b0b9ed43,pq,pq_512_m8_b8,pq_reconstruction_cosine,0.3,False,frozen_origin,0.4076018035411834,False,True,False,True,True,1.224298477260538,True,threshold_crossing,6,8972,8
gradcam-f4b7d34c0637f7f6fe9b,population-2a9bc5280db4a65672a1bbcb,survface,survface:unknown_unknown_probe:9048_cam2_119,adaface-4df25b75e065b0b9ed43,pq,pq_512_m8_b8,pq_reconstruction_cosine,0.3,False,frozen_origin,0.4204816520214081,False,True,False,True,True,1.2209490867920922,True,threshold_crossing,7,8972,8
gradcam-dcd7d61660dc79efe294,population-2a9bc5280db4a65672a1bbcb,survface,survface:unknown_unknown_probe:distractors_4199,adaface-4df25b75e065b0b9ed43,pq,pq_512_m8_b8,pq_reconstruction_cosine,0.3,False,frozen_origin,0.4330282509326935,False,True,False,True,True,1.2207340503690154,True,threshold_crossing,8,8972,8
