schema_version,metric_contract,rank_k,model_uid,method,target_fpir,score_space,test_probe_count,test_non_mated_count,test_mated_count,false_accept_count,true_identification_at_rank_k_count,realized_fpir,fpir_wilson95_low,fpir_wilson95_high,tpir_at_rank_k,tpir_at_rank_k_wilson95_low,tpir_at_rank_k_wilson95_high,target_met_on_test,target_met_by_wilson_upper,threshold_fit_on_test,partition_seed,tpir_cluster95_low,tpir_cluster95_high
2,genuine-score-topk-v2,20,conditional-threshold-fe38950542524a982ea985f7,global_safe,0.01,negative_squared_l2_adc,182159,121736,60423,1400,1,0.011500295721889991,0.010916583996119403,0.012114836327925559,1.6549989242506992e-05,2.921485459104056e-06,9.374844928628428e-05,False,False,False,0,0.0,5.177124566255694e-05
2,genuine-score-topk-v2,20,conditional-threshold-a2c88db876f1680022ab97c7,fiqa_2bin,0.01,negative_squared_l2_adc,182159,121736,60423,1345,3,0.011048498389958599,0.010476544965829625,0.011651309206971348,4.964996772752098e-05,1.6885609984492088e-05,0.00014598007326325498,False,False,False,0,0.0,0.00013398483908531295
2,genuine-score-topk-v2,20,conditional-threshold-31be6f261451c18a50f7c1ce,fiqa_5bin,0.01,negative_squared_l2_adc,182159,121736,60423,1265,5,0.010391338634422029,0.009836940252590864,0.010976635882037036,8.274994621253496e-05,3.53463323530083e-05,0.00019371509939709752,False,False,False,0,1.6992392399603465e-05,0.00016519424390304597
2,genuine-score-topk-v2,20,continuous-threshold-f83a2a0527e10009dbbe0fdf,continuous_fiqa,0.01,negative_squared_l2_adc,182159,121736,60423,1326,52,0.010892422948018664,0.010324588999831893,0.011491124138902974,0.0008605994406103636,0.0006563861212638658,0.0011282754002916707,False,False,False,0,0.00047694378462871255,0.001364244030271185
2,genuine-score-topk-v2,20,continuous-threshold-d2ae664f71eb5c1a102c715f,continuous_fiqa_margin,0.01,negative_squared_l2_adc,182159,121736,60423,1326,52,0.010892422948018664,0.010324588999831893,0.011491124138902974,0.0008605994406103636,0.0006563861212638658,0.0011282754002916707,False,False,False,0,0.00047694378462871255,0.001364244030271185
2,genuine-score-topk-v2,20,continuous-threshold-769fd6f17cc4907644a3db44,continuous_fiqa_margin_distortion,0.01,negative_squared_l2_adc,182159,121736,60423,1686,136,0.013849641847933233,0.01320832133753788,0.014521642972975824,0.002250798536980951,0.001903275137841287,0.0026616078208133174,False,False,False,0,0.0011306479489165235,0.0037639429597972856
2,genuine-score-topk-v2,20,continuous-threshold-e92197122c72711740f155c9,continuous_fiqa_runnerup,0.01,negative_squared_l2_adc,182159,121736,60423,1259,519,0.010342051652756786,0.009788992666020176,0.010926012615744742,0.008589444416861129,0.007884250856455628,0.009357117940400676,False,False,False,0,0.005918028431432626,0.011576604479995513
2,genuine-score-topk-v2,20,conditional-threshold-20199803c131241c013596e5,global_safe,0.05,negative_squared_l2_adc,182159,121736,60423,6320,84,0.05191562068738911,0.05068343228664199,0.05317608738504706,0.0013901990963705875,0.0011231331307709146,0.0017206603668223621,False,False,False,0,0.0008405874554831001,0.0020547744085067437
2,genuine-score-topk-v2,20,conditional-threshold-24204183592dd231fcb61559,fiqa_2bin,0.05,negative_squared_l2_adc,182159,121736,60423,6055,97,0.049738778997174216,0.048531664844304545,0.050974308825936204,0.0016053489565231783,0.001316259832792415,0.0019578060300661933,True,False,False,0,0.0009827943418811377,0.002384524494672038
2,genuine-score-topk-v2,20,conditional-threshold-f6e1088feab1ca341e9c1b0f,fiqa_5bin,0.05,negative_squared_l2_adc,182159,121736,60423,6198,178,0.05091345206019583,0.04969272933775164,0.05216251632572347,0.0029458980851662445,0.0025442260294088865,0.0034107676477952513,False,False,False,0,0.0021469731125809853,0.0038462291493127744
2,genuine-score-topk-v2,20,continuous-threshold-82f52bc76a16a3f0b8e5e35f,continuous_fiqa,0.05,negative_squared_l2_adc,182159,121736,60423,6313,217,0.051858119208779654,0.05062658514864644,0.053117935194702474,0.0035913476656240172,0.0031449040031601237,0.00410090676984001,False,False,False,0,0.002654647358951964,0.00469837620665856
2,genuine-score-topk-v2,20,continuous-threshold-00d4d1952670a9bdc465cff4,continuous_fiqa_margin,0.05,negative_squared_l2_adc,182159,121736,60423,6313,217,0.051858119208779654,0.05062658514864644,0.053117935194702474,0.0035913476656240172,0.0031449040031601237,0.00410090676984001,False,False,False,0,0.002654647358951964,0.00469837620665856
2,genuine-score-topk-v2,20,continuous-threshold-287f036fd6d9c8023064ff95,continuous_fiqa_margin_distortion,0.05,negative_squared_l2_adc,182159,121736,60423,7539,401,0.061929092462377607,0.060588912877255464,0.0632969184010958,0.006636545686245304,0.006019771991712587,0.007316047643504551,False,False,False,0,0.004372020757066762,0.009505581396129307
2,genuine-score-topk-v2,20,continuous-threshold-47409461ab7b56db169594a7,continuous_fiqa_runnerup,0.05,negative_squared_l2_adc,182159,121736,60423,6144,881,0.05046986922520865,0.049254263642826646,0.051713844344881646,0.01458054052264866,0.013655181897333177,0.01556761737845006,False,False,False,0,0.010907863200884662,0.01857635574807602
2,genuine-score-topk-v2,20,conditional-threshold-6d3729216e6dde0c085b4bf1,global_safe,0.1,negative_squared_l2_adc,182159,121736,60423,11951,374,0.0981714529802195,0.0965126616418686,0.09985560344172777,0.006189695976697615,0.00559495624134399,0.0068472207890913055,True,True,False,0,0.004112097485582484,0.00850599851738911
2,genuine-score-topk-v2,20,conditional-threshold-0fde25b85be28b99e49514d1,fiqa_2bin,0.1,negative_squared_l2_adc,182159,121736,60423,11349,413,0.09322632581980679,0.09160586928286854,0.09487245356347543,0.006835145557155388,0.006208821484259725,0.007524172641971564,True,True,False,0,0.004496291369982036,0.009788507598323727
2,genuine-score-topk-v2,20,conditional-threshold-8b524b07c30ed391b6f9f253,fiqa_5bin,0.1,negative_squared_l2_adc,182159,121736,60423,11896,465,0.09771965564828809,0.09606431118547128,0.09940038774688108,0.007695744997765751,0.007029582953965229,0.008424500633327388,True,True,False,0,0.005997054213241394,0.009625923708048241
2,genuine-score-topk-v2,20,continuous-threshold-b6784f0b9d576a1716fe58e4,continuous_fiqa,0.1,negative_squared_l2_adc,182159,121736,60423,12097,541,0.09937076953407373,0.09770288090668491,0.1010639415965773,0.008953544180196282,0.008233047354140703,0.009736474676241547,True,False,False,0,0.006847857533063695,0.011391195152043402
2,genuine-score-topk-v2,20,continuous-threshold-a81aca96f96daf935428c60b,continuous_fiqa_margin,0.1,negative_squared_l2_adc,182159,121736,60423,12097,541,0.09937076953407373,0.09770288090668491,0.1010639415965773,0.008953544180196282,0.008233047354140703,0.009736474676241547,True,False,False,0,0.006847857533063695,0.011391195152043402
2,genuine-score-topk-v2,20,continuous-threshold-c454cf78a37c84e460b8cde8,continuous_fiqa_margin_distortion,0.1,negative_squared_l2_adc,182159,121736,60423,14429,691,0.11852697640796478,0.11672327063341054,0.12035475668259682,0.011436042566572331,0.010618771870291664,0.012315431297767493,False,False,False,0,0.00830005548126595,0.015165448132018988
2,genuine-score-topk-v2,20,continuous-threshold-2b4e26e984a382a7a5f06584,continuous_fiqa_runnerup,0.1,negative_squared_l2_adc,182159,121736,60423,12198,1147,0.10020043372543866,0.09852629598565907,0.10189980254079667,0.01898283766115552,0.017924929374571325,0.02010190445202563,False,False,False,0,0.014762998315038576,0.023575143735747858
2,genuine-score-topk-v2,20,conditional-threshold-6a1a7484accf9116393431fe,global_safe,0.2,negative_squared_l2_adc,182159,121736,60423,23466,1109,0.19276138529276468,0.1905551968990516,0.19498696330408172,0.018353938069940255,0.017313894019006036,0.019455220586046103,True,True,False,0,0.013247791586457443,0.024375398359685257
2,genuine-score-topk-v2,20,conditional-threshold-24e512d7d8e0b0fd69cab8de,fiqa_2bin,0.2,negative_squared_l2_adc,182159,121736,60423,22932,1187,0.18837484392455806,0.18618820713029435,0.19058114716803368,0.0196448372308558,0.01856845904772724,0.02078228974891689,True,True,False,0,0.014389346303488487,0.02588928085560345
2,genuine-score-topk-v2,20,conditional-threshold-9792521666be03021270b858,fiqa_5bin,0.2,negative_squared_l2_adc,182159,121736,60423,23562,1302,0.19354997699940857,0.19134032073081444,0.19577897311812656,0.021548085993744102,0.020420372818250414,0.022736631517279334,True,True,False,0,0.017004295637032825,0.026756014371998718
2,genuine-score-topk-v2,20,continuous-threshold-381655d8fc488350d9398a92,continuous_fiqa,0.2,negative_squared_l2_adc,182159,121736,60423,24084,1319,0.19783794440428468,0.19560967773313462,0.20008528031488568,0.021829435810866722,0.02069434165351153,0.02302532654428827,True,False,False,0,0.01697163389863475,0.027428418976163996
2,genuine-score-topk-v2,20,continuous-threshold-5fe8c83fd171cf56566d1ef3,continuous_fiqa_margin,0.2,negative_squared_l2_adc,182159,121736,60423,24084,1319,0.19783794440428468,0.19560967773313462,0.20008528031488568,0.021829435810866722,0.02069434165351153,0.02302532654428827,True,False,False,0,0.01697163389863475,0.027428418976163996
2,genuine-score-topk-v2,20,continuous-threshold-e6deebe46e063e7a50a00558,continuous_fiqa_margin_distortion,0.2,negative_squared_l2_adc,182159,121736,60423,27138,1312,0.22292501807189327,0.22059575502861375,0.22527176712666366,0.021713585886169173,0.02058152478418667,0.022906458293854876,False,False,False,0,0.017098472624936387,0.026845675060444437
2,genuine-score-topk-v2,20,continuous-threshold-dbccd156898c694edd1214ed,continuous_fiqa_runnerup,0.2,negative_squared_l2_adc,182159,121736,60423,24013,1501,0.19725471512124598,0.1950289555274288,0.1994995807617129,0.024841533853002997,0.023630406892992794,0.02611307441852166,True,True,False,0,0.01992079790955485,0.03004841299931051
2,genuine-score-topk-v2,20,conditional-threshold-a7c89b546d78fe387c6d902c,global_safe,0.3,negative_squared_l2_adc,182159,121736,60423,35114,1885,0.2884438456988894,0.28590563460723406,0.2909954079538989,0.03119672972212568,0.02984007732662551,0.03261298769734182,True,True,False,0,0.024247132698996556,0.039114920383486684
2,genuine-score-topk-v2,20,conditional-threshold-9f05d80310f064bb2bfda538,fiqa_2bin,0.3,negative_squared_l2_adc,182159,121736,60423,34456,1994,0.28303870670960113,0.28051506599684256,0.2855760397003169,0.033000678549558946,0.03160573698890279,0.03445499632844311,True,True,False,0,0.026046925716148802,0.04117347972139144
2,genuine-score-topk-v2,20,conditional-threshold-7ac018cd73db1688d3164e60,fiqa_5bin,0.3,negative_squared_l2_adc,182159,121736,60423,35108,2124,0.28839455871722414,0.2858564784814813,0.2909459932267886,0.03515217715108485,0.03371305044937221,0.036650406520627,True,True,False,0,0.028700458750615793,0.042284115694240794
2,genuine-score-topk-v2,20,continuous-threshold-ee34abbe8dd26b5ce647cfc2,continuous_fiqa,0.3,negative_squared_l2_adc,182159,121736,60423,35953,2105,0.2953358086350792,0.2927796582621319,0.29790487522434117,0.034837727355477216,0.033404963134511155,0.03632963422471564,True,True,False,0,0.028183735407515,0.042303247654049886
2,genuine-score-topk-v2,20,continuous-threshold-7637e541098a3bcbc1504e58,continuous_fiqa_margin,0.3,negative_squared_l2_adc,182159,121736,60423,35953,2105,0.2953358086350792,0.2927796582621319,0.29790487522434117,0.034837727355477216,0.033404963134511155,0.03632963422471564,True,True,False,0,0.028183735407515,0.042303247654049886
2,genuine-score-topk-v2,20,continuous-threshold-7d02dad4c4e54b9c6ec792dd,continuous_fiqa_margin_distortion,0.3,negative_squared_l2_adc,182159,121736,60423,39680,2032,0.3259512387461392,0.32332370784065373,0.32858975374920746,0.033629578140774205,0.03222156015403896,0.03509689238485174,False,False,False,0,0.027118624427838262,0.04065841169702118
2,genuine-score-topk-v2,20,continuous-threshold-79b51c98e945ffaba73544fa,continuous_fiqa_runnerup,0.3,negative_squared_l2_adc,182159,121736,60423,35999,1738,0.2957136754945127,0.29315656200988816,0.29828368134853445,0.02876388130347715,0.02746084227439991,0.030126835234644045,True,True,False,0,0.023430349181577288,0.03442572125330643
2,genuine-score-topk-v2,20,conditional-threshold-a33fdc87ecd16a409a1b5970,global_safe,0.01,negative_squared_l2_adc,182159,121736,60423,1280,1,0.010514556088585135,0.009956823465349832,0.01110317980143552,1.6549989242506992e-05,2.921485459104056e-06,9.374844928628428e-05,False,False,False,1,0.0,5.177124566255694e-05
2,genuine-score-topk-v2,20,conditional-threshold-a64c9fbdf1e11efef3918870,fiqa_2bin,0.01,negative_squared_l2_adc,182159,121736,60423,1186,2,0.009742393375829664,0.009205901145932234,0.010309825425999754,3.3099978485013984e-05,9.077254918429269e-06,0.00012069055407813844,True,False,False,1,0.0,0.00010354249132511387
2,genuine-score-topk-v2,20,conditional-threshold-36dadc84f2125a120f537424,fiqa_5bin,0.01,negative_squared_l2_adc,182159,121736,60423,1196,5,0.009824538345271736,0.00928574628228003,0.01039426504442359,8.274994621253496e-05,3.53463323530083e-05,0.00019371509939709752,True,False,False,1,1.6863833401033054e-05,0.000166429511061885
2,genuine-score-topk-v2,20,continuous-threshold-6932edb14faae5913ebb0f35,continuous_fiqa,0.01,negative_squared_l2_adc,182159,121736,60423,1207,48,0.009914897811658014,0.009373587321344305,0.010487137235608113,0.0007943994836403357,0.000599268008606345,0.001053002015944474,True,False,False,1,0.0004328234787852073,0.0012746361659356593
2,genuine-score-topk-v2,20,continuous-threshold-06c92defb8f0852131b29653,continuous_fiqa_margin,0.01,negative_squared_l2_adc,182159,121736,60423,1207,48,0.009914897811658014,0.009373587321344305,0.010487137235608113,0.0007943994836403357,0.000599268008606345,0.001053002015944474,True,False,False,1,0.0004328234787852073,0.0012746361659356593
2,genuine-score-topk-v2,20,continuous-threshold-51da1b43f6c535d413695792,continuous_fiqa_margin_distortion,0.01,negative_squared_l2_adc,182159,121736,60423,1673,129,0.01374285338765854,0.013104035893779425,0.014412358235531154,0.002134948612283402,0.0017972277477665546,0.002535970091129794,False,False,False,1,0.0010783370140711695,0.003509778282812714
2,genuine-score-topk-v2,20,continuous-threshold-a42d5f353bc0c814ddb121fa,continuous_fiqa_runnerup,0.01,negative_squared_l2_adc,182159,121736,60423,1259,523,0.010342051652756786,0.009788992666020176,0.010926012615744742,0.008655644373831158,0.007947644060767513,0.009426116233093512,False,False,False,1,0.005962821314317324,0.011636577198889678
2,genuine-score-topk-v2,20,conditional-threshold-db6fe492dc6e4284f614417f,global_safe,0.05,negative_squared_l2_adc,182159,121736,60423,6213,81,0.051036669514358944,0.04981452999363668,0.05228714280199588,0.0013405491286430664,0.001078801188894841,0.001665698685944897,False,False,False,1,0.0008041736768297146,0.0019694426155334815
2,genuine-score-topk-v2,20,conditional-threshold-3f8e0f9c5a51997d063fb7c5,fiqa_2bin,0.05,negative_squared_l2_adc,182159,121736,60423,5986,87,0.04917197870802392,0.04797149797972729,0.050400910882589176,0.0014398490640981083,0.0011675584988706596,0.001775528621476155,True,False,False,1,0.0008913537461393737,0.0021201148925987776
2,genuine-score-topk-v2,20,conditional-threshold-b9dc537fbacd126d73314225,fiqa_5bin,0.05,negative_squared_l2_adc,182159,121736,60423,6162,164,0.05061773017020438,0.04940041596465334,0.051863404581643895,0.0027141982357711467,0.0023297849654814145,0.003161838472206212,False,False,False,1,0.0019521260896138261,0.003550416404100394
2,genuine-score-topk-v2,20,continuous-threshold-0f4476b236dd56e63ab0239b,continuous_fiqa,0.05,negative_squared_l2_adc,182159,121736,60423,6151,215,0.050527370703818096,0.04931110030985632,0.05177200700619211,0.0035582476871390033,0.003113996346054972,0.004065618678442803,False,False,False,1,0.002605711948175369,0.004673116794359579
2,genuine-score-topk-v2,20,continuous-threshold-6214de6888465db7da84251f,continuous_fiqa_margin,0.05,negative_squared_l2_adc,182159,121736,60423,6151,215,0.050527370703818096,0.04931110030985632,0.05177200700619211,0.0035582476871390033,0.003113996346054972,0.004065618678442803,False,False,False,1,0.002605711948175369,0.004673116794359579
2,genuine-score-topk-v2,20,continuous-threshold-a695101590335f70b1474df5,continuous_fiqa_margin_distortion,0.05,negative_squared_l2_adc,182159,121736,60423,7562,404,0.06211802589209437,0.06077591334919729,0.06348777286512876,0.0066861956539728245,0.006067020893700952,0.007368092364269723,False,False,False,1,0.004452675910456596,0.00955523142740414
2,genuine-score-topk-v2,20,continuous-threshold-fe6c9633b81647f7cba65653,continuous_fiqa_runnerup,0.05,negative_squared_l2_adc,182159,121736,60423,6242,888,0.051274889925740946,0.05005001692663509,0.05252808165783521,0.014696390447346209,0.013767293703313897,0.015687190692227595,False,False,False,1,0.010997241553586914,0.018697597974644813
2,genuine-score-topk-v2,20,conditional-threshold-059f0d9b5bf3efe2f5f9eb05,global_safe,0.1,negative_squared_l2_adc,182159,121736,60423,11518,347,0.0946145758033778,0.09298322060879895,0.09627151459318566,0.0057428462671499265,0.00517096362294046,0.006377570802712992,True,True,False,1,0.003796619403454129,0.007949287056299225
2,genuine-score-topk-v2,20,conditional-threshold-9e1db0fac7ee034405a23163,fiqa_2bin,0.1,negative_squared_l2_adc,182159,121736,60423,11245,389,0.09237201813760926,0.09075832305434249,0.0940114383423765,0.00643794581533522,0.0058308688923385385,0.0071077762518644465,True,True,False,1,0.004210547579136258,0.009184991203494728
2,genuine-score-topk-v2,20,conditional-threshold-32f731a0ea2a0935bc59a7f6,fiqa_5bin,0.1,negative_squared_l2_adc,182159,121736,60423,11874,448,0.09753893671551554,0.09588497406448832,0.09921829840736646,0.007414395180643132,0.00676099515907414,0.008130424565948428,True,True,False,1,0.00570431111214661,0.00929197175392462
2,genuine-score-topk-v2,20,continuous-threshold-614aad25dfbdf664c8ac3635,continuous_fiqa,0.1,negative_squared_l2_adc,182159,121736,60423,11610,518,0.09537030952224486,0.09373306684083609,0.09703308810504756,0.008572894427618622,0.007868404282576754,0.009339866640028371,True,True,False,1,0.00656552238117773,0.010901578884991806
2,genuine-score-topk-v2,20,continuous-threshold-d4f5e9c3b6555baa36565991,continuous_fiqa_margin,0.1,negative_squared_l2_adc,182159,121736,60423,11610,518,0.09537030952224486,0.09373306684083609,0.09703308810504756,0.008572894427618622,0.007868404282576754,0.009339866640028371,True,True,False,1,0.00656552238117773,0.010901578884991806
2,genuine-score-topk-v2,20,continuous-threshold-ebb90c9fd26573ef7ee5c540,continuous_fiqa_margin_distortion,0.1,negative_squared_l2_adc,182159,121736,60423,14497,693,0.11908556220017086,0.11727814231289219,0.12091702133556226,0.011469142545057346,0.010650658871567376,0.01234974004499414,False,False,False,1,0.008317705286488555,0.015204429193035631
2,genuine-score-topk-v2,20,continuous-threshold-5022abfffaf42740cccd1db0,continuous_fiqa_runnerup,0.1,negative_squared_l2_adc,182159,121736,60423,12311,1155,0.10112867188013407,0.09944758485933139,0.10283493139604383,0.019115237575095576,0.018053608394934847,0.020238008425671535,False,False,False,1,0.014850402725921313,0.02370212686982879
2,genuine-score-topk-v2,20,conditional-threshold-6f29792932160bfab2b3bbf2,global_safe,0.2,negative_squared_l2_adc,182159,121736,60423,22410,1042,0.18408687651968195,0.1819197887928837,0.18627390130636504,0.017245088790692285,0.01623734614096669,0.018314210889256423,True,True,False,1,0.012392669578300063,0.022948822999135542
2,genuine-score-topk-v2,20,conditional-threshold-599522f444bf388521eec3bc,fiqa_2bin,0.2,negative_squared_l2_adc,182159,121736,60423,22486,1136,0.18471117828744169,0.18254121702881554,0.1869010372066976,0.018800787779487942,0.017748018173426375,0.0199147390364076,True,True,False,1,0.013701939216414797,0.02498848527678638
2,genuine-score-topk-v2,20,conditional-threshold-55d03378eb2bfc5dc993d15b,fiqa_5bin,0.2,negative_squared_l2_adc,182159,121736,60423,23400,1285,0.192219228494447,0.19001543251356678,0.19444244830807372,0.021266736176621486,0.020146455469036536,0.022447885004223175,True,True,False,1,0.016718752450568752,0.026423308720473368
2,genuine-score-topk-v2,20,continuous-threshold-49df18dd0550d35aa4603d29,continuous_fiqa,0.2,negative_squared_l2_adc,182159,121736,60423,23103,1277,0.18977952290201747,0.18758657657992342,0.19199204702499953,0.02113433626268143,0.020017571286503513,0.022311986192746755,True,True,False,1,0.01640714886799277,0.026591356415676882
2,genuine-score-topk-v2,20,continuous-threshold-bd4ace39b0623cfbc1da6691,continuous_fiqa_margin,0.2,negative_squared_l2_adc,182159,121736,60423,23103,1277,0.18977952290201747,0.18758657657992342,0.19199204702499953,0.02113433626268143,0.020017571286503513,0.022311986192746755,True,True,False,1,0.01640714886799277,0.026591356415676882
2,genuine-score-topk-v2,20,continuous-threshold-4b11fe0843a8dae31a105a64,continuous_fiqa_margin_distortion,0.2,negative_squared_l2_adc,182159,121736,60423,26976,1305,0.22159426956693173,0.21927004199270278,0.2239360671352742,0.021597735961471624,0.02046871654660715,0.022787581411676142,False,False,False,1,0.016971836159065043,0.02672034724124411
2,genuine-score-topk-v2,20,continuous-threshold-ddb1966cc41f244c48069274,continuous_fiqa_runnerup,0.2,negative_squared_l2_adc,182159,121736,60423,24260,1508,0.19928369586646513,0.19704924699365525,0.20153712273834581,0.024957383777700546,0.023743434058930007,0.0262317323723427,True,False,False,1,0.020005731041436287,0.030178275175232482
2,genuine-score-topk-v2,20,conditional-threshold-bbc5324d612c6b14b726a496,global_safe,0.3,negative_squared_l2_adc,182159,121736,60423,33404,1763,0.2743970559242952,0.2718976458354047,0.2769107036597787,0.02917763103453983,0.027865304035891304,0.030549820329432147,True,True,False,1,0.02251070241303458,0.03672637849089042
2,genuine-score-topk-v2,20,conditional-threshold-d2d639469a3d1052260a6fb0,fiqa_2bin,0.3,negative_squared_l2_adc,182159,121736,60423,33576,1918,0.27580994939869885,0.2733064978289083,0.2783275494483473,0.03174287936712841,0.03037450920480684,0.033170785669449414,True,True,False,1,0.02493719190401294,0.03994906200153718
2,genuine-score-topk-v2,20,conditional-threshold-659dfeb7bd57ccdb7a53a47e,fiqa_5bin,0.3,negative_squared_l2_adc,182159,121736,60423,34988,2112,0.2874088190839193,0.2848733636793305,0.28995769097167984,0.034953577280174765,0.03351846529270977,0.03644781718627528,True,True,False,1,0.028507532881750227,0.04216205855289864
2,genuine-score-topk-v2,20,continuous-threshold-d508b62a6463bc82945bac8f,continuous_fiqa,0.3,negative_squared_l2_adc,182159,121736,60423,34811,2046,0.28595485312479463,0.2834232962316027,0.2884999182599497,0.03386127799016931,0.03244847646615384,0.03533334631225338,True,True,False,1,0.027288700504736883,0.04117524347128919
2,genuine-score-topk-v2,20,continuous-threshold-d0bd2fd7fb0e268268659fdf,continuous_fiqa_margin,0.3,negative_squared_l2_adc,182159,121736,60423,34811,2046,0.28595485312479463,0.2834232962316027,0.2884999182599497,0.03386127799016931,0.03244847646615384,0.03533334631225338,True,True,False,1,0.027288700504736883,0.04117524347128919
2,genuine-score-topk-v2,20,continuous-threshold-9514ad77795d14d68715390a,continuous_fiqa_margin_distortion,0.3,negative_squared_l2_adc,182159,121736,60423,38953,1990,0.3199792994677006,0.31736465741161635,0.322605302506347,0.03293447859258891,0.031540921471668,0.03438742034867317,False,False,False,1,0.02650649877078738,0.03982048079033517
2,genuine-score-topk-v2,20,continuous-threshold-39564087e11712c5e598f08d,continuous_fiqa_runnerup,0.3,negative_squared_l2_adc,182159,121736,60423,36135,1738,0.2968308470789249,0.2942708984633499,0.29940361755996686,0.02876388130347715,0.02746084227439991,0.030126835234644045,True,True,False,1,0.02341496800236589,0.03444109047080428
2,genuine-score-topk-v2,20,conditional-threshold-fc8a5c22716fbfdce6d5c1e3,global_safe,0.01,negative_squared_l2_adc,182159,121736,60423,1365,1,0.01121278832884274,0.01063653092791019,0.01181989275443405,1.6549989242506992e-05,2.921485459104056e-06,9.374844928628428e-05,False,False,False,2,0.0,5.177124566255694e-05
2,genuine-score-topk-v2,20,conditional-threshold-764d08820d1ea750e32d96df,fiqa_2bin,0.01,negative_squared_l2_adc,182159,121736,60423,1300,2,0.010678846027469277,0.010116698909307349,0.011271873867021269,3.3099978485013984e-05,9.077254918429269e-06,0.00012069055407813844,False,False,False,2,0.0,0.00010354249132511387
2,genuine-score-topk-v2,20,conditional-threshold-71513b361359053b963d7797,fiqa_5bin,0.01,negative_squared_l2_adc,182159,121736,60423,1277,6,0.010489912597752513,0.00993284520602149,0.011077872634332367,9.929993545504196e-05,4.551082047240687e-05,0.00021664848552887834,False,False,False,2,3.249161738366138e-05,0.00018777381102497317
2,genuine-score-topk-v2,20,continuous-threshold-a2ffc1b0f977487ce8ac1e46,continuous_fiqa,0.01,negative_squared_l2_adc,182159,121736,60423,1293,46,0.010621344548859829,0.010060738496591856,0.01121283495139662,0.0007612995051553217,0.0005708484555131812,0.0010152258205352789,False,False,False,2,0.00041824769911061533,0.0012299200856708378
2,genuine-score-topk-v2,20,continuous-threshold-05eea0799841f49fd5a2040c,continuous_fiqa_margin,0.01,negative_squared_l2_adc,182159,121736,60423,1293,46,0.010621344548859829,0.010060738496591856,0.01121283495139662,0.0007612995051553217,0.0005708484555131812,0.0010152258205352789,False,False,False,2,0.00041824769911061533,0.0012299200856708378
2,genuine-score-topk-v2,20,continuous-threshold-373f005a3bffdff20ac1d9a2,continuous_fiqa_margin_distortion,0.01,negative_squared_l2_adc,182159,121736,60423,1694,120,0.01391535782348689,0.013272501985358816,0.014588890128972196,0.001985998709100839,0.0016612799910652799,0.0023740369795704538,False,False,False,2,0.0009746253394295718,0.0033084334650921032
2,genuine-score-topk-v2,20,continuous-threshold-70c5d210a429f3d871c57932,continuous_fiqa_runnerup,0.01,negative_squared_l2_adc,182159,121736,60423,1234,518,0.010136689229151606,0.009589246745122213,0.010715046649713619,0.008572894427618622,0.007868404282576754,0.009339866640028371,False,False,False,2,0.005918028431432626,0.011543731322721506
2,genuine-score-topk-v2,20,conditional-threshold-9b5a7f3de4b0ade21305a5c2,global_safe,0.05,negative_squared_l2_adc,182159,121736,60423,6121,81,0.050280935795491886,0.04906751771346048,0.05152273533827304,0.0013405491286430664,0.001078801188894841,0.001665698685944897,False,False,False,2,0.0008041736768297146,0.0019694426155334815
2,genuine-score-topk-v2,20,conditional-threshold-7e4f84ab68ef983fd3b25fb1,fiqa_2bin,0.05,negative_squared_l2_adc,182159,121736,60423,6022,93,0.04946770059801538,0.04826375343188366,0.05070008054761069,0.0015391489995531503,0.0012566709636137256,0.0018850034022401651,True,False,False,2,0.0009453802547831381,0.002298252320236957
2,genuine-score-topk-v2,20,conditional-threshold-8a0784df3881f21cd35e880a,fiqa_5bin,0.05,negative_squared_l2_adc,182159,121736,60423,6199,174,0.05092166655714004,0.04970084931911894,0.05217082481983334,0.0028796981281962166,0.002482885510031249,0.0033397166701681713,False,False,False,2,0.0020962030809603925,0.003762089366190051
2,genuine-score-topk-v2,20,continuous-threshold-5f9a5076d4ef445673e9251d,continuous_fiqa,0.05,negative_squared_l2_adc,182159,121736,60423,6105,214,0.05014950384438457,0.04893761033283241,0.0513897871112665,0.0035416976978964966,0.0030985463619451234,0.004047970788301472,False,False,False,2,0.0026161159136822046,0.004640092144650097
2,genuine-score-topk-v2,20,continuous-threshold-a96d188d5ce3ea955c029f0b,continuous_fiqa_margin,0.05,negative_squared_l2_adc,182159,121736,60423,6105,214,0.05014950384438457,0.04893761033283241,0.0513897871112665,0.0035416976978964966,0.0030985463619451234,0.004047970788301472,False,False,False,2,0.0026161159136822046,0.004640092144650097
2,genuine-score-topk-v2,20,continuous-threshold-4176bd0e044030ab68638a93,continuous_fiqa_margin_distortion,0.05,negative_squared_l2_adc,182159,121736,60423,7523,404,0.06179766051127029,0.0604588277026267,0.06316414796808996,0.0066861956539728245,0.006067020893700952,0.007368092364269723,False,False,False,2,0.004448951032829468,0.009575993207975331
2,genuine-score-topk-v2,20,continuous-threshold-49172b8a9ef4a49e52f32e95,continuous_fiqa_runnerup,0.05,negative_squared_l2_adc,182159,121736,60423,6289,888,0.05166097128211868,0.050431683912182695,0.05291855301971429,0.014696390447346209,0.013767293703313897,0.015687190692227595,False,False,False,2,0.011002833809926945,0.018714240219534006
2,genuine-score-topk-v2,20,conditional-threshold-530e778cf3846d3b575b2cad,global_safe,0.1,negative_squared_l2_adc,182159,121736,60423,11582,350,0.09514030360780706,0.09350484940450789,0.09680130822801518,0.005792496234877448,0.00521803040139009,0.006429797647016901,True,True,False,2,0.003845643871000441,0.008012777337510369
2,genuine-score-topk-v2,20,conditional-threshold-1357df0e6402c9ae4e3a9f03,fiqa_2bin,0.1,negative_squared_l2_adc,182159,121736,60423,11271,402,0.09258559505815864,0.09097020567418135,0.09422669608494388,0.006653095675487811,0.006035520614368213,0.007333396895100104,True,True,False,2,0.004350400542841856,0.009550218151114651
2,genuine-score-topk-v2,20,conditional-threshold-c9894a8869e4e92ac3a37d38,fiqa_5bin,0.1,negative_squared_l2_adc,182159,121736,60423,11866,449,0.09747322073996188,0.09581976100108562,0.09915208366695184,0.00743094516988564,0.00677678767909693,0.00814772992017682,True,True,False,2,0.005738384588539694,0.009317493257921106
2,genuine-score-topk-v2,20,continuous-threshold-9586286303886e7d8aa94385,continuous_fiqa,0.1,negative_squared_l2_adc,182159,121736,60423,11655,507,0.09573996188473417,0.09409985100080386,0.09740558534155212,0.008390844545951045,0.007694138273093363,0.009150056032748786,True,True,False,2,0.006434991840659004,0.010630274764241589
2,genuine-score-topk-v2,20,continuous-threshold-706c0c9933d55da31bf9e025,continuous_fiqa_margin,0.1,negative_squared_l2_adc,182159,121736,60423,11655,507,0.09573996188473417,0.09409985100080386,0.09740558534155212,0.008390844545951045,0.007694138273093363,0.009150056032748786,True,True,False,2,0.006434991840659004,0.010630274764241589
2,genuine-score-topk-v2,20,continuous-threshold-4ab9e34a5d0b6b04d7ef15cb,continuous_fiqa_margin_distortion,0.1,negative_squared_l2_adc,182159,121736,60423,14270,682,0.11722087139383584,0.1154259008625004,0.11903999885263797,0.011287092663389769,0.010475302914014722,0.012161019385783818,False,False,False,2,0.008190544231751732,0.015051137878357726
2,genuine-score-topk-v2,20,continuous-threshold-3146f7082c6e3048b2cafe39,continuous_fiqa_runnerup,0.1,negative_squared_l2_adc,182159,121736,60423,12345,1154,0.1014079647762371,0.09972479548565677,0.10311628893594199,0.01909868758585307,0.018037522771174902,0.020220996175180306,False,False,False,2,0.014833013527077785,0.02368016987360027
2,genuine-score-topk-v2,20,conditional-threshold-282fa3b8a137fffa47ce45cf,global_safe,0.2,negative_squared_l2_adc,182159,121736,60423,22735,1057,0.18675658802654926,0.1845772775838582,0.18895566704546865,0.01749333862932989,0.016478271520062433,0.018569753623928376,True,True,False,2,0.012578702536523337,0.023224732899835496
2,genuine-score-topk-v2,20,conditional-threshold-c900821216d1c3885002765c,fiqa_2bin,0.2,negative_squared_l2_adc,182159,121736,60423,22847,1174,0.18767661168430044,0.1854931284255823,0.1898798054571868,0.01942968737070321,0.018359275295524134,0.020561201135854662,True,True,False,2,0.0142204463579376,0.02561911739280088
2,genuine-score-topk-v2,20,conditional-threshold-1e349bef290160ae5a682493,fiqa_5bin,0.2,negative_squared_l2_adc,182159,121736,60423,23344,1271,0.1917592166655714,0.1895574559002942,0.19398043029462522,0.02103503632722639,0.01992091584153518,0.022210054392208016,True,True,False,2,0.016614307469343077,0.026192438513130672
2,genuine-score-topk-v2,20,continuous-threshold-e5d31a7e434b6e67d0a3452e,continuous_fiqa,0.2,negative_squared_l2_adc,182159,121736,60423,23364,1280,0.19192350660445553,0.18972101841808825,0.19414543728637434,0.02118398623040895,0.02006590148611847,0.022362949615885343,True,True,False,2,0.01642206851999417,0.026695884955066158
2,genuine-score-topk-v2,20,continuous-threshold-a6461c978b49265ba87a48af,continuous_fiqa_margin,0.2,negative_squared_l2_adc,182159,121736,60423,23364,1280,0.19192350660445553,0.18972101841808825,0.19414543728637434,0.02118398623040895,0.02006590148611847,0.022362949615885343,True,True,False,2,0.01642206851999417,0.026695884955066158
2,genuine-score-topk-v2,20,continuous-threshold-0642b432f038fc2eadd02588,continuous_fiqa_margin_distortion,0.2,negative_squared_l2_adc,182159,121736,60423,26740,1281,0.21965564828809883,0.2173388185169083,0.22199017039845806,0.021200536219651456,0.020082011918236622,0.022379937058018363,False,False,False,2,0.01674855544776979,0.026256610567076063
2,genuine-score-topk-v2,20,continuous-threshold-ae59aa3078dd2cad0ff3d710,continuous_fiqa_runnerup,0.2,negative_squared_l2_adc,182159,121736,60423,24251,1508,0.1992097653939673,0.19697563153610506,0.20146288191660158,0.024957383777700546,0.023743434058930007,0.0262317323723427,True,False,False,2,0.020004977843157024,0.03017775475377723
2,genuine-score-topk-v2,20,conditional-threshold-1ebcf5b903e68f7ef3c842e2,global_safe,0.3,negative_squared_l2_adc,182159,121736,60423,34267,1826,0.28148616678714594,0.2789667938159791,0.28401933001599633,0.03022028035681777,0.028884861646124162,0.03161542879702358,True,True,False,2,0.023382868876433698,0.03799624661922055
2,genuine-score-topk-v2,20,conditional-threshold-3c75479f51da2e6827ca4b7f,fiqa_2bin,0.3,negative_squared_l2_adc,182159,121736,60423,34476,1986,0.28320299664848525,0.2806789064925404,0.28574076871416226,0.032868278635618885,0.031476107490173766,0.03431984283316268,True,True,False,2,0.025996896535062458,0.041136804111219276
2,genuine-score-topk-v2,20,conditional-threshold-2178a762019f24e41f0074b2,fiqa_5bin,0.3,negative_squared_l2_adc,182159,121736,60423,34920,2103,0.2868502332917132,0.2843162718234969,0.28939764649506633,0.034804627376992206,0.03337253474196457,0.03629586686875988,True,True,False,2,0.02834740877830861,0.04196992725506143
2,genuine-score-topk-v2,20,continuous-threshold-588ffc83184fd853cafa8bce,continuous_fiqa,0.3,negative_squared_l2_adc,182159,121736,60423,34942,2051,0.28703095222448577,0.28449650690609485,0.289578837872966,0.03394402793638184,0.03252952239524281,0.0354177897544203,True,True,False,2,0.02736378128352488,0.041349420723652254
2,genuine-score-topk-v2,20,continuous-threshold-fbcaec0a7f1aeff96d828212,continuous_fiqa_margin,0.3,negative_squared_l2_adc,182159,121736,60423,34942,2051,0.28703095222448577,0.28449650690609485,0.289578837872966,0.03394402793638184,0.03252952239524281,0.0354177897544203,True,True,False,2,0.02736378128352488,0.041349420723652254
2,genuine-score-topk-v2,20,continuous-threshold-50a88879687e8709855b3534,continuous_fiqa_margin_distortion,0.3,negative_squared_l2_adc,182159,121736,60423,38873,1982,0.31932213971216405,0.316708945966712,0.3219467359130784,0.03280207867864886,0.03141129504890173,0.03425226377743001,False,False,False,2,0.026446877270804695,0.03972459061190569
2,genuine-score-topk-v2,20,continuous-threshold-0c02ff6e79060d7ac364b87a,continuous_fiqa_runnerup,0.3,negative_squared_l2_adc,182159,121736,60423,36177,1739,0.2971758559505816,0.2946150354971742,0.2997494764961835,0.02878043129271966,0.027477019352982683,0.03014375603031246,True,True,False,2,0.023430775075955482,0.034425735559685484
2,genuine-score-topk-v2,20,conditional-threshold-f902d200530e85e92ed8139b,global_safe,0.01,negative_squared_l2_adc,182159,121736,60423,1360,1,0.011171715844121705,0.010596531368841812,0.01177774993611661,1.6549989242506992e-05,2.921485459104056e-06,9.374844928628428e-05,False,False,False,3,0.0,5.177124566255694e-05
2,genuine-score-topk-v2,20,conditional-threshold-9ae67ff93c4c9c9e03450c70,fiqa_2bin,0.01,negative_squared_l2_adc,182159,121736,60423,1318,3,0.010826706972465006,0.010260616645301753,0.011423668689615807,4.964996772752098e-05,1.6885609984492088e-05,0.00014598007326325498,False,False,False,3,0.0,0.00013398483908531295
2,genuine-score-topk-v2,20,conditional-threshold-3c88a5350c95aec68b8c51f7,fiqa_5bin,0.01,negative_squared_l2_adc,182159,121736,60423,1292,12,0.010613130051915621,0.010052744502593226,0.011204400469918087,0.00019859987091008392,0.00011361521453519117,0.0003471313369731703,False,False,False,3,8.236913556668067e-05,0.0003524354862206328
2,genuine-score-topk-v2,20,continuous-threshold-fc9e2cb953605caa45e2f9b3,continuous_fiqa,0.01,negative_squared_l2_adc,182159,121736,60423,1300,50,0.010678846027469277,0.010116698909307349,0.011271873867021269,0.0008274994621253496,0.000627782406336486,0.0010906833667166916,False,False,False,3,0.00045450345682837594,0.001328239101642651
2,genuine-score-topk-v2,20,continuous-threshold-81096c1cea99f9f3a0befbc3,continuous_fiqa_margin,0.01,negative_squared_l2_adc,182159,121736,60423,1300,50,0.010678846027469277,0.010116698909307349,0.011271873867021269,0.0008274994621253496,0.000627782406336486,0.0010906833667166916,False,False,False,3,0.00045450345682837594,0.001328239101642651
2,genuine-score-topk-v2,20,continuous-threshold-47dd7847b9e1d4c41be88928,continuous_fiqa_margin_distortion,0.01,negative_squared_l2_adc,182159,121736,60423,1732,133,0.01422750870736676,0.01357741110295583,0.01490826307950739,0.00220114856925343,0.0018577946473732156,0.0026077946885278507,False,False,False,3,0.0011021871234381088,0.003681340817114822
2,genuine-score-topk-v2,20,continuous-threshold-9956f0cb6e9cb2a9aef5c6f0,continuous_fiqa_runnerup,0.01,negative_squared_l2_adc,182159,121736,60423,1183,514,0.009717749884997042,0.009181949547074008,0.010284491598426487,0.008506694470648593,0.007805024955444882,0.009270854470155522,True,False,False,3,0.0058485817907074095,0.011508426033996244
2,genuine-score-topk-v2,20,conditional-threshold-6b5cb56e68f94eab37d68e9c,global_safe,0.05,negative_squared_l2_adc,182159,121736,60423,6198,81,0.05091345206019583,0.04969272933775164,0.05216251632572347,0.0013405491286430664,0.001078801188894841,0.001665698685944897,False,False,False,3,0.0008041736768297146,0.0019694426155334815
2,genuine-score-topk-v2,20,conditional-threshold-9584c3156b5836b89d3e361a,fiqa_2bin,0.05,negative_squared_l2_adc,182159,121736,60423,6116,98,0.05023986331077085,0.0490269214069371,0.05148118926741061,0.0016218989457656853,0.001331178339394751,0.001975985397715037,False,False,False,3,0.0009905448996420149,0.0024037345699696095
2,genuine-score-topk-v2,20,conditional-threshold-302982635103fa5e74fc82fa,fiqa_5bin,0.05,negative_squared_l2_adc,182159,121736,60423,6152,167,0.050535585200762304,0.04931921986979884,0.051780315921726744,0.0027638482034986677,0.002375676300877021,0.003215240759564144,False,False,False,3,0.0019963077922718663,0.0036078868725577286
2,genuine-score-topk-v2,20,continuous-threshold-63a165bc4f1fa63788b4dd8e,continuous_fiqa,0.05,negative_squared_l2_adc,182159,121736,60423,6191,220,0.05085595058158638,0.04963588971803302,0.052104356617101936,0.0036409976333515383,0.003191284448901511,0.004153819946852161,False,False,False,3,0.0026802295985070414,0.004764159798847571
2,genuine-score-topk-v2,20,continuous-threshold-5e4e1ed36fd37b8f75a59811,continuous_fiqa_margin,0.05,negative_squared_l2_adc,182159,121736,60423,6191,220,0.05085595058158638,0.04963588971803302,0.052104356617101936,0.0036409976333515383,0.003191284448901511,0.004153819946852161,False,False,False,3,0.0026802295985070414,0.004764159798847571
2,genuine-score-topk-v2,20,continuous-threshold-60a477a2b759e15931fc246f,continuous_fiqa_margin_distortion,0.05,negative_squared_l2_adc,182159,121736,60423,7719,417,0.06340770191233489,0.062052489256212685,0.06479046760802804,0.0069013455141254156,0.00627186941520393,0.0075935162080320775,False,False,False,3,0.004579950075752012,0.009855586556372612
2,genuine-score-topk-v2,20,continuous-threshold-8b6824f99762d4a403ac3120,continuous_fiqa_runnerup,0.05,negative_squared_l2_adc,182159,121736,60423,6285,890,0.05162811329434185,0.050399200861292404,0.05288532216869592,0.014729490425831224,0.013799328471115745,0.01572135167292811,False,False,False,3,0.011035057205214345,0.01875350497597855
2,genuine-score-topk-v2,20,conditional-threshold-d320982473b2d6e0ca84195d,global_safe,0.1,negative_squared_l2_adc,182159,121736,60423,11754,357,0.09655319708221069,0.09490680261183203,0.09822505280276315,0.0059083461595749965,0.00532789618700121,0.006551616981164035,True,True,False,3,0.003921572025701939,0.008131734899795542
2,genuine-score-topk-v2,20,conditional-threshold-4b4f3ba32db589a90a3c6226,fiqa_2bin,0.1,negative_squared_l2_adc,182159,121736,60423,11493,425,0.09440921337977262,0.09277946355842454,0.09606455975663097,0.007033745428065472,0.006398011090601076,0.007732157526644369,True,True,False,3,0.004683410170936608,0.009972904652221847
2,genuine-score-topk-v2,20,conditional-threshold-2fb0d634cc188a568fc11028,fiqa_5bin,0.1,negative_squared_l2_adc,182159,121736,60423,11808,449,0.09699677991719786,0.09534697325485535,0.09867201983550662,0.00743094516988564,0.00677678767909693,0.00814772992017682,True,True,False,3,0.005723035249907719,0.009393182859838868
2,genuine-score-topk-v2,20,continuous-threshold-d7d925d25cc5e87fa315c35b,continuous_fiqa,0.1,negative_squared_l2_adc,182159,121736,60423,11941,535,0.09808930801077742,0.0964311425658178,0.09977283776300691,0.00885424424474124,0.008137888944297358,0.009633045840577815,True,True,False,3,0.006768353598530816,0.011279136631333144
2,genuine-score-topk-v2,20,continuous-threshold-c8c2dfeb98f3be33be5c517e,continuous_fiqa_margin,0.1,negative_squared_l2_adc,182159,121736,60423,11941,535,0.09808930801077742,0.0964311425658178,0.09977283776300691,0.00885424424474124,0.008137888944297358,0.009633045840577815,True,True,False,3,0.006768353598530816,0.011279136631333144
2,genuine-score-topk-v2,20,continuous-threshold-1f2999af0adec0db4082275f,continuous_fiqa_margin_distortion,0.1,negative_squared_l2_adc,182159,121736,60423,14592,701,0.11986593940987054,0.11805335226298248,0.12170251655580251,0.011601542458997402,0.010778224853072477,0.012486957057498475,False,False,False,3,0.008413453498347703,0.015367548854023708
2,genuine-score-topk-v2,20,continuous-threshold-c0055b1b30e54d371099c821,continuous_fiqa_runnerup,0.1,negative_squared_l2_adc,182159,121736,60423,12367,1154,0.10158868370900966,0.09990416919015627,0.10329834169194008,0.01909868758585307,0.018037522771174902,0.020220996175180306,False,False,False,3,0.014833013527077785,0.02368016987360027
2,genuine-score-topk-v2,20,conditional-threshold-a4866945513bd83dc124ece6,global_safe,0.2,negative_squared_l2_adc,182159,121736,60423,23161,1083,0.19025596372478148,0.18806088778523727,0.19247058739736117,0.017923638349635073,0.016896003841660148,0.019012566032861323,True,True,False,3,0.012853472472372167,0.023843482438693227
2,genuine-score-topk-v2,20,conditional-threshold-b16a68a537e812cfe884ccee,fiqa_2bin,0.2,negative_squared_l2_adc,182159,121736,60423,23252,1207,0.19100348294670436,0.18880507632875612,0.19322139012226422,0.01997583701570594,0.01889034734542261,0.021122358936245103,True,True,False,3,0.014735309983024886,0.026231707177669226
2,genuine-score-topk-v2,20,conditional-threshold-3e36c799605dbca81c53a7de,fiqa_5bin,0.2,negative_squared_l2_adc,182159,121736,60423,23414,1279,0.1923342314516659,0.1901299274262758,0.19455795205204499,0.021167436241166442,0.020049791236650526,0.022345961991102104,True,True,False,3,0.016596140662783955,0.026387775563699478
2,genuine-score-topk-v2,20,continuous-threshold-695419bc550443215507380d,continuous_fiqa,0.2,negative_squared_l2_adc,182159,121736,60423,23816,1309,0.19563645922323716,0.19341769566354472,0.1978744309565958,0.02166393591844165,0.020533177335762907,0.022855512119525103,True,True,False,3,0.016803021444380447,0.02727058683340816
2,genuine-score-topk-v2,20,continuous-threshold-1c61268727137b1b1590a84d,continuous_fiqa_margin,0.2,negative_squared_l2_adc,182159,121736,60423,23816,1309,0.19563645922323716,0.19341769566354472,0.1978744309565958,0.02166393591844165,0.020533177335762907,0.022855512119525103,True,True,False,3,0.016803021444380447,0.02727058683340816
2,genuine-score-topk-v2,20,continuous-threshold-8d059b46a11e91a959398d0f,continuous_fiqa_margin_distortion,0.2,negative_squared_l2_adc,182159,121736,60423,27324,1319,0.22445291450351582,0.22211791251718122,0.22680530607684862,0.021829435810866722,0.02069434165351153,0.02302532654428827,False,False,False,3,0.01719743347782975,0.02700534002916067
2,genuine-score-topk-v2,20,continuous-threshold-004cddb0ed790521e78ab21b,continuous_fiqa_runnerup,0.2,negative_squared_l2_adc,182159,121736,60423,24258,1508,0.19926726687257673,0.19703288799268087,0.2015206247883659,0.024957383777700546,0.023743434058930007,0.0262317323723427,True,False,False,3,0.019988461657294877,0.030177347448347037
2,genuine-score-topk-v2,20,conditional-threshold-be5c65f0e97a37b58a265a92,global_safe,0.3,negative_squared_l2_adc,182159,121736,60423,34799,1862,0.28585627916146417,0.2833249877371262,0.2884010850487002,0.03081607996954802,0.02946766120222541,0.032224152713964796,True,True,False,3,0.023866403521411585,0.038742127305691855
2,genuine-score-topk-v2,20,conditional-threshold-d6fe739f8b84b0b0b04dfcda,fiqa_2bin,0.3,negative_squared_l2_adc,182159,121736,60423,34997,2026,0.28748274955641717,0.2849470967793824,0.29003181415092244,0.03353027820531917,0.032124315882938535,0.0349955494104451,True,True,False,3,0.026529466308509407,0.041767128814883606
2,genuine-score-topk-v2,20,conditional-threshold-5ff48e9ee5ec8b4ac81a809f,fiqa_5bin,0.3,negative_squared_l2_adc,182159,121736,60423,35302,2129,0.28998817112440034,0.28744587843630076,0.2925437175145389,0.035234927097297385,0.0337941313162555,0.036734815024999604,True,True,False,3,0.028767229423591143,0.04237854513801748
2,genuine-score-topk-v2,20,continuous-threshold-bb903a04fdc2356e9e319c92,continuous_fiqa,0.3,negative_squared_l2_adc,182159,121736,60423,35710,2100,0.29333968587763687,0.29078865834919493,0.2959037555963275,0.034754977409264684,0.033323892817892393,0.03624521517007851,True,True,False,3,0.028075842027415004,0.04223852311103095
2,genuine-score-topk-v2,20,continuous-threshold-65af5eda40bcd72a72a27f53,continuous_fiqa_margin,0.3,negative_squared_l2_adc,182159,121736,60423,35710,2100,0.29333968587763687,0.29078865834919493,0.2959037555963275,0.034754977409264684,0.033323892817892393,0.03624521517007851,True,True,False,3,0.028075842027415004,0.04223852311103095
2,genuine-score-topk-v2,20,continuous-threshold-4792eb36d19ac65dead7f793,continuous_fiqa_margin_distortion,0.3,negative_squared_l2_adc,182159,121736,60423,39683,2032,0.3259758822369718,0.323348299157401,0.32861444785889166,0.033629578140774205,0.03222156015403896,0.03509689238485174,False,False,False,3,0.027127976765711385,0.04063788715898689
2,genuine-score-topk-v2,20,continuous-threshold-ed0353357486396b6d95d52d,continuous_fiqa_runnerup,0.3,negative_squared_l2_adc,182159,121736,60423,36238,1740,0.29767694026417824,0.29511485668826,0.3002517923092046,0.028796981281962168,0.027493196548297478,0.030160676709248848,True,False,False,3,0.023481510655732108,0.034470244582053486
2,genuine-score-topk-v2,20,conditional-threshold-1e5dda5f21fa5265847eb772,global_safe,0.01,negative_squared_l2_adc,182159,121736,60423,1323,1,0.010867779457186042,0.010300598729417281,0.011465828982886096,1.6549989242506992e-05,2.921485459104056e-06,9.374844928628428e-05,False,False,False,4,0.0,5.177124566255694e-05
2,genuine-score-topk-v2,20,conditional-threshold-17b246c49a84421f91ae48a9,fiqa_2bin,0.01,negative_squared_l2_adc,182159,121736,60423,1312,2,0.010777419990799763,0.01021264096395869,0.01137307351809589,3.3099978485013984e-05,9.077254918429269e-06,0.00012069055407813844,False,False,False,4,0.0,0.00010354249132511387
2,genuine-score-topk-v2,20,conditional-threshold-1f653b5bc79a17a487e2d7c3,fiqa_5bin,0.01,negative_squared_l2_adc,182159,121736,60423,1253,5,0.010292764671091543,0.009741048370286878,0.01087538605861506,8.274994621253496e-05,3.53463323530083e-05,0.00019371509939709752,False,False,False,4,1.6863833401033054e-05,0.000166429511061885
2,genuine-score-topk-v2,20,continuous-threshold-72c5a646e79640bffda79e40,continuous_fiqa,0.01,negative_squared_l2_adc,182159,121736,60423,1292,44,0.010613130051915621,0.010052744502593226,0.011204400469918087,0.0007281995266703076,0.0005425298697099643,0.000977348657836137,False,False,False,4,0.00039776358206265484,0.0011777433173670822
2,genuine-score-topk-v2,20,continuous-threshold-d75cfea36fcefa0ceaa5affc,continuous_fiqa_margin,0.01,negative_squared_l2_adc,182159,121736,60423,1292,44,0.010613130051915621,0.010052744502593226,0.011204400469918087,0.0007281995266703076,0.0005425298697099643,0.000977348657836137,False,False,False,4,0.00039776358206265484,0.0011777433173670822
2,genuine-score-topk-v2,20,continuous-threshold-a2ae0fc237fa6b6f28518931,continuous_fiqa_margin_distortion,0.01,negative_squared_l2_adc,182159,121736,60423,1708,126,0.01403036078070579,0.013384827174751961,0.01470656359625934,0.002085298644555881,0.0017518600209111249,0.0024820441952316855,False,False,False,4,0.0010447574354940457,0.0034668542177220592
2,genuine-score-topk-v2,20,continuous-threshold-c9b02305b5be2a6a5842068e,continuous_fiqa_runnerup,0.01,negative_squared_l2_adc,182159,121736,60423,1220,522,0.010021686271932707,0.009477414627459994,0.010596880110695553,0.00863909438458865,0.00793179472730457,0.009408867692305273,False,False,False,4,0.005939084042745955,0.011659159321277852
2,genuine-score-topk-v2,20,conditional-threshold-f3c0d280e9578ad5ee0f93e8,global_safe,0.05,negative_squared_l2_adc,182159,121736,60423,6048,80,0.04968127751856476,0.048474834309117865,0.050916140032782733,0.0013239991394005594,0.00106404551651773,0.001647356484070829,True,False,False,4,0.0007994036945227367,0.0019292301235914015
2,genuine-score-topk-v2,20,conditional-threshold-2d7284da96eb4a207861a53f,fiqa_2bin,0.05,negative_squared_l2_adc,182159,121736,60423,5989,91,0.049196622198856545,0.047995852138286985,0.050425842150460976,0.0015060490210681364,0.0012269295265021885,0.0018485490908493438,True,False,False,4,0.0009256477528117241,0.002235739762185245
2,genuine-score-topk-v2,20,conditional-threshold-190e57642dc20cfa0758b856,fiqa_5bin,0.05,negative_squared_l2_adc,182159,121736,60423,6080,177,0.049944141420779395,0.048734634724167114,0.051182050833002715,0.0029293480959237377,0.0025288857240994434,0.003393010078853516,True,False,False,4,0.0021523489088861817,0.0038163360062042086
2,genuine-score-topk-v2,20,continuous-threshold-7069529220bb4f36b06515af,continuous_fiqa,0.05,negative_squared_l2_adc,182159,121736,60423,6098,214,0.05009200236577512,0.04888077658687362,0.05133162152888515,0.0035416976978964966,0.0030985463619451234,0.004047970788301472,False,False,False,4,0.00261619875589195,0.004636802001712609
2,genuine-score-topk-v2,20,continuous-threshold-81c8752d81949807e8ac2d4a,continuous_fiqa_margin,0.05,negative_squared_l2_adc,182159,121736,60423,6098,214,0.05009200236577512,0.04888077658687362,0.05133162152888515,0.0035416976978964966,0.0030985463619451234,0.004047970788301472,False,False,False,4,0.00261619875589195,0.004636802001712609
2,genuine-score-topk-v2,20,continuous-threshold-08031ed5083176fbb758cf6c,continuous_fiqa_margin_distortion,0.05,negative_squared_l2_adc,182159,121736,60423,7486,394,0.061493724124334626,0.06015801239922007,0.06285710967884155,0.006520695761547755,0.005909560303940816,0.007194574211518067,False,False,False,4,0.004302094554509805,0.0093532577548777
2,genuine-score-topk-v2,20,continuous-threshold-a1346a8f6ff87992c7d56086,continuous_fiqa_runnerup,0.05,negative_squared_l2_adc,182159,121736,60423,6262,890,0.05143917986462509,0.050212426037749745,0.05269424205626382,0.014729490425831224,0.013799328471115745,0.01572135167292811,False,False,False,4,0.011044829341259792,0.01871604464703412
2,genuine-score-topk-v2,20,conditional-threshold-da611caa9dfdf61f0ac5b0ba,global_safe,0.1,negative_squared_l2_adc,182159,121736,60423,11329,336,0.09306203588092266,0.09144287636937956,0.09470687696742114,0.00556079638548235,0.004998483602829529,0.00618597420606095,True,True,False,4,0.0036679836315022464,0.007703450742541864
2,genuine-score-topk-v2,20,conditional-threshold-6dbc6c0723911f51027bb6c1,fiqa_2bin,0.1,negative_squared_l2_adc,182159,121736,60423,11194,398,0.09195307879345468,0.09034271481756675,0.09358919432981688,0.006586895718517783,0.005972532236927098,0.007263993775536502,True,True,False,4,0.004278162204828573,0.009500303337442922
2,genuine-score-topk-v2,20,conditional-threshold-8697c9a7ef09b57b0c780f0d,fiqa_5bin,0.1,negative_squared_l2_adc,182159,121736,60423,11578,443,0.09510744562003023,0.09347224715345398,0.09676819657716043,0.007331645234430598,0.0066820455466741905,0.00804388480709248,True,True,False,4,0.005638394503559708,0.009263691771284562
2,genuine-score-topk-v2,20,continuous-threshold-0711641487c0232bdbd91160,continuous_fiqa,0.1,negative_squared_l2_adc,182159,121736,60423,11599,508,0.09527995005585858,0.09364340964072786,0.096942032074907,0.008407394535193551,0.007709977092377546,0.009167315087715781,True,True,False,4,0.006454583889224395,0.01067132068462256
2,genuine-score-topk-v2,20,continuous-threshold-09c734ecd83fbae40e99da34,continuous_fiqa_margin,0.1,negative_squared_l2_adc,182159,121736,60423,11599,508,0.09527995005585858,0.09364340964072786,0.096942032074907,0.008407394535193551,0.007709977092377546,0.009167315087715781,True,True,False,4,0.006454583889224395,0.01067132068462256
2,genuine-score-topk-v2,20,continuous-threshold-dfe8b32b201aaadbd76753fc,continuous_fiqa_margin_distortion,0.1,negative_squared_l2_adc,182159,121736,60423,14123,678,0.1160133403430374,0.1142265097896936,0.11782440403030174,0.01122089270641974,0.010411550906176202,0.01209237989661762,False,False,False,4,0.008097789417205367,0.01492154135151864
2,genuine-score-topk-v2,20,continuous-threshold-bfbb577f337729539e31c19e,continuous_fiqa_runnerup,0.1,negative_squared_l2_adc,182159,121736,60423,12324,1157,0.10123546034040876,0.09955357668652046,0.10294250975005786,0.01914833755358059,0.018085780279354674,0.02027203228975407,False,False,False,4,0.014884969833963101,0.023747035012404785
2,genuine-score-topk-v2,20,conditional-threshold-d8f5488ebecd7e668a15416d,global_safe,0.2,negative_squared_l2_adc,182159,121736,60423,22485,1047,0.18470296379049747,0.18253304028061618,0.1868927854794198,0.01732783873690482,0.016317648480331286,0.018399397921147725,True,True,False,4,0.012464907855436066,0.023082310500132597
2,genuine-score-topk-v2,20,conditional-threshold-6615999722ea2ca662fe481c,fiqa_2bin,0.2,negative_squared_l2_adc,182159,121736,60423,22490,1157,0.18474403627521852,0.18257392403782657,0.18693404409959524,0.01914833755358059,0.018085780279354674,0.02027203228975407,True,True,False,4,0.01398153469891825,0.025365175200083006
2,genuine-score-topk-v2,20,conditional-threshold-7c96cec984a4194ad458774d,fiqa_5bin,0.2,negative_squared_l2_adc,182159,121736,60423,23122,1278,0.18993559834395743,0.18774195380704312,0.19214881083194602,0.021150886251923937,0.020033681170042252,0.022328974183459197,True,True,False,4,0.016599847488802062,0.026451946229680733
2,genuine-score-topk-v2,20,continuous-threshold-701f5e1776ae1d7d4fb318ed,continuous_fiqa,0.2,negative_squared_l2_adc,182159,121736,60423,23127,1276,0.18997667082867845,0.1877828426452478,0.19219006437112707,0.021117786273438924,0.02000146158624458,0.022294998018754515,True,True,False,4,0.016405532292514402,0.026559858117407357
2,genuine-score-topk-v2,20,continuous-threshold-07d20e307580f10e3ed76d13,continuous_fiqa_margin,0.2,negative_squared_l2_adc,182159,121736,60423,23127,1276,0.18997667082867845,0.1877828426452478,0.19219006437112707,0.021117786273438924,0.02000146158624458,0.022294998018754515,True,True,False,4,0.016405532292514402,0.026559858117407357
2,genuine-score-topk-v2,20,continuous-threshold-b3aa1d2fd54b4efb1a189948,continuous_fiqa_margin_distortion,0.2,negative_squared_l2_adc,182159,121736,60423,26548,1276,0.21807846487481106,0.2157677084870311,0.22040701313671987,0.021117786273438924,0.02000146158624458,0.022294998018754515,False,False,False,4,0.01659964062830305,0.026219028675936798
2,genuine-score-topk-v2,20,continuous-threshold-80e6b60c47cdbbe892b8e49a,continuous_fiqa_runnerup,0.2,negative_squared_l2_adc,182159,121736,60423,24283,1506,0.1994726292961819,0.1972373759321084,0.2017268487358674,0.02492428379921553,0.023711139862409622,0.026197830820360722,True,False,False,4,0.019971873396546578,0.03017701297395346
2,genuine-score-topk-v2,20,conditional-threshold-cd628cac192f96333c0604e1,global_safe,0.3,negative_squared_l2_adc,182159,121736,60423,33745,1784,0.2771981993822698,0.2746908074102085,0.27971965222268763,0.029525180808632475,0.028205107247948773,0.03090507247664944,True,True,False,4,0.022783963299007663,0.03717197560215217
2,genuine-score-topk-v2,20,conditional-threshold-3ad485ed1177468d882c66a0,fiqa_2bin,0.3,negative_squared_l2_adc,182159,121736,60423,33911,1939,0.27856180587500823,0.27605057282768086,0.28108701373442446,0.03209042914122106,0.03071465980385274,0.03352569042967829,True,True,False,4,0.025296643824917205,0.040339289823756785
2,genuine-score-topk-v2,20,conditional-threshold-2e0e74259aa2be23c00dd32c,fiqa_5bin,0.3,negative_squared_l2_adc,182159,121736,60423,34760,2083,0.2855359137806401,0.28300548615200793,0.28807987609020913,0.034473627592142064,0.03304827039215673,0.035958173733544124,True,True,False,4,0.028117526239117462,0.04153145274824025
2,genuine-score-topk-v2,20,continuous-threshold-b3c95b4f8cc73d02469d8cc8,continuous_fiqa,0.3,negative_squared_l2_adc,182159,121736,60423,34773,2036,0.28564270224091476,0.28311198650666247,0.28818694591675775,0.03369577809774424,0.032286391531494006,0.035164452504401415,True,True,False,4,0.027153183384564527,0.04100390451780576
2,genuine-score-topk-v2,20,continuous-threshold-d8496c60d33d883e9fd1d1f0,continuous_fiqa_margin,0.3,negative_squared_l2_adc,182159,121736,60423,34773,2036,0.28564270224091476,0.28311198650666247,0.28818694591675775,0.03369577809774424,0.032286391531494006,0.035164452504401415,True,True,False,4,0.027153183384564527,0.04100390451780576
2,genuine-score-topk-v2,20,continuous-threshold-f4937141151df8cca6c50a93,continuous_fiqa_margin_distortion,0.3,negative_squared_l2_adc,182159,121736,60423,38908,1996,0.3196096471052113,0.31699581898803875,0.3222348595334522,0.033033778528043956,0.03163814532202848,0.034488783743819765,False,False,False,4,0.026633103786577277,0.039947915728981744
2,genuine-score-topk-v2,20,continuous-threshold-8fc3fca19ad118553c4b01ac,continuous_fiqa_runnerup,0.3,negative_squared_l2_adc,182159,121736,60423,36249,1739,0.2977672997305645,0.29520498877115564,0.3003423734565578,0.02878043129271966,0.027477019352982683,0.03014375603031246,True,False,False,4,0.023430669986692246,0.0344524404739827
2,genuine-score-topk-v2,20,conditional-threshold-f83528087cf3afe30975eca2,global_safe,0.01,negative_squared_l2_adc,182159,121736,60423,1390,1,0.01141815075244792,0.010836558913484022,0.012030576655789304,1.6549989242506992e-05,2.921485459104056e-06,9.374844928628428e-05,False,False,False,5,0.0,5.177124566255694e-05
2,genuine-score-topk-v2,20,conditional-threshold-5c1b460199a6f679183bb165,fiqa_2bin,0.01,negative_squared_l2_adc,182159,121736,60423,1347,2,0.011064927383847014,0.010492542082130974,0.011668169041624326,3.3099978485013984e-05,9.077254918429269e-06,0.00012069055407813844,False,False,False,5,0.0,0.00010354249132511387
2,genuine-score-topk-v2,20,conditional-threshold-a02c78e201b3f92bbd068c71,fiqa_5bin,0.01,negative_squared_l2_adc,182159,121736,60423,1254,5,0.01030097916803575,0.00974903885672245,0.010883824047656651,8.274994621253496e-05,3.53463323530083e-05,0.00019371509939709752,False,False,False,5,1.6992392399603465e-05,0.00016519424390304597
2,genuine-score-topk-v2,20,continuous-threshold-11c0519298c5477e171cf67d,continuous_fiqa,0.01,negative_squared_l2_adc,182159,121736,60423,1298,47,0.010662417033580864,0.010100709782618653,0.01125500604275564,0.0007778494943978286,0.0005850460087779043,0.001034126141521735,False,False,False,5,0.0004224601934814043,0.001261871326738467
2,genuine-score-topk-v2,20,continuous-threshold-395e194f618afd9247db7b01,continuous_fiqa_margin,0.01,negative_squared_l2_adc,182159,121736,60423,1298,47,0.010662417033580864,0.010100709782618653,0.01125500604275564,0.0007778494943978286,0.0005850460087779043,0.001034126141521735,False,False,False,5,0.0004224601934814043,0.001261871326738467
2,genuine-score-topk-v2,20,continuous-threshold-c443d0a08ef0b28b99a31b74,continuous_fiqa_margin_distortion,0.01,negative_squared_l2_adc,182159,121736,60423,1725,125,0.01417000722875731,0.013521237368565723,0.014849437485557353,0.002068748655313374,0.0017367487301086634,0.0024640576117829676,False,False,False,5,0.0010286868833162136,0.0034404191441981167
2,genuine-score-topk-v2,20,continuous-threshold-0d83689ddb3f77afc4fbe4a3,continuous_fiqa_runnerup,0.01,negative_squared_l2_adc,182159,121736,60423,1257,526,0.010325622658868371,0.00977301086731065,0.01090913746349994,0.008705294341558678,0.00799519616341651,0.00947785775319805,False,False,False,5,0.0059953715892574495,0.011718886261270945
2,genuine-score-topk-v2,20,conditional-threshold-ea71e48a82c4046d58907039,global_safe,0.05,negative_squared_l2_adc,182159,121736,60423,6177,81,0.05074094762436748,0.049522211792529046,0.05198803588592563,0.0013405491286430664,0.001078801188894841,0.001665698685944897,False,False,False,5,0.0008041736768297146,0.0019694426155334815
2,genuine-score-topk-v2,20,conditional-threshold-51f2891030a1464fddf6406e,fiqa_2bin,0.05,negative_squared_l2_adc,182159,121736,60423,6139,92,0.050428796740487614,0.04921366629439937,0.0516722993159231,0.0015225990103106433,0.0012417957107903714,0.0018667807808123399,False,False,False,5,0.0009357384003531569,0.002262616824010862
2,genuine-score-topk-v2,20,conditional-threshold-910179acec605fff64870f25,fiqa_5bin,0.05,negative_squared_l2_adc,182159,121736,60423,6250,182,0.051340605901294606,0.05011498014813174,0.052594546240155866,0.0030120980421362727,0.0026056209927421596,0.003481764181466696,False,False,False,5,0.0022146296049371317,0.003925398789618078
2,genuine-score-topk-v2,20,continuous-threshold-c92ce82d951b8d72d5507ecd,continuous_fiqa,0.05,negative_squared_l2_adc,182159,121736,60423,6217,217,0.05106952750213577,0.049847010506592175,0.05232037619094904,0.0035913476656240172,0.0031449040031601237,0.00410090676984001,False,False,False,5,0.0026510451188185374,0.004692006430595085
2,genuine-score-topk-v2,20,continuous-threshold-ea6eb07411af62dde5962664,continuous_fiqa_margin,0.05,negative_squared_l2_adc,182159,121736,60423,6217,217,0.05106952750213577,0.049847010506592175,0.05232037619094904,0.0035913476656240172,0.0031449040031601237,0.00410090676984001,False,False,False,5,0.0026510451188185374,0.004692006430595085
2,genuine-score-topk-v2,20,continuous-threshold-f27cfec34d0d0b3c6a2f92ef,continuous_fiqa_margin_distortion,0.05,negative_squared_l2_adc,182159,121736,60423,7635,408,0.06271768416902149,0.06136946012231565,0.06409350480184332,0.006752395610942853,0.006130033484744981,0.007437471270230413,False,False,False,5,0.004464483026389211,0.009685528820255742
2,genuine-score-topk-v2,20,continuous-threshold-bf01ffed3d3002025e374ab0,continuous_fiqa_runnerup,0.05,negative_squared_l2_adc,182159,121736,60423,6272,888,0.05152132483406716,0.05029363191282838,0.05277732093595682,0.014696390447346209,0.013767293703313897,0.015687190692227595,False,False,False,5,0.010997241553586914,0.018697597974644813
2,genuine-score-topk-v2,20,conditional-threshold-552c88fb9e2caac98e17dd7e,global_safe,0.1,negative_squared_l2_adc,182159,121736,60423,11749,357,0.09651212459748965,0.09486604661226701,0.09818366642494232,0.0059083461595749965,0.00532789618700121,0.006551616981164035,True,True,False,5,0.003921572025701939,0.008131734899795542
2,genuine-score-topk-v2,20,conditional-threshold-f35dbd43c17a1b526df5cc39,fiqa_2bin,0.1,negative_squared_l2_adc,182159,121736,60423,11478,421,0.09428599592560952,0.09265721046481465,0.09594038571808342,0.006967545471095443,0.006334932689367146,0.007662844430873578,True,True,False,5,0.004612907216197899,0.009938958296371923
2,genuine-score-topk-v2,20,conditional-threshold-eb7e821647d5176640549036,fiqa_5bin,0.1,negative_squared_l2_adc,182159,121736,60423,12024,470,0.09877111125714662,0.09710776176811148,0.10045978202531783,0.0077784949439782865,0.007108624811157369,0.008510948147391147,True,False,False,5,0.005991044014120117,0.00973165982931693
2,genuine-score-topk-v2,20,continuous-threshold-67560aadc78f85dcbcc0bd8e,continuous_fiqa,0.1,negative_squared_l2_adc,182159,121736,60423,12003,537,0.09859860682131827,0.09693656662635344,0.10028597918205542,0.008887344223226255,0.008169605784399875,0.009667524748977658,True,False,False,5,0.006804211444100043,0.01130459677046366
2,genuine-score-topk-v2,20,continuous-threshold-f45c41f43da70bed7d4ce287,continuous_fiqa_margin,0.1,negative_squared_l2_adc,182159,121736,60423,12003,537,0.09859860682131827,0.09693656662635344,0.10028597918205542,0.008887344223226255,0.008169605784399875,0.009667524748977658,True,False,False,5,0.006804211444100043,0.01130459677046366
2,genuine-score-topk-v2,20,continuous-threshold-e3e0607ad411557afcf833de,continuous_fiqa_margin_distortion,0.1,negative_squared_l2_adc,182159,121736,60423,14346,687,0.11784517316159558,0.11604601837973462,0.11966844547166815,0.011369842609602304,0.010555003314658931,0.012246808356395508,False,False,False,5,0.008236446090479927,0.015108094014228777
2,genuine-score-topk-v2,20,continuous-threshold-17ed7724497b6498022bfe07,continuous_fiqa_runnerup,0.1,negative_squared_l2_adc,182159,121736,60423,12101,1149,0.09940362752185056,0.0977354907209402,0.10109704568423067,0.019015937639640535,0.017957097847713085,0.020135931727386223,True,False,False,5,0.014794244896785783,0.02359977866285397
2,genuine-score-topk-v2,20,conditional-threshold-788a7502fb5891979bd55dff,global_safe,0.2,negative_squared_l2_adc,182159,121736,60423,22957,1074,0.18858020634816325,0.1863926442250654,0.19078742196019172,0.01777468844645251,0.01675138604339415,0.01885930296286671,True,True,False,5,0.012762660835354302,0.023567672904573504
2,genuine-score-topk-v2,20,conditional-threshold-cb02ad2979c61d12fc692538,fiqa_2bin,0.2,negative_squared_l2_adc,182159,121736,60423,23047,1190,0.18931951107314188,0.18712862594964286,0.19153000302855894,0.01969448719858332,0.01861673713841292,0.02083330528098474,True,True,False,5,0.014477781365871823,0.025967143490287642
2,genuine-score-topk-v2,20,conditional-threshold-19b555b89a9fd227cb3277ac,fiqa_5bin,0.2,negative_squared_l2_adc,182159,121736,60423,23641,1308,0.19419892225800092,0.19198642284184256,0.19643072056979435,0.021647385929199146,0.020517061872855357,0.02283852970818147,True,True,False,5,0.017105417592737846,0.02691293352694805
2,genuine-score-topk-v2,20,continuous-threshold-1bc101d85afd659101c69eac,continuous_fiqa,0.2,negative_squared_l2_adc,182159,121736,60423,23663,1304,0.19437964119077347,0.1921663517141916,0.1966122181579429,0.02158118597222912,0.02045260179267873,0.02277059829135339,True,True,False,5,0.016765589486809163,0.0270907252139848
2,genuine-score-topk-v2,20,continuous-threshold-e373626c490636b9b3c709b1,continuous_fiqa_margin,0.2,negative_squared_l2_adc,182159,121736,60423,23663,1304,0.19437964119077347,0.1921663517141916,0.1966122181579429,0.02158118597222912,0.02045260179267873,0.02277059829135339,True,True,False,5,0.016765589486809163,0.0270907252139848
2,genuine-score-topk-v2,20,continuous-threshold-26e5398b4351c306ad235b49,continuous_fiqa_margin_distortion,0.2,negative_squared_l2_adc,182159,121736,60423,27001,1307,0.2217996319905369,0.21947462507820728,0.22414219593669873,0.021630835939956638,0.020500946586894504,0.022821547119891143,False,False,False,5,0.017003854644004734,0.02680649788507023
2,genuine-score-topk-v2,20,continuous-threshold-7c82f52841645750db2e843d,continuous_fiqa_runnerup,0.2,negative_squared_l2_adc,182159,121736,60423,23626,1494,0.19407570480383782,0.19186374448996799,0.19630697178951148,0.024725683928305448,0.02351738681587058,0.025994409375885617,True,True,False,5,0.019852921230740013,0.029967064303254423
2,genuine-score-topk-v2,20,conditional-threshold-f2e0326ef4e1cd5712971a21,global_safe,0.3,negative_squared_l2_adc,182159,121736,60423,34551,1850,0.2838190839193008,0.28129331204050234,0.2863584988269876,0.030617480098637937,0.029273379270889716,0.032021260154286336,True,True,False,5,0.023684753443733438,0.038516287424740746
2,genuine-score-topk-v2,20,conditional-threshold-d0548f516817dcbdc8e796c2,fiqa_2bin,0.3,negative_squared_l2_adc,182159,121736,60423,34805,2009,0.2859055661431294,0.2833741419658752,0.2884505016728143,0.03324892838819655,0.03184880878035999,0.034708392650753594,True,True,False,5,0.02632749577546364,0.04159145304060245
2,genuine-score-topk-v2,20,conditional-threshold-5f3dfe3049d935e1eb4f99e9,fiqa_5bin,0.3,negative_squared_l2_adc,182159,121736,60423,35399,2135,0.2907849773279884,0.28824059274008806,0.2933425653320364,0.03533422703275243,0.033891431228631856,0.03683610235813032,True,True,False,5,0.028852579252158665,0.04253493012812607
2,genuine-score-topk-v2,20,continuous-threshold-aed214602ea3b5bac4f6fb4e,continuous_fiqa,0.3,negative_squared_l2_adc,182159,121736,60423,35401,2085,0.29080140632187684,0.2882569787022686,0.29335903632081023,0.03450672757062708,0.033080695218106776,0.03599194465609644,True,True,False,5,0.027858422382795872,0.04190506606839066
2,genuine-score-topk-v2,20,continuous-threshold-b1b3f935183eab43cc9dd387,continuous_fiqa_margin,0.3,negative_squared_l2_adc,182159,121736,60423,35401,2085,0.29080140632187684,0.2882569787022686,0.29335903632081023,0.03450672757062708,0.033080695218106776,0.03599194465609644,True,True,False,5,0.027858422382795872,0.04190506606839066
2,genuine-score-topk-v2,20,continuous-threshold-1ac20cfd77389938c98f00ad,continuous_fiqa_margin_distortion,0.3,negative_squared_l2_adc,182159,121736,60423,39358,2020,0.3233061707301045,0.32068428808972466,0.3259392043964899,0.033430978269864124,0.032027074978724666,0.034894203069151884,False,False,False,5,0.026915131384736894,0.040450438335892076
2,genuine-score-topk-v2,20,continuous-threshold-b6bed814994e85e1306bde40,continuous_fiqa_runnerup,0.3,negative_squared_l2_adc,182159,121736,60423,35744,1732,0.2936189787737399,0.29106723090946035,0.2961837512022855,0.02866458136802211,0.027363782259758027,0.030025308003778856,True,True,False,5,0.023337948056263616,0.03425303241970483
2,genuine-score-topk-v2,20,conditional-threshold-6d0c4b996cf5d01ddf2c56c9,global_safe,0.01,negative_squared_l2_adc,182159,121736,60423,1350,1,0.011089570874679634,0.010516538376593415,0.011693458173593376,1.6549989242506992e-05,2.921485459104056e-06,9.374844928628428e-05,False,False,False,6,0.0,5.177124566255694e-05
2,genuine-score-topk-v2,20,conditional-threshold-bb5997b017ba36b0d9a567ad,fiqa_2bin,0.01,negative_squared_l2_adc,182159,121736,60423,1304,2,0.010711704015246107,0.010148678207919131,0.011305608470318144,3.3099978485013984e-05,9.077254918429269e-06,0.00012069055407813844,False,False,False,6,0.0,0.00010354249132511387
2,genuine-score-topk-v2,20,conditional-threshold-443b21fdd671a9497b9da5a0,fiqa_5bin,0.01,negative_squared_l2_adc,182159,121736,60423,1262,5,0.010366695143589406,0.0098129660494025,0.010951324658793908,8.274994621253496e-05,3.53463323530083e-05,0.00019371509939709752,False,False,False,6,1.695498675587483e-05,0.00016644879321662506
2,genuine-score-topk-v2,20,continuous-threshold-51437cfe04fdcdc338bcbaa6,continuous_fiqa,0.01,negative_squared_l2_adc,182159,121736,60423,1313,47,0.01078563448774397,0.010220636696440615,0.011381506261091127,0.0007778494943978286,0.0005850460087779043,0.001034126141521735,False,False,False,6,0.0004224601934814043,0.001261871326738467
2,genuine-score-topk-v2,20,continuous-threshold-adc0ce6b27f2e4ba1ebf64d8,continuous_fiqa_margin,0.01,negative_squared_l2_adc,182159,121736,60423,1313,47,0.01078563448774397,0.010220636696440615,0.011381506261091127,0.0007778494943978286,0.0005850460087779043,0.001034126141521735,False,False,False,6,0.0004224601934814043,0.001261871326738467
2,genuine-score-topk-v2,20,continuous-threshold-6e5b35df2901605611aa201f,continuous_fiqa_margin_distortion,0.01,negative_squared_l2_adc,182159,121736,60423,1725,128,0.01417000722875731,0.013521237368565723,0.014849437485557353,0.002118398623040895,0.00178209959548832,0.0025180003691568495,False,False,False,6,0.0010604299049930086,0.0035407381583085033
2,genuine-score-topk-v2,20,continuous-threshold-ef60a739ed6b6518d47701a5,continuous_fiqa_runnerup,0.01,negative_squared_l2_adc,182159,121736,60423,1239,517,0.010177761713872642,0.009629191276581763,0.010757244495639886,0.008556344438376115,0.007852558403535657,0.009322614644818287,False,False,False,6,0.0059136380323383175,0.011543557566105266
2,genuine-score-topk-v2,20,conditional-threshold-ae744e7243c502e8a87da014,global_safe,0.05,negative_squared_l2_adc,182159,121736,60423,5844,72,0.048005520141946506,0.04681883203031673,0.04922073331424252,0.0011915992254605033,0.0009464201874192061,0.0015001988191599175,True,True,False,6,0.0006972995264792884,0.0017692890482421044
2,genuine-score-topk-v2,20,conditional-threshold-9ebeae120326b5b555ffbdeb,fiqa_2bin,0.05,negative_squared_l2_adc,182159,121736,60423,5770,75,0.04739764736807518,0.04621822403881543,0.048605634120433734,0.0012412491931880244,0.0009904387667076747,0.0015554738626249872,True,True,False,6,0.0007363302023805013,0.0018697595996104409
2,genuine-score-topk-v2,20,conditional-threshold-9a51e388911d2740cf13fdb0,fiqa_5bin,0.05,negative_squared_l2_adc,182159,121736,60423,6153,170,0.05054379969770651,0.04932733943875541,0.051788624828247344,0.002813498171226189,0.0024216013071106162,0.003268609376084087,False,False,False,6,0.0020197887366868676,0.0037187233467512125
2,genuine-score-topk-v2,20,continuous-threshold-fca9410df007ac4fb6ac3fb2,continuous_fiqa,0.05,negative_squared_l2_adc,182159,121736,60423,5917,206,0.04860517841887363,0.04741137573378442,0.04982746832060777,0.0034092977839564405,0.002975041158440237,0.003906692997796924,True,True,False,6,0.002478207652588548,0.0044890929002071684
2,genuine-score-topk-v2,20,continuous-threshold-860dacafb65a111c271a93c9,continuous_fiqa_margin,0.05,negative_squared_l2_adc,182159,121736,60423,5917,206,0.04860517841887363,0.04741137573378442,0.04982746832060777,0.0034092977839564405,0.002975041158440237,0.003906692997796924,True,True,False,6,0.002478207652588548,0.0044890929002071684
2,genuine-score-topk-v2,20,continuous-threshold-339e12ff925f43deec1f2261,continuous_fiqa_margin_distortion,0.05,negative_squared_l2_adc,182159,121736,60423,7146,388,0.0587007951633042,0.057394210155805814,0.06003523026002022,0.006421395826092713,0.005815133783773376,0.007090413486178429,False,False,False,6,0.004193162911032088,0.00928789745729399
2,genuine-score-topk-v2,20,continuous-threshold-5626861216e95c5c54f752c4,continuous_fiqa_runnerup,0.05,negative_squared_l2_adc,182159,121736,60423,6249,892,0.0513323914043504,0.05010685971457428,0.05258623819823617,0.014762590404316238,0.013831364486057504,0.01575551140648871,False,False,False,6,0.01104611097679244,0.018760200128085838
2,genuine-score-topk-v2,20,conditional-threshold-301243719469b21919f2367f,global_safe,0.1,negative_squared_l2_adc,182159,121736,60423,10806,305,0.08876585397910232,0.08718117162275327,0.09037648903949097,0.005047746718964632,0.004513291440014603,0.005645132267089314,True,True,False,6,0.0033725205560213734,0.006932488464644016
2,genuine-score-topk-v2,20,conditional-threshold-584be27f44edd55d5da4decf,fiqa_2bin,0.1,negative_squared_l2_adc,182159,121736,60423,10459,319,0.08591542353946244,0.08435423352471089,0.0875027461469576,0.005279446568359731,0.004732241195864967,0.005889552750755463,True,True,False,6,0.0033884693855180765,0.007569343610002203
2,genuine-score-topk-v2,20,conditional-threshold-a571690f998f8dcb6e7ea866,fiqa_5bin,0.1,negative_squared_l2_adc,182159,121736,60423,11461,423,0.094146349477558,0.09251865799154661,0.09579965410823967,0.007000645449580458,0.0063664700124100885,0.007697502856332995,True,True,False,6,0.005490668822719224,0.008717273825480716
2,genuine-score-topk-v2,20,continuous-threshold-8b57d3f697c1bf987bca0cf2,continuous_fiqa,0.1,negative_squared_l2_adc,182159,121736,60423,11063,483,0.09087697969376356,0.08927521905786746,0.09250455980200777,0.007993644804130878,0.007314226787983615,0.008735618535830231,True,True,False,6,0.006080135322053763,0.010204481829893896
2,genuine-score-topk-v2,20,continuous-threshold-2f782c1ff09218f8ecbc2e60,continuous_fiqa_margin,0.1,negative_squared_l2_adc,182159,121736,60423,11063,483,0.09087697969376356,0.08927521905786746,0.09250455980200777,0.007993644804130878,0.007314226787983615,0.008735618535830231,True,True,False,6,0.006080135322053763,0.010204481829893896
2,genuine-score-topk-v2,20,continuous-threshold-33701afcb42c7d29aebfeefa,continuous_fiqa_margin_distortion,0.1,negative_squared_l2_adc,182159,121736,60423,13581,654,0.11156108299927713,0.10980481057551188,0.11334186953586088,0.010823692964599573,0.010029197831937293,0.011680383988828227,False,False,False,6,0.00775818866608294,0.014501569345003837
2,genuine-score-topk-v2,20,continuous-threshold-5af12be549a960ace013ac68,continuous_fiqa_runnerup,0.1,negative_squared_l2_adc,182159,121736,60423,12327,1154,0.10126010383124137,0.0995780364218352,0.1029673354411746,0.01909868758585307,0.018037522771174902,0.020220996175180306,False,False,False,6,0.014850133647770027,0.023682239533893788
2,genuine-score-topk-v2,20,conditional-threshold-affd7f1ddf029ba3cb8d9fa6,global_safe,0.2,negative_squared_l2_adc,182159,121736,60423,21779,1003,0.17890352894788722,0.17676066574168073,0.1810666563314778,0.016599639210234513,0.015611203399884326,0.0176495365345428,True,True,False,6,0.01189052614902765,0.02217948357070419
2,genuine-score-topk-v2,20,conditional-threshold-1b30073e3bf3f34bbfd7d191,fiqa_2bin,0.2,negative_squared_l2_adc,182159,121736,60423,21849,1094,0.17947854373398173,0.1773329605425876,0.18164435481397243,0.01810568823130265,0.01707278458792345,0.019199861903360992,True,True,False,6,0.013082628248693056,0.02425959953985298
2,genuine-score-topk-v2,20,conditional-threshold-e9798b0dabbf92de02d54849,fiqa_5bin,0.2,negative_squared_l2_adc,182159,121736,60423,22826,1241,0.1875041072484721,0.18532140486834534,0.18970653102940335,0.020538536649951176,0.01943773920811023,0.02170029479809758,True,True,False,6,0.01618911944331672,0.02545167994088013
2,genuine-score-topk-v2,20,continuous-threshold-0d7f8ae9226b8afa12d60dba,continuous_fiqa,0.2,negative_squared_l2_adc,182159,121736,60423,22559,1252,0.1853108365643688,0.18313812402145274,0.18750340892389333,0.020720586531618755,0.019614884317964647,0.02188722630500614,True,True,False,6,0.016012043946116217,0.026159792080314923
2,genuine-score-topk-v2,20,continuous-threshold-f90b801e2ea7ceef25fe6a28,continuous_fiqa_margin,0.2,negative_squared_l2_adc,182159,121736,60423,22559,1252,0.1853108365643688,0.18313812402145274,0.18750340892389333,0.020720586531618755,0.019614884317964647,0.02188722630500614,True,True,False,6,0.016012043946116217,0.026159792080314923
2,genuine-score-topk-v2,20,continuous-threshold-d6e5e047fc0a18764d4a1f69,continuous_fiqa_margin_distortion,0.2,negative_squared_l2_adc,182159,121736,60423,25638,1239,0.21060327265558257,0.20832198305556507,0.21290282588396722,0.020505436671466162,0.01940553348226634,0.021666304775439113,False,False,False,6,0.01610012815051503,0.025540977532857615
2,genuine-score-topk-v2,20,continuous-threshold-bf29ca0f2e720669e993facd,continuous_fiqa_runnerup,0.2,negative_squared_l2_adc,182159,121736,60423,24217,1502,0.19893047249786422,0.19669752978402247,0.20118241550246055,0.024858083842245502,0.02364655319810066,0.026130025987664965,True,False,False,6,0.019906653505333837,0.030057421128800575
2,genuine-score-topk-v2,20,conditional-threshold-e58a6fe8ef388c37d2492e6a,global_safe,0.3,negative_squared_l2_adc,182159,121736,60423,33193,1755,0.2726637970690675,0.270169387956451,0.27517255321305095,0.02904523112059977,0.02773586841983833,0.030414472951475677,True,True,False,6,0.022353753988526293,0.036598336249020876
2,genuine-score-topk-v2,20,conditional-threshold-5f4a09a60c23c709b2668dcb,fiqa_2bin,0.3,negative_squared_l2_adc,182159,121736,60423,33173,1887,0.27249950713018334,0.27000557451777996,0.2750077971421787,0.031229829700610695,0.02987246394728711,0.03264679682518259,True,True,False,6,0.024509485581470668,0.039287012186460135
2,genuine-score-topk-v2,20,conditional-threshold-87be4f5a47b3d2a398f83d57,fiqa_5bin,0.3,negative_squared_l2_adc,182159,121736,60423,34696,2079,0.2850101859762108,0.28248117924875454,0.28755276056292406,0.03440742763517204,0.03298342181889837,0.03589063080979777,True,True,False,6,0.0280611471623846,0.04147128343347313
2,genuine-score-topk-v2,20,continuous-threshold-98cadde58aa3df5abc843e0b,continuous_fiqa,0.3,negative_squared_l2_adc,182159,121736,60423,34397,2023,0.28255405138989287,0.28003173895111233,0.2850900866928944,0.033480628237591646,0.03207569500906804,0.034944876661562055,True,True,False,6,0.02693787861817879,0.040770653318805
2,genuine-score-topk-v2,20,continuous-threshold-72e085e7eb0d80e8bec8a920,continuous_fiqa_margin,0.3,negative_squared_l2_adc,182159,121736,60423,34397,2023,0.28255405138989287,0.28003173895111233,0.2850900866928944,0.033480628237591646,0.03207569500906804,0.034944876661562055,True,True,False,6,0.02693787861817879,0.040770653318805
2,genuine-score-topk-v2,20,continuous-threshold-f22b2006e5df0ccdd68118a6,continuous_fiqa_margin_distortion,0.3,negative_squared_l2_adc,182159,121736,60423,37649,1919,0.30926759545245447,0.30667731309401136,0.3118699148017309,0.03175942935637092,0.030390705845467547,0.03318768690303989,False,False,False,6,0.02544667642010547,0.03859054622965088
2,genuine-score-topk-v2,20,continuous-threshold-e9e817daf8b02e630e522471,continuous_fiqa_runnerup,0.3,negative_squared_l2_adc,182159,121736,60423,36212,1737,0.29746336334362883,0.2949018176964561,0.3000376909386023,0.028747331314234646,0.027444665312646898,0.030109914322145884,True,False,False,6,0.023397470943625657,0.0343531729850193
2,genuine-score-topk-v2,20,conditional-threshold-78653871ec92392424e96348,global_safe,0.01,negative_squared_l2_adc,182159,121736,60423,1369,1,0.01124564631661957,0.010668532035268323,0.011853605548984575,1.6549989242506992e-05,2.921485459104056e-06,9.374844928628428e-05,False,False,False,7,0.0,5.177124566255694e-05
2,genuine-score-topk-v2,20,conditional-threshold-f8d3204c54d556c3f9fda3e7,fiqa_2bin,0.01,negative_squared_l2_adc,182159,121736,60423,1344,2,0.011040283893014391,0.010468546531954273,0.011642879165369534,3.3099978485013984e-05,9.077254918429269e-06,0.00012069055407813844,False,False,False,7,0.0,0.00010354249132511387
2,genuine-score-topk-v2,20,conditional-threshold-bdfb2c5371a7e1f4197b7f76,fiqa_5bin,0.01,negative_squared_l2_adc,182159,121736,60423,1295,9,0.010637773542748242,0.010076726748097273,0.011229703650845527,0.00014894990318256292,7.836733345748979e-05,0.0002830855952973335,False,False,False,7,4.8170246287635585e-05,0.0002898570993208097
2,genuine-score-topk-v2,20,continuous-threshold-9401b90ebb76a598a563659c,continuous_fiqa,0.01,negative_squared_l2_adc,182159,121736,60423,1331,47,0.0109334954327397,0.010364574475540478,0.011533281040580207,0.0007778494943978286,0.0005850460087779043,0.001034126141521735,False,False,False,7,0.0004224601934814043,0.001261871326738467
2,genuine-score-topk-v2,20,continuous-threshold-af2fde63fb144ff7c98ab2d7,continuous_fiqa_margin,0.01,negative_squared_l2_adc,182159,121736,60423,1331,47,0.0109334954327397,0.010364574475540478,0.011533281040580207,0.0007778494943978286,0.0005850460087779043,0.001034126141521735,False,False,False,7,0.0004224601934814043,0.001261871326738467
2,genuine-score-topk-v2,20,continuous-threshold-ae716b28413bef15789286f9,continuous_fiqa_margin_distortion,0.01,negative_squared_l2_adc,182159,121736,60423,1709,129,0.014038575277649996,0.013392850840657907,0.014714968405830553,0.002134948612283402,0.0017972277477665546,0.002535970091129794,False,False,False,7,0.0010692917078401107,0.003545232635204572
2,genuine-score-topk-v2,20,continuous-threshold-fe3142bf8915c4e6a0711719,continuous_fiqa_runnerup,0.01,negative_squared_l2_adc,182159,121736,60423,1253,523,0.010292764671091543,0.009741048370286878,0.01087538605861506,0.008655644373831158,0.007947644060767513,0.009426116233093512,False,False,False,7,0.005962821314317324,0.011636577198889678
2,genuine-score-topk-v2,20,conditional-threshold-f57f72f8f035b2aae9dbe54a,global_safe,0.05,negative_squared_l2_adc,182159,121736,60423,6296,83,0.051718472760728135,0.05048852958752707,0.05297670667271005,0.0013736491071280803,0.0011083451902510536,0.0017023504330910433,False,False,False,7,0.0008380519512925206,0.0020178863108057123
2,genuine-score-topk-v2,20,conditional-threshold-859352d9de1bd77eb8742819,fiqa_2bin,0.05,negative_squared_l2_adc,182159,121736,60423,6076,97,0.049911283433002565,0.0487021591575435,0.051148812497717674,0.0016053489565231783,0.001316259832792415,0.0019578060300661933,True,False,False,7,0.0009795433172196122,0.002383251923080706
2,genuine-score-topk-v2,20,conditional-threshold-209717ab1ac44185f764a2d0,fiqa_5bin,0.05,negative_squared_l2_adc,182159,121736,60423,6366,180,0.052293487546822635,0.0510570097387924,0.053558219804846166,0.002978998063651259,0.0025749168185452242,0.0034462726071612733,False,False,False,7,0.0021450630977021493,0.003927350756149027
2,genuine-score-topk-v2,20,continuous-threshold-562e2b36f3c7e79affb78f59,continuous_fiqa,0.05,negative_squared_l2_adc,182159,121736,60423,6300,227,0.051751330748504965,0.05052101302252825,0.05300993713961755,0.003756847558049087,0.003299591611177179,0.0042771979043347485,False,False,False,7,0.002776373332799696,0.004921730332247094
2,genuine-score-topk-v2,20,continuous-threshold-15af9c7ebd5c399bc0f29e23,continuous_fiqa_margin,0.05,negative_squared_l2_adc,182159,121736,60423,6300,227,0.051751330748504965,0.05052101302252825,0.05300993713961755,0.003756847558049087,0.003299591611177179,0.0042771979043347485,False,False,False,7,0.002776373332799696,0.004921730332247094
2,genuine-score-topk-v2,20,continuous-threshold-8ae89ce9ec4f55fbdfbecc93,continuous_fiqa_margin_distortion,0.05,negative_squared_l2_adc,182159,121736,60423,7647,403,0.06281625813235198,0.06146703285785319,0.06419307377203176,0.006669645664730318,0.00605127024960848,0.007350745134111017,False,False,False,7,0.004434842187798495,0.009539560320675058
2,genuine-score-topk-v2,20,continuous-threshold-4c4dcbf1d04a5a6700541c9a,continuous_fiqa_runnerup,0.05,negative_squared_l2_adc,182159,121736,60423,6226,886,0.051143457974633634,0.04992009218005714,0.05239515079677854,0.014663290468861195,0.013735260186800047,0.01565302846023909,False,False,False,7,0.010968063365236735,0.018653584268216106
2,genuine-score-topk-v2,20,conditional-threshold-94b3138d38119821c8045387,global_safe,0.1,negative_squared_l2_adc,182159,121736,60423,11932,374,0.09801537753827956,0.09635777570523307,0.0996983483442972,0.006189695976697615,0.00559495624134399,0.0068472207890913055,True,True,False,7,0.004112097485582484,0.00850599851738911
2,genuine-score-topk-v2,20,conditional-threshold-5ce4f5e9675db9ec4f0f5cea,fiqa_2bin,0.1,negative_squared_l2_adc,182159,121736,60423,11497,427,0.09444207136754945,0.09281206452747613,0.09609767268948803,0.0070668454065504855,0.0064295558977102065,0.007766808468037595,True,True,False,7,0.004730962869926379,0.010103176044355266
2,genuine-score-topk-v2,20,conditional-threshold-6ac8d6ef9c3cb58d306e3962,fiqa_5bin,0.1,negative_squared_l2_adc,182159,121736,60423,12089,471,0.09930505355852008,0.09763766144806957,0.10099773325137534,0.007795044933220793,0.007124435601094704,0.00852823523170499,True,False,False,7,0.006022796950377586,0.00987045740007893
2,genuine-score-topk-v2,20,continuous-threshold-98218f83969a0b1386a8a254,continuous_fiqa,0.1,negative_squared_l2_adc,182159,121736,60423,12038,541,0.09888611421436551,0.09722189273692418,0.1005756497131854,0.008953544180196282,0.008233047354140703,0.009736474676241547,True,False,False,7,0.006864961427155353,0.01140738639531121
2,genuine-score-topk-v2,20,continuous-threshold-edf86dbdcf6262e9af9075e9,continuous_fiqa_margin,0.1,negative_squared_l2_adc,182159,121736,60423,12038,541,0.09888611421436551,0.09722189273692418,0.1005756497131854,0.008953544180196282,0.008233047354140703,0.009736474676241547,True,False,False,7,0.006864961427155353,0.01140738639531121
2,genuine-score-topk-v2,20,continuous-threshold-b696aa3e9983a618a7e7c513,continuous_fiqa_margin_distortion,0.1,negative_squared_l2_adc,182159,121736,60423,14520,698,0.11927449562988762,0.11746582242090726,0.12110719616352196,0.01155189249126988,0.010730384256141054,0.012435504031676358,False,False,False,7,0.008359962389497613,0.015311576690583261
2,genuine-score-topk-v2,20,continuous-threshold-12c4a042a6b682304f24cfd9,continuous_fiqa_runnerup,0.1,negative_squared_l2_adc,182159,121736,60423,12234,1147,0.10049615561543011,0.09881979912066222,0.1021977245229714,0.01898283766115552,0.017924929374571325,0.02010190445202563,False,False,False,7,0.014762998315038576,0.023575143735747858
2,genuine-score-topk-v2,20,conditional-threshold-6f6326363b3b2e2d7d8966a2,global_safe,0.2,negative_squared_l2_adc,182159,121736,60423,22916,1071,0.18824341197345074,0.18605736790945465,0.19044913078123876,0.01772503847872499,0.016703184353491368,0.01880821103001595,True,True,False,7,0.012719676927744892,0.023515527645615323
2,genuine-score-topk-v2,20,conditional-threshold-00ea07700d56771d94ea8d74,fiqa_2bin,0.2,negative_squared_l2_adc,182159,121736,60423,22805,1166,0.18733160281264374,0.18514968201385298,0.1895332558988753,0.01929728745676315,0.018230564214931338,0.020425129222438016,True,True,False,7,0.014103041968822562,0.02550726716880425
2,genuine-score-topk-v2,20,conditional-threshold-ce0f057e9cc64158cc851e0f,fiqa_5bin,0.2,negative_squared_l2_adc,182159,121736,60423,23893,1309,0.19626897548794112,0.19404747045522158,0.1985096487766605,0.02166393591844165,0.020533177335762907,0.022855512119525103,True,True,False,7,0.01711483238192682,0.02698695818617916
2,genuine-score-topk-v2,20,continuous-threshold-70dacc50a0e54a7e0f289e7a,continuous_fiqa,0.2,negative_squared_l2_adc,182159,121736,60423,23976,1325,0.1969507787343103,0.1947263286486458,0.1991943540478408,0.021928735746321766,0.020791048646532667,0.023127206796774213,True,True,False,7,0.017016687995153493,0.027619200115543273
2,genuine-score-topk-v2,20,continuous-threshold-2ad45d858afac01a6a8b82eb,continuous_fiqa_margin,0.2,negative_squared_l2_adc,182159,121736,60423,23976,1325,0.1969507787343103,0.1947263286486458,0.1991943540478408,0.021928735746321766,0.020791048646532667,0.023127206796774213,True,True,False,7,0.017016687995153493,0.027619200115543273
2,genuine-score-topk-v2,20,continuous-threshold-c8be35e4f6b0a763cbfaf443,continuous_fiqa_margin_distortion,0.2,negative_squared_l2_adc,182159,121736,60423,27291,1315,0.22418183610435696,0.22184784901445825,0.22653322988882518,0.021763235853896695,0.02062987381802186,0.02295740288277323,False,False,False,7,0.017142703488939568,0.0269036328071263
2,genuine-score-topk-v2,20,continuous-threshold-f01e1ccc5faed5fbcf710723,continuous_fiqa_runnerup,0.2,negative_squared_l2_adc,182159,121736,60423,24112,1501,0.19806795031872249,0.19583869701978876,0.20031625834159214,0.024841533853002997,0.023630406892992794,0.02611307441852166,True,False,False,7,0.019906242429301214,0.030048623740681398
2,genuine-score-topk-v2,20,conditional-threshold-95a057b2600e7179ade6f186,global_safe,0.3,negative_squared_l2_adc,182159,121736,60423,33882,1795,0.27832358546362623,0.27581302135441516,0.2808481394188525,0.02970723069030005,0.028383119256627117,0.03109113708473407,True,True,False,7,0.02293720177413417,0.03743528600902538
2,genuine-score-topk-v2,20,conditional-threshold-221ab40cfdc7f57de1fe3fb4,fiqa_2bin,0.3,negative_squared_l2_adc,182159,121736,60423,34154,1957,0.28055792863245055,0.2780411250380052,0.2830885810650508,0.032388328947586184,0.031006252469101138,0.03382985950095111,True,True,False,7,0.025515821201038607,0.04069016070883447
2,genuine-score-topk-v2,20,conditional-threshold-486714744315336ad893049c,fiqa_5bin,0.3,negative_squared_l2_adc,182159,121736,60423,35529,2141,0.29185286193073534,0.28930568869068635,0.2944131711934694,0.03543352696820747,0.03398873426222206,0.0369373865700472,True,True,False,7,0.029009351611235436,0.04257444253585997
2,genuine-score-topk-v2,20,continuous-threshold-ade15cd03950d1b474ea3b90,continuous_fiqa,0.3,negative_squared_l2_adc,182159,121736,60423,35591,2100,0.2923621607412762,0.28981366353476395,0.2949237618289759,0.034754977409264684,0.033323892817892393,0.03624521517007851,True,True,False,7,0.028040506167312358,0.042180609054530895
2,genuine-score-topk-v2,20,continuous-threshold-bec41612ab7d49a04fae7e40,continuous_fiqa_margin,0.3,negative_squared_l2_adc,182159,121736,60423,35591,2100,0.2923621607412762,0.28981366353476395,0.2949237618289759,0.034754977409264684,0.033323892817892393,0.03624521517007851,True,True,False,7,0.028040506167312358,0.042180609054530895
2,genuine-score-topk-v2,20,continuous-threshold-36426ff00ae654a2e3890d57,continuous_fiqa_margin_distortion,0.3,negative_squared_l2_adc,182159,121736,60423,39455,2023,0.32410297693369255,0.3214793827203002,0.32673767188719915,0.033480628237591646,0.03207569500906804,0.034944876661562055,False,False,False,7,0.026971538789190813,0.04044944218503226
2,genuine-score-topk-v2,20,continuous-threshold-cca8494d8e8b2350183782c8,continuous_fiqa_runnerup,0.3,negative_squared_l2_adc,182159,121736,60423,36015,1734,0.29584510744562004,0.29328765946024943,0.2984154395058078,0.028697681346507124,0.027396135129345633,0.030059150882693612,True,True,False,7,0.02338040442219285,0.03428646643271912
2,genuine-score-topk-v2,20,conditional-threshold-a4655d3330b71143ca113183,global_safe,0.01,negative_squared_l2_adc,182159,121736,60423,1394,1,0.011451008740224748,0.010868568003999634,0.012064281467182346,1.6549989242506992e-05,2.921485459104056e-06,9.374844928628428e-05,False,False,False,8,0.0,5.177124566255694e-05
2,genuine-score-topk-v2,20,conditional-threshold-3c3fff0332d09a40e5faf746,fiqa_2bin,0.01,negative_squared_l2_adc,182159,121736,60423,1257,1,0.010325622658868371,0.00977301086731065,0.01090913746349994,1.6549989242506992e-05,2.921485459104056e-06,9.374844928628428e-05,False,False,False,8,0.0,5.177124566255694e-05
2,genuine-score-topk-v2,20,conditional-threshold-0adbe97e3dc7ea0d576ecb61,fiqa_5bin,0.01,negative_squared_l2_adc,182159,121736,60423,1267,8,0.010407767628310442,0.009852923508740395,0.010993509576841828,0.00013239991394005594,6.709180407532717e-05,0.0002612632504283168,False,False,False,8,3.421457753362379e-05,0.00026265947545272986
2,genuine-score-topk-v2,20,continuous-threshold-2d7fd0ef696ae4b672bdae4d,continuous_fiqa,0.01,negative_squared_l2_adc,182159,121736,60423,1328,45,0.010908851941907077,0.010340582936834961,0.011507987152854234,0.0007447495159128147,0.0005566761333435271,0.000996300268453754,False,False,False,8,0.00040485958697247706,0.0012066525300819188
2,genuine-score-topk-v2,20,continuous-threshold-61bb55205d353b0fbca43217,continuous_fiqa_margin,0.01,negative_squared_l2_adc,182159,121736,60423,1328,45,0.010908851941907077,0.010340582936834961,0.011507987152854234,0.0007447495159128147,0.0005566761333435271,0.000996300268453754,False,False,False,8,0.00040485958697247706,0.0012066525300819188
2,genuine-score-topk-v2,20,continuous-threshold-7b5243600f0b86be9edf59ec,continuous_fiqa_margin_distortion,0.01,negative_squared_l2_adc,182159,121736,60423,1708,137,0.01403036078070579,0.013384827174751961,0.01470656359625934,0.002267348526223458,0.0019184455291778296,0.0026795353037279536,False,False,False,8,0.0011436915669579945,0.0037840121858569308
2,genuine-score-topk-v2,20,continuous-threshold-35cee19002077437ef7fdd62,continuous_fiqa_runnerup,0.01,negative_squared_l2_adc,182159,121736,60423,1236,517,0.010153118223040021,0.009605224275980463,0.010731926069809695,0.008556344438376115,0.007852558403535657,0.009322614644818287,False,False,False,8,0.005901276692990884,0.011543731322721506
2,genuine-score-topk-v2,20,conditional-threshold-c309b74e81e1700400f8f7d7,global_safe,0.05,negative_squared_l2_adc,182159,121736,60423,6067,80,0.0498373529605047,0.04862908966956475,0.051074025706401946,0.0013239991394005594,0.00106404551651773,0.001647356484070829,True,False,False,8,0.0007994036945227367,0.0019292301235914015
2,genuine-score-topk-v2,20,conditional-threshold-e8c04c6857090c0100b6e4e5,fiqa_2bin,0.05,negative_squared_l2_adc,182159,121736,60423,5851,79,0.04806302162055596,0.04687564906397836,0.04927891560892104,0.0013074491501580525,0.0010493009986542953,0.0016290031276830843,True,True,False,8,0.0007753563422147895,0.001962223738670003
2,genuine-score-topk-v2,20,conditional-threshold-67cd806f9410bc28e3c35a93,fiqa_5bin,0.05,negative_squared_l2_adc,182159,121736,60423,6164,176,0.05063415916409279,0.04941665529160993,0.051880022205641634,0.0029127981066812306,0.0025135488496731487,0.0033752490790286303,False,False,False,8,0.002104305195423029,0.003831845072620475
2,genuine-score-topk-v2,20,continuous-threshold-7031fa6d023583d479a74d07,continuous_fiqa,0.05,negative_squared_l2_adc,182159,121736,60423,6108,218,0.05017414733521719,0.04896196778926283,0.05141471508126756,0.0036078976548665244,0.003160361641004964,0.004118547006246349,False,False,False,8,0.0026598534285149538,0.004741984572006183
2,genuine-score-topk-v2,20,continuous-threshold-b494ad65a03ce6b56656509f,continuous_fiqa_margin,0.05,negative_squared_l2_adc,182159,121736,60423,6108,218,0.05017414733521719,0.04896196778926283,0.05141471508126756,0.0036078976548665244,0.003160361641004964,0.004118547006246349,False,False,False,8,0.0026598534285149538,0.004741984572006183
2,genuine-score-topk-v2,20,continuous-threshold-250b5c9168de7c098d61bb20,continuous_fiqa_margin_distortion,0.05,negative_squared_l2_adc,182159,121736,60423,7473,405,0.061386935664059936,0.06005232275346651,0.06274922914339198,0.006702745643215332,0.0060827725429361944,0.007385438589285661,False,False,False,8,0.004432438285065681,0.009620020261970601
2,genuine-score-topk-v2,20,continuous-threshold-349c213a7c90975f082c2b72,continuous_fiqa_runnerup,0.05,negative_squared_l2_adc,182159,121736,60423,6202,886,0.05094631004797266,0.04972520931671571,0.05219575024866805,0.014663290468861195,0.013735260186800047,0.01565302846023909,False,False,False,8,0.010980925989350172,0.018643306987369213
2,genuine-score-topk-v2,20,conditional-threshold-7b52c696c3b153da72b706de,global_safe,0.1,negative_squared_l2_adc,182159,121736,60423,11022,326,0.09054018531905106,0.08894113134891313,0.09216508001639839,0.00539529649305728,0.004841822234378011,0.006011656832000674,True,True,False,8,0.0035742731526529816,0.007445512596483169
2,genuine-score-topk-v2,20,conditional-threshold-c30cfada556279768f83a5ef,fiqa_2bin,0.1,negative_squared_l2_adc,182159,121736,60423,10864,354,0.08924229480186634,0.08765373474221581,0.09085677749770389,0.0058586961918474754,0.005280803499988853,0.006499416045422854,True,True,False,8,0.003785208982780718,0.00838679163600389
2,genuine-score-topk-v2,20,conditional-threshold-da279ecfd9c4dca0be7e1b02,fiqa_5bin,0.1,negative_squared_l2_adc,182159,121736,60423,11561,425,0.09496779917197871,0.09333368825669905,0.09662747139080358,0.007033745428065472,0.006398011090601076,0.007732157526644369,True,True,False,8,0.005490160518780688,0.008789687752485379
2,genuine-score-topk-v2,20,continuous-threshold-e0b3016e90889d3018671045,continuous_fiqa,0.1,negative_squared_l2_adc,182159,121736,60423,11335,511,0.0931113228625879,0.09149177408129869,0.094756550108365,0.008457044502921073,0.007757497833323346,0.009219087969523521,True,True,False,8,0.006460986385491249,0.010787861390625594
2,genuine-score-topk-v2,20,continuous-threshold-427d21e752360a81e8608295,continuous_fiqa_margin,0.1,negative_squared_l2_adc,182159,121736,60423,11335,511,0.0931113228625879,0.09149177408129869,0.094756550108365,0.008457044502921073,0.007757497833323346,0.009219087969523521,True,True,False,8,0.006460986385491249,0.010787861390625594
2,genuine-score-topk-v2,20,continuous-threshold-dbb65cbf2efe7b4c39be30fd,continuous_fiqa_margin_distortion,0.1,negative_squared_l2_adc,182159,121736,60423,14225,684,0.11685121903134651,0.11505873375900737,0.11866788455965864,0.011320192641874782,0.010507181694830394,0.012195336353470506,False,False,False,8,0.008162557926777935,0.015042859327942953
2,genuine-score-topk-v2,20,continuous-threshold-0db14a7cd5bcf04db9e87007,continuous_fiqa_runnerup,0.1,negative_squared_l2_adc,182159,121736,60423,12313,1152,0.10114510087402248,0.09946389125627474,0.1028514819500548,0.019065587607368054,0.01800535216190752,0.020186971035945325,False,False,False,8,0.014786701718619897,0.023657710398528438
2,genuine-score-topk-v2,20,conditional-threshold-04e432c2c44b3dd9006a5438,global_safe,0.2,negative_squared_l2_adc,182159,121736,60423,21765,1003,0.17878852599066833,0.17664620777011455,0.18095111564636376,0.016599639210234513,0.015611203399884326,0.0176495365345428,True,True,False,8,0.01189052614902765,0.02217948357070419
2,genuine-score-topk-v2,20,conditional-threshold-1e6e9eb3fb275e4e163fcf08,fiqa_2bin,0.2,negative_squared_l2_adc,182159,121736,60423,21730,1094,0.17850101859762108,0.1763600642860124,0.18066226248876519,0.01810568823130265,0.01707278458792345,0.019199861903360992,True,True,False,8,0.013117049257197115,0.024254218606093482
2,genuine-score-topk-v2,20,conditional-threshold-9ddbe2df9d12fee9df734a35,fiqa_5bin,0.2,negative_squared_l2_adc,182159,121736,60423,22664,1229,0.18617335874351054,0.18399670396113874,0.18836981890930946,0.020339936779041095,0.019244516384618084,0.02149634313057558,True,True,False,8,0.016084041603595712,0.02518434840165075
2,genuine-score-topk-v2,20,continuous-threshold-e48db8c9dad458d9c84907d8,continuous_fiqa,0.2,negative_squared_l2_adc,182159,121736,60423,22644,1256,0.1860090688046264,0.18383316355640722,0.18820478980449773,0.020786786488588782,0.019679306397311355,0.02195519572266415,True,True,False,8,0.01603584802481353,0.026282021392964493
2,genuine-score-topk-v2,20,continuous-threshold-11b803625e6133f5a317d1e0,continuous_fiqa_margin,0.2,negative_squared_l2_adc,182159,121736,60423,22644,1256,0.1860090688046264,0.18383316355640722,0.18820478980449773,0.020786786488588782,0.019679306397311355,0.02195519572266415,True,True,False,8,0.01603584802481353,0.026282021392964493
2,genuine-score-topk-v2,20,continuous-threshold-c4a6b08ba8d3c45635792903,continuous_fiqa_margin_distortion,0.2,negative_squared_l2_adc,182159,121736,60423,26454,1278,0.2173063021620556,0.2149985372664852,0.21963190766241242,0.021150886251923937,0.020033681170042252,0.022328974183459197,False,False,False,8,0.016566548601981302,0.026234533309499253
2,genuine-score-topk-v2,20,continuous-threshold-82dd6f5cf0748ffd6ff8457f,continuous_fiqa_runnerup,0.2,negative_squared_l2_adc,182159,121736,60423,24095,1502,0.19792830387067095,0.1956996494556941,0.20017602182257496,0.024858083842245502,0.02364655319810066,0.026130025987664965,True,False,False,8,0.019937205208386728,0.030107822699251656
2,genuine-score-topk-v2,20,conditional-threshold-af3d35a31c94531b91d0f871,global_safe,0.3,negative_squared_l2_adc,182159,121736,60423,32981,1736,0.27092232371689556,0.26843298739068405,0.27342611697765923,0.028730781324992138,0.027428488467821487,0.030092993292720114,True,True,False,8,0.02206511418937779,0.0362372463847471
2,genuine-score-topk-v2,20,conditional-threshold-0acb702879b15e70e9d8ef9d,fiqa_2bin,0.3,negative_squared_l2_adc,182159,121736,60423,33164,1890,0.27242557665768546,0.2699318586104597,0.2749336567702045,0.03127947966833822,0.029921044655608527,0.03269750973961471,True,True,False,8,0.02455776379218524,0.03931112311115651
2,genuine-score-topk-v2,20,conditional-threshold-29c4af86c87f981bd32578b8,fiqa_5bin,0.3,negative_squared_l2_adc,182159,121736,60423,34246,2051,0.2813136623513176,0.27879476586737867,0.28384635997957636,0.03394402793638184,0.03252952239524281,0.0354177897544203,True,True,False,8,0.02773550304219394,0.040818350828923954
2,genuine-score-topk-v2,20,continuous-threshold-b3e66632ed2f42b14f9b78d1,continuous_fiqa,0.3,negative_squared_l2_adc,182159,121736,60423,34212,2012,0.28103436945521454,0.2785162454015115,0.28356631227921997,0.03329857835592407,0.03189742570220128,0.03475906935166583,True,True,False,8,0.026744320192565844,0.04057054282655928
2,genuine-score-topk-v2,20,continuous-threshold-cb146883978ada3dddf1c5b8,continuous_fiqa_margin,0.3,negative_squared_l2_adc,182159,121736,60423,34212,2012,0.28103436945521454,0.2785162454015115,0.28356631227921997,0.03329857835592407,0.03189742570220128,0.03475906935166583,True,True,False,8,0.026744320192565844,0.04057054282655928
2,genuine-score-topk-v2,20,continuous-threshold-04eb1773f99d178cb46c869b,continuous_fiqa_margin_distortion,0.3,negative_squared_l2_adc,182159,121736,60423,38699,1986,0.317892817243872,0.3152827942513473,0.32051433289541653,0.032868278635618885,0.031476107490173766,0.03431984283316268,False,False,False,8,0.026331491436848868,0.03981750349628684
2,genuine-score-topk-v2,20,continuous-threshold-f2c8d077177d6c26f71b56a3,continuous_fiqa_runnerup,0.3,negative_squared_l2_adc,182159,121736,60423,36023,1736,0.2959108234211737,0.2933532082811089,0.2984813184887656,0.028730781324992138,0.027428488467821487,0.030092993292720114,True,True,False,8,0.023387781126699234,0.0343703011511555
2,genuine-score-topk-v2,20,conditional-threshold-ce633833ef8cada4c6ed9dd2,global_safe,0.01,negative_squared_l2_adc,182159,121736,60423,1382,1,0.011352434776894262,0.010772544526774569,0.01196316323868145,1.6549989242506992e-05,2.921485459104056e-06,9.374844928628428e-05,False,False,False,9,0.0,5.177124566255694e-05
2,genuine-score-topk-v2,20,conditional-threshold-51c22931b4359df78df4e7dc,fiqa_2bin,0.01,negative_squared_l2_adc,182159,121736,60423,1306,3,0.01072813300913452,0.010164668378257576,0.011322475250934022,4.964996772752098e-05,1.6885609984492088e-05,0.00014598007326325498,False,False,False,9,0.0,0.00013398483908531295
2,genuine-score-topk-v2,20,conditional-threshold-c409012fd32cd3e512ccc941,fiqa_5bin,0.01,negative_squared_l2_adc,182159,121736,60423,1277,6,0.010489912597752513,0.00993284520602149,0.011077872634332367,9.929993545504196e-05,4.551082047240687e-05,0.00021664848552887834,False,False,False,9,3.249161738366138e-05,0.00018777381102497317
2,genuine-score-topk-v2,20,continuous-threshold-0508993830ec44b5c60a074d,continuous_fiqa,0.01,negative_squared_l2_adc,182159,121736,60423,1302,49,0.010695275021357692,0.01013268838467212,0.011288741342610825,0.0008109494728828426,0.0006135137103244101,0.001071854188477588,False,False,False,9,0.00044587873271839434,0.0012925953899195872
2,genuine-score-topk-v2,20,continuous-threshold-fa77c625eb4cca4188b77348,continuous_fiqa_margin,0.01,negative_squared_l2_adc,182159,121736,60423,1302,49,0.010695275021357692,0.01013268838467212,0.011288741342610825,0.0008109494728828426,0.0006135137103244101,0.001071854188477588,False,False,False,9,0.00044587873271839434,0.0012925953899195872
2,genuine-score-topk-v2,20,continuous-threshold-4af06863aafcb283cad45a01,continuous_fiqa_margin_distortion,0.01,negative_squared_l2_adc,182159,121736,60423,1598,169,0.013126766116843004,0.012502590830983294,0.013781667637540025,0.0027969481819836817,0.00240628928561837,0.003250823523325154,False,False,False,9,0.001460458983306,0.0045926344877450075
2,genuine-score-topk-v2,20,continuous-threshold-476ad98b663f68c328e34e70,continuous_fiqa_runnerup,0.01,negative_squared_l2_adc,182159,121736,60423,1271,522,0.01044062561608727,0.009884891106875252,0.011027255880615625,0.00863909438458865,0.00793179472730457,0.009408867692305273,False,False,False,9,0.0059506281986666295,0.011620590631654354
2,genuine-score-topk-v2,20,conditional-threshold-b0413d6a8e254cc3c4249716,global_safe,0.05,negative_squared_l2_adc,182159,121736,60423,6263,81,0.051447394361569296,0.050220546585734736,0.05270254998375599,0.0013405491286430664,0.001078801188894841,0.001665698685944897,False,False,False,9,0.0008041736768297146,0.0019694426155334815
2,genuine-score-topk-v2,20,conditional-threshold-59da932e2eb58e573305ebca,fiqa_2bin,0.05,negative_squared_l2_adc,182159,121736,60423,6103,94,0.05013307485049615,0.048921372074105705,0.05137316841903888,0.0015556989887956572,0.0012715551408014497,0.0019032170993036205,False,False,False,9,0.0009531314573555229,0.002315487443939045
2,genuine-score-topk-v2,20,conditional-threshold-0e93ee6cbb116c7e94a2b06a,fiqa_5bin,0.05,negative_squared_l2_adc,182159,121736,60423,6260,180,0.05142275087073667,0.05019618496815219,0.05267762617490705,0.002978998063651259,0.0025749168185452242,0.0034462726071612733,False,False,False,9,0.0021919572189870212,0.0038948431134504377
2,genuine-score-topk-v2,20,continuous-threshold-fe3339689e660e6016019dfd,continuous_fiqa,0.05,negative_squared_l2_adc,182159,121736,60423,6300,224,0.051751330748504965,0.05052101302252825,0.05300993713961755,0.003707197590321566,0.0032531597219997875,0.004224336170758601,False,False,False,9,0.002744432199518637,0.004826034149255838
2,genuine-score-topk-v2,20,continuous-threshold-ab36c3ddbd44d0ab03339040,continuous_fiqa_margin,0.05,negative_squared_l2_adc,182159,121736,60423,6300,224,0.051751330748504965,0.05052101302252825,0.05300993713961755,0.003707197590321566,0.0032531597219997875,0.004224336170758601,False,False,False,9,0.002744432199518637,0.004826034149255838
2,genuine-score-topk-v2,20,continuous-threshold-3ad8841cdb5d56a374d952d9,continuous_fiqa_margin_distortion,0.05,negative_squared_l2_adc,182159,121736,60423,7359,417,0.06045048301242032,0.05912555576520002,0.061803149927261845,0.0069013455141254156,0.00627186941520393,0.0075935162080320775,False,False,False,9,0.004543784160888306,0.009923905974759149
2,genuine-score-topk-v2,20,continuous-threshold-711dde44b4a1d5a6e3a919d3,continuous_fiqa_runnerup,0.05,negative_squared_l2_adc,182159,121736,60423,6176,882,0.050732733127423275,0.04951409200785764,0.05197972719511987,0.014597090511891167,0.013671196924345473,0.015584700225688941,False,False,False,9,0.01091551732984146,0.018593097717977458
2,genuine-score-topk-v2,20,conditional-threshold-82a0d45e7f664c7f91cd4b24,global_safe,0.1,negative_squared_l2_adc,182159,121736,60423,11844,368,0.09729250180718933,0.09564042627569377,0.09896999193184611,0.006090396041242573,0.005500661380390395,0.006742928404537824,True,True,False,9,0.004034423371407808,0.00840924742396962
2,genuine-score-topk-v2,20,conditional-threshold-f4c6d4307221e544eafb45d7,fiqa_2bin,0.1,negative_squared_l2_adc,182159,121736,60423,11445,424,0.09401491752645068,0.09238825666809204,0.09566719982405962,0.0070171954388229645,0.006382240083758668,0.007714830659235595,True,True,False,9,0.004645424437645574,0.010049733219855769
2,genuine-score-topk-v2,20,conditional-threshold-7d121d235b18cddc20371cf0,fiqa_5bin,0.1,negative_squared_l2_adc,182159,121736,60423,11988,470,0.09847538936715515,0.09681428534755007,0.10016183332870132,0.0077784949439782865,0.007108624811157369,0.008510948147391147,True,False,False,9,0.00602676238601434,0.00972275531346868
2,genuine-score-topk-v2,20,continuous-threshold-16c0add5e307aea6ccdc3460,continuous_fiqa,0.1,negative_squared_l2_adc,182159,121736,60423,12082,541,0.09924755207991062,0.09758059460773398,0.1009398007633708,0.008953544180196282,0.008233047354140703,0.009736474676241547,True,False,False,9,0.006888382041195751,0.011349161711234495
2,genuine-score-topk-v2,20,continuous-threshold-4594504d50cd1b3f498f423f,continuous_fiqa_margin,0.1,negative_squared_l2_adc,182159,121736,60423,12082,541,0.09924755207991062,0.09758059460773398,0.1009398007633708,0.008953544180196282,0.008233047354140703,0.009736474676241547,True,False,False,9,0.006888382041195751,0.011349161711234495
2,genuine-score-topk-v2,20,continuous-threshold-1ff2746b10e4056b920c56d4,continuous_fiqa_margin_distortion,0.1,negative_squared_l2_adc,182159,121736,60423,14484,706,0.11897877373989617,0.11717206290420243,0.12080953056304891,0.011684292405209937,0.010857968043290112,0.012572703238536738,False,False,False,9,0.00847029159368762,0.015548191819874446
2,genuine-score-topk-v2,20,continuous-threshold-77df9211306e08165e032c6c,continuous_fiqa_runnerup,0.1,negative_squared_l2_adc,182159,121736,60423,12196,1149,0.10018400473155024,0.09850999038876994,0.10188325118673146,0.019015937639640535,0.017957097847713085,0.020135931727386223,False,False,False,9,0.014766038829148983,0.02359146087859686
2,genuine-score-topk-v2,20,conditional-threshold-616ce6611667ae7462c435aa,global_safe,0.2,negative_squared_l2_adc,182159,121736,60423,23302,1096,0.1914142077939147,0.1892139766356157,0.19363391358926277,0.018138788209787662,0.017104929544294434,0.019233912695492364,True,True,False,9,0.013057628671043474,0.024134477265576243
2,genuine-score-topk-v2,20,conditional-threshold-80c93fd846dc7d5b28a64418,fiqa_2bin,0.2,negative_squared_l2_adc,182159,121736,60423,23246,1209,0.1909541959650391,0.18875600855382427,0.19317188704433305,0.020008936994190953,0.018922540587391724,0.02115636144277835,True,True,False,9,0.01471782266257457,0.026258175752267725
2,genuine-score-topk-v2,20,conditional-threshold-34360fe4dd4c4d13ba7abc43,fiqa_5bin,0.2,negative_squared_l2_adc,182159,121736,60423,23564,1293,0.19356640599329697,0.191356677628122,0.1957954731717733,0.02139913609056154,0.020275351274681976,0.022583772192587163,True,True,False,9,0.016858810036231003,0.026737376341703853
2,genuine-score-topk-v2,20,continuous-threshold-f4959d46f730f0779e720e5c,continuous_fiqa,0.2,negative_squared_l2_adc,182159,121736,60423,24098,1322,0.1979529473615036,0.19572418722967336,0.20020076947502727,0.021879085778594244,0.02074269436608835,0.023076267454464994,True,False,False,9,0.017007480919559555,0.02744622098769669
2,genuine-score-topk-v2,20,continuous-threshold-6406fe0a68c73c15864bfa5c,continuous_fiqa_margin,0.2,negative_squared_l2_adc,182159,121736,60423,24098,1322,0.1979529473615036,0.19572418722967336,0.20020076947502727,0.021879085778594244,0.02074269436608835,0.023076267454464994,True,False,False,9,0.017007480919559555,0.02744622098769669
2,genuine-score-topk-v2,20,continuous-threshold-3f04e0e1f0cb629eb87698e5,continuous_fiqa_margin_distortion,0.2,negative_squared_l2_adc,182159,121736,60423,27132,1319,0.22287573109022804,0.22054665392936998,0.22522229737304447,0.021829435810866722,0.02069434165351153,0.02302532654428827,False,False,False,9,0.01722715618467355,0.026995874483909024
2,genuine-score-topk-v2,20,continuous-threshold-27c51298d1f4bd9b13489320,continuous_fiqa_runnerup,0.2,negative_squared_l2_adc,182159,121736,60423,24121,1503,0.19814188079122036,0.1959123106112284,0.20039050102944697,0.02487463383148801,0.023662699647736617,0.026146977412280198,True,False,False,9,0.019938584704061225,0.03007420673119279
2,genuine-score-topk-v2,20,conditional-threshold-ee56a50c70b8d9666b06ff46,global_safe,0.3,negative_squared_l2_adc,182159,121736,60423,34872,1867,0.28645593743839126,0.2839230333642303,0.28900231813142907,0.030898829915760553,0.029548616507261472,0.03230868678018463,True,True,False,9,0.023946979886894013,0.038816374443974656
2,genuine-score-topk-v2,20,conditional-threshold-17191cd59760f62ee7a42f9f,fiqa_2bin,0.3,negative_squared_l2_adc,182159,121736,60423,35118,2037,0.2884767036866662,0.28593840537811793,0.2910283510849236,0.033712328086986744,0.03230259960817391,0.035181342301972694,True,True,False,9,0.026677267290946098,0.04203234335697558
2,genuine-score-topk-v2,20,conditional-threshold-33b4121c6b388ef737275dde,fiqa_5bin,0.3,negative_squared_l2_adc,182159,121736,60423,35431,2134,0.29104784123020305,0.28850276862049834,0.29360610066689535,0.035317677043509924,0.03387521435947592,0.036819221353035086,True,True,False,9,0.028843480961091673,0.04245199458216119
2,genuine-score-topk-v2,20,continuous-threshold-ad32fb869a407ca53672be12,continuous_fiqa,0.3,negative_squared_l2_adc,182159,121736,60423,35917,2105,0.29504008674508775,0.29248469158477175,0.29760841678452343,0.034837727355477216,0.033404963134511155,0.03632963422471564,True,True,False,9,0.02819759299790182,0.04229479528609013
2,genuine-score-topk-v2,20,continuous-threshold-14dc3d75429037ba7095b619,continuous_fiqa_margin,0.3,negative_squared_l2_adc,182159,121736,60423,35917,2105,0.29504008674508775,0.29248469158477175,0.29760841678452343,0.034837727355477216,0.033404963134511155,0.03632963422471564,True,True,False,9,0.02819759299790182,0.04229479528609013
2,genuine-score-topk-v2,20,continuous-threshold-6e51a6e37852425a7794c7e0,continuous_fiqa_margin_distortion,0.3,negative_squared_l2_adc,182159,121736,60423,39557,2034,0.3249408556220017,0.3223154709897172,0.32757728811645287,0.03366267811925922,0.032253975656781377,0.03513067263061168,False,False,False,9,0.027163590176936585,0.04070496752817723
2,genuine-score-topk-v2,20,continuous-threshold-786a8d989263ee6a83ef6266,continuous_fiqa_runnerup,0.3,negative_squared_l2_adc,182159,121736,60423,35982,1736,0.2955740290464612,0.29301727124853344,0.2981436880267773,0.028730781324992138,0.027428488467821487,0.030092993292720114,True,True,False,9,0.02339706200588234,0.03433608352339818
2,genuine-score-topk-v2,20,conditional-threshold-96e47ff069aaf7b6e36fbdc7,global_safe,0.01,negative_squared_l2_adc,182159,121736,60423,1339,1,0.010999211408293356,0.010428555608992586,0.011600727710945407,1.6549989242506992e-05,2.921485459104056e-06,9.374844928628428e-05,False,False,False,10,0.0,5.177124566255694e-05
2,genuine-score-topk-v2,20,conditional-threshold-25dc0e641a8d1391fec3661f,fiqa_2bin,0.01,negative_squared_l2_adc,182159,121736,60423,1268,1,0.01041598212525465,0.009860915272703405,0.011001946288355985,1.6549989242506992e-05,2.921485459104056e-06,9.374844928628428e-05,False,False,False,10,0.0,5.177124566255694e-05
2,genuine-score-topk-v2,20,conditional-threshold-6ce362bb7c4bba6d68535950,fiqa_5bin,0.01,negative_squared_l2_adc,182159,121736,60423,1208,5,0.009923112308602221,0.009381573456641552,0.01049557957578803,8.274994621253496e-05,3.53463323530083e-05,0.00019371509939709752,True,False,False,10,1.6992392399603465e-05,0.00016519424390304597
2,genuine-score-topk-v2,20,continuous-threshold-e91e96a6341bd78a33a49f18,continuous_fiqa,0.01,negative_squared_l2_adc,182159,121736,60423,1237,50,0.010161332719984229,0.009613213182385014,0.010740365638882308,0.0008274994621253496,0.000627782406336486,0.0010906833667166916,False,False,False,10,0.00045450345682837594,0.001328239101642651
2,genuine-score-topk-v2,20,continuous-threshold-502fba5fefb8b5527c65bb2d,continuous_fiqa_margin,0.01,negative_squared_l2_adc,182159,121736,60423,1237,50,0.010161332719984229,0.009613213182385014,0.010740365638882308,0.0008274994621253496,0.000627782406336486,0.0010906833667166916,False,False,False,10,0.00045450345682837594,0.001328239101642651
2,genuine-score-topk-v2,20,continuous-threshold-627e453cc8ea2fd3e414e6be,continuous_fiqa_margin_distortion,0.01,negative_squared_l2_adc,182159,121736,60423,1737,136,0.014268581192087796,0.013617536910089708,0.01495027964975933,0.002250798536980951,0.001903275137841287,0.0026616078208133174,False,False,False,10,0.0011424186417430136,0.0037473049164653853
2,genuine-score-topk-v2,20,continuous-threshold-03aa5e8b99e26b22367496df,continuous_fiqa_runnerup,0.01,negative_squared_l2_adc,182159,121736,60423,1264,522,0.010383124137477821,0.00982894876061676,0.010968198898533977,0.00863909438458865,0.00793179472730457,0.009408867692305273,False,False,False,10,0.005939235235465582,0.011636577198889678
2,genuine-score-topk-v2,20,conditional-threshold-ee800b677d1179a299315ac0,global_safe,0.05,negative_squared_l2_adc,182159,121736,60423,5913,74,0.0485723204310968,0.047378906262719206,0.04979422388976433,0.0012246992039455175,0.0009757533036818375,0.001537061451399645,True,True,False,10,0.0007275738770829804,0.0018005454812302759
2,genuine-score-topk-v2,20,conditional-threshold-7e69599fc1c0b1156d5ddca2,fiqa_2bin,0.05,negative_squared_l2_adc,182159,121736,60423,5843,85,0.0479973056450023,0.04681071534999153,0.04921242151909056,0.0014067490856130944,0.0011379314483918592,0.0017389599234525965,True,True,False,10,0.0008557417858695852,0.0020953335604663092
2,genuine-score-topk-v2,20,conditional-threshold-75aa623fe4b84cad0c96c7a4,fiqa_5bin,0.05,negative_squared_l2_adc,182159,121736,60423,6035,165,0.049574489058290074,0.048369293087748615,0.050808111072948865,0.002730748225013654,0.0023450782801263505,0.0031796430318124557,True,False,False,10,0.0019800934747787437,0.0035808706587070705
2,genuine-score-topk-v2,20,continuous-threshold-a1edf1ea30939183b57713a8,continuous_fiqa,0.05,negative_squared_l2_adc,182159,121736,60423,5892,208,0.04839981599526845,0.04720844404634193,0.049619688121121164,0.0034423977624414544,0.003005901419443661,0.003942028485295859,True,True,False,10,0.002512862479277659,0.004501894115848713
2,genuine-score-topk-v2,20,continuous-threshold-ae202eb3e2f90ba2bd9523bf,continuous_fiqa_margin,0.05,negative_squared_l2_adc,182159,121736,60423,5892,208,0.04839981599526845,0.04720844404634193,0.049619688121121164,0.0034423977624414544,0.003005901419443661,0.003942028485295859,True,True,False,10,0.002512862479277659,0.004501894115848713
2,genuine-score-topk-v2,20,continuous-threshold-c2f91d0b515b3b1db2beb892,continuous_fiqa_margin_distortion,0.05,negative_squared_l2_adc,182159,121736,60423,7365,385,0.06049976999408556,0.05917433072438446,0.06185294582094037,0.006371745858365192,0.005767934878734631,0.0070383187684636365,False,False,False,10,0.004157401162610337,0.009178579438961807
2,genuine-score-topk-v2,20,continuous-threshold-8fab3efae80ca8c3943576f2,continuous_fiqa_runnerup,0.05,negative_squared_l2_adc,182159,121736,60423,6243,889,0.051283104422685154,0.05005813729843777,0.0525363897615097,0.014712940436588716,0.013783310931063622,0.01570427133872905,False,False,False,10,0.011013409943265148,0.018726583713312327
2,genuine-score-topk-v2,20,conditional-threshold-d429a16c8f3c4211977b5cd3,global_safe,0.1,negative_squared_l2_adc,182159,121736,60423,11225,334,0.09220772819872511,0.09059533821868318,0.09384585366849252,0.0055276964069973355,0.004967140562006437,0.006151121498381683,True,True,False,10,0.0036479810066473947,0.0076633519136023375
2,genuine-score-topk-v2,20,conditional-threshold-a520f9971c4f3fc047c0727a,fiqa_2bin,0.1,negative_squared_l2_adc,182159,121736,60423,11040,375,0.09068804626404679,0.08908780317355672,0.09231412075034376,0.006206245965940122,0.005610676023492035,0.00686459888119444,True,True,False,10,0.0040102168689949485,0.008909462355650865
2,genuine-score-topk-v2,20,conditional-threshold-325276e3bdc0d63e18bdfd6f,fiqa_5bin,0.1,negative_squared_l2_adc,182159,121736,60423,11594,426,0.09523887757113754,0.0936026565176669,0.0969006428205821,0.007050295417307979,0.006413783029668242,0.00774948346182838,True,True,False,10,0.00543519398096899,0.00889138328989898
2,genuine-score-topk-v2,20,continuous-threshold-d23e45fe3bf3d1a0f83db7e6,continuous_fiqa,0.1,negative_squared_l2_adc,182159,121736,60423,11373,498,0.09342347374646777,0.09180146281417173,0.09507114344362416,0.008241894642768482,0.007551621434348197,0.008994692003233341,True,True,False,10,0.006323960066477902,0.010463493277893442
2,genuine-score-topk-v2,20,continuous-threshold-612d15e951c8310743b8d4ac,continuous_fiqa_margin,0.1,negative_squared_l2_adc,182159,121736,60423,11373,498,0.09342347374646777,0.09180146281417173,0.09507114344362416,0.008241894642768482,0.007551621434348197,0.008994692003233341,True,True,False,10,0.006323960066477902,0.010463493277893442
2,genuine-score-topk-v2,20,continuous-threshold-84b156875298a6cb25ecb211,continuous_fiqa_margin_distortion,0.1,negative_squared_l2_adc,182159,121736,60423,14274,685,0.11725372938161267,0.1154585382176679,0.11907307539937913,0.011336742631117289,0.010523121775953548,0.01221249414659853,False,False,False,10,0.008239066089140617,0.015032691649640119
2,genuine-score-topk-v2,20,continuous-threshold-6e60aa1a7f5fc83cb22e69f4,continuous_fiqa_runnerup,0.1,negative_squared_l2_adc,182159,121736,60423,12316,1155,0.1011697443648551,0.09948835087761233,0.10287630775514868,0.019115237575095576,0.018053608394934847,0.020238008425671535,False,False,False,10,0.014839664535413502,0.023707084600835763
2,genuine-score-topk-v2,20,conditional-threshold-75f4f9addd92f881afba1ad0,global_safe,0.2,negative_squared_l2_adc,182159,121736,60423,22073,1020,0.18131859104948414,0.17916435896453697,0.18349293489890767,0.016880989027357133,0.01588408983804833,0.017939313958648846,True,True,False,10,0.012080941499733624,0.02246283782276365
2,genuine-score-topk-v2,20,conditional-threshold-b9cdcd1f34ad9a011358ca91,fiqa_2bin,0.2,negative_squared_l2_adc,182159,121736,60423,22238,1126,0.18267398304527832,0.18051343335081163,0.18485455896636502,0.018635287887062875,0.01758721265078514,0.019744565816537052,True,True,False,10,0.013551126000707384,0.024827454830319732
2,genuine-score-topk-v2,20,conditional-threshold-083117eda3a9247bf56219d3,fiqa_5bin,0.2,negative_squared_l2_adc,182159,121736,60423,22880,1239,0.1879476900834593,0.1857629811478513,0.19015209242566425,0.020505436671466162,0.01940553348226634,0.021666304775439113,True,True,False,10,0.016151138227060897,0.025515155426964125
2,genuine-score-topk-v2,20,continuous-threshold-ca8591065ddd2374bfc52358,continuous_fiqa,0.2,negative_squared_l2_adc,182159,121736,60423,22829,1263,0.18752875073930472,0.1853459367620857,0.1897312845620945,0.02090263641328633,0.019792052257765032,0.022074134981968727,True,True,False,10,0.016207825009098873,0.026350881583960775
2,genuine-score-topk-v2,20,continuous-threshold-8bef31e6635fd0a8c860f5d9,continuous_fiqa_margin,0.2,negative_squared_l2_adc,182159,121736,60423,22829,1263,0.18752875073930472,0.1853459367620857,0.1897312845620945,0.02090263641328633,0.019792052257765032,0.022074134981968727,True,True,False,10,0.016207825009098873,0.026350881583960775
2,genuine-score-topk-v2,20,continuous-threshold-5bb198aafb56a9d288e27118,continuous_fiqa_margin_distortion,0.2,negative_squared_l2_adc,182159,121736,60423,26720,1292,0.21949135834921468,0.21717515891890124,0.22182526048692183,0.021382586101319035,0.020259238666951687,0.022566786926066278,False,False,False,10,0.016765141837795466,0.026541636341692147
2,genuine-score-topk-v2,20,continuous-threshold-80d51b656147a05e375c4c75,continuous_fiqa_runnerup,0.2,negative_squared_l2_adc,182159,121736,60423,24179,1505,0.19861832161398435,0.19638671221656648,0.20086895100178434,0.024907733809973024,0.023694992980031193,0.026180879828487977,True,False,False,10,0.019987564309243307,0.03012980685144853
2,genuine-score-topk-v2,20,conditional-threshold-3718018b07b5238db4bb9b93,global_safe,0.3,negative_squared_l2_adc,182159,121736,60423,33387,1763,0.27425740947624366,0.2717584005470586,0.2767706648650131,0.02917763103453983,0.027865304035891304,0.030549820329432147,True,True,False,10,0.02251070241303458,0.03672637849089042
2,genuine-score-topk-v2,20,conditional-threshold-79ed421e28c44fb2774d592b,fiqa_2bin,0.3,negative_squared_l2_adc,182159,121736,60423,33581,1918,0.27585102188341987,0.27334745329916016,0.27836873635548126,0.03174287936712841,0.03037450920480684,0.033170785669449414,True,True,False,10,0.02496293677315505,0.03998155528390844
2,genuine-score-topk-v2,20,conditional-threshold-d711b9092e70e2b326cf1a5d,fiqa_5bin,0.3,negative_squared_l2_adc,182159,121736,60423,34328,2050,0.2819872511007426,0.279466496652201,0.2845217641838814,0.03392747794713934,0.032513313025406575,0.03540090125000537,True,True,False,10,0.02764696371250335,0.040869742497430736
2,genuine-score-topk-v2,20,continuous-threshold-cc931b8296451ee021a8b2d3,continuous_fiqa,0.3,negative_squared_l2_adc,182159,121736,60423,34015,1997,0.27941611355720575,0.2769024888287275,0.2819436591830028,0.03305032851728646,0.031654349631975214,0.03450567730812421,True,True,False,10,0.02660765720542606,0.04025315735061231
2,genuine-score-topk-v2,20,continuous-threshold-a8b8f5564ce51ca0c308012f,continuous_fiqa_margin,0.3,negative_squared_l2_adc,182159,121736,60423,34015,1997,0.27941611355720575,0.2769024888287275,0.2819436591830028,0.03305032851728646,0.031654349631975214,0.03450567730812421,True,True,False,10,0.02660765720542606,0.04025315735061231
2,genuine-score-topk-v2,20,continuous-threshold-975cb03b702ae1d972dc7e7d,continuous_fiqa_margin_distortion,0.3,negative_squared_l2_adc,182159,121736,60423,38701,1981,0.3179092462377604,0.31529918663857953,0.32053079745913865,0.03278552868940635,0.03139509217977077,0.03423536877230979,False,False,False,10,0.02637760924865624,0.03964770511631906
2,genuine-score-topk-v2,20,continuous-threshold-8efdd54101ed06d7628c85e2,continuous_fiqa_runnerup,0.3,negative_squared_l2_adc,182159,121736,60423,36028,1739,0.2959518959058947,0.2933941763265298,0.29852249282073046,0.02878043129271966,0.027477019352982683,0.03014375603031246,True,True,False,10,0.023437003861105584,0.0344043401315127
2,genuine-score-topk-v2,20,conditional-threshold-95b9ed5fe386eb90f5277513,global_safe,0.01,negative_squared_l2_adc,182159,121736,60423,1203,1,0.009882039823881186,0.009341643754495966,0.010453366900547802,1.6549989242506992e-05,2.921485459104056e-06,9.374844928628428e-05,True,False,False,11,0.0,5.177124566255694e-05
2,genuine-score-topk-v2,20,conditional-threshold-70db9a707b80d40f68c4daae,fiqa_2bin,0.01,negative_squared_l2_adc,182159,121736,60423,1201,2,0.009865610829992771,0.009325672557358824,0.010436481146730613,3.3099978485013984e-05,9.077254918429269e-06,0.00012069055407813844,True,False,False,11,0.0,0.00010354249132511387
2,genuine-score-topk-v2,20,conditional-threshold-7b0dcb0638eb8b250a4782fc,fiqa_5bin,0.01,negative_squared_l2_adc,182159,121736,60423,1140,5,0.009364526516396136,0.008838744149360245,0.009921272550622223,8.274994621253496e-05,3.53463323530083e-05,0.00019371509939709752,True,True,False,11,1.6992392399603465e-05,0.00016519424390304597
2,genuine-score-topk-v2,20,continuous-threshold-a0c32435f01fb8bb3f64a2f5,continuous_fiqa,0.01,negative_squared_l2_adc,182159,121736,60423,1252,46,0.010284550174147335,0.009733057975912826,0.010866947977511948,0.0007612995051553217,0.0005708484555131812,0.0010152258205352789,False,False,False,11,0.00041824769911061533,0.0012299200856708378
2,genuine-score-topk-v2,20,continuous-threshold-5508730c82a3f8cab8509c02,continuous_fiqa_margin,0.01,negative_squared_l2_adc,182159,121736,60423,1252,46,0.010284550174147335,0.009733057975912826,0.010866947977511948,0.0007612995051553217,0.0005708484555131812,0.0010152258205352789,False,False,False,11,0.00041824769911061533,0.0012299200856708378
2,genuine-score-topk-v2,20,continuous-threshold-a397b6952620e715ffee8866,continuous_fiqa_margin_distortion,0.01,negative_squared_l2_adc,182159,121736,60423,1590,131,0.013061050141289348,0.012438457581229615,0.0137143730834764,0.002168048590768416,0.0018275004629854583,0.0025718931244132492,False,False,False,11,0.0010660721692281867,0.0036336779832499473
2,genuine-score-topk-v2,20,continuous-threshold-326c61743fbf6ebd18453b9e,continuous_fiqa_runnerup,0.01,negative_squared_l2_adc,182159,121736,60423,1208,514,0.009923112308602221,0.009381573456641552,0.01049557957578803,0.008506694470648593,0.007805024955444882,0.009270854470155522,True,False,False,11,0.005852250683090802,0.01149999406787141
2,genuine-score-topk-v2,20,conditional-threshold-59760458c0128bae94001448,global_safe,0.05,negative_squared_l2_adc,182159,121736,60423,6112,81,0.05020700532299402,0.04899444452531648,0.05144795224712258,0.0013405491286430664,0.001078801188894841,0.001665698685944897,False,False,False,11,0.0008041736768297146,0.0019694426155334815
2,genuine-score-topk-v2,20,conditional-threshold-4fa02c2a49884cb29db01cd0,fiqa_2bin,0.05,negative_squared_l2_adc,182159,121736,60423,5995,99,0.04924590918052178,0.048044560708192005,0.05047570443341892,0.0016384489350081922,0.0013461051036167651,0.0019941565077442017,True,False,False,11,0.001005215106591111,0.0024186518726770374
2,genuine-score-topk-v2,20,conditional-threshold-c674db1b25d94cddfa37645b,fiqa_5bin,0.05,negative_squared_l2_adc,182159,121736,60423,5994,177,0.049237694683577575,0.04803644258981657,0.0504673940763172,0.0029293480959237377,0.0025288857240994434,0.003393010078853516,True,False,False,11,0.00213971548366908,0.0038182953223235006
2,genuine-score-topk-v2,20,continuous-threshold-b4a5fbc9198998c7a0d3de61,continuous_fiqa,0.05,negative_squared_l2_adc,182159,121736,60423,6092,214,0.05004271538410988,0.048832062303430096,0.051281764959465695,0.0035416976978964966,0.0030985463619451234,0.004047970788301472,False,False,False,11,0.0026161159136822046,0.004640092144650097
2,genuine-score-topk-v2,20,continuous-threshold-08bbdb9b5933ba32ea0b5fb4,continuous_fiqa_margin,0.05,negative_squared_l2_adc,182159,121736,60423,6092,214,0.05004271538410988,0.048832062303430096,0.051281764959465695,0.0035416976978964966,0.0030985463619451234,0.004047970788301472,False,False,False,11,0.0026161159136822046,0.004640092144650097
2,genuine-score-topk-v2,20,continuous-threshold-f4c845e1cdde02acc30c2cba,continuous_fiqa_margin_distortion,0.05,negative_squared_l2_adc,182159,121736,60423,7456,399,0.06124728921600841,0.05991411496396903,0.06260815284977768,0.00660344570776029,0.005988277799201193,0.007281346087513586,False,False,False,11,0.004332482403746833,0.009482633904003782
2,genuine-score-topk-v2,20,continuous-threshold-91810be31fe9a3d7eecabb9e,continuous_fiqa_runnerup,0.05,negative_squared_l2_adc,182159,121736,60423,6083,883,0.04996878491161201,0.04875899149538574,0.05120697948821557,0.014613640501133673,0.013687212267325638,0.015601782756959958,True,False,False,11,0.010933306470202714,0.018596843825945973
2,genuine-score-topk-v2,20,conditional-threshold-a504bf6d2eabbafe9f68f3b7,global_safe,0.1,negative_squared_l2_adc,182159,121736,60423,11791,359,0.09685713346914634,0.09520839986272858,0.09853130914452163,0.00594144613806001,0.005359297360394241,0.006586411556273363,True,True,False,11,0.003952404808883387,0.008184922815631018
2,genuine-score-topk-v2,20,conditional-threshold-fb1efb6d53b0b057d879dfbf,fiqa_2bin,0.1,negative_squared_l2_adc,182159,121736,60423,11272,410,0.09259380955510285,0.09097835505829384,0.09423497517630856,0.006785495589427867,0.006161545738008698,0.0074721547654690535,True,True,False,11,0.004445767843883473,0.009755931386369914
2,genuine-score-topk-v2,20,conditional-threshold-e6608c948b7d7306c209e64c,fiqa_5bin,0.1,negative_squared_l2_adc,182159,121736,60423,11788,461,0.09683248997831373,0.09518394584451596,0.09850647773630276,0.007629545040795723,0.006966364134070283,0.008355327956217616,True,True,False,11,0.005910461712208115,0.009605689270496503
2,genuine-score-topk-v2,20,continuous-threshold-a3b547d4f29cfc8a8572eca2,continuous_fiqa,0.1,negative_squared_l2_adc,182159,121736,60423,12092,540,0.0993296970493527,0.0976621187184954,0.101022561407381,0.008936994190953776,0.008217185980037489,0.00971923817609358,True,False,False,11,0.006877267551797039,0.011301257761905038
2,genuine-score-topk-v2,20,continuous-threshold-4dd4c77096147d7efc5ae703,continuous_fiqa_margin,0.1,negative_squared_l2_adc,182159,121736,60423,12092,540,0.0993296970493527,0.0976621187184954,0.101022561407381,0.008936994190953776,0.008217185980037489,0.00971923817609358,True,False,False,11,0.006877267551797039,0.011301257761905038
2,genuine-score-topk-v2,20,continuous-threshold-3ee371dec35fdce424b9d86c,continuous_fiqa_margin_distortion,0.1,negative_squared_l2_adc,182159,121736,60423,14539,698,0.11943057107182756,0.11762086362067717,0.12126429599781816,0.01155189249126988,0.010730384256141054,0.012435504031676358,False,False,False,11,0.008375567122997536,0.01527201652161085
2,genuine-score-topk-v2,20,continuous-threshold-a3ad98fa60a446d43a42c638,continuous_fiqa_runnerup,0.1,negative_squared_l2_adc,182159,121736,60423,12362,1158,0.10154761122428863,0.0998634022929452,0.10325696621176532,0.019164887542823097,0.018101866539475257,0.020289043903884668,False,False,False,11,0.014897409606329005,0.02374981875056388
2,genuine-score-topk-v2,20,conditional-threshold-8a05248a1f24ace7a8f52c54,global_safe,0.2,negative_squared_l2_adc,182159,121736,60423,23493,1110,0.19298317671025828,0.19077601154160057,0.19520971749941618,0.01837048805918276,0.01732996979606649,0.019472242683236822,True,True,False,11,0.013247791586457443,0.024422651859043385
2,genuine-score-topk-v2,20,conditional-threshold-9252734434fe0d566e23e79a,fiqa_2bin,0.2,negative_squared_l2_adc,182159,121736,60423,22747,1177,0.18685516198987975,0.18467540350123365,0.18905468283381918,0.01947933733843073,0.01840754537933824,0.020612224674794094,True,True,False,11,0.014285854185219304,0.025750862207829444
2,genuine-score-topk-v2,20,conditional-threshold-61df5efbefcf5ba47e147bcb,fiqa_5bin,0.2,negative_squared_l2_adc,182159,121736,60423,23256,1284,0.19103634093448119,0.1888377882099118,0.19325439214301723,0.021250186187378978,0.020130344308403936,0.022430898290604587,True,True,False,11,0.016674066657370812,0.0264584744494074
2,genuine-score-topk-v2,20,continuous-threshold-d43e344966b7bd0ea1dc3beb,continuous_fiqa,0.2,negative_squared_l2_adc,182159,121736,60423,24113,1321,0.1980761648156667,0.19584687630174002,0.20032450753511805,0.021862535789351736,0.020726576620764322,0.02305928732553784,True,False,False,11,0.0169903601669425,0.027404137167357893
2,genuine-score-topk-v2,20,continuous-threshold-3398ee11ff119d39c847acf3,continuous_fiqa_margin,0.2,negative_squared_l2_adc,182159,121736,60423,24113,1321,0.1980761648156667,0.19584687630174002,0.20032450753511805,0.021862535789351736,0.020726576620764322,0.02305928732553784,True,False,False,11,0.0169903601669425,0.027404137167357893
2,genuine-score-topk-v2,20,continuous-threshold-e8920700c15135ef7d61404a,continuous_fiqa_margin_distortion,0.2,negative_squared_l2_adc,182159,121736,60423,26976,1303,0.22159426956693173,0.21927004199270278,0.2239360671352742,0.02156463598298661,0.020436487216493153,0.022753614993287784,False,False,False,11,0.017004330819712178,0.026676322607046325
2,genuine-score-topk-v2,20,continuous-threshold-0ddb62845a4fcbde1c50a36a,continuous_fiqa_runnerup,0.2,negative_squared_l2_adc,182159,121736,60423,24285,1509,0.19948905829007033,0.19725373500737123,0.20174334661155893,0.02497393376694305,0.023759581372793142,0.026248682932730746,True,False,False,11,0.020022000144724834,0.03017775475377723
2,genuine-score-topk-v2,20,conditional-threshold-dda2be9c2af060e5de52b8ad,global_safe,0.3,negative_squared_l2_adc,182159,121736,60423,34976,1877,0.28731024512058884,0.28477505300808226,0.2898588599372022,0.031064329808185624,0.029710535003591526,0.03247774702636637,True,True,False,11,0.024138835333558845,0.0389864620965315
2,genuine-score-topk-v2,20,conditional-threshold-9ec5cbde8c68729123ccab86,fiqa_2bin,0.3,negative_squared_l2_adc,182159,121736,60423,34602,1999,0.2842380232634553,0.28171111113604375,0.2867785519807814,0.03308342849577148,0.03168675853829003,0.034539464150311755,True,True,False,11,0.02611389274854408,0.04124442275416983
2,genuine-score-topk-v2,20,conditional-threshold-7c8ba065364bc1d4abeb3a03,fiqa_5bin,0.3,negative_squared_l2_adc,182159,121736,60423,35144,2128,0.28869028060721563,0.2861514157861913,0.29124248103925654,0.03521837710805488,0.033777914968535536,0.036717933498468386,True,True,False,11,0.02873634444800171,0.04236704539569199
2,genuine-score-topk-v2,20,continuous-threshold-73e460c94391baff720c7ca0,continuous_fiqa,0.3,negative_squared_l2_adc,182159,121736,60423,35800,2096,0.2940789906026155,0.2915260588304114,0.2966449179080557,0.03468877745229466,0.03325903816255563,0.03617767832841056,True,True,False,11,0.028059182805699946,0.04213401854480636
2,genuine-score-topk-v2,20,continuous-threshold-fe1d0a85954f991b30333b3f,continuous_fiqa_margin,0.3,negative_squared_l2_adc,182159,121736,60423,35800,2096,0.2940789906026155,0.2915260588304114,0.2966449179080557,0.03468877745229466,0.03325903816255563,0.03617767832841056,True,True,False,11,0.028059182805699946,0.04213401854480636
2,genuine-score-topk-v2,20,continuous-threshold-5b5bfec238af73b6a0e4c1e2,continuous_fiqa_margin_distortion,0.3,negative_squared_l2_adc,182159,121736,60423,39098,2005,0.3211704015246106,0.3185531496278118,0.3237989392343402,0.03318272843122652,0.03178398754363356,0.0346408223904753,False,False,False,11,0.02676251471146492,0.04018501255736137
2,genuine-score-topk-v2,20,continuous-threshold-11c623e67ad46697c8893b27,continuous_fiqa_runnerup,0.3,negative_squared_l2_adc,182159,121736,60423,35993,1737,0.2956643885128475,0.29310740053179785,0.29823427197376173,0.028747331314234646,0.027444665312646898,0.030109914322145884,True,True,False,11,0.02338108967681051,0.03437817415175931
2,genuine-score-topk-v2,20,conditional-threshold-3031cd18f3d7b50470e2ac42,global_safe,0.01,negative_squared_l2_adc,182159,121736,60423,1407,1,0.011557797200499442,0.010972606205988642,0.012173813446396464,1.6549989242506992e-05,2.921485459104056e-06,9.374844928628428e-05,False,False,False,12,0.0,5.177124566255694e-05
2,genuine-score-topk-v2,20,conditional-threshold-4411b1867ddbea4b41ea2139,fiqa_2bin,0.01,negative_squared_l2_adc,182159,121736,60423,1306,3,0.01072813300913452,0.010164668378257576,0.011322475250934022,4.964996772752098e-05,1.6885609984492088e-05,0.00014598007326325498,False,False,False,12,0.0,0.00013398483908531295
2,genuine-score-topk-v2,20,conditional-threshold-e06cc0dc2ee2901bb2d596d5,fiqa_5bin,0.01,negative_squared_l2_adc,182159,121736,60423,1228,5,0.010087402247486364,0.009541316416309585,0.010664406125663266,8.274994621253496e-05,3.53463323530083e-05,0.00019371509939709752,False,False,False,12,1.6992392399603465e-05,0.00016519424390304597
2,genuine-score-topk-v2,20,continuous-threshold-90aa404fec353fa0872fa039,continuous_fiqa,0.01,negative_squared_l2_adc,182159,121736,60423,1296,44,0.01064598803969245,0.010084721005402916,0.011238137869017048,0.0007281995266703076,0.0005425298697099643,0.000977348657836137,False,False,False,12,0.00039776358206265484,0.0011777433173670822
2,genuine-score-topk-v2,20,continuous-threshold-944c16face70de81bd801517,continuous_fiqa_margin,0.01,negative_squared_l2_adc,182159,121736,60423,1296,44,0.01064598803969245,0.010084721005402916,0.011238137869017048,0.0007281995266703076,0.0005425298697099643,0.000977348657836137,False,False,False,12,0.00039776358206265484,0.0011777433173670822
2,genuine-score-topk-v2,20,continuous-threshold-14e39c5f5ea37071205314a1,continuous_fiqa_margin_distortion,0.01,negative_squared_l2_adc,182159,121736,60423,1716,134,0.014096076756259446,0.0134490181271859,0.014773800447642704,0.002217698558495937,0.0018729496404369579,0.002625737569715288,False,False,False,12,0.0011174928624363028,0.003698616039801646
2,genuine-score-topk-v2,20,continuous-threshold-58fbf977aa70e1b110fb196d,continuous_fiqa_runnerup,0.01,negative_squared_l2_adc,182159,121736,60423,1261,517,0.010358480646645199,0.009804974830376026,0.010942887402343216,0.008556344438376115,0.007852558403535657,0.009322614644818287,False,False,False,12,0.005901908903143002,0.011527067528653978
2,genuine-score-topk-v2,20,conditional-threshold-5159d84f2a9d6f7ea9a3c958,global_safe,0.05,negative_squared_l2_adc,182159,121736,60423,6268,81,0.05148846684629033,0.050261149457442374,0.052744089489434175,0.0013405491286430664,0.001078801188894841,0.001665698685944897,False,False,False,12,0.0008041736768297146,0.0019694426155334815
2,genuine-score-topk-v2,20,conditional-threshold-ff2b49da8e7f222ee5600998,fiqa_2bin,0.05,negative_squared_l2_adc,182159,121736,60423,6137,102,0.0504123677465992,0.04919742741830193,0.05165568124106621,0.0016880989027357133,0.0013909337230744146,0.0020486215110400905,False,False,False,12,0.00103828317794004,0.0024775161119938126
2,genuine-score-topk-v2,20,conditional-threshold-41dd7baa808313a6dec3221f,fiqa_5bin,0.05,negative_squared_l2_adc,182159,121736,60423,6151,178,0.050527370703818096,0.04931110030985632,0.05177200700619211,0.0029458980851662445,0.0025442260294088865,0.0034107676477952513,False,False,False,12,0.0021344738799220758,0.0038501592496622272
2,genuine-score-topk-v2,20,continuous-threshold-a1512bd7cc7a7d56e0735360,continuous_fiqa,0.05,negative_squared_l2_adc,182159,121736,60423,6337,222,0.052055267135440626,0.05082149139035357,0.05331731236444726,0.003674097611836552,0.003222217186842449,0.004189082957413582,False,False,False,12,0.0027138410111450786,0.004795179661157471
2,genuine-score-topk-v2,20,continuous-threshold-dfe7d830f0fc04c29f05073b,continuous_fiqa_margin,0.05,negative_squared_l2_adc,182159,121736,60423,6337,222,0.052055267135440626,0.05082149139035357,0.05331731236444726,0.003674097611836552,0.003222217186842449,0.004189082957413582,False,False,False,12,0.0027138410111450786,0.004795179661157471
2,genuine-score-topk-v2,20,continuous-threshold-a810dc45d63bf583a960a42a,continuous_fiqa_margin_distortion,0.05,negative_squared_l2_adc,182159,121736,60423,7670,398,0.06300519156206874,0.06165404993561782,0.06438391163024187,0.006586895718517783,0.005972532236927098,0.007263993775536502,False,False,False,12,0.004349249110148301,0.009441560285988308
2,genuine-score-topk-v2,20,continuous-threshold-a1f4e058bc7c961e4ade69e4,continuous_fiqa_runnerup,0.05,negative_squared_l2_adc,182159,121736,60423,6172,880,0.050699875139646446,0.049481612958836116,0.05194649234223274,0.014563990533406153,0.013639167186818311,0.015550534214713748,False,False,False,12,0.01089776834552228,0.01857593040439833
2,genuine-score-topk-v2,20,conditional-threshold-b7e9f844b4137cc0952b20ba,global_safe,0.1,negative_squared_l2_adc,182159,121736,60423,11816,363,0.09706249589275152,0.09541218462856015,0.09873823626561913,0.006007646095030038,0.005422114044507513,0.006655986369164807,True,True,False,12,0.003987067713848539,0.008280762042690291
2,genuine-score-topk-v2,20,conditional-threshold-55044eb3afc1818bd16bf6a1,fiqa_2bin,0.1,negative_squared_l2_adc,182159,121736,60423,11650,437,0.09569888940001314,0.09405909683257249,0.09736419713239766,0.0072323452989755555,0.006587334970103747,0.00794000813815585,True,True,False,12,0.004824696061174926,0.010299241928355355
2,genuine-score-topk-v2,20,conditional-threshold-abf62faf07b907e86e25c199,fiqa_5bin,0.1,negative_squared_l2_adc,182159,121736,60423,11878,460,0.09757179470329237,0.09591758068327579,0.09925140569048764,0.0076129950515532166,0.006950561487849363,0.008338032728187358,True,True,False,12,0.00585242859064518,0.009604623808919526
2,genuine-score-topk-v2,20,continuous-threshold-20b17ed3db1d7fad45460ad5,continuous_fiqa,0.1,negative_squared_l2_adc,182159,121736,60423,11950,535,0.09816323848327528,0.09650450971807119,0.09984732689004801,0.00885424424474124,0.008137888944297358,0.009633045840577815,True,True,False,12,0.006745483200337453,0.011310431705352163
2,genuine-score-topk-v2,20,continuous-threshold-a9414be86a2fab298e07b073,continuous_fiqa_margin,0.1,negative_squared_l2_adc,182159,121736,60423,11950,535,0.09816323848327528,0.09650450971807119,0.09984732689004801,0.00885424424474124,0.008137888944297358,0.009633045840577815,True,True,False,12,0.006745483200337453,0.011310431705352163
2,genuine-score-topk-v2,20,continuous-threshold-a9a422d4215d76cf767b7b9e,continuous_fiqa_margin_distortion,0.1,negative_squared_l2_adc,182159,121736,60423,14568,699,0.11966879148320957,0.1178575073850012,0.12150407802233187,0.011568442480512389,0.010746330676498498,0.012452655485570095,False,False,False,12,0.008378693493126383,0.015351551191606352
2,genuine-score-topk-v2,20,continuous-threshold-bab8779245d393977bbc499d,continuous_fiqa_runnerup,0.1,negative_squared_l2_adc,182159,121736,60423,12184,1146,0.10008543076821975,0.09841215710160155,0.10178394276817389,0.018966287671913013,0.01790884545971895,0.020084890492626822,False,False,False,12,0.014745437267429842,0.023540608306585727
2,genuine-score-topk-v2,20,conditional-threshold-ca7e9bbeccc0fe0f3da9c898,global_safe,0.2,negative_squared_l2_adc,182159,121736,60423,23186,1085,0.19046132614838668,0.18826533389697092,0.19267685317255662,0.017956738328120087,0.01692814370655646,0.019046621916467374,True,True,False,12,0.012886920099427622,0.023900172252162212
2,genuine-score-topk-v2,20,conditional-threshold-f8ee2df94eebf3a3a95bd054,fiqa_2bin,0.2,negative_squared_l2_adc,182159,121736,60423,23250,1216,0.19098705395281593,0.18878872039753802,0.19320488910252798,0.020124786918888502,0.019035223177660588,0.02127536397226774,True,True,False,12,0.014803827716969066,0.026392493190731812
2,genuine-score-topk-v2,20,conditional-threshold-5a5a28714e3738d4b61adbbc,fiqa_5bin,0.2,negative_squared_l2_adc,182159,121736,60423,23693,1309,0.19462607609909968,0.19241171045994035,0.19685971367650903,0.02166393591844165,0.020533177335762907,0.022855512119525103,True,True,False,12,0.017164337723824693,0.026921373864834144
2,genuine-score-topk-v2,20,continuous-threshold-81f479609bf640eeb1d69743,continuous_fiqa,0.2,negative_squared_l2_adc,182159,121736,60423,23555,1299,0.1934924755207991,0.19128307163864372,0.1957212228819571,0.021498436026016584,0.020372030693184905,0.022685680019591314,True,True,False,12,0.016647089399688928,0.027108693139146194
2,genuine-score-topk-v2,20,continuous-threshold-269b778928b85dea56eb4a59,continuous_fiqa_margin,0.2,negative_squared_l2_adc,182159,121736,60423,23555,1299,0.1934924755207991,0.19128307163864372,0.1957212228819571,0.021498436026016584,0.020372030693184905,0.022685680019591314,True,True,False,12,0.016647089399688928,0.027108693139146194
2,genuine-score-topk-v2,20,continuous-threshold-8b5a0a1b64c67c7d32737d3c,continuous_fiqa_margin_distortion,0.2,negative_squared_l2_adc,182159,121736,60423,26984,1297,0.22165998554248537,0.2193355084901594,0.22400202844163483,0.02146533604753157,0.020339803503205824,0.02265171146106804,False,False,False,12,0.016837394449831726,0.02659984632580357
2,genuine-score-topk-v2,20,continuous-threshold-a889b3f1025f3fc0eafc85af,continuous_fiqa_runnerup,0.2,negative_squared_l2_adc,182159,121736,60423,24094,1500,0.19792008937372677,0.19569147020069705,0.2001677726020949,0.02482498386376049,0.023614260732553682,0.02609612270470959,True,False,False,12,0.019879540907512518,0.030033048412002022
2,genuine-score-topk-v2,20,conditional-threshold-81430057246e9096a8839e8b,global_safe,0.3,negative_squared_l2_adc,182159,121736,60423,34869,1867,0.2864312939475587,0.28389845603893976,0.28897761003028816,0.030898829915760553,0.029548616507261472,0.03230868678018463,True,True,False,12,0.023946979886894013,0.038816374443974656
2,genuine-score-topk-v2,20,conditional-threshold-5fbafa220f5f85fb3885f427,fiqa_2bin,0.3,negative_squared_l2_adc,182159,121736,60423,34762,2014,0.2855523427745285,0.28302187081064406,0.28809634838252735,0.03333167833440908,0.03192983745588127,0.034792853346488205,True,True,False,12,0.026296308925784103,0.04152574075931328
2,genuine-score-topk-v2,20,conditional-threshold-90bef66b31c81530257f7c35,fiqa_5bin,0.3,negative_squared_l2_adc,182159,121736,60423,35450,2143,0.291203916672143,0.2886584360393661,0.2937625742820938,0.03546662694669248,0.03402116929817049,0.03697114728260112,True,True,False,12,0.02899140823058279,0.04260663395840408
2,genuine-score-topk-v2,20,continuous-threshold-b7baa6f115e195e60d46b8c2,continuous_fiqa,0.3,negative_squared_l2_adc,182159,121736,60423,35465,2088,0.2913271341263061,0.28878133162773806,0.2938861058258792,0.0345563775383546,0.0331293331297811,0.03604260036717566,True,True,False,12,0.027847971302492516,0.0419440804498678
2,genuine-score-topk-v2,20,continuous-threshold-24bedf47d5faab5380bb1188,continuous_fiqa_margin,0.3,negative_squared_l2_adc,182159,121736,60423,35465,2088,0.2913271341263061,0.28878133162773806,0.2938861058258792,0.0345563775383546,0.0331293331297811,0.03604260036717566,True,True,False,12,0.027847971302492516,0.0419440804498678
2,genuine-score-topk-v2,20,continuous-threshold-d3dbc7d5c6615476055f8de0,continuous_fiqa_margin_distortion,0.3,negative_squared_l2_adc,182159,121736,60423,39368,2015,0.32338831569954657,0.3207662562058191,0.32602152103516713,0.03334822832365159,0.03194604347425323,0.03480974520236743,False,False,False,12,0.02680084933323509,0.04032010777641633
2,genuine-score-topk-v2,20,continuous-threshold-801d4bfdda5f6de4d6d55aec,continuous_fiqa_runnerup,0.3,negative_squared_l2_adc,182159,121736,60423,36046,1736,0.29609975685089046,0.2935416614962532,0.298670720209596,0.028730781324992138,0.027428488467821487,0.030092993292720114,True,True,False,12,0.02339808693195106,0.0343319288712665
2,genuine-score-topk-v2,20,conditional-threshold-9b62657e01f7decf422cefff,global_safe,0.01,negative_squared_l2_adc,182159,121736,60423,1273,1,0.010457054609975685,0.009900875447171201,0.011044128491274003,1.6549989242506992e-05,2.921485459104056e-06,9.374844928628428e-05,False,False,False,13,0.0,5.177124566255694e-05
2,genuine-score-topk-v2,20,conditional-threshold-2a4aeb290bfcae079cd2d537,fiqa_2bin,0.01,negative_squared_l2_adc,182159,121736,60423,1251,1,0.010276335677203128,0.00972506767370938,0.01085850980423823,1.6549989242506992e-05,2.921485459104056e-06,9.374844928628428e-05,False,False,False,13,0.0,5.177124566255694e-05
2,genuine-score-topk-v2,20,conditional-threshold-7d48f6fc82701740a9228224,fiqa_5bin,0.01,negative_squared_l2_adc,182159,121736,60423,1220,5,0.010021686271932707,0.009477414627459994,0.010596880110695553,8.274994621253496e-05,3.53463323530083e-05,0.00019371509939709752,False,False,False,13,1.6992392399603465e-05,0.00016519424390304597
2,genuine-score-topk-v2,20,continuous-threshold-2b30c4c05260da85b829e2bc,continuous_fiqa,0.01,negative_squared_l2_adc,182159,121736,60423,1245,45,0.010227048695537885,0.009677127802207808,0.010807878822876822,0.0007447495159128147,0.0005566761333435271,0.000996300268453754,False,False,False,13,0.00040485958697247706,0.0012066525300819188
2,genuine-score-topk-v2,20,continuous-threshold-0cad4ddf15d76cbef097a7d8,continuous_fiqa_margin,0.01,negative_squared_l2_adc,182159,121736,60423,1245,45,0.010227048695537885,0.009677127802207808,0.010807878822876822,0.0007447495159128147,0.0005566761333435271,0.000996300268453754,False,False,False,13,0.00040485958697247706,0.0012066525300819188
2,genuine-score-topk-v2,20,continuous-threshold-e674fa34e6e505585c4f7d35,continuous_fiqa_margin_distortion,0.01,negative_squared_l2_adc,182159,121736,60423,1676,133,0.01376749687849116,0.013128100869616069,0.014437578686126001,0.00220114856925343,0.0018577946473732156,0.0026077946885278507,False,False,False,13,0.001092856067935199,0.003682408054516235
2,genuine-score-topk-v2,20,continuous-threshold-ec8b795b9b6a419557ab87d8,continuous_fiqa_runnerup,0.01,negative_squared_l2_adc,182159,121736,60423,1182,522,0.009709535388052836,0.00917396588113683,0.010276046788886505,0.00863909438458865,0.00793179472730457,0.009408867692305273,True,False,False,13,0.005919293275428172,0.011668657862047179
2,genuine-score-topk-v2,20,conditional-threshold-fb1e9fb249104148ede5f6e8,global_safe,0.05,negative_squared_l2_adc,182159,121736,60423,5975,77,0.04908161924163764,0.04788220012039174,0.05030949551167592,0.0012743491716730383,0.0010198462716650058,0.001592262106170015,True,False,False,13,0.0007643426871886439,0.001851635571117725
2,genuine-score-topk-v2,20,conditional-threshold-406abdf223bc1ae219142136,fiqa_2bin,0.05,negative_squared_l2_adc,182159,121736,60423,5936,88,0.048761253860813564,0.047565607800535134,0.049985377287923155,0.0014563990533406153,0.0011823868864094134,0.0017937981081885802,True,True,False,13,0.000891400377802886,0.0021660676478974647
2,genuine-score-topk-v2,20,conditional-threshold-a23316e829b52c1c38fee8ef,fiqa_5bin,0.05,negative_squared_l2_adc,182159,121736,60423,6035,178,0.049574489058290074,0.048369293087748615,0.050808111072948865,0.0029458980851662445,0.0025442260294088865,0.0034107676477952513,True,False,False,13,0.0021480190180766124,0.0038644674696403994
2,genuine-score-topk-v2,20,continuous-threshold-794799276cee4bed21444aad,continuous_fiqa,0.05,negative_squared_l2_adc,182159,121736,60423,5982,211,0.04913912072024709,0.04793902589952336,0.05036766906088445,0.0034920477301689755,0.0030522120026088705,0.003995011524884188,True,False,False,13,0.0025589131015789387,0.004559499653416341
2,genuine-score-topk-v2,20,continuous-threshold-2328b6e3c0998f9e329699ab,continuous_fiqa_margin,0.05,negative_squared_l2_adc,182159,121736,60423,5982,211,0.04913912072024709,0.04793902589952336,0.05036766906088445,0.0034920477301689755,0.0030522120026088705,0.003995011524884188,True,False,False,13,0.0025589131015789387,0.004559499653416341
2,genuine-score-topk-v2,20,continuous-threshold-fca09aa142fd05c72b76e1f1,continuous_fiqa_margin_distortion,0.05,negative_squared_l2_adc,182159,121736,60423,7342,394,0.0603108365643688,0.058987361416883606,0.061662060192466485,0.006520695761547755,0.005909560303940816,0.007194574211518067,False,False,False,13,0.004284708981559873,0.009410053740478964
2,genuine-score-topk-v2,20,continuous-threshold-e9b9d9ff30f5c9e0a87d8825,continuous_fiqa_runnerup,0.05,negative_squared_l2_adc,182159,121736,60423,6058,885,0.04976342248800684,0.048556020926297294,0.05099923817037494,0.014646740479618689,0.013719243899078765,0.01563594687370919,True,False,False,13,0.010947232764330423,0.018643001070690904
2,genuine-score-topk-v2,20,conditional-threshold-e9854e49825d4b8b99ae6a50,global_safe,0.1,negative_squared_l2_adc,182159,121736,60423,11479,345,0.09429421042255372,0.09266536064449396,0.09594866401388125,0.005709746288664912,0.005139592062653108,0.006342746614497984,True,True,False,13,0.0037581580373054805,0.007895878490208423
2,genuine-score-topk-v2,20,conditional-threshold-f9136611939801c993abdc7e,fiqa_2bin,0.1,negative_squared_l2_adc,182159,121736,60423,11267,402,0.09255273707038181,0.09093760817664559,0.09419357968057099,0.006653095675487811,0.006035520614368213,0.007333396895100104,True,True,False,13,0.00436574131829499,0.009529980820842644
2,genuine-score-topk-v2,20,conditional-threshold-d2526202fbcfb10b242b6c61,fiqa_5bin,0.1,negative_squared_l2_adc,182159,121736,60423,11777,448,0.09674213051192745,0.09509428139324567,0.09841542895732426,0.007414395180643132,0.00676099515907414,0.008130424565948428,True,True,False,13,0.005735031009580399,0.00928691206612153
2,genuine-score-topk-v2,20,continuous-threshold-cfd89fed5bd41091f0adf55c,continuous_fiqa,0.1,negative_squared_l2_adc,182159,121736,60423,11653,508,0.09572353289084576,0.09408354932234937,0.09738903006905227,0.008407394535193551,0.007709977092377546,0.009167315087715781,True,True,False,13,0.0064784490012360805,0.010629105657145307
2,genuine-score-topk-v2,20,continuous-threshold-ab6a5965aa71ffb3efa14c67,continuous_fiqa_margin,0.1,negative_squared_l2_adc,182159,121736,60423,11653,508,0.09572353289084576,0.09408354932234937,0.09738903006905227,0.008407394535193551,0.007709977092377546,0.009167315087715781,True,True,False,13,0.0064784490012360805,0.010629105657145307
2,genuine-score-topk-v2,20,continuous-threshold-a1db3138a7378b2eb9002885,continuous_fiqa_margin_distortion,0.1,negative_squared_l2_adc,182159,121736,60423,14147,678,0.11621048826969836,0.11442232450420595,0.1180228727272413,0.01122089270641974,0.010411550906176202,0.01209237989661762,False,False,False,13,0.008127307445908404,0.014928857994893909
2,genuine-score-topk-v2,20,continuous-threshold-665649e1156f63023af02cb6,continuous_fiqa_runnerup,0.1,negative_squared_l2_adc,182159,121736,60423,12054,1149,0.09901754616547283,0.09735232898470254,0.10070806907304165,0.019015937639640535,0.017957097847713085,0.020135931727386223,True,False,False,13,0.014786753784207726,0.023578581654733557
2,genuine-score-topk-v2,20,conditional-threshold-5e8c589173c10fac6fd4cc01,global_safe,0.2,negative_squared_l2_adc,182159,121736,60423,22847,1068,0.18767661168430044,0.1854931284255823,0.1898798054571868,0.017675388510997467,0.01665498479958801,0.01875711696116577,True,True,False,13,0.012701405144432538,0.023466154406158686
2,genuine-score-topk-v2,20,conditional-threshold-7574aa6a8afa78b5c49e916a,fiqa_2bin,0.2,negative_squared_l2_adc,182159,121736,60423,22970,1187,0.18868699480843792,0.18649895190543803,0.1908946844610222,0.0196448372308558,0.01856845904772724,0.02078228974891689,True,True,False,13,0.014391958914564336,0.025903349801934608
2,genuine-score-topk-v2,20,conditional-threshold-ee4fba850536d0256971729d,fiqa_5bin,0.2,negative_squared_l2_adc,182159,121736,60423,23483,1289,0.1929010317408162,0.190694228209532,0.19512721607671304,0.021332936133591513,0.02021090192558887,0.022515830044675552,True,True,False,13,0.01684293752841508,0.02655611650025097
2,genuine-score-topk-v2,20,continuous-threshold-c0513366e233bc4827d0b18f,continuous_fiqa,0.2,negative_squared_l2_adc,182159,121736,60423,23605,1300,0.19390320036800945,0.1916919953764299,0.1961337229180291,0.02151498601525909,0.020388144556395347,0.022702664030632046,True,True,False,13,0.016721469725140083,0.027001005208344007
2,genuine-score-topk-v2,20,continuous-threshold-8440308a78ae439ea76c753b,continuous_fiqa_margin,0.2,negative_squared_l2_adc,182159,121736,60423,23605,1300,0.19390320036800945,0.1916919953764299,0.1961337229180291,0.02151498601525909,0.020388144556395347,0.022702664030632046,True,True,False,13,0.016721469725140083,0.027001005208344007
2,genuine-score-topk-v2,20,continuous-threshold-2fe3825763380cd2d9d07577,continuous_fiqa_margin_distortion,0.2,negative_squared_l2_adc,182159,121736,60423,26811,1280,0.22023887757113755,0.21791981440045782,0.2225755962737872,0.02118398623040895,0.02006590148611847,0.022362949615885343,False,False,False,13,0.016659326710082967,0.026310022063790642
2,genuine-score-topk-v2,20,continuous-threshold-025da1d8ffcc8e9802067523,continuous_fiqa_runnerup,0.2,negative_squared_l2_adc,182159,121736,60423,23882,1500,0.19617861602155484,0.19395750207807522,0.1984189039235581,0.02482498386376049,0.023614260732553682,0.02609612270470959,True,True,False,13,0.019874983967241574,0.030034310613281046
2,genuine-score-topk-v2,20,conditional-threshold-4fb09a1b88fc52f4eeb44c1d,global_safe,0.3,negative_squared_l2_adc,182159,121736,60423,34509,1849,0.2834740750476441,0.28094924421635087,0.28601257068109825,0.03060093010939543,0.029257189801463267,0.032004351749461604,True,True,False,13,0.023668187306616798,0.03850018334424538
2,genuine-score-topk-v2,20,conditional-threshold-04a72af30d30878abeb476c4,fiqa_2bin,0.3,negative_squared_l2_adc,182159,121736,60423,34639,1997,0.28454195965039103,0.28201422196509496,0.2870832947443853,0.03305032851728646,0.031654349631975214,0.03450567730812421,True,True,False,13,0.026096255380652543,0.04143511695313572
2,genuine-score-topk-v2,20,conditional-threshold-96265e1aac9dc8bd94bf081b,fiqa_5bin,0.3,negative_squared_l2_adc,182159,121736,60423,35415,2136,0.29091640927909573,0.28837168055083573,0.29347433312892335,0.035350777021994934,0.033907648184487986,0.03685298327652537,True,True,False,13,0.028867040423214186,0.04257104563823936
2,genuine-score-topk-v2,20,continuous-threshold-3d6fa93adfd04d4910b176e9,continuous_fiqa,0.3,negative_squared_l2_adc,182159,121736,60423,35315,2067,0.290094959584675,0.2875523859855968,0.2926507801464459,0.034208827764261956,0.032788884764369745,0.03568799337331225,True,True,False,13,0.02761562126162885,0.0415977730866755
2,genuine-score-topk-v2,20,continuous-threshold-a170b47d9d02a813ad16ae1e,continuous_fiqa_margin,0.3,negative_squared_l2_adc,182159,121736,60423,35315,2067,0.290094959584675,0.2875523859855968,0.2926507801464459,0.034208827764261956,0.032788884764369745,0.03568799337331225,True,True,False,13,0.02761562126162885,0.0415977730866755
2,genuine-score-topk-v2,20,continuous-threshold-df16a4f2f91a88137e1246db,continuous_fiqa_margin_distortion,0.3,negative_squared_l2_adc,182159,121736,60423,39142,1999,0.3215318393901557,0.3189137994147446,0.32416114236840254,0.03308342849577148,0.03168675853829003,0.034539464150311755,False,False,False,13,0.02657541530385338,0.04009320445964026
2,genuine-score-topk-v2,20,continuous-threshold-2d0889328ce8cec696412ee5,continuous_fiqa_runnerup,0.3,negative_squared_l2_adc,182159,121736,60423,35751,1730,0.2936764802523493,0.29112458422762144,0.29624139721246456,0.028631481389537097,0.027331429859846615,0.029991464655187913,True,True,False,13,0.02329296412789756,0.034220051598668706
2,genuine-score-topk-v2,20,conditional-threshold-44e3737cc6205ab0dde1587e,global_safe,0.01,negative_squared_l2_adc,182159,121736,60423,1369,1,0.01124564631661957,0.010668532035268323,0.011853605548984575,1.6549989242506992e-05,2.921485459104056e-06,9.374844928628428e-05,False,False,False,14,0.0,5.177124566255694e-05
2,genuine-score-topk-v2,20,conditional-threshold-630939e37aaf949cd8fc0d32,fiqa_2bin,0.01,negative_squared_l2_adc,182159,121736,60423,1343,2,0.011032069396070184,0.010460548181050973,0.01163444904079567,3.3099978485013984e-05,9.077254918429269e-06,0.00012069055407813844,False,False,False,14,0.0,0.00010354249132511387
2,genuine-score-topk-v2,20,conditional-threshold-99fbcf0e058f54c56fb9b778,fiqa_5bin,0.01,negative_squared_l2_adc,182159,121736,60423,1293,7,0.010621344548859829,0.010060738496591856,0.01121283495139662,0.00011584992469754894,5.611985401928549e-05,0.00023913732623317909,False,False,False,14,4.4683829116914535e-05,0.00021050135575370634
2,genuine-score-topk-v2,20,continuous-threshold-efdddc44eb78185d4ad47cb6,continuous_fiqa,0.01,negative_squared_l2_adc,182159,121736,60423,1287,44,0.010572057567194586,0.010012775854181293,0.011162226740944203,0.0007281995266703076,0.0005425298697099643,0.000977348657836137,False,False,False,14,0.00039776358206265484,0.0011777433173670822
2,genuine-score-topk-v2,20,continuous-threshold-8542bb6bb4d245da0e18fcd6,continuous_fiqa_margin,0.01,negative_squared_l2_adc,182159,121736,60423,1287,44,0.010572057567194586,0.010012775854181293,0.011162226740944203,0.0007281995266703076,0.0005425298697099643,0.000977348657836137,False,False,False,14,0.00039776358206265484,0.0011777433173670822
2,genuine-score-topk-v2,20,continuous-threshold-902d638e6eb65011a49c45ab,continuous_fiqa_margin_distortion,0.01,negative_squared_l2_adc,182159,121736,60423,1686,145,0.013849641847933233,0.01320832133753788,0.014521642972975824,0.002399748440163514,0.0020399850160100347,0.002822778810905184,False,False,False,14,0.0012400044499803757,0.003969805218098094
2,genuine-score-topk-v2,20,continuous-threshold-6ab48acd480eba777be56a99,continuous_fiqa_runnerup,0.01,negative_squared_l2_adc,182159,121736,60423,1198,519,0.00984096733916015,0.00930171649723019,0.01041115178042776,0.008589444416861129,0.007884250856455628,0.009357117940400676,True,False,False,14,0.005901908903143002,0.011635522957615253
2,genuine-score-topk-v2,20,conditional-threshold-9e1660b0be37d7579523599f,global_safe,0.05,negative_squared_l2_adc,182159,121736,60423,6196,81,0.05089702306630742,0.04967648940177673,0.05214589931074405,0.0013405491286430664,0.001078801188894841,0.001665698685944897,False,False,False,14,0.0008041736768297146,0.0019694426155334815
2,genuine-score-topk-v2,20,conditional-threshold-5ebcc2e793e493e98c964058,fiqa_2bin,0.05,negative_squared_l2_adc,182159,121736,60423,6126,98,0.05032200828021292,0.04910811424695742,0.051564281182161914,0.0016218989457656853,0.001331178339394751,0.001975985397715037,False,False,False,14,0.0009905448996420149,0.0024037345699696095
2,genuine-score-topk-v2,20,conditional-threshold-05953d74eb159e60231c07c7,fiqa_5bin,0.05,negative_squared_l2_adc,182159,121736,60423,6187,175,0.05082309259380956,0.04960341013182938,0.05207112230139693,0.002896248117438724,0.0024982154351670884,0.003357484619283512,False,False,False,14,0.002100721791624466,0.0037853020684209
2,genuine-score-topk-v2,20,continuous-threshold-145d23b1ec9ab5319c9bfccf,continuous_fiqa,0.05,negative_squared_l2_adc,182159,121736,60423,6159,214,0.050593086679371756,0.04937605704167321,0.05183847807819253,0.0035416976978964966,0.0030985463619451234,0.004047970788301472,False,False,False,14,0.00260390335121136,0.004618987631200333
2,genuine-score-topk-v2,20,continuous-threshold-cca36dee856ff199e4c0f936,continuous_fiqa_margin,0.05,negative_squared_l2_adc,182159,121736,60423,6159,214,0.050593086679371756,0.04937605704167321,0.05183847807819253,0.0035416976978964966,0.0030985463619451234,0.004047970788301472,False,False,False,14,0.00260390335121136,0.004618987631200333
2,genuine-score-topk-v2,20,continuous-threshold-af1bfbbe9a401ef701b453b8,continuous_fiqa_margin_distortion,0.05,negative_squared_l2_adc,182159,121736,60423,7561,409,0.062109811395150163,0.060767782819672135,0.06347947491917673,0.00676894560018536,0.006145789117909993,0.0074548135113165805,False,False,False,14,0.004470446002173496,0.00968388055977693
2,genuine-score-topk-v2,20,continuous-threshold-be70bb1d1a233e061237d29e,continuous_fiqa_runnerup,0.05,negative_squared_l2_adc,182159,121736,60423,6185,883,0.05080666359992114,0.04958717039236975,0.05205450508990224,0.014613640501133673,0.013687212267325638,0.015601782756959958,False,False,False,14,0.010930340564022135,0.01862614356373328
2,genuine-score-topk-v2,20,conditional-threshold-75d1d7079890d9fe6451f77f,global_safe,0.1,negative_squared_l2_adc,182159,121736,60423,11670,353,0.09586317933889729,0.0942221140632306,0.09752974941128285,0.005842146202604969,0.0052651083774441845,0.006482013293716345,True,True,False,14,0.003886284188879726,0.008050575548922861
2,genuine-score-topk-v2,20,conditional-threshold-760b4f8b132343510a0c41e4,fiqa_2bin,0.1,negative_squared_l2_adc,182159,121736,60423,11387,417,0.09353847670368666,0.09191556006368692,0.09518704485078924,0.0069013455141254156,0.00627186941520393,0.0075935162080320775,True,True,False,14,0.004611467742417287,0.009846273645002273
2,genuine-score-topk-v2,20,conditional-threshold-80f9598fc7d7717d30425f01,fiqa_5bin,0.1,negative_squared_l2_adc,182159,121736,60423,11837,456,0.09723500032857987,0.09558336559599186,0.09891205328320786,0.007546795094583189,0.00688735921805231,0.008268843500979695,True,True,False,14,0.005804519711072526,0.00952459277713879
2,genuine-score-topk-v2,20,continuous-threshold-784440d1d9cfffac7fd669b4,continuous_fiqa,0.1,negative_squared_l2_adc,182159,121736,60423,11770,520,0.096684629033318,0.09503722242803776,0.09835748859419201,0.008605994406103636,0.007900098123186093,0.009374368547921388,True,True,False,14,0.006619543064546456,0.01091877259747969
2,genuine-score-topk-v2,20,continuous-threshold-e61893f6504e078541876164,continuous_fiqa_margin,0.1,negative_squared_l2_adc,182159,121736,60423,11770,520,0.096684629033318,0.09503722242803776,0.09835748859419201,0.008605994406103636,0.007900098123186093,0.009374368547921388,True,True,False,14,0.006619543064546456,0.01091877259747969
2,genuine-score-topk-v2,20,continuous-threshold-3986d0e4ebb865e99d56de5e,continuous_fiqa_margin_distortion,0.1,negative_squared_l2_adc,182159,121736,60423,14436,693,0.11858447788657422,0.11678038917919824,0.12041263746514926,0.011469142545057346,0.010650658871567376,0.01234974004499414,False,False,False,14,0.008301248874312042,0.015237821855496127
2,genuine-score-topk-v2,20,continuous-threshold-268f4c13a8cb94ed85732660,continuous_fiqa_runnerup,0.1,negative_squared_l2_adc,182159,121736,60423,12243,1148,0.10057008608792797,0.09889317561106613,0.10227220431186194,0.018999387650398027,0.017941013503994248,0.02011891819685388,False,False,False,14,0.014759871715554592,0.023571388666586587
2,genuine-score-topk-v2,20,conditional-threshold-c5bc2291ea9635a45067348b,global_safe,0.2,negative_squared_l2_adc,182159,121736,60423,23173,1084,0.19035453768811197,0.18815902179671545,0.19256959509160892,0.017940188338877578,0.01691207365753001,0.019029594091242635,True,True,False,14,0.012886920099427622,0.023852918752804084
2,genuine-score-topk-v2,20,conditional-threshold-6071c2c94fbeee13e205f2bf,fiqa_2bin,0.2,negative_squared_l2_adc,182159,121736,60423,23081,1199,0.18959880396924492,0.18740666681522095,0.19181053032920442,0.019843437101765882,0.018761582360453236,0.02098634092720504,True,True,False,14,0.014596310966211362,0.02607686778777935
2,genuine-score-topk-v2,20,conditional-threshold-f3bb4c98944bcefdb074dd40,fiqa_5bin,0.2,negative_squared_l2_adc,182159,121736,60423,23612,1299,0.1939607018466189,0.19174924500584084,0.1961914726169583,0.021498436026016584,0.020372030693184905,0.022685680019591314,True,True,False,14,0.016968122517083472,0.02673316517631322
2,genuine-score-topk-v2,20,continuous-threshold-7dbb537d911801d573bf04ad,continuous_fiqa,0.2,negative_squared_l2_adc,182159,121736,60423,23625,1302,0.1940674903068936,0.1918555659454282,0.19629872185857408,0.021548085993744102,0.020420372818250414,0.022736631517279334,True,True,False,14,0.016743235019362902,0.0270907252139848
2,genuine-score-topk-v2,20,continuous-threshold-568929372040a070f3ce1fd5,continuous_fiqa_margin,0.2,negative_squared_l2_adc,182159,121736,60423,23625,1302,0.1940674903068936,0.1918555659454282,0.19629872185857408,0.021548085993744102,0.020420372818250414,0.022736631517279334,True,True,False,14,0.016743235019362902,0.0270907252139848
2,genuine-score-topk-v2,20,continuous-threshold-aee509747a8d110006cffbdc,continuous_fiqa_margin_distortion,0.2,negative_squared_l2_adc,182159,121736,60423,26905,1296,0.221011040283893,0.21868903054041275,0.22335065682868557,0.021448786058289062,0.020323690176841394,0.02263472691318128,False,False,False,14,0.01687103581114448,0.026579649334732107
2,genuine-score-topk-v2,20,continuous-threshold-71e68757457d73d086cb4923,continuous_fiqa_runnerup,0.2,negative_squared_l2_adc,182159,121736,60423,24035,1501,0.19743543405401853,0.1952088968099518,0.19968106593968749,0.024841533853002997,0.023630406892992794,0.02611307441852166,True,True,False,14,0.019921644893445212,0.03006628362044045
2,genuine-score-topk-v2,20,conditional-threshold-1e573d20eb130d38a3358b3a,global_safe,0.3,negative_squared_l2_adc,182159,121736,60423,34864,1867,0.2863902214628376,0.28385749385063225,0.28893642984120976,0.030898829915760553,0.029548616507261472,0.03230868678018463,True,True,False,14,0.023946979886894013,0.038816374443974656
2,genuine-score-topk-v2,20,conditional-threshold-c1c2919d077036f0f029ed66,fiqa_2bin,0.3,negative_squared_l2_adc,182159,121736,60423,34982,2028,0.28735953210225407,0.28482420832530103,0.2899082754728463,0.03356337818380418,0.032156730266585686,0.0350293307753003,True,True,False,14,0.026504006384260308,0.04187832767036589
2,genuine-score-topk-v2,20,conditional-threshold-3efea247f9d00e01e1d30fd4,fiqa_5bin,0.3,negative_squared_l2_adc,182159,121736,60423,35467,2147,0.2913435631201945,0.2887977177233617,0.2939025766812099,0.03553282690366251,0.03408604040440062,0.0370386676733757,True,True,False,14,0.029073492463936056,0.042665419341212596
2,genuine-score-topk-v2,20,continuous-threshold-30b9151a83fce7ebee7b24a5,continuous_fiqa,0.3,negative_squared_l2_adc,182159,121736,60423,35512,2088,0.29171321548268386,0.2891664059426667,0.2942731698583773,0.0345563775383546,0.0331293331297811,0.03604260036717566,True,True,False,14,0.027907673742604545,0.0419414087451192
2,genuine-score-topk-v2,20,continuous-threshold-49abd5eafee5951a0bdea5f0,continuous_fiqa_margin,0.3,negative_squared_l2_adc,182159,121736,60423,35512,2088,0.29171321548268386,0.2891664059426667,0.2942731698583773,0.0345563775383546,0.0331293331297811,0.03604260036717566,True,True,False,14,0.027907673742604545,0.0419414087451192
2,genuine-score-topk-v2,20,continuous-threshold-bc06849fa40ad7bae83f75ef,continuous_fiqa_margin_distortion,0.3,negative_squared_l2_adc,182159,121736,60423,39454,2020,0.3240947624367484,0.32147118582404766,0.3267294403079746,0.033430978269864124,0.032027074978724666,0.034894203069151884,False,False,False,14,0.026918534785739634,0.04046796748085504
2,genuine-score-topk-v2,20,continuous-threshold-f9f398c61217ede798460f5c,continuous_fiqa_runnerup,0.3,negative_squared_l2_adc,182159,121736,60423,36244,1741,0.29772622724584347,0.2951640196276996,0.300301200222628,0.028813531271204673,0.02750937386024672,0.03017759727155078,True,False,False,14,0.02347994098658647,0.03444060720195964
2,genuine-score-topk-v2,20,conditional-threshold-4c82ba7ab395ad761a3e0c8a,global_safe,0.01,negative_squared_l2_adc,182159,121736,60423,1350,1,0.011089570874679634,0.010516538376593415,0.011693458173593376,1.6549989242506992e-05,2.921485459104056e-06,9.374844928628428e-05,False,False,False,15,0.0,5.177124566255694e-05
2,genuine-score-topk-v2,20,conditional-threshold-2db08df51c1f1720ee272d73,fiqa_2bin,0.01,negative_squared_l2_adc,182159,121736,60423,1306,3,0.01072813300913452,0.010164668378257576,0.011322475250934022,4.964996772752098e-05,1.6885609984492088e-05,0.00014598007326325498,False,False,False,15,0.0,0.00013398483908531295
2,genuine-score-topk-v2,20,conditional-threshold-3521a8df93e8e11971444aa0,fiqa_5bin,0.01,negative_squared_l2_adc,182159,121736,60423,1265,5,0.010391338634422029,0.009836940252590864,0.010976635882037036,8.274994621253496e-05,3.53463323530083e-05,0.00019371509939709752,False,False,False,15,1.593701072521854e-05,0.0001795846539134455
2,genuine-score-topk-v2,20,continuous-threshold-e3a0ca0aea156010c7d48611,continuous_fiqa,0.01,negative_squared_l2_adc,182159,121736,60423,1278,45,0.01049812709469672,0.009940837869762215,0.011086308446068806,0.0007447495159128147,0.0005566761333435271,0.000996300268453754,False,False,False,15,0.00040485958697247706,0.0012066525300819188
2,genuine-score-topk-v2,20,continuous-threshold-794b35adfb60fada982c2d06,continuous_fiqa_margin,0.01,negative_squared_l2_adc,182159,121736,60423,1278,45,0.01049812709469672,0.009940837869762215,0.011086308446068806,0.0007447495159128147,0.0005566761333435271,0.000996300268453754,False,False,False,15,0.00040485958697247706,0.0012066525300819188
2,genuine-score-topk-v2,20,continuous-threshold-0e997237b8e11e33af91f5f1,continuous_fiqa_margin_distortion,0.01,negative_squared_l2_adc,182159,121736,60423,1662,134,0.013652493921272262,0.01301580228008271,0.01431987861897907,0.002217698558495937,0.0018729496404369579,0.002625737569715288,False,False,False,15,0.0011013194803189195,0.003682408054516235
2,genuine-score-topk-v2,20,continuous-threshold-0725cdff0dc969daa8d8e56b,continuous_fiqa_runnerup,0.01,negative_squared_l2_adc,182159,121736,60423,1236,518,0.010153118223040021,0.009605224275980463,0.010731926069809695,0.008572894427618622,0.007868404282576754,0.009339866640028371,False,False,False,15,0.005913770808638351,0.011576604479995513
2,genuine-score-topk-v2,20,conditional-threshold-dd7c6889d14887da82f945a6,global_safe,0.05,negative_squared_l2_adc,182159,121736,60423,6193,81,0.050872379575474795,0.04965212956474424,0.052120973721345054,0.0013405491286430664,0.001078801188894841,0.001665698685944897,False,False,False,15,0.0008041736768297146,0.0019694426155334815
2,genuine-score-topk-v2,20,conditional-threshold-7ee82b0eb646df6e208e38b1,fiqa_2bin,0.05,negative_squared_l2_adc,182159,121736,60423,6089,102,0.050018071893277255,0.04880770528507493,0.051256836551389365,0.0016880989027357133,0.0013909337230744146,0.0020486215110400905,False,False,False,15,0.00103828317794004,0.0024775161119938126
2,genuine-score-topk-v2,20,conditional-threshold-3ad4190619d4301ac0ae939c,fiqa_5bin,0.05,negative_squared_l2_adc,182159,121736,60423,6244,180,0.05129131891962936,0.05006625767906857,0.05254469785635606,0.002978998063651259,0.0025749168185452242,0.0034462726071612733,False,False,False,15,0.0021604297571587005,0.00391142313702247
2,genuine-score-topk-v2,20,continuous-threshold-c71b6ffb91100bb6b1927341,continuous_fiqa,0.05,negative_squared_l2_adc,182159,121736,60423,6146,217,0.050486298219097066,0.04927050264542714,0.051730462293235475,0.0035913476656240172,0.0031449040031601237,0.00410090676984001,False,False,False,15,0.002633980087711427,0.004725531482423941
2,genuine-score-topk-v2,20,continuous-threshold-493ce2b6fbbf04105bfc911e,continuous_fiqa_margin,0.05,negative_squared_l2_adc,182159,121736,60423,6146,217,0.050486298219097066,0.04927050264542714,0.051730462293235475,0.0035913476656240172,0.0031449040031601237,0.00410090676984001,False,False,False,15,0.002633980087711427,0.004725531482423941
2,genuine-score-topk-v2,20,continuous-threshold-4acc4b2430a082cd6a53c428,continuous_fiqa_margin_distortion,0.05,negative_squared_l2_adc,182159,121736,60423,7535,404,0.06189623447460078,0.06055639142100368,0.06326372595543894,0.0066861956539728245,0.006067020893700952,0.007368092364269723,False,False,False,15,0.004411958759899014,0.009576235788968117
2,genuine-score-topk-v2,20,continuous-threshold-e5c2dd2a4ed63f637cd19d71,continuous_fiqa_runnerup,0.05,negative_squared_l2_adc,182159,121736,60423,6272,891,0.05152132483406716,0.05029363191282838,0.05277732093595682,0.01474604041507373,0.013815346322952482,0.015738431695342548,False,False,False,15,0.011032051583502516,0.01876006376317201
2,genuine-score-topk-v2,20,conditional-threshold-3e49f15f7d2b3c26c281f1ef,global_safe,0.1,negative_squared_l2_adc,182159,121736,60423,11821,364,0.09710356837747257,0.09545294185582569,0.09877962141573944,0.006024196084272545,0.005437821173877909,0.006673377114045592,True,True,False,15,0.003999710348009001,0.00828954344213464
2,genuine-score-topk-v2,20,conditional-threshold-c37f7b5b60b35d42c92da346,fiqa_2bin,0.1,negative_squared_l2_adc,182159,121736,60423,11554,428,0.09491029769336926,0.09327663490907072,0.09656952541009174,0.007083395395792993,0.006445329691495956,0.007784132548503027,True,True,False,15,0.0047340234945867365,0.010136196964251939
2,genuine-score-topk-v2,20,conditional-threshold-049178cbaad538d405d7e4d1,fiqa_5bin,0.1,negative_squared_l2_adc,182159,121736,60423,11972,463,0.09834395741604784,0.09668385287186078,0.10002941019675603,0.007662645019280738,0.0069979719023035136,0.008389915936486745,True,False,False,15,0.005954097422258921,0.009640628610317066
2,genuine-score-topk-v2,20,continuous-threshold-43f50139933072a8839e957a,continuous_fiqa,0.1,negative_squared_l2_adc,182159,121736,60423,11944,533,0.09811395150161004,0.09645559825084249,0.09979766750441371,0.008821144266256227,0.008106174753499784,0.009598564282873031,True,True,False,15,0.006758801000299284,0.011263265621012849
2,genuine-score-topk-v2,20,continuous-threshold-1d1cdf2b1e47d7de1183db8f,continuous_fiqa_margin,0.1,negative_squared_l2_adc,182159,121736,60423,11944,533,0.09811395150161004,0.09645559825084249,0.09979766750441371,0.008821144266256227,0.008106174753499784,0.009598564282873031,True,True,False,15,0.006758801000299284,0.011263265621012849
2,genuine-score-topk-v2,20,continuous-threshold-94b8c57d3a28f06fb20da33c,continuous_fiqa_margin_distortion,0.1,negative_squared_l2_adc,182159,121736,60423,14305,691,0.1175083787868831,0.11571147926259448,0.1193294170942446,0.011436042566572331,0.010618771870291664,0.012315431297767493,False,False,False,15,0.008242175849787373,0.015187968616194763
2,genuine-score-topk-v2,20,continuous-threshold-caf0cd6d520ec09eee687de7,continuous_fiqa_runnerup,0.1,negative_squared_l2_adc,182159,121736,60423,12259,1153,0.10070151803903529,0.09902362340150249,0.10240461212906023,0.019082137596610562,0.018021437360075426,0.0202039837120286,False,False,False,15,0.014832868506685252,0.023680147367848615
2,genuine-score-topk-v2,20,conditional-threshold-d57347557cc0940f9a45e948,global_safe,0.2,negative_squared_l2_adc,182159,121736,60423,23305,1097,0.19143885128474733,0.18923851077783813,0.19365866487347186,0.01815533819903017,0.017121002366750234,0.01925093774728775,True,True,False,15,0.013069044906386558,0.024148320237287794
2,genuine-score-topk-v2,20,conditional-threshold-cb4fcdb7561263ce0b190ee1,fiqa_2bin,0.2,negative_squared_l2_adc,182159,121736,60423,23377,1226,0.19203029506473024,0.18982733438747748,0.19425269149818827,0.020290286811313573,0.01919621502544325,0.021445350866996876,True,True,False,15,0.014961049056841967,0.026595744680851064
2,genuine-score-topk-v2,20,conditional-threshold-3ecb66febbb4a2449f76906b,fiqa_5bin,0.2,negative_squared_l2_adc,182159,121736,60423,23699,1309,0.19467536308076494,0.19246078237405842,0.196909212615254,0.02166393591844165,0.020533177335762907,0.022855512119525103,True,True,False,15,0.01702895750925573,0.02693749027484074
2,genuine-score-topk-v2,20,continuous-threshold-ff3b6ea9f25606ace7e6c410,continuous_fiqa,0.2,negative_squared_l2_adc,182159,121736,60423,23962,1324,0.1968357757770914,0.19461182171861077,0.19907886232119557,0.021912185757079258,0.020774930379165255,0.023110227189890444,True,True,False,15,0.01703386496727671,0.027551314866640007
2,genuine-score-topk-v2,20,continuous-threshold-87c04f5b01830e80a3e7cbf8,continuous_fiqa_margin,0.2,negative_squared_l2_adc,182159,121736,60423,23962,1324,0.1968357757770914,0.19461182171861077,0.19907886232119557,0.021912185757079258,0.020774930379165255,0.023110227189890444,True,True,False,15,0.01703386496727671,0.027551314866640007
2,genuine-score-topk-v2,20,continuous-threshold-0ec1ea2055b07174ef0ed8f7,continuous_fiqa_margin_distortion,0.2,negative_squared_l2_adc,182159,121736,60423,26984,1306,0.22165998554248537,0.2193355084901594,0.22400202844163483,0.021614285950714133,0.02048483147807882,0.02280456435445565,False,False,False,15,0.016939193497802377,0.026740385415753704
2,genuine-score-topk-v2,20,continuous-threshold-964d1bd1f91d7443005a277f,continuous_fiqa_runnerup,0.2,negative_squared_l2_adc,182159,121736,60423,24134,1505,0.19824866925149504,0.1960186415683661,0.20049774025351239,0.024907733809973024,0.023694992980031193,0.026180879828487977,True,False,False,15,0.019971094072812876,0.030127324718711185
2,genuine-score-topk-v2,20,conditional-threshold-ccf184473456dfa3445d565d,global_safe,0.3,negative_squared_l2_adc,182159,121736,60423,35022,1880,0.28768811198002237,0.2851519113805378,0.29023771143669613,0.031113979775913146,0.029759112593398244,0.03252846305931319,True,True,False,15,0.02417252831948387,0.039052138621692864
2,genuine-score-topk-v2,20,conditional-threshold-6d5fe4259b300f6a4f5216a1,fiqa_2bin,0.3,negative_squared_l2_adc,182159,121736,60423,34904,2022,0.2867188013406059,0.2841851920747498,0.2892658706361788,0.03346407824834914,0.032059488238472246,0.03492798555790667,True,True,False,15,0.026479776955379557,0.04172432609162322
2,genuine-score-topk-v2,20,conditional-threshold-2fc7a54c3fa6d0ebba1223f1,fiqa_5bin,0.3,negative_squared_l2_adc,182159,121736,60423,35619,2151,0.292592166655714,0.2900430727980045,0.295154349879096,0.03559902686063254,0.03415091288665141,0.03710618668812965,True,True,False,15,0.029076646180975607,0.042873899202516906
2,genuine-score-topk-v2,20,continuous-threshold-bc8ad24edf03d42feabdef74,continuous_fiqa,0.3,negative_squared_l2_adc,182159,121736,60423,35841,2115,0.294415784977328,0.2918619884077381,0.2969825558252927,0.03500322724790229,0.033567110397016035,0.03649846570472256,True,True,False,15,0.028271091695704537,0.042463799011326346
2,genuine-score-topk-v2,20,continuous-threshold-b3e39924a32ad71bd5343563,continuous_fiqa_margin,0.3,negative_squared_l2_adc,182159,121736,60423,35841,2115,0.294415784977328,0.2918619884077381,0.2969825558252927,0.03500322724790229,0.033567110397016035,0.03649846570472256,True,True,False,15,0.028271091695704537,0.042463799011326346
2,genuine-score-topk-v2,20,continuous-threshold-80371fd42761557c4f10667c,continuous_fiqa_margin_distortion,0.3,negative_squared_l2_adc,182159,121736,60423,39424,2027,0.3238483275284222,0.32122527936632145,0.3264824925013859,0.03354682819456167,0.032140523028033295,0.03501244013960151,False,False,False,15,0.02705469512022384,0.04055284462700981
2,genuine-score-topk-v2,20,continuous-threshold-89168176845f4c0eb6ed0d06,continuous_fiqa_runnerup,0.3,negative_squared_l2_adc,182159,121736,60423,36079,1737,0.2963708352500493,0.29381205181198294,0.29894246958461274,0.028747331314234646,0.027444665312646898,0.030109914322145884,True,True,False,15,0.023429923287199093,0.03438678090575275
2,genuine-score-topk-v2,20,conditional-threshold-3bb16ec8c65d5c7e06d410b0,global_safe,0.01,negative_squared_l2_adc,182159,121736,60423,1382,1,0.011352434776894262,0.010772544526774569,0.01196316323868145,1.6549989242506992e-05,2.921485459104056e-06,9.374844928628428e-05,False,False,False,16,0.0,5.177124566255694e-05
2,genuine-score-topk-v2,20,conditional-threshold-e7f4dfe795df71b88936ec3c,fiqa_2bin,0.01,negative_squared_l2_adc,182159,121736,60423,1340,3,0.011007425905237563,0.010436553627090105,0.011609158168325051,4.964996772752098e-05,1.6885609984492088e-05,0.00014598007326325498,False,False,False,16,0.0,0.00013398483908531295
2,genuine-score-topk-v2,20,conditional-threshold-fca5571cab436536820fd0e9,fiqa_5bin,0.01,negative_squared_l2_adc,182159,121736,60423,1232,5,0.010120260235263193,0.009573269590952026,0.010698166852929483,8.274994621253496e-05,3.53463323530083e-05,0.00019371509939709752,False,False,False,16,1.6992392399603465e-05,0.00016519424390304597
2,genuine-score-topk-v2,20,continuous-threshold-1fc4ccb590d3ecd738d9d04e,continuous_fiqa,0.01,negative_squared_l2_adc,182159,121736,60423,1351,51,0.011097785371623842,0.010524537306387197,0.011701887719276757,0.0008440494513678566,0.000642073423590897,0.00110949022371346,False,False,False,16,0.0004674729319813498,0.0013447045469345395
2,genuine-score-topk-v2,20,continuous-threshold-0c8defeedddf427bca2e2e39,continuous_fiqa_margin,0.01,negative_squared_l2_adc,182159,121736,60423,1351,51,0.011097785371623842,0.010524537306387197,0.011701887719276757,0.0008440494513678566,0.000642073423590897,0.00110949022371346,False,False,False,16,0.0004674729319813498,0.0013447045469345395
2,genuine-score-topk-v2,20,continuous-threshold-6bda66ead10c49d771900373,continuous_fiqa_margin_distortion,0.01,negative_squared_l2_adc,182159,121736,60423,1673,132,0.01374285338765854,0.013104035893779425,0.014412358235531154,0.002184598580010923,0.0018426449018291355,0.0025898465598207508,False,False,False,16,0.001109109020057592,0.0036430324240006944
2,genuine-score-topk-v2,20,continuous-threshold-7726fcde0fa6b9d5948df650,continuous_fiqa_runnerup,0.01,negative_squared_l2_adc,182159,121736,60423,1244,520,0.010218834198593678,0.009669138148271392,0.010799440001336074,0.008605994406103636,0.007900098123186093,0.009374368547921388,False,False,False,16,0.005950364871754874,0.011576604479995513
2,genuine-score-topk-v2,20,conditional-threshold-79885ce42b1702e0147c8b97,global_safe,0.05,negative_squared_l2_adc,182159,121736,60423,6197,81,0.050905237563251625,0.049684609365303556,0.05215420782269439,0.0013405491286430664,0.001078801188894841,0.001665698685944897,False,False,False,16,0.0008041736768297146,0.0019694426155334815
2,genuine-score-topk-v2,20,conditional-threshold-882aedd9d02f6fb7117a7c0c,fiqa_2bin,0.05,negative_squared_l2_adc,182159,121736,60423,6166,99,0.05065058815798121,0.049432894654523045,0.05189663979368284,0.0016384489350081922,0.0013461051036167651,0.0019941565077442017,False,False,False,16,0.0009961205423052967,0.0024262835307124675
2,genuine-score-topk-v2,20,conditional-threshold-d5bc2f26bd5104627c944665,fiqa_5bin,0.05,negative_squared_l2_adc,182159,121736,60423,6293,180,0.05169382926989551,0.05046416710285986,0.052951783730945785,0.002978998063651259,0.0025749168185452242,0.0034462726071612733,False,False,False,16,0.0021811431923218043,0.003860505370879875
2,genuine-score-topk-v2,20,continuous-threshold-608bcc9058943d4c35ba63d7,continuous_fiqa,0.05,negative_squared_l2_adc,182159,121736,60423,6289,225,0.05166097128211868,0.050431683912182695,0.05291855301971429,0.0037237475795640733,0.0032686346228332753,0.004241959144176294,False,False,False,16,0.0027559829834593957,0.004866202509622555
2,genuine-score-topk-v2,20,continuous-threshold-06a0b8f7f9140644bd9c258d,continuous_fiqa_margin,0.05,negative_squared_l2_adc,182159,121736,60423,6289,225,0.05166097128211868,0.050431683912182695,0.05291855301971429,0.0037237475795640733,0.0032686346228332753,0.004241959144176294,False,False,False,16,0.0027559829834593957,0.004866202509622555
2,genuine-score-topk-v2,20,continuous-threshold-3ea8ec9131a809a569f678e2,continuous_fiqa_margin_distortion,0.05,negative_squared_l2_adc,182159,121736,60423,7598,401,0.062413747782085825,0.06106861688966043,0.06378649444184348,0.006636545686245304,0.006019771991712587,0.007316047643504551,False,False,False,16,0.004404188329745303,0.009508794040060128
2,genuine-score-topk-v2,20,continuous-threshold-bbdf214dfe9c0a0428999713,continuous_fiqa_runnerup,0.05,negative_squared_l2_adc,182159,121736,60423,6205,886,0.050970953538805285,0.04974956939451196,0.0522206755973033,0.014663290468861195,0.013735260186800047,0.01565302846023909,False,False,False,16,0.010973769730688965,0.018664572875569514
2,genuine-score-topk-v2,20,conditional-threshold-524562bbfcb5f1c044483505,global_safe,0.1,negative_squared_l2_adc,182159,121736,60423,11741,357,0.09644640862193599,0.09480083720433491,0.09811744802905711,0.0059083461595749965,0.00532789618700121,0.006551616981164035,True,True,False,16,0.003921572025701939,0.008131734899795542
2,genuine-score-topk-v2,20,conditional-threshold-becc5b409976263bc9905ea2,fiqa_2bin,0.1,negative_squared_l2_adc,182159,121736,60423,11588,435,0.0951895905894723,0.09355375289361396,0.09685097559177207,0.007199245320490542,0.006555771901325353,0.007905375458431884,True,True,False,16,0.004813243697833407,0.010236490074148365
2,genuine-score-topk-v2,20,conditional-threshold-127a0564fce991e9d3e31931,fiqa_5bin,0.1,negative_squared_l2_adc,182159,121736,60423,12060,473,0.09906683314713807,0.09740124281239051,0.10075772609821668,0.007828144911705807,0.0071560595791471315,0.008562807002154922,True,False,False,16,0.006058282217235251,0.009858211603365136
2,genuine-score-topk-v2,20,continuous-threshold-033fedda17f0e2b72a733160,continuous_fiqa,0.1,negative_squared_l2_adc,182159,121736,60423,12040,542,0.09890254320825392,0.09723819721805975,0.10059220218300415,0.008970094169438789,0.008248909379697586,0.009753710524935842,True,False,False,16,0.006880337450729445,0.01140537400839644
2,genuine-score-topk-v2,20,continuous-threshold-47146c4bfaf1d54081c96fd7,continuous_fiqa_margin,0.1,negative_squared_l2_adc,182159,121736,60423,12040,542,0.09890254320825392,0.09723819721805975,0.10059220218300415,0.008970094169438789,0.008248909379697586,0.009753710524935842,True,False,False,16,0.006880337450729445,0.01140537400839644
2,genuine-score-topk-v2,20,continuous-threshold-fdda77486a2f98e3e0c01034,continuous_fiqa_margin_distortion,0.1,negative_squared_l2_adc,182159,121736,60423,14500,702,0.11911020569100349,0.11730262224338484,0.12094182683150112,0.011618092448239909,0.01079417260740827,0.012504107177413858,False,False,False,16,0.008414759863027697,0.015382547125738078
2,genuine-score-topk-v2,20,continuous-threshold-60b059c90896bcb4431d78f6,continuous_fiqa_runnerup,0.1,negative_squared_l2_adc,182159,121736,60423,12181,1151,0.10006078727738714,0.09838769885865284,0.10175911558469111,0.01904903761812555,0.017989267176942887,0.020169958146658784,False,False,False,16,0.014802625036406477,0.02363923379707785
2,genuine-score-topk-v2,20,conditional-threshold-027b24ae0f7f49f603336445,global_safe,0.2,negative_squared_l2_adc,182159,121736,60423,23134,1081,0.1900341723072879,0.1878400870846587,0.1922478192600563,0.01789053837115006,0.01686386491065816,0.018978509215360956,True,True,False,16,0.012853472472372167,0.023727995801958723
2,genuine-score-topk-v2,20,conditional-threshold-65bcfc999c1062f8cb3f8366,fiqa_2bin,0.2,negative_squared_l2_adc,182159,121736,60423,23357,1218,0.1918660051258461,0.18966377146623845,0.194087684909884,0.020157886897373516,0.019067419979371725,0.02130936291905896,True,True,False,16,0.014870613394471044,0.026501601390584162
2,genuine-score-topk-v2,20,conditional-threshold-54824d34feab0d73fa7d08cb,fiqa_5bin,0.2,negative_squared_l2_adc,182159,121736,60423,23672,1298,0.19445357166327135,0.19223995919350656,0.1966864669579224,0.021481886036774075,0.02035591700872109,0.022668695829803947,True,True,False,16,0.01691816379215731,0.026755176640575418
2,genuine-score-topk-v2,20,continuous-threshold-76d2432e472ac5b793819884,continuous_fiqa,0.2,negative_squared_l2_adc,182159,121736,60423,24037,1333,0.19745186304790693,0.19522525514442898,0.19969756455616464,0.02206113566026182,0.020920001020068604,0.023263037417247712,True,True,False,16,0.017141768408230992,0.02775437186361488
2,genuine-score-topk-v2,20,continuous-threshold-d1859e63d17102116fb837c9,continuous_fiqa_margin,0.2,negative_squared_l2_adc,182159,121736,60423,24037,1333,0.19745186304790693,0.19522525514442898,0.19969756455616464,0.02206113566026182,0.020920001020068604,0.023263037417247712,True,True,False,16,0.017141768408230992,0.02775437186361488
2,genuine-score-topk-v2,20,continuous-threshold-1a1aa2ffffe337586aba8a3b,continuous_fiqa_margin_distortion,0.2,negative_squared_l2_adc,182159,121736,60423,27108,1313,0.22267858316356706,0.22035025000574915,0.22502441788521338,0.021730135875411682,0.02059764095290383,0.0229234399993889,False,False,False,16,0.017056049999277633,0.02686617637920714
2,genuine-score-topk-v2,20,continuous-threshold-7d44dae9009b6a1436ac6290,continuous_fiqa_runnerup,0.2,negative_squared_l2_adc,182159,121736,60423,24017,1500,0.1972875731090228,0.1950616720701352,0.19953257812091518,0.02482498386376049,0.023614260732553682,0.02609612270470959,True,True,False,16,0.01990558406561473,0.030032709390935688
2,genuine-score-topk-v2,20,conditional-threshold-00467ec2b75dca82e701cd4b,global_safe,0.3,negative_squared_l2_adc,182159,121736,60423,34815,1862,0.2859877111125715,0.28345606576262855,0.2885328626308325,0.03081607996954802,0.02946766120222541,0.032224152713964796,True,True,False,16,0.023866403521411585,0.038742127305691855
2,genuine-score-topk-v2,20,conditional-threshold-667f79d5fa8b4950d28af76d,fiqa_2bin,0.3,negative_squared_l2_adc,182159,121736,60423,34914,2019,0.286800946310048,0.28426711688698664,0.28934823057871367,0.03341442828062162,0.03201086848970733,0.034877311683918055,True,True,False,16,0.02641363407451867,0.041775221031298215
2,genuine-score-topk-v2,20,conditional-threshold-0c0cf4630e286d98bcdedfe0,fiqa_5bin,0.3,negative_squared_l2_adc,182159,121736,60423,35163,2117,0.28884635604915554,0.2863070776735973,0.2913989601859166,0.035036327226387304,0.03359954090608919,0.03653223094415177,True,True,False,16,0.028653856031756072,0.04220188238890484
2,genuine-score-topk-v2,20,continuous-threshold-fcfb3a55071b2adc5c7cebc8,continuous_fiqa,0.3,negative_squared_l2_adc,182159,121736,60423,35874,2114,0.2946868633764868,0.292132371972531,0.29725431195124613,0.03498667725865978,0.033550895274280075,0.03648158295320734,True,True,False,16,0.028275399789306672,0.042413898971060064
2,genuine-score-topk-v2,20,continuous-threshold-e0cc696b3d80b6f1c541b768,continuous_fiqa_margin,0.3,negative_squared_l2_adc,182159,121736,60423,35874,2114,0.2946868633764868,0.292132371972531,0.29725431195124613,0.03498667725865978,0.033550895274280075,0.03648158295320734,True,True,False,16,0.028275399789306672,0.042413898971060064
2,genuine-score-topk-v2,20,continuous-threshold-05254b1ac782ad02bc008ce4,continuous_fiqa_margin_distortion,0.3,negative_squared_l2_adc,182159,121736,60423,39540,2036,0.32480120917395017,0.3221761222778922,0.327437352745166,0.03369577809774424,0.032286391531494006,0.035164452504401415,False,False,False,16,0.02719920622258294,0.04069095656531524
2,genuine-score-topk-v2,20,continuous-threshold-7586dc6fa61ebba0b1e0fa61,continuous_fiqa_runnerup,0.3,negative_squared_l2_adc,182159,121736,60423,35913,1733,0.2950072287573109,0.29245191758940553,0.29757547687798097,0.02868113135726462,0.02737995863589161,0.030042229501896462,True,True,False,16,0.023325287166254552,0.0342658051634515
2,genuine-score-topk-v2,20,conditional-threshold-b32083a644448fd7d964d72a,global_safe,0.01,negative_squared_l2_adc,182159,121736,60423,1383,1,0.01136064927383847,0.010780546047358808,0.011971590193574374,1.6549989242506992e-05,2.921485459104056e-06,9.374844928628428e-05,False,False,False,17,0.0,5.177124566255694e-05
2,genuine-score-topk-v2,20,conditional-threshold-3a1842c2751d45348468a2fe,fiqa_2bin,0.01,negative_squared_l2_adc,182159,121736,60423,1319,2,0.010834921469409214,0.010268612891688605,0.011432100918706119,3.3099978485013984e-05,9.077254918429269e-06,0.00012069055407813844,False,False,False,17,0.0,0.00010354249132511387
2,genuine-score-topk-v2,20,conditional-threshold-720d7242bcdb06f578180495,fiqa_5bin,0.01,negative_squared_l2_adc,182159,121736,60423,1229,5,0.010095616744430571,0.009549304567973059,0.010672846449476955,8.274994621253496e-05,3.53463323530083e-05,0.00019371509939709752,False,False,False,17,1.593701072521854e-05,0.0001795846539134455
2,genuine-score-topk-v2,20,continuous-threshold-ae1194b6cc866ce24a06b242,continuous_fiqa,0.01,negative_squared_l2_adc,182159,121736,60423,1349,53,0.011081356377735427,0.010508539529225704,0.01168502854548392,0.0008771494298528706,0.000670719888639382,0.0011470395071673336,False,False,False,17,0.00048582174953168145,0.0013852666806078197
2,genuine-score-topk-v2,20,continuous-threshold-d59d6b77bb21e55f64d8529a,continuous_fiqa_margin,0.01,negative_squared_l2_adc,182159,121736,60423,1349,53,0.011081356377735427,0.010508539529225704,0.01168502854548392,0.0008771494298528706,0.000670719888639382,0.0011470395071673336,False,False,False,17,0.00048582174953168145,0.0013852666806078197
2,genuine-score-topk-v2,20,continuous-threshold-f8dc2704b7861cc52fc26a6b,continuous_fiqa_margin_distortion,0.01,negative_squared_l2_adc,182159,121736,60423,1611,155,0.013233554577117697,0.012606816113365997,0.01389101253636045,0.002565248332588584,0.0021923224033628392,0.0030014201660641736,False,False,False,17,0.0013469052222613543,0.004175278524897351
2,genuine-score-topk-v2,20,continuous-threshold-5a92e1f21d33eddf27ee31eb,continuous_fiqa_runnerup,0.01,negative_squared_l2_adc,182159,121736,60423,1228,517,0.010087402247486364,0.009541316416309585,0.010664406125663266,0.008556344438376115,0.007852558403535657,0.009322614644818287,False,False,False,17,0.005880372598021485,0.011576366540533995
2,genuine-score-topk-v2,20,conditional-threshold-9659e5853c4674d8d55649c8,global_safe,0.05,negative_squared_l2_adc,182159,121736,60423,6342,85,0.052096339620161664,0.050862097484883725,0.05335884864730292,0.0014067490856130944,0.0011379314483918592,0.0017389599234525965,False,False,False,17,0.0008419532330028418,0.0020741941537638737
2,genuine-score-topk-v2,20,conditional-threshold-dc7e2677f039fc59126ab681,fiqa_2bin,0.05,negative_squared_l2_adc,182159,121736,60423,5874,85,0.04825195505027272,0.04706233693861332,0.049470082670260845,0.0014067490856130944,0.0011379314483918592,0.0017389599234525965,True,True,False,17,0.0008557417858695852,0.0020953335604663092
2,genuine-score-topk-v2,20,conditional-threshold-52b5b7ab9857ded833f28c37,fiqa_5bin,0.05,negative_squared_l2_adc,182159,121736,60423,6128,170,0.05033843727410133,0.04912435292384984,0.05158089945622382,0.002813498171226189,0.0024216013071106162,0.003268609376084087,False,False,False,17,0.0020263740271598708,0.003710052313104348
2,genuine-score-topk-v2,20,continuous-threshold-33b249d67c5965b41420f121,continuous_fiqa,0.05,negative_squared_l2_adc,182159,121736,60423,6294,227,0.05170204376683972,0.05047228792235608,0.05296009138692672,0.003756847558049087,0.003299591611177179,0.0042771979043347485,False,False,False,17,0.0027674811066602033,0.004903410937529333
2,genuine-score-topk-v2,20,continuous-threshold-6e911eec15411a04c5519fa5,continuous_fiqa_margin,0.05,negative_squared_l2_adc,182159,121736,60423,6294,227,0.05170204376683972,0.05047228792235608,0.05296009138692672,0.003756847558049087,0.003299591611177179,0.0042771979043347485,False,False,False,17,0.0027674811066602033,0.004903410937529333
2,genuine-score-topk-v2,20,continuous-threshold-38f1ec48195f11cc4c3b40bc,continuous_fiqa_margin_distortion,0.05,negative_squared_l2_adc,182159,121736,60423,7659,424,0.06291483209568247,0.06156460654853907,0.06429264178707184,0.0070171954388229645,0.006382240083758668,0.007714830659235595,False,False,False,17,0.004639363267919854,0.010033516406004606
2,genuine-score-topk-v2,20,continuous-threshold-6548bceb6303a6a3c8ed37ad,continuous_fiqa_runnerup,0.05,negative_squared_l2_adc,182159,121736,60423,6236,886,0.0512256029440757,0.0500012948813221,0.05247823285028522,0.014663290468861195,0.013735260186800047,0.01565302846023909,False,False,False,17,0.010981072150661252,0.018646805200937734
2,genuine-score-topk-v2,20,conditional-threshold-0c7567485d191ec9cd291d52,global_safe,0.1,negative_squared_l2_adc,182159,121736,60423,11838,367,0.09724321482552409,0.09559151711073718,0.0989203302439397,0.0060738460520000665,0.005484949584899156,0.006725542325777883,True,True,False,17,0.004032325726655767,0.008381109970198811
2,genuine-score-topk-v2,20,conditional-threshold-94c74af61df5a74d5b8f788e,fiqa_2bin,0.1,negative_squared_l2_adc,182159,121736,60423,11240,397,0.09233094565288821,0.09071757669891609,0.09397004232041706,0.006570345729275276,0.005956787702401401,0.00724664043581102,True,True,False,17,0.004285652886785612,0.009447226965361008
2,genuine-score-topk-v2,20,conditional-threshold-a44331b910cea657324f208e,fiqa_5bin,0.1,negative_squared_l2_adc,182159,121736,60423,11735,440,0.09639712164027076,0.09475193030306717,0.09806778407746189,0.007281995266703077,0.0066346862740528515,0.007991950456960282,True,True,False,17,0.005620853765501102,0.009141551733249554
2,genuine-score-topk-v2,20,continuous-threshold-dbfd7baa24302f7893520269,continuous_fiqa,0.1,negative_squared_l2_adc,182159,121736,60423,11999,542,0.09856574883354144,0.0969039582066114,0.1002528736998888,0.008970094169438789,0.008248909379697586,0.009753710524935842,True,False,False,17,0.0069064099185300815,0.011410027230796795
2,genuine-score-topk-v2,20,continuous-threshold-3d8c34aaa4327a4ba5ee3b0a,continuous_fiqa_margin,0.1,negative_squared_l2_adc,182159,121736,60423,11999,542,0.09856574883354144,0.0969039582066114,0.1002528736998888,0.008970094169438789,0.008248909379697586,0.009753710524935842,True,False,False,17,0.0069064099185300815,0.011410027230796795
2,genuine-score-topk-v2,20,continuous-threshold-d120c6e4a09c7d1f29cf21ee,continuous_fiqa_margin_distortion,0.1,negative_squared_l2_adc,182159,121736,60423,14632,709,0.12019451928763883,0.11837976393072305,0.12203324390714848,0.011733942372937458,0.010905819233753337,0.01262414567082705,False,False,False,17,0.00852574282281863,0.015615234622719262
2,genuine-score-topk-v2,20,continuous-threshold-9f6a1e2056c71f1dd1e2a731,continuous_fiqa_runnerup,0.1,negative_squared_l2_adc,182159,121736,60423,12269,1155,0.10078366300847737,0.09910515372260159,0.10248736656273275,0.019115237575095576,0.018053608394934847,0.020238008425671535,False,False,False,17,0.014856181591197297,0.023718746182881785
2,genuine-score-topk-v2,20,conditional-threshold-fd0c99001320e556f21084e6,global_safe,0.2,negative_squared_l2_adc,182159,121736,60423,22904,1071,0.18814483801012025,0.1859592387603074,0.19035011822466003,0.01772503847872499,0.016703184353491368,0.01880821103001595,True,True,False,17,0.012719676927744892,0.023515527645615323
2,genuine-score-topk-v2,20,conditional-threshold-5c27cdd7ed4fafb299e4286c,fiqa_2bin,0.2,negative_squared_l2_adc,182159,121736,60423,22788,1170,0.18719195636459224,0.18501066878972292,0.18939298503989357,0.019363487413733182,0.018294918088013472,0.020493166846360607,True,True,False,17,0.01420385950228904,0.025589777820379644
2,genuine-score-topk-v2,20,conditional-threshold-793a997a9bce74662a7d5fca,fiqa_5bin,0.2,negative_squared_l2_adc,182159,121736,60423,23366,1281,0.19193993559834396,0.1897373747040095,0.1941619379514075,0.021200536219651456,0.020082011918236622,0.022379937058018363,True,True,False,17,0.016618849006755896,0.02640449928288854
2,genuine-score-topk-v2,20,continuous-threshold-407cf758ba71a30e99b1fabb,continuous_fiqa,0.2,negative_squared_l2_adc,182159,121736,60423,23880,1320,0.1961621870276664,0.19394114421098985,0.19840240483968907,0.02184598580010923,0.020710459049840837,0.023042307022210145,True,True,False,17,0.01697160997831665,0.02746695234118612
2,genuine-score-topk-v2,20,continuous-threshold-141541d08142e07f3c255270,continuous_fiqa_margin,0.2,negative_squared_l2_adc,182159,121736,60423,23880,1320,0.1961621870276664,0.19394114421098985,0.19840240483968907,0.02184598580010923,0.020710459049840837,0.023042307022210145,True,True,False,17,0.01697160997831665,0.02746695234118612
2,genuine-score-topk-v2,20,continuous-threshold-e163fac5b9637f3454e48de7,continuous_fiqa_margin_distortion,0.2,negative_squared_l2_adc,182159,121736,60423,27127,1319,0.222834658605507,0.22050573638281684,0.2251810725422118,0.021829435810866722,0.02069434165351153,0.02302532654428827,False,False,False,17,0.017193820646289888,0.026972938709644182
2,genuine-score-topk-v2,20,continuous-threshold-72a5ed7536ec7c71510ea07d,continuous_fiqa_runnerup,0.2,negative_squared_l2_adc,182159,121736,60423,24120,1503,0.19813366629427615,0.19590413131730483,0.20038225184789338,0.02487463383148801,0.023662699647736617,0.026146977412280198,True,False,False,17,0.01995425403884169,0.030112607990437593
2,genuine-score-topk-v2,20,conditional-threshold-f36e37bfd0c1581c35d20af5,global_safe,0.3,negative_squared_l2_adc,182159,121736,60423,33938,1802,0.2787835972925018,0.276271742235898,0.28130941316409064,0.0298230806149976,0.02849640665632685,0.03120953480479259,True,True,False,17,0.023070082916542774,0.037497798164231703
2,genuine-score-topk-v2,20,conditional-threshold-0196aa254c24d94eca2582df,fiqa_2bin,0.3,negative_squared_l2_adc,182159,121736,60423,34502,1980,0.28341657356903466,0.2808918997564638,0.2859549158126452,0.03276897870016385,0.031378889407255695,0.03421847367057369,True,True,False,17,0.025865133753382487,0.04106682439093212
2,genuine-score-topk-v2,20,conditional-threshold-b87fb5c860af0bf3551c587f,fiqa_5bin,0.3,negative_squared_l2_adc,182159,121736,60423,35117,2117,0.288468489189722,0.2859302126838684,0.291020115303696,0.035036327226387304,0.03359954090608919,0.03653223094415177,True,True,False,17,0.028575202914813167,0.04222462422470096
2,genuine-score-topk-v2,20,continuous-threshold-d39dd35250d743324fb7986c,continuous_fiqa,0.3,negative_squared_l2_adc,182159,121736,60423,35345,2079,0.2903413944930012,0.2877981732917057,0.2928978471046519,0.03440742763517204,0.03298342181889837,0.03589063080979777,True,True,False,17,0.02781410087856469,0.0417976734238094
2,genuine-score-topk-v2,20,continuous-threshold-9729101b2e5aeffff9e371df,continuous_fiqa_margin,0.3,negative_squared_l2_adc,182159,121736,60423,35345,2079,0.2903413944930012,0.2877981732917057,0.2928978471046519,0.03440742763517204,0.03298342181889837,0.03589063080979777,True,True,False,17,0.02781410087856469,0.0417976734238094
2,genuine-score-topk-v2,20,continuous-threshold-d8a2e34a492062ca15e2bc1b,continuous_fiqa_margin_distortion,0.3,negative_squared_l2_adc,182159,121736,60423,39580,2043,0.32512978905171847,0.3225040020240997,0.32776661201804513,0.03381162802244179,0.03239985001463338,0.03528267914102031,False,False,False,17,0.027278989138619553,0.040869205102567904
2,genuine-score-topk-v2,20,continuous-threshold-a7b1ac5ee8418c90161c3205,continuous_fiqa_runnerup,0.3,negative_squared_l2_adc,182159,121736,60423,36016,1736,0.29585332194256425,0.293295853059369,0.2984236743821653,0.028730781324992138,0.027428488467821487,0.030092993292720114,True,True,False,17,0.02339706200588234,0.034320192163983174
2,genuine-score-topk-v2,20,conditional-threshold-1d1853fae456fa1cf0322f46,global_safe,0.01,negative_squared_l2_adc,182159,121736,60423,1384,1,0.011368863770782677,0.010788547647471333,0.011980017068939013,1.6549989242506992e-05,2.921485459104056e-06,9.374844928628428e-05,False,False,False,18,0.0,5.177124566255694e-05
2,genuine-score-topk-v2,20,conditional-threshold-de9f786e0a1ab253e4f25ab1,fiqa_2bin,0.01,negative_squared_l2_adc,182159,121736,60423,1343,2,0.011032069396070184,0.010460548181050973,0.01163444904079567,3.3099978485013984e-05,9.077254918429269e-06,0.00012069055407813844,False,False,False,18,0.0,0.00010354249132511387
2,genuine-score-topk-v2,20,conditional-threshold-3bf3a49e6100547f69447909,fiqa_5bin,0.01,negative_squared_l2_adc,182159,121736,60423,1332,8,0.010941709929683905,0.010372571823586339,0.011541712168011507,0.00013239991394005594,6.709180407532717e-05,0.0002612632504283168,False,False,False,18,3.421457753362379e-05,0.00026265947545272986
2,genuine-score-topk-v2,20,continuous-threshold-a9bd1b52e1606a5888d27fdd,continuous_fiqa,0.01,negative_squared_l2_adc,182159,121736,60423,1341,51,0.01101564040218177,0.010444551728527046,0.011617588542365274,0.0008440494513678566,0.000642073423590897,0.00110949022371346,False,False,False,18,0.0004674729319813498,0.0013447045469345395
2,genuine-score-topk-v2,20,continuous-threshold-28cdad430d3af386f5c6c22c,continuous_fiqa_margin,0.01,negative_squared_l2_adc,182159,121736,60423,1341,51,0.01101564040218177,0.010444551728527046,0.011617588542365274,0.0008440494513678566,0.000642073423590897,0.00110949022371346,False,False,False,18,0.0004674729319813498,0.0013447045469345395
2,genuine-score-topk-v2,20,continuous-threshold-40322d56c37c230305f52716,continuous_fiqa_margin_distortion,0.01,negative_squared_l2_adc,182159,121736,60423,1697,129,0.013940001314319512,0.01329657070164504,0.014614106839117463,0.002134948612283402,0.0017972277477665546,0.002535970091129794,False,False,False,18,0.0010692917078401107,0.003545232635204572
2,genuine-score-topk-v2,20,continuous-threshold-3ff245d6ec1e36cf530a6e5d,continuous_fiqa_runnerup,0.01,negative_squared_l2_adc,182159,121736,60423,1262,521,0.010366695143589406,0.0098129660494025,0.010951324658793908,0.008622544395346142,0.007915946080791483,0.009391618464567179,False,False,False,18,0.005950364871754874,0.011577008566114344
2,genuine-score-topk-v2,20,conditional-threshold-4afb96a9dcac9ec554b7f100,global_safe,0.05,negative_squared_l2_adc,182159,121736,60423,6313,83,0.051858119208779654,0.05062658514864644,0.053117935194702474,0.0013736491071280803,0.0011083451902510536,0.0017023504330910433,False,False,False,18,0.0008380519512925206,0.0020178863108057123
2,genuine-score-topk-v2,20,conditional-threshold-792a2eb50aa419c51af6c04e,fiqa_2bin,0.05,negative_squared_l2_adc,182159,121736,60423,6199,102,0.05092166655714004,0.04970084931911894,0.05217082481983334,0.0016880989027357133,0.0013909337230744146,0.0020486215110400905,False,False,False,18,0.00103828317794004,0.0024775161119938126
2,genuine-score-topk-v2,20,conditional-threshold-b2aef6b67f621a0530c788ce,fiqa_5bin,0.05,negative_squared_l2_adc,182159,121736,60423,6393,183,0.05251527896431622,0.051276291935480466,0.05378250644604151,0.0030286480313787795,0.0026209780308094257,0.0034995050176506092,False,False,False,18,0.002192528620194151,0.003974394426598833
2,genuine-score-topk-v2,20,continuous-threshold-7040d40f1f2c97ccfea63741,continuous_fiqa,0.05,negative_squared_l2_adc,182159,121736,60423,6283,221,0.05161168430045344,0.05038295938830676,0.052868706690727234,0.0036575476225940455,0.0032067495849882593,0.004171452685016592,False,False,False,18,0.002708099768923749,0.00477773366798838
2,genuine-score-topk-v2,20,continuous-threshold-f87e9eb312ad953ee308a546,continuous_fiqa_margin,0.05,negative_squared_l2_adc,182159,121736,60423,6283,221,0.05161168430045344,0.05038295938830676,0.052868706690727234,0.0036575476225940455,0.0032067495849882593,0.004171452685016592,False,False,False,18,0.002708099768923749,0.00477773366798838
2,genuine-score-topk-v2,20,continuous-threshold-a498b1d9aeca475f3ac65ed5,continuous_fiqa_margin_distortion,0.05,negative_squared_l2_adc,182159,121736,60423,7611,408,0.06252053624236052,0.06117431752509941,0.06389436398760764,0.006752395610942853,0.006130033484744981,0.007437471270230413,False,False,False,18,0.004468901862000974,0.009653347221167771
2,genuine-score-topk-v2,20,continuous-threshold-a97fa776333e0d0d67afbb84,continuous_fiqa_runnerup,0.05,negative_squared_l2_adc,182159,121736,60423,6305,886,0.051792403233225995,0.050561617512353774,0.053051475027177816,0.014663290468861195,0.013735260186800047,0.01565302846023909,False,False,False,18,0.010979771094992567,0.01866449287292541
2,genuine-score-topk-v2,20,conditional-threshold-ebbb1f6da77d1f24c9e8ed13,global_safe,0.1,negative_squared_l2_adc,182159,121736,60423,11917,374,0.09789216008411644,0.09623549825321012,0.09957419866416267,0.006189695976697615,0.00559495624134399,0.0068472207890913055,True,True,False,18,0.004112097485582484,0.00850599851738911
2,genuine-score-topk-v2,20,conditional-threshold-7fd2bfefd0b370cb1684b766,fiqa_2bin,0.1,negative_squared_l2_adc,182159,121736,60423,11626,434,0.09550174147335218,0.09386347812118856,0.0971655324323297,0.0071826953312480344,0.0065399917162419306,0.007888057769264127,True,True,False,18,0.0047974802139586934,0.010261383557921598
2,genuine-score-topk-v2,20,conditional-threshold-02f70d32d9b4a86be26df460,fiqa_5bin,0.1,negative_squared_l2_adc,182159,121736,60423,12099,469,0.09938719852796214,0.09771918580673619,0.10108049364748034,0.00776194495473578,0.007092814823981496,0.008493660260315838,True,False,False,18,0.006009623182190057,0.009789941782167669
2,genuine-score-topk-v2,20,continuous-threshold-366d9024a0a021615464c2fe,continuous_fiqa,0.1,negative_squared_l2_adc,182159,121736,60423,12007,536,0.09863146480909508,0.09696917510331168,0.10031908460700581,0.008870794233983749,0.00815374703410297,0.009650285625023385,True,False,False,18,0.006768767329261984,0.011326176463454119
2,genuine-score-topk-v2,20,continuous-threshold-4ed84f424f66c814e503f6d1,continuous_fiqa_margin,0.1,negative_squared_l2_adc,182159,121736,60423,12007,536,0.09863146480909508,0.09696917510331168,0.10031908460700581,0.008870794233983749,0.00815374703410297,0.009650285625023385,True,False,False,18,0.006768767329261984,0.011326176463454119
2,genuine-score-topk-v2,20,continuous-threshold-c3c6e42f757acded51d9c9a5,continuous_fiqa_margin_distortion,0.1,negative_squared_l2_adc,182159,121736,60423,14501,701,0.11911842018794769,0.11731078222579194,0.12095009532457116,0.011601542458997402,0.010778224853072477,0.012486957057498475,False,False,False,18,0.008407486378317246,0.015409860735705591
2,genuine-score-topk-v2,20,continuous-threshold-d2aa927ee107e02fbaea2c79,continuous_fiqa_runnerup,0.1,negative_squared_l2_adc,182159,121736,60423,12276,1146,0.10084116448708681,0.09916222515403578,0.1025452944596387,0.018966287671913013,0.01790884545971895,0.020084890492626822,False,False,False,18,0.014727226829086774,0.02356549552112486
2,genuine-score-topk-v2,20,conditional-threshold-3d861e9efb691d6539158930,global_safe,0.2,negative_squared_l2_adc,182159,121736,60423,23459,1109,0.1927038838141552,0.1904979488420364,0.1949292120327567,0.018353938069940255,0.017313894019006036,0.019455220586046103,True,True,False,18,0.013247791586457443,0.024375398359685257
2,genuine-score-topk-v2,20,conditional-threshold-6d6b75950feda244d33a3fcd,fiqa_2bin,0.2,negative_squared_l2_adc,182159,121736,60423,23343,1222,0.1917510021686272,0.18954927779070554,0.1939721799287367,0.020224086854343546,0.019131815938331142,0.021377358457104267,True,True,False,18,0.014924919101676808,0.026489640416073646
2,genuine-score-topk-v2,20,conditional-threshold-526352a33d9d6f88b97dfffe,fiqa_5bin,0.2,negative_squared_l2_adc,182159,121736,60423,23742,1308,0.19502858644936585,0.1928124660324103,0.19726395340242014,0.021647385929199146,0.020517061872855357,0.02283852970818147,True,True,False,18,0.017057120733794187,0.026963434659745347
2,genuine-score-topk-v2,20,continuous-threshold-e9ad4c31cdf9d3ab5d579937,continuous_fiqa,0.2,negative_squared_l2_adc,182159,121736,60423,23958,1321,0.19680291778931458,0.19457910550714644,0.19904586463075127,0.021862535789351736,0.020726576620764322,0.02305928732553784,True,True,False,18,0.01694761915043207,0.027539023249530625
2,genuine-score-topk-v2,20,continuous-threshold-e18231aee0e215fc7b597308,continuous_fiqa_margin,0.2,negative_squared_l2_adc,182159,121736,60423,23958,1321,0.19680291778931458,0.19457910550714644,0.19904586463075127,0.021862535789351736,0.020726576620764322,0.02305928732553784,True,True,False,18,0.01694761915043207,0.027539023249530625
2,genuine-score-topk-v2,20,continuous-threshold-232bf63dce95858205a0acc7,continuous_fiqa_margin_distortion,0.2,negative_squared_l2_adc,182159,121736,60423,27295,1327,0.2242146940921338,0.22188058390875157,0.2265662088964405,0.02196183572480678,0.020823285701964442,0.0231611654898448,False,False,False,18,0.017217604151229977,0.02711927883737545
2,genuine-score-topk-v2,20,continuous-threshold-eba366621904b3841a7fe695,continuous_fiqa_runnerup,0.2,negative_squared_l2_adc,182159,121736,60423,24041,1501,0.19748472103568376,0.19525797183140842,0.19973056177109383,0.024841533853002997,0.023630406892992794,0.02611307441852166,True,True,False,18,0.019937426699751935,0.03008903104283236
2,genuine-score-topk-v2,20,conditional-threshold-b5aef65bdfb0fe8128b64f11,global_safe,0.3,negative_squared_l2_adc,182159,121736,60423,34800,1862,0.2858644936584084,0.2833331801060162,0.28840932115528745,0.03081607996954802,0.02946766120222541,0.032224152713964796,True,True,False,18,0.023866403521411585,0.038742127305691855
2,genuine-score-topk-v2,20,conditional-threshold-17c0561e46ed424871243472,fiqa_2bin,0.3,negative_squared_l2_adc,182159,121736,60423,35075,2039,0.28812348031806534,0.28558612044587145,0.29067421157165213,0.03374542806547176,0.0323350160398511,0.03521512161879786,True,True,False,18,0.026703092502027674,0.04206077585653331
2,genuine-score-topk-v2,20,conditional-threshold-be0c96fa3deca3db2198b16f,fiqa_5bin,0.3,negative_squared_l2_adc,182159,121736,60423,35227,2122,0.2893720838535848,0.2868314151545265,0.2919260451355259,0.035119077172599836,0.03368061871365054,0.03661664250784631,True,True,False,18,0.028640998055570535,0.042302963332377895
2,genuine-score-topk-v2,20,continuous-threshold-916f1ca42af1fd24c0754d6e,continuous_fiqa,0.3,negative_squared_l2_adc,182159,121736,60423,35908,2111,0.2949661562725899,0.2924109501176767,0.297534301972324,0.03493702729093226,0.033502250433995795,0.036430934170738075,True,True,False,18,0.028283494052174746,0.04233151995232447
2,genuine-score-topk-v2,20,continuous-threshold-699f6919d6d9891c53af81f0,continuous_fiqa_margin,0.3,negative_squared_l2_adc,182159,121736,60423,35908,2111,0.2949661562725899,0.2924109501176767,0.297534301972324,0.03493702729093226,0.033502250433995795,0.036430934170738075,True,True,False,18,0.028283494052174746,0.04233151995232447
2,genuine-score-topk-v2,20,continuous-threshold-b618a0bcb4624b31957c07ac,continuous_fiqa_margin_distortion,0.3,negative_squared_l2_adc,182159,121736,60423,39660,2034,0.32578694880725506,0.32315976594065954,0.32842512613965835,0.03366267811925922,0.032253975656781377,0.03513067263061168,False,False,False,18,0.027157142762609412,0.04072396951407592
2,genuine-score-topk-v2,20,continuous-threshold-a9f784560867ae14c38a8f50,continuous_fiqa_runnerup,0.3,negative_squared_l2_adc,182159,121736,60423,35869,1732,0.2946457908917658,0.29209140469572237,0.29721313685066897,0.02866458136802211,0.027363782259758027,0.030025308003778856,True,True,False,18,0.02331317851023931,0.03423136993009132
2,genuine-score-topk-v2,20,conditional-threshold-cc8be883f60a6731b5174bc8,global_safe,0.01,negative_squared_l2_adc,182159,121736,60423,1389,1,0.011409936255503713,0.010828556837984124,0.012022150255812039,1.6549989242506992e-05,2.921485459104056e-06,9.374844928628428e-05,False,False,False,8972,0.0,5.177124566255694e-05
2,genuine-score-topk-v2,20,conditional-threshold-53e9bcf9a6eb493a115de180,fiqa_2bin,0.01,negative_squared_l2_adc,182159,121736,60423,1316,3,0.010810277978576591,0.010244624408853646,0.011406803975109587,4.964996772752098e-05,1.6885609984492088e-05,0.00014598007326325498,False,False,False,8972,0.0,0.00013398483908531295
2,genuine-score-topk-v2,20,conditional-threshold-2ff1a753d86a59162fcb7606,fiqa_5bin,0.01,negative_squared_l2_adc,182159,121736,60423,1271,11,0.01044062561608727,0.009884891106875252,0.011027255880615625,0.0001820498816675769,0.00010166019422344313,0.0003259884830337389,False,False,False,8972,6.370370593055103e-05,0.0003437503271022064
2,genuine-score-topk-v2,20,continuous-threshold-42984da82faa6cec41512a91,continuous_fiqa,0.01,negative_squared_l2_adc,182159,121736,60423,1294,48,0.010629559045804034,0.010068732578460094,0.011221269345005542,0.0007943994836403357,0.000599268008606345,0.001053002015944474,False,False,False,8972,0.00043822503724760744,0.0012799442167496335
2,genuine-score-topk-v2,20,continuous-threshold-56660fb33cd6cca2cead1de9,continuous_fiqa_margin,0.01,negative_squared_l2_adc,182159,121736,60423,1294,48,0.010629559045804034,0.010068732578460094,0.011221269345005542,0.0007943994836403357,0.000599268008606345,0.001053002015944474,False,False,False,8972,0.00043822503724760744,0.0012799442167496335
2,genuine-score-topk-v2,20,continuous-threshold-fd3b8ab4482984591f7cca83,continuous_fiqa_margin_distortion,0.01,negative_squared_l2_adc,182159,121736,60423,1726,127,0.014178221725701518,0.013529262016113744,0.014857841313486496,0.002101848633798388,0.0017669769981677665,0.0025000250922262235,False,False,False,8972,0.001052615400649316,0.0034560325265438263
2,genuine-score-topk-v2,20,continuous-threshold-588cc772518935457ff7479b,continuous_fiqa_runnerup,0.01,negative_squared_l2_adc,182159,121736,60423,1237,518,0.010161332719984229,0.009613213182385014,0.010740365638882308,0.008572894427618622,0.007868404282576754,0.009339866640028371,False,False,False,8972,0.005918028431432626,0.011543731322721506
2,genuine-score-topk-v2,20,conditional-threshold-e75a172f6a9cc0ec758ab244,global_safe,0.05,negative_squared_l2_adc,182159,121736,60423,6269,81,0.05149668134323454,0.050269270058126515,0.0527523973642272,0.0013405491286430664,0.001078801188894841,0.001665698685944897,False,False,False,8972,0.0008041736768297146,0.0019694426155334815
2,genuine-score-topk-v2,20,conditional-threshold-e205a8457b6207aca970843c,fiqa_2bin,0.05,negative_squared_l2_adc,182159,121736,60423,6218,99,0.051077741999079974,0.049855130657037505,0.05232868451598087,0.0016384489350081922,0.0013461051036167651,0.0019941565077442017,False,False,False,8972,0.001006759056840611,0.0024284939912191314
2,genuine-score-topk-v2,20,conditional-threshold-b6142a3f72695e75a46ac074,fiqa_5bin,0.05,negative_squared_l2_adc,182159,121736,60423,6290,177,0.05166918577906289,0.05043980469675189,0.052926860710622255,0.0029293480959237377,0.0025288857240994434,0.003393010078853516,False,False,False,8972,0.002112420868618951,0.003846824266057543
2,genuine-score-topk-v2,20,continuous-threshold-39498d1bb8deaba882a99aef,continuous_fiqa,0.05,negative_squared_l2_adc,182159,121736,60423,6273,218,0.05152953933101137,0.05030175254860555,0.052785628775656825,0.0036078976548665244,0.003160361641004964,0.004118547006246349,False,False,False,8972,0.002664067168533868,0.004712455242810324
2,genuine-score-topk-v2,20,continuous-threshold-ffd5347df818938ab6abb36c,continuous_fiqa_margin,0.05,negative_squared_l2_adc,182159,121736,60423,6273,218,0.05152953933101137,0.05030175254860555,0.052785628775656825,0.0036078976548665244,0.003160361641004964,0.004118547006246349,False,False,False,8972,0.002664067168533868,0.004712455242810324
2,genuine-score-topk-v2,20,continuous-threshold-a8875b4ed5842af1c06bc85d,continuous_fiqa_margin_distortion,0.05,negative_squared_l2_adc,182159,121736,60423,7683,409,0.06311198002234343,0.06175975678699098,0.06449177496007186,0.00676894560018536,0.006145789117909993,0.0074548135113165805,False,False,False,8972,0.004497613475992031,0.009676674598061916
2,genuine-score-topk-v2,20,continuous-threshold-0269907bd151e832b2e9dc49,continuous_fiqa_runnerup,0.05,negative_squared_l2_adc,182159,121736,60423,6203,884,0.05095452454491687,0.04973332933373946,0.05220405870712147,0.014630190490376182,0.013703227925745597,0.01561886497279118,False,False,False,8972,0.010933306470202714,0.01864288358866312
2,genuine-score-topk-v2,20,conditional-threshold-f24bed78ff20e6527a98f9a5,global_safe,0.1,negative_squared_l2_adc,182159,121736,60423,11749,357,0.09651212459748965,0.09486604661226701,0.09818366642494232,0.0059083461595749965,0.00532789618700121,0.006551616981164035,True,True,False,8972,0.003921572025701939,0.008131734899795542
2,genuine-score-topk-v2,20,conditional-threshold-4806b5aa30b2e3a7a9a8ec0a,fiqa_2bin,0.1,negative_squared_l2_adc,182159,121736,60423,11512,426,0.09456528882171256,0.09293431870103805,0.09622184564808356,0.007050295417307979,0.006413783029668242,0.00774948346182838,True,True,False,8972,0.004663976607102321,0.010094897557516792
2,genuine-score-topk-v2,20,conditional-threshold-a4b0e9cf1394b6d22371071d,fiqa_5bin,0.1,negative_squared_l2_adc,182159,121736,60423,12014,465,0.09868896628770454,0.09702624007558863,0.10037701896306903,0.007695744997765751,0.007029582953965229,0.008424500633327388,True,False,False,8972,0.005966874437830858,0.00967466618599531
2,genuine-score-topk-v2,20,continuous-threshold-465076bad2bf5506a77a9f57,continuous_fiqa,0.1,negative_squared_l2_adc,182159,121736,60423,11872,523,0.09752250772162713,0.09586867077686122,0.09920174474403924,0.008655644373831158,0.007947644060767513,0.009426116233093512,True,True,False,8972,0.006644051742686825,0.011001505397946037
2,genuine-score-topk-v2,20,continuous-threshold-44037c95343df12ef00556b8,continuous_fiqa_margin,0.1,negative_squared_l2_adc,182159,121736,60423,11872,523,0.09752250772162713,0.09586867077686122,0.09920174474403924,0.008655644373831158,0.007947644060767513,0.009426116233093512,True,True,False,8972,0.006644051742686825,0.011001505397946037
2,genuine-score-topk-v2,20,continuous-threshold-49295af625afc8ae602df9d2,continuous_fiqa_margin_distortion,0.1,negative_squared_l2_adc,182159,121736,60423,14434,692,0.11856804889268581,0.11676406958066365,0.1203961001127295,0.011452592555814838,0.010634715144784621,0.012332585897525714,False,False,False,8972,0.008283259723472115,0.015177675778903157
2,genuine-score-topk-v2,20,continuous-threshold-fdd696d0af8886011bec52f5,continuous_fiqa_runnerup,0.1,negative_squared_l2_adc,182159,121736,60423,12272,1151,0.10080830649930998,0.0991296128866716,0.10251219282509422,0.01904903761812555,0.017989267176942887,0.020169958146658784,False,False,False,8972,0.014811405705068264,0.023634962844916604
2,genuine-score-topk-v2,20,conditional-threshold-1f5a2b5876c9c7b7196bd4cb,global_safe,0.2,negative_squared_l2_adc,182159,121736,60423,23048,1075,0.1893277255700861,0.18713680359617202,0.191538253857507,0.017791238435695016,0.01676745374650999,0.018876333134002044,True,True,False,8972,0.01276825194089056,0.02362912465071715
2,genuine-score-topk-v2,20,conditional-threshold-07ac8f430c681f6d6741a307,fiqa_2bin,0.2,negative_squared_l2_adc,182159,121736,60423,23244,1209,0.1909377669711507,0.1887396526413299,0.19315538600587312,0.020008936994190953,0.018922540587391724,0.02115636144277835,True,True,False,8972,0.014735611433690786,0.026258175752267725
2,genuine-score-topk-v2,20,conditional-threshold-b1a9945736cd51438dce24b9,fiqa_5bin,0.2,negative_squared_l2_adc,182159,121736,60423,23739,1306,0.1950039429585332,0.19278792987175689,0.197239204136642,0.021614285950714133,0.02048483147807882,0.02280456435445565,True,True,False,8972,0.017046366512707915,0.026839943070859774
2,genuine-score-topk-v2,20,continuous-threshold-6a8665c3c688efe0957bad5c,continuous_fiqa,0.2,negative_squared_l2_adc,182159,121736,60423,23695,1301,0.1946425050929881,0.19242806775853954,0.19687621332886418,0.021531536004501597,0.0204042585981509,0.022719647863127676,True,True,False,8972,0.01671398561991154,0.02703283135385826
2,genuine-score-topk-v2,20,continuous-threshold-86ba2d73c49a3fb1479d37dc,continuous_fiqa_margin,0.2,negative_squared_l2_adc,182159,121736,60423,23695,1301,0.1946425050929881,0.19242806775853954,0.19687621332886418,0.021531536004501597,0.0204042585981509,0.022719647863127676,True,True,False,8972,0.01671398561991154,0.02703283135385826
2,genuine-score-topk-v2,20,continuous-threshold-5a25fa9bb3fde4a5d49e25f7,continuous_fiqa_margin_distortion,0.2,negative_squared_l2_adc,182159,121736,60423,27163,1317,0.22313038049549846,0.2208003434512746,0.2254778905909319,0.02179633583238171,0.020662107385411885,0.02299136506388556,False,False,False,8972,0.017176575633335644,0.026937941114551136
2,genuine-score-topk-v2,20,continuous-threshold-5718ca4a24fb4b74a490d416,continuous_fiqa_runnerup,0.2,negative_squared_l2_adc,182159,121736,60423,24212,1508,0.1988894000131432,0.1966566326127042,0.20114117029639303,0.024957383777700546,0.023743434058930007,0.0262317323723427,True,False,False,8972,0.020022000144724834,0.03014619679098829
2,genuine-score-topk-v2,20,conditional-threshold-d22191b44397f151ec24bed1,global_safe,0.3,negative_squared_l2_adc,182159,121736,60423,34619,1852,0.28437766971150685,0.28185037809825364,0.28691856910168334,0.03065058007712295,0.02930575852973853,0.03205507664393988,True,True,False,8972,0.023720421935887585,0.03854948639723291
2,genuine-score-topk-v2,20,conditional-threshold-427d9602c70124f780e9c60e,fiqa_2bin,0.3,negative_squared_l2_adc,182159,121736,60423,34936,2025,0.28698166524282054,0.28444735183442516,0.2895294220917727,0.033513728216076656,0.03210810883136815,0.03497865858776429,True,True,False,8972,0.026510017152700325,0.04179713033452714
2,genuine-score-topk-v2,20,conditional-threshold-3590b134f65ab582ebd831e4,fiqa_5bin,0.3,negative_squared_l2_adc,182159,121736,60423,35488,2144,0.2915160675560229,0.2889697719713043,0.29407552041828783,0.035483176935934994,0.03403738694552347,0.03698802750949934,True,True,False,8972,0.029046262270120107,0.04275713776669068
2,genuine-score-topk-v2,20,continuous-threshold-4a69ec88b952bffba4fca143,continuous_fiqa,0.3,negative_squared_l2_adc,182159,121736,60423,35451,2081,0.29121213116908723,0.28866662907151835,0.29377080972541875,0.034440527613657054,0.03301584592558744,0.03592440245161106,True,True,False,8972,0.027792474075890757,0.04182716276761287
2,genuine-score-topk-v2,20,continuous-threshold-155279eabad256e990a35852,continuous_fiqa_margin,0.3,negative_squared_l2_adc,182159,121736,60423,35451,2081,0.29121213116908723,0.28866662907151835,0.29377080972541875,0.034440527613657054,0.03301584592558744,0.03592440245161106,True,True,False,8972,0.027792474075890757,0.04182716276761287
2,genuine-score-topk-v2,20,continuous-threshold-701c527171dfa93bc613158d,continuous_fiqa_margin_distortion,0.3,negative_squared_l2_adc,182159,121736,60423,39495,2024,0.32443155681146085,0.3218072593280604,0.3270669342985255,0.03349717822683415,0.032091901873389006,0.034961767671492255,False,False,False,8972,0.027007963135859025,0.040467535347251865
2,genuine-score-topk-v2,20,continuous-threshold-c1cd2ee74130c626d0db6188,continuous_fiqa_runnerup,0.3,negative_squared_l2_adc,182159,121736,60423,36208,1742,0.297430505355852,0.2948690425264507,0.30000475220669903,0.02883008126044718,0.027525551288732974,0.030194517717315707,True,False,False,8972,0.023512870094442726,0.03445771757662712
