schema_version,metric_contract,rank_k,model_uid,method,target_fpir,score_space,test_probe_count,test_non_mated_count,test_mated_count,false_accept_count,true_identification_at_rank_k_count,realized_fpir,fpir_wilson95_low,fpir_wilson95_high,tpir_at_rank_k,tpir_at_rank_k_wilson95_low,tpir_at_rank_k_wilson95_high,target_met_on_test,target_met_by_wilson_upper,threshold_fit_on_test,tpir_cluster95_low,tpir_cluster95_high,mated_identity_count,partition_seed
2,genuine-score-topk-v2,20,conditional-threshold-bc2b30639f9a525eb6de1c23,global_empirical,0.01,negative_squared_l2_adc,182159,121736,60423,1218,125,0.010005257278044292,0.00946144013572431,0.010579997651476906,0.002068748655313374,0.0017367487301086634,0.0024640576117829676,False,False,False,0.0007687766668960218,0.004071122874888071,3000,0
2,genuine-score-topk-v2,20,conditional-threshold-664a76ef8b4c329df5f178d0,global_safe,0.01,negative_squared_l2_adc,182159,121736,60423,1065,112,0.008748439245580601,0.00824060579019465,0.00928727524900056,0.001853598795160783,0.0015408521998695373,0.0022296817767567616,True,True,False,0.0006947918234403179,0.0036418220782201633,3000,0
2,genuine-score-topk-v2,20,conditional-threshold-218c50b1af5910b294dc2a64,fiqa_s_2bin,0.01,negative_squared_l2_adc,182159,121736,60423,1059,109,0.008699152263915358,0.008192782322705167,0.009236527863627064,0.0018039488274332622,0.001495801195459844,0.002175439158412917,True,True,False,0.0006525335554601302,0.0036569027019038424,3000,0
2,genuine-score-topk-v2,20,conditional-threshold-74622136051113ba078c62f5,fiqa_l_2bin,0.01,negative_squared_l2_adc,182159,121736,60423,1036,104,0.008510218834198594,0.008009498759596641,0.00904195649076083,0.0017211988812207272,0.001420858574314379,0.002084892408302485,True,True,False,0.0006387266473697911,0.0033869553672045832,3000,0
2,genuine-score-topk-v2,20,conditional-threshold-33217759580481d376b90cd0,fiqa_s_5bin,0.01,negative_squared_l2_adc,182159,121736,60423,1053,105,0.008649865282250115,0.008144963109514992,0.009185776223954258,0.0017377488704632342,0.0014358323958310148,0.0021030164610370285,True,True,False,0.0006225252206162622,0.0035209152237920317,3000,0
2,genuine-score-topk-v2,20,conditional-threshold-168ccf7d89550361d53aecbf,fiqa_l_5bin,0.01,negative_squared_l2_adc,182159,121736,60423,1075,104,0.008830584215022672,0.00832032092699878,0.009371844866968066,0.0017211988812207272,0.001420858574314379,0.002084892408302485,True,True,False,0.0008059089040705905,0.002973960798460606,3000,0
2,genuine-score-topk-v2,20,conditional-threshold-700328ceb84998b0b847e993,global_empirical,0.05,negative_squared_l2_adc,182159,121736,60423,5742,412,0.04716764145363738,0.045990981009142104,0.048372879836746485,0.006818595567912881,0.0061930619247267055,0.007506834327253406,True,True,False,0.003625790112850026,0.011492009942953841,3000,0
2,genuine-score-topk-v2,20,conditional-threshold-4c0e414fb5c3b2b9d4e09131,global_safe,0.05,negative_squared_l2_adc,182159,121736,60423,5677,405,0.04663369915226392,0.045463482694230326,0.047832527245642645,0.006702745643215332,0.0060827725429361944,0.007385438589285661,True,True,False,0.0035411865234275756,0.011330020164837248,3000,0
2,genuine-score-topk-v2,20,conditional-threshold-6cd23e60fb947fa6b0d114c3,fiqa_s_2bin,0.05,negative_squared_l2_adc,182159,121736,60423,5613,403,0.04610797134783466,0.04494414145426272,0.04730044605507179,0.006669645664730318,0.00605127024960848,0.007350745134111017,True,True,False,0.0034392634872238825,0.011405256512873501,3000,0
2,genuine-score-topk-v2,20,conditional-threshold-ed95045644ace115f5f224c6,fiqa_l_2bin,0.05,negative_squared_l2_adc,182159,121736,60423,5390,397,0.04427613852927647,0.04313489505145861,0.04544614242646845,0.006570345729275276,0.005956787702401401,0.00724664043581102,True,True,False,0.003496129392136045,0.011006247360063925,3000,0
2,genuine-score-topk-v2,20,conditional-threshold-7b65bb5f40761fab00a079c8,fiqa_s_5bin,0.05,negative_squared_l2_adc,182159,121736,60423,5487,386,0.04507294473286456,0.04392181199136728,0.04625278760784463,0.006388295847607699,0.005783666772855427,0.00705568474859402,True,True,False,0.0034142255398187677,0.010845810019722815,3000,0
2,genuine-score-topk-v2,20,conditional-threshold-937bc68b0bd43375673fe58f,fiqa_l_5bin,0.05,negative_squared_l2_adc,182159,121736,60423,5619,453,0.0461572583294999,0.044992827918891705,0.04735033044330577,0.007497145126855668,0.006839966322509312,0.008216942773769154,True,True,False,0.004603093480046854,0.011546260538432013,3000,0
2,genuine-score-topk-v2,20,conditional-threshold-707c1dc4dffb64b44c257829,global_empirical,0.1,negative_squared_l2_adc,182159,121736,60423,11211,762,0.0920927252415062,0.09048124976466104,0.09372994346583435,0.012611091802790329,0.011751816246929175,0.01353233599296372,True,True,False,0.007936295299044596,0.018956801349279278,3000,0
2,genuine-score-topk-v2,20,conditional-threshold-5184d807949fb3e2409391fa,global_safe,0.1,negative_squared_l2_adc,182159,121736,60423,11132,756,0.09144377998291385,0.08983747935119805,0.09307586431660146,0.012511791867335286,0.011655985494212082,0.013429579500173736,True,True,False,0.00789237524097748,0.01884192288157826,3000,0
2,genuine-score-topk-v2,20,conditional-threshold-3ed9fe853692530f54bf02aa,fiqa_s_2bin,0.1,negative_squared_l2_adc,182159,121736,60423,11023,733,0.09054839981599527,0.08894927974955726,0.09217336009123143,0.012131142114757625,0.011288768105187834,0.013035545781420856,True,True,False,0.007654577806161815,0.01825219985632306,3000,0
2,genuine-score-topk-v2,20,conditional-threshold-16ac6af3672e33a72fba35d2,fiqa_l_2bin,0.1,negative_squared_l2_adc,182159,121736,60423,10734,767,0.08817441019911941,0.0865945608305384,0.08978024959735006,0.012693841749002862,0.011831685999744797,0.01361795561140399,True,True,False,0.008008523451318292,0.018892408833798315,3000,0
2,genuine-score-topk-v2,20,conditional-threshold-f6f21c3e05f137608cb4ff5a,fiqa_s_5bin,0.1,negative_squared_l2_adc,182159,121736,60423,11146,734,0.09155878294013274,0.08995156345374394,0.09319177887073585,0.012147692104000133,0.011304729582107004,0.013052682178752866,True,True,False,0.0076904322925929105,0.018210501385635843,3000,0
2,genuine-score-topk-v2,20,conditional-threshold-ad599c62f366cfa2816fb7ee,fiqa_l_5bin,0.1,negative_squared_l2_adc,182159,121736,60423,11109,822,0.09125484655319709,0.08965005715258144,0.09288543157924332,0.013604091157340749,0.012710874445226934,0.014559150249736722,True,True,False,0.009246088283110993,0.019166129693620904,3000,0
2,genuine-score-topk-v2,20,conditional-threshold-6226ebde0994b1c22753c6d4,global_empirical,0.2,negative_squared_l2_adc,182159,121736,60423,22220,1421,0.18252612210028257,0.18036625941961545,0.18470602033897218,0.023517534713602437,0.022339183637465513,0.024756467733954592,True,True,False,0.016855700417102718,0.031699213163461984,3000,0
2,genuine-score-topk-v2,20,conditional-threshold-f7b3569e19d078099c5b2046,global_safe,0.2,negative_squared_l2_adc,182159,121736,60423,22206,1420,0.18241111914306368,0.18025179117469825,0.1845904899272091,0.02350098472435993,0.0223230495279891,0.024739503969179816,True,True,False,0.016855700417102718,0.03166676311326833,3000,0
2,genuine-score-topk-v2,20,conditional-threshold-e766c189fe7468a6b698a49a,fiqa_s_2bin,0.2,negative_squared_l2_adc,182159,121736,60423,22089,1412,0.18145002300059143,0.17929517633033207,0.18362497314074713,0.023368584810419875,0.02219398231383408,0.024603788189325407,True,True,False,0.016828080954685975,0.031526766085637245,3000,0
2,genuine-score-topk-v2,20,conditional-threshold-d5bd099698a5224f714447f0,fiqa_l_2bin,0.2,negative_squared_l2_adc,182159,121736,60423,22000,1512,0.18071893277255702,0.1785675101206324,0.1828905050329793,0.025023583734670573,0.023808024175126254,0.02629953375315117,True,True,False,0.01812024257465632,0.03365349056071896,3000,0
2,genuine-score-topk-v2,20,conditional-threshold-93228de24884ed421d084b39,fiqa_s_5bin,0.2,negative_squared_l2_adc,182159,121736,60423,22148,1444,0.18193467832029966,0.17977756902650166,0.1841118604977302,0.023898184466180097,0.022710311089115965,0.02514659139008126,True,True,False,0.017260539596837002,0.03201414784544071,3000,0
2,genuine-score-topk-v2,20,conditional-threshold-c475945d0c6d32ddd0bbfc63,fiqa_l_5bin,0.2,negative_squared_l2_adc,182159,121736,60423,22642,1606,0.185992639810738,0.18381680955130655,0.18818828685864405,0.02657928272346623,0.0253265327847388,0.027892225323149486,True,True,False,0.02017174991158427,0.034288146789959346,3000,0
2,genuine-score-topk-v2,20,conditional-threshold-d4d8f8bff0d8a3513030f501,global_empirical,0.3,negative_squared_l2_adc,182159,121736,60423,33836,2185,0.2779457186041927,0.2754362173853039,0.28046923351601427,0.036161726494877776,0.0347023840251506,0.03768004327417055,True,True,False,0.02795351533844573,0.04584483939617326,3000,0
2,genuine-score-topk-v2,20,conditional-threshold-35f0c800753a7e336c13149d,global_safe,0.3,negative_squared_l2_adc,182159,121736,60423,33568,2167,0.2757442334231452,0.2732409691317049,0.27826165034173334,0.03586382668851265,0.03441041650224559,0.037376249060554326,True,True,False,0.027640454902571006,0.04544124358074857,3000,0
2,genuine-score-topk-v2,20,conditional-threshold-06b798a36d6be8032238a7ba,fiqa_s_2bin,0.3,negative_squared_l2_adc,182159,121736,60423,33434,2138,0.2746434908326214,0.2721433735666933,0.277157830192805,0.03538387700047995,0.03394008235606639,0.03688674485344933,True,True,False,0.027274210669047907,0.04470912955644522,3000,0
2,genuine-score-topk-v2,20,conditional-threshold-8e8ff142fd348c58fd904c83,fiqa_l_2bin,0.3,negative_squared_l2_adc,182159,121736,60423,33619,2321,0.27616317276729974,0.2736587157399385,0.27868175598283507,0.03841252503185873,0.03690921699847974,0.0399745211990018,True,True,False,0.029749717574328684,0.048551413128022324,3000,0
2,genuine-score-topk-v2,20,conditional-threshold-6a376f1f134443d7cbbe2258,fiqa_s_5bin,0.3,negative_squared_l2_adc,182159,121736,60423,33394,2175,0.2743149109548531,0.27181573680491994,0.2768283279354919,0.035996226602452705,0.03454017647093883,0.037511272085870524,True,True,False,0.027810381342578534,0.04545180962058172,3000,0
2,genuine-score-topk-v2,20,conditional-threshold-1df4b8b1364509a5f948aa40,fiqa_l_5bin,0.3,negative_squared_l2_adc,182159,121736,60423,34133,2456,0.2803854241966222,0.2778690995659784,0.2829156085520572,0.04064677357959717,0.03910123097133897,0.04225072025005179,True,True,False,0.03284927254023996,0.04950333083190002,3000,0
2,genuine-score-topk-v2,20,conditional-threshold-51e7cb7a6a4d9d0093b259d9,global_empirical,0.01,negative_squared_l2_adc,182159,121736,60423,1218,125,0.010005257278044292,0.00946144013572431,0.010579997651476906,0.002068748655313374,0.0017367487301086634,0.0024640576117829676,False,False,False,0.0007687766668960218,0.004071122874888071,3000,1
2,genuine-score-topk-v2,20,conditional-threshold-89def691ede3925d2c0426b2,global_safe,0.01,negative_squared_l2_adc,182159,121736,60423,1123,117,0.009224880068344614,0.008703111722738618,0.009777620894132071,0.001936348741373318,0.0016160715361522463,0.0023199518117299495,True,True,False,0.0007121477655064267,0.003799668779528579,3000,1
2,genuine-score-topk-v2,20,conditional-threshold-3024ac3b0e138d99b3669cc3,fiqa_s_2bin,0.01,negative_squared_l2_adc,182159,121736,60423,1121,120,0.009208451074456201,0.008687157011109706,0.00976071865480666,0.001985998709100839,0.0016612799910652799,0.0023740369795704538,True,True,False,0.0007002470618200532,0.004057317735271165,3000,1
2,genuine-score-topk-v2,20,conditional-threshold-238d6bf3c768b0be2e4cd7d7,fiqa_l_2bin,0.01,negative_squared_l2_adc,182159,121736,60423,1119,112,0.009192022080567786,0.008671202733875567,0.009743815981086468,0.001853598795160783,0.0015408521998695373,0.0022296817767567616,True,True,False,0.0007038031792322134,0.003601234726783608,3000,1
2,genuine-score-topk-v2,20,conditional-threshold-64a76aa7b19820b8a2ba3b97,fiqa_s_5bin,0.01,negative_squared_l2_adc,182159,121736,60423,1146,117,0.009413813498061379,0.008886621761504232,0.009971965791341218,0.001936348741373318,0.0016160715361522463,0.0023199518117299495,True,True,False,0.000663564452421033,0.003950980868305321,3000,1
2,genuine-score-topk-v2,20,conditional-threshold-bbe9b9366386f4354977c6d8,fiqa_l_5bin,0.01,negative_squared_l2_adc,182159,121736,60423,1202,121,0.009873825326936978,0.009333658106969673,0.010444924072596928,0.002002548698343346,0.0016763618062255463,0.002392053038661368,True,False,False,0.0009199964009756632,0.0035192667109033206,3000,1
2,genuine-score-topk-v2,20,conditional-threshold-b621f851c798dff43d90111e,global_empirical,0.05,negative_squared_l2_adc,182159,121736,60423,5742,412,0.04716764145363738,0.045990981009142104,0.048372879836746485,0.006818595567912881,0.0061930619247267055,0.007506834327253406,True,True,False,0.003625790112850026,0.011492009942953841,3000,1
2,genuine-score-topk-v2,20,conditional-threshold-79aa8eea9567bbdd42a182fb,global_safe,0.05,negative_squared_l2_adc,182159,121736,60423,5117,375,0.04203358086350792,0.040920728612722855,0.043175335059938584,0.006206245965940122,0.005610676023492035,0.00686459888119444,True,True,False,0.0031601012335744976,0.010644649024317023,3000,1
2,genuine-score-topk-v2,20,conditional-threshold-ddec37eb603df9745e77ca64,fiqa_s_2bin,0.05,negative_squared_l2_adc,182159,121736,60423,5213,377,0.042822172570151806,0.041699240294022284,0.04397395702444685,0.0062393459444251365,0.005642118951878859,0.006899351701309974,True,True,False,0.003174904419735782,0.010850864039716829,3000,1
2,genuine-score-topk-v2,20,conditional-threshold-6fddc83346b4632662c49932,fiqa_l_2bin,0.05,negative_squared_l2_adc,182159,121736,60423,5010,372,0.041154629690477756,0.040053139947323284,0.04228507684928167,0.006156595998212601,0.005563520063472375,0.006812461218460562,True,True,False,0.0032046346902225454,0.010438666315233313,3000,1
2,genuine-score-topk-v2,20,conditional-threshold-917c57ee1a104beaa52aad87,fiqa_s_5bin,0.05,negative_squared_l2_adc,182159,121736,60423,5270,381,0.04329039889597161,0.04216153156699477,0.04444808885367267,0.006305545901395164,0.005705018141795591,0.00696884400839796,True,True,False,0.0033182148439837183,0.010739789253074417,3000,1
2,genuine-score-topk-v2,20,conditional-threshold-49820012a8f8cf2d80d26cac,fiqa_l_5bin,0.05,negative_squared_l2_adc,182159,121736,60423,5450,449,0.044769008345928896,0.043621635882661804,0.045945110123895065,0.00743094516988564,0.00677678767909693,0.00814772992017682,True,True,False,0.004596467282499031,0.011398815463368914,3000,1
2,genuine-score-topk-v2,20,conditional-threshold-614b8ec552dea7beca2f8d0d,global_empirical,0.1,negative_squared_l2_adc,182159,121736,60423,11211,762,0.0920927252415062,0.09048124976466104,0.09372994346583435,0.012611091802790329,0.011751816246929175,0.01353233599296372,True,True,False,0.007936295299044596,0.018956801349279278,3000,1
2,genuine-score-topk-v2,20,conditional-threshold-5c6977e8433d5d0752d2e2ee,global_safe,0.1,negative_squared_l2_adc,182159,121736,60423,9763,660,0.08019813366629427,0.07868565148412111,0.08173710925544166,0.010922992900054615,0.01012476013354343,0.011783408932729167,True,True,False,0.006626558649830789,0.016864163340957902,3000,1
2,genuine-score-topk-v2,20,conditional-threshold-d7f630a68ce7dc25e129a4c0,fiqa_s_2bin,0.1,negative_squared_l2_adc,182159,121736,60423,10066,670,0.08268712624038904,0.08115317030889982,0.08424741850024348,0.011088492792479684,0.0102840693333464,0.011955078475437987,True,True,False,0.00684388604137595,0.017026125744496273,3000,1
2,genuine-score-topk-v2,20,conditional-threshold-8f7bfb2f2f543aa1b8ba5fca,fiqa_l_2bin,0.1,negative_squared_l2_adc,182159,121736,60423,9888,709,0.08122494578432017,0.07970355321331618,0.08277276696089203,0.011733942372937458,0.010905819233753337,0.01262414567082705,True,True,False,0.007255185619772397,0.01778918631414836,3000,1
2,genuine-score-topk-v2,20,conditional-threshold-06c9a6d51a7a3099de1a8d3b,fiqa_s_5bin,0.1,negative_squared_l2_adc,182159,121736,60423,10060,664,0.0826378392587238,0.08110430445122369,0.08419771350505662,0.010989192857024642,0.010188478052124085,0.011852082511153226,True,True,False,0.006774406745822782,0.016812086800494046,3000,1
2,genuine-score-topk-v2,20,conditional-threshold-387ef31bb0562b7a86b47927,fiqa_l_5bin,0.1,negative_squared_l2_adc,182159,121736,60423,10649,795,0.0874761779588618,0.0859020619485907,0.08907632806373887,0.01315724144779306,0.012279133469048189,0.014097248621133625,True,True,False,0.008913498082606374,0.018574461571909947,3000,1
2,genuine-score-topk-v2,20,conditional-threshold-c8a06d54c7ad7780b2f9a975,global_empirical,0.2,negative_squared_l2_adc,182159,121736,60423,22220,1421,0.18252612210028257,0.18036625941961545,0.18470602033897218,0.023517534713602437,0.022339183637465513,0.024756467733954592,True,True,False,0.016855700417102718,0.031699213163461984,3000,1
2,genuine-score-topk-v2,20,conditional-threshold-c37c0b0e96cb2f7369328b8a,global_safe,0.2,negative_squared_l2_adc,182159,121736,60423,19693,1266,0.16176808832227113,0.15971021109088884,0.16384731113690681,0.020952286381013853,0.019840374710598626,0.02212510615188867,True,True,False,0.014695970908249353,0.02884735504408693,3000,1
2,genuine-score-topk-v2,20,conditional-threshold-bbdb1e215adcbcc5e5b30d2a,fiqa_s_2bin,0.2,negative_squared_l2_adc,182159,121736,60423,19932,1260,0.16373135309193665,0.16166333859771753,0.1658205892691202,0.02085298644555881,0.019743731481338563,0.022023162135641653,True,True,False,0.01464294114072828,0.0287263202798531,3000,1
2,genuine-score-topk-v2,20,conditional-threshold-bd5c7f36611feffb41b0b4e5,fiqa_l_2bin,0.2,negative_squared_l2_adc,182159,121736,60423,19792,1347,0.16258132351974766,0.16051923411068447,0.1646647071893504,0.022292835509656918,0.02114569412032049,0.023500714556512335,True,True,False,0.015760567790378946,0.030446843816409042,3000,1
2,genuine-score-topk-v2,20,conditional-threshold-14edc0cd4795fe30dc80dafc,fiqa_s_5bin,0.2,negative_squared_l2_adc,182159,121736,60423,20147,1296,0.1654974699349412,0.16342042746767843,0.16759562262674943,0.021448786058289062,0.020323690176841394,0.02263472691318128,True,True,False,0.015199852089038663,0.029370821330849794,3000,1
2,genuine-score-topk-v2,20,conditional-threshold-f94619a3da2932757c6efb6a,fiqa_l_5bin,0.2,negative_squared_l2_adc,182159,121736,60423,21256,1513,0.1746073470460669,0.17248506915388548,0.17675016024471665,0.025040133723913078,0.02382417206235651,0.02631648374017209,True,True,False,0.01886759462284762,0.03239301322558809,3000,1
2,genuine-score-topk-v2,20,conditional-threshold-44506d7ad253f2cb166e0ece,global_empirical,0.3,negative_squared_l2_adc,182159,121736,60423,33836,2185,0.2779457186041927,0.2754362173853039,0.28046923351601427,0.036161726494877776,0.0347023840251506,0.03768004327417055,True,True,False,0.02795351533844573,0.04584483939617326,3000,1
2,genuine-score-topk-v2,20,conditional-threshold-2ab085285ac702b1810558dc,global_safe,0.3,negative_squared_l2_adc,182159,121736,60423,30152,1931,0.2476835118617336,0.24526663464284704,0.250116312600601,0.031958029227281005,0.030585073403059847,0.03339049383646175,True,True,False,0.024148950388170227,0.04111674733197496,3000,1
2,genuine-score-topk-v2,20,conditional-threshold-ba374eedc8bd187b75a01ac4,fiqa_s_2bin,0.3,negative_squared_l2_adc,182159,121736,60423,30301,1934,0.24890747190642046,0.24648655047566875,0.25134423961387664,0.03200767919500852,0.03063366755345607,0.033441193308819055,True,True,False,0.024311020428260718,0.040870359657678886,3000,1
2,genuine-score-topk-v2,20,conditional-threshold-e29ad8b4113c9d8e43ae6507,fiqa_l_2bin,0.3,negative_squared_l2_adc,182159,121736,60423,30410,2105,0.24980285207333902,0.24737898861537322,0.252242505301183,0.034837727355477216,0.033404963134511155,0.03632963422471564,True,True,False,0.02673144880265688,0.0445429569928115,3000,1
2,genuine-score-topk-v2,20,conditional-threshold-4359570bb0e814816e3fad0b,fiqa_s_5bin,0.3,negative_squared_l2_adc,182159,121736,60423,30541,1988,0.25087895117303016,0.2484515702412552,0.2533220539628094,0.0329013786141039,0.03150851428867374,0.03435363178316507,True,True,False,0.025075835595331337,0.04202967513254548,3000,1
2,genuine-score-topk-v2,20,conditional-threshold-b15fe2ff41f9a73a9f5e9fd1,fiqa_l_5bin,0.3,negative_squared_l2_adc,182159,121736,60423,32018,2305,0.2630117631596241,0.26054608488048386,0.265492397603351,0.03814772520397862,0.03664951339505727,0.03970465881440541,True,True,False,0.03061234469473058,0.04658325579956463,3000,1
2,genuine-score-topk-v2,20,conditional-threshold-ea1048dd4f0e65e1723a2fe2,global_empirical,0.01,negative_squared_l2_adc,182159,121736,60423,1218,125,0.010005257278044292,0.00946144013572431,0.010579997651476906,0.002068748655313374,0.0017367487301086634,0.0024640576117829676,False,False,False,0.0007687766668960218,0.004071122874888071,3000,2
2,genuine-score-topk-v2,20,conditional-threshold-540f525139e5661b885feb1a,global_safe,0.01,negative_squared_l2_adc,182159,121736,60423,1136,119,0.009331668528619308,0.008806827857884347,0.009887474940189468,0.001969448719858332,0.0016462042897608577,0.0023560148066236975,True,True,False,0.0007253869370644811,0.00386443928085002,3000,2
2,genuine-score-topk-v2,20,conditional-threshold-fd715fbaf04e8d7004c2a824,fiqa_s_2bin,0.01,negative_squared_l2_adc,182159,121736,60423,1144,119,0.009397384504172964,0.00887066213559874,0.009955068466292382,0.001969448719858332,0.0016462042897608577,0.0023560148066236975,True,True,False,0.0006936320580421605,0.0039732729922329554,3000,2
2,genuine-score-topk-v2,20,conditional-threshold-a790c9ec14e2a5650b10926c,fiqa_l_2bin,0.01,negative_squared_l2_adc,182159,121736,60423,1126,110,0.009249523559177237,0.008727044602161973,0.00980297344114021,0.0018204988166757691,0.0015108112708775,0.00219352695724644,True,True,False,0.0006682354428869747,0.0035735137098307844,3000,2
2,genuine-score-topk-v2,20,conditional-threshold-7d6486f37d1dbc44034ea6b7,fiqa_s_5bin,0.01,negative_squared_l2_adc,182159,121736,60423,1161,119,0.009537030952224485,0.009006332281451845,0.010098682403551057,0.001969448719858332,0.0016462042897608577,0.0023560148066236975,True,False,False,0.0006710492549182886,0.003984976328630184,3000,2
2,genuine-score-topk-v2,20,conditional-threshold-cb3ef27f4333c534fa80b6ba,fiqa_l_5bin,0.01,negative_squared_l2_adc,182159,121736,60423,1215,126,0.009980613787211672,0.00943747911851195,0.010554673242257779,0.002085298644555881,0.0017518600209111249,0.0024820441952316855,True,False,False,0.0009206368392601478,0.0037349492512944904,3000,2
2,genuine-score-topk-v2,20,conditional-threshold-7b1bab843d6bc54b93ac2aef,global_empirical,0.05,negative_squared_l2_adc,182159,121736,60423,5742,412,0.04716764145363738,0.045990981009142104,0.048372879836746485,0.006818595567912881,0.0061930619247267055,0.007506834327253406,True,True,False,0.003625790112850026,0.011492009942953841,3000,2
2,genuine-score-topk-v2,20,conditional-threshold-a2ed894d3929ae6d288c5527,global_safe,0.05,negative_squared_l2_adc,182159,121736,60423,5535,398,0.0454672405861865,0.04431125126887102,0.04665191515324474,0.006586895718517783,0.005972532236927098,0.007263993775536502,True,True,False,0.003455629721345585,0.01115218384040213,3000,2
2,genuine-score-topk-v2,20,conditional-threshold-878612ea2d0e4ae9eed72f6e,fiqa_s_2bin,0.05,negative_squared_l2_adc,182159,121736,60423,5622,407,0.04618190182033252,0.04501717128968803,0.04737527249894094,0.006735845621700346,0.006114278842111036,0.007420128038613177,True,True,False,0.0035010587856920106,0.011515118153392161,3000,2
2,genuine-score-topk-v2,20,conditional-threshold-6bce4f5829e9b4cf05ff59a3,fiqa_l_2bin,0.05,negative_squared_l2_adc,182159,121736,60423,5491,405,0.04510580272064139,0.043954264335054505,0.04628604916606606,0.006702745643215332,0.0060827725429361944,0.007385438589285661,True,True,False,0.0036010299354348797,0.011152688680862543,3000,2
2,genuine-score-topk-v2,20,conditional-threshold-36b5946c2fe936a991d7d921,fiqa_s_5bin,0.05,negative_squared_l2_adc,182159,121736,60423,5627,392,0.04622297430505356,0.04505774377926389,0.04741684238675091,0.006487595783062741,0.005878080581618153,0.00715985818533837,True,True,False,0.0034572444399752628,0.010928231560082246,3000,2
2,genuine-score-topk-v2,20,conditional-threshold-ead9fceb1bc118f1a8dec12a,fiqa_l_5bin,0.05,negative_squared_l2_adc,182159,121736,60423,5713,463,0.04692942104225537,0.0457556303759459,0.048131804681104944,0.007662645019280738,0.0069979719023035136,0.008389915936486745,True,True,False,0.004735626598212438,0.011829622569878037,3000,2
2,genuine-score-topk-v2,20,conditional-threshold-06b5812f904677dff5e3c589,global_empirical,0.1,negative_squared_l2_adc,182159,121736,60423,11211,762,0.0920927252415062,0.09048124976466104,0.09372994346583435,0.012611091802790329,0.011751816246929175,0.01353233599296372,True,True,False,0.007936295299044596,0.018956801349279278,3000,2
2,genuine-score-topk-v2,20,conditional-threshold-99e8385f14c4a319f30704f0,global_safe,0.1,negative_squared_l2_adc,182159,121736,60423,10784,733,0.08858513504632977,0.0870019271620112,0.09019430703973545,0.012131142114757625,0.011288768105187834,0.013035545781420856,True,True,False,0.007559315872668202,0.018417702106837654,3000,2
2,genuine-score-topk-v2,20,conditional-threshold-41b54fcd1ebb9ae40891d2cc,fiqa_s_2bin,0.1,negative_squared_l2_adc,182159,121736,60423,10975,730,0.09015410396267333,0.08855816105040253,0.09177591196748232,0.012081492147030104,0.011240886169912836,0.012984134093942317,True,True,False,0.0076392896776522915,0.018195214863748563,3000,2
2,genuine-score-topk-v2,20,conditional-threshold-a1b2f10054fb20fc1e1c9328,fiqa_l_2bin,0.1,negative_squared_l2_adc,182159,121736,60423,10756,767,0.08835512913189196,0.08677380074014586,0.08996243614824019,0.012693841749002862,0.011831685999744797,0.01361795561140399,True,True,False,0.007966404271636904,0.01905498464144631,3000,2
2,genuine-score-topk-v2,20,conditional-threshold-3d6788f32df827595e3ec061,fiqa_s_5bin,0.1,negative_squared_l2_adc,182159,121736,60423,11121,730,0.09135342051652756,0.08974784238601856,0.09298478805153214,0.012081492147030104,0.011240886169912836,0.012984134093942317,True,True,False,0.007594333230047789,0.018290878560753395,3000,2
2,genuine-score-topk-v2,20,conditional-threshold-216c29d1729aa44894d64440,fiqa_l_5bin,0.1,negative_squared_l2_adc,182159,121736,60423,11118,823,0.09132877702569495,0.08972339602414173,0.09295994898697749,0.013620641146583255,0.01272686983842894,0.014576252730785895,True,True,False,0.009220482052329317,0.01924883858173447,3000,2
2,genuine-score-topk-v2,20,conditional-threshold-ef48f4a5b1172a0093ff6962,global_empirical,0.2,negative_squared_l2_adc,182159,121736,60423,22220,1421,0.18252612210028257,0.18036625941961545,0.18470602033897218,0.023517534713602437,0.022339183637465513,0.024756467733954592,True,True,False,0.016855700417102718,0.031699213163461984,3000,2
2,genuine-score-topk-v2,20,conditional-threshold-fb5ca8b619e592d54672c6df,global_safe,0.2,negative_squared_l2_adc,182159,121736,60423,21765,1387,0.17878852599066833,0.17664620777011455,0.18095111564636376,0.022954835079357198,0.021790712911819637,0.024179610735060364,True,True,False,0.01640086657901253,0.0310990868118757,3000,2
2,genuine-score-topk-v2,20,conditional-threshold-2c214fa4caf8f713e7987d0b,fiqa_s_2bin,0.2,negative_squared_l2_adc,182159,121736,60423,21919,1395,0.18005355852007623,0.1779052635592799,0.18222204508068154,0.023087234993297255,0.021919748205145403,0.024315358435744033,True,True,False,0.01657371903552003,0.031270651264291405,3000,2
2,genuine-score-topk-v2,20,conditional-threshold-a9bf35b26c9c6b0ef3aead01,fiqa_l_2bin,0.2,negative_squared_l2_adc,182159,121736,60423,22003,1498,0.18074357626338963,0.17859203798090945,0.18291526259913377,0.024791883885275475,0.023581968846245638,0.026062218842515278,True,True,False,0.0179323310754593,0.03332031877004893,3000,2
2,genuine-score-topk-v2,20,conditional-threshold-acf098216eafbc38db9fe26f,fiqa_s_5bin,0.2,negative_squared_l2_adc,182159,121736,60423,21992,1420,0.18065321679700336,0.17850210256641544,0.18282448478337895,0.02350098472435993,0.0223230495279891,0.024739503969179816,True,True,False,0.01694346327928931,0.031591662640990316,3000,2
2,genuine-score-topk-v2,20,conditional-threshold-73d7a71270c3489a725904c3,fiqa_l_5bin,0.2,negative_squared_l2_adc,182159,121736,60423,22435,1582,0.1842922389432871,0.1821242049398278,0.18648019704634997,0.026182082981646062,0.024938714267733312,0.02748569485812667,True,True,False,0.019821257426088063,0.03385876504737968,3000,2
2,genuine-score-topk-v2,20,conditional-threshold-0dc3486e78f5271d3a946628,global_empirical,0.3,negative_squared_l2_adc,182159,121736,60423,33836,2185,0.2779457186041927,0.2754362173853039,0.28046923351601427,0.036161726494877776,0.0347023840251506,0.03768004327417055,True,True,False,0.02795351533844573,0.04584483939617326,3000,2
2,genuine-score-topk-v2,20,conditional-threshold-1d625fa381bc536a6c76dd42,global_safe,0.3,negative_squared_l2_adc,182159,121736,60423,33163,2149,0.27241736216074125,0.26992366795945943,0.27492541894572753,0.035565926882147526,0.03411847647375468,0.037072427352524015,True,True,False,0.02738445906273964,0.04514347076450053,3000,2
2,genuine-score-topk-v2,20,conditional-threshold-26b6ade9ec1e9c1da47bb329,fiqa_s_2bin,0.3,negative_squared_l2_adc,182159,121736,60423,33188,2120,0.27262272458434644,0.27012843455653895,0.2751313642355772,0.035085977194114826,0.03364818732780296,0.03658287814519154,True,True,False,0.02696646893107819,0.04432901016150085,3000,2
2,genuine-score-topk-v2,20,conditional-threshold-649bad82e081e32075e4d62d,fiqa_l_2bin,0.3,negative_squared_l2_adc,182159,121736,60423,33420,2306,0.2745284878754025,0.27202870050601846,0.2770425045967996,0.038164275193221124,0.03666574429009141,0.03972152579362244,True,True,False,0.029593145824081096,0.04830697334215603,3000,2
2,genuine-score-topk-v2,20,conditional-threshold-4ae6f036ecf50b563d2c285f,fiqa_s_5bin,0.3,negative_squared_l2_adc,182159,121736,60423,33164,2155,0.27242557665768546,0.2699318586104597,0.2749336567702045,0.03566522681760257,0.034215786741229326,0.037173704330556445,True,True,False,0.02756441112522683,0.045109051337417,3000,2
2,genuine-score-topk-v2,20,conditional-threshold-931881fd1712a0a8503df80e,fiqa_l_5bin,0.3,negative_squared_l2_adc,182159,121736,60423,33908,2433,0.2785371623841756,0.2760259984963108,0.28106230263936294,0.04026612382701951,0.038727682556978026,0.04186301755663561,True,True,False,0.03241623077335181,0.04911875636438322,3000,2
2,genuine-score-topk-v2,20,conditional-threshold-fb5fdf9bb0381b55fcc813a6,global_empirical,0.01,negative_squared_l2_adc,182159,121736,60423,1218,125,0.010005257278044292,0.00946144013572431,0.010579997651476906,0.002068748655313374,0.0017367487301086634,0.0024640576117829676,False,False,False,0.0007687766668960218,0.004071122874888071,3000,3
2,genuine-score-topk-v2,20,conditional-threshold-9bb591797a8550aef5bb0598,global_safe,0.01,negative_squared_l2_adc,182159,121736,60423,1211,125,0.009947755799434842,0.00940553244522459,0.010520906013636483,0.002068748655313374,0.0017367487301086634,0.0024640576117829676,True,False,False,0.0007687766668960218,0.004071122874888071,3000,3
2,genuine-score-topk-v2,20,conditional-threshold-59367ccd82a14f70eb8c6b68,fiqa_s_2bin,0.01,negative_squared_l2_adc,182159,121736,60423,1184,124,0.00972596438194125,0.009189933313269352,0.010292936307708306,0.002052198666070867,0.0017216431934704316,0.0024460652741700208,True,False,False,0.0007513125544870201,0.004158568996968858,3000,3
2,genuine-score-topk-v2,20,conditional-threshold-e1bb1aeb036f6aaa8f966ff2,fiqa_l_2bin,0.01,negative_squared_l2_adc,182159,121736,60423,1147,115,0.009422027995005586,0.008894601732175218,0.009980414296147395,0.0019032487628883041,0.0015859641766494787,0.0022838634227303582,True,True,False,0.0007207203048836926,0.0037200300227595447,3000,3
2,genuine-score-topk-v2,20,conditional-threshold-66ce1fe403e6bb5ab60d3f79,fiqa_s_5bin,0.01,negative_squared_l2_adc,182159,121736,60423,1151,119,0.009454885982782414,0.008926522663144303,0.010014207267086964,0.001969448719858332,0.0016462042897608577,0.0023560148066236975,True,False,False,0.0006858603911068963,0.004008273520416691,3000,3
2,genuine-score-topk-v2,20,conditional-threshold-49ac860a3d5bf10fb126cb7f,fiqa_l_5bin,0.01,negative_squared_l2_adc,182159,121736,60423,1246,125,0.010235263192482092,0.00968511754908456,0.010816317551477233,0.002068748655313374,0.0017367487301086634,0.0024640576117829676,False,False,False,0.0009620565858741458,0.0036023764153175074,3000,3
2,genuine-score-topk-v2,20,conditional-threshold-5af7fdeabdf3653ccf5bbd74,global_empirical,0.05,negative_squared_l2_adc,182159,121736,60423,5742,412,0.04716764145363738,0.045990981009142104,0.048372879836746485,0.006818595567912881,0.0061930619247267055,0.007506834327253406,True,True,False,0.003625790112850026,0.011492009942953841,3000,3
2,genuine-score-topk-v2,20,conditional-threshold-a099fc9dada4818598f926bd,global_safe,0.05,negative_squared_l2_adc,182159,121736,60423,5668,405,0.04655976867976605,0.045390447815687344,0.04775770584489115,0.006702745643215332,0.0060827725429361944,0.007385438589285661,True,True,False,0.0035411865234275756,0.011330020164837248,3000,3
2,genuine-score-topk-v2,20,conditional-threshold-fcb4fd73993dd5c8dd2699fc,fiqa_s_2bin,0.05,negative_squared_l2_adc,182159,121736,60423,5777,414,0.04745514884668463,0.04627503600798316,0.04866382147960614,0.0068516955463978945,0.006224582016553508,0.007541509983928961,True,True,False,0.0036009792383603937,0.011658465006567389,3000,3
2,genuine-score-topk-v2,20,conditional-threshold-4a683a16614d702e0e75a5e1,fiqa_l_2bin,0.05,negative_squared_l2_adc,182159,121736,60423,5577,410,0.0458122494578432,0.04465203045115651,0.0470011319410001,0.006785495589427867,0.006161545738008698,0.0074721547654690535,True,True,False,0.0036714665764132222,0.011288872895937045,3000,3
2,genuine-score-topk-v2,20,conditional-threshold-1d913aabd76154ad263f58f4,fiqa_s_5bin,0.05,negative_squared_l2_adc,182159,121736,60423,5717,396,0.0469622790300322,0.04578809203284703,0.04816505692611246,0.006553795740032769,0.005941044199474575,0.007229286064486666,True,True,False,0.0034997481829941376,0.01102257186108305,3000,3
2,genuine-score-topk-v2,20,conditional-threshold-cecd22c19b35a34737f1a108,fiqa_l_5bin,0.05,negative_squared_l2_adc,182159,121736,60423,5809,471,0.04771801274889926,0.04653475400561501,0.04892981469724352,0.007795044933220793,0.007124435601094704,0.00852823523170499,True,True,False,0.0047913960845383605,0.012062908229020196,3000,3
2,genuine-score-topk-v2,20,conditional-threshold-1b7cc12f16a856ebb4db4f21,global_empirical,0.1,negative_squared_l2_adc,182159,121736,60423,11211,762,0.0920927252415062,0.09048124976466104,0.09372994346583435,0.012611091802790329,0.011751816246929175,0.01353233599296372,True,True,False,0.007936295299044596,0.018956801349279278,3000,3
2,genuine-score-topk-v2,20,conditional-threshold-f034e8a7b74442744caf2984,global_safe,0.1,negative_squared_l2_adc,182159,121736,60423,11136,756,0.09147663797069068,0.08987007472999424,0.09310898283971393,0.012511791867335286,0.011655985494212082,0.013429579500173736,True,True,False,0.00789237524097748,0.01884192288157826,3000,3
2,genuine-score-topk-v2,20,conditional-threshold-ad600c202e39f409abfe2494,fiqa_s_2bin,0.1,negative_squared_l2_adc,182159,121736,60423,11259,745,0.09248702109482815,0.0908724133684588,0.09412734668494044,0.012329741985667709,0.01148033300416845,0.013241155373454392,True,True,False,0.007811913899160422,0.018548219430411413,3000,3
2,genuine-score-topk-v2,20,conditional-threshold-82d0548fa0e7e050a242c519,fiqa_l_2bin,0.1,negative_squared_l2_adc,182159,121736,60423,11119,795,0.09133699152263916,0.08973154480747135,0.09296822867912503,0.01315724144779306,0.012279133469048189,0.014097248621133625,True,True,False,0.008330414733401799,0.01954900058294928,3000,3
2,genuine-score-topk-v2,20,conditional-threshold-779445c1681c7057622fb070,fiqa_s_5bin,0.1,negative_squared_l2_adc,182159,121736,60423,11290,745,0.09274167050009857,0.09112504463714155,0.09438399815604978,0.012329741985667709,0.01148033300416845,0.013241155373454392,True,True,False,0.007795914101714984,0.01858992739701382,3000,3
2,genuine-score-topk-v2,20,conditional-threshold-7f921fc314171193dead386e,fiqa_l_5bin,0.1,negative_squared_l2_adc,182159,121736,60423,11343,849,0.09317703883814155,0.09155697124674558,0.09482278074673539,0.014050940866888437,0.01314287110410113,0.01502079619564437,True,True,False,0.009690573445549473,0.019756717506334166,3000,3
2,genuine-score-topk-v2,20,conditional-threshold-ddbe410b249760ce60ca8883,global_empirical,0.2,negative_squared_l2_adc,182159,121736,60423,22220,1421,0.18252612210028257,0.18036625941961545,0.18470602033897218,0.023517534713602437,0.022339183637465513,0.024756467733954592,True,True,False,0.016855700417102718,0.031699213163461984,3000,3
2,genuine-score-topk-v2,20,conditional-threshold-2e94e9146f67dbf3e4688db1,global_safe,0.2,negative_squared_l2_adc,182159,121736,60423,22109,1413,0.18161431293947558,0.1794586986334776,0.1837900203471449,0.02338513479966238,0.022210115163646828,0.024620753213763835,True,True,False,0.01676252942214699,0.031540462704746454,3000,3
2,genuine-score-topk-v2,20,conditional-threshold-ba8c822d71721c39564e0fe2,fiqa_s_2bin,0.2,negative_squared_l2_adc,182159,121736,60423,22163,1409,0.18205789577446277,0.17990021215399193,0.18423564450239743,0.023318934842692353,0.022145584714203848,0.024552892166202104,True,True,False,0.016786263528399577,0.03145590735318554,3000,3
2,genuine-score-topk-v2,20,conditional-threshold-248f9e72667798f3132d70c7,fiqa_l_2bin,0.2,negative_squared_l2_adc,182159,121736,60423,22297,1526,0.18315863836498653,0.18099584052016504,0.18534143185016422,0.02525528358406567,0.02403410755899261,0.02653682060880132,True,True,False,0.018325307967543263,0.03386349907436128,3000,3
2,genuine-score-topk-v2,20,conditional-threshold-2a0def9a2495bda9fe88f3d5,fiqa_s_5bin,0.2,negative_squared_l2_adc,182159,121736,60423,22286,1435,0.18306827889860025,0.1809058997676505,0.18525065937242993,0.023749234562997535,0.02256507755363938,0.024993944057297234,True,True,False,0.01715444075465186,0.03178310411566561,3000,3
2,genuine-score-topk-v2,20,conditional-threshold-942dea5899bf66f2ba1a93db,fiqa_l_5bin,0.2,negative_squared_l2_adc,182159,121736,60423,23015,1654,0.18905664717092724,0.18686694209323587,0.1912659756696967,0.027373682207106564,0.026102394714541767,0.028705061357403125,True,True,False,0.020887366634260256,0.035041234997371926,3000,3
2,genuine-score-topk-v2,20,conditional-threshold-fd3e2d910a90dfbf42d6b99c,global_empirical,0.3,negative_squared_l2_adc,182159,121736,60423,33836,2185,0.2779457186041927,0.2754362173853039,0.28046923351601427,0.036161726494877776,0.0347023840251506,0.03768004327417055,True,True,False,0.02795351533844573,0.04584483939617326,3000,3
2,genuine-score-topk-v2,20,conditional-threshold-0a1468c64f29ebfb69163542,global_safe,0.3,negative_squared_l2_adc,182159,121736,60423,33794,2182,0.277600709732536,0.27509218092635424,0.280123274004923,0.036112076527150254,0.03465372087592994,0.03762941280063767,True,True,False,0.02788632276145812,0.045810666051464374,3000,3
2,genuine-score-topk-v2,20,conditional-threshold-9305fa7d6c6f5ad68ff697c1,fiqa_s_2bin,0.3,negative_squared_l2_adc,182159,121736,60423,33403,2134,0.274388841427351,0.2718894549275561,0.2769024660921502,0.035317677043509924,0.03387521435947592,0.036819221353035086,True,True,False,0.02715538372523759,0.04452932821617228,3000,3
2,genuine-score-topk-v2,20,conditional-threshold-986afbf302e2f10c1a27fe17,fiqa_l_2bin,0.3,negative_squared_l2_adc,182159,121736,60423,33705,2330,0.27686961950450156,0.2743631574408437,0.27939016317296594,0.03856147493504129,0.03705530893494514,0.04012631013079702,True,True,False,0.029883860993630995,0.04868872947990094,3000,3
2,genuine-score-topk-v2,20,conditional-threshold-046aef40d2dd863e1f745e5e,fiqa_s_5bin,0.3,negative_squared_l2_adc,182159,121736,60423,33587,2180,0.2759003088650851,0.2733965998984868,0.27841816060901753,0.036078976548665244,0.034621279196441423,0.037595658731623835,True,True,False,0.027851025979988227,0.04553839282471886,3000,3
2,genuine-score-topk-v2,20,conditional-threshold-0c36ddb8ab88c72b864e2bd0,fiqa_l_5bin,0.3,negative_squared_l2_adc,182159,121736,60423,34495,2471,0.28335907209042516,0.28083455534730756,0.2858972608934612,0.040895023418234776,0.03934486972984875,0.0425035496053097,True,True,False,0.0329520441887755,0.049775350259107634,3000,3
2,genuine-score-topk-v2,20,conditional-threshold-c74181210931849ba80b2aa1,global_empirical,0.01,negative_squared_l2_adc,182159,121736,60423,1218,125,0.010005257278044292,0.00946144013572431,0.010579997651476906,0.002068748655313374,0.0017367487301086634,0.0024640576117829676,False,False,False,0.0007687766668960218,0.004071122874888071,3000,4
2,genuine-score-topk-v2,20,conditional-threshold-fc23fedd3aa096d57c628286,global_safe,0.01,negative_squared_l2_adc,182159,121736,60423,1165,122,0.009569888940001315,0.009038259022746133,0.010132469564165423,0.0020190986875858533,0.0016914496603493163,0.0024100630587887773,True,False,False,0.0007475232663318081,0.003973988928884788,3000,4
2,genuine-score-topk-v2,20,conditional-threshold-cb1ccc51176808b069db32d9,fiqa_s_2bin,0.01,negative_squared_l2_adc,182159,121736,60423,1152,119,0.009463100479726622,0.008934503157281566,0.010022655248426864,0.001969448719858332,0.0016462042897608577,0.0023560148066236975,True,False,False,0.0006936320580421605,0.0039732729922329554,3000,4
2,genuine-score-topk-v2,20,conditional-threshold-06c7dc2edd4697c76b00be5b,fiqa_l_2bin,0.01,negative_squared_l2_adc,182159,121736,60423,1171,119,0.009619175921666558,0.009086152209066774,0.010183147230707762,0.001969448719858332,0.0016462042897608577,0.0023560148066236975,True,False,False,0.0007524412720811955,0.0038426634136900814,3000,4
2,genuine-score-topk-v2,20,conditional-threshold-5915d87b5aecd6e91b7b3617,fiqa_s_5bin,0.01,negative_squared_l2_adc,182159,121736,60423,1154,121,0.009479529473615037,0.008950464458287365,0.010039550898375393,0.002002548698343346,0.0016763618062255463,0.002392053038661368,True,False,False,0.0007221885592905864,0.0040258567103007075,3000,4
2,genuine-score-topk-v2,20,conditional-threshold-18531d2c15e95339b4d0b94e,fiqa_l_5bin,0.01,negative_squared_l2_adc,182159,121736,60423,1195,124,0.009816323848327528,0.009277761322711664,0.010385821528514793,0.002052198666070867,0.0017216431934704316,0.0024460652741700208,True,False,False,0.0009387656519621549,0.0036058252921687324,3000,4
2,genuine-score-topk-v2,20,conditional-threshold-c7ca526916cb5d583be0f40a,global_empirical,0.05,negative_squared_l2_adc,182159,121736,60423,5742,412,0.04716764145363738,0.045990981009142104,0.048372879836746485,0.006818595567912881,0.0061930619247267055,0.007506834327253406,True,True,False,0.003625790112850026,0.011492009942953841,3000,4
2,genuine-score-topk-v2,20,conditional-threshold-07375a61543c33150a3a224c,global_safe,0.05,negative_squared_l2_adc,182159,121736,60423,5488,397,0.045081159229808765,0.043929925061381846,0.04626110301330722,0.006570345729275276,0.005956787702401401,0.00724664043581102,True,True,False,0.0034401317002686707,0.011137104033423656,3000,4
2,genuine-score-topk-v2,20,conditional-threshold-371aa985663f00bc428cdd6c,fiqa_s_2bin,0.05,negative_squared_l2_adc,182159,121736,60423,5592,399,0.04593546691200631,0.044773741743588696,0.047125847780725386,0.00660344570776029,0.005988277799201193,0.007281346087513586,True,True,False,0.003425193903283874,0.01133939005088968,3000,4
2,genuine-score-topk-v2,20,conditional-threshold-7f8d7a3daf26c938fa3d5a9b,fiqa_l_2bin,0.05,negative_squared_l2_adc,182159,121736,60423,5436,397,0.04465400538871,0.043508059550140206,0.045828687799736374,0.006570345729275276,0.005956787702401401,0.00724664043581102,True,True,False,0.0034946186017614034,0.01100405201907319,3000,4
2,genuine-score-topk-v2,20,conditional-threshold-596557e47aaf969554597f4f,fiqa_s_5bin,0.05,negative_squared_l2_adc,182159,121736,60423,5575,387,0.045795820463954785,0.044635802454854434,0.04698450298634785,0.0064048458368502065,0.00579939974257809,0.0070730496531225375,True,True,False,0.003382074430608196,0.010914086571755063,3000,4
2,genuine-score-topk-v2,20,conditional-threshold-aeec79ac17581299e49a512f,fiqa_l_5bin,0.05,negative_squared_l2_adc,182159,121736,60423,5715,464,0.04694585003614379,0.04577186118437557,0.0481484308236296,0.007679195008523244,0.0070137770190207074,0.00840720869402073,True,True,False,0.004717150019986615,0.01182888531052527,3000,4
2,genuine-score-topk-v2,20,conditional-threshold-22ce9934f2aaa0e7f08c4c82,global_empirical,0.1,negative_squared_l2_adc,182159,121736,60423,11211,762,0.0920927252415062,0.09048124976466104,0.09372994346583435,0.012611091802790329,0.011751816246929175,0.01353233599296372,True,True,False,0.007936295299044596,0.018956801349279278,3000,4
2,genuine-score-topk-v2,20,conditional-threshold-5abf5e03d2d306ee15df19ee,global_safe,0.1,negative_squared_l2_adc,182159,121736,60423,10700,728,0.08789511730301636,0.08631755765620512,0.08949868460545977,0.01204839216854509,0.011208966967732633,0.012949857547620161,True,True,False,0.00749492998695135,0.018368734813596306,3000,4
2,genuine-score-topk-v2,20,conditional-threshold-b85dad8dbcbb722e0398ae9e,fiqa_s_2bin,0.1,negative_squared_l2_adc,182159,121736,60423,10839,723,0.08903693237826116,0.08745004204990268,0.09064975830308795,0.011965642222332555,0.011129176319958132,0.012864158824138763,True,True,False,0.007555513206809617,0.018008169460643514,3000,4
2,genuine-score-topk-v2,20,conditional-threshold-009bd77bd4a80e377bfe3b08,fiqa_l_2bin,0.1,negative_squared_l2_adc,182159,121736,60423,10646,759,0.08745153446802918,0.08587762136422067,0.08905148322167741,0.012561441835062807,0.011703899095406948,0.013480959521732406,True,True,False,0.007856226345146714,0.0189369254860814,3000,4
2,genuine-score-topk-v2,20,conditional-threshold-fb1bf920e457ee0ffce1e743,fiqa_s_5bin,0.1,negative_squared_l2_adc,182159,121736,60423,10924,714,0.08973516461851876,0.08814260761563113,0.09135361315291839,0.011816692319149993,0.010985579932380125,0.012709874343456157,True,True,False,0.00742265726692207,0.017890586742400537,3000,4
2,genuine-score-topk-v2,20,conditional-threshold-1a514959d27f3a691ba4c4ce,fiqa_l_5bin,0.1,negative_squared_l2_adc,182159,121736,60423,11101,824,0.09118913057764343,0.08958486731431602,0.09281919361369144,0.013637191135825762,0.01274286558161647,0.014593354861849546,True,True,False,0.00922928786601423,0.019247261998668327,3000,4
2,genuine-score-topk-v2,20,conditional-threshold-624c7336c99247171057d1bc,global_empirical,0.2,negative_squared_l2_adc,182159,121736,60423,22220,1421,0.18252612210028257,0.18036625941961545,0.18470602033897218,0.023517534713602437,0.022339183637465513,0.024756467733954592,True,True,False,0.016855700417102718,0.031699213163461984,3000,4
2,genuine-score-topk-v2,20,conditional-threshold-46728c8e6fcabfbc3f2fa6f9,global_safe,0.2,negative_squared_l2_adc,182159,121736,60423,21295,1364,0.17492771242689098,0.1728038833143649,0.1770720566278466,0.022574185326779538,0.021419794641894457,0.02378927789720842,True,True,False,0.016131644738969865,0.03064311016145151,3000,4
2,genuine-score-topk-v2,20,conditional-threshold-40318f2140f9bd524979d341,fiqa_s_2bin,0.2,negative_squared_l2_adc,182159,121736,60423,21618,1382,0.1775809949398699,0.17544441904740352,0.1797379184739318,0.022872085133144662,0.021710071125374743,0.02409476315024936,True,True,False,0.016426880335833272,0.031106589133539943,3000,4
2,genuine-score-topk-v2,20,conditional-threshold-e548e781af6a09b3dab0ec1a,fiqa_l_2bin,0.2,negative_squared_l2_adc,182159,121736,60423,21620,1480,0.1775974239337583,0.17546076966886934,0.17975442480342027,0.02449398407891035,0.02329136812294356,0.025757057829296128,True,True,False,0.01757623273961375,0.0329886203008832,3000,4
2,genuine-score-topk-v2,20,conditional-threshold-48f47e402fe2b9a150033bff,fiqa_s_5bin,0.2,negative_squared_l2_adc,182159,121736,60423,21871,1413,0.17965926266675428,0.17751282632113896,0.18182591549591864,0.02338513479966238,0.022210115163646828,0.024620753213763835,True,True,False,0.016827087001917766,0.03151252602491123,3000,4
2,genuine-score-topk-v2,20,conditional-threshold-76853dcb77011509e1d7aa89,fiqa_l_5bin,0.2,negative_squared_l2_adc,182159,121736,60423,22449,1581,0.184407241900506,0.18223867842602048,0.18659572221683757,0.026165532992403553,0.02492255682593099,0.02746875442567781,True,True,False,0.019799061556300204,0.03378441681071337,3000,4
2,genuine-score-topk-v2,20,conditional-threshold-a390b76957a2176ed2e18202,global_empirical,0.3,negative_squared_l2_adc,182159,121736,60423,33836,2185,0.2779457186041927,0.2754362173853039,0.28046923351601427,0.036161726494877776,0.0347023840251506,0.03768004327417055,True,True,False,0.02795351533844573,0.04584483939617326,3000,4
2,genuine-score-topk-v2,20,conditional-threshold-30d05f80c382fad7f57809d6,global_safe,0.3,negative_squared_l2_adc,182159,121736,60423,32606,2106,0.2678418873628179,0.26536164311537713,0.27033678294902985,0.03485427734471973,0.033421177463551416,0.03634651776992656,True,True,False,0.026821671086962054,0.044359813190440585,3000,4
2,genuine-score-topk-v2,20,conditional-threshold-4e545967cfd6088730a591c5,fiqa_s_2bin,0.3,negative_squared_l2_adc,182159,121736,60423,32653,2091,0.26822796871919563,0.2657465765547798,0.2707239878570539,0.03460602750608212,0.033177971847264565,0.03609325527244572,True,True,False,0.026574864340894056,0.04378338064502833,3000,4
2,genuine-score-topk-v2,20,conditional-threshold-39ac19a979cc5ccd889a6808,fiqa_l_2bin,0.3,negative_squared_l2_adc,182159,121736,60423,32997,2279,0.2710537556680029,0.2685640348011315,0.2735579251748464,0.037717425483673434,0.03622753751547088,0.039266089963461134,True,True,False,0.02920224725756272,0.04777335852516774,3000,4
2,genuine-score-topk-v2,20,conditional-threshold-90b23cc855a43fd8a55fc33a,fiqa_s_5bin,0.3,negative_squared_l2_adc,182159,121736,60423,32699,2141,0.26860583557862916,0.26612332225182905,0.27110295203195417,0.03543352696820747,0.03398873426222206,0.0369373865700472,True,True,False,0.027297497795472348,0.044777660241397996,3000,4
2,genuine-score-topk-v2,20,conditional-threshold-054dd435d120a3c4f56001a5,fiqa_l_5bin,0.3,negative_squared_l2_adc,182159,121736,60423,33751,2418,0.2772474863639351,0.2747399550514659,0.27976907543429325,0.040017873988381907,0.03848408446432439,0.04161014753552155,True,True,False,0.03223833137580974,0.04874092739602393,3000,4
2,genuine-score-topk-v2,20,conditional-threshold-b640145468397d31b84bfa44,global_empirical,0.01,negative_squared_l2_adc,182159,121736,60423,1218,125,0.010005257278044292,0.00946144013572431,0.010579997651476906,0.002068748655313374,0.0017367487301086634,0.0024640576117829676,False,False,False,0.0007687766668960218,0.004071122874888071,3000,5
2,genuine-score-topk-v2,20,conditional-threshold-48c7dc295f5197a3a689b4a6,global_safe,0.01,negative_squared_l2_adc,182159,121736,60423,1201,124,0.009865610829992771,0.009325672557358824,0.010436481146730613,0.002052198666070867,0.0017216431934704316,0.0024460652741700208,True,False,False,0.0007687766668960218,0.004018118943083724,3000,5
2,genuine-score-topk-v2,20,conditional-threshold-bd0f29f0158c4478a98e6813,fiqa_s_2bin,0.01,negative_squared_l2_adc,182159,121736,60423,1173,123,0.009635604915554971,0.0091021174201821,0.010200038970546763,0.00203564867682836,0.0017065434800632943,0.002428067113325978,True,False,False,0.0007338594211260472,0.004124951099753574,3000,5
2,genuine-score-topk-v2,20,conditional-threshold-12848bda8c57543eb0cd850b,fiqa_l_2bin,0.01,negative_squared_l2_adc,182159,121736,60423,1176,120,0.009660248406387593,0.00912606599800455,0.010225375819155804,0.001985998709100839,0.0016612799910652799,0.0023740369795704538,True,False,False,0.000758087020513083,0.003862454533119263,3000,5
2,genuine-score-topk-v2,20,conditional-threshold-f8695afcf9225a12866fda51,fiqa_s_5bin,0.01,negative_squared_l2_adc,182159,121736,60423,1138,116,0.00934809752250772,0.008822785791224618,0.009904373957803523,0.001919798752130811,0.0016010146416361119,0.0023019108319949043,True,True,False,0.000663564452421033,0.0039005844118176975,3000,5
2,genuine-score-topk-v2,20,conditional-threshold-5450af20ca92374d0e05ca76,fiqa_l_5bin,0.01,negative_squared_l2_adc,182159,121736,60423,1228,122,0.010087402247486364,0.009541316416309585,0.010664406125663266,0.0020190986875858533,0.0016914496603493163,0.0024100630587887773,False,False,False,0.0009268719577489101,0.003556404739441946,3000,5
2,genuine-score-topk-v2,20,conditional-threshold-34827b343f731a974dfce3f1,global_empirical,0.05,negative_squared_l2_adc,182159,121736,60423,5742,412,0.04716764145363738,0.045990981009142104,0.048372879836746485,0.006818595567912881,0.0061930619247267055,0.007506834327253406,True,True,False,0.003625790112850026,0.011492009942953841,3000,5
2,genuine-score-topk-v2,20,conditional-threshold-93193f70dde1d0ff465ff915,global_safe,0.05,negative_squared_l2_adc,182159,121736,60423,5725,410,0.04702799500558586,0.04585301582675165,0.04823156093602517,0.006785495589427867,0.006161545738008698,0.0074721547654690535,True,True,False,0.003592483554548512,0.011452325524072389,3000,5
2,genuine-score-topk-v2,20,conditional-threshold-c615e4cf95f259cb1afde3ab,fiqa_s_2bin,0.05,negative_squared_l2_adc,182159,121736,60423,5797,415,0.04761943878556877,0.04643735857862055,0.04883006841851202,0.006868245535640402,0.006240343518118055,0.007558846356615595,True,True,False,0.0036007821746615837,0.011721432506504096,3000,5
2,genuine-score-topk-v2,20,conditional-threshold-2c266331184c155d434a9963,fiqa_l_2bin,0.05,negative_squared_l2_adc,182159,121736,60423,5556,405,0.04563974502201485,0.04448163856201576,0.046826525845120426,0.006702745643215332,0.0060827725429361944,0.007385438589285661,True,True,False,0.003632059064306748,0.01116872746483619,3000,5
2,genuine-score-topk-v2,20,conditional-threshold-ba8c3ff93f29202961d3bc8b,fiqa_s_5bin,0.05,negative_squared_l2_adc,182159,121736,60423,5713,398,0.04692942104225537,0.0457556303759459,0.048131804681104944,0.006586895718517783,0.005972532236927098,0.007263993775536502,True,True,False,0.0035208420923207146,0.011135444171951248,3000,5
2,genuine-score-topk-v2,20,conditional-threshold-17231595ebe6738cf4f1e992,fiqa_l_5bin,0.05,negative_squared_l2_adc,182159,121736,60423,5645,465,0.046370835250049286,0.04520380685795641,0.04756649186664731,0.007695744997765751,0.007029582953965229,0.008424500633327388,True,True,False,0.004735647330009979,0.01185467683338573,3000,5
2,genuine-score-topk-v2,20,conditional-threshold-f354c80a3401048f5f963788,global_empirical,0.1,negative_squared_l2_adc,182159,121736,60423,11211,762,0.0920927252415062,0.09048124976466104,0.09372994346583435,0.012611091802790329,0.011751816246929175,0.01353233599296372,True,True,False,0.007936295299044596,0.018956801349279278,3000,5
2,genuine-score-topk-v2,20,conditional-threshold-014428f5ab314b848dd16d78,global_safe,0.1,negative_squared_l2_adc,182159,121736,60423,11047,750,0.09074554774265624,0.08914484256673066,0.09237208068550995,0.012412491931880244,0.011560169026442723,0.013326808722436018,True,True,False,0.00779571517087169,0.018741228500156908,3000,5
2,genuine-score-topk-v2,20,conditional-threshold-a2d89f858bb8d7c13c7d4c9b,fiqa_s_2bin,0.1,negative_squared_l2_adc,182159,121736,60423,11166,737,0.09172307287901689,0.0901145420857291,0.09335736974829396,0.012197342071727653,0.011352616496628906,0.013104088886984501,True,True,False,0.007681188970042624,0.018379516850505297,3000,5
2,genuine-score-topk-v2,20,conditional-threshold-19defa05e7c8a38a35ec4940,fiqa_l_2bin,0.1,negative_squared_l2_adc,182159,121736,60423,10989,790,0.09026910691989222,0.08867223638019398,0.09189183529437114,0.013074491501580524,0.01219921051164088,0.014011682207285036,True,True,False,0.008256757364067018,0.019438049604808275,3000,5
2,genuine-score-topk-v2,20,conditional-threshold-4c56791356dc54f6356bcb42,fiqa_s_5bin,0.1,negative_squared_l2_adc,182159,121736,60423,11388,754,0.09354669120063087,0.09192370989602118,0.09519532349393216,0.012478691888850273,0.011624045076111235,0.013395324169772224,True,True,False,0.007925224596838002,0.018774344588698106,3000,5
2,genuine-score-topk-v2,20,conditional-threshold-d7ffffe960da36fef306ad43,fiqa_l_5bin,0.1,negative_squared_l2_adc,182159,121736,60423,11245,840,0.09237201813760926,0.09075832305434249,0.0940114383423765,0.013901990963705873,0.01299884456442988,0.014866941867055002,True,True,False,0.009445805930217746,0.01960722640967637,3000,5
2,genuine-score-topk-v2,20,conditional-threshold-977d0531fd16af60d4df612d,global_empirical,0.2,negative_squared_l2_adc,182159,121736,60423,22220,1421,0.18252612210028257,0.18036625941961545,0.18470602033897218,0.023517534713602437,0.022339183637465513,0.024756467733954592,True,True,False,0.016855700417102718,0.031699213163461984,3000,5
2,genuine-score-topk-v2,20,conditional-threshold-a7a41821608cfd5bec8f2c09,global_safe,0.2,negative_squared_l2_adc,182159,121736,60423,22214,1420,0.18247683511861734,0.1803172015608949,0.18465650734482977,0.02350098472435993,0.0223230495279891,0.024739503969179816,True,True,False,0.016855700417102718,0.03166676311326833,3000,5
2,genuine-score-topk-v2,20,conditional-threshold-4d6e7418c16100d918c1f31b,fiqa_s_2bin,0.2,negative_squared_l2_adc,182159,121736,60423,22481,1430,0.18467010580272064,0.1825003333040347,0.18685977855409264,0.023666484616785,0.022484397656240336,0.02490913458344038,True,True,False,0.017139174741887423,0.0317470080735994,3000,5
2,genuine-score-topk-v2,20,conditional-threshold-de5bcb6bfde658214b702561,fiqa_l_2bin,0.2,negative_squared_l2_adc,182159,121736,60423,22326,1529,0.18339685877636855,0.18123295799892458,0.18558074016024245,0.025304933551793193,0.02408255761222239,0.026587664178325088,True,True,False,0.018394062165213415,0.033946032249562566,3000,5
2,genuine-score-topk-v2,20,conditional-threshold-0c8c81af58fee5de1abf48a8,fiqa_s_5bin,0.2,negative_squared_l2_adc,182159,121736,60423,22378,1444,0.1838240126174673,0.18165813760954658,0.18600984127443293,0.023898184466180097,0.022710311089115965,0.02514659139008126,True,True,False,0.017280002322714847,0.03204652993768014,3000,5
2,genuine-score-topk-v2,20,conditional-threshold-0529bf0d78f7a0961aa5374d,fiqa_l_5bin,0.2,negative_squared_l2_adc,182159,121736,60423,22522,1586,0.18500690017743313,0.18283558104321904,0.18719809830947196,0.02624828293861609,0.025003345373550933,0.027553455249313765,True,True,False,0.01990240484895196,0.033976636406663,3000,5
2,genuine-score-topk-v2,20,conditional-threshold-e3ba6eef88bf7f25ba01e35a,global_empirical,0.3,negative_squared_l2_adc,182159,121736,60423,33836,2185,0.2779457186041927,0.2754362173853039,0.28046923351601427,0.036161726494877776,0.0347023840251506,0.03768004327417055,True,True,False,0.02795351533844573,0.04584483939617326,3000,5
2,genuine-score-topk-v2,20,conditional-threshold-ac720e4f15209de052baafec,global_safe,0.3,negative_squared_l2_adc,182159,121736,60423,33731,2175,0.2770831964250509,0.2745761297285392,0.2796043312476767,0.035996226602452705,0.03454017647093883,0.037511272085870524,True,True,False,0.027800843519651078,0.04558787052769929,3000,5
2,genuine-score-topk-v2,20,conditional-threshold-a9e5105db836a2efba05c080,fiqa_s_2bin,0.3,negative_squared_l2_adc,182159,121736,60423,33670,2146,0.2765821121114543,0.2740764651058639,0.27910185886624495,0.035516276914420004,0.03406982249869651,0.03702178770482865,True,True,False,0.027415209397020517,0.04473502412970777,3000,5
2,genuine-score-topk-v2,20,conditional-threshold-757d6b5da59222a228882658,fiqa_l_2bin,0.3,negative_squared_l2_adc,182159,121736,60423,33977,2344,0.2791039626733259,0.27659121051140967,0.28163065543218846,0.03879317478443639,0.03728257535175161,0.040362413953507065,True,True,False,0.030096457398841932,0.04897537107822697,3000,5
2,genuine-score-topk-v2,20,conditional-threshold-7b65d79716cf808e8cfbe6d2,fiqa_s_5bin,0.3,negative_squared_l2_adc,182159,121736,60423,33466,2183,0.27490635473483604,0.27240548420388583,0.2774214307708817,0.036128626516392766,0.03466994184172731,0.03764628970909148,True,True,False,0.027966207025276624,0.04567061116460146,3000,5
2,genuine-score-topk-v2,20,conditional-threshold-0472d71401f2372ef4ae3716,fiqa_l_5bin,0.3,negative_squared_l2_adc,182159,121736,60423,33927,2419,0.27869323782611555,0.2761816360881759,0.281218806081564,0.04003442397762441,0.03850032383150406,0.04162700604259305,True,True,False,0.03225182025259561,0.04875725450567088,3000,5
2,genuine-score-topk-v2,20,conditional-threshold-6612aae8b91da96bab76f7e3,global_empirical,0.01,negative_squared_l2_adc,182159,121736,60423,1218,125,0.010005257278044292,0.00946144013572431,0.010579997651476906,0.002068748655313374,0.0017367487301086634,0.0024640576117829676,False,False,False,0.0007687766668960218,0.004071122874888071,3000,6
2,genuine-score-topk-v2,20,conditional-threshold-99c4320136b9fba68673c0ad,global_safe,0.01,negative_squared_l2_adc,182159,121736,60423,883,94,0.007253400801734902,0.006792021401765691,0.007745877100585774,0.0015556989887956572,0.0012715551408014497,0.0019032170993036205,True,True,False,0.0005055143041830068,0.003201305709326513,3000,6
2,genuine-score-topk-v2,20,conditional-threshold-d7538853bfc21326e0ca79e9,fiqa_s_2bin,0.01,negative_squared_l2_adc,182159,121736,60423,930,99,0.007639482158112637,0.007165670875341718,0.008144365974436428,0.0016384489350081922,0.0013461051036167651,0.0019941565077442017,True,True,False,0.0005969665841525899,0.003284316642768246,3000,6
2,genuine-score-topk-v2,20,conditional-threshold-04affc29bdc161fc81d60d74,fiqa_l_2bin,0.01,negative_squared_l2_adc,182159,121736,60423,867,93,0.007121968850627588,0.006664898308538367,0.0076101445861784835,0.0015391489995531503,0.0012566709636137256,0.0018850034022401651,True,True,False,0.0005315574034115564,0.003086441611757901,3000,6
2,genuine-score-topk-v2,20,conditional-threshold-234c6efb28f7acac1ee205f6,fiqa_s_5bin,0.01,negative_squared_l2_adc,182159,121736,60423,983,99,0.008074850496155615,0.007587399254533648,0.008593346795534158,0.0016384489350081922,0.0013461051036167651,0.0019941565077442017,True,True,False,0.0005771907961261902,0.0033585653644191155,3000,6
2,genuine-score-topk-v2,20,conditional-threshold-35921cc33b2acdad088d190d,fiqa_l_5bin,0.01,negative_squared_l2_adc,182159,121736,60423,1024,98,0.008411644870868108,0.007913898060211255,0.008940415484420254,0.0016218989457656853,0.001331178339394751,0.001975985397715037,True,True,False,0.000745625819369776,0.002763742324859248,3000,6
2,genuine-score-topk-v2,20,conditional-threshold-2772b4efc20dc4147ce85a3b,global_empirical,0.05,negative_squared_l2_adc,182159,121736,60423,5742,412,0.04716764145363738,0.045990981009142104,0.048372879836746485,0.006818595567912881,0.0061930619247267055,0.007506834327253406,True,True,False,0.003625790112850026,0.011492009942953841,3000,6
2,genuine-score-topk-v2,20,conditional-threshold-3455e4d661f1f7e8b3bdff86,global_safe,0.05,negative_squared_l2_adc,182159,121736,60423,4704,351,0.038640993625550374,0.03757277738550834,0.0397383259150846,0.005809046224119954,0.005233721822932779,0.006447204099725389,True,True,False,0.0028409446843781065,0.010222660836175793,3000,6
2,genuine-score-topk-v2,20,conditional-threshold-d79f949d9bf5120d15a67a74,fiqa_s_2bin,0.05,negative_squared_l2_adc,182159,121736,60423,4839,351,0.03974995071301834,0.038666908833559714,0.04086203865645029,0.005809046224119954,0.005233721822932779,0.006447204099725389,True,True,False,0.0029302682991203715,0.010133465203575805,3000,6
2,genuine-score-topk-v2,20,conditional-threshold-52011aa23fcd0675416eb9f9,fiqa_l_2bin,0.05,negative_squared_l2_adc,182159,121736,60423,4618,345,0.03793454688834856,0.03687590026140677,0.03902235414815012,0.005709746288664912,0.005139592062653108,0.006342746614497984,True,True,False,0.0028495592989918063,0.009959838939855109,3000,6
2,genuine-score-topk-v2,20,conditional-threshold-705d5bf0b2c7578579291b7e,fiqa_s_5bin,0.05,negative_squared_l2_adc,182159,121736,60423,4803,344,0.03945422882302688,0.038375117419219215,0.04056240495361291,0.0056931962994224055,0.005123908186374956,0.006325332616524958,True,True,False,0.0029774091028397505,0.009698533637315179,3000,6
2,genuine-score-topk-v2,20,conditional-threshold-8b6a3e3b3d4f21cfcd4d06a7,fiqa_l_5bin,0.05,negative_squared_l2_adc,182159,121736,60423,5000,423,0.04107248472103568,0.039972063899787254,0.042201868142046066,0.007000645449580458,0.0063664700124100885,0.007697502856332995,True,True,False,0.00428821581251784,0.010802023452081649,3000,6
2,genuine-score-topk-v2,20,conditional-threshold-066cb79242a9e1729ce25681,global_empirical,0.1,negative_squared_l2_adc,182159,121736,60423,11211,762,0.0920927252415062,0.09048124976466104,0.09372994346583435,0.012611091802790329,0.011751816246929175,0.01353233599296372,True,True,False,0.007936295299044596,0.018956801349279278,3000,6
2,genuine-score-topk-v2,20,conditional-threshold-4192a0c274f33675fccf18d5,global_safe,0.1,negative_squared_l2_adc,182159,121736,60423,9571,644,0.0786209502530065,0.07712229880852166,0.08014619463942572,0.010658193072174502,0.00986996679004968,0.011508636288204047,True,True,False,0.006409049834153636,0.0165415759868806,3000,6
2,genuine-score-topk-v2,20,conditional-threshold-75f91c74775abceb31030c80,fiqa_s_2bin,0.1,negative_squared_l2_adc,182159,121736,60423,9857,654,0.08097029637904975,0.07945110676390954,0.08251593067050658,0.010823692964599573,0.010029197831937293,0.011680383988828227,True,True,False,0.006635075183846045,0.01668539616182564,3000,6
2,genuine-score-topk-v2,20,conditional-threshold-eafce13d8737afd72666cf7c,fiqa_l_2bin,0.1,negative_squared_l2_adc,182159,121736,60423,9383,676,0.07707662482749557,0.07559168955305984,0.07858825050518084,0.011187792727934727,0.010379677695326129,0.012058057358965335,True,True,False,0.006880185709824447,0.0171031325000213,3000,6
2,genuine-score-topk-v2,20,conditional-threshold-e17ecbd349e27fb621a7af7a,fiqa_s_5bin,0.1,negative_squared_l2_adc,182159,121736,60423,9801,643,0.08051028455017414,0.07899508585157322,0.08205195695612175,0.010641643082931996,0.009854046434010204,0.01149145876999234,True,True,False,0.00649021770179042,0.016411600134825923,3000,6
2,genuine-score-topk-v2,20,conditional-threshold-e2a5ec92adfb23d9915fa607,fiqa_l_5bin,0.1,negative_squared_l2_adc,182159,121736,60423,10269,769,0.08435466912006309,0.08280656053129806,0.08592900879970941,0.012726941727487878,0.0118636366250038,0.013652200734647348,True,True,False,0.008653378619115932,0.01797099563980068,3000,6
2,genuine-score-topk-v2,20,conditional-threshold-cb3a4373f6d7bb01ac5889cb,global_empirical,0.2,negative_squared_l2_adc,182159,121736,60423,22220,1421,0.18252612210028257,0.18036625941961545,0.18470602033897218,0.023517534713602437,0.022339183637465513,0.024756467733954592,True,True,False,0.016855700417102718,0.031699213163461984,3000,6
2,genuine-score-topk-v2,20,conditional-threshold-2a58ae8ccaf03239a7cfec77,global_safe,0.2,negative_squared_l2_adc,182159,121736,60423,19874,1278,0.16325491226917263,0.16118934798791854,0.1653417283012437,0.021150886251923937,0.020033681170042252,0.022328974183459197,True,True,False,0.014851970129727454,0.02905543871765181,3000,6
2,genuine-score-topk-v2,20,conditional-threshold-113275083b1dc8ccaefa7e32,fiqa_s_2bin,0.2,negative_squared_l2_adc,182159,121736,60423,20399,1294,0.16756752316488138,0.1654800076302606,0.16967601828441242,0.02141568607980405,0.0202914640623762,0.02260075727914412,True,True,False,0.01514669097733782,0.029524905064576706,3000,6
2,genuine-score-topk-v2,20,conditional-threshold-43cfc6d7098affcb6c507c06,fiqa_l_2bin,0.2,negative_squared_l2_adc,182159,121736,60423,19988,1347,0.16419136492081224,0.1621209906736405,0.16628293181991838,0.022292835509656918,0.02114569412032049,0.023500714556512335,True,True,False,0.015715095004191933,0.03051230454674084,3000,6
2,genuine-score-topk-v2,20,conditional-threshold-cc0e92098099dd8c929b0a17,fiqa_s_5bin,0.2,negative_squared_l2_adc,182159,121736,60423,20221,1305,0.16610534270881253,0.16402521273625287,0.1682065445434851,0.021597735961471624,0.02046871654660715,0.022787581411676142,True,True,False,0.015357269908216929,0.029565468901098024,3000,6
2,genuine-score-topk-v2,20,conditional-threshold-cd19367138d58431a545475d,fiqa_l_5bin,0.2,negative_squared_l2_adc,182159,121736,60423,21186,1512,0.1740323322599724,0.171912845220406,0.17617239089479464,0.025023583734670573,0.023808024175126254,0.02629953375315117,True,True,False,0.018858716067153867,0.0323108439929367,3000,6
2,genuine-score-topk-v2,20,conditional-threshold-47d04e02fa71c1cd8becd66f,global_empirical,0.3,negative_squared_l2_adc,182159,121736,60423,33836,2185,0.2779457186041927,0.2754362173853039,0.28046923351601427,0.036161726494877776,0.0347023840251506,0.03768004327417055,True,True,False,0.02795351533844573,0.04584483939617326,3000,6
2,genuine-score-topk-v2,20,conditional-threshold-98b4332f9a226abf3d5b9be9,global_safe,0.3,negative_squared_l2_adc,182159,121736,60423,31216,2007,0.25642373661037,0.2539785458169642,0.25888429933418566,0.03321582840971153,0.03181639797237935,0.03467460771023186,True,True,False,0.02531738630001422,0.04263087799592466,3000,6
2,genuine-score-topk-v2,20,conditional-threshold-88c92e5f2f761f76806f28dc,fiqa_s_2bin,0.3,negative_squared_l2_adc,182159,121736,60423,31097,1984,0.2554462114740093,0.25300412252351673,0.2579037340458506,0.032835178657133875,0.031443701076728996,0.0342860534981051,True,True,False,0.025012378867095373,0.041720544363671196,3000,6
2,genuine-score-topk-v2,20,conditional-threshold-92ea486ba906ce95e8d31706,fiqa_l_2bin,0.3,negative_squared_l2_adc,182159,121736,60423,31374,2153,0.2577216271275547,0.25527234281626593,0.26018620146027577,0.03563212683911755,0.034183349642629646,0.03713994568065376,True,True,False,0.027452767287656384,0.045421804797909526,3000,6
2,genuine-score-topk-v2,20,conditional-threshold-b97cefe8934b437e320c52bc,fiqa_s_5bin,0.3,negative_squared_l2_adc,182159,121736,60423,31097,2019,0.2554462114740093,0.25300412252351673,0.2579037340458506,0.03341442828062162,0.03201086848970733,0.034877311683918055,True,True,False,0.02550015839599636,0.042576729211588726,3000,6
2,genuine-score-topk-v2,20,conditional-threshold-39c411500f74b69e0424d6a6,fiqa_l_5bin,0.3,negative_squared_l2_adc,182159,121736,60423,32554,2330,0.26741473352171913,0.2649357621188698,0.26990838322072475,0.03856147493504129,0.03705530893494514,0.04012631013079702,True,True,False,0.030959399796335184,0.047039101105525366,3000,6
2,genuine-score-topk-v2,20,conditional-threshold-530af5b27dc9f89ca6c81c2d,global_empirical,0.01,negative_squared_l2_adc,182159,121736,60423,1218,125,0.010005257278044292,0.00946144013572431,0.010579997651476906,0.002068748655313374,0.0017367487301086634,0.0024640576117829676,False,False,False,0.0007687766668960218,0.004071122874888071,3000,7
2,genuine-score-topk-v2,20,conditional-threshold-448b8eb532acc6b0bcbbb444,global_safe,0.01,negative_squared_l2_adc,182159,121736,60423,1193,124,0.009799894854439115,0.009261791700000951,0.010368934200271181,0.002052198666070867,0.0017216431934704316,0.0024460652741700208,True,False,False,0.0007687766668960218,0.004018118943083724,3000,7
2,genuine-score-topk-v2,20,conditional-threshold-a95ab1f58eaa9b7602ff60cf,fiqa_s_2bin,0.01,negative_squared_l2_adc,182159,121736,60423,1149,122,0.009438456988894001,0.00891056198827369,0.00999731099100325,0.0020190986875858533,0.0016914496603493163,0.0024100630587887773,True,True,False,0.0007146019839474667,0.004124922826526248,3000,7
2,genuine-score-topk-v2,20,conditional-threshold-75bc6365a25d8dd0eda0afa8,fiqa_l_2bin,0.01,negative_squared_l2_adc,182159,121736,60423,1132,112,0.00929881054084248,0.008774913270037843,0.009853675626127321,0.001853598795160783,0.0015408521998695373,0.0022296817767567616,True,True,False,0.0007027671645115082,0.003624347490958213,3000,7
2,genuine-score-topk-v2,20,conditional-threshold-83d956db7f046c38e0ae70ee,fiqa_s_5bin,0.01,negative_squared_l2_adc,182159,121736,60423,1188,122,0.009758822369718078,0.009221869378123509,0.010326714144762803,0.0020190986875858533,0.0016914496603493163,0.0024100630587887773,True,False,False,0.0006927189696633439,0.004105970095729261,3000,7
2,genuine-score-topk-v2,20,conditional-threshold-3d08b62a969e06bc1b3ee410,fiqa_l_5bin,0.01,negative_squared_l2_adc,182159,121736,60423,1290,129,0.010596701058027206,0.010036756778608444,0.011187531242948539,0.002134948612283402,0.0017972277477665546,0.002535970091129794,False,False,False,0.0009927094651031882,0.0037159915516697234,3000,7
2,genuine-score-topk-v2,20,conditional-threshold-acdcaad7a84fd901e461da8c,global_empirical,0.05,negative_squared_l2_adc,182159,121736,60423,5742,412,0.04716764145363738,0.045990981009142104,0.048372879836746485,0.006818595567912881,0.0061930619247267055,0.007506834327253406,True,True,False,0.003625790112850026,0.011492009942953841,3000,7
2,genuine-score-topk-v2,20,conditional-threshold-a7dcc3ec6a3d05abd175a7a1,global_safe,0.05,negative_squared_l2_adc,182159,121736,60423,5725,410,0.04702799500558586,0.04585301582675165,0.04823156093602517,0.006785495589427867,0.006161545738008698,0.0074721547654690535,True,True,False,0.003592483554548512,0.011452325524072389,3000,7
2,genuine-score-topk-v2,20,conditional-threshold-1c617d699299137ea3d341f9,fiqa_s_2bin,0.05,negative_squared_l2_adc,182159,121736,60423,5769,412,0.047389432871130975,0.04621010808269936,0.04859732160107265,0.006818595567912881,0.0061930619247267055,0.007506834327253406,True,True,False,0.0035504491205202685,0.011623997865798933,3000,7
2,genuine-score-topk-v2,20,conditional-threshold-554777ca0853c2fad8f060db,fiqa_l_2bin,0.05,negative_squared_l2_adc,182159,121736,60423,5509,408,0.045253663665637114,0.04410030197758452,0.046435724082124985,0.006752395610942853,0.006130033484744981,0.007437471270230413,True,True,False,0.0036628181699643165,0.01122001629114475,3000,7
2,genuine-score-topk-v2,20,conditional-threshold-f236a8895e0bce2eb6ec10d9,fiqa_s_5bin,0.05,negative_squared_l2_adc,182159,121736,60423,5691,398,0.046748702109482815,0.04557709413170713,0.047948914464846115,0.006586895718517783,0.005972532236927098,0.007263993775536502,True,True,False,0.0035268468006767425,0.011116590985314846,3000,7
2,genuine-score-topk-v2,20,conditional-threshold-2ce73cbe907c1b541c05a9e5,fiqa_l_5bin,0.05,negative_squared_l2_adc,182159,121736,60423,5721,468,0.04699513701780903,0.04582055384983548,0.04819830901103268,0.007745394965493272,0.007077005642110527,0.008476371567935629,True,True,False,0.004744771940815641,0.012038670884895224,3000,7
2,genuine-score-topk-v2,20,conditional-threshold-6a7f25ee24347ccc0f7eeaec,global_empirical,0.1,negative_squared_l2_adc,182159,121736,60423,11211,762,0.0920927252415062,0.09048124976466104,0.09372994346583435,0.012611091802790329,0.011751816246929175,0.01353233599296372,True,True,False,0.007936295299044596,0.018956801349279278,3000,7
2,genuine-score-topk-v2,20,conditional-threshold-2e44b9050b6b67f558f6a7b0,global_safe,0.1,negative_squared_l2_adc,182159,121736,60423,10957,746,0.0900062430176776,0.08841149393099003,0.09162686652830589,0.012346291974910216,0.011496299400843476,0.013258286851030544,True,True,False,0.007761194838677711,0.018627208487518605,3000,7
2,genuine-score-topk-v2,20,conditional-threshold-9179b5c8a448b3308e4d516c,fiqa_s_2bin,0.1,negative_squared_l2_adc,182159,121736,60423,11194,738,0.09195307879345468,0.09034271481756675,0.09358919432981688,0.01221389206097016,0.011368579626619845,0.01312122363124474,True,True,False,0.007706871681539841,0.018363091648348963,3000,7
2,genuine-score-topk-v2,20,conditional-threshold-df2821a2c552e559b4be1460,fiqa_l_2bin,0.1,negative_squared_l2_adc,182159,121736,60423,10613,757,0.08718045606887034,0.08560877743581337,0.08877818745933831,0.012528341856577793,0.011671956298846271,0.013446706569790724,True,True,False,0.007837203569416898,0.018969556235229144,3000,7
2,genuine-score-topk-v2,20,conditional-threshold-9710f0b26a98c91ccd56d05e,fiqa_s_5bin,0.1,negative_squared_l2_adc,182159,121736,60423,11258,744,0.09247880659788395,0.09086426403496499,0.09411906754295711,0.012313191996425202,0.011464367012987016,0.013224023490384646,True,True,False,0.007809174285169842,0.018580010763091983,3000,7
2,genuine-score-topk-v2,20,conditional-threshold-29023beb2f6f88ee2db2fef4,fiqa_l_5bin,0.1,negative_squared_l2_adc,182159,121736,60423,11147,842,0.09156699743707696,0.08995971234785113,0.09320005845210583,0.013935090942190887,0.013030848100351333,0.014901134079635909,True,True,False,0.009532480425876224,0.019692700504432246,3000,7
2,genuine-score-topk-v2,20,conditional-threshold-48fa07b4989147de35fbe2dd,global_empirical,0.2,negative_squared_l2_adc,182159,121736,60423,22220,1421,0.18252612210028257,0.18036625941961545,0.18470602033897218,0.023517534713602437,0.022339183637465513,0.024756467733954592,True,True,False,0.016855700417102718,0.031699213163461984,3000,7
2,genuine-score-topk-v2,20,conditional-threshold-2c60809fce711a580d2f99fb,global_safe,0.2,negative_squared_l2_adc,182159,121736,60423,21516,1373,0.17674311625156075,0.1746105463738312,0.1788960866488334,0.0227231352299621,0.021564926208682063,0.023942027198681423,True,True,False,0.016199045314560755,0.0308607883182988,3000,7
2,genuine-score-topk-v2,20,conditional-threshold-e3022b80fb7fd0ac4a33224f,fiqa_s_2bin,0.2,negative_squared_l2_adc,182159,121736,60423,21662,1381,0.177942432805415,0.17580413428705566,0.18010105615527483,0.022855535143902157,0.02169394325712355,0.02407779314424938,True,True,False,0.01638371362250843,0.03104029540642872,3000,7
2,genuine-score-topk-v2,20,conditional-threshold-5dd2ead7fbc444d4e3e2e021,fiqa_l_2bin,0.2,negative_squared_l2_adc,182159,121736,60423,21573,1465,0.17721134257738055,0.17507653186118305,0.17936652426367988,0.024245734240272744,0.02304923736908959,0.025502720469382404,True,True,False,0.017411798126872047,0.03271218205179294,3000,7
2,genuine-score-topk-v2,20,conditional-threshold-7cc5a9fd5f6cd17011cd062b,fiqa_s_5bin,0.2,negative_squared_l2_adc,182159,121736,60423,21798,1400,0.17905960438982715,0.17691600208781025,0.18122346101941442,0.02316998493950979,0.022000400502179544,0.02440019550996579,True,True,False,0.016641934586908068,0.03125919396647978,3000,7
2,genuine-score-topk-v2,20,conditional-threshold-e959b356411ff424d5fe9cd5,fiqa_l_5bin,0.2,negative_squared_l2_adc,182159,121736,60423,22441,1603,0.18434152592495234,0.1821732649663353,0.18652970787270545,0.02652963275573871,0.025278051307222472,0.02784141317791227,True,True,False,0.020105775062761216,0.03418982897644912,3000,7
2,genuine-score-topk-v2,20,conditional-threshold-d98ff58ce5d213fc348b5e77,global_empirical,0.3,negative_squared_l2_adc,182159,121736,60423,33836,2185,0.2779457186041927,0.2754362173853039,0.28046923351601427,0.036161726494877776,0.0347023840251506,0.03768004327417055,True,True,False,0.02795351533844573,0.04584483939617326,3000,7
2,genuine-score-topk-v2,20,conditional-threshold-529ee1e47724ee65003b5843,global_safe,0.3,negative_squared_l2_adc,182159,121736,60423,32959,2141,0.270741604784123,0.2682527976525383,0.27324488025530747,0.03543352696820747,0.03398873426222206,0.0369373865700472,True,True,False,0.027250268901557705,0.04504176893973594,3000,7
2,genuine-score-topk-v2,20,conditional-threshold-ea31370d26a55e75b43aff1b,fiqa_s_2bin,0.3,negative_squared_l2_adc,182159,121736,60423,32816,2097,0.2695669317211014,0.26708157711170033,0.272066828802911,0.03470532744153716,0.03327525169298204,0.03619456267223532,True,True,False,0.02667336736665458,0.043911855367321666,3000,7
2,genuine-score-topk-v2,20,conditional-threshold-be2ce7e9dd19bfa8627e1a0d,fiqa_l_2bin,0.3,negative_squared_l2_adc,182159,121736,60423,33021,2262,0.27125090359466386,0.26876060643464356,0.2737556369527863,0.037436075666550814,0.035951658997237214,0.03897930461942475,True,True,False,0.029064231000248596,0.04740798737946346,3000,7
2,genuine-score-topk-v2,20,conditional-threshold-2b04f107079dbe3bf47ef90a,fiqa_s_5bin,0.3,negative_squared_l2_adc,182159,121736,60423,32772,2125,0.2692054938555563,0.26672120601822147,0.2717043469753947,0.03516872714032736,0.03372926644828709,0.0366672883959633,True,True,False,0.02708682382272134,0.04456325654886083,3000,7
2,genuine-score-topk-v2,20,conditional-threshold-83167ce08b870bdc90591d54,fiqa_l_5bin,0.3,negative_squared_l2_adc,182159,121736,60423,33998,2424,0.2792764671091542,0.2767632325520897,0.28180363137652886,0.04011717392383695,0.03858152175289488,0.04171129749245814,True,True,False,0.03227916178828858,0.048863164139323824,3000,7
2,genuine-score-topk-v2,20,conditional-threshold-633de8581d569190db4b29b5,global_empirical,0.01,negative_squared_l2_adc,182159,121736,60423,1218,125,0.010005257278044292,0.00946144013572431,0.010579997651476906,0.002068748655313374,0.0017367487301086634,0.0024640576117829676,False,False,False,0.0007687766668960218,0.004071122874888071,3000,8
2,genuine-score-topk-v2,20,conditional-threshold-278ce87eecf3d81cda74df83,global_safe,0.01,negative_squared_l2_adc,182159,121736,60423,971,103,0.00797627653282513,0.007491880008839909,0.00849172433550194,0.0017046488919782202,0.001405892313672824,0.0020667607946928605,True,True,False,0.0006022389659427925,0.0033954231096850833,3000,8
2,genuine-score-topk-v2,20,conditional-threshold-e68e211b624797dba92bf94f,fiqa_s_2bin,0.01,negative_squared_l2_adc,182159,121736,60423,1052,113,0.008641650785305908,0.008136993656786932,0.009177317201205154,0.0018701487844032902,0.0015558828698312118,0.0022477489810462663,True,True,False,0.0006269739978742299,0.0038453935452176144,3000,8
2,genuine-score-topk-v2,20,conditional-threshold-b5322719bab463c55f7ef62f,fiqa_l_2bin,0.01,negative_squared_l2_adc,182159,121736,60423,1005,101,0.008255569428928173,0.007762566997082774,0.008779605513482633,0.0016715489134932061,0.001375982914343587,0.0020304744455197387,True,True,False,0.0006218915008338814,0.0032581031148848634,3000,8
2,genuine-score-topk-v2,20,conditional-threshold-e3c81a1d4a69ba001f3617d8,fiqa_s_5bin,0.01,negative_squared_l2_adc,182159,121736,60423,1089,112,0.008945587172241571,0.00843194149943413,0.009490222951213002,0.001853598795160783,0.0015408521998695373,0.0022296817767567616,True,True,False,0.0006407453887354621,0.003732367789513161,3000,8
2,genuine-score-topk-v2,20,conditional-threshold-d13635bb099476cb07cf0ed4,fiqa_l_5bin,0.01,negative_squared_l2_adc,182159,121736,60423,1138,114,0.00934809752250772,0.008822785791224618,0.009904373957803523,0.0018866987736457972,0.0015709202243808773,0.0022658095007477806,True,True,False,0.0008758338629087924,0.003247877143614581,3000,8
2,genuine-score-topk-v2,20,conditional-threshold-eaae3d48ad20ac978dfef754,global_empirical,0.05,negative_squared_l2_adc,182159,121736,60423,5742,412,0.04716764145363738,0.045990981009142104,0.048372879836746485,0.006818595567912881,0.0061930619247267055,0.007506834327253406,True,True,False,0.003625790112850026,0.011492009942953841,3000,8
2,genuine-score-topk-v2,20,conditional-threshold-952680ec132a6a0c472be5f0,global_safe,0.05,negative_squared_l2_adc,182159,121736,60423,4817,359,0.03956923178024578,0.038488589890484454,0.04067893113902796,0.00594144613806001,0.005359297360394241,0.006586411556273363,True,True,False,0.0029360958087742274,0.01030816423578665,3000,8
2,genuine-score-topk-v2,20,conditional-threshold-a3c8cf89445e6a57297ab80e,fiqa_s_2bin,0.05,negative_squared_l2_adc,182159,121736,60423,5014,362,0.041187487678254586,0.040085570704921816,0.04231835999359179,0.005991096105787531,0.005406408093613113,0.00663859444580803,True,True,False,0.0030643303927917215,0.010379362518997907,3000,8
2,genuine-score-topk-v2,20,conditional-threshold-60a8f2fca38ed4a43f777516,fiqa_l_2bin,0.05,negative_squared_l2_adc,182159,121736,60423,4772,356,0.03919957941775646,0.038123865918775444,0.04030437371426462,0.005891796170332489,0.005312197409870389,0.006534217884043677,True,True,False,0.003001502201843205,0.010105518131785974,3000,8
2,genuine-score-topk-v2,20,conditional-threshold-d6ef289860636c48c262a06a,fiqa_s_5bin,0.05,negative_squared_l2_adc,182159,121736,60423,5018,360,0.04122034566603141,0.04011800165566469,0.04235164294475756,0.005957996127302518,0.005374999746662071,0.006603807044256713,True,True,False,0.0031559654755280945,0.010127969405528446,3000,8
2,genuine-score-topk-v2,20,conditional-threshold-bb440f9a32c22de572c2f250,fiqa_l_5bin,0.05,negative_squared_l2_adc,182159,121736,60423,5201,422,0.04272359860682132,0.04160192052248146,0.04387413509026171,0.006984095460337951,0.006350700879843666,0.00768017411464824,True,True,False,0.004260987264022612,0.010754378940244808,3000,8
2,genuine-score-topk-v2,20,conditional-threshold-0151583bec4625f03855df35,global_empirical,0.1,negative_squared_l2_adc,182159,121736,60423,11211,762,0.0920927252415062,0.09048124976466104,0.09372994346583435,0.012611091802790329,0.011751816246929175,0.01353233599296372,True,True,False,0.007936295299044596,0.018956801349279278,3000,8
2,genuine-score-topk-v2,20,conditional-threshold-00e7508eeba882b33da2e8a0,global_safe,0.1,negative_squared_l2_adc,182159,121736,60423,9625,648,0.07906453308799369,0.0775619738515488,0.0805936572721654,0.010724393029144531,0.00993365323370412,0.011577341341554324,True,True,False,0.006478635117108193,0.016606812791711965,3000,8
2,genuine-score-topk-v2,20,conditional-threshold-c6ed35c23bda60eb9827e3dc,fiqa_s_2bin,0.1,negative_squared_l2_adc,182159,121736,60423,9992,657,0.0820792534665177,0.08055050285070577,0.08363437877312742,0.010873342932327093,0.01007697678481367,0.011731898658705386,True,True,False,0.006682013882636075,0.0167360877160192,3000,8
2,genuine-score-topk-v2,20,conditional-threshold-6e424b6c45548de26594dc29,fiqa_l_2bin,0.1,negative_squared_l2_adc,182159,121736,60423,9683,693,0.0795409739107577,0.0780342330762646,0.08107424962512509,0.011469142545057346,0.010650658871567376,0.01234974004499414,True,True,False,0.007084747491430728,0.01753089775425599,3000,8
2,genuine-score-topk-v2,20,conditional-threshold-d99c1d85995bf75456ec9d6a,fiqa_s_5bin,0.1,negative_squared_l2_adc,182159,121736,60423,10213,669,0.08389465729118749,0.0823504345055485,0.08546514019873781,0.011071942803237178,0.010268136260855187,0.011937913673678023,True,True,False,0.006853692069613365,0.016996935549480674,3000,8
2,genuine-score-topk-v2,20,conditional-threshold-53a2877287de615ae92ec940,fiqa_l_5bin,0.1,negative_squared_l2_adc,182159,121736,60423,10280,761,0.08444502858644937,0.08289615834468454,0.08602012421657172,0.012594541813547822,0.011735843469886691,0.013515210895755022,True,True,False,0.008480982560797531,0.017880370524043086,3000,8
2,genuine-score-topk-v2,20,conditional-threshold-17079d64158d6aeb36d49423,global_empirical,0.2,negative_squared_l2_adc,182159,121736,60423,22220,1421,0.18252612210028257,0.18036625941961545,0.18470602033897218,0.023517534713602437,0.022339183637465513,0.024756467733954592,True,True,False,0.016855700417102718,0.031699213163461984,3000,8
2,genuine-score-topk-v2,20,conditional-threshold-badb87b746c48902782714ee,global_safe,0.2,negative_squared_l2_adc,182159,121736,60423,19853,1277,0.1630824078333443,0.1610177322537904,0.1651683460503514,0.02113433626268143,0.020017571286503513,0.022311986192746755,True,True,False,0.014845392052832408,0.029050746540977324,3000,8
2,genuine-score-topk-v2,20,conditional-threshold-50b7387f61b75a145c5d2750,fiqa_s_2bin,0.2,negative_squared_l2_adc,182159,121736,60423,20471,1293,0.1681589669448643,0.1660684803956805,0.1702703957533483,0.02139913609056154,0.020275351274681976,0.022583772192587163,True,True,False,0.015111489733885899,0.029428721641316772,3000,8
2,genuine-score-topk-v2,20,conditional-threshold-9a6a089427eb725bd5dedeab,fiqa_l_2bin,0.2,negative_squared_l2_adc,182159,121736,60423,19980,1361,0.16412564894525858,0.16205561144732586,0.1662168832424157,0.022524535359052016,0.021371420441876073,0.02373835847447326,True,True,False,0.015974097571446536,0.03068750321397414,3000,8
2,genuine-score-topk-v2,20,conditional-threshold-9c8968f89e5e885f7212e658,fiqa_s_5bin,0.2,negative_squared_l2_adc,182159,121736,60423,20612,1327,0.1693172110139975,0.16722093338931923,0.1714343578019896,0.02196183572480678,0.020823285701964442,0.0231611654898448,True,True,False,0.015715160230246945,0.029887712112937004,3000,8
2,genuine-score-topk-v2,20,conditional-threshold-36030ddc51768d9b226e62bf,fiqa_l_5bin,0.2,negative_squared_l2_adc,182159,121736,60423,21288,1512,0.17487021094828153,0.17274666006620323,0.17701428054766813,0.025023583734670573,0.023808024175126254,0.02629953375315117,True,True,False,0.01882752334968259,0.0324029496070238,3000,8
2,genuine-score-topk-v2,20,conditional-threshold-8edaf778eee2ce72246265f7,global_empirical,0.3,negative_squared_l2_adc,182159,121736,60423,33836,2185,0.2779457186041927,0.2754362173853039,0.28046923351601427,0.036161726494877776,0.0347023840251506,0.03768004327417055,True,True,False,0.02795351533844573,0.04584483939617326,3000,8
2,genuine-score-topk-v2,20,conditional-threshold-962c82a6af98cad6af89657f,global_safe,0.3,negative_squared_l2_adc,182159,121736,60423,30520,1957,0.2507064467372018,0.2482796283297512,0.25314899788929296,0.032388328947586184,0.031006252469101138,0.03382985950095111,True,True,False,0.02455799857422613,0.04165578692150992,3000,8
2,genuine-score-topk-v2,20,conditional-threshold-719d36c53534fe535d648930,fiqa_s_2bin,0.3,negative_squared_l2_adc,182159,121736,60423,31082,1981,0.2553229940198462,0.2528812972048156,0.2577801322323943,0.03278552868940635,0.03139509217977077,0.03423536877230979,True,True,False,0.024951039100723733,0.04163826246673427,3000,8
2,genuine-score-topk-v2,20,conditional-threshold-80184458cdef906d549f3227,fiqa_l_2bin,0.3,negative_squared_l2_adc,182159,121736,60423,30780,2128,0.2528422159426957,0.2504084689982201,0.25529156084488647,0.03521837710805488,0.033777914968535536,0.036717933498468386,True,True,False,0.02706575838164749,0.04500624088849362,3000,8
2,genuine-score-topk-v2,20,conditional-threshold-010a13a9fb4c39918f7aa024,fiqa_s_5bin,0.3,negative_squared_l2_adc,182159,121736,60423,31311,2026,0.25720411382006964,0.2547564583374467,0.25966709198403365,0.03353027820531917,0.032124315882938535,0.0349955494104451,True,True,False,0.025579320585119403,0.04276067547485555,3000,8
2,genuine-score-topk-v2,20,conditional-threshold-27ace5811baf43c2b40a0c05,fiqa_l_5bin,0.3,negative_squared_l2_adc,182159,121736,60423,32082,2303,0.2635374909640534,0.2610702087754183,0.26601969613895515,0.0381146252254936,0.036617051837930265,0.039670924623030054,True,True,False,0.030559382853112292,0.046552306406299884,3000,8
2,genuine-score-topk-v2,20,conditional-threshold-08e3c3d22381f4192483afd8,global_empirical,0.01,negative_squared_l2_adc,182159,121736,60423,1218,125,0.010005257278044292,0.00946144013572431,0.010579997651476906,0.002068748655313374,0.0017367487301086634,0.0024640576117829676,False,False,False,0.0007687766668960218,0.004071122874888071,3000,9
2,genuine-score-topk-v2,20,conditional-threshold-5c87416a7b7784b60fb5830d,global_safe,0.01,negative_squared_l2_adc,182159,121736,60423,1163,121,0.0095534599461129,0.009022295446443439,0.01011557618951379,0.002002548698343346,0.0016763618062255463,0.002392053038661368,True,False,False,0.0007475232663318081,0.003923113429380866,3000,9
2,genuine-score-topk-v2,20,conditional-threshold-2d20dcddcff4430610f3d672,fiqa_s_2bin,0.01,negative_squared_l2_adc,182159,121736,60423,1152,122,0.009463100479726622,0.008934503157281566,0.010022655248426864,0.0020190986875858533,0.0016914496603493163,0.0024100630587887773,True,False,False,0.0007146019839474667,0.004124922826526248,3000,9
2,genuine-score-topk-v2,20,conditional-threshold-c8ecf7611b253608a174cac4,fiqa_l_2bin,0.01,negative_squared_l2_adc,182159,121736,60423,1173,117,0.009635604915554971,0.0091021174201821,0.010200038970546763,0.001936348741373318,0.0016160715361522463,0.0023199518117299495,True,False,False,0.0007524412720811955,0.0037415735492285327,3000,9
2,genuine-score-topk-v2,20,conditional-threshold-664d405751601875cd05f305,fiqa_s_5bin,0.01,negative_squared_l2_adc,182159,121736,60423,1183,123,0.009717749884997042,0.009181949547074008,0.010284491598426487,0.00203564867682836,0.0017065434800632943,0.002428067113325978,True,False,False,0.0007260667151745531,0.00410646890113682,3000,9
2,genuine-score-topk-v2,20,conditional-threshold-45f90b6c2dd9fd04cd861450,fiqa_l_5bin,0.01,negative_squared_l2_adc,182159,121736,60423,1188,124,0.009758822369718078,0.009221869378123509,0.010326714144762803,0.002052198666070867,0.0017216431934704316,0.0024460652741700208,True,False,False,0.0009268719577489101,0.0035940946825936365,3000,9
2,genuine-score-topk-v2,20,conditional-threshold-b513cb764926bcd60f25ae49,global_empirical,0.05,negative_squared_l2_adc,182159,121736,60423,5742,412,0.04716764145363738,0.045990981009142104,0.048372879836746485,0.006818595567912881,0.0061930619247267055,0.007506834327253406,True,True,False,0.003625790112850026,0.011492009942953841,3000,9
2,genuine-score-topk-v2,20,conditional-threshold-4dac32695e77caee01857d8d,global_safe,0.05,negative_squared_l2_adc,182159,121736,60423,5643,404,0.04635440625616087,0.045187577463707836,0.04754986430994156,0.0066861956539728245,0.006067020893700952,0.007368092364269723,True,True,False,0.003523862188813865,0.011321919675200642,3000,9
2,genuine-score-topk-v2,20,conditional-threshold-79c43b812ebb2077bdad1ef0,fiqa_s_2bin,0.05,negative_squared_l2_adc,182159,121736,60423,5718,408,0.04697049352697641,0.045796207472092204,0.04817336996234446,0.006752395610942853,0.006130033484744981,0.007437471270230413,True,True,False,0.003532733420469667,0.011492071506753434,3000,9
2,genuine-score-topk-v2,20,conditional-threshold-9c684db272a0917371fbd8dc,fiqa_l_2bin,0.05,negative_squared_l2_adc,182159,121736,60423,5570,410,0.045754747979233755,0.04459523264563893,0.046942930418177556,0.006785495589427867,0.006161545738008698,0.0074721547654690535,True,True,False,0.003673759380626283,0.011296408598124788,3000,9
2,genuine-score-topk-v2,20,conditional-threshold-b6683e230d3f32ab783c1aa6,fiqa_s_5bin,0.05,negative_squared_l2_adc,182159,121736,60423,5709,400,0.04689656305447854,0.045723168879291905,0.04809855227585028,0.006619995697002797,0.006004024385397237,0.007298697375568722,True,True,False,0.0035267069455697923,0.011151758851026866,3000,9
2,genuine-score-topk-v2,20,conditional-threshold-672da3ac0da1d82299f222cd,fiqa_l_5bin,0.05,negative_squared_l2_adc,182159,121736,60423,5750,468,0.047233357429191034,0.04605590679593841,0.04843938185376747,0.007745394965493272,0.007077005642110527,0.008476371567935629,True,True,False,0.004752291331192685,0.01191615479537712,3000,9
2,genuine-score-topk-v2,20,conditional-threshold-862d44c45d0fd1ab08568da5,global_empirical,0.1,negative_squared_l2_adc,182159,121736,60423,11211,762,0.0920927252415062,0.09048124976466104,0.09372994346583435,0.012611091802790329,0.011751816246929175,0.01353233599296372,True,True,False,0.007936295299044596,0.018956801349279278,3000,9
2,genuine-score-topk-v2,20,conditional-threshold-12bdc0a604673718f29631db,global_safe,0.1,negative_squared_l2_adc,182159,121736,60423,10926,745,0.08975159361240717,0.08815890363031897,0.09137017408918485,0.012329741985667709,0.01148033300416845,0.013241155373454392,True,True,False,0.007728063280116193,0.018626759968528313,3000,9
2,genuine-score-topk-v2,20,conditional-threshold-b84dfa728f0bf8aa6f1bcc2e,fiqa_s_2bin,0.1,negative_squared_l2_adc,182159,121736,60423,11109,736,0.09125484655319709,0.08965005715258144,0.09288543157924332,0.012180792082485146,0.011336653778660295,0.013086953730701935,True,True,False,0.0077073469927936,0.018303981990645795,3000,9
2,genuine-score-topk-v2,20,conditional-threshold-63da3f78d1364d9d68c1fd99,fiqa_l_2bin,0.1,negative_squared_l2_adc,182159,121736,60423,10794,771,0.08866728001577183,0.08708340166941887,0.09027711728709938,0.012760041705972891,0.011895588797930618,0.01368644431022289,True,True,False,0.007992078268123278,0.019165307795310046,3000,9
2,genuine-score-topk-v2,20,conditional-threshold-323730a814b4d1c48049a0b7,fiqa_s_5bin,0.1,negative_squared_l2_adc,182159,121736,60423,11174,732,0.09178878885457055,0.09017973398005455,0.09342360565778582,0.012114592125515118,0.011272807043622038,0.01301840896873547,True,True,False,0.007639424517684909,0.018266673858747,3000,9
2,genuine-score-topk-v2,20,conditional-threshold-d61d7952505cae0a752090dc,fiqa_l_5bin,0.1,negative_squared_l2_adc,182159,121736,60423,11160,834,0.09167378589735165,0.09006564833046594,0.09330769265069415,0.013802691028250831,0.01290284212560231,0.014764357060375497,True,True,False,0.009366442327883442,0.019482292345683973,3000,9
2,genuine-score-topk-v2,20,conditional-threshold-abf1952f1a89de60d1a2b96c,global_empirical,0.2,negative_squared_l2_adc,182159,121736,60423,22220,1421,0.18252612210028257,0.18036625941961545,0.18470602033897218,0.023517534713602437,0.022339183637465513,0.024756467733954592,True,True,False,0.016855700417102718,0.031699213163461984,3000,9
2,genuine-score-topk-v2,20,conditional-threshold-62f060c0f2d1322d3a85b94e,global_safe,0.2,negative_squared_l2_adc,182159,121736,60423,21716,1387,0.17838601564040218,0.17624560747095225,0.18054672064714505,0.022954835079357198,0.021790712911819637,0.024179610735060364,True,True,False,0.01640086657901253,0.0310990868118757,3000,9
2,genuine-score-topk-v2,20,conditional-threshold-8c145108b5817ee80b1720bb,fiqa_s_2bin,0.2,negative_squared_l2_adc,182159,121736,60423,21867,1394,0.17962640467897745,0.17748012339199384,0.18179290452315508,0.023070685004054747,0.021903618228126764,0.024298390538511492,True,True,False,0.016578405985922084,0.03131768637071673,3000,9
2,genuine-score-topk-v2,20,conditional-threshold-48db61b5682cdae186721e58,fiqa_l_2bin,0.2,negative_squared_l2_adc,182159,121736,60423,21963,1492,0.18041499638562133,0.17826500107541104,0.18258516048554557,0.02469258394982043,0.023485096674075105,0.02596050376917873,True,True,False,0.017847853498817255,0.03323436233114946,3000,9
2,genuine-score-topk-v2,20,conditional-threshold-ede5713f907162745da29459,fiqa_s_5bin,0.2,negative_squared_l2_adc,182159,121736,60423,22099,1435,0.18153216797003352,0.17937693739917865,0.18370749682667226,0.023749234562997535,0.02256507755363938,0.024993944057297234,True,True,False,0.01712655324352687,0.03184956053538689,3000,9
2,genuine-score-topk-v2,20,conditional-threshold-d3c2fc1a49b80dbb67b81532,fiqa_l_5bin,0.2,negative_squared_l2_adc,182159,121736,60423,22530,1590,0.18507261615298679,0.18290099555362255,0.18726411160288575,0.02631448289558612,0.025067978615237154,0.02762121350463226,True,True,False,0.019930682353399634,0.0340106428422711,3000,9
2,genuine-score-topk-v2,20,conditional-threshold-1ab171529dc3b7fd43d018fa,global_empirical,0.3,negative_squared_l2_adc,182159,121736,60423,33836,2185,0.2779457186041927,0.2754362173853039,0.28046923351601427,0.036161726494877776,0.0347023840251506,0.03768004327417055,True,True,False,0.02795351533844573,0.04584483939617326,3000,9
2,genuine-score-topk-v2,20,conditional-threshold-af04641ddde0d2531ac366dd,global_safe,0.3,negative_squared_l2_adc,182159,121736,60423,33083,2147,0.2717602024052047,0.2692684193612705,0.2742663895057435,0.03553282690366251,0.03408604040440062,0.0370386676733757,True,True,False,0.027358607297781584,0.04511066313238141,3000,9
2,genuine-score-topk-v2,20,conditional-threshold-9a90a509da5d3fb9297b27f9,fiqa_s_2bin,0.3,negative_squared_l2_adc,182159,121736,60423,33180,2126,0.2725570086087928,0.2700629091724814,0.2750654618158174,0.03518527712956986,0.03374548253449212,0.03668417018400944,True,True,False,0.02705103300792069,0.044428651696615494,3000,9
2,genuine-score-topk-v2,20,conditional-threshold-8572188429ce2fb17c668185,fiqa_l_2bin,0.3,negative_squared_l2_adc,182159,121736,60423,33591,2313,0.27593316685286196,0.2734293643192619,0.2784511100901511,0.03828012511791867,0.036779362724931555,0.03983959247854055,True,True,False,0.02963777023701182,0.04843370056476743,3000,9
2,genuine-score-topk-v2,20,conditional-threshold-834c5d4b69e0e8f03516adcb,fiqa_s_5bin,0.3,negative_squared_l2_adc,182159,121736,60423,33109,2158,0.2719737793257541,0.2694813744008926,0.2744805748285277,0.03571487678533009,0.03426444303054019,0.03722434166399913,True,True,False,0.027619502225550218,0.04516706574844847,3000,9
2,genuine-score-topk-v2,20,conditional-threshold-aad30cc29ca27cd25d4e8fdb,fiqa_l_5bin,0.3,negative_squared_l2_adc,182159,121736,60423,33903,2424,0.27849608989945457,0.27598504129839907,0.281021117459889,0.04011717392383695,0.03858152175289488,0.04171129749245814,True,True,False,0.03228629485206312,0.04884070830059895,3000,9
2,genuine-score-topk-v2,20,conditional-threshold-389ab5490e904434657c49b2,global_empirical,0.01,negative_squared_l2_adc,182159,121736,60423,1218,125,0.010005257278044292,0.00946144013572431,0.010579997651476906,0.002068748655313374,0.0017367487301086634,0.0024640576117829676,False,False,False,0.0007687766668960218,0.004071122874888071,3000,10
2,genuine-score-topk-v2,20,conditional-threshold-dafc8f88e67bf178a1396ef0,global_safe,0.01,negative_squared_l2_adc,182159,121736,60423,1202,125,0.009873825326936978,0.009333658106969673,0.010444924072596928,0.002068748655313374,0.0017367487301086634,0.0024640576117829676,True,False,False,0.0007687766668960218,0.004071122874888071,3000,10
2,genuine-score-topk-v2,20,conditional-threshold-46205a0d593f8fbfa1386307,fiqa_s_2bin,0.01,negative_squared_l2_adc,182159,121736,60423,1144,121,0.009397384504172964,0.00887066213559874,0.009955068466292382,0.002002548698343346,0.0016763618062255463,0.002392053038661368,True,True,False,0.0007172624928296092,0.00405759773453673,3000,10
2,genuine-score-topk-v2,20,conditional-threshold-6c65400396620d116e25f74d,fiqa_l_2bin,0.01,negative_squared_l2_adc,182159,121736,60423,1148,114,0.009430242491949794,0.00890258180781027,0.009988862695989507,0.0018866987736457972,0.0015709202243808773,0.0022658095007477806,True,True,False,0.0007207203048836926,0.0036695192071398777,3000,10
2,genuine-score-topk-v2,20,conditional-threshold-fe5f741b34238a705dfe4f24,fiqa_s_5bin,0.01,negative_squared_l2_adc,182159,121736,60423,1175,123,0.009652033909443386,0.009118083037414817,0.010216930304268373,0.00203564867682836,0.0017065434800632943,0.002428067113325978,True,False,False,0.0007090535681320353,0.004141714174893695,3000,10
2,genuine-score-topk-v2,20,conditional-threshold-94e1f23f8372e104180520ba,fiqa_l_5bin,0.01,negative_squared_l2_adc,182159,121736,60423,1278,131,0.01049812709469672,0.009940837869762215,0.011086308446068806,0.002168048590768416,0.0018275004629854583,0.0025718931244132492,False,False,False,0.0009749460895695543,0.003852978374997023,3000,10
2,genuine-score-topk-v2,20,conditional-threshold-fa7b2ffb40b53a63bf30f6bc,global_empirical,0.05,negative_squared_l2_adc,182159,121736,60423,5742,412,0.04716764145363738,0.045990981009142104,0.048372879836746485,0.006818595567912881,0.0061930619247267055,0.007506834327253406,True,True,False,0.003625790112850026,0.011492009942953841,3000,10
2,genuine-score-topk-v2,20,conditional-threshold-15ea7e4cff7303e2e8cdd4d0,global_safe,0.05,negative_squared_l2_adc,182159,121736,60423,5630,404,0.04624761779588618,0.04508208739584424,0.04744178419660204,0.0066861956539728245,0.006067020893700952,0.007368092364269723,True,True,False,0.003523862188813865,0.011321919675200642,3000,10
2,genuine-score-topk-v2,20,conditional-threshold-36a5500a3c6c94dbbece6501,fiqa_s_2bin,0.05,negative_squared_l2_adc,182159,121736,60423,5766,412,0.04736478938029835,0.04618576027362376,0.04857238398371675,0.006818595567912881,0.0061930619247267055,0.007506834327253406,True,True,False,0.0035659675882119424,0.011633413493601186,3000,10
2,genuine-score-topk-v2,20,conditional-threshold-e687f27c824532cfe2f4f563,fiqa_l_2bin,0.05,negative_squared_l2_adc,182159,121736,60423,5547,410,0.04556581454951699,0.04440861487215937,0.04675169325568235,0.006785495589427867,0.006161545738008698,0.0074721547654690535,True,True,False,0.0036728719674919124,0.011272549235910164,3000,10
2,genuine-score-topk-v2,20,conditional-threshold-3e37951ea10823ab221a1537,fiqa_s_5bin,0.05,negative_squared_l2_adc,182159,121736,60423,5657,395,0.046469409213379775,0.04530118407851736,0.04766625635181234,0.006537245750790262,0.005925301732021328,0.007211930657688733,True,True,False,0.003495024234246772,0.011038106883667357,3000,10
2,genuine-score-topk-v2,20,conditional-threshold-d5aab22011435dee0b268d4d,fiqa_l_5bin,0.05,negative_squared_l2_adc,182159,121736,60423,5782,471,0.047496221331405665,0.04631561628173855,0.048705383583236575,0.007795044933220793,0.007124435601094704,0.00852823523170499,True,True,False,0.004814643787339372,0.01209377496997455,3000,10
2,genuine-score-topk-v2,20,conditional-threshold-ea3824d8be0f2a5277d07730,global_empirical,0.1,negative_squared_l2_adc,182159,121736,60423,11211,762,0.0920927252415062,0.09048124976466104,0.09372994346583435,0.012611091802790329,0.011751816246929175,0.01353233599296372,True,True,False,0.007936295299044596,0.018956801349279278,3000,10
2,genuine-score-topk-v2,20,conditional-threshold-670ab2d210dd382f8c0628ce,global_safe,0.1,negative_squared_l2_adc,182159,121736,60423,10786,733,0.08860156404021818,0.08701822203046845,0.09021086912223251,0.012131142114757625,0.011288768105187834,0.013035545781420856,True,True,False,0.007559315872668202,0.018417702106837654,3000,10
2,genuine-score-topk-v2,20,conditional-threshold-29fea7ca2f9871a9c34ae4ef,fiqa_s_2bin,0.1,negative_squared_l2_adc,182159,121736,60423,11100,737,0.09118091608069921,0.08957671860239946,0.0928109138501308,0.012197342071727653,0.011352616496628906,0.013104088886984501,True,True,False,0.007705992910177575,0.018362819133398437,3000,10
2,genuine-score-topk-v2,20,conditional-threshold-a9952b14fdd62c11cafc738e,fiqa_l_2bin,0.1,negative_squared_l2_adc,182159,121736,60423,10833,771,0.08898764539659591,0.08740115618491046,0.09060007331521719,0.012760041705972891,0.011895588797930618,0.01368644431022289,True,True,False,0.008038962326477724,0.019102968638327254,3000,10
2,genuine-score-topk-v2,20,conditional-threshold-2772f1080b60dfe003eb493b,fiqa_s_5bin,0.1,negative_squared_l2_adc,182159,121736,60423,11139,729,0.0915012814615233,0.089894521305617,0.09313382169052266,0.012064942157787598,0.011224926359457729,0.012966996030146243,True,True,False,0.007613050903976962,0.018302390950310235,3000,10
2,genuine-score-topk-v2,20,conditional-threshold-723740b6b0ba7855bb54f386,fiqa_l_5bin,0.1,negative_squared_l2_adc,182159,121736,60423,11101,830,0.09118913057764343,0.08958486731431602,0.09281919361369144,0.013736491071280804,0.012838847355436313,0.014695960333536779,True,True,False,0.00938294975514857,0.01936789023036835,3000,10
2,genuine-score-topk-v2,20,conditional-threshold-c4207d110a96a6b1bab36899,global_empirical,0.2,negative_squared_l2_adc,182159,121736,60423,22220,1421,0.18252612210028257,0.18036625941961545,0.18470602033897218,0.023517534713602437,0.022339183637465513,0.024756467733954592,True,True,False,0.016855700417102718,0.031699213163461984,3000,10
2,genuine-score-topk-v2,20,conditional-threshold-67ab6de77a92d5247552f5ec,global_safe,0.2,negative_squared_l2_adc,182159,121736,60423,21311,1364,0.1750591443779983,0.17293467962808784,0.17720411592175828,0.022574185326779538,0.021419794641894457,0.02378927789720842,True,True,False,0.016131644738969865,0.03064311016145151,3000,10
2,genuine-score-topk-v2,20,conditional-threshold-6e53a88c35da9c142fdcdc05,fiqa_s_2bin,0.2,negative_squared_l2_adc,182159,121736,60423,21895,1401,0.17985641059341526,0.17770904445851174,0.1820239807699978,0.023186534928752296,0.022016531442797298,0.024417162443599212,True,True,False,0.016709258452459252,0.031377571890336624,3000,10
2,genuine-score-topk-v2,20,conditional-threshold-942b6d8a90dcecbf12ad7db9,fiqa_l_2bin,0.2,negative_squared_l2_adc,182159,121736,60423,21749,1482,0.178657094039561,0.17651539906399424,0.1808190687448494,0.024527084057395364,0.02332365474479104,0.025790966955951004,True,True,False,0.017682643483049994,0.033019761076518724,3000,10
2,genuine-score-topk-v2,20,conditional-threshold-d3b9fd74e7a69b34b8c1de2e,fiqa_s_5bin,0.2,negative_squared_l2_adc,182159,121736,60423,21964,1412,0.18042321088256555,0.17827317696557538,0.18259341307085847,0.023368584810419875,0.02219398231383408,0.024603788189325407,True,True,False,0.01683874753067284,0.031441845795076494,3000,10
2,genuine-score-topk-v2,20,conditional-threshold-0228114910098691b2507da7,fiqa_l_5bin,0.2,negative_squared_l2_adc,182159,121736,60423,22490,1607,0.18474403627521852,0.18257392403782657,0.18693404409959524,0.026595832712708736,0.025342693539551136,0.027909162442588325,True,True,False,0.0201639478625284,0.034241583357652636,3000,10
2,genuine-score-topk-v2,20,conditional-threshold-31ddc70db04fdc40974cc3ab,global_empirical,0.3,negative_squared_l2_adc,182159,121736,60423,33836,2185,0.2779457186041927,0.2754362173853039,0.28046923351601427,0.036161726494877776,0.0347023840251506,0.03768004327417055,True,True,False,0.02795351533844573,0.04584483939617326,3000,10
2,genuine-score-topk-v2,20,conditional-threshold-91c6ba54438de4c04a973915,global_safe,0.3,negative_squared_l2_adc,182159,121736,60423,32336,2082,0.265623973187882,0.2631503701552491,0.26811236753032386,0.03445707760289956,0.0330320581139183,0.03594128813753137,True,True,False,0.026481088434436948,0.043988592908079154,3000,10
2,genuine-score-topk-v2,20,conditional-threshold-18ac24954d412c70ef4c0949,fiqa_s_2bin,0.3,negative_squared_l2_adc,182159,121736,60423,32877,2109,0.27006801603469804,0.2675811859639562,0.27256935695476214,0.03490392731244725,0.03346982098101166,0.03639716787521986,True,True,False,0.02680588586663934,0.04406420975890567,3000,10
2,genuine-score-topk-v2,20,conditional-threshold-33d001affed2bec31b4cc431,fiqa_l_2bin,0.3,negative_squared_l2_adc,182159,121736,60423,32965,2281,0.27079089176578824,0.26830194025656573,0.27329430850414294,0.03775052546215845,0.036259995315778185,0.03929982791165619,True,True,False,0.029167776626459817,0.047809415520679945,3000,10
2,genuine-score-topk-v2,20,conditional-threshold-daf7e7488e2b4e46b594da42,fiqa_s_5bin,0.3,negative_squared_l2_adc,182159,121736,60423,32883,2141,0.2701173030163633,0.2676303280360004,0.27261878573558085,0.03543352696820747,0.03398873426222206,0.0369373865700472,True,True,False,0.027365339078149316,0.04471534970003494,3000,10
2,genuine-score-topk-v2,20,conditional-threshold-bab22a2778f932a84a49321f,fiqa_l_5bin,0.3,negative_squared_l2_adc,182159,121736,60423,33744,2429,0.27718998488532565,0.2746826161403635,0.27971141501705554,0.04019992387004948,0.03866272147951049,0.04179558713709842,True,True,False,0.032375035955341885,0.049068725083248776,3000,10
2,genuine-score-topk-v2,20,conditional-threshold-9912aa04235354d109a853f6,global_empirical,0.01,negative_squared_l2_adc,182159,121736,60423,1218,125,0.010005257278044292,0.00946144013572431,0.010579997651476906,0.002068748655313374,0.0017367487301086634,0.0024640576117829676,False,False,False,0.0007687766668960218,0.004071122874888071,3000,11
2,genuine-score-topk-v2,20,conditional-threshold-e000ff8418072e22d7d1676e,global_safe,0.01,negative_squared_l2_adc,182159,121736,60423,1127,117,0.009257738056121442,0.008735022444593194,0.00981142407418615,0.001936348741373318,0.0016160715361522463,0.0023199518117299495,True,True,False,0.0007121477655064267,0.003799668779528579,3000,11
2,genuine-score-topk-v2,20,conditional-threshold-049d946fe2203f73db18170b,fiqa_s_2bin,0.01,negative_squared_l2_adc,182159,121736,60423,1139,119,0.009356312019451928,0.008830764917262245,0.00991282330724306,0.001969448719858332,0.0016462042897608577,0.0023560148066236975,True,True,False,0.0006936320580421605,0.0039732729922329554,3000,11
2,genuine-score-topk-v2,20,conditional-threshold-7a2bb3f0b94157d3626b4a5f,fiqa_l_2bin,0.01,negative_squared_l2_adc,182159,121736,60423,1116,111,0.009167378589735164,0.008647272135038788,0.009718461153491757,0.001837048805918276,0.001525828303291064,0.0022116077990840554,True,True,False,0.0006912420927862994,0.0035897379141870975,3000,11
2,genuine-score-topk-v2,20,conditional-threshold-b977db3971023fcc40f16841,fiqa_s_5bin,0.01,negative_squared_l2_adc,182159,121736,60423,1166,120,0.00957810343694552,0.009046240964811577,0.010140916097577139,0.001985998709100839,0.0016612799910652799,0.0023740369795704538,True,False,False,0.0006994365746517742,0.004040504149342563,3000,11
2,genuine-score-topk-v2,20,conditional-threshold-a4c28e65be74e538a403a30c,fiqa_l_5bin,0.01,negative_squared_l2_adc,182159,121736,60423,1217,125,0.009997042781100085,0.009453453033817628,0.010571556277906425,0.002068748655313374,0.0017367487301086634,0.0024640576117829676,True,False,False,0.00095499720793681,0.00361249512254117,3000,11
2,genuine-score-topk-v2,20,conditional-threshold-dfa77dbe6e0765d6ca95dc72,global_empirical,0.05,negative_squared_l2_adc,182159,121736,60423,5742,412,0.04716764145363738,0.045990981009142104,0.048372879836746485,0.006818595567912881,0.0061930619247267055,0.007506834327253406,True,True,False,0.003625790112850026,0.011492009942953841,3000,11
2,genuine-score-topk-v2,20,conditional-threshold-8eb0f9e1517b3025702900ac,global_safe,0.05,negative_squared_l2_adc,182159,121736,60423,5533,398,0.045450811592298086,0.044295024148225524,0.046635285322935906,0.006586895718517783,0.005972532236927098,0.007263993775536502,True,True,False,0.003455629721345585,0.01115218384040213,3000,11
2,genuine-score-topk-v2,20,conditional-threshold-84f72cde530b01a640d68ec2,fiqa_s_2bin,0.05,negative_squared_l2_adc,182159,121736,60423,5650,407,0.04641190773477032,0.04524438052182232,0.04760806058016723,0.006735845621700346,0.006114278842111036,0.007420128038613177,True,True,False,0.0035010587856920106,0.011515118153392161,3000,11
2,genuine-score-topk-v2,20,conditional-threshold-c16c10b28ffac5a2403d43ce,fiqa_l_2bin,0.05,negative_squared_l2_adc,182159,121736,60423,5488,403,0.045081159229808765,0.043929925061381846,0.04626110301330722,0.006669645664730318,0.00605127024960848,0.007350745134111017,True,True,False,0.00360133951126797,0.01113671501054687,3000,11
2,genuine-score-topk-v2,20,conditional-threshold-dfb1e42281ed5a17691c2ce7,fiqa_s_5bin,0.05,negative_squared_l2_adc,182159,121736,60423,5667,398,0.04655155418282184,0.04538233287979382,0.0477493923053075,0.006586895718517783,0.005972532236927098,0.007263993775536502,True,True,False,0.0035292624456181934,0.011134340090691228,3000,11
2,genuine-score-topk-v2,20,conditional-threshold-cec229540d26095da6a0fb92,fiqa_l_5bin,0.05,negative_squared_l2_adc,182159,121736,60423,5775,470,0.04743871985279621,0.04625880396746759,0.048647196569167384,0.0077784949439782865,0.007108624811157369,0.008510948147391147,True,True,False,0.004802340747572104,0.011891558644151826,3000,11
2,genuine-score-topk-v2,20,conditional-threshold-08522c2417dbdfb46af1f692,global_empirical,0.1,negative_squared_l2_adc,182159,121736,60423,11211,762,0.0920927252415062,0.09048124976466104,0.09372994346583435,0.012611091802790329,0.011751816246929175,0.01353233599296372,True,True,False,0.007936295299044596,0.018956801349279278,3000,11
2,genuine-score-topk-v2,20,conditional-threshold-b5adbab03650013f3d82d7ad,global_safe,0.1,negative_squared_l2_adc,182159,121736,60423,10894,741,0.08948872971019255,0.08789816934572119,0.09110519715851341,0.012263542028697682,0.011416471480483144,0.013172625400134981,True,True,False,0.007674069245700744,0.018565003196077706,3000,11
2,genuine-score-topk-v2,20,conditional-threshold-591adf2c200eb1d141fcb9e0,fiqa_s_2bin,0.1,negative_squared_l2_adc,182159,121736,60423,11117,737,0.09132056252875075,0.08971524724477542,0.09295166929086665,0.012197342071727653,0.011352616496628906,0.013104088886984501,True,True,False,0.007681188970042624,0.018362496575126296,3000,11
2,genuine-score-topk-v2,20,conditional-threshold-19e111bc1dfaba1e7f202883,fiqa_l_2bin,0.1,negative_squared_l2_adc,182159,121736,60423,10788,770,0.08861799303410658,0.08703451691544199,0.09022743118821329,0.012743491716730384,0.011879612518380453,0.013669322715521874,True,True,False,0.007989262270604298,0.019041543172085715,3000,11
2,genuine-score-topk-v2,20,conditional-threshold-2640123fb189998e36261dad,fiqa_s_5bin,0.1,negative_squared_l2_adc,182159,121736,60423,11199,737,0.09199415127817573,0.0903834602725338,0.09363059125223566,0.012197342071727653,0.011352616496628906,0.013104088886984501,True,True,False,0.0077066390732746844,0.018363270854245786,3000,11
2,genuine-score-topk-v2,20,conditional-threshold-337fbf24050e9193502feb34,fiqa_l_5bin,0.1,negative_squared_l2_adc,182159,121736,60423,11216,832,0.09213379772622725,0.09052199555298639,0.09377134005489486,0.013769591049765818,0.012870844051705247,0.0147301593857702,True,True,False,0.009321210645688643,0.01943223544018766,3000,11
2,genuine-score-topk-v2,20,conditional-threshold-cfcd845bab56141773e47f63,global_empirical,0.2,negative_squared_l2_adc,182159,121736,60423,22220,1421,0.18252612210028257,0.18036625941961545,0.18470602033897218,0.023517534713602437,0.022339183637465513,0.024756467733954592,True,True,False,0.016855700417102718,0.031699213163461984,3000,11
2,genuine-score-topk-v2,20,conditional-threshold-415a91541542ce96e6f1ec52,global_safe,0.2,negative_squared_l2_adc,182159,121736,60423,21767,1388,0.17880495498455676,0.17666255888870422,0.18096762147872844,0.022971385068599706,0.021806841756941447,0.024196579764189735,True,True,False,0.01640342706732749,0.03113186598113389,3000,11
2,genuine-score-topk-v2,20,conditional-threshold-8d1243995d358ef1e3b4fa96,fiqa_s_2bin,0.2,negative_squared_l2_adc,182159,121736,60423,22067,1409,0.18126930406781888,0.1791153025616933,0.18344342044888837,0.023318934842692353,0.022145584714203848,0.024552892166202104,True,True,False,0.016804265531987977,0.03146911596851875,3000,11
2,genuine-score-topk-v2,20,conditional-threshold-7a329b3541b4d0f8465e0102,fiqa_l_2bin,0.2,negative_squared_l2_adc,182159,121736,60423,22073,1501,0.18131859104948414,0.17916435896453697,0.18349293489890767,0.024841533853002997,0.023630406892992794,0.02611307441852166,True,True,False,0.017960017691860126,0.0333532927187329,3000,11
2,genuine-score-topk-v2,20,conditional-threshold-f73ad467d517878f35eff1be,fiqa_s_5bin,0.2,negative_squared_l2_adc,182159,121736,60423,22120,1434,0.18170467240586186,0.1795486361821998,0.18388079602867152,0.023732684573755027,0.022548941264534748,0.024976982472150685,True,True,False,0.017109545139863853,0.03185534056485597,3000,11
2,genuine-score-topk-v2,20,conditional-threshold-dbe925ea0065d7475706d323,fiqa_l_5bin,0.2,negative_squared_l2_adc,182159,121736,60423,22673,1606,0.18624728921600842,0.18407029735298042,0.1884440817967623,0.02657928272346623,0.0253265327847388,0.027892225323149486,True,True,False,0.020199073632838422,0.034200740331621904,3000,11
2,genuine-score-topk-v2,20,conditional-threshold-74925fd961452b3b87f45e1c,global_empirical,0.3,negative_squared_l2_adc,182159,121736,60423,33836,2185,0.2779457186041927,0.2754362173853039,0.28046923351601427,0.036161726494877776,0.0347023840251506,0.03768004327417055,True,True,False,0.02795351533844573,0.04584483939617326,3000,11
2,genuine-score-topk-v2,20,conditional-threshold-c630ecba79db1feeff6af503,global_safe,0.3,negative_squared_l2_adc,182159,121736,60423,33292,2155,0.273477032266544,0.27098027079326414,0.2759880894484771,0.03566522681760257,0.034215786741229326,0.037173704330556445,True,True,False,0.027450185810366966,0.04519140786940991,3000,11
2,genuine-score-topk-v2,20,conditional-threshold-3a59501d81385c4361d88e08,fiqa_s_2bin,0.3,negative_squared_l2_adc,182159,121736,60423,33199,2124,0.27271308405073275,0.2702185320717517,0.27522197995061326,0.03515217715108485,0.03371305044937221,0.036650406520627,True,True,False,0.02703761002643995,0.044453897985806984,3000,11
2,genuine-score-topk-v2,20,conditional-threshold-1a3f4affd0150e874315e541,fiqa_l_2bin,0.3,negative_squared_l2_adc,182159,121736,60423,33552,2319,0.27561280147203787,0.27310991194116696,0.2781298519246367,0.03837942505337372,0.03687675296796733,0.03994078948101186,True,True,False,0.029749349653649896,0.048501501548561234,3000,11
2,genuine-score-topk-v2,20,conditional-threshold-c9b021a54ef81a4a52ea99b1,fiqa_s_5bin,0.3,negative_squared_l2_adc,182159,121736,60423,33165,2162,0.2724337911546297,0.26994004926253384,0.27494189459360757,0.03578107674230012,0.03432931927785425,0.037291856913689775,True,True,False,0.027645531207091286,0.045181732621558945,3000,11
2,genuine-score-topk-v2,20,conditional-threshold-c9d24914657337a01c699071,fiqa_l_5bin,0.3,negative_squared_l2_adc,182159,121736,60423,34181,2460,0.2807797200499441,0.2782623013219757,0.2833109736189636,0.0407129735365672,0.03916619975373913,0.04231814296465634,True,True,False,0.03290432241786969,0.04953025649010254,3000,11
2,genuine-score-topk-v2,20,conditional-threshold-207b5a00c637fe012f97141a,global_empirical,0.01,negative_squared_l2_adc,182159,121736,60423,1218,125,0.010005257278044292,0.00946144013572431,0.010579997651476906,0.002068748655313374,0.0017367487301086634,0.0024640576117829676,False,False,False,0.0007687766668960218,0.004071122874888071,3000,12
2,genuine-score-topk-v2,20,conditional-threshold-591e2aa1f8a0a3fa1aec80ba,global_safe,0.01,negative_squared_l2_adc,182159,121736,60423,1166,122,0.00957810343694552,0.009046240964811577,0.010140916097577139,0.0020190986875858533,0.0016914496603493163,0.0024100630587887773,True,False,False,0.0007475232663318081,0.003973988928884788,3000,12
2,genuine-score-topk-v2,20,conditional-threshold-efadb169737620ddca4bcdac,fiqa_s_2bin,0.01,negative_squared_l2_adc,182159,121736,60423,1157,122,0.009504172964447657,0.008974407189615037,0.01006489359347921,0.0020190986875858533,0.0016914496603493163,0.0024100630587887773,True,False,False,0.0007172624928296092,0.004108539721197773,3000,12
2,genuine-score-topk-v2,20,conditional-threshold-5cd1f45eecb1a194b07a7301,fiqa_l_2bin,0.01,negative_squared_l2_adc,182159,121736,60423,1152,114,0.009463100479726622,0.008934503157281566,0.010022655248426864,0.0018866987736457972,0.0015709202243808773,0.0022658095007477806,True,False,False,0.0007207203048836926,0.0036695192071398777,3000,12
2,genuine-score-topk-v2,20,conditional-threshold-0e9b9a97365adb3eca787de9,fiqa_s_5bin,0.01,negative_squared_l2_adc,182159,121736,60423,1205,128,0.009898468817769599,0.009357615342812124,0.010470252263185967,0.002118398623040895,0.00178209959548832,0.0025180003691568495,True,False,False,0.0007526689663368424,0.004302292598952678,3000,12
2,genuine-score-topk-v2,20,conditional-threshold-4a7483b634f8ba3e52741d22,fiqa_l_5bin,0.01,negative_squared_l2_adc,182159,121736,60423,1243,125,0.010210619701649472,0.009661148587386164,0.01079100108674414,0.002068748655313374,0.0017367487301086634,0.0024640576117829676,False,False,False,0.0009655648901186063,0.0035938557465308276,3000,12
2,genuine-score-topk-v2,20,conditional-threshold-c27d3b2b73b11048cba1e394,global_empirical,0.05,negative_squared_l2_adc,182159,121736,60423,5742,412,0.04716764145363738,0.045990981009142104,0.048372879836746485,0.006818595567912881,0.0061930619247267055,0.007506834327253406,True,True,False,0.003625790112850026,0.011492009942953841,3000,12
2,genuine-score-topk-v2,20,conditional-threshold-a3a8c916469504e44628125d,global_safe,0.05,negative_squared_l2_adc,182159,121736,60423,5615,401,0.046124400341723076,0.04496037023474973,0.0473170742255391,0.006636545686245304,0.006019771991712587,0.007316047643504551,True,True,False,0.0034971491406855233,0.011219950686830165,3000,12
2,genuine-score-topk-v2,20,conditional-threshold-2bdcaac8efa5c48ef593b038,fiqa_s_2bin,0.05,negative_squared_l2_adc,182159,121736,60423,5713,410,0.04692942104225537,0.0457556303759459,0.048131804681104944,0.006785495589427867,0.006161545738008698,0.0074721547654690535,True,True,False,0.0035401568899840687,0.011539825483227524,3000,12
2,genuine-score-topk-v2,20,conditional-threshold-c51b36aba4f714fff3701258,fiqa_l_2bin,0.05,negative_squared_l2_adc,182159,121736,60423,5507,403,0.0452372346717487,0.04408407540378346,0.04641909370497171,0.006669645664730318,0.00605127024960848,0.007350745134111017,True,True,False,0.003578197343838973,0.011177354379700402,3000,12
2,genuine-score-topk-v2,20,conditional-threshold-73bf06920864a44f3e3b9656,fiqa_s_5bin,0.05,negative_squared_l2_adc,182159,121736,60423,5705,397,0.04686370506670171,0.045690707543045175,0.04806529971018836,0.006570345729275276,0.005956787702401401,0.00724664043581102,True,True,False,0.0035094145271520267,0.011043650265925978,3000,12
2,genuine-score-topk-v2,20,conditional-threshold-c3e1131519fb2e1fa06ff710,fiqa_l_5bin,0.05,negative_squared_l2_adc,182159,121736,60423,5741,464,0.04715942695669317,0.04598286533051199,0.04836456703989943,0.007679195008523244,0.0070137770190207074,0.00840720869402073,True,True,False,0.004724679127538423,0.011815081815901435,3000,12
2,genuine-score-topk-v2,20,conditional-threshold-00d478e5464e4c6a127118b3,global_empirical,0.1,negative_squared_l2_adc,182159,121736,60423,11211,762,0.0920927252415062,0.09048124976466104,0.09372994346583435,0.012611091802790329,0.011751816246929175,0.01353233599296372,True,True,False,0.007936295299044596,0.018956801349279278,3000,12
2,genuine-score-topk-v2,20,conditional-threshold-1646e7f8e157b3c60513d72b,global_safe,0.1,negative_squared_l2_adc,182159,121736,60423,10989,750,0.09026910691989222,0.08867223638019398,0.09189183529437114,0.012412491931880244,0.011560169026442723,0.013326808722436018,True,True,False,0.00779571517087169,0.018741228500156908,3000,12
2,genuine-score-topk-v2,20,conditional-threshold-0557a571696b040d41a6a461,fiqa_s_2bin,0.1,negative_squared_l2_adc,182159,121736,60423,11110,735,0.09126306105014129,0.08965820590022403,0.09289371130707788,0.01216424209324264,0.011320691473542545,0.013069818161568504,True,True,False,0.0076904987429054555,0.018278544031614427,3000,12
2,genuine-score-topk-v2,20,conditional-threshold-9bfcb4f29b0693b0ac2e1a6a,fiqa_l_2bin,0.1,negative_squared_l2_adc,182159,121736,60423,10958,785,0.09001445751462181,0.08841964206995936,0.09163514686481372,0.012991741555367989,0.012119296849504243,0.013926106498165773,True,True,False,0.008213109042777682,0.01937569768236259,3000,12
2,genuine-score-topk-v2,20,conditional-threshold-6eb392405ee96d4373e0264a,fiqa_s_5bin,0.1,negative_squared_l2_adc,182159,121736,60423,11200,735,0.09200236577511993,0.09039160937530316,0.09363887062494344,0.01216424209324264,0.011320691473542545,0.013069818161568504,True,True,False,0.007698617370788412,0.01827371523148596,3000,12
2,genuine-score-topk-v2,20,conditional-threshold-25935e8f9f78ca8dff801356,fiqa_l_5bin,0.1,negative_squared_l2_adc,182159,121736,60423,11092,820,0.09111520010514557,0.08951152905009886,0.09274467559861412,0.013570991178855733,0.012678884711298542,0.014524944235162752,True,True,False,0.009187263148744965,0.019184111320831223,3000,12
2,genuine-score-topk-v2,20,conditional-threshold-92c90d71509425e7595988dd,global_empirical,0.2,negative_squared_l2_adc,182159,121736,60423,22220,1421,0.18252612210028257,0.18036625941961545,0.18470602033897218,0.023517534713602437,0.022339183637465513,0.024756467733954592,True,True,False,0.016855700417102718,0.031699213163461984,3000,12
2,genuine-score-topk-v2,20,conditional-threshold-b4e71fe9b604c85f874490a6,global_safe,0.2,negative_squared_l2_adc,182159,121736,60423,21956,1403,0.1803574949070119,0.178207769890928,0.1825273923416885,0.02321963490723731,0.02204879380390368,0.024451095830995192,True,True,False,0.01664545127200688,0.031378373241287075,3000,12
2,genuine-score-topk-v2,20,conditional-threshold-cdc8eaae2426203b57fc6116,fiqa_s_2bin,0.2,negative_squared_l2_adc,182159,121736,60423,22220,1415,0.18252612210028257,0.18036625941961545,0.18470602033897218,0.023418234778147393,0.02224238133719328,0.024654682788719746,True,True,False,0.016890573767525268,0.03154942206606818,3000,12
2,genuine-score-topk-v2,20,conditional-threshold-558b0c4ca3bb39bb1b9811af,fiqa_l_2bin,0.2,negative_squared_l2_adc,182159,121736,60423,22254,1530,0.1828054149963856,0.18064425506975407,0.18498659285505714,0.025321483541035698,0.024098707911777047,0.026604611753021604,True,True,False,0.018422296348266292,0.03405504490944574,3000,12
2,genuine-score-topk-v2,20,conditional-threshold-270764fb3612fa2644514cf4,fiqa_s_5bin,0.2,negative_squared_l2_adc,182159,121736,60423,22277,1448,0.18299434842610238,0.1808323120266763,0.18517639083410967,0.023964384423150124,0.022774863314215472,0.02521443066198647,True,True,False,0.01734184309513207,0.032112838619386755,3000,12
2,genuine-score-topk-v2,20,conditional-threshold-d0c76a20cb888597a9ad8fc1,fiqa_l_5bin,0.2,negative_squared_l2_adc,182159,121736,60423,22774,1619,0.18707695340737332,0.1848961876574705,0.18927746751546565,0.02679443258361882,0.02553663277797075,0.028112397695182863,True,True,False,0.020345313913080226,0.03445107218829631,3000,12
2,genuine-score-topk-v2,20,conditional-threshold-4697ff92fdff77bf1cdc9ed7,global_empirical,0.3,negative_squared_l2_adc,182159,121736,60423,33836,2185,0.2779457186041927,0.2754362173853039,0.28046923351601427,0.036161726494877776,0.0347023840251506,0.03768004327417055,True,True,False,0.02795351533844573,0.04584483939617326,3000,12
2,genuine-score-topk-v2,20,conditional-threshold-3f983d78f3e8d94ffaf54fa4,global_safe,0.3,negative_squared_l2_adc,182159,121736,60423,33693,2174,0.27677104554117105,0.27426486277996315,0.27929131612812047,0.0359796766132102,0.03452395617883678,0.03749439450372139,True,True,False,0.027800433569337056,0.04557008599043385,3000,12
2,genuine-score-topk-v2,20,conditional-threshold-e40b4b3618b2c4ed905b3773,fiqa_s_2bin,0.3,negative_squared_l2_adc,182159,121736,60423,33591,2148,0.27593316685286196,0.2734293643192619,0.2784511100901511,0.03554937689290502,0.03410225839610596,0.03705554755592156,True,True,False,0.027441257940311693,0.044792289966097985,3000,12
2,genuine-score-topk-v2,20,conditional-threshold-32b52c13e7f0e42fe24efc13,fiqa_l_2bin,0.3,negative_squared_l2_adc,182159,121736,60423,33681,2330,0.2766724715778406,0.2741665682714468,0.279192468930911,0.03856147493504129,0.03705530893494514,0.04012631013079702,True,True,False,0.02997034358076626,0.04872096854373444,3000,12
2,genuine-score-topk-v2,20,conditional-threshold-cd0934369c011a81abac35ee,fiqa_s_5bin,0.3,negative_squared_l2_adc,182159,121736,60423,33489,2180,0.2750952881645528,0.27259387689787684,0.27761089301286557,0.036078976548665244,0.034621279196441423,0.037595658731623835,True,True,False,0.027897235621220304,0.045478003291144174,3000,12
2,genuine-score-topk-v2,20,conditional-threshold-74f38221f4e88fc57ccd664b,fiqa_l_5bin,0.3,negative_squared_l2_adc,182159,121736,60423,34201,2458,0.2809440099888283,0.27842613609719175,0.283475708353291,0.04067987355808219,0.039133715220981684,0.04228443174891144,True,True,False,0.03282441054171561,0.049564990676054375,3000,12
2,genuine-score-topk-v2,20,conditional-threshold-6f498b9422ed33cdbda861e4,global_empirical,0.01,negative_squared_l2_adc,182159,121736,60423,1218,125,0.010005257278044292,0.00946144013572431,0.010579997651476906,0.002068748655313374,0.0017367487301086634,0.0024640576117829676,False,False,False,0.0007687766668960218,0.004071122874888071,3000,13
2,genuine-score-topk-v2,20,conditional-threshold-4f256004f271f39dcb138f65,global_safe,0.01,negative_squared_l2_adc,182159,121736,60423,1142,121,0.00938095551028455,0.008854702931185315,0.00993817071975148,0.002002548698343346,0.0016763618062255463,0.002392053038661368,True,True,False,0.0007475232663318081,0.003923113429380866,3000,13
2,genuine-score-topk-v2,20,conditional-threshold-e12731d2d66c5228a45e3355,fiqa_s_2bin,0.01,negative_squared_l2_adc,182159,121736,60423,1137,119,0.009339883025563515,0.008814806771385754,0.009895924502165225,0.001969448719858332,0.0016462042897608577,0.0023560148066236975,True,True,False,0.0006936320580421605,0.0039732729922329554,3000,13
2,genuine-score-topk-v2,20,conditional-threshold-139553474caf790daa30a0e5,fiqa_l_2bin,0.01,negative_squared_l2_adc,182159,121736,60423,1127,114,0.009257738056121442,0.008735022444593194,0.00981142407418615,0.0018866987736457972,0.0015709202243808773,0.0022658095007477806,True,True,False,0.0007038031792322134,0.0037189501185043846,3000,13
2,genuine-score-topk-v2,20,conditional-threshold-a30bb986787821fa49685cf5,fiqa_s_5bin,0.01,negative_squared_l2_adc,182159,121736,60423,1160,122,0.00952881645528028,0.008998350853526328,0.01009023535599941,0.0020190986875858533,0.0016914496603493163,0.0024100630587887773,True,False,False,0.0007263281877932,0.0040914361222296565,3000,13
2,genuine-score-topk-v2,20,conditional-threshold-04f6df4313b24aaafb97caf2,fiqa_l_5bin,0.01,negative_squared_l2_adc,182159,121736,60423,1206,123,0.009906683314713807,0.009365601283361242,0.010478694798114013,0.00203564867682836,0.0017065434800632943,0.002428067113325978,True,False,False,0.0009000761792899476,0.003635350653350391,3000,13
2,genuine-score-topk-v2,20,conditional-threshold-1a48760eac820bc89cfb2921,global_empirical,0.05,negative_squared_l2_adc,182159,121736,60423,5742,412,0.04716764145363738,0.045990981009142104,0.048372879836746485,0.006818595567912881,0.0061930619247267055,0.007506834327253406,True,True,False,0.003625790112850026,0.011492009942953841,3000,13
2,genuine-score-topk-v2,20,conditional-threshold-a9d0181a9e1e5344aa63cb76,global_safe,0.05,negative_squared_l2_adc,182159,121736,60423,5535,398,0.0454672405861865,0.04431125126887102,0.04665191515324474,0.006586895718517783,0.005972532236927098,0.007263993775536502,True,True,False,0.003455629721345585,0.01115218384040213,3000,13
2,genuine-score-topk-v2,20,conditional-threshold-fa878329ac4597d4fdfdbda7,fiqa_s_2bin,0.05,negative_squared_l2_adc,182159,121736,60423,5638,405,0.046313333771439834,0.045147004156511156,0.04750829523975243,0.006702745643215332,0.0060827725429361944,0.007385438589285661,True,True,False,0.0034971293640099627,0.011438909599787142,3000,13
2,genuine-score-topk-v2,20,conditional-threshold-ea4d1c60f1fe98f3d78d9150,fiqa_l_2bin,0.05,negative_squared_l2_adc,182159,121736,60423,5471,401,0.044941512781757245,0.04379200431589852,0.04611973967567878,0.006636545686245304,0.006019771991712587,0.007316047643504551,True,True,False,0.003532733420469667,0.01108891210607089,3000,13
2,genuine-score-topk-v2,20,conditional-threshold-c74d03ace775028d156901ef,fiqa_s_5bin,0.05,negative_squared_l2_adc,182159,121736,60423,5614,396,0.04611618584477887,0.044952255839372054,0.047308760145439624,0.006553795740032769,0.005941044199474575,0.007229286064486666,True,True,False,0.0034929613074790294,0.0110527256655438,3000,13
2,genuine-score-topk-v2,20,conditional-threshold-bae994704c5463086acbf3dc,fiqa_l_5bin,0.05,negative_squared_l2_adc,182159,121736,60423,5691,459,0.046748702109482815,0.04557709413170713,0.047948914464846115,0.00759644506231071,0.006934759670446221,0.008320736671339323,True,True,False,0.004667086320038944,0.011700319254102847,3000,13
2,genuine-score-topk-v2,20,conditional-threshold-fd764a9a768cfe38c49a2722,global_empirical,0.1,negative_squared_l2_adc,182159,121736,60423,11211,762,0.0920927252415062,0.09048124976466104,0.09372994346583435,0.012611091802790329,0.011751816246929175,0.01353233599296372,True,True,False,0.007936295299044596,0.018956801349279278,3000,13
2,genuine-score-topk-v2,20,conditional-threshold-9bb4ffe1a33deb5c987bcff5,global_safe,0.1,negative_squared_l2_adc,182159,121736,60423,10846,739,0.0890944338568706,0.0875070757456828,0.09070772393564795,0.012230442050212667,0.011384543167807376,0.01313835796430839,True,True,False,0.007620929380540937,0.01855106502014019,3000,13
2,genuine-score-topk-v2,20,conditional-threshold-b128d5e7345c0990bf94153c,fiqa_s_2bin,0.1,negative_squared_l2_adc,182159,121736,60423,10963,728,0.09005552999934284,0.08846038282542062,0.09167654848673826,0.01204839216854509,0.011208966967732633,0.012949857547620161,True,True,False,0.007622213043199972,0.01812715490840423,3000,13
2,genuine-score-topk-v2,20,conditional-threshold-9581aeb91a849dcd6acf9964,fiqa_l_2bin,0.1,negative_squared_l2_adc,182159,121736,60423,10829,775,0.08895478740881908,0.08736856569033895,0.09056694990788004,0.01282624166294292,0.011959497763093314,0.013754926842064912,True,True,False,0.00802635959590905,0.019316331729283404,3000,13
2,genuine-score-topk-v2,20,conditional-threshold-767a814481fee17243300d4a,fiqa_s_5bin,0.1,negative_squared_l2_adc,182159,121736,60423,11160,730,0.09167378589735165,0.09006564833046594,0.09330769265069415,0.012081492147030104,0.011240886169912836,0.012984134093942317,True,True,False,0.007649101231635398,0.018140763634000086,3000,13
2,genuine-score-topk-v2,20,conditional-threshold-2eebdb3fb08b50aa259801c3,fiqa_l_5bin,0.1,negative_squared_l2_adc,182159,121736,60423,11304,838,0.09285667345731748,0.09123913740153793,0.09449990404833371,0.01386889098522086,0.012966842386798915,0.014832748296183609,True,True,False,0.009428224074768577,0.01949635850991548,3000,13
2,genuine-score-topk-v2,20,conditional-threshold-5e38cfb103c05ab759848d1c,global_empirical,0.2,negative_squared_l2_adc,182159,121736,60423,22220,1421,0.18252612210028257,0.18036625941961545,0.18470602033897218,0.023517534713602437,0.022339183637465513,0.024756467733954592,True,True,False,0.016855700417102718,0.031699213163461984,3000,13
2,genuine-score-topk-v2,20,conditional-threshold-13cf08758e2d275578af7833,global_safe,0.2,negative_squared_l2_adc,182159,121736,60423,21909,1397,0.17997141355063415,0.17782350548362647,0.18213951840156334,0.02312033497178227,0.02195200864207631,0.02434929374731549,True,True,False,0.016558993367368206,0.03129613399324168,3000,13
2,genuine-score-topk-v2,20,conditional-threshold-9ea5c9a6eb4f2ea73a5922aa,fiqa_s_2bin,0.2,negative_squared_l2_adc,182159,121736,60423,22071,1400,0.1813021620555957,0.1791480068236276,0.1834764300888627,0.02316998493950979,0.022000400502179544,0.02440019550996579,True,True,False,0.016648718772066407,0.0313515720847984,3000,13
2,genuine-score-topk-v2,20,conditional-threshold-4930b13cd05b02d8c842eb6b,fiqa_l_2bin,0.2,negative_squared_l2_adc,182159,121736,60423,22324,1522,0.18338042978248012,0.18121660502518777,0.18556423618302487,0.025189083627095644,0.02396950946573814,0.026469027205051083,True,True,False,0.018251095002633954,0.033797499200333314,3000,13
2,genuine-score-topk-v2,20,conditional-threshold-319498be5cf31c84ce991d8d,fiqa_s_5bin,0.2,negative_squared_l2_adc,182159,121736,60423,22172,1445,0.18213182624696064,0.1799737982085916,0.18430991472709224,0.023914734455422602,0.022726448916141756,0.02516355143730665,True,True,False,0.017288733933889442,0.03207333832095292,3000,13
2,genuine-score-topk-v2,20,conditional-threshold-6d3784a5c734093fa695a6ef,fiqa_l_5bin,0.2,negative_squared_l2_adc,182159,121736,60423,22576,1597,0.18545048301242031,0.1832771309963964,0.18764368603206147,0.026430332820283668,0.025181091904089323,0.027739785335538347,True,True,False,0.02003660236801324,0.034064753256133146,3000,13
2,genuine-score-topk-v2,20,conditional-threshold-39d5128cddfa4569a055a6f5,global_empirical,0.3,negative_squared_l2_adc,182159,121736,60423,33836,2185,0.2779457186041927,0.2754362173853039,0.28046923351601427,0.036161726494877776,0.0347023840251506,0.03768004327417055,True,True,False,0.02795351533844573,0.04584483939617326,3000,13
2,genuine-score-topk-v2,20,conditional-threshold-c59bad1963d00e8f8a5a0fc0,global_safe,0.3,negative_squared_l2_adc,182159,121736,60423,33412,2159,0.27446277189984886,0.2719631731365884,0.2769766041624124,0.0357314267745726,0.034280661964457906,0.037241220604332576,True,True,False,0.027542649457856266,0.045291937665317396,3000,13
2,genuine-score-topk-v2,20,conditional-threshold-f76e477a4dd0a5f97f6d6572,fiqa_s_2bin,0.3,negative_squared_l2_adc,182159,121736,60423,33303,2123,0.27356739173293027,0.27107036953409147,0.27607870393789846,0.03513562716184235,0.03369683453780688,0.03663352455794115,True,True,False,0.027021494622206703,0.04440618727602481,3000,13
2,genuine-score-topk-v2,20,conditional-threshold-4dc14e16e298ceb5e9df8308,fiqa_l_2bin,0.3,negative_squared_l2_adc,182159,121736,60423,33907,2332,0.27852894788723137,0.2760178070546246,0.28105406560557206,0.0385945749135263,0.03708777465171158,0.04016004016253294,True,True,False,0.02995851559032779,0.04878989172033032,3000,13
2,genuine-score-topk-v2,20,conditional-threshold-be736a8f237a09ac11d2dcc9,fiqa_s_5bin,0.3,negative_squared_l2_adc,182159,121736,60423,33310,2175,0.2736248932115397,0.2711277051638241,0.27613636763650595,0.035996226602452705,0.03454017647093883,0.037511272085870524,True,True,False,0.02779524834592093,0.04539983529843766,3000,13
2,genuine-score-topk-v2,20,conditional-threshold-2bba9efcfd961cb8a8a6639b,fiqa_l_5bin,0.3,negative_squared_l2_adc,182159,121736,60423,33876,2417,0.27827429848196095,0.27576387288424264,0.2807987170361619,0.0400013239991394,0.0384678451696112,0.04159328895598356,True,True,False,0.03222250157434279,0.048789383963614694,3000,13
2,genuine-score-topk-v2,20,conditional-threshold-f0dfcb4800cffb0d5a24d2cb,global_empirical,0.01,negative_squared_l2_adc,182159,121736,60423,1218,125,0.010005257278044292,0.00946144013572431,0.010579997651476906,0.002068748655313374,0.0017367487301086634,0.0024640576117829676,False,False,False,0.0007687766668960218,0.004071122874888071,3000,14
2,genuine-score-topk-v2,20,conditional-threshold-8cfa85f81db51c8275fb8e46,global_safe,0.01,negative_squared_l2_adc,182159,121736,60423,1136,118,0.009331668528619308,0.008806827857884347,0.009887474940189468,0.001952898730615825,0.0016311347787680691,0.0023379864433653056,True,True,False,0.0007253869370644811,0.00381151639590809,3000,14
2,genuine-score-topk-v2,20,conditional-threshold-dd0d3abd8f9c678342caf6aa,fiqa_s_2bin,0.01,negative_squared_l2_adc,182159,121736,60423,1123,121,0.009224880068344614,0.008703111722738618,0.009777620894132071,0.002002548698343346,0.0016763618062255463,0.002392053038661368,True,True,False,0.0007002470618200532,0.004108142151145932,3000,14
2,genuine-score-topk-v2,20,conditional-threshold-8b3bed57d8394886b9559328,fiqa_l_2bin,0.01,negative_squared_l2_adc,182159,121736,60423,1149,114,0.009438456988894001,0.00891056198827369,0.00999731099100325,0.0018866987736457972,0.0015709202243808773,0.0022658095007477806,True,True,False,0.0007207203048836926,0.0036695192071398777,3000,14
2,genuine-score-topk-v2,20,conditional-threshold-0253d670a2ae458e995497d8,fiqa_s_5bin,0.01,negative_squared_l2_adc,182159,121736,60423,1129,116,0.009274167050009857,0.008750978452537753,0.009828325017195917,0.001919798752130811,0.0016010146416361119,0.0023019108319949043,True,True,False,0.000663564452421033,0.0039005844118176975,3000,14
2,genuine-score-topk-v2,20,conditional-threshold-6e59f16b0cd5afb616a4a38e,fiqa_l_5bin,0.01,negative_squared_l2_adc,182159,121736,60423,1205,122,0.009898468817769599,0.009357615342812124,0.010470252263185967,0.0020190986875858533,0.0016914496603493163,0.0024100630587887773,True,False,False,0.0009162998729832779,0.003556345471440963,3000,14
2,genuine-score-topk-v2,20,conditional-threshold-733814e53e2421e2645a39c5,global_empirical,0.05,negative_squared_l2_adc,182159,121736,60423,5742,412,0.04716764145363738,0.045990981009142104,0.048372879836746485,0.006818595567912881,0.0061930619247267055,0.007506834327253406,True,True,False,0.003625790112850026,0.011492009942953841,3000,14
2,genuine-score-topk-v2,20,conditional-threshold-d7ef56158dd0350a5bd67d25,global_safe,0.05,negative_squared_l2_adc,182159,121736,60423,5636,404,0.046296904777551426,0.045130774905056584,0.04749166754025268,0.0066861956539728245,0.006067020893700952,0.007368092364269723,True,True,False,0.003523862188813865,0.011321919675200642,3000,14
2,genuine-score-topk-v2,20,conditional-threshold-7435f5235b5f52abd2f85624,fiqa_s_2bin,0.05,negative_squared_l2_adc,182159,121736,60423,5618,401,0.04614904383255569,0.044984713482466736,0.04734201640425358,0.006636545686245304,0.006019771991712587,0.007316047643504551,True,True,False,0.0034595468064413603,0.011381857105743121,3000,14
2,genuine-score-topk-v2,20,conditional-threshold-1908b43dc76e7287148103d0,fiqa_l_2bin,0.05,negative_squared_l2_adc,182159,121736,60423,5494,402,0.04513044621147401,0.043978603704112634,0.04631099522343941,0.006653095675487811,0.006035520614368213,0.007333396895100104,True,True,False,0.003578197343838973,0.01113644723223493,3000,14
2,genuine-score-topk-v2,20,conditional-threshold-2f430307285210f25f3f8ea4,fiqa_s_5bin,0.05,negative_squared_l2_adc,182159,121736,60423,5634,400,0.04628047578366301,0.04511454569444677,0.047475039799908164,0.006619995697002797,0.006004024385397237,0.007298697375568722,True,True,False,0.0035266333180736836,0.01115248459847338,3000,14
2,genuine-score-topk-v2,20,conditional-threshold-430d2f4ffdba29769e93e660,fiqa_l_5bin,0.05,negative_squared_l2_adc,182159,121736,60423,5732,471,0.047085496484195306,0.04590982467070209,0.04828975142041486,0.007795044933220793,0.007124435601094704,0.00852823523170499,True,True,False,0.004807140756433634,0.011973846527214746,3000,14
2,genuine-score-topk-v2,20,conditional-threshold-194ee66c0692a1fc839f9bc4,global_empirical,0.1,negative_squared_l2_adc,182159,121736,60423,11211,762,0.0920927252415062,0.09048124976466104,0.09372994346583435,0.012611091802790329,0.011751816246929175,0.01353233599296372,True,True,False,0.007936295299044596,0.018956801349279278,3000,14
2,genuine-score-topk-v2,20,conditional-threshold-70d7e830601ae8d0a9d8d3a6,global_safe,0.1,negative_squared_l2_adc,182159,121736,60423,10975,747,0.09015410396267333,0.08855816105040253,0.09177591196748232,0.012362841964152724,0.01151226620220825,0.013275417923916955,True,True,False,0.007762946068840331,0.018661776383017758,3000,14
2,genuine-score-topk-v2,20,conditional-threshold-a43b06f419d5e0c6ef123074,fiqa_s_2bin,0.1,negative_squared_l2_adc,182159,121736,60423,10964,728,0.09006374449628705,0.08846853098863233,0.09168482879900372,0.01204839216854509,0.011208966967732633,0.012949857547620161,True,True,False,0.007613409469049016,0.018119968496910638,3000,14
2,genuine-score-topk-v2,20,conditional-threshold-b061a101c52096e86c4462bb,fiqa_l_2bin,0.1,negative_squared_l2_adc,182159,121736,60423,10951,783,0.08995695603601235,0.08836260518207642,0.0915771844243565,0.012958641576882975,0.012087334006914925,0.013891873592252735,True,True,False,0.008188904028435104,0.019325235780480277,3000,14
2,genuine-score-topk-v2,20,conditional-threshold-00033cca91b7d9d0d3de947c,fiqa_s_5bin,0.1,negative_squared_l2_adc,182159,121736,60423,11148,729,0.09157521193402116,0.08996786124590771,0.0932083380295264,0.012064942157787598,0.011224926359457729,0.012966996030146243,True,True,False,0.007598324318607383,0.018222321902704473,3000,14
2,genuine-score-topk-v2,20,conditional-threshold-1c52bd76a3d1b4d608627e33,fiqa_l_5bin,0.1,negative_squared_l2_adc,182159,121736,60423,11296,843,0.09279095748176382,0.09117394144307134,0.09443367220298296,0.013951640931433395,0.013046850376181456,0.014918229678056966,True,True,False,0.009573776067699066,0.01960369898867294,3000,14
2,genuine-score-topk-v2,20,conditional-threshold-2af6a62cf9f99822a19ace59,global_empirical,0.2,negative_squared_l2_adc,182159,121736,60423,22220,1421,0.18252612210028257,0.18036625941961545,0.18470602033897218,0.023517534713602437,0.022339183637465513,0.024756467733954592,True,True,False,0.016855700417102718,0.031699213163461984,3000,14
2,genuine-score-topk-v2,20,conditional-threshold-00cf27752f03d3a62addf849,global_safe,0.2,negative_squared_l2_adc,182159,121736,60423,21986,1404,0.1806039298153381,0.17845304697063538,0.18277496952629604,0.023236184896479817,0.022064925224058625,0.02446806228509143,True,True,False,0.016646359823765694,0.03141036867471092,3000,14
2,genuine-score-topk-v2,20,conditional-threshold-879a9f36e36e8107d7b80fc2,fiqa_s_2bin,0.2,negative_squared_l2_adc,182159,121736,60423,22016,1400,0.18085036472366434,0.17869832554836035,0.18302254521288602,0.02316998493950979,0.022000400502179544,0.02440019550996579,True,True,False,0.01669941006155312,0.0313628701968715,3000,14
2,genuine-score-topk-v2,20,conditional-threshold-8c861c284a7ec503014725d3,fiqa_l_2bin,0.2,negative_squared_l2_adc,182159,121736,60423,22277,1529,0.18299434842610238,0.1808323120266763,0.18517639083410967,0.025304933551793193,0.02408255761222239,0.026587664178325088,True,True,False,0.018415736396617102,0.03398807425180469,3000,14
2,genuine-score-topk-v2,20,conditional-threshold-2f4c7830da2646d318b9b130,fiqa_s_5bin,0.2,negative_squared_l2_adc,182159,121736,60423,21983,1414,0.18057928632450548,0.1784285191952144,0.1827502118752855,0.02340168478890489,0.022226248171487724,0.02463771808017412,True,True,False,0.01682628254493487,0.03156206521511958,3000,14
2,genuine-score-topk-v2,20,conditional-threshold-31e27f99785bf0865fbe8a28,fiqa_l_5bin,0.2,negative_squared_l2_adc,182159,121736,60423,22773,1621,0.18706873891042913,0.1848880104457185,0.18926921625174054,0.026827532562103833,0.025568957803436206,0.02814626841821977,True,True,False,0.020387843012836752,0.03455178840796086,3000,14
2,genuine-score-topk-v2,20,conditional-threshold-e00b66c736210caf02a9ff42,global_empirical,0.3,negative_squared_l2_adc,182159,121736,60423,33836,2185,0.2779457186041927,0.2754362173853039,0.28046923351601427,0.036161726494877776,0.0347023840251506,0.03768004327417055,True,True,False,0.02795351533844573,0.04584483939617326,3000,14
2,genuine-score-topk-v2,20,conditional-threshold-25488b49b70714bcdcb98244,global_safe,0.3,negative_squared_l2_adc,182159,121736,60423,33584,2168,0.27587566537425245,0.2733720265940477,0.2783934484870251,0.035880376677755156,0.03442663620192297,0.03739312723512813,True,True,False,0.027672915493687056,0.04545421390047397,3000,14
2,genuine-score-topk-v2,20,conditional-threshold-c92a175b22a6ab8a9c0bf4b8,fiqa_s_2bin,0.3,negative_squared_l2_adc,182159,121736,60423,33218,2122,0.27286915949267265,0.27037415535828346,0.2753784976981476,0.035119077172599836,0.03368061871365054,0.03661664250784631,True,True,False,0.027003833413973475,0.04437006201092458,3000,14
2,genuine-score-topk-v2,20,conditional-threshold-6e4e9ed7036c9f89798e2b4d,fiqa_l_2bin,0.3,negative_squared_l2_adc,182159,121736,60423,33896,2339,0.2784385884208451,0.27592770126550853,0.2809634581644394,0.03871042483822386,0.037201407062646914,0.04027809287135587,True,True,False,0.030079146371857483,0.04885708596370195,3000,14
2,genuine-score-topk-v2,20,conditional-threshold-3768d4d0901f7fe8f5968186,fiqa_s_5bin,0.3,negative_squared_l2_adc,182159,121736,60423,33152,2157,0.272327002694355,0.26983357086933646,0.2748348028056018,0.03569832679608758,0.034248224181991395,0.037207462638296725,True,True,False,0.027590171311652447,0.04510890801110338,3000,14
2,genuine-score-topk-v2,20,conditional-threshold-f1988e309231bb85cc982aaa,fiqa_l_5bin,0.3,negative_squared_l2_adc,182159,121736,60423,34266,2449,0.2814779522902017,0.27895860199848305,0.2840110933580153,0.040530923654899624,0.03898753833190417,0.04213272776972833,True,True,False,0.03256710832315038,0.04941698052913985,3000,14
2,genuine-score-topk-v2,20,conditional-threshold-b528824508420cfb578db17d,global_empirical,0.01,negative_squared_l2_adc,182159,121736,60423,1218,125,0.010005257278044292,0.00946144013572431,0.010579997651476906,0.002068748655313374,0.0017367487301086634,0.0024640576117829676,False,False,False,0.0007687766668960218,0.004071122874888071,3000,15
2,genuine-score-topk-v2,20,conditional-threshold-f08057ae7b75e24e77f194e9,global_safe,0.01,negative_squared_l2_adc,182159,121736,60423,1201,124,0.009865610829992771,0.009325672557358824,0.010436481146730613,0.002052198666070867,0.0017216431934704316,0.0024460652741700208,True,False,False,0.0007687766668960218,0.004018118943083724,3000,15
2,genuine-score-topk-v2,20,conditional-threshold-cbf0a12be67ee5ef9052ea98,fiqa_s_2bin,0.01,negative_squared_l2_adc,182159,121736,60423,1150,122,0.009446671485838207,0.008918542273430072,0.010005759181324032,0.0020190986875858533,0.0016914496603493163,0.0024100630587887773,True,False,False,0.0007146019839474667,0.004124922826526248,3000,15
2,genuine-score-topk-v2,20,conditional-threshold-f77b225a3197690686523c59,fiqa_l_2bin,0.01,negative_squared_l2_adc,182159,121736,60423,1119,112,0.009192022080567786,0.008671202733875567,0.009743815981086468,0.001853598795160783,0.0015408521998695373,0.0022296817767567616,True,True,False,0.0007038031792322134,0.003601234726783608,3000,15
2,genuine-score-topk-v2,20,conditional-threshold-ffb4bd66204498a95e00fe8c,fiqa_s_5bin,0.01,negative_squared_l2_adc,182159,121736,60423,1175,121,0.009652033909443386,0.009118083037414817,0.010216930304268373,0.002002548698343346,0.0016763618062255463,0.002392053038661368,True,False,False,0.0006857308466504459,0.004099676428746114,3000,15
2,genuine-score-topk-v2,20,conditional-threshold-b18ea51002c4c4a29a7b15bb,fiqa_l_5bin,0.01,negative_squared_l2_adc,182159,121736,60423,1182,119,0.009709535388052836,0.00917396588113683,0.010276046788886505,0.001969448719858332,0.0016462042897608577,0.0023560148066236975,True,False,False,0.0008865381269046678,0.0034827943138379955,3000,15
2,genuine-score-topk-v2,20,conditional-threshold-e05aac4ceb91d333bbd8fdd5,global_empirical,0.05,negative_squared_l2_adc,182159,121736,60423,5742,412,0.04716764145363738,0.045990981009142104,0.048372879836746485,0.006818595567912881,0.0061930619247267055,0.007506834327253406,True,True,False,0.003625790112850026,0.011492009942953841,3000,15
2,genuine-score-topk-v2,20,conditional-threshold-2667e0c13676695c68616811,global_safe,0.05,negative_squared_l2_adc,182159,121736,60423,5583,400,0.045861536439508445,0.04470071468875535,0.04705101855626426,0.006619995697002797,0.006004024385397237,0.007298697375568722,True,True,False,0.003484888545254031,0.011186381269799725,3000,15
2,genuine-score-topk-v2,20,conditional-threshold-d49949a56b909d5cd5b14773,fiqa_s_2bin,0.05,negative_squared_l2_adc,182159,121736,60423,5719,410,0.046978708023920616,0.04580432292134032,0.048181682988573504,0.006785495589427867,0.006161545738008698,0.0074721547654690535,True,True,False,0.0035504491205202685,0.011523425732291188,3000,15
2,genuine-score-topk-v2,20,conditional-threshold-c4372c4e391f788f65f5aa95,fiqa_l_2bin,0.05,negative_squared_l2_adc,182159,121736,60423,5465,404,0.044892225800092,0.04374332714013728,0.04606984599857703,0.0066861956539728245,0.006067020893700952,0.007368092364269723,True,True,False,0.0035862995154349385,0.011160708640454375,3000,15
2,genuine-score-topk-v2,20,conditional-threshold-316dc4fa0d4528ef4ecb0b02,fiqa_s_5bin,0.05,negative_squared_l2_adc,182159,121736,60423,5612,399,0.046099756850890454,0.04493602707942434,0.047292131954433,0.00660344570776029,0.005988277799201193,0.007281346087513586,True,True,False,0.0035104166043248754,0.01113625405467313,3000,15
2,genuine-score-topk-v2,20,conditional-threshold-0669d1e3b839411c5d0190ea,fiqa_l_5bin,0.05,negative_squared_l2_adc,182159,121736,60423,5746,472,0.04720049944141421,0.04602344382307192,0.04840613092472532,0.0078115949224633,0.007140247191263507,0.008545521515787365,True,True,False,0.004807764553155097,0.012084036090185588,3000,15
2,genuine-score-topk-v2,20,conditional-threshold-ddd791eb20ced0c7126d97d7,global_empirical,0.1,negative_squared_l2_adc,182159,121736,60423,11211,762,0.0920927252415062,0.09048124976466104,0.09372994346583435,0.012611091802790329,0.011751816246929175,0.01353233599296372,True,True,False,0.007936295299044596,0.018956801349279278,3000,15
2,genuine-score-topk-v2,20,conditional-threshold-a36a15878a970cabc888bca1,global_safe,0.1,negative_squared_l2_adc,182159,121736,60423,11026,750,0.09057304330682789,0.08897372497554452,0.09219820029167565,0.012412491931880244,0.011560169026442723,0.013326808722436018,True,True,False,0.00779571517087169,0.018741228500156908,3000,15
2,genuine-score-topk-v2,20,conditional-threshold-223342c37cb314ab2e2da9f9,fiqa_s_2bin,0.1,negative_squared_l2_adc,182159,121736,60423,11048,733,0.09075376223960045,0.08915299106746458,0.09238036066025321,0.012131142114757625,0.011288768105187834,0.013035545781420856,True,True,False,0.00765438835780458,0.018272777650412582,3000,15
2,genuine-score-topk-v2,20,conditional-threshold-4e761f5dcd64a2f29442de4f,fiqa_l_2bin,0.1,negative_squared_l2_adc,182159,121736,60423,10726,761,0.08810869422356575,0.08652938318003939,0.08971399944403177,0.012594541813547822,0.011735843469886691,0.013515210895755022,True,True,False,0.007890557072611097,0.019074295158121892,3000,15
2,genuine-score-topk-v2,20,conditional-threshold-7f3a17f078b8f140f55f9963,fiqa_s_5bin,0.1,negative_squared_l2_adc,182159,121736,60423,11192,738,0.09193664979956627,0.09032641666306603,0.09357263553336327,0.01221389206097016,0.011368579626619845,0.01312122363124474,True,True,False,0.0077382253700118125,0.018369959690570068,3000,15
2,genuine-score-topk-v2,20,conditional-threshold-d932b2e616990f3c77f7ddb3,fiqa_l_5bin,0.1,negative_squared_l2_adc,182159,121736,60423,11086,841,0.09106591312348032,0.08946263705284518,0.09269499674300483,0.01391854095294838,0.013014846162902643,0.014884038142833417,True,True,False,0.009501690335965254,0.01955146257302683,3000,15
2,genuine-score-topk-v2,20,conditional-threshold-1cab8428c17ce47bcf04eee9,global_empirical,0.2,negative_squared_l2_adc,182159,121736,60423,22220,1421,0.18252612210028257,0.18036625941961545,0.18470602033897218,0.023517534713602437,0.022339183637465513,0.024756467733954592,True,True,False,0.016855700417102718,0.031699213163461984,3000,15
2,genuine-score-topk-v2,20,conditional-threshold-967136e81193ea766e6be71a,global_safe,0.2,negative_squared_l2_adc,182159,121736,60423,22016,1409,0.18085036472366434,0.17869832554836035,0.18302254521288602,0.023318934842692353,0.022145584714203848,0.024552892166202104,True,True,False,0.016697551369057567,0.03145931255468025,3000,15
2,genuine-score-topk-v2,20,conditional-threshold-24bad8fb4b8118e85bcb111c,fiqa_s_2bin,0.2,negative_squared_l2_adc,182159,121736,60423,22280,1416,0.18301899191693502,0.18085684125891868,0.1852011470282988,0.023434784767389902,0.022258514660600297,0.02467164733956391,True,True,False,0.016912260225201182,0.0315559689766573,3000,15
2,genuine-score-topk-v2,20,conditional-threshold-dacfd81bd2dbc627f8363f80,fiqa_l_2bin,0.2,negative_squared_l2_adc,182159,121736,60423,21990,1496,0.18063678780311493,0.17848575069449873,0.18280797970434132,0.02475878390679046,0.023549677540306645,0.02602831439995191,True,True,False,0.01790822771473991,0.033286461812712026,3000,15
2,genuine-score-topk-v2,20,conditional-threshold-39f491f0b4fb2d6ac22dce3c,fiqa_s_5bin,0.2,negative_squared_l2_adc,182159,121736,60423,22378,1442,0.1838240126174673,0.18165813760954658,0.18600984127443293,0.023865084487695084,0.022678035894491525,0.025112670836203343,True,True,False,0.017215488385285947,0.03193475973908296,3000,15
2,genuine-score-topk-v2,20,conditional-threshold-ac7670e84a1409d4fddb0dca,fiqa_l_5bin,0.2,negative_squared_l2_adc,182159,121736,60423,22376,1598,0.18380758362357888,0.18164178446599702,0.1859933374670281,0.026446882809526173,0.025197251474932375,0.027756723638946476,True,True,False,0.020088468980484445,0.03403679324613093,3000,15
2,genuine-score-topk-v2,20,conditional-threshold-3c9af722c2220608171ac76f,global_empirical,0.3,negative_squared_l2_adc,182159,121736,60423,33836,2185,0.2779457186041927,0.2754362173853039,0.28046923351601427,0.036161726494877776,0.0347023840251506,0.03768004327417055,True,True,False,0.02795351533844573,0.04584483939617326,3000,15
2,genuine-score-topk-v2,20,conditional-threshold-290dfeae459e63d237d9cb85,global_safe,0.3,negative_squared_l2_adc,182159,121736,60423,33819,2184,0.27780607215614117,0.2752969643087872,0.2803292025094191,0.03614517650563527,0.03468616289148602,0.037663166533583946,True,True,False,0.027936543838252205,0.04582756943333557,3000,15
2,genuine-score-topk-v2,20,conditional-threshold-47debf56d33f80896d71f679,fiqa_s_2bin,0.3,negative_squared_l2_adc,182159,121736,60423,33660,2148,0.27649996714201225,0.27399455324832045,0.27901948596901693,0.03554937689290502,0.03410225839610596,0.03705554755592156,True,True,False,0.027446181798155198,0.04479243197686012,3000,15
2,genuine-score-topk-v2,20,conditional-threshold-5bf21d7117cb608f523fd30f,fiqa_l_2bin,0.3,negative_squared_l2_adc,182159,121736,60423,33690,2323,0.27674640205033846,0.27424028913854803,0.27926660434310424,0.038445625010343744,0.03694168133643879,0.04000825260954511,True,True,False,0.029887421955421763,0.048569692830071565,3000,15
2,genuine-score-topk-v2,20,conditional-threshold-b340d215722fd41952cdd71b,fiqa_s_5bin,0.3,negative_squared_l2_adc,182159,121736,60423,33590,2185,0.27592495235591774,0.2734211732124765,0.2784428727214594,0.036161726494877776,0.0347023840251506,0.03768004327417055,True,True,False,0.027966207025276624,0.04567065239511075,3000,15
2,genuine-score-topk-v2,20,conditional-threshold-fb84f8577626a2a81bc4ebee,fiqa_l_5bin,0.3,negative_squared_l2_adc,182159,121736,60423,34003,2442,0.2793175395938753,0.276804190249039,0.2818448160569653,0.040415073730202075,0.03887384917894876,0.04201473180292549,True,True,False,0.03255828532510185,0.04928237528873779,3000,15
2,genuine-score-topk-v2,20,conditional-threshold-e92d2c46e2bd72aa2dcf4700,global_empirical,0.01,negative_squared_l2_adc,182159,121736,60423,1218,125,0.010005257278044292,0.00946144013572431,0.010579997651476906,0.002068748655313374,0.0017367487301086634,0.0024640576117829676,False,False,False,0.0007687766668960218,0.004071122874888071,3000,16
2,genuine-score-topk-v2,20,conditional-threshold-fc934e541eb174caccde7266,global_safe,0.01,negative_squared_l2_adc,182159,121736,60423,1109,117,0.009109877111125715,0.008591437904172524,0.00965929605601788,0.001936348741373318,0.0016160715361522463,0.0023199518117299495,True,True,False,0.0007121477655064267,0.003799668779528579,3000,16
2,genuine-score-topk-v2,20,conditional-threshold-e92493b696c54a47d9384ea7,fiqa_s_2bin,0.01,negative_squared_l2_adc,182159,121736,60423,1123,119,0.009224880068344614,0.008703111722738618,0.009777620894132071,0.001969448719858332,0.0016462042897608577,0.0023560148066236975,True,True,False,0.0006936320580421605,0.0039732729922329554,3000,16
2,genuine-score-topk-v2,20,conditional-threshold-5288bd7a3cf255325ba9986b,fiqa_l_2bin,0.01,negative_squared_l2_adc,182159,121736,60423,1112,112,0.009134520601958336,0.008615366201112093,0.009684653185509798,0.001853598795160783,0.0015408521998695373,0.0022296817767567616,True,True,False,0.0006682354428869747,0.0037023640896963386,3000,16
2,genuine-score-topk-v2,20,conditional-threshold-3e91475f110288825ba15737,fiqa_s_5bin,0.01,negative_squared_l2_adc,182159,121736,60423,1153,120,0.009471314976670829,0.008942483755707331,0.010031103125478263,0.001985998709100839,0.0016612799910652799,0.0023740369795704538,True,False,False,0.0006994365746517742,0.004040504149342563,3000,16
2,genuine-score-topk-v2,20,conditional-threshold-adca2b2968d74fd8698c0283,fiqa_l_5bin,0.01,negative_squared_l2_adc,182159,121736,60423,1208,123,0.009923112308602221,0.009381573456641552,0.01049557957578803,0.00203564867682836,0.0017065434800632943,0.002428067113325978,True,False,False,0.0009199820782406095,0.0035806942312655837,3000,16
2,genuine-score-topk-v2,20,conditional-threshold-c05cfa3663cc9ee0440d3329,global_empirical,0.05,negative_squared_l2_adc,182159,121736,60423,5742,412,0.04716764145363738,0.045990981009142104,0.048372879836746485,0.006818595567912881,0.0061930619247267055,0.007506834327253406,True,True,False,0.003625790112850026,0.011492009942953841,3000,16
2,genuine-score-topk-v2,20,conditional-threshold-6dae676afd73ffdadadf3b07,global_safe,0.05,negative_squared_l2_adc,182159,121736,60423,5466,395,0.04490044029703621,0.04375143997610413,0.04607816163808734,0.006537245750790262,0.005925301732021328,0.007211930657688733,True,True,False,0.003406281974487445,0.01109148483597741,3000,16
2,genuine-score-topk-v2,20,conditional-threshold-9f2eb09d84d5e7a3841e8e5d,fiqa_s_2bin,0.05,negative_squared_l2_adc,182159,121736,60423,5583,403,0.045861536439508445,0.04470071468875535,0.04705101855626426,0.006669645664730318,0.00605127024960848,0.007350745134111017,True,True,False,0.0034702295043596023,0.011421569293923137,3000,16
2,genuine-score-topk-v2,20,conditional-threshold-e53a7294be72a82ef7087efa,fiqa_l_2bin,0.05,negative_squared_l2_adc,182159,121736,60423,5452,398,0.04478543733981731,0.04363786124460243,0.04596174171290877,0.006586895718517783,0.005972532236927098,0.007263993775536502,True,True,False,0.0035055632285305085,0.011022032293809525,3000,16
2,genuine-score-topk-v2,20,conditional-threshold-b3536ab1d8c69c780e57b0b4,fiqa_s_5bin,0.05,negative_squared_l2_adc,182159,121736,60423,5599,393,0.04599296839061576,0.0448305411423725,0.04718404771028171,0.006504145772305248,0.005893819919156856,0.007177216722050846,True,True,False,0.0034799012078139432,0.010959670929324742,3000,16
2,genuine-score-topk-v2,20,conditional-threshold-648866d11b41edec44678044,fiqa_l_5bin,0.05,negative_squared_l2_adc,182159,121736,60423,5669,461,0.04656798317671026,0.04539856276170991,0.04776601937434574,0.007629545040795723,0.006966364134070283,0.008355327956217616,True,True,False,0.004690701003491612,0.011760043201860297,3000,16
2,genuine-score-topk-v2,20,conditional-threshold-0aced337d71a5855d17e9d28,global_empirical,0.1,negative_squared_l2_adc,182159,121736,60423,11211,762,0.0920927252415062,0.09048124976466104,0.09372994346583435,0.012611091802790329,0.011751816246929175,0.01353233599296372,True,True,False,0.007936295299044596,0.018956801349279278,3000,16
2,genuine-score-topk-v2,20,conditional-threshold-f0fb0411e99bd4f7da87dc6e,global_safe,0.1,negative_squared_l2_adc,182159,121736,60423,10879,741,0.08936551225602944,0.08777595158481376,0.09098098778726339,0.012263542028697682,0.011416471480483144,0.013172625400134981,True,True,False,0.007674069245700744,0.018565003196077706,3000,16
2,genuine-score-topk-v2,20,conditional-threshold-701575893bf29ea03f74faf1,fiqa_s_2bin,0.1,negative_squared_l2_adc,182159,121736,60423,10998,731,0.0903430373923901,0.08874557093757575,0.09196635701628388,0.012098042136272611,0.011256846398249467,0.013001271739856863,True,True,False,0.007629860191988595,0.018211640065904897,3000,16
2,genuine-score-topk-v2,20,conditional-threshold-1324b65879c55905b0b8becd,fiqa_l_2bin,0.1,negative_squared_l2_adc,182159,121736,60423,10940,784,0.08986659656962608,0.0882729761873659,0.09148610018881823,0.012975191566125482,0.012103315240199187,0.013908990233219651,True,True,False,0.008162177280281208,0.019381462387057267,3000,16
2,genuine-score-topk-v2,20,conditional-threshold-57cc30732f47f40be3f820bd,fiqa_s_5bin,0.1,negative_squared_l2_adc,182159,121736,60423,11060,719,0.09085233620293093,0.0892507733879158,0.09247972004552792,0.011899442265362527,0.011065351426504975,0.012795592220587203,True,True,False,0.007503851070123335,0.01794469964108995,3000,16
2,genuine-score-topk-v2,20,conditional-threshold-e9e5a671f807907efac82c19,fiqa_l_5bin,0.1,negative_squared_l2_adc,182159,121736,60423,11079,823,0.09100841164487086,0.0894055965704228,0.09263703789708705,0.013620641146583255,0.01272686983842894,0.014576252730785895,True,True,False,0.009244708771394798,0.01922051138624079,3000,16
2,genuine-score-topk-v2,20,conditional-threshold-f5689ae027eec55e655d20a6,global_empirical,0.2,negative_squared_l2_adc,182159,121736,60423,22220,1421,0.18252612210028257,0.18036625941961545,0.18470602033897218,0.023517534713602437,0.022339183637465513,0.024756467733954592,True,True,False,0.016855700417102718,0.031699213163461984,3000,16
2,genuine-score-topk-v2,20,conditional-threshold-677ea931d0ad7e94bf320041,global_safe,0.2,negative_squared_l2_adc,182159,121736,60423,21935,1402,0.18018499047118355,0.1780360768277351,0.18235408741986103,0.023203084917994804,0.022032662543427676,0.024434129217220015,True,True,False,0.01664062805632223,0.03137773942139803,3000,16
2,genuine-score-topk-v2,20,conditional-threshold-6698049c426872eefc680a5a,fiqa_s_2bin,0.2,negative_squared_l2_adc,182159,121736,60423,22151,1408,0.18195932181113228,0.17980209762230454,0.18413661732835884,0.023302384853449844,0.02212945249814427,0.024535926508010494,True,True,False,0.016799656717642806,0.03142175924319215,3000,16
2,genuine-score-topk-v2,20,conditional-threshold-621996dd1e653d2ff4ac2062,fiqa_l_2bin,0.2,negative_squared_l2_adc,182159,121736,60423,22420,1540,0.184169021489124,0.18200155512964863,0.1863564197243717,0.02548698343346077,0.02426021862274847,0.026774079784561977,True,True,False,0.018522462772976356,0.0341043560297934,3000,16
2,genuine-score-topk-v2,20,conditional-threshold-f21deee9c36f63c7e9637de4,fiqa_s_5bin,0.2,negative_squared_l2_adc,182159,121736,60423,22254,1442,0.1828054149963856,0.18064425506975407,0.18498659285505714,0.023865084487695084,0.022678035894491525,0.025112670836203343,True,True,False,0.01721348913859261,0.03212027352084669,3000,16
2,genuine-score-topk-v2,20,conditional-threshold-9666f9f6b4009926563d3c70,fiqa_l_5bin,0.2,negative_squared_l2_adc,182159,121736,60423,22731,1609,0.18672373003877243,0.18454456899595464,0.18892266173146358,0.02662893269119375,0.025375015441922385,0.02794303628871943,True,True,False,0.020176496837145518,0.0344842392325324,3000,16
2,genuine-score-topk-v2,20,conditional-threshold-9cafb43b5dfbbf5df87c5851,global_empirical,0.3,negative_squared_l2_adc,182159,121736,60423,33836,2185,0.2779457186041927,0.2754362173853039,0.28046923351601427,0.036161726494877776,0.0347023840251506,0.03768004327417055,True,True,False,0.02795351533844573,0.04584483939617326,3000,16
2,genuine-score-topk-v2,20,conditional-threshold-078f3c77d4e88815d47c6d1e,global_safe,0.3,negative_squared_l2_adc,182159,121736,60423,33608,2168,0.27607281330091343,0.273568613296933,0.27859114519559175,0.035880376677755156,0.03442663620192297,0.03739312723512813,True,True,False,0.027672915493687056,0.04545421390047397,3000,16
2,genuine-score-topk-v2,20,conditional-threshold-da614d9d37dd27983e861560,fiqa_s_2bin,0.3,negative_squared_l2_adc,182159,121736,60423,33501,2137,0.27519386212788327,0.27269216896169657,0.27770974265477166,0.035367327011237445,0.033923865226985685,0.03686986410827887,True,True,False,0.02732397211389651,0.04463522797440884,3000,16
2,genuine-score-topk-v2,20,conditional-threshold-90df487d1c004dbfce1136fb,fiqa_l_2bin,0.3,negative_squared_l2_adc,182159,121736,60423,33770,2326,0.277403561805875,0.2748955894996467,0.27992558202017853,0.038495274978071266,0.0369903784190067,0.04005884914973074,True,True,False,0.02984340129911449,0.04865381675452522,3000,16
2,genuine-score-topk-v2,20,conditional-threshold-323ea97c6ce7446bc05b366f,fiqa_s_5bin,0.3,negative_squared_l2_adc,182159,121736,60423,33460,2174,0.2748570677531708,0.2723563383763327,0.2773720057455719,0.0359796766132102,0.03452395617883678,0.03749439450372139,True,True,False,0.027761810411870824,0.04543511648898632,3000,16
2,genuine-score-topk-v2,20,conditional-threshold-df55953ddc76aa839563bcd5,fiqa_l_5bin,0.3,negative_squared_l2_adc,182159,121736,60423,33899,2418,0.2784632319116777,0.27595227555900587,0.2809881692973734,0.040017873988381907,0.03848408446432439,0.04161014753552155,True,True,False,0.032194593551647895,0.048759200632775314,3000,16
2,genuine-score-topk-v2,20,conditional-threshold-fca8b405fdd5bff7e228a8d9,global_empirical,0.01,negative_squared_l2_adc,182159,121736,60423,1218,125,0.010005257278044292,0.00946144013572431,0.010579997651476906,0.002068748655313374,0.0017367487301086634,0.0024640576117829676,False,False,False,0.0007687766668960218,0.004071122874888071,3000,17
2,genuine-score-topk-v2,20,conditional-threshold-cb603e4091a4d87c031add1d,global_safe,0.01,negative_squared_l2_adc,182159,121736,60423,1134,118,0.009315239534730893,0.008790870350450203,0.009870575496669285,0.001952898730615825,0.0016311347787680691,0.0023379864433653056,True,True,False,0.0007253869370644811,0.00381151639590809,3000,17
2,genuine-score-topk-v2,20,conditional-threshold-49339cab5441906c158007a0,fiqa_s_2bin,0.01,negative_squared_l2_adc,182159,121736,60423,1099,117,0.009027732141683644,0.008511684109545519,0.009574765095873251,0.001936348741373318,0.0016160715361522463,0.0023199518117299495,True,True,False,0.0006697392609741872,0.003989734377983287,3000,17
2,genuine-score-topk-v2,20,conditional-threshold-3c8b649eec990f59aeef499f,fiqa_l_2bin,0.01,negative_squared_l2_adc,182159,121736,60423,1089,109,0.008945587172241571,0.00843194149943413,0.009490222951213002,0.0018039488274332622,0.001495801195459844,0.002175439158412917,True,True,False,0.0006786728998654512,0.003496443114304556,3000,17
2,genuine-score-topk-v2,20,conditional-threshold-ce86d1ee591461ea0c47d807,fiqa_s_5bin,0.01,negative_squared_l2_adc,182159,121736,60423,1137,118,0.009339883025563515,0.008814806771385754,0.009895924502165225,0.001952898730615825,0.0016311347787680691,0.0023379864433653056,True,True,False,0.0006824423346829068,0.00401656281780778,3000,17
2,genuine-score-topk-v2,20,conditional-threshold-3d26c3ed49ecb2e3e3dc3fd6,fiqa_l_5bin,0.01,negative_squared_l2_adc,182159,121736,60423,1202,121,0.009873825326936978,0.009333658106969673,0.010444924072596928,0.002002548698343346,0.0016763618062255463,0.002392053038661368,True,False,False,0.0009140857325678812,0.0035192203082073615,3000,17
2,genuine-score-topk-v2,20,conditional-threshold-3a1ff4d5495c5655ed2533ac,global_empirical,0.05,negative_squared_l2_adc,182159,121736,60423,5742,412,0.04716764145363738,0.045990981009142104,0.048372879836746485,0.006818595567912881,0.0061930619247267055,0.007506834327253406,True,True,False,0.003625790112850026,0.011492009942953841,3000,17
2,genuine-score-topk-v2,20,conditional-threshold-7518d293e01acc0f6a100bbb,global_safe,0.05,negative_squared_l2_adc,182159,121736,60423,5225,380,0.04292074653348229,0.041796561709504555,0.04407377731469054,0.006288995912152657,0.005689291688566852,0.006951472587375518,True,True,False,0.0032119763076591265,0.01080083212629298,3000,17
2,genuine-score-topk-v2,20,conditional-threshold-5774029443d436b315a276b6,fiqa_s_2bin,0.05,negative_squared_l2_adc,182159,121736,60423,5292,383,0.04347111782874417,0.042339969576229354,0.044631077304935686,0.006338645879880178,0.0057364743339494905,0.007003583564746418,True,True,False,0.0032132780742568675,0.011056632970002686,3000,17
2,genuine-score-topk-v2,20,conditional-threshold-9a985ca80c4014b48684c107,fiqa_l_2bin,0.05,negative_squared_l2_adc,182159,121736,60423,5188,380,0.04261681014654663,0.04149649263142776,0.04376599280011228,0.006288995912152657,0.005689291688566852,0.006951472587375518,True,True,False,0.0032986348452009977,0.010622753964508775,3000,17
2,genuine-score-topk-v2,20,conditional-threshold-00f83fcbebc7a4805e68ee87,fiqa_s_5bin,0.05,negative_squared_l2_adc,182159,121736,60423,5318,381,0.043684694749293554,0.04255085782933168,0.04484732941423961,0.006305545901395164,0.005705018141795591,0.00696884400839796,True,True,False,0.0033255782475437403,0.010697467957980284,3000,17
2,genuine-score-topk-v2,20,conditional-threshold-edc21860e32dd0bcd0327dbd,fiqa_l_5bin,0.05,negative_squared_l2_adc,182159,121736,60423,5575,462,0.045795820463954785,0.044635802454854434,0.04698450298634785,0.007646095030038231,0.006982167606439899,0.008372622358099182,True,True,False,0.004694223853729918,0.01183582038781912,3000,17
2,genuine-score-topk-v2,20,conditional-threshold-db8f7b1e5fff98d15edd1940,global_empirical,0.1,negative_squared_l2_adc,182159,121736,60423,11211,762,0.0920927252415062,0.09048124976466104,0.09372994346583435,0.012611091802790329,0.011751816246929175,0.01353233599296372,True,True,False,0.007936295299044596,0.018956801349279278,3000,17
2,genuine-score-topk-v2,20,conditional-threshold-d63370dd977a221e33b3cbda,global_safe,0.1,negative_squared_l2_adc,182159,121736,60423,10209,686,0.08386179930341066,0.08231785460753203,0.08543200619484563,0.011353292620359797,0.01053906231622663,0.012229651480576632,True,True,False,0.006988288496692286,0.017420715764824204,3000,17
2,genuine-score-topk-v2,20,conditional-threshold-10f4d4fb5b0c2673141d4894,fiqa_s_2bin,0.1,negative_squared_l2_adc,182159,121736,60423,10257,682,0.0842560951567326,0.08270881807129014,0.08582960955399137,0.011287092663389769,0.010475302914014722,0.012161019385783818,True,True,False,0.0069650170258761,0.01726096460795952,3000,17
2,genuine-score-topk-v2,20,conditional-threshold-53ad282fbf95dba9be5c63e0,fiqa_l_2bin,0.1,negative_squared_l2_adc,182159,121736,60423,10169,729,0.08353321942564237,0.08199205954898518,0.08510066223430594,0.012064942157787598,0.011224926359457729,0.012966996030146243,True,True,False,0.007512948771847282,0.018231558738159327,3000,17
2,genuine-score-topk-v2,20,conditional-threshold-e5b5ed3cfe59d1deb80c6652,fiqa_s_5bin,0.1,negative_squared_l2_adc,182159,121736,60423,10330,677,0.08485575343365973,0.0833034278426135,0.08643427849250095,0.011204342717177233,0.010395614067147651,0.012075218861394994,True,True,False,0.006973965378847993,0.017063051345886277,3000,17
2,genuine-score-topk-v2,20,conditional-threshold-a9bc869af2e3e93581e838aa,fiqa_l_5bin,0.1,negative_squared_l2_adc,182159,121736,60423,10656,798,0.08753367943747124,0.08595909012580506,0.08913429921486464,0.01320689141552058,0.0123270916692693,0.01414858404366605,True,True,False,0.008904461054452792,0.018748154730351945,3000,17
2,genuine-score-topk-v2,20,conditional-threshold-30f15f56ab950793d3680365,global_empirical,0.2,negative_squared_l2_adc,182159,121736,60423,22220,1421,0.18252612210028257,0.18036625941961545,0.18470602033897218,0.023517534713602437,0.022339183637465513,0.024756467733954592,True,True,False,0.016855700417102718,0.031699213163461984,3000,17
2,genuine-score-topk-v2,20,conditional-threshold-b6deff037e2c1f1ecb0d95d1,global_safe,0.2,negative_squared_l2_adc,182159,121736,60423,20212,1296,0.16603141223631465,0.16395165723263588,0.1681322437678076,0.021448786058289062,0.020323690176841394,0.02263472691318128,True,True,False,0.015070437159033697,0.02939088604931713,3000,17
2,genuine-score-topk-v2,20,conditional-threshold-b2d3f5eebc5f0f620bb7e12e,fiqa_s_2bin,0.2,negative_squared_l2_adc,182159,121736,60423,20677,1320,0.16985115331537096,0.16775221809051924,0.17197092400680522,0.02184598580010923,0.020710459049840837,0.023042307022210145,True,True,False,0.015479611683575156,0.029871958549100408,3000,17
2,genuine-score-topk-v2,20,conditional-threshold-2a9fb61a8ee63d7c27e7526a,fiqa_l_2bin,0.2,negative_squared_l2_adc,182159,121736,60423,20880,1431,0.171518696195045,0.1694115096340985,0.17364661298509015,0.023683034606027505,0.022500533325779032,0.024926096788152857,True,True,False,0.01690940048307718,0.03208384501845506,3000,17
2,genuine-score-topk-v2,20,conditional-threshold-f572b80bf72500500adeefe9,fiqa_s_5bin,0.2,negative_squared_l2_adc,182159,121736,60423,20809,1352,0.1709354669120063,0.16883115795367712,0.17306054290663295,0.022375585455869453,0.0212263068762673,0.023585591171821425,True,True,False,0.016036387783154728,0.03031358984927493,3000,17
2,genuine-score-topk-v2,20,conditional-threshold-e244986f42fb2b73b4bf7dbc,fiqa_l_5bin,0.2,negative_squared_l2_adc,182159,121736,60423,21514,1528,0.17672668725767235,0.17459419610647875,0.17887957996523157,0.025288383562550684,0.02406640745348367,0.026570716462812626,True,True,False,0.019007340039291748,0.03280047389939134,3000,17
2,genuine-score-topk-v2,20,conditional-threshold-4688fcf9ad85c3854295cae8,global_empirical,0.3,negative_squared_l2_adc,182159,121736,60423,33836,2185,0.2779457186041927,0.2754362173853039,0.28046923351601427,0.036161726494877776,0.0347023840251506,0.03768004327417055,True,True,False,0.02795351533844573,0.04584483939617326,3000,17
2,genuine-score-topk-v2,20,conditional-threshold-b5f3e8503e4dc416beffadd6,global_safe,0.3,negative_squared_l2_adc,182159,121736,60423,31170,2006,0.25604586975093646,0.253601876075024,0.2585052592041764,0.033199278420469026,0.031800192710567894,0.03465771509779215,True,True,False,0.025316575533028653,0.04261411793129098,3000,17
2,genuine-score-topk-v2,20,conditional-threshold-bad15b81f1b3298b5d4a9f38,fiqa_s_2bin,0.3,negative_squared_l2_adc,182159,121736,60423,30912,1975,0.25392652953933104,0.2514892949286259,0.2563792936774663,0.03268622875395131,0.03129787699639565,0.03413399671017783,True,True,False,0.02493102245733653,0.041781974830152335,3000,17
2,genuine-score-topk-v2,20,conditional-threshold-d70f34dce1fe26eec5df79cd,fiqa_l_2bin,0.3,negative_squared_l2_adc,182159,121736,60423,31530,2174,0.25900308865085103,0.25654979037621406,0.2614715960747651,0.0359796766132102,0.03452395617883678,0.03749439450372139,True,True,False,0.027780810068511984,0.04585684747829106,3000,17
2,genuine-score-topk-v2,20,conditional-threshold-ff04562fc116193b55fb2cce,fiqa_s_5bin,0.3,negative_squared_l2_adc,182159,121736,60423,31351,2048,0.25753269369783793,0.25508400351686883,0.2599966858236981,0.03389437796865432,0.03248089456163179,0.035367123965277775,True,True,False,0.025877152141564434,0.043104986130348445,3000,17
2,genuine-score-topk-v2,20,conditional-threshold-c2a020883719f65e1a1899e1,fiqa_l_5bin,0.3,negative_squared_l2_adc,182159,121736,60423,32526,2349,0.26718472760728135,0.26470644280596245,0.26967770522027157,0.03887592473064892,0.03736374553532362,0.040446733141190946,True,True,False,0.031117987139861105,0.047613632530014605,3000,17
2,genuine-score-topk-v2,20,conditional-threshold-4bd1d06c37edafea0c557792,global_empirical,0.01,negative_squared_l2_adc,182159,121736,60423,1218,125,0.010005257278044292,0.00946144013572431,0.010579997651476906,0.002068748655313374,0.0017367487301086634,0.0024640576117829676,False,False,False,0.0007687766668960218,0.004071122874888071,3000,18
2,genuine-score-topk-v2,20,conditional-threshold-f37ef884e22c3fa4147f2898,global_safe,0.01,negative_squared_l2_adc,182159,121736,60423,1092,114,0.008970230663074194,0.008455863099065158,0.009515586778013467,0.0018866987736457972,0.0015709202243808773,0.0022658095007477806,True,True,False,0.0007032773341841897,0.0036715305979903206,3000,18
2,genuine-score-topk-v2,20,conditional-threshold-4bb11b605b7e153b96ec9b80,fiqa_s_2bin,0.01,negative_squared_l2_adc,182159,121736,60423,1102,117,0.009052375632516265,0.008535609080424332,0.009600125551425929,0.001936348741373318,0.0016160715361522463,0.0023199518117299495,True,True,False,0.0006608791845749687,0.003956464043625313,3000,18
2,genuine-score-topk-v2,20,conditional-threshold-884277ee329b537c519df3bb,fiqa_l_2bin,0.01,negative_squared_l2_adc,182159,121736,60423,1068,108,0.008773082736413222,0.008264519108171305,0.009312647357455397,0.0017873988381907552,0.001480798171983755,0.002157344307637827,True,True,False,0.0006748159712978662,0.003484533072153281,3000,18
2,genuine-score-topk-v2,20,conditional-threshold-e1f1a179cb07380ca004fdae,fiqa_s_5bin,0.01,negative_squared_l2_adc,182159,121736,60423,1104,114,0.00906880462640468,0.008551559618213649,0.009617031964590938,0.0018866987736457972,0.0015709202243808773,0.0022658095007477806,True,True,False,0.0006691874728721743,0.003783991237772214,3000,18
2,genuine-score-topk-v2,20,conditional-threshold-4ac4adfbaf77a4d8f49a5f01,fiqa_l_5bin,0.01,negative_squared_l2_adc,182159,121736,60423,1146,116,0.009413813498061379,0.008886621761504232,0.009971965791341218,0.001919798752130811,0.0016010146416361119,0.0023019108319949043,True,True,False,0.0008337654151102129,0.0034369012101882436,3000,18
2,genuine-score-topk-v2,20,conditional-threshold-4e6a82f6920bdab4ecffaf02,global_empirical,0.05,negative_squared_l2_adc,182159,121736,60423,5742,412,0.04716764145363738,0.045990981009142104,0.048372879836746485,0.006818595567912881,0.0061930619247267055,0.007506834327253406,True,True,False,0.003625790112850026,0.011492009942953841,3000,18
2,genuine-score-topk-v2,20,conditional-threshold-3dd4ad9c5fffa7056da99c16,global_safe,0.05,negative_squared_l2_adc,182159,121736,60423,5638,404,0.046313333771439834,0.045147004156511156,0.04750829523975243,0.0066861956539728245,0.006067020893700952,0.007368092364269723,True,True,False,0.003523862188813865,0.011321919675200642,3000,18
2,genuine-score-topk-v2,20,conditional-threshold-4d1a49a6f7178a65d176f8a4,fiqa_s_2bin,0.05,negative_squared_l2_adc,182159,121736,60423,5617,402,0.046140829335611484,0.04497659905629968,0.04733370235494347,0.006653095675487811,0.006035520614368213,0.007333396895100104,True,True,False,0.0034616820441968703,0.011399469645498374,3000,18
2,genuine-score-topk-v2,20,conditional-threshold-a4788de52eacc69b29b9ef73,fiqa_l_2bin,0.05,negative_squared_l2_adc,182159,121736,60423,5597,411,0.04597653939672734,0.04481431269114237,0.04716741921055751,0.006802045578670374,0.006177303341465561,0.007489495036263371,True,True,False,0.003689839626293293,0.01129973918663912,3000,18
2,genuine-score-topk-v2,20,conditional-threshold-14cc165569c15967112b029c,fiqa_s_5bin,0.05,negative_squared_l2_adc,182159,121736,60423,5695,398,0.046781560097259645,0.04560955490526345,0.04798216759319845,0.006586895718517783,0.005972532236927098,0.007263993775536502,True,True,False,0.0035104166043248754,0.011134340090691228,3000,18
2,genuine-score-topk-v2,20,conditional-threshold-64f8dc8988e46220327db4e9,fiqa_l_5bin,0.05,negative_squared_l2_adc,182159,121736,60423,5717,470,0.0469622790300322,0.04578809203284703,0.04816505692611246,0.0077784949439782865,0.007108624811157369,0.008510948147391147,True,True,False,0.004824884474156321,0.012017075789144484,3000,18
2,genuine-score-topk-v2,20,conditional-threshold-016cba59449a12dd46a1ce18,global_empirical,0.1,negative_squared_l2_adc,182159,121736,60423,11211,762,0.0920927252415062,0.09048124976466104,0.09372994346583435,0.012611091802790329,0.011751816246929175,0.01353233599296372,True,True,False,0.007936295299044596,0.018956801349279278,3000,18
2,genuine-score-topk-v2,20,conditional-threshold-2e074ca25755c33c65ebf1bd,global_safe,0.1,negative_squared_l2_adc,182159,121736,60423,11197,761,0.09197772228428731,0.0903671620787696,0.09361403249504555,0.012594541813547822,0.011735843469886691,0.013515210895755022,True,True,False,0.0079228726461672,0.018956387380310392,3000,18
2,genuine-score-topk-v2,20,conditional-threshold-13573bd66e7122a042f1febe,fiqa_s_2bin,0.1,negative_squared_l2_adc,182159,121736,60423,11293,747,0.0927663139909312,0.0911494930226431,0.09440883519697975,0.012362841964152724,0.01151226620220825,0.013275417923916955,True,True,False,0.007830914665548708,0.018580383534308225,3000,18
2,genuine-score-topk-v2,20,conditional-threshold-07399271083de243138b0e78,fiqa_l_2bin,0.1,negative_squared_l2_adc,182159,121736,60423,11057,789,0.09082769271209831,0.08922632775388654,0.09245488025312572,0.013057941512338017,0.012183227032806648,0.01399456781186809,True,True,False,0.008232107822999043,0.019453634394053974,3000,18
2,genuine-score-topk-v2,20,conditional-threshold-c9add4d29d06b18da8424686,fiqa_s_5bin,0.1,negative_squared_l2_adc,182159,121736,60423,11407,752,0.09370276664257081,0.09207855743893174,0.09535261698508772,0.012445591910365258,0.011592106251430638,0.013361067245950459,True,True,False,0.007925224596838002,0.018675450629150315,3000,18
2,genuine-score-topk-v2,20,conditional-threshold-3a8c93665b647217bd99ab82,fiqa_l_5bin,0.1,negative_squared_l2_adc,182159,121736,60423,11335,849,0.0931113228625879,0.09149177408129869,0.094756550108365,0.014050940866888437,0.01314287110410113,0.01502079619564437,True,True,False,0.009640040371424463,0.019781686433928133,3000,18
2,genuine-score-topk-v2,20,conditional-threshold-101a37ecfb29805b12dcaee7,global_empirical,0.2,negative_squared_l2_adc,182159,121736,60423,22220,1421,0.18252612210028257,0.18036625941961545,0.18470602033897218,0.023517534713602437,0.022339183637465513,0.024756467733954592,True,True,False,0.016855700417102718,0.031699213163461984,3000,18
2,genuine-score-topk-v2,20,conditional-threshold-4616a7b1464bbf90bc7e405d,global_safe,0.2,negative_squared_l2_adc,182159,121736,60423,22069,1413,0.1812857330617073,0.17913165468934616,0.18345992527218985,0.02338513479966238,0.022210115163646828,0.024620753213763835,True,True,False,0.01676252942214699,0.031540462704746454,3000,18
2,genuine-score-topk-v2,20,conditional-threshold-7a08709ad1d0484c886a4faa,fiqa_s_2bin,0.2,negative_squared_l2_adc,182159,121736,60423,22368,1428,0.18374186764802525,0.1815763719570335,0.18592732217217436,0.023633384638299986,0.022452126783184492,0.024875209707993867,True,True,False,0.01708403507134504,0.03172438151647861,3000,18
2,genuine-score-topk-v2,20,conditional-threshold-5d68f0d163f0e314d73edafe,fiqa_l_2bin,0.2,negative_squared_l2_adc,182159,121736,60423,22232,1521,0.18262469606361306,0.18046437531459242,0.1848050461497212,0.025172533637853135,0.023953360296491626,0.026452078500046414,True,True,False,0.01823621714850152,0.03375548638964004,3000,18
2,genuine-score-topk-v2,20,conditional-threshold-05f12e1692b03c42c8cdfa22,fiqa_s_5bin,0.2,negative_squared_l2_adc,182159,121736,60423,22373,1440,0.18378294013274626,0.18161725476290316,0.1859685817436905,0.02383198450921007,0.02264576131347236,0.025078749668720153,True,True,False,0.01720396200486881,0.03199534785114221,3000,18
2,genuine-score-topk-v2,20,conditional-threshold-53fb62610fae9f6ba241c96b,fiqa_l_5bin,0.2,negative_squared_l2_adc,182159,121736,60423,22812,1624,0.18738910429125322,0.18520692288722165,0.18959101435384682,0.026877182529831355,0.02561744631116497,0.028197073533244542,True,True,False,0.02044953297497169,0.03452220202980856,3000,18
2,genuine-score-topk-v2,20,conditional-threshold-7f856bc904bac2f598146d9f,global_empirical,0.3,negative_squared_l2_adc,182159,121736,60423,33836,2185,0.2779457186041927,0.2754362173853039,0.28046923351601427,0.036161726494877776,0.0347023840251506,0.03768004327417055,True,True,False,0.02795351533844573,0.04584483939617326,3000,18
2,genuine-score-topk-v2,20,conditional-threshold-905da874a143d70fc74a6b8b,global_safe,0.3,negative_squared_l2_adc,182159,121736,60423,33522,2165,0.27536636656371166,0.2728641804419266,0.27788272915956214,0.03583072671002764,0.03437797735752007,0.037342492456777496,True,True,False,0.02762422460701298,0.04540462036175839,3000,18
2,genuine-score-topk-v2,20,conditional-threshold-b44b8c2c66a3d7684bd9dcb3,fiqa_s_2bin,0.3,negative_squared_l2_adc,182159,121736,60423,33522,2144,0.27536636656371166,0.2728641804419266,0.27788272915956214,0.035483176935934994,0.03403738694552347,0.03698802750949934,True,True,False,0.02737742806578578,0.04471117892438679,3000,18
2,genuine-score-topk-v2,20,conditional-threshold-155ec984ead4c8dc89ce1363,fiqa_l_2bin,0.3,negative_squared_l2_adc,182159,121736,60423,33758,2327,0.27730498784254454,0.2747972940143321,0.2798267357997672,0.03851182496731377,0.03700661093317382,0.04007571450981481,True,True,False,0.029925526974991006,0.04857102683143391,3000,18
2,genuine-score-topk-v2,20,conditional-threshold-6797f2a73237935bda22f110,fiqa_s_5bin,0.3,negative_squared_l2_adc,182159,121736,60423,33487,2181,0.2750788591706644,0.2725774949021357,0.2775944180576523,0.03609552653790775,0.034637499994149445,0.03761253580816698,True,True,False,0.027915744745958253,0.045569892318129634,3000,18
2,genuine-score-topk-v2,20,conditional-threshold-320da7b100d7b2091ecb7b90,fiqa_l_5bin,0.3,negative_squared_l2_adc,182159,121736,60423,34297,2455,0.28173260169547215,0.279212548825165,0.28426642927112533,0.04063022359035467,0.03908498895278907,0.04223386439435051,True,True,False,0.032819165212317224,0.049415280438591315,3000,18
2,genuine-score-topk-v2,20,conditional-threshold-59eb2880411a849dd7747098,global_empirical,0.01,negative_squared_l2_adc,182159,121736,60423,1218,125,0.010005257278044292,0.00946144013572431,0.010579997651476906,0.002068748655313374,0.0017367487301086634,0.0024640576117829676,False,False,False,0.0007687766668960218,0.004071122874888071,3000,8972
2,genuine-score-topk-v2,20,conditional-threshold-a7106b9216d1a5fc011bcfd7,global_safe,0.01,negative_squared_l2_adc,182159,121736,60423,1216,125,0.009988828284155878,0.009445466028041069,0.01056311480820582,0.002068748655313374,0.0017367487301086634,0.0024640576117829676,True,False,False,0.0007687766668960218,0.004071122874888071,3000,8972
2,genuine-score-topk-v2,20,conditional-threshold-d518575f7300f4291b095118,fiqa_s_2bin,0.01,negative_squared_l2_adc,182159,121736,60423,1151,121,0.009454885982782414,0.008926522663144303,0.010014207267086964,0.002002548698343346,0.0016763618062255463,0.002392053038661368,True,False,False,0.0007002470618200532,0.004108142151145932,3000,8972
2,genuine-score-topk-v2,20,conditional-threshold-d687fd1741adf24a88a9b4b8,fiqa_l_2bin,0.01,negative_squared_l2_adc,182159,121736,60423,1127,112,0.009257738056121442,0.008735022444593194,0.00981142407418615,0.001853598795160783,0.0015408521998695373,0.0022296817767567616,True,True,False,0.0007038031792322134,0.003601234726783608,3000,8972
2,genuine-score-topk-v2,20,conditional-threshold-aa6d3b22c519c54f450fcd10,fiqa_s_5bin,0.01,negative_squared_l2_adc,182159,121736,60423,1177,122,0.0096684629033318,0.009134049059739396,0.010233821232898118,0.0020190986875858533,0.0016914496603493163,0.0024100630587887773,True,False,False,0.0007030438139186867,0.0041058762480554135,3000,8972
2,genuine-score-topk-v2,20,conditional-threshold-5266d27e1768e892ffd05f0c,fiqa_l_5bin,0.01,negative_squared_l2_adc,182159,121736,60423,1261,125,0.010358480646645199,0.009804974830376026,0.010942887402343216,0.002068748655313374,0.0017367487301086634,0.0024640576117829676,False,False,False,0.0009564294395744306,0.0036104901943779383,3000,8972
2,genuine-score-topk-v2,20,conditional-threshold-bb04da7585d7b78ee19a1ccf,global_empirical,0.05,negative_squared_l2_adc,182159,121736,60423,5742,412,0.04716764145363738,0.045990981009142104,0.048372879836746485,0.006818595567912881,0.0061930619247267055,0.007506834327253406,True,True,False,0.003625790112850026,0.011492009942953841,3000,8972
2,genuine-score-topk-v2,20,conditional-threshold-9cb37a0ee56048f94f0e921a,global_safe,0.05,negative_squared_l2_adc,182159,121736,60423,5722,410,0.04700335151475324,0.04582866932907752,0.0482066220072678,0.006785495589427867,0.006161545738008698,0.0074721547654690535,True,True,False,0.003592483554548512,0.011452325524072389,3000,8972
2,genuine-score-topk-v2,20,conditional-threshold-055a24801a86bdc160ca86f5,fiqa_s_2bin,0.05,negative_squared_l2_adc,182159,121736,60423,5734,411,0.04710192547808372,0.045926055858724175,0.048306377183347106,0.006802045578670374,0.006177303341465561,0.007489495036263371,True,True,False,0.0035504491205202685,0.01159572641484122,3000,8972
2,genuine-score-topk-v2,20,conditional-threshold-797be06853b2f95413d29380,fiqa_l_2bin,0.05,negative_squared_l2_adc,182159,121736,60423,5585,411,0.04587796543339686,0.04471694285078183,0.0470676473451921,0.006802045578670374,0.006177303341465561,0.007489495036263371,True,True,False,0.0036889633934296296,0.011304998159161236,3000,8972
2,genuine-score-topk-v2,20,conditional-threshold-929336e4be51ec259ff84da1,fiqa_s_5bin,0.05,negative_squared_l2_adc,182159,121736,60423,5651,400,0.04642012223171453,0.04525249528513111,0.04761637429233561,0.006619995697002797,0.006004024385397237,0.007298697375568722,True,True,False,0.0035266333180736836,0.01115248459847338,3000,8972
2,genuine-score-topk-v2,20,conditional-threshold-4c719030fb35d9e89b15385d,fiqa_l_5bin,0.05,negative_squared_l2_adc,182159,121736,60423,5725,462,0.04702799500558586,0.04585301582675165,0.04823156093602517,0.007646095030038231,0.006982167606439899,0.008372622358099182,True,True,False,0.004661279603647624,0.011836373416889895,3000,8972
2,genuine-score-topk-v2,20,conditional-threshold-786a8d6e0b48fae5ce925e67,global_empirical,0.1,negative_squared_l2_adc,182159,121736,60423,11211,762,0.0920927252415062,0.09048124976466104,0.09372994346583435,0.012611091802790329,0.011751816246929175,0.01353233599296372,True,True,False,0.007936295299044596,0.018956801349279278,3000,8972
2,genuine-score-topk-v2,20,conditional-threshold-68cb0a5f61d7176b745dd087,global_safe,0.1,negative_squared_l2_adc,182159,121736,60423,11137,756,0.09148485246763488,0.08987822358458113,0.09311726246060419,0.012511791867335286,0.011655985494212082,0.013429579500173736,True,True,False,0.00789237524097748,0.01884192288157826,3000,8972
2,genuine-score-topk-v2,20,conditional-threshold-e80d1361e9ea6b6e9fc6e181,fiqa_s_2bin,0.1,negative_squared_l2_adc,182159,121736,60423,11035,728,0.09064697377932575,0.08904706086988548,0.09227272067662917,0.01204839216854509,0.011208966967732633,0.012949857547620161,True,True,False,0.007590223921105703,0.018145189348431436,3000,8972
2,genuine-score-topk-v2,20,conditional-threshold-b479da4fc6fbe9805682bff5,fiqa_l_2bin,0.1,negative_squared_l2_adc,182159,121736,60423,10965,782,0.09007195899323125,0.08847667915588268,0.09169310910723054,0.012942091587640469,0.012071353150361671,0.013874756574554808,True,True,False,0.008130215886706078,0.019422452074485563,3000,8972
2,genuine-score-topk-v2,20,conditional-threshold-fa41960a962e2973eb2cbad3,fiqa_s_5bin,0.1,negative_squared_l2_adc,182159,121736,60423,11154,728,0.0916244989156864,0.09001675471715781,0.09325801541113929,0.01204839216854509,0.011208966967732633,0.012949857547620161,True,True,False,0.007585223354834728,0.018120409967467777,3000,8972
2,genuine-score-topk-v2,20,conditional-threshold-a3b831eb2fd4751ece5aa124,fiqa_l_5bin,0.1,negative_squared_l2_adc,182159,121736,60423,11255,837,0.09245416310705132,0.0908398160578674,0.0940942300936232,0.013852340995978353,0.012950841808838542,0.014815650999892804,True,True,False,0.0094355628234503,0.01950323244730068,3000,8972
2,genuine-score-topk-v2,20,conditional-threshold-23d8a5ef746a4a43168cef2c,global_empirical,0.2,negative_squared_l2_adc,182159,121736,60423,22220,1421,0.18252612210028257,0.18036625941961545,0.18470602033897218,0.023517534713602437,0.022339183637465513,0.024756467733954592,True,True,False,0.016855700417102718,0.031699213163461984,3000,8972
2,genuine-score-topk-v2,20,conditional-threshold-cdd19a1026dfc0d9dc09179f,global_safe,0.2,negative_squared_l2_adc,182159,121736,60423,22111,1413,0.181630741933364,0.179475050900184,0.18380652503139283,0.02338513479966238,0.022210115163646828,0.024620753213763835,True,True,False,0.01676252942214699,0.031540462704746454,3000,8972
2,genuine-score-topk-v2,20,conditional-threshold-1ab53425923470ecabcdf28f,fiqa_s_2bin,0.2,negative_squared_l2_adc,182159,121736,60423,22281,1415,0.1830272064138792,0.18086501767294397,0.18520939908975068,0.023418234778147393,0.02224238133719328,0.024654682788719746,True,True,False,0.016902270544098708,0.03154008919618523,3000,8972
2,genuine-score-topk-v2,20,conditional-threshold-b491b9593fa208984657ccc3,fiqa_l_2bin,0.2,negative_squared_l2_adc,182159,121736,60423,21893,1489,0.17983998159952685,0.1776926929102506,0.18200747536730463,0.024642933982092913,0.023436662556330954,0.025909644264169345,True,True,False,0.01768884739580194,0.033090084951502396,3000,8972
2,genuine-score-topk-v2,20,conditional-threshold-3c4a41c21a116fc4259be1b7,fiqa_s_5bin,0.2,negative_squared_l2_adc,182159,121736,60423,22154,1430,0.1819839653019649,0.1798266262329573,0.18416137414413752,0.023666484616785,0.022484397656240336,0.02490913458344038,True,True,False,0.017091584269470658,0.03177560395579933,3000,8972
2,genuine-score-topk-v2,20,conditional-threshold-1b62a26d214804f6743b2e5f,fiqa_l_5bin,0.2,negative_squared_l2_adc,182159,121736,60423,22395,1579,0.18396365906551881,0.18179713959297872,0.18615012337411252,0.02613243301391854,0.024890242344773664,0.027434873158332772,True,True,False,0.019720974603917387,0.033774130932675075,3000,8972
2,genuine-score-topk-v2,20,conditional-threshold-cd634006dea598a987fe394b,global_empirical,0.3,negative_squared_l2_adc,182159,121736,60423,33836,2185,0.2779457186041927,0.2754362173853039,0.28046923351601427,0.036161726494877776,0.0347023840251506,0.03768004327417055,True,True,False,0.02795351533844573,0.04584483939617326,3000,8972
2,genuine-score-topk-v2,20,conditional-threshold-4be6f85ade6e0d20d2accbd2,global_safe,0.3,negative_squared_l2_adc,182159,121736,60423,33794,2182,0.277600709732536,0.27509218092635424,0.280123274004923,0.036112076527150254,0.03465372087592994,0.03762941280063767,True,True,False,0.02788632276145812,0.045810666051464374,3000,8972
2,genuine-score-topk-v2,20,conditional-threshold-a23b472c52dd8b8f9bea66c9,fiqa_s_2bin,0.3,negative_squared_l2_adc,182159,121736,60423,33560,2136,0.27567851744759153,0.27317544050245285,0.27819575116716816,0.035350777021994934,0.033907648184487986,0.03685298327652537,True,True,False,0.02724238005225493,0.04460363999134891,3000,8972
2,genuine-score-topk-v2,20,conditional-threshold-44431106dd536d9843f0f7d6,fiqa_l_2bin,0.3,negative_squared_l2_adc,182159,121736,60423,33583,2309,0.2758674508773083,0.2733638354946906,0.27838521111090514,0.038213925160948646,0.03671443744049498,0.03977212626597241,True,True,False,0.029633276484783377,0.04837651095875899,3000,8972
2,genuine-score-topk-v2,20,conditional-threshold-f4ddf309dc3827340290b6ee,fiqa_s_5bin,0.3,negative_squared_l2_adc,182159,121736,60423,33450,2184,0.2747749227837287,0.27227442874894126,0.2772896306181917,0.03614517650563527,0.03468616289148602,0.037663166533583946,True,True,False,0.02795025640395105,0.04565459656586791,3000,8972
2,genuine-score-topk-v2,20,conditional-threshold-59869390bac00db6746843ab,fiqa_l_5bin,0.3,negative_squared_l2_adc,182159,121736,60423,33807,2415,0.27770749819281065,0.27519866820294536,0.2802303569095349,0.039968224020654385,0.038435366797756665,0.041559571579335736,True,True,False,0.03215681574175157,0.04867731864017565,3000,8972
