dataset,model_uid,run_id,extraction_uid,origin_embedding_artifact_uid,compression_family,compression_profile,sample_count,origin_dimension,search_dimension,reconstruction_available,metric_vector_source,mean_reconstruction_mse,p95_reconstruction_mse,mean_angular_error_rad,p95_angular_error_rad,mean_cosine_to_origin,p05_cosine_to_origin,compression_origin_fallback_count,storage_bytes_per_embedding,codebook_bytes,codebook_bytes_source,codec_parameter_bytes_x,codec_parameter_bytes_source_x,summary_artifact_type,summary_claim_status,derived_evaluation_paper_eligible,protocol_uid,search_mode,origin_score_space,compressed_score_space,score_spaces_comparable,frozen_origin_threshold_applicable,latency_measurement_repeats,latency_timer,compressed_index_build_latency_ms,compressed_gallery_add_latency_ms,compressed_gallery_encode_latency_ms,origin_search_latency_ms_total,compressed_search_latency_ms_total,compressed_search_latency_ms_per_query,compressed_search_queries_per_second,gallery_template_count,origin_storage_bytes_per_embedding,origin_gallery_storage_bytes,compressed_gallery_storage_bytes,amortized_storage_bytes_per_gallery_template,threshold_policy,target_fpir,threshold_source_split,evaluation_split,top_k,query_count,mated_count,non_mated_count,decision_threshold,origin_decision_threshold,compressed_decision_threshold,origin_rank1_correct_count,origin_rank1_rate,compressed_rank1_correct_count,compressed_rank1_rate,origin_top_k_correct_count,origin_top_k_rate,compressed_top_k_correct_count,compressed_top_k_rate,origin_accepted_count,compressed_accepted_count,origin_dir_rank1_count,origin_dir_rank1_denominator,origin_dir_rank1,origin_dir_rank1_wilson95_low,origin_dir_rank1_wilson95_high,compressed_dir_rank1_count,compressed_dir_rank1_denominator,compressed_dir_rank1,compressed_dir_rank1_wilson95_low,compressed_dir_rank1_wilson95_high,both_dir_rank1_count,compressed_minus_origin_dir_rank1,compressed_minus_origin_dir_rank1_paired_bootstrap95_low,compressed_minus_origin_dir_rank1_paired_bootstrap95_high,origin_false_accept_count,origin_fpir_denominator,origin_fpir,origin_realized_fpir,origin_fpir_wilson95_low,origin_fpir_wilson95_high,compressed_false_accept_count,compressed_fpir_denominator,compressed_fpir,compressed_realized_fpir,compressed_fpir_wilson95_low,compressed_fpir_wilson95_high,both_false_accept_count,compressed_minus_origin_fpir,compressed_minus_origin_fpir_paired_bootstrap95_low,compressed_minus_origin_fpir_paired_bootstrap95_high,confidence_interval_unit,rate_confidence_interval_method,difference_confidence_interval_method,difference_confidence_interval_resamples,difference_confidence_interval_random_seed,agreement_with_origin_count,agreement_with_origin_rate,mean_top_k_identity_jaccard,mean_top1_score_drift,mean_abs_top1_score_drift,threshold_crossing_count,threshold_crossing_rate,accept_to_reject_count,accept_to_reject_rate,reject_to_accept_count,reject_to_accept_rate,origin_decision_correct_count,origin_decision_correct_rate,compressed_decision_correct_count,compressed_decision_correct_rate,retrieval_origin_fallback_count,codec_parameter_bytes_y,codec_parameter_bytes_source_y
rfw_custom,adaface-4df25b75e065b0b9ed43,20260811-R001-84619ab9,population-d5c97c8bdbf5139067504002,origin-embedding-fe13c1e6e93cb094107568d9,pca,pca_32,40520,512,32,True,reconstruction,0.00159987342512,0.00174349578854,1.13487003628,1.23697222665,0.42138633085,0.327658410882,0,128,0,not_applicable,67584,pca_components_and_mean,step4_search_space_multi_fpir_v4,validation_required,True,rfw-custom-identity-balanced-open-set-v1-60b0908dc11e16d8,pca_direct_cosine,cosine_similarity,cosine_similarity,True,True,1,time.perf_counter,,,,1077.2705,1015.9982,0.067449923654,14825.8136678,1200,2048,2457600,221184,184.32,frozen_origin,0.01,calibration,test,20,15063,3104,11959,0.335373580456,0.335373580456,0.335373580456,3098,0.998067010309,2338,0.753221649485,3104,1,2926,0.942654639175,3161,15063,3069,3104,0.988724226804,0.984359123063,0.991881151803,2338,3104,0.753221649485,0.737747712896,0.768069594978,2337,-0.23550257732,-0.249677835052,-0.220360824742,92,11959,0.00769295091563,0.00769295091563,0.00627740689356,0.00942467019802,11959,11959,1,1,0.999678884082,1,92,0.992307049084,0.990718287482,0.993812191655,probe,wilson_score,paired_nonparametric_bootstrap_percentile,2000,42,2733,0.181437960566,0.0903291821898,0.272466258316,0.277704087239,11902,0.790148044878,0,0,11902,0.790148044878,14936,0.991568744606,2338,0.155214764655,0,67584,pca_components_and_mean
rfw_custom,adaface-4df25b75e065b0b9ed43,20260811-R001-84619ab9,population-d5c97c8bdbf5139067504002,origin-embedding-fe13c1e6e93cb094107568d9,pca,pca_64,40520,512,64,True,reconstruction,0.00132432571174,0.0015266583587,0.96931189187,1.08457881107,0.564486854534,0.467285119302,0,256,0,not_applicable,133120,pca_components_and_mean,step4_search_space_multi_fpir_v4,validation_required,True,rfw-custom-identity-balanced-open-set-v1-60b0908dc11e16d8,pca_direct_cosine,cosine_similarity,cosine_similarity,True,True,1,time.perf_counter,,,,1072.6183,1020.9794,0.0677806147514,14753.4808244,1200,2048,2457600,440320,366.933333333,frozen_origin,0.01,calibration,test,20,15063,3104,11959,0.335373580456,0.335373580456,0.335373580456,3098,0.998067010309,2969,0.956507731959,3104,1,3085,0.993878865979,3161,14905,3069,3104,0.988724226804,0.984359123063,0.991881151803,2969,3104,0.956507731959,0.948750475337,0.963136452472,2958,-0.0322164948454,-0.0389819587629,-0.0254429768041,92,11959,0.00769295091563,0.00769295091563,0.00627740689356,0.00942467019802,11801,11959,0.986788192993,0.986788192993,0.984579828657,0.988683926453,92,0.979095242077,0.976503052095,0.98168743206,probe,wilson_score,paired_nonparametric_bootstrap_percentile,2000,42,4040,0.268206864502,0.159674593223,0.153293542472,0.158935702251,11744,0.779658766514,0,0,11744,0.779658766514,14936,0.991568744606,3127,0.207594768638,0,133120,pca_components_and_mean
rfw_custom,adaface-4df25b75e065b0b9ed43,20260811-R001-84619ab9,population-d5c97c8bdbf5139067504002,origin-embedding-fe13c1e6e93cb094107568d9,pca,pca_128,40520,512,128,True,reconstruction,0.000883943062876,0.00113180592259,0.737432532016,0.865207898688,0.738176732864,0.64848187096,0,512,0,not_applicable,264192,pca_components_and_mean,step4_search_space_multi_fpir_v4,validation_required,True,rfw-custom-identity-balanced-open-set-v1-60b0908dc11e16d8,pca_direct_cosine,cosine_similarity,cosine_similarity,True,True,1,time.perf_counter,,,,1083.0292,1034.302,0.0686650733586,14563.4447192,1200,2048,2457600,878592,732.16,frozen_origin,0.01,calibration,test,20,15063,3104,11959,0.335373580456,0.335373580456,0.335373580456,3098,0.998067010309,3081,0.992590206186,3104,1,3101,0.999033505155,3161,4804,3069,3104,0.988724226804,0.984359123063,0.991881151803,3072,3104,0.989690721649,0.98548296339,0.992687911888,3060,0.000966494845361,-0.00193298969072,0.00386597938144,92,11959,0.00769295091563,0.00769295091563,0.00627740689356,0.00942467019802,1726,11959,0.1443264487,0.1443264487,0.138142274023,0.150739048255,76,0.136633497784,0.130192741868,0.14257253951,probe,wilson_score,paired_nonparametric_bootstrap_percentile,2000,42,6224,0.413197902144,0.300948510472,0.0686215616959,0.0720020925204,1689,0.112129057957,23,0.00152692026821,1666,0.110602137688,14936,0.991568744606,13305,0.883290181239,0,264192,pca_components_and_mean
rfw_custom,adaface-4df25b75e065b0b9ed43,20260811-R001-84619ab9,population-d5c97c8bdbf5139067504002,origin-embedding-fe13c1e6e93cb094107568d9,pca,pca_256,40520,512,256,True,reconstruction,0.000277919177319,0.000427038803966,0.383571451502,0.486566272845,0.925867238459,0.883943654707,0,1024,0,not_applicable,526336,pca_components_and_mean,step4_search_space_multi_fpir_v4,validation_required,True,rfw-custom-identity-balanced-open-set-v1-60b0908dc11e16d8,pca_direct_cosine,cosine_similarity,cosine_similarity,True,True,1,time.perf_counter,,,,1080.7441,1046.026,0.0694434043683,14400.2156734,1200,2048,2457600,1755136,1462.61333333,frozen_origin,0.01,calibration,test,20,15063,3104,11959,0.335373580456,0.335373580456,0.335373580456,3098,0.998067010309,3096,0.997422680412,3104,1,3103,0.999677835052,3161,3258,3069,3104,0.988724226804,0.984359123063,0.991881151803,3071,3104,0.989368556701,0.985107550952,0.992419790856,3065,0.000644329896907,-0.00128865979381,0.00257731958763,92,11959,0.00769295091563,0.00769295091563,0.00627740689356,0.00942467019802,187,11959,0.0156367589263,0.0156367589263,0.0135636439739,0.0180209473726,87,0.0079438080107,0.00627142737687,0.00961618864454,probe,wilson_score,paired_nonparametric_bootstrap_percentile,2000,42,10833,0.719179446325,0.614139177974,0.0158587658594,0.0183114952429,115,0.00763460134103,9,0.000597490539733,106,0.0070371108013,14936,0.991568744606,14843,0.985394675695,0,526336,pca_components_and_mean
rfw_custom,adaface-4df25b75e065b0b9ed43,20260811-R001-84619ab9,population-d5c97c8bdbf5139067504002,origin-embedding-fe13c1e6e93cb094107568d9,pca,pca_384,40520,512,384,True,reconstruction,2.66906624109e-07,4.3218553075e-07,0.0115350503226,0.0148745284714,0.99993170142,0.999889376241,0,1536,0,not_applicable,788480,pca_components_and_mean,step4_search_space_multi_fpir_v4,validation_required,True,rfw-custom-identity-balanced-open-set-v1-60b0908dc11e16d8,pca_direct_cosine,cosine_similarity,cosine_similarity,True,True,1,time.perf_counter,,,,1085.1983,1070.6523,0.0710782911771,14068.993267,1200,2048,2457600,2631680,2193.06666667,frozen_origin,0.01,calibration,test,20,15063,3104,11959,0.335373580456,0.335373580456,0.335373580456,3098,0.998067010309,3098,0.998067010309,3104,1,3104,1,3161,3154,3069,3104,0.988724226804,0.984359123063,0.991881151803,3067,3104,0.988079896907,0.983613675019,0.991339532906,3067,-0.000644329896907,-0.00161082474227,0,92,11959,0.00769295091563,0.00769295091563,0.00627740689356,0.00942467019802,87,11959,0.00727485575717,0.00727485575717,0.00590202847273,0.00896412681595,86,-0.000418095158458,-0.000919809348608,0,probe,wilson_score,paired_nonparametric_bootstrap_percentile,2000,42,14621,0.970656575715,0.942371633218,-0.000518327350755,0.00180732059319,9,0.000597490539733,8,0.000531102701985,1,6.63878377481e-05,14936,0.991568744606,14939,0.991767908119,0,788480,pca_components_and_mean
rfw_custom,adaface-4df25b75e065b0b9ed43,20260811-R001-84619ab9,population-d5c97c8bdbf5139067504002,origin-embedding-fe13c1e6e93cb094107568d9,pca,pca_32,40520,512,32,True,reconstruction,0.00159987342512,0.00174349578854,1.13487003628,1.23697222665,0.42138633085,0.327658410882,0,128,0,not_applicable,67584,pca_components_and_mean,step4_search_space_multi_fpir_v4,validation_required,True,rfw-custom-identity-balanced-open-set-v1-60b0908dc11e16d8,pca_direct_cosine,cosine_similarity,cosine_similarity,True,True,1,time.perf_counter,,,,1077.2705,1015.9982,0.067449923654,14825.8136678,1200,2048,2457600,221184,184.32,recalibrated_compressed,0.01,calibration,test,20,15063,3104,11959,,0.335373580456,0.67717397213,3098,0.998067010309,2338,0.753221649485,3104,1,2926,0.942654639175,3161,1572,3069,3104,0.988724226804,0.984359123063,0.991881151803,1425,3104,0.459085051546,0.441615727961,0.476655521275,1425,-0.529639175258,-0.547036082474,-0.511275773196,92,11959,0.00769295091563,0.00769295091563,0.00627740689356,0.00942467019802,122,11959,0.0102015218664,0.0102015218664,0.00855126699848,0.0121663409105,0,0.00250857095075,0.000167238063383,0.00493352286981,probe,wilson_score,paired_nonparametric_bootstrap_percentile,2000,42,2733,0.181437960566,0.0903291821898,0.272466258316,0.277704087239,1833,0.121688906592,1711,0.113589590387,122,0.00809931620527,14936,0.991568744606,13262,0.880435504216,0,67584,pca_components_and_mean
rfw_custom,adaface-4df25b75e065b0b9ed43,20260811-R001-84619ab9,population-d5c97c8bdbf5139067504002,origin-embedding-fe13c1e6e93cb094107568d9,pca,pca_64,40520,512,64,True,reconstruction,0.00132432571174,0.0015266583587,0.96931189187,1.08457881107,0.564486854534,0.467285119302,0,256,0,not_applicable,133120,pca_components_and_mean,step4_search_space_multi_fpir_v4,validation_required,True,rfw-custom-identity-balanced-open-set-v1-60b0908dc11e16d8,pca_direct_cosine,cosine_similarity,cosine_similarity,True,True,1,time.perf_counter,,,,1072.6183,1020.9794,0.0677806147514,14753.4808244,1200,2048,2457600,440320,366.933333333,recalibrated_compressed,0.01,calibration,test,20,15063,3104,11959,,0.335373580456,0.514355540276,3098,0.998067010309,2969,0.956507731959,3104,1,3085,0.993878865979,3161,2745,3069,3104,0.988724226804,0.984359123063,0.991881151803,2600,3104,0.837628865979,0.824239036806,0.850184040359,2600,-0.151095360825,-0.163659793814,-0.138208762887,92,11959,0.00769295091563,0.00769295091563,0.00627740689356,0.00942467019802,137,11959,0.0114558073418,0.0114558073418,0.00969928356496,0.0135260897527,3,0.00376285642612,0.00142152353876,0.00618989882097,probe,wilson_score,paired_nonparametric_bootstrap_percentile,2000,42,4040,0.268206864502,0.159674593223,0.153293542472,0.158935702251,684,0.0454092810197,550,0.0365133107615,134,0.00889597025825,14936,0.991568744606,14422,0.957445396003,0,133120,pca_components_and_mean
rfw_custom,adaface-4df25b75e065b0b9ed43,20260811-R001-84619ab9,population-d5c97c8bdbf5139067504002,origin-embedding-fe13c1e6e93cb094107568d9,pca,pca_128,40520,512,128,True,reconstruction,0.000883943062876,0.00113180592259,0.737432532016,0.865207898688,0.738176732864,0.64848187096,0,512,0,not_applicable,264192,pca_components_and_mean,step4_search_space_multi_fpir_v4,validation_required,True,rfw-custom-identity-balanced-open-set-v1-60b0908dc11e16d8,pca_direct_cosine,cosine_similarity,cosine_similarity,True,True,1,time.perf_counter,,,,1083.0292,1034.302,0.0686650733586,14563.4447192,1200,2048,2457600,878592,732.16,recalibrated_compressed,0.01,calibration,test,20,15063,3104,11959,,0.335373580456,0.407598525286,3098,0.998067010309,3081,0.992590206186,3104,1,3101,0.999033505155,3161,3072,3069,3104,0.988724226804,0.984359123063,0.991881151803,2994,3104,0.96456185567,0.957462230559,0.970513034014,2992,-0.024162371134,-0.0296391752577,-0.0186855670103,92,11959,0.00769295091563,0.00769295091563,0.00627740689356,0.00942467019802,77,11959,0.00643866544025,0.00643866544025,0.00515515554366,0.00803915613923,24,-0.00125428547537,-0.00309390417259,0.000587423697634,probe,wilson_score,paired_nonparametric_bootstrap_percentile,2000,42,6224,0.413197902144,0.300948510472,0.0686215616959,0.0720020925204,201,0.0133439553874,145,0.00962623647348,56,0.00371771891389,14936,0.991568744606,14876,0.987585474341,0,264192,pca_components_and_mean
rfw_custom,adaface-4df25b75e065b0b9ed43,20260811-R001-84619ab9,population-d5c97c8bdbf5139067504002,origin-embedding-fe13c1e6e93cb094107568d9,pca,pca_256,40520,512,256,True,reconstruction,0.000277919177319,0.000427038803966,0.383571451502,0.486566272845,0.925867238459,0.883943654707,0,1024,0,not_applicable,526336,pca_components_and_mean,step4_search_space_multi_fpir_v4,validation_required,True,rfw-custom-identity-balanced-open-set-v1-60b0908dc11e16d8,pca_direct_cosine,cosine_similarity,cosine_similarity,True,True,1,time.perf_counter,,,,1080.7441,1046.026,0.0694434043683,14400.2156734,1200,2048,2457600,1755136,1462.61333333,recalibrated_compressed,0.01,calibration,test,20,15063,3104,11959,,0.335373580456,0.35229793191,3098,0.998067010309,3096,0.997422680412,3104,1,3103,0.999677835052,3161,3142,3069,3104,0.988724226804,0.984359123063,0.991881151803,3060,3104,0.985824742268,0.981024996886,0.989423476745,3058,-0.00289948453608,-0.00515463917526,-0.000644329896907,92,11959,0.00769295091563,0.00769295091563,0.00627740689356,0.00942467019802,82,11959,0.00685676059871,0.00685676059871,0.00552790649328,0.0085023269925,62,-0.000836190316916,-0.0020068567606,0.000250857095075,probe,wilson_score,paired_nonparametric_bootstrap_percentile,2000,42,10833,0.719179446325,0.614139177974,0.0158587658594,0.0183114952429,63,0.00418243377813,41,0.00272190134767,22,0.00146053243046,14936,0.991568744606,14937,0.991635132444,0,526336,pca_components_and_mean
rfw_custom,adaface-4df25b75e065b0b9ed43,20260811-R001-84619ab9,population-d5c97c8bdbf5139067504002,origin-embedding-fe13c1e6e93cb094107568d9,pca,pca_384,40520,512,384,True,reconstruction,2.66906624109e-07,4.3218553075e-07,0.0115350503226,0.0148745284714,0.99993170142,0.999889376241,0,1536,0,not_applicable,788480,pca_components_and_mean,step4_search_space_multi_fpir_v4,validation_required,True,rfw-custom-identity-balanced-open-set-v1-60b0908dc11e16d8,pca_direct_cosine,cosine_similarity,cosine_similarity,True,True,1,time.perf_counter,,,,1085.1983,1070.6523,0.0710782911771,14068.993267,1200,2048,2457600,2631680,2193.06666667,recalibrated_compressed,0.01,calibration,test,20,15063,3104,11959,,0.335373580456,0.334465920925,3098,0.998067010309,3098,0.998067010309,3104,1,3104,1,3161,3159,3069,3104,0.988724226804,0.984359123063,0.991881151803,3068,3104,0.988402061856,0.983986041661,0.991610699735,3068,-0.000322164948454,-0.000966494845361,0,92,11959,0.00769295091563,0.00769295091563,0.00627740689356,0.00942467019802,91,11959,0.00760933188394,0.00760933188394,0.00620223565988,0.00933265707111,88,-8.36190316916e-05,-0.000585333221841,0.000334476126766,probe,wilson_score,paired_nonparametric_bootstrap_percentile,2000,42,14621,0.970656575715,0.942371633218,-0.000518327350755,0.00180732059319,8,0.000531102701985,5,0.000331939188741,3,0.000199163513244,14936,0.991568744606,14936,0.991568744606,0,788480,pca_components_and_mean
rfw_custom,adaface-4df25b75e065b0b9ed43,20260811-R001-84619ab9,population-d5c97c8bdbf5139067504002,origin-embedding-fe13c1e6e93cb094107568d9,pca,pca_32,40520,512,32,True,reconstruction,0.00159987342512,0.00174349578854,1.13487003628,1.23697222665,0.42138633085,0.327658410882,0,128,0,not_applicable,67584,pca_components_and_mean,step4_search_space_multi_fpir_v4,validation_required,True,rfw-custom-identity-balanced-open-set-v1-60b0908dc11e16d8,pca_reconstruction_cosine,cosine_similarity,cosine_similarity,True,True,1,time.perf_counter,,,,1104.8011,1083.1794,0.0719099382593,13906.2836682,1200,2048,2457600,221184,184.32,frozen_origin,0.01,calibration,test,20,15063,3104,11959,0.335373580456,0.335373580456,0.335373580456,3098,0.998067010309,2343,0.754832474227,3104,1,2929,0.943621134021,3161,15063,3069,3104,0.988724226804,0.984359123063,0.991881151803,2343,3104,0.754832474227,0.73938990306,0.769645072167,2342,-0.233891752577,-0.248075064433,-0.21875,92,11959,0.00769295091563,0.00769295091563,0.00627740689356,0.00942467019802,11959,11959,1,1,0.999678884082,1,92,0.992307049084,0.990718287482,0.993812191655,probe,wilson_score,paired_nonparametric_bootstrap_percentile,2000,42,2734,0.181504348403,0.090199835289,0.275091430204,0.280048777499,11902,0.790148044878,0,0,11902,0.790148044878,14936,0.991568744606,2343,0.155546703844,0,67584,pca_components_and_mean
rfw_custom,adaface-4df25b75e065b0b9ed43,20260811-R001-84619ab9,population-d5c97c8bdbf5139067504002,origin-embedding-fe13c1e6e93cb094107568d9,pca,pca_64,40520,512,64,True,reconstruction,0.00132432571174,0.0015266583587,0.96931189187,1.08457881107,0.564486854534,0.467285119302,0,256,0,not_applicable,133120,pca_components_and_mean,step4_search_space_multi_fpir_v4,validation_required,True,rfw-custom-identity-balanced-open-set-v1-60b0908dc11e16d8,pca_reconstruction_cosine,cosine_similarity,cosine_similarity,True,True,1,time.perf_counter,,,,1080.9247,1084.7072,0.0720113655978,13886.6967971,1200,2048,2457600,440320,366.933333333,frozen_origin,0.01,calibration,test,20,15063,3104,11959,0.335373580456,0.335373580456,0.335373580456,3098,0.998067010309,2967,0.955863402062,3104,1,3085,0.993878865979,3161,14943,3069,3104,0.988724226804,0.984359123063,0.991881151803,2967,3104,0.955863402062,0.948056669927,0.96254319094,2956,-0.0328608247423,-0.039956507732,-0.0260953608247,92,11959,0.00769295091563,0.00769295091563,0.00627740689356,0.00942467019802,11839,11959,0.989965716197,0.989965716197,0.988015452449,0.991601308363,92,0.982272765281,0.979929341918,0.984614098169,probe,wilson_score,paired_nonparametric_bootstrap_percentile,2000,42,4041,0.26827325234,0.159859132158,0.154976705779,0.160457302976,11782,0.782181504348,0,0,11782,0.782181504348,14936,0.991568744606,3087,0.204939255128,0,133120,pca_components_and_mean
rfw_custom,adaface-4df25b75e065b0b9ed43,20260811-R001-84619ab9,population-d5c97c8bdbf5139067504002,origin-embedding-fe13c1e6e93cb094107568d9,pca,pca_128,40520,512,128,True,reconstruction,0.000883943062876,0.00113180592259,0.737432532016,0.865207898688,0.738176732864,0.64848187096,0,512,0,not_applicable,264192,pca_components_and_mean,step4_search_space_multi_fpir_v4,validation_required,True,rfw-custom-identity-balanced-open-set-v1-60b0908dc11e16d8,pca_reconstruction_cosine,cosine_similarity,cosine_similarity,True,True,1,time.perf_counter,,,,1088.977,1134.1078,0.0752909646153,13281.8061916,1200,2048,2457600,878592,732.16,frozen_origin,0.01,calibration,test,20,15063,3104,11959,0.335373580456,0.335373580456,0.335373580456,3098,0.998067010309,3081,0.992590206186,3104,1,3101,0.999033505155,3161,4882,3069,3104,0.988724226804,0.984359123063,0.991881151803,3074,3104,0.990335051546,0.986236369336,0.993221572883,3062,0.00161082474227,-0.00128865979381,0.00451030927835,92,11959,0.00769295091563,0.00769295091563,0.00627740689356,0.00942467019802,1802,11959,0.150681495108,0.150681495108,0.14438212255,0.157205211132,75,0.142988544193,0.136299021657,0.149176352538,probe,wilson_score,paired_nonparametric_bootstrap_percentile,2000,42,6217,0.41273318728,0.301318279789,0.0695938411592,0.072881047401,1765,0.117174533625,22,0.00146053243046,1743,0.115714001195,14936,0.991568744606,13231,0.878377481245,0,264192,pca_components_and_mean
rfw_custom,adaface-4df25b75e065b0b9ed43,20260811-R001-84619ab9,population-d5c97c8bdbf5139067504002,origin-embedding-fe13c1e6e93cb094107568d9,pca,pca_256,40520,512,256,True,reconstruction,0.000277919177319,0.000427038803966,0.383571451502,0.486566272845,0.925867238459,0.883943654707,0,1024,0,not_applicable,526336,pca_components_and_mean,step4_search_space_multi_fpir_v4,validation_required,True,rfw-custom-identity-balanced-open-set-v1-60b0908dc11e16d8,pca_reconstruction_cosine,cosine_similarity,cosine_similarity,True,True,1,time.perf_counter,,,,1110.6754,1094.9246,0.0726896766914,13757.1116769,1200,2048,2457600,1755136,1462.61333333,frozen_origin,0.01,calibration,test,20,15063,3104,11959,0.335373580456,0.335373580456,0.335373580456,3098,0.998067010309,3096,0.997422680412,3104,1,3103,0.999677835052,3161,3263,3069,3104,0.988724226804,0.984359123063,0.991881151803,3072,3104,0.989690721649,0.98548296339,0.992687911888,3065,0.000966494845361,-0.00128865979381,0.00322164948454,92,11959,0.00769295091563,0.00769295091563,0.00627740689356,0.00942467019802,191,11959,0.0159712350531,0.0159712350531,0.0138748061107,0.0183785226782,87,0.00827828413747,0.00660590350364,0.0101179028347,probe,wilson_score,paired_nonparametric_bootstrap_percentile,2000,42,10866,0.721370244971,0.615924092522,0.0165047575777,0.0187692337076,120,0.00796654052977,9,0.000597490539733,111,0.00736904999004,14936,0.991568744606,14840,0.985195512182,0,526336,pca_components_and_mean
rfw_custom,adaface-4df25b75e065b0b9ed43,20260811-R001-84619ab9,population-d5c97c8bdbf5139067504002,origin-embedding-fe13c1e6e93cb094107568d9,pca,pca_384,40520,512,384,True,reconstruction,2.66906624109e-07,4.3218553075e-07,0.0115350503226,0.0148745284714,0.99993170142,0.999889376241,0,1536,0,not_applicable,788480,pca_components_and_mean,step4_search_space_multi_fpir_v4,validation_required,True,rfw-custom-identity-balanced-open-set-v1-60b0908dc11e16d8,pca_reconstruction_cosine,cosine_similarity,cosine_similarity,True,True,1,time.perf_counter,,,,1095.8521,1083.1262,0.0719064064263,13906.9667044,1200,2048,2457600,2631680,2193.06666667,frozen_origin,0.01,calibration,test,20,15063,3104,11959,0.335373580456,0.335373580456,0.335373580456,3098,0.998067010309,3098,0.998067010309,3104,1,3104,1,3161,3161,3069,3104,0.988724226804,0.984359123063,0.991881151803,3069,3104,0.988724226804,0.984359123063,0.991881151803,3069,0,0,0,92,11959,0.00769295091563,0.00769295091563,0.00627740689356,0.00942467019802,92,11959,0.00769295091563,0.00769295091563,0.00627740689356,0.00942467019802,92,0,0,0,probe,wilson_score,paired_nonparametric_bootstrap_percentile,2000,42,15054,0.99940250946,0.998994698457,1.60146250649e-05,2.3879019307e-05,0,0,0,0,0,0,14936,0.991568744606,14936,0.991568744606,0,788480,pca_components_and_mean
rfw_custom,adaface-4df25b75e065b0b9ed43,20260811-R001-84619ab9,population-d5c97c8bdbf5139067504002,origin-embedding-fe13c1e6e93cb094107568d9,pca,pca_32,40520,512,32,True,reconstruction,0.00159987342512,0.00174349578854,1.13487003628,1.23697222665,0.42138633085,0.327658410882,0,128,0,not_applicable,67584,pca_components_and_mean,step4_search_space_multi_fpir_v4,validation_required,True,rfw-custom-identity-balanced-open-set-v1-60b0908dc11e16d8,pca_reconstruction_cosine,cosine_similarity,cosine_similarity,True,True,1,time.perf_counter,,,,1104.8011,1083.1794,0.0719099382593,13906.2836682,1200,2048,2457600,221184,184.32,recalibrated_compressed,0.01,calibration,test,20,15063,3104,11959,,0.335373580456,0.678844451904,3098,0.998067010309,2343,0.754832474227,3104,1,2929,0.943621134021,3161,1556,3069,3104,0.988724226804,0.984359123063,0.991881151803,1408,3104,0.453608247423,0.436162548214,0.471168632023,1408,-0.535115979381,-0.552512886598,-0.51675257732,92,11959,0.00769295091563,0.00769295091563,0.00627740689356,0.00942467019802,124,11959,0.0103687599298,0.0103687599298,0.00870396441848,0.0123480122116,1,0.00267580901413,0.000332385650974,0.0050171419015,probe,wilson_score,paired_nonparametric_bootstrap_percentile,2000,42,2734,0.181504348403,0.090199835289,0.275091430204,0.280048777499,1851,0.122883887672,1728,0.114718183629,123,0.00816570404302,14936,0.991568744606,13243,0.879174135298,0,67584,pca_components_and_mean
rfw_custom,adaface-4df25b75e065b0b9ed43,20260811-R001-84619ab9,population-d5c97c8bdbf5139067504002,origin-embedding-fe13c1e6e93cb094107568d9,pca,pca_64,40520,512,64,True,reconstruction,0.00132432571174,0.0015266583587,0.96931189187,1.08457881107,0.564486854534,0.467285119302,0,256,0,not_applicable,133120,pca_components_and_mean,step4_search_space_multi_fpir_v4,validation_required,True,rfw-custom-identity-balanced-open-set-v1-60b0908dc11e16d8,pca_reconstruction_cosine,cosine_similarity,cosine_similarity,True,True,1,time.perf_counter,,,,1080.9247,1084.7072,0.0720113655978,13886.6967971,1200,2048,2457600,440320,366.933333333,recalibrated_compressed,0.01,calibration,test,20,15063,3104,11959,,0.335373580456,0.515197217464,3098,0.998067010309,2967,0.955863402062,3104,1,3085,0.993878865979,3161,2756,3069,3104,0.988724226804,0.984359123063,0.991881151803,2610,3104,0.840850515464,0.827561131189,0.853297280682,2610,-0.14787371134,-0.16043814433,-0.134979059278,92,11959,0.00769295091563,0.00769295091563,0.00627740689356,0.00942467019802,138,11959,0.0115394263734,0.0115394263734,0.00977603486415,0.0136165228141,3,0.00384647545781,0.00150514257045,0.00635504640856,probe,wilson_score,paired_nonparametric_bootstrap_percentile,2000,42,4041,0.26827325234,0.159859132158,0.154976705779,0.160457302976,675,0.04481179048,540,0.035849432384,135,0.008962358096,14936,0.991568744606,14431,0.958042886543,0,133120,pca_components_and_mean
rfw_custom,adaface-4df25b75e065b0b9ed43,20260811-R001-84619ab9,population-d5c97c8bdbf5139067504002,origin-embedding-fe13c1e6e93cb094107568d9,pca,pca_128,40520,512,128,True,reconstruction,0.000883943062876,0.00113180592259,0.737432532016,0.865207898688,0.738176732864,0.64848187096,0,512,0,not_applicable,264192,pca_components_and_mean,step4_search_space_multi_fpir_v4,validation_required,True,rfw-custom-identity-balanced-open-set-v1-60b0908dc11e16d8,pca_reconstruction_cosine,cosine_similarity,cosine_similarity,True,True,1,time.perf_counter,,,,1088.977,1134.1078,0.0752909646153,13281.8061916,1200,2048,2457600,878592,732.16,recalibrated_compressed,0.01,calibration,test,20,15063,3104,11959,,0.335373580456,0.408832490444,3098,0.998067010309,3081,0.992590206186,3104,1,3101,0.999033505155,3161,3061,3069,3104,0.988724226804,0.984359123063,0.991881151803,2988,3104,0.962628865979,0.955364241219,0.968749822531,2987,-0.0260953608247,-0.0322164948454,-0.020618556701,92,11959,0.00769295091563,0.00769295091563,0.00627740689356,0.00942467019802,72,11959,0.0060205702818,0.0060205702818,0.0047839088895,0.0075744809905,24,-0.00167238063383,-0.00342838029936,8.36190316916e-05,probe,wilson_score,paired_nonparametric_bootstrap_percentile,2000,42,6217,0.41273318728,0.301318279789,0.0695938411592,0.072881047401,200,0.0132775675496,150,0.00995817566222,50,0.00331939188741,14936,0.991568744606,14875,0.987519086503,0,264192,pca_components_and_mean
rfw_custom,adaface-4df25b75e065b0b9ed43,20260811-R001-84619ab9,population-d5c97c8bdbf5139067504002,origin-embedding-fe13c1e6e93cb094107568d9,pca,pca_256,40520,512,256,True,reconstruction,0.000277919177319,0.000427038803966,0.383571451502,0.486566272845,0.925867238459,0.883943654707,0,1024,0,not_applicable,526336,pca_components_and_mean,step4_search_space_multi_fpir_v4,validation_required,True,rfw-custom-identity-balanced-open-set-v1-60b0908dc11e16d8,pca_reconstruction_cosine,cosine_similarity,cosine_similarity,True,True,1,time.perf_counter,,,,1110.6754,1094.9246,0.0726896766914,13757.1116769,1200,2048,2457600,1755136,1462.61333333,recalibrated_compressed,0.01,calibration,test,20,15063,3104,11959,,0.335373580456,0.354356020689,3098,0.998067010309,3096,0.997422680412,3104,1,3103,0.999677835052,3161,3132,3069,3104,0.988724226804,0.984359123063,0.991881151803,3057,3104,0.984858247423,0.97992398576,0.988593887459,3056,-0.00386597938144,-0.00644329896907,-0.00161082474227,92,11959,0.00769295091563,0.00769295091563,0.00627740689356,0.00942467019802,75,11959,0.00627142737687,0.00627142737687,0.00500646817993,0.00785347478181,59,-0.00142152353876,-0.00250857095075,-0.000250857095075,probe,wilson_score,paired_nonparametric_bootstrap_percentile,2000,42,10866,0.721370244971,0.615924092522,0.0165047575777,0.0187692337076,63,0.00418243377813,46,0.00305384053641,17,0.00112859324172,14936,0.991568744606,14941,0.991900683795,0,526336,pca_components_and_mean
rfw_custom,adaface-4df25b75e065b0b9ed43,20260811-R001-84619ab9,population-d5c97c8bdbf5139067504002,origin-embedding-fe13c1e6e93cb094107568d9,pca,pca_384,40520,512,384,True,reconstruction,2.66906624109e-07,4.3218553075e-07,0.0115350503226,0.0148745284714,0.99993170142,0.999889376241,0,1536,0,not_applicable,788480,pca_components_and_mean,step4_search_space_multi_fpir_v4,validation_required,True,rfw-custom-identity-balanced-open-set-v1-60b0908dc11e16d8,pca_reconstruction_cosine,cosine_similarity,cosine_similarity,True,True,1,time.perf_counter,,,,1095.8521,1083.1262,0.0719064064263,13906.9667044,1200,2048,2457600,2631680,2193.06666667,recalibrated_compressed,0.01,calibration,test,20,15063,3104,11959,,0.335373580456,0.335395276546,3098,0.998067010309,3098,0.998067010309,3104,1,3104,1,3161,3160,3069,3104,0.988724226804,0.984359123063,0.991881151803,3068,3104,0.988402061856,0.983986041661,0.991610699735,3068,-0.000322164948454,-0.000966494845361,0,92,11959,0.00769295091563,0.00769295091563,0.00627740689356,0.00942467019802,92,11959,0.00769295091563,0.00769295091563,0.00627740689356,0.00942467019802,92,0,0,0,probe,wilson_score,paired_nonparametric_bootstrap_percentile,2000,42,15054,0.99940250946,0.998994698457,1.60146250649e-05,2.3879019307e-05,1,6.63878377481e-05,1,6.63878377481e-05,0,0,14936,0.991568744606,14935,0.991502356768,0,788480,pca_components_and_mean
rfw_custom,adaface-4df25b75e065b0b9ed43,20260811-R001-84619ab9,population-d5c97c8bdbf5139067504002,origin-embedding-fe13c1e6e93cb094107568d9,pq,pq_512_m8_b8,40520,512,512,True,reconstruction,0.00163042853304,0.00173406660223,1.14887926049,1.2132515106,0.408675229784,0.349975375121,0,8,524288,faiss_centroids,524288,faiss_centroids,step4_search_space_multi_fpir_v4,validation_required,True,rfw-custom-identity-balanced-open-set-v1-60b0908dc11e16d8,pq_adc_exhaustive,cosine_similarity,negative_squared_l2_adc,False,False,1,time.perf_counter,0.389000000723,0.0187999976333,5.31209999826,1280.5681,80.7492999993,0.00536077142663,186540.31676,1200,2048,2457600,533888,444.906666667,recalibrated_compressed,0.01,calibration,test,20,15063,3104,11959,,0.335373580456,-1.00309324265,3098,0.998067010309,2678,0.862757731959,3104,1,3041,0.979703608247,3161,2021,3069,3104,0.988724226804,0.984359123063,0.991881151803,1876,3104,0.604381443299,0.587060486412,0.621444358055,1876,-0.384342783505,-0.40206185567,-0.367590206186,92,11959,0.00769295091563,0.00769295091563,0.00627740689356,0.00942467019802,136,11959,0.0113721883101,0.0113721883101,0.00962255798879,0.0134356309683,3,0.00367923739443,0.00133790450707,0.00618989882097,probe,wilson_score,paired_nonparametric_bootstrap_percentile,2000,42,3337,0.221536214565,0.087059718623,,,1408,0.0934740755494,1274,0.0845781052911,134,0.00889597025825,14936,0.991568744606,13699,0.909446989312,0,524288,faiss_centroids
rfw_custom,adaface-4df25b75e065b0b9ed43,20260811-R001-84619ab9,population-d5c97c8bdbf5139067504002,origin-embedding-fe13c1e6e93cb094107568d9,pq,pq_512_m16_b8,40520,512,512,True,reconstruction,0.00142365780519,0.00152733102233,1.02079992437,1.07646782749,0.522003239874,0.474440644613,0,16,524288,faiss_centroids,524288,faiss_centroids,step4_search_space_multi_fpir_v4,validation_required,True,rfw-custom-identity-balanced-open-set-v1-60b0908dc11e16d8,pq_adc_exhaustive,cosine_similarity,negative_squared_l2_adc,False,False,1,time.perf_counter,0.458700000308,0.0288999981422,63.8822000001,2084.7453,343.134700001,0.0227799707894,43898.2125678,1200,2048,2457600,543488,452.906666667,recalibrated_compressed,0.01,calibration,test,20,15063,3104,11959,,0.335373580456,-1.05744743347,3098,0.998067010309,3007,0.96875,3104,1,3098,0.998067010309,3161,2844,3069,3104,0.988724226804,0.984359123063,0.991881151803,2733,3104,0.880476804124,0.868591600967,0.891421427785,2732,-0.10824742268,-0.119201030928,-0.0979381443299,92,11959,0.00769295091563,0.00769295091563,0.00627740689356,0.00942467019802,105,11959,0.00877999832762,0.00877999832762,0.00725859294791,0.0106168808312,13,0.00108704741199,-0.00108704741199,0.00326114223597,probe,wilson_score,paired_nonparametric_bootstrap_percentile,2000,42,4401,0.292172873929,0.142472433128,,,503,0.0333930823873,410,0.0272190134767,93,0.00617406891058,14936,0.991568744606,14587,0.968399389232,0,524288,faiss_centroids
rfw_custom,adaface-4df25b75e065b0b9ed43,20260811-R001-84619ab9,population-d5c97c8bdbf5139067504002,origin-embedding-fe13c1e6e93cb094107568d9,pq,pq_512_m32_b8,40520,512,512,True,reconstruction,0.0010840282096,0.00117513589788,0.839178099042,0.884383653173,0.667572900456,0.633766381216,0,32,524288,faiss_centroids,524288,faiss_centroids,step4_search_space_multi_fpir_v4,validation_required,True,rfw-custom-identity-balanced-open-set-v1-60b0908dc11e16d8,pq_adc_exhaustive,cosine_similarity,negative_squared_l2_adc,False,False,1,time.perf_counter,0.382000001991,0.218999997742,17.5348999983,1106.0176,268.359599999,0.0178158135829,56129.9092712,1200,2048,2457600,562688,468.906666667,recalibrated_compressed,0.01,calibration,test,20,15063,3104,11959,,0.335373580456,-1.13280808926,3098,0.998067010309,3088,0.994845360825,3104,1,3102,0.999355670103,3161,3080,3069,3104,0.988724226804,0.984359123063,0.991881151803,2984,3104,0.961340206186,0.95396824646,0.967571683407,2983,-0.0273840206186,-0.0338273195876,-0.0215850515464,92,11959,0.00769295091563,0.00769295091563,0.00627740689356,0.00942467019802,95,11959,0.0079438080107,0.0079438080107,0.00650319514624,0.00970043502707,33,0.000250857095075,-0.00150514257045,0.00217409482398,probe,wilson_score,paired_nonparametric_bootstrap_percentile,2000,42,6009,0.398924517028,0.241923106908,,,207,0.0137422824139,144,0.00955984863573,63,0.00418243377813,14936,0.991568744606,14848,0.985726614884,0,524288,faiss_centroids
rfw_custom,adaface-4df25b75e065b0b9ed43,20260811-R001-84619ab9,population-d5c97c8bdbf5139067504002,origin-embedding-fe13c1e6e93cb094107568d9,pq,pq_512_m64_b8,40520,512,512,True,reconstruction,0.000612252636355,0.000672481388299,0.593570746044,0.626408414028,0.828689231273,0.810138256245,0,64,524288,faiss_centroids,524288,faiss_centroids,step4_search_space_multi_fpir_v4,validation_required,True,rfw-custom-identity-balanced-open-set-v1-60b0908dc11e16d8,pq_adc_exhaustive,cosine_similarity,negative_squared_l2_adc,False,False,1,time.perf_counter,0.331200000801,0.164299999597,15.841299999,1118.6449,336.653599999,0.0223497045741,44743.3207309,1200,2048,2457600,601088,500.906666667,recalibrated_compressed,0.01,calibration,test,20,15063,3104,11959,,0.335373580456,-1.22253894806,3098,0.998067010309,3095,0.997100515464,3104,1,3103,0.999677835052,3161,3167,3069,3104,0.988724226804,0.984359123063,0.991881151803,3055,3104,0.984213917526,0.979192435868,0.98803837041,3049,-0.00451030927835,-0.00805412371134,-0.00161082474227,92,11959,0.00769295091563,0.00769295091563,0.00627740689356,0.00942467019802,111,11959,0.00928171251777,0.00928171251777,0.00771369671214,0.0111648832304,47,0.00158876160214,-8.57095074839e-05,0.00334476126766,probe,wilson_score,paired_nonparametric_bootstrap_percentile,2000,42,8322,0.55247958574,0.38359478564,,,136,0.00902874593374,65,0.00431520945363,71,0.00471353648012,14936,0.991568744606,14903,0.98937794596,0,524288,faiss_centroids
rfw_custom,adaface-4df25b75e065b0b9ed43,20260811-R001-84619ab9,population-d5c97c8bdbf5139067504002,origin-embedding-fe13c1e6e93cb094107568d9,pq,pq_512_m128_b8,40520,512,512,True,reconstruction,0.000186457764857,0.000209995906418,0.313560357253,0.333765579303,0.95115723846,0.944815429454,0,128,524288,faiss_centroids,524288,faiss_centroids,step4_search_space_multi_fpir_v4,validation_required,True,rfw-custom-identity-balanced-open-set-v1-60b0908dc11e16d8,pq_adc_exhaustive,cosine_similarity,negative_squared_l2_adc,False,False,1,time.perf_counter,0.365500000044,0.240000001213,31.8531999983,1084.5657,718.115599997,0.047674141937,20975.731484,1200,2048,2457600,677888,564.906666667,recalibrated_compressed,0.01,calibration,test,20,15063,3104,11959,,0.335373580456,-1.28065133095,3098,0.998067010309,3098,0.998067010309,3104,1,3104,1,3161,3146,3069,3104,0.988724226804,0.984359123063,0.991881151803,3061,3104,0.986146907216,0.981393047677,0.989698959425,3059,-0.00257731958763,-0.0048324742268,-0.000644329896907,92,11959,0.00769295091563,0.00769295091563,0.00627740689356,0.00942467019802,85,11959,0.00710761769379,0.00710761769379,0.00575222286469,0.00877956370283,64,-0.000585333221841,-0.00175599966552,0.00050171419015,probe,wilson_score,paired_nonparametric_bootstrap_percentile,2000,42,10748,0.713536480117,0.567122414341,,,61,0.00404965810264,38,0.00252273783443,23,0.00152692026821,14936,0.991568744606,14935,0.991502356768,0,524288,faiss_centroids
rfw_custom,adaface-4df25b75e065b0b9ed43,20260811-R001-84619ab9,population-d5c97c8bdbf5139067504002,origin-embedding-fe13c1e6e93cb094107568d9,pq,pq_512_m8_b8,40520,512,512,True,reconstruction,0.00163042853304,0.00173406660223,1.14887926049,1.2132515106,0.408675229784,0.349975375121,0,8,524288,faiss_centroids,524288,faiss_centroids,step4_search_space_multi_fpir_v4,validation_required,True,rfw-custom-identity-balanced-open-set-v1-60b0908dc11e16d8,pq_reconstruction_cosine,cosine_similarity,cosine_similarity,True,True,1,time.perf_counter,,,,1280.5681,1162.304,0.0771628493661,12959.604372,1200,2048,2457600,533888,444.906666667,frozen_origin,0.01,calibration,test,20,15063,3104,11959,0.335373580456,0.335373580456,0.335373580456,3098,0.998067010309,1134,0.365335051546,3104,1,2070,0.666881443299,3161,1147,3069,3104,0.988724226804,0.984359123063,0.991881151803,591,3104,0.190399484536,0.176973436309,0.204590898466,591,-0.798324742268,-0.813144329897,-0.783827319588,92,11959,0.00769295091563,0.00769295091563,0.00627740689356,0.00942467019802,462,11959,0.0386319926415,0.0386319926415,0.0353235495743,0.0422367409314,7,0.0309390417259,0.026841709173,0.0346182791203,probe,wilson_score,paired_nonparametric_bootstrap_percentile,2000,42,1293,0.0858394742083,0.0387569463112,-0.0373860695497,0.105020356078,2926,0.194250813251,2470,0.163977959238,456,0.0302728540131,14936,0.991568744606,12088,0.802496182699,0,524288,faiss_centroids
rfw_custom,adaface-4df25b75e065b0b9ed43,20260811-R001-84619ab9,population-d5c97c8bdbf5139067504002,origin-embedding-fe13c1e6e93cb094107568d9,pq,pq_512_m16_b8,40520,512,512,True,reconstruction,0.00142365780519,0.00152733102233,1.02079992437,1.07646782749,0.522003239874,0.474440644613,0,16,524288,faiss_centroids,524288,faiss_centroids,step4_search_space_multi_fpir_v4,validation_required,True,rfw-custom-identity-balanced-open-set-v1-60b0908dc11e16d8,pq_reconstruction_cosine,cosine_similarity,cosine_similarity,True,True,1,time.perf_counter,,,,2084.7453,1989.1984,0.132058580628,7572.39700172,1200,2048,2457600,543488,452.906666667,frozen_origin,0.01,calibration,test,20,15063,3104,11959,0.335373580456,0.335373580456,0.335373580456,3098,0.998067010309,2116,0.681701030928,3104,1,2791,0.899162371134,3161,591,3069,3104,0.988724226804,0.984359123063,0.991881151803,590,3104,0.190077319588,0.176660594253,0.204260207051,590,-0.798646907216,-0.813152384021,-0.784793814433,92,11959,0.00769295091563,0.00769295091563,0.00627740689356,0.00942467019802,0,11959,0,0,0,0.000321115918314,0,-0.00769295091563,-0.00920018396187,-0.00627142737687,probe,wilson_score,paired_nonparametric_bootstrap_percentile,2000,42,2445,0.162318263294,0.0591405117015,-0.096099479334,0.103455377155,2570,0.170616743013,2570,0.170616743013,0,0,14936,0.991568744606,12549,0.833100975901,0,524288,faiss_centroids
rfw_custom,adaface-4df25b75e065b0b9ed43,20260811-R001-84619ab9,population-d5c97c8bdbf5139067504002,origin-embedding-fe13c1e6e93cb094107568d9,pq,pq_512_m32_b8,40520,512,512,True,reconstruction,0.0010840282096,0.00117513589788,0.839178099042,0.884383653173,0.667572900456,0.633766381216,0,32,524288,faiss_centroids,524288,faiss_centroids,step4_search_space_multi_fpir_v4,validation_required,True,rfw-custom-identity-balanced-open-set-v1-60b0908dc11e16d8,pq_reconstruction_cosine,cosine_similarity,cosine_similarity,True,True,1,time.perf_counter,,,,1106.0176,1106.398,0.0734513709088,13614.449773,1200,2048,2457600,562688,468.906666667,frozen_origin,0.01,calibration,test,20,15063,3104,11959,0.335373580456,0.335373580456,0.335373580456,3098,0.998067010309,2947,0.949420103093,3104,1,3078,0.99162371134,3161,1102,3069,3104,0.988724226804,0.984359123063,0.991881151803,1102,3104,0.355025773196,0.338380381859,0.372029556381,1102,-0.633698453608,-0.650773195876,-0.615979381443,92,11959,0.00769295091563,0.00769295091563,0.00627740689356,0.00942467019802,0,11959,0,0,0,0.000321115918314,0,-0.00769295091563,-0.00920018396187,-0.00627142737687,probe,wilson_score,paired_nonparametric_bootstrap_percentile,2000,42,3978,0.264090818562,0.117114866988,-0.104401706971,0.105685618554,2059,0.136692557923,2059,0.136692557923,0,0,14936,0.991568744606,13061,0.867091548828,0,524288,faiss_centroids
rfw_custom,adaface-4df25b75e065b0b9ed43,20260811-R001-84619ab9,population-d5c97c8bdbf5139067504002,origin-embedding-fe13c1e6e93cb094107568d9,pq,pq_512_m64_b8,40520,512,512,True,reconstruction,0.000612252636355,0.000672481388299,0.593570746044,0.626408414028,0.828689231273,0.810138256245,0,64,524288,faiss_centroids,524288,faiss_centroids,step4_search_space_multi_fpir_v4,validation_required,True,rfw-custom-identity-balanced-open-set-v1-60b0908dc11e16d8,pq_reconstruction_cosine,cosine_similarity,cosine_similarity,True,True,1,time.perf_counter,,,,1118.6449,1101.5431,0.0731290645955,13674.4535915,1200,2048,2457600,601088,500.906666667,frozen_origin,0.01,calibration,test,20,15063,3104,11959,0.335373580456,0.335373580456,0.335373580456,3098,0.998067010309,3088,0.994845360825,3104,1,3103,0.999677835052,3161,2648,3069,3104,0.988724226804,0.984359123063,0.991881151803,2647,3104,0.852770618557,0.839869413917,0.864799736366,2647,-0.135953608247,-0.14787371134,-0.123711340206,92,11959,0.00769295091563,0.00769295091563,0.00627740689356,0.00942467019802,1,11959,8.36190316916e-05,8.36190316916e-05,1.47609648568e-05,0.000473539314036,1,-0.00760933188394,-0.00911656493018,-0.00618780834518,probe,wilson_score,paired_nonparametric_bootstrap_percentile,2000,42,6529,0.433446192658,0.268852157267,-0.0700791282106,0.0714193171558,513,0.0340569607648,513,0.0340569607648,0,0,14936,0.991568744606,14605,0.969594370311,0,524288,faiss_centroids
rfw_custom,adaface-4df25b75e065b0b9ed43,20260811-R001-84619ab9,population-d5c97c8bdbf5139067504002,origin-embedding-fe13c1e6e93cb094107568d9,pq,pq_512_m128_b8,40520,512,512,True,reconstruction,0.000186457764857,0.000209995906418,0.313560357253,0.333765579303,0.95115723846,0.944815429454,0,128,524288,faiss_centroids,524288,faiss_centroids,step4_search_space_multi_fpir_v4,validation_required,True,rfw-custom-identity-balanced-open-set-v1-60b0908dc11e16d8,pq_reconstruction_cosine,cosine_similarity,cosine_similarity,True,True,1,time.perf_counter,,,,1084.5657,1125.0574,0.0746901281283,13388.6502147,1200,2048,2457600,677888,564.906666667,frozen_origin,0.01,calibration,test,20,15063,3104,11959,0.335373580456,0.335373580456,0.335373580456,3098,0.998067010309,3095,0.997100515464,3104,1,3103,0.999677835052,3161,3068,3069,3104,0.988724226804,0.984359123063,0.991881151803,3037,3104,0.978414948454,0.972680249153,0.982966954655,3037,-0.0103092783505,-0.0138530927835,-0.00676546391753,92,11959,0.00769295091563,0.00769295091563,0.00627740689356,0.00942467019802,31,11959,0.00259218998244,0.00259218998244,0.0018268490635,0.00367698203276,30,-0.00510076093319,-0.00652228447195,-0.00384647545781,probe,wilson_score,paired_nonparametric_bootstrap_percentile,2000,42,10301,0.683861116643,0.537439603252,-0.0231006091523,0.0263357520923,95,0.00630684458607,94,0.00624045674832,1,6.63878377481e-05,14936,0.991568744606,14965,0.993493991901,0,524288,faiss_centroids
rfw_custom,adaface-4df25b75e065b0b9ed43,20260811-R001-84619ab9,population-d5c97c8bdbf5139067504002,origin-embedding-fe13c1e6e93cb094107568d9,pq,pq_512_m8_b8,40520,512,512,True,reconstruction,0.00163042853304,0.00173406660223,1.14887926049,1.2132515106,0.408675229784,0.349975375121,0,8,524288,faiss_centroids,524288,faiss_centroids,step4_search_space_multi_fpir_v4,validation_required,True,rfw-custom-identity-balanced-open-set-v1-60b0908dc11e16d8,pq_reconstruction_cosine,cosine_similarity,cosine_similarity,True,True,1,time.perf_counter,,,,1280.5681,1162.304,0.0771628493661,12959.604372,1200,2048,2457600,533888,444.906666667,recalibrated_compressed,0.01,calibration,test,20,15063,3104,11959,,0.335373580456,0.368375331163,3098,0.998067010309,1134,0.365335051546,3104,1,2070,0.666881443299,3161,600,3069,3104,0.988724226804,0.984359123063,0.991881151803,435,3104,0.140141752577,0.128374069595,0.15279904377,435,-0.848582474227,-0.861469072165,-0.83600193299,92,11959,0.00769295091563,0.00769295091563,0.00627740689356,0.00942467019802,130,11959,0.0108704741199,0.0108704741199,0.00916276070255,0.012892322091,4,0.00317752320428,0.000668952253533,0.00560247512334,probe,wilson_score,paired_nonparametric_bootstrap_percentile,2000,42,1293,0.0858394742083,0.0387569463112,-0.0373860695497,0.105020356078,2815,0.186881763261,2688,0.178450507867,127,0.00843125539401,14936,0.991568744606,12264,0.814180442143,0,524288,faiss_centroids
rfw_custom,adaface-4df25b75e065b0b9ed43,20260811-R001-84619ab9,population-d5c97c8bdbf5139067504002,origin-embedding-fe13c1e6e93cb094107568d9,pq,pq_512_m16_b8,40520,512,512,True,reconstruction,0.00142365780519,0.00152733102233,1.02079992437,1.07646782749,0.522003239874,0.474440644613,0,16,524288,faiss_centroids,524288,faiss_centroids,step4_search_space_multi_fpir_v4,validation_required,True,rfw-custom-identity-balanced-open-set-v1-60b0908dc11e16d8,pq_reconstruction_cosine,cosine_similarity,cosine_similarity,True,True,1,time.perf_counter,,,,2084.7453,1989.1984,0.132058580628,7572.39700172,1200,2048,2457600,543488,452.906666667,recalibrated_compressed,0.01,calibration,test,20,15063,3104,11959,,0.335373580456,0.261692583561,3098,0.998067010309,2116,0.681701030928,3104,1,2791,0.899162371134,3161,1368,3069,3104,0.988724226804,0.984359123063,0.991881151803,1244,3104,0.400773195876,0.383666268475,0.418125422587,1244,-0.587951030928,-0.605347938144,-0.569901739691,92,11959,0.00769295091563,0.00769295091563,0.00627740689356,0.00942467019802,100,11959,0.00836190316916,0.00836190316916,0.00688038245405,0.0101591695222,1,0.000668952253533,-0.00158876160214,0.00284304707751,probe,wilson_score,paired_nonparametric_bootstrap_percentile,2000,42,2445,0.162318263294,0.0591405117015,-0.096099479334,0.103455377155,1991,0.132178184957,1892,0.125605789019,99,0.00657239593706,14936,0.991568744606,13103,0.869879838014,0,524288,faiss_centroids
rfw_custom,adaface-4df25b75e065b0b9ed43,20260811-R001-84619ab9,population-d5c97c8bdbf5139067504002,origin-embedding-fe13c1e6e93cb094107568d9,pq,pq_512_m32_b8,40520,512,512,True,reconstruction,0.0010840282096,0.00117513589788,0.839178099042,0.884383653173,0.667572900456,0.633766381216,0,32,524288,faiss_centroids,524288,faiss_centroids,step4_search_space_multi_fpir_v4,validation_required,True,rfw-custom-identity-balanced-open-set-v1-60b0908dc11e16d8,pq_reconstruction_cosine,cosine_similarity,cosine_similarity,True,True,1,time.perf_counter,,,,1106.0176,1106.398,0.0734513709088,13614.449773,1200,2048,2457600,562688,468.906666667,recalibrated_compressed,0.01,calibration,test,20,15063,3104,11959,,0.335373580456,0.226256221533,3098,0.998067010309,2947,0.949420103093,3104,1,3078,0.99162371134,3161,2650,3069,3104,0.988724226804,0.984359123063,0.991881151803,2522,3104,0.8125,0.798385869146,0.825841597314,2522,-0.176224226804,-0.189432989691,-0.162048969072,92,11959,0.00769295091563,0.00769295091563,0.00627740689356,0.00942467019802,121,11959,0.0101179028347,0.0101179028347,0.00847496387531,0.0120754596731,8,0.00242495191906,8.36190316916e-05,0.00476837528221,probe,wilson_score,paired_nonparametric_bootstrap_percentile,2000,42,3978,0.264090818562,0.117114866988,-0.104401706971,0.105685618554,739,0.0490606120959,625,0.0414923985926,114,0.00756821350329,14936,0.991568744606,14360,0.953329350063,0,524288,faiss_centroids
rfw_custom,adaface-4df25b75e065b0b9ed43,20260811-R001-84619ab9,population-d5c97c8bdbf5139067504002,origin-embedding-fe13c1e6e93cb094107568d9,pq,pq_512_m64_b8,40520,512,512,True,reconstruction,0.000612252636355,0.000672481388299,0.593570746044,0.626408414028,0.828689231273,0.810138256245,0,64,524288,faiss_centroids,524288,faiss_centroids,step4_search_space_multi_fpir_v4,validation_required,True,rfw-custom-identity-balanced-open-set-v1-60b0908dc11e16d8,pq_reconstruction_cosine,cosine_similarity,cosine_similarity,True,True,1,time.perf_counter,,,,1118.6449,1101.5431,0.0731290645955,13674.4535915,1200,2048,2457600,601088,500.906666667,recalibrated_compressed,0.01,calibration,test,20,15063,3104,11959,,0.335373580456,0.251909285784,3098,0.998067010309,3088,0.994845360825,3104,1,3103,0.999677835052,3161,3163,3069,3104,0.988724226804,0.984359123063,0.991881151803,3019,3104,0.972615979381,0.966264436783,0.977799164554,3017,-0.0161082474227,-0.0209407216495,-0.0115979381443,92,11959,0.00769295091563,0.00769295091563,0.00627740689356,0.00942467019802,143,11959,0.0119575215319,0.0119575215319,0.0101601677856,0.0140683116955,41,0.00426457061627,0.00225771385567,0.00627142737687,probe,wilson_score,paired_nonparametric_bootstrap_percentile,2000,42,6529,0.433446192658,0.268852157267,-0.0700791282106,0.0714193171558,206,0.0136758945761,102,0.00677155945031,104,0.0069043351258,14936,0.991568744606,14835,0.984863572993,0,524288,faiss_centroids
rfw_custom,adaface-4df25b75e065b0b9ed43,20260811-R001-84619ab9,population-d5c97c8bdbf5139067504002,origin-embedding-fe13c1e6e93cb094107568d9,pq,pq_512_m128_b8,40520,512,512,True,reconstruction,0.000186457764857,0.000209995906418,0.313560357253,0.333765579303,0.95115723846,0.944815429454,0,128,524288,faiss_centroids,524288,faiss_centroids,step4_search_space_multi_fpir_v4,validation_required,True,rfw-custom-identity-balanced-open-set-v1-60b0908dc11e16d8,pq_reconstruction_cosine,cosine_similarity,cosine_similarity,True,True,1,time.perf_counter,,,,1084.5657,1125.0574,0.0746901281283,13388.6502147,1200,2048,2457600,677888,564.906666667,recalibrated_compressed,0.01,calibration,test,20,15063,3104,11959,,0.335373580456,0.307709157467,3098,0.998067010309,3095,0.997100515464,3104,1,3103,0.999677835052,3161,3166,3069,3104,0.988724226804,0.984359123063,0.991881151803,3059,3104,0.98550257732,0.980657480892,0.989147459269,3058,-0.00322164948454,-0.00547680412371,-0.0012806056701,92,11959,0.00769295091563,0.00769295091563,0.00627740689356,0.00942467019802,107,11959,0.008947236391,0.008947236391,0.0074101474482,0.0107996950521,68,0.00125428547537,-8.36190316916e-05,0.00259218998244,probe,wilson_score,paired_nonparametric_bootstrap_percentile,2000,42,10301,0.683861116643,0.537439603252,-0.0231006091523,0.0263357520923,75,0.00497908783111,35,0.00232357432118,40,0.00265551350992,14936,0.991568744606,14911,0.989909048662,0,524288,faiss_centroids
rfw_custom,adaface-4df25b75e065b0b9ed43,20260811-R001-84619ab9,population-d5c97c8bdbf5139067504002,origin-embedding-fe13c1e6e93cb094107568d9,pca,pca_32,40520,512,32,True,reconstruction,0.00159987342512,0.00174349578854,1.13487003628,1.23697222665,0.42138633085,0.327658410882,0,128,0,not_applicable,67584,pca_components_and_mean,step4_search_space_multi_fpir_v4,validation_required,True,rfw-custom-identity-balanced-open-set-v1-60b0908dc11e16d8,pca_direct_cosine,cosine_similarity,cosine_similarity,True,True,1,time.perf_counter,,,,1077.2705,1015.9982,0.067449923654,14825.8136678,1200,2048,2457600,221184,184.32,frozen_origin,0.1,calibration,test,20,15063,3104,11959,0.268532276154,0.268532276154,0.268532276154,3098,0.998067010309,2338,0.753221649485,3104,1,2926,0.942654639175,4283,15063,3093,3104,0.996456185567,0.993665067222,0.998020010939,2338,3104,0.753221649485,0.737747712896,0.768069594978,2337,-0.243234536082,-0.258706507732,-0.228092783505,1188,11959,0.0993394096496,0.0993394096496,0.0941064317635,0.104829704523,11959,11959,1,1,0.999678884082,1,1188,0.90066059035,0.895058115227,0.905928589347,probe,wilson_score,paired_nonparametric_bootstrap_percentile,2000,42,2733,0.181437960566,0.0903291821898,0.272466258316,0.277704087239,10780,0.715660890925,0,0,10780,0.715660890925,13864,0.92040098254,2338,0.155214764655,0,67584,pca_components_and_mean
rfw_custom,adaface-4df25b75e065b0b9ed43,20260811-R001-84619ab9,population-d5c97c8bdbf5139067504002,origin-embedding-fe13c1e6e93cb094107568d9,pca,pca_64,40520,512,64,True,reconstruction,0.00132432571174,0.0015266583587,0.96931189187,1.08457881107,0.564486854534,0.467285119302,0,256,0,not_applicable,133120,pca_components_and_mean,step4_search_space_multi_fpir_v4,validation_required,True,rfw-custom-identity-balanced-open-set-v1-60b0908dc11e16d8,pca_direct_cosine,cosine_similarity,cosine_similarity,True,True,1,time.perf_counter,,,,1072.6183,1020.9794,0.0677806147514,14753.4808244,1200,2048,2457600,440320,366.933333333,frozen_origin,0.1,calibration,test,20,15063,3104,11959,0.268532276154,0.268532276154,0.268532276154,3098,0.998067010309,2969,0.956507731959,3104,1,3085,0.993878865979,4283,15063,3093,3104,0.996456185567,0.993665067222,0.998020010939,2969,3104,0.956507731959,0.948750475337,0.963136452472,2968,-0.0399484536082,-0.0473582474227,-0.0328608247423,1188,11959,0.0993394096496,0.0993394096496,0.0941064317635,0.104829704523,11959,11959,1,1,0.999678884082,1,1188,0.90066059035,0.895058115227,0.905928589347,probe,wilson_score,paired_nonparametric_bootstrap_percentile,2000,42,4040,0.268206864502,0.159674593223,0.153293542472,0.158935702251,10780,0.715660890925,0,0,10780,0.715660890925,13864,0.92040098254,2969,0.197105490274,0,133120,pca_components_and_mean
rfw_custom,adaface-4df25b75e065b0b9ed43,20260811-R001-84619ab9,population-d5c97c8bdbf5139067504002,origin-embedding-fe13c1e6e93cb094107568d9,pca,pca_128,40520,512,128,True,reconstruction,0.000883943062876,0.00113180592259,0.737432532016,0.865207898688,0.738176732864,0.64848187096,0,512,0,not_applicable,264192,pca_components_and_mean,step4_search_space_multi_fpir_v4,validation_required,True,rfw-custom-identity-balanced-open-set-v1-60b0908dc11e16d8,pca_direct_cosine,cosine_similarity,cosine_similarity,True,True,1,time.perf_counter,,,,1083.0292,1034.302,0.0686650733586,14563.4447192,1200,2048,2457600,878592,732.16,frozen_origin,0.1,calibration,test,20,15063,3104,11959,0.268532276154,0.268532276154,0.268532276154,3098,0.998067010309,3081,0.992590206186,3104,1,3101,0.999033505155,4283,13336,3093,3104,0.996456185567,0.993665067222,0.998020010939,3081,3104,0.992590206186,0.988905341286,0.995057335227,3078,-0.00386597938144,-0.00676546391753,-0.00128865979381,1188,11959,0.0993394096496,0.0993394096496,0.0941064317635,0.104829704523,10232,11959,0.855589932269,0.855589932269,0.849175844098,0.861775649264,1157,0.756250522619,0.748306714608,0.764031273518,probe,wilson_score,paired_nonparametric_bootstrap_percentile,2000,42,6224,0.413197902144,0.300948510472,0.0686215616959,0.0720020925204,9115,0.605125141074,31,0.00205802297019,9084,0.603067118104,13864,0.92040098254,4808,0.319192723893,0,264192,pca_components_and_mean
rfw_custom,adaface-4df25b75e065b0b9ed43,20260811-R001-84619ab9,population-d5c97c8bdbf5139067504002,origin-embedding-fe13c1e6e93cb094107568d9,pca,pca_256,40520,512,256,True,reconstruction,0.000277919177319,0.000427038803966,0.383571451502,0.486566272845,0.925867238459,0.883943654707,0,1024,0,not_applicable,526336,pca_components_and_mean,step4_search_space_multi_fpir_v4,validation_required,True,rfw-custom-identity-balanced-open-set-v1-60b0908dc11e16d8,pca_direct_cosine,cosine_similarity,cosine_similarity,True,True,1,time.perf_counter,,,,1080.7441,1046.026,0.0694434043683,14400.2156734,1200,2048,2457600,1755136,1462.61333333,frozen_origin,0.1,calibration,test,20,15063,3104,11959,0.268532276154,0.268532276154,0.268532276154,3098,0.998067010309,3096,0.997422680412,3104,1,3103,0.999677835052,4283,5093,3093,3104,0.996456185567,0.993665067222,0.998020010939,3094,3104,0.996778350515,0.994079514816,0.998249096814,3091,0.000322164948454,-0.00128865979381,0.00193298969072,1188,11959,0.0993394096496,0.0993394096496,0.0941064317635,0.104829704523,1995,11959,0.166819968225,0.166819968225,0.160245364214,0.173608551059,1126,0.0674805585751,0.0627142737687,0.0724140814449,probe,wilson_score,paired_nonparametric_bootstrap_percentile,2000,42,10833,0.719179446325,0.614139177974,0.0158587658594,0.0183114952429,936,0.0621390161322,63,0.00418243377813,873,0.0579565823541,13864,0.92040098254,13058,0.866892385315,0,526336,pca_components_and_mean
rfw_custom,adaface-4df25b75e065b0b9ed43,20260811-R001-84619ab9,population-d5c97c8bdbf5139067504002,origin-embedding-fe13c1e6e93cb094107568d9,pca,pca_384,40520,512,384,True,reconstruction,2.66906624109e-07,4.3218553075e-07,0.0115350503226,0.0148745284714,0.99993170142,0.999889376241,0,1536,0,not_applicable,788480,pca_components_and_mean,step4_search_space_multi_fpir_v4,validation_required,True,rfw-custom-identity-balanced-open-set-v1-60b0908dc11e16d8,pca_direct_cosine,cosine_similarity,cosine_similarity,True,True,1,time.perf_counter,,,,1085.1983,1070.6523,0.0710782911771,14068.993267,1200,2048,2457600,2631680,2193.06666667,frozen_origin,0.1,calibration,test,20,15063,3104,11959,0.268532276154,0.268532276154,0.268532276154,3098,0.998067010309,3098,0.998067010309,3104,1,3104,1,4283,4264,3093,3104,0.996456185567,0.993665067222,0.998020010939,3092,3104,0.996134020619,0.993254463095,0.997787081595,3092,-0.000322164948454,-0.000966494845361,0,1188,11959,0.0993394096496,0.0993394096496,0.0941064317635,0.104829704523,1170,11959,0.0978342670792,0.0978342670792,0.0926380691863,0.103288748609,1143,-0.00150514257045,-0.00284304707751,-0.000167238063383,probe,wilson_score,paired_nonparametric_bootstrap_percentile,2000,42,14621,0.970656575715,0.942371633218,-0.000518327350755,0.00180732059319,73,0.00484631215561,46,0.00305384053641,27,0.0017924716192,13864,0.92040098254,13881,0.921529575782,0,788480,pca_components_and_mean
rfw_custom,adaface-4df25b75e065b0b9ed43,20260811-R001-84619ab9,population-d5c97c8bdbf5139067504002,origin-embedding-fe13c1e6e93cb094107568d9,pca,pca_32,40520,512,32,True,reconstruction,0.00159987342512,0.00174349578854,1.13487003628,1.23697222665,0.42138633085,0.327658410882,0,128,0,not_applicable,67584,pca_components_and_mean,step4_search_space_multi_fpir_v4,validation_required,True,rfw-custom-identity-balanced-open-set-v1-60b0908dc11e16d8,pca_direct_cosine,cosine_similarity,cosine_similarity,True,True,1,time.perf_counter,,,,1077.2705,1015.9982,0.067449923654,14825.8136678,1200,2048,2457600,221184,184.32,recalibrated_compressed,0.1,calibration,test,20,15063,3104,11959,,0.268532276154,0.610449969769,3098,0.998067010309,2338,0.753221649485,3104,1,2926,0.942654639175,4283,3280,3093,3104,0.996456185567,0.993665067222,0.998020010939,1945,3104,0.626610824742,0.60944775191,0.643460902027,1945,-0.369845360825,-0.386605992268,-0.35340689433,1188,11959,0.0993394096496,0.0993394096496,0.0941064317635,0.104829704523,1202,11959,0.100510076093,0.100510076093,0.0952487538242,0.10602796351,131,0.00117066644368,-0.00610627978928,0.00844552220085,probe,wilson_score,paired_nonparametric_bootstrap_percentile,2000,42,2733,0.181437960566,0.0903291821898,0.272466258316,0.277704087239,3147,0.208922525393,2075,0.137754763327,1072,0.071167762066,13864,0.92040098254,12702,0.843258315077,0,67584,pca_components_and_mean
rfw_custom,adaface-4df25b75e065b0b9ed43,20260811-R001-84619ab9,population-d5c97c8bdbf5139067504002,origin-embedding-fe13c1e6e93cb094107568d9,pca,pca_64,40520,512,64,True,reconstruction,0.00132432571174,0.0015266583587,0.96931189187,1.08457881107,0.564486854534,0.467285119302,0,256,0,not_applicable,133120,pca_components_and_mean,step4_search_space_multi_fpir_v4,validation_required,True,rfw-custom-identity-balanced-open-set-v1-60b0908dc11e16d8,pca_direct_cosine,cosine_similarity,cosine_similarity,True,True,1,time.perf_counter,,,,1072.6183,1020.9794,0.0677806147514,14753.4808244,1200,2048,2457600,440320,366.933333333,recalibrated_compressed,0.1,calibration,test,20,15063,3104,11959,,0.268532276154,0.458011209965,3098,0.998067010309,2969,0.956507731959,3104,1,3085,0.993878865979,4283,4045,3093,3104,0.996456185567,0.993665067222,0.998020010939,2820,3104,0.908505154639,0.89785132321,0.918149117483,2820,-0.0879510309278,-0.0979381443299,-0.0782860824742,1188,11959,0.0993394096496,0.0993394096496,0.0941064317635,0.104829704523,1194,11959,0.0998411238398,0.0998411238398,0.0945959705114,0.105343271938,182,0.00050171419015,-0.0070239986621,0.00786018897901,probe,wilson_score,paired_nonparametric_bootstrap_percentile,2000,42,4040,0.268206864502,0.159674593223,0.153293542472,0.158935702251,2264,0.150302064662,1251,0.0830511850229,1013,0.0672508796389,13864,0.92040098254,13585,0.901878775808,0,133120,pca_components_and_mean
rfw_custom,adaface-4df25b75e065b0b9ed43,20260811-R001-84619ab9,population-d5c97c8bdbf5139067504002,origin-embedding-fe13c1e6e93cb094107568d9,pca,pca_128,40520,512,128,True,reconstruction,0.000883943062876,0.00113180592259,0.737432532016,0.865207898688,0.738176732864,0.64848187096,0,512,0,not_applicable,264192,pca_components_and_mean,step4_search_space_multi_fpir_v4,validation_required,True,rfw-custom-identity-balanced-open-set-v1-60b0908dc11e16d8,pca_direct_cosine,cosine_similarity,cosine_similarity,True,True,1,time.perf_counter,,,,1083.0292,1034.302,0.0686650733586,14563.4447192,1200,2048,2457600,878592,732.16,recalibrated_compressed,0.1,calibration,test,20,15063,3104,11959,,0.268532276154,0.348013430834,3098,0.998067010309,3081,0.992590206186,3104,1,3101,0.999033505155,4283,4142,3093,3104,0.996456185567,0.993665067222,0.998020010939,3065,3104,0.98743556701,0.982870976866,0.990795164118,3062,-0.0090206185567,-0.0125644329897,-0.00547680412371,1188,11959,0.0993394096496,0.0993394096496,0.0941064317635,0.104829704523,1071,11959,0.0895559829417,0.0895559829417,0.0845692104655,0.0948063556329,414,-0.00978342670792,-0.0159712350531,-0.00359352788695,probe,wilson_score,paired_nonparametric_bootstrap_percentile,2000,42,6224,0.413197902144,0.300948510472,0.0686215616959,0.0720020925204,1461,0.09699263095,801,0.0531766580362,660,0.0438159729138,13864,0.92040098254,13953,0.9263095001,0,264192,pca_components_and_mean
rfw_custom,adaface-4df25b75e065b0b9ed43,20260811-R001-84619ab9,population-d5c97c8bdbf5139067504002,origin-embedding-fe13c1e6e93cb094107568d9,pca,pca_256,40520,512,256,True,reconstruction,0.000277919177319,0.000427038803966,0.383571451502,0.486566272845,0.925867238459,0.883943654707,0,1024,0,not_applicable,526336,pca_components_and_mean,step4_search_space_multi_fpir_v4,validation_required,True,rfw-custom-identity-balanced-open-set-v1-60b0908dc11e16d8,pca_direct_cosine,cosine_similarity,cosine_similarity,True,True,1,time.perf_counter,,,,1080.7441,1046.026,0.0694434043683,14400.2156734,1200,2048,2457600,1755136,1462.61333333,recalibrated_compressed,0.1,calibration,test,20,15063,3104,11959,,0.268532276154,0.283792585135,3098,0.998067010309,3096,0.997422680412,3104,1,3103,0.999677835052,4283,4289,3093,3104,0.996456185567,0.993665067222,0.998020010939,3090,3104,0.995489690722,0.992443119594,0.997311358154,3089,-0.000966494845361,-0.00257731958763,0.000322164948454,1188,11959,0.0993394096496,0.0993394096496,0.0941064317635,0.104829704523,1196,11959,0.100008361903,0.100008361903,0.0947591593979,0.105514451773,934,0.000668952253533,-0.00284304707751,0.00434818964796,probe,wilson_score,paired_nonparametric_bootstrap_percentile,2000,42,10833,0.719179446325,0.614139177974,0.0158587658594,0.0183114952429,520,0.034521675629,257,0.0170616743013,263,0.0174600013278,13864,0.92040098254,13853,0.919670716325,0,526336,pca_components_and_mean
rfw_custom,adaface-4df25b75e065b0b9ed43,20260811-R001-84619ab9,population-d5c97c8bdbf5139067504002,origin-embedding-fe13c1e6e93cb094107568d9,pca,pca_384,40520,512,384,True,reconstruction,2.66906624109e-07,4.3218553075e-07,0.0115350503226,0.0148745284714,0.99993170142,0.999889376241,0,1536,0,not_applicable,788480,pca_components_and_mean,step4_search_space_multi_fpir_v4,validation_required,True,rfw-custom-identity-balanced-open-set-v1-60b0908dc11e16d8,pca_direct_cosine,cosine_similarity,cosine_similarity,True,True,1,time.perf_counter,,,,1085.1983,1070.6523,0.0710782911771,14068.993267,1200,2048,2457600,2631680,2193.06666667,recalibrated_compressed,0.1,calibration,test,20,15063,3104,11959,,0.268532276154,0.267246127129,3098,0.998067010309,3098,0.998067010309,3104,1,3104,1,4283,4308,3093,3104,0.996456185567,0.993665067222,0.998020010939,3093,3104,0.996456185567,0.993665067222,0.998020010939,3093,0,0,0,1188,11959,0.0993394096496,0.0993394096496,0.0941064317635,0.104829704523,1213,11959,0.101429885442,0.101429885442,0.0961464510246,0.106969294276,1163,0.00209047579229,0.000752571285225,0.00351199933105,probe,wilson_score,paired_nonparametric_bootstrap_percentile,2000,42,14621,0.970656575715,0.942371633218,-0.000518327350755,0.00180732059319,75,0.00497908783111,25,0.0016596959437,50,0.00331939188741,13864,0.92040098254,13839,0.918741286596,0,788480,pca_components_and_mean
rfw_custom,adaface-4df25b75e065b0b9ed43,20260811-R001-84619ab9,population-d5c97c8bdbf5139067504002,origin-embedding-fe13c1e6e93cb094107568d9,pca,pca_32,40520,512,32,True,reconstruction,0.00159987342512,0.00174349578854,1.13487003628,1.23697222665,0.42138633085,0.327658410882,0,128,0,not_applicable,67584,pca_components_and_mean,step4_search_space_multi_fpir_v4,validation_required,True,rfw-custom-identity-balanced-open-set-v1-60b0908dc11e16d8,pca_reconstruction_cosine,cosine_similarity,cosine_similarity,True,True,1,time.perf_counter,,,,1104.8011,1083.1794,0.0719099382593,13906.2836682,1200,2048,2457600,221184,184.32,frozen_origin,0.1,calibration,test,20,15063,3104,11959,0.268532276154,0.268532276154,0.268532276154,3098,0.998067010309,2343,0.754832474227,3104,1,2929,0.943621134021,4283,15063,3093,3104,0.996456185567,0.993665067222,0.998020010939,2343,3104,0.754832474227,0.73938990306,0.769645072167,2342,-0.24162371134,-0.256765463918,-0.226481958763,1188,11959,0.0993394096496,0.0993394096496,0.0941064317635,0.104829704523,11959,11959,1,1,0.999678884082,1,1188,0.90066059035,0.895058115227,0.905928589347,probe,wilson_score,paired_nonparametric_bootstrap_percentile,2000,42,2734,0.181504348403,0.090199835289,0.275091430204,0.280048777499,10780,0.715660890925,0,0,10780,0.715660890925,13864,0.92040098254,2343,0.155546703844,0,67584,pca_components_and_mean
rfw_custom,adaface-4df25b75e065b0b9ed43,20260811-R001-84619ab9,population-d5c97c8bdbf5139067504002,origin-embedding-fe13c1e6e93cb094107568d9,pca,pca_64,40520,512,64,True,reconstruction,0.00132432571174,0.0015266583587,0.96931189187,1.08457881107,0.564486854534,0.467285119302,0,256,0,not_applicable,133120,pca_components_and_mean,step4_search_space_multi_fpir_v4,validation_required,True,rfw-custom-identity-balanced-open-set-v1-60b0908dc11e16d8,pca_reconstruction_cosine,cosine_similarity,cosine_similarity,True,True,1,time.perf_counter,,,,1080.9247,1084.7072,0.0720113655978,13886.6967971,1200,2048,2457600,440320,366.933333333,frozen_origin,0.1,calibration,test,20,15063,3104,11959,0.268532276154,0.268532276154,0.268532276154,3098,0.998067010309,2967,0.955863402062,3104,1,3085,0.993878865979,4283,15063,3093,3104,0.996456185567,0.993665067222,0.998020010939,2967,3104,0.955863402062,0.948056669927,0.96254319094,2966,-0.0405927835052,-0.0480025773196,-0.0335051546392,1188,11959,0.0993394096496,0.0993394096496,0.0941064317635,0.104829704523,11959,11959,1,1,0.999678884082,1,1188,0.90066059035,0.895058115227,0.905928589347,probe,wilson_score,paired_nonparametric_bootstrap_percentile,2000,42,4041,0.26827325234,0.159859132158,0.154976705779,0.160457302976,10780,0.715660890925,0,0,10780,0.715660890925,13864,0.92040098254,2967,0.196972714599,0,133120,pca_components_and_mean
rfw_custom,adaface-4df25b75e065b0b9ed43,20260811-R001-84619ab9,population-d5c97c8bdbf5139067504002,origin-embedding-fe13c1e6e93cb094107568d9,pca,pca_128,40520,512,128,True,reconstruction,0.000883943062876,0.00113180592259,0.737432532016,0.865207898688,0.738176732864,0.64848187096,0,512,0,not_applicable,264192,pca_components_and_mean,step4_search_space_multi_fpir_v4,validation_required,True,rfw-custom-identity-balanced-open-set-v1-60b0908dc11e16d8,pca_reconstruction_cosine,cosine_similarity,cosine_similarity,True,True,1,time.perf_counter,,,,1088.977,1134.1078,0.0752909646153,13281.8061916,1200,2048,2457600,878592,732.16,frozen_origin,0.1,calibration,test,20,15063,3104,11959,0.268532276154,0.268532276154,0.268532276154,3098,0.998067010309,3081,0.992590206186,3104,1,3101,0.999033505155,4283,13449,3093,3104,0.996456185567,0.993665067222,0.998020010939,3081,3104,0.992590206186,0.988905341286,0.995057335227,3078,-0.00386597938144,-0.00676546391753,-0.00128865979381,1188,11959,0.0993394096496,0.0993394096496,0.0941064317635,0.104829704523,10345,11959,0.86503888285,0.86503888285,0.858797698925,0.871045627182,1161,0.7656994732,0.75825737938,0.773392424116,probe,wilson_score,paired_nonparametric_bootstrap_percentile,2000,42,6217,0.41273318728,0.301318279789,0.0695938411592,0.072881047401,9220,0.612095864038,27,0.0017924716192,9193,0.610303392419,13864,0.92040098254,4695,0.311690898227,0,264192,pca_components_and_mean
rfw_custom,adaface-4df25b75e065b0b9ed43,20260811-R001-84619ab9,population-d5c97c8bdbf5139067504002,origin-embedding-fe13c1e6e93cb094107568d9,pca,pca_256,40520,512,256,True,reconstruction,0.000277919177319,0.000427038803966,0.383571451502,0.486566272845,0.925867238459,0.883943654707,0,1024,0,not_applicable,526336,pca_components_and_mean,step4_search_space_multi_fpir_v4,validation_required,True,rfw-custom-identity-balanced-open-set-v1-60b0908dc11e16d8,pca_reconstruction_cosine,cosine_similarity,cosine_similarity,True,True,1,time.perf_counter,,,,1110.6754,1094.9246,0.0726896766914,13757.1116769,1200,2048,2457600,1755136,1462.61333333,frozen_origin,0.1,calibration,test,20,15063,3104,11959,0.268532276154,0.268532276154,0.268532276154,3098,0.998067010309,3096,0.997422680412,3104,1,3103,0.999677835052,4283,5162,3093,3104,0.996456185567,0.993665067222,0.998020010939,3094,3104,0.996778350515,0.994079514816,0.998249096814,3091,0.000322164948454,-0.00128865979381,0.00193298969072,1188,11959,0.0993394096496,0.0993394096496,0.0941064317635,0.104829704523,2063,11959,0.17250606238,0.17250606238,0.165839990793,0.179382461,1135,0.0731666527302,0.0682331298604,0.0782695041391,probe,wilson_score,paired_nonparametric_bootstrap_percentile,2000,42,10866,0.721370244971,0.615924092522,0.0165047575777,0.0187692337076,987,0.0655247958574,54,0.0035849432384,933,0.061939852619,13864,0.92040098254,12990,0.862378012348,0,526336,pca_components_and_mean
rfw_custom,adaface-4df25b75e065b0b9ed43,20260811-R001-84619ab9,population-d5c97c8bdbf5139067504002,origin-embedding-fe13c1e6e93cb094107568d9,pca,pca_384,40520,512,384,True,reconstruction,2.66906624109e-07,4.3218553075e-07,0.0115350503226,0.0148745284714,0.99993170142,0.999889376241,0,1536,0,not_applicable,788480,pca_components_and_mean,step4_search_space_multi_fpir_v4,validation_required,True,rfw-custom-identity-balanced-open-set-v1-60b0908dc11e16d8,pca_reconstruction_cosine,cosine_similarity,cosine_similarity,True,True,1,time.perf_counter,,,,1095.8521,1083.1262,0.0719064064263,13906.9667044,1200,2048,2457600,2631680,2193.06666667,frozen_origin,0.1,calibration,test,20,15063,3104,11959,0.268532276154,0.268532276154,0.268532276154,3098,0.998067010309,3098,0.998067010309,3104,1,3104,1,4283,4283,3093,3104,0.996456185567,0.993665067222,0.998020010939,3093,3104,0.996456185567,0.993665067222,0.998020010939,3093,0,0,0,1188,11959,0.0993394096496,0.0993394096496,0.0941064317635,0.104829704523,1188,11959,0.0993394096496,0.0993394096496,0.0941064317635,0.104829704523,1188,0,0,0,probe,wilson_score,paired_nonparametric_bootstrap_percentile,2000,42,15054,0.99940250946,0.998994698457,1.60146250649e-05,2.3879019307e-05,0,0,0,0,0,0,13864,0.92040098254,13864,0.92040098254,0,788480,pca_components_and_mean
rfw_custom,adaface-4df25b75e065b0b9ed43,20260811-R001-84619ab9,population-d5c97c8bdbf5139067504002,origin-embedding-fe13c1e6e93cb094107568d9,pca,pca_32,40520,512,32,True,reconstruction,0.00159987342512,0.00174349578854,1.13487003628,1.23697222665,0.42138633085,0.327658410882,0,128,0,not_applicable,67584,pca_components_and_mean,step4_search_space_multi_fpir_v4,validation_required,True,rfw-custom-identity-balanced-open-set-v1-60b0908dc11e16d8,pca_reconstruction_cosine,cosine_similarity,cosine_similarity,True,True,1,time.perf_counter,,,,1104.8011,1083.1794,0.0719099382593,13906.2836682,1200,2048,2457600,221184,184.32,recalibrated_compressed,0.1,calibration,test,20,15063,3104,11959,,0.268532276154,0.612534821033,3098,0.998067010309,2343,0.754832474227,3104,1,2929,0.943621134021,4283,3280,3093,3104,0.996456185567,0.993665067222,0.998020010939,1946,3104,0.626932989691,0.60977248363,0.643779703777,1946,-0.369523195876,-0.38628382732,-0.353084729381,1188,11959,0.0993394096496,0.0993394096496,0.0941064317635,0.104829704523,1201,11959,0.100426457062,0.100426457062,0.0951671518683,0.105942381105,130,0.00108704741199,-0.00635713688435,0.00836399364495,probe,wilson_score,paired_nonparametric_bootstrap_percentile,2000,42,2734,0.181504348403,0.090199835289,0.275091430204,0.280048777499,3147,0.208922525393,2075,0.137754763327,1072,0.071167762066,13864,0.92040098254,12704,0.843391090752,0,67584,pca_components_and_mean
rfw_custom,adaface-4df25b75e065b0b9ed43,20260811-R001-84619ab9,population-d5c97c8bdbf5139067504002,origin-embedding-fe13c1e6e93cb094107568d9,pca,pca_64,40520,512,64,True,reconstruction,0.00132432571174,0.0015266583587,0.96931189187,1.08457881107,0.564486854534,0.467285119302,0,256,0,not_applicable,133120,pca_components_and_mean,step4_search_space_multi_fpir_v4,validation_required,True,rfw-custom-identity-balanced-open-set-v1-60b0908dc11e16d8,pca_reconstruction_cosine,cosine_similarity,cosine_similarity,True,True,1,time.perf_counter,,,,1080.9247,1084.7072,0.0720113655978,13886.6967971,1200,2048,2457600,440320,366.933333333,recalibrated_compressed,0.1,calibration,test,20,15063,3104,11959,,0.268532276154,0.460000097752,3098,0.998067010309,2967,0.955863402062,3104,1,3085,0.993878865979,4283,4033,3093,3104,0.996456185567,0.993665067222,0.998020010939,2819,3104,0.908182989691,0.897513566643,0.917843340579,2819,-0.0882731958763,-0.0982603092784,-0.0786082474227,1188,11959,0.0993394096496,0.0993394096496,0.0941064317635,0.104829704523,1183,11959,0.0989213144912,0.0989213144912,0.0936985149447,0.104401699538,183,-0.000418095158458,-0.00786018897901,0.00685676059871,probe,wilson_score,paired_nonparametric_bootstrap_percentile,2000,42,4041,0.26827325234,0.159859132158,0.154976705779,0.160457302976,2252,0.149505410609,1251,0.0830511850229,1001,0.0664542255859,13864,0.92040098254,13595,0.902542654186,0,133120,pca_components_and_mean
rfw_custom,adaface-4df25b75e065b0b9ed43,20260811-R001-84619ab9,population-d5c97c8bdbf5139067504002,origin-embedding-fe13c1e6e93cb094107568d9,pca,pca_128,40520,512,128,True,reconstruction,0.000883943062876,0.00113180592259,0.737432532016,0.865207898688,0.738176732864,0.64848187096,0,512,0,not_applicable,264192,pca_components_and_mean,step4_search_space_multi_fpir_v4,validation_required,True,rfw-custom-identity-balanced-open-set-v1-60b0908dc11e16d8,pca_reconstruction_cosine,cosine_similarity,cosine_similarity,True,True,1,time.perf_counter,,,,1088.977,1134.1078,0.0752909646153,13281.8061916,1200,2048,2457600,878592,732.16,recalibrated_compressed,0.1,calibration,test,20,15063,3104,11959,,0.268532276154,0.349375784397,3098,0.998067010309,3081,0.992590206186,3104,1,3101,0.999033505155,4283,4138,3093,3104,0.996456185567,0.993665067222,0.998020010939,3067,3104,0.988079896907,0.983613675019,0.991339532906,3065,-0.00837628865979,-0.0119201030928,-0.00515463917526,1188,11959,0.0993394096496,0.0993394096496,0.0941064317635,0.104829704523,1066,11959,0.0891378877833,0.0891378877833,0.0841620286322,0.0943776156632,411,-0.0102015218664,-0.016475039719,-0.00418095158458,probe,wilson_score,paired_nonparametric_bootstrap_percentile,2000,42,6217,0.41273318728,0.301318279789,0.0695938411592,0.072881047401,1459,0.0968598552745,802,0.053243045874,657,0.0436168094005,13864,0.92040098254,13960,0.926774214964,0,264192,pca_components_and_mean
rfw_custom,adaface-4df25b75e065b0b9ed43,20260811-R001-84619ab9,population-d5c97c8bdbf5139067504002,origin-embedding-fe13c1e6e93cb094107568d9,pca,pca_256,40520,512,256,True,reconstruction,0.000277919177319,0.000427038803966,0.383571451502,0.486566272845,0.925867238459,0.883943654707,0,1024,0,not_applicable,526336,pca_components_and_mean,step4_search_space_multi_fpir_v4,validation_required,True,rfw-custom-identity-balanced-open-set-v1-60b0908dc11e16d8,pca_reconstruction_cosine,cosine_similarity,cosine_similarity,True,True,1,time.perf_counter,,,,1110.6754,1094.9246,0.0726896766914,13757.1116769,1200,2048,2457600,1755136,1462.61333333,recalibrated_compressed,0.1,calibration,test,20,15063,3104,11959,,0.268532276154,0.285167425871,3098,0.998067010309,3096,0.997422680412,3104,1,3103,0.999677835052,4283,4272,3093,3104,0.996456185567,0.993665067222,0.998020010939,3090,3104,0.995489690722,0.992443119594,0.997311358154,3089,-0.000966494845361,-0.00257731958763,0.000322164948454,1188,11959,0.0993394096496,0.0993394096496,0.0941064317635,0.104829704523,1179,11959,0.0985868383644,0.0985868383644,0.0933722026438,0.104059274397,924,-0.000752571285225,-0.00443180867966,0.00292666610921,probe,wilson_score,paired_nonparametric_bootstrap_percentile,2000,42,10866,0.721370244971,0.615924092522,0.0165047575777,0.0187692337076,523,0.0347208391423,267,0.0177255526787,256,0.0169952864635,13864,0.92040098254,13870,0.920799309566,0,526336,pca_components_and_mean
rfw_custom,adaface-4df25b75e065b0b9ed43,20260811-R001-84619ab9,population-d5c97c8bdbf5139067504002,origin-embedding-fe13c1e6e93cb094107568d9,pca,pca_384,40520,512,384,True,reconstruction,2.66906624109e-07,4.3218553075e-07,0.0115350503226,0.0148745284714,0.99993170142,0.999889376241,0,1536,0,not_applicable,788480,pca_components_and_mean,step4_search_space_multi_fpir_v4,validation_required,True,rfw-custom-identity-balanced-open-set-v1-60b0908dc11e16d8,pca_reconstruction_cosine,cosine_similarity,cosine_similarity,True,True,1,time.perf_counter,,,,1095.8521,1083.1262,0.0719064064263,13906.9667044,1200,2048,2457600,2631680,2193.06666667,recalibrated_compressed,0.1,calibration,test,20,15063,3104,11959,,0.268532276154,0.2685136199,3098,0.998067010309,3098,0.998067010309,3104,1,3104,1,4283,4283,3093,3104,0.996456185567,0.993665067222,0.998020010939,3093,3104,0.996456185567,0.993665067222,0.998020010939,3093,0,0,0,1188,11959,0.0993394096496,0.0993394096496,0.0941064317635,0.104829704523,1188,11959,0.0993394096496,0.0993394096496,0.0941064317635,0.104829704523,1188,0,0,0,probe,wilson_score,paired_nonparametric_bootstrap_percentile,2000,42,15054,0.99940250946,0.998994698457,1.60146250649e-05,2.3879019307e-05,0,0,0,0,0,0,13864,0.92040098254,13864,0.92040098254,0,788480,pca_components_and_mean
rfw_custom,adaface-4df25b75e065b0b9ed43,20260811-R001-84619ab9,population-d5c97c8bdbf5139067504002,origin-embedding-fe13c1e6e93cb094107568d9,pq,pq_512_m8_b8,40520,512,512,True,reconstruction,0.00163042853304,0.00173406660223,1.14887926049,1.2132515106,0.408675229784,0.349975375121,0,8,524288,faiss_centroids,524288,faiss_centroids,step4_search_space_multi_fpir_v4,validation_required,True,rfw-custom-identity-balanced-open-set-v1-60b0908dc11e16d8,pq_adc_exhaustive,cosine_similarity,negative_squared_l2_adc,False,False,1,time.perf_counter,0.389000000723,0.0187999976333,5.31209999826,1280.5681,80.7492999993,0.00536077142663,186540.31676,1200,2048,2457600,533888,444.906666667,recalibrated_compressed,0.1,calibration,test,20,15063,3104,11959,,0.268532276154,-1.02749884129,3098,0.998067010309,2678,0.862757731959,3104,1,3041,0.979703608247,4283,3582,3093,3104,0.996456185567,0.993665067222,0.998020010939,2344,3104,0.755154639175,0.739718375345,0.769960133353,2344,-0.241301546392,-0.256443298969,-0.226481958763,1188,11959,0.0993394096496,0.0993394096496,0.0941064317635,0.104829704523,1161,11959,0.097081695794,0.097081695794,0.0919040323749,0.102518126176,198,-0.00225771385567,-0.00969980767623,0.00510076093319,probe,wilson_score,paired_nonparametric_bootstrap_percentile,2000,42,3337,0.221536214565,0.087059718623,,,2633,0.174799176791,1667,0.110668525526,966,0.0641306512647,13864,0.92040098254,13142,0.872468963686,0,524288,faiss_centroids
rfw_custom,adaface-4df25b75e065b0b9ed43,20260811-R001-84619ab9,population-d5c97c8bdbf5139067504002,origin-embedding-fe13c1e6e93cb094107568d9,pq,pq_512_m16_b8,40520,512,512,True,reconstruction,0.00142365780519,0.00152733102233,1.02079992437,1.07646782749,0.522003239874,0.474440644613,0,16,524288,faiss_centroids,524288,faiss_centroids,step4_search_space_multi_fpir_v4,validation_required,True,rfw-custom-identity-balanced-open-set-v1-60b0908dc11e16d8,pq_adc_exhaustive,cosine_similarity,negative_squared_l2_adc,False,False,1,time.perf_counter,0.458700000308,0.0288999981422,63.8822000001,2084.7453,343.134700001,0.0227799707894,43898.2125678,1200,2048,2457600,543488,452.906666667,recalibrated_compressed,0.1,calibration,test,20,15063,3104,11959,,0.268532276154,-1.0945148468,3098,0.998067010309,3007,0.96875,3104,1,3098,0.998067010309,4283,4107,3093,3104,0.996456185567,0.993665067222,0.998020010939,2920,3104,0.940721649485,0.931856762639,0.948497025112,2920,-0.0557345360825,-0.0641108247423,-0.0480025773196,1188,11959,0.0993394096496,0.0993394096496,0.0941064317635,0.104829704523,1160,11959,0.0969980767623,0.0969980767623,0.0918224787384,0.102432495451,309,-0.00234133288737,-0.0088657078351,0.00418304206037,probe,wilson_score,paired_nonparametric_bootstrap_percentile,2000,42,4401,0.292172873929,0.142472433128,,,1880,0.124809134966,1028,0.0682466972051,852,0.0565624377614,13864,0.92040098254,13719,0.910774746067,0,524288,faiss_centroids
rfw_custom,adaface-4df25b75e065b0b9ed43,20260811-R001-84619ab9,population-d5c97c8bdbf5139067504002,origin-embedding-fe13c1e6e93cb094107568d9,pq,pq_512_m32_b8,40520,512,512,True,reconstruction,0.0010840282096,0.00117513589788,0.839178099042,0.884383653173,0.667572900456,0.633766381216,0,32,524288,faiss_centroids,524288,faiss_centroids,step4_search_space_multi_fpir_v4,validation_required,True,rfw-custom-identity-balanced-open-set-v1-60b0908dc11e16d8,pq_adc_exhaustive,cosine_similarity,negative_squared_l2_adc,False,False,1,time.perf_counter,0.382000001991,0.218999997742,17.5348999983,1106.0176,268.359599999,0.0178158135829,56129.9092712,1200,2048,2457600,562688,468.906666667,recalibrated_compressed,0.1,calibration,test,20,15063,3104,11959,,0.268532276154,-1.19001424313,3098,0.998067010309,3088,0.994845360825,3104,1,3102,0.999355670103,4283,4159,3093,3104,0.996456185567,0.993665067222,0.998020010939,3062,3104,0.986469072165,0.981761651347,0.989973889225,3061,-0.00998711340206,-0.0138530927835,-0.00644329896907,1188,11959,0.0993394096496,0.0993394096496,0.0941064317635,0.104829704523,1093,11959,0.0913956016389,0.0913956016389,0.0863612067826,0.0966924152485,441,-0.0079438080107,-0.0138828497366,-0.00183961869722,probe,wilson_score,paired_nonparametric_bootstrap_percentile,2000,42,6009,0.398924517028,0.241923106908,,,1432,0.0950673836553,778,0.051649737768,654,0.0434176458873,13864,0.92040098254,13928,0.924649804156,0,524288,faiss_centroids
rfw_custom,adaface-4df25b75e065b0b9ed43,20260811-R001-84619ab9,population-d5c97c8bdbf5139067504002,origin-embedding-fe13c1e6e93cb094107568d9,pq,pq_512_m64_b8,40520,512,512,True,reconstruction,0.000612252636355,0.000672481388299,0.593570746044,0.626408414028,0.828689231273,0.810138256245,0,64,524288,faiss_centroids,524288,faiss_centroids,step4_search_space_multi_fpir_v4,validation_required,True,rfw-custom-identity-balanced-open-set-v1-60b0908dc11e16d8,pq_adc_exhaustive,cosine_similarity,negative_squared_l2_adc,False,False,1,time.perf_counter,0.331200000801,0.164299999597,15.841299999,1118.6449,336.653599999,0.0223497045741,44743.3207309,1200,2048,2457600,601088,500.906666667,recalibrated_compressed,0.1,calibration,test,20,15063,3104,11959,,0.268532276154,-1.30506312847,3098,0.998067010309,3095,0.997100515464,3104,1,3103,0.999677835052,4283,4246,3093,3104,0.996456185567,0.993665067222,0.998020010939,3086,3104,0.994201030928,0.990851665111,0.996328678755,3085,-0.00225515463918,-0.00419619845361,-0.000644329896907,1188,11959,0.0993394096496,0.0993394096496,0.0941064317635,0.104829704523,1158,11959,0.0968308386989,0.0968308386989,0.0916593750875,0.102261230381,682,-0.00250857095075,-0.00752571285225,0.00267580901413,probe,wilson_score,paired_nonparametric_bootstrap_percentile,2000,42,8322,0.55247958574,0.38359478564,,,993,0.0659231228839,515,0.0341897364403,478,0.0317333864436,13864,0.92040098254,13887,0.921927902808,0,524288,faiss_centroids
rfw_custom,adaface-4df25b75e065b0b9ed43,20260811-R001-84619ab9,population-d5c97c8bdbf5139067504002,origin-embedding-fe13c1e6e93cb094107568d9,pq,pq_512_m128_b8,40520,512,512,True,reconstruction,0.000186457764857,0.000209995906418,0.313560357253,0.333765579303,0.95115723846,0.944815429454,0,128,524288,faiss_centroids,524288,faiss_centroids,step4_search_space_multi_fpir_v4,validation_required,True,rfw-custom-identity-balanced-open-set-v1-60b0908dc11e16d8,pq_adc_exhaustive,cosine_similarity,negative_squared_l2_adc,False,False,1,time.perf_counter,0.365500000044,0.240000001213,31.8531999983,1084.5657,718.115599997,0.047674141937,20975.731484,1200,2048,2457600,677888,564.906666667,recalibrated_compressed,0.1,calibration,test,20,15063,3104,11959,,0.268532276154,-1.40509867668,3098,0.998067010309,3098,0.998067010309,3104,1,3104,1,4283,4295,3093,3104,0.996456185567,0.993665067222,0.998020010939,3092,3104,0.996134020619,0.993254463095,0.997787081595,3092,-0.000322164948454,-0.000966494845361,0,1188,11959,0.0993394096496,0.0993394096496,0.0941064317635,0.104829704523,1202,11959,0.100510076093,0.100510076093,0.0952487538242,0.10602796351,916,0.00117066644368,-0.00242704239485,0.00493352286981,probe,wilson_score,paired_nonparametric_bootstrap_percentile,2000,42,10748,0.713536480117,0.567122414341,,,560,0.0371771891389,274,0.018190267543,286,0.018986921596,13864,0.92040098254,13849,0.919405164974,0,524288,faiss_centroids
rfw_custom,adaface-4df25b75e065b0b9ed43,20260811-R001-84619ab9,population-d5c97c8bdbf5139067504002,origin-embedding-fe13c1e6e93cb094107568d9,pq,pq_512_m8_b8,40520,512,512,True,reconstruction,0.00163042853304,0.00173406660223,1.14887926049,1.2132515106,0.408675229784,0.349975375121,0,8,524288,faiss_centroids,524288,faiss_centroids,step4_search_space_multi_fpir_v4,validation_required,True,rfw-custom-identity-balanced-open-set-v1-60b0908dc11e16d8,pq_reconstruction_cosine,cosine_similarity,cosine_similarity,True,True,1,time.perf_counter,,,,1280.5681,1162.304,0.0771628493661,12959.604372,1200,2048,2457600,533888,444.906666667,frozen_origin,0.1,calibration,test,20,15063,3104,11959,0.268532276154,0.268532276154,0.268532276154,3098,0.998067010309,1134,0.365335051546,3104,1,2070,0.666881443299,4283,5317,3093,3104,0.996456185567,0.993665067222,0.998020010939,941,3104,0.303157216495,0.287239486937,0.31956156254,941,-0.693298969072,-0.708770940722,-0.677512886598,1188,11959,0.0993394096496,0.0993394096496,0.0941064317635,0.104829704523,3689,11959,0.30847060791,0.30847060791,0.30025545086,0.316808771234,386,0.209131198261,0.199341500125,0.219249101095,probe,wilson_score,paired_nonparametric_bootstrap_percentile,2000,42,1293,0.0858394742083,0.0387569463112,-0.0373860695497,0.105020356078,5578,0.370311358959,2272,0.150833167364,3306,0.219478191595,13864,0.92040098254,9211,0.611498373498,0,524288,faiss_centroids
rfw_custom,adaface-4df25b75e065b0b9ed43,20260811-R001-84619ab9,population-d5c97c8bdbf5139067504002,origin-embedding-fe13c1e6e93cb094107568d9,pq,pq_512_m16_b8,40520,512,512,True,reconstruction,0.00142365780519,0.00152733102233,1.02079992437,1.07646782749,0.522003239874,0.474440644613,0,16,524288,faiss_centroids,524288,faiss_centroids,step4_search_space_multi_fpir_v4,validation_required,True,rfw-custom-identity-balanced-open-set-v1-60b0908dc11e16d8,pq_reconstruction_cosine,cosine_similarity,cosine_similarity,True,True,1,time.perf_counter,,,,2084.7453,1989.1984,0.132058580628,7572.39700172,1200,2048,2457600,543488,452.906666667,frozen_origin,0.1,calibration,test,20,15063,3104,11959,0.268532276154,0.268532276154,0.268532276154,3098,0.998067010309,2116,0.681701030928,3104,1,2791,0.899162371134,4283,1259,3093,3104,0.996456185567,0.993665067222,0.998020010939,1176,3104,0.378865979381,0.361959955962,0.3960714591,1176,-0.617590206186,-0.634020618557,-0.601159793814,1188,11959,0.0993394096496,0.0993394096496,0.0941064317635,0.104829704523,65,11959,0.00543523705995,0.00543523705995,0.00426699419889,0.00692110515705,11,-0.0939041725897,-0.0994230286813,-0.0885525545614,probe,wilson_score,paired_nonparametric_bootstrap_percentile,2000,42,2445,0.162318263294,0.0591405117015,-0.096099479334,0.103455377155,3132,0.207926707827,3078,0.204341764589,54,0.0035849432384,13864,0.92040098254,13070,0.867689039368,0,524288,faiss_centroids
rfw_custom,adaface-4df25b75e065b0b9ed43,20260811-R001-84619ab9,population-d5c97c8bdbf5139067504002,origin-embedding-fe13c1e6e93cb094107568d9,pq,pq_512_m32_b8,40520,512,512,True,reconstruction,0.0010840282096,0.00117513589788,0.839178099042,0.884383653173,0.667572900456,0.633766381216,0,32,524288,faiss_centroids,524288,faiss_centroids,step4_search_space_multi_fpir_v4,validation_required,True,rfw-custom-identity-balanced-open-set-v1-60b0908dc11e16d8,pq_reconstruction_cosine,cosine_similarity,cosine_similarity,True,True,1,time.perf_counter,,,,1106.0176,1106.398,0.0734513709088,13614.449773,1200,2048,2457600,562688,468.906666667,frozen_origin,0.1,calibration,test,20,15063,3104,11959,0.268532276154,0.268532276154,0.268532276154,3098,0.998067010309,2947,0.949420103093,3104,1,3078,0.99162371134,4283,2033,3093,3104,0.996456185567,0.993665067222,0.998020010939,2028,3104,0.653350515464,0.636428308214,0.669893623781,2028,-0.343105670103,-0.359536082474,-0.327319587629,1188,11959,0.0993394096496,0.0993394096496,0.0941064317635,0.104829704523,5,11959,0.000418095158458,0.000418095158458,0.000178598065002,0.000978439656206,1,-0.0989213144912,-0.104356551551,-0.0934839869554,probe,wilson_score,paired_nonparametric_bootstrap_percentile,2000,42,3978,0.264090818562,0.117114866988,-0.104401706971,0.105685618554,2258,0.149903737635,2254,0.149638186284,4,0.000265551350992,13864,0.92040098254,13982,0.928234747394,0,524288,faiss_centroids
rfw_custom,adaface-4df25b75e065b0b9ed43,20260811-R001-84619ab9,population-d5c97c8bdbf5139067504002,origin-embedding-fe13c1e6e93cb094107568d9,pq,pq_512_m64_b8,40520,512,512,True,reconstruction,0.000612252636355,0.000672481388299,0.593570746044,0.626408414028,0.828689231273,0.810138256245,0,64,524288,faiss_centroids,524288,faiss_centroids,step4_search_space_multi_fpir_v4,validation_required,True,rfw-custom-identity-balanced-open-set-v1-60b0908dc11e16d8,pq_reconstruction_cosine,cosine_similarity,cosine_similarity,True,True,1,time.perf_counter,,,,1118.6449,1101.5431,0.0731290645955,13674.4535915,1200,2048,2457600,601088,500.906666667,frozen_origin,0.1,calibration,test,20,15063,3104,11959,0.268532276154,0.268532276154,0.268532276154,3098,0.998067010309,3088,0.994845360825,3104,1,3103,0.999677835052,4283,3031,3093,3104,0.996456185567,0.993665067222,0.998020010939,2976,3104,0.958762886598,0.951182206566,0.965209455537,2976,-0.0376932989691,-0.0441365979381,-0.0315641108247,1188,11959,0.0993394096496,0.0993394096496,0.0941064317635,0.104829704523,54,11959,0.00451542771135,0.00451542771135,0.0034626182859,0.00588645310368,51,-0.0948239819383,-0.0999268333473,-0.0896396019734,probe,wilson_score,paired_nonparametric_bootstrap_percentile,2000,42,6529,0.433446192658,0.268852157267,-0.0700791282106,0.0714193171558,1258,0.0835158998871,1255,0.0833167363739,3,0.000199163513244,13864,0.92040098254,14881,0.98791741353,0,524288,faiss_centroids
rfw_custom,adaface-4df25b75e065b0b9ed43,20260811-R001-84619ab9,population-d5c97c8bdbf5139067504002,origin-embedding-fe13c1e6e93cb094107568d9,pq,pq_512_m128_b8,40520,512,512,True,reconstruction,0.000186457764857,0.000209995906418,0.313560357253,0.333765579303,0.95115723846,0.944815429454,0,128,524288,faiss_centroids,524288,faiss_centroids,step4_search_space_multi_fpir_v4,validation_required,True,rfw-custom-identity-balanced-open-set-v1-60b0908dc11e16d8,pq_reconstruction_cosine,cosine_similarity,cosine_similarity,True,True,1,time.perf_counter,,,,1084.5657,1125.0574,0.0746901281283,13388.6502147,1200,2048,2457600,677888,564.906666667,frozen_origin,0.1,calibration,test,20,15063,3104,11959,0.268532276154,0.268532276154,0.268532276154,3098,0.998067010309,3095,0.997100515464,3104,1,3103,0.999677835052,4283,3617,3093,3104,0.996456185567,0.993665067222,0.998020010939,3085,3104,0.993878865979,0.990459063693,0.996077746702,3085,-0.00257731958763,-0.00451030927835,-0.000966494845361,1188,11959,0.0993394096496,0.0993394096496,0.0941064317635,0.104829704523,529,11959,0.0442344677649,0.0442344677649,0.0406933442279,0.0480682984367,486,-0.0551049418848,-0.0595367505644,-0.0510055188561,probe,wilson_score,paired_nonparametric_bootstrap_percentile,2000,42,10301,0.683861116643,0.537439603252,-0.0231006091523,0.0263357520923,752,0.0499236539866,709,0.0470689769634,43,0.00285467702317,13864,0.92040098254,14515,0.963619464914,0,524288,faiss_centroids
rfw_custom,adaface-4df25b75e065b0b9ed43,20260811-R001-84619ab9,population-d5c97c8bdbf5139067504002,origin-embedding-fe13c1e6e93cb094107568d9,pq,pq_512_m8_b8,40520,512,512,True,reconstruction,0.00163042853304,0.00173406660223,1.14887926049,1.2132515106,0.408675229784,0.349975375121,0,8,524288,faiss_centroids,524288,faiss_centroids,step4_search_space_multi_fpir_v4,validation_required,True,rfw-custom-identity-balanced-open-set-v1-60b0908dc11e16d8,pq_reconstruction_cosine,cosine_similarity,cosine_similarity,True,True,1,time.perf_counter,,,,1280.5681,1162.304,0.0771628493661,12959.604372,1200,2048,2457600,533888,444.906666667,recalibrated_compressed,0.1,calibration,test,20,15063,3104,11959,,0.268532276154,0.305416762829,3098,0.998067010309,1134,0.365335051546,3104,1,2070,0.666881443299,4283,2253,3093,3104,0.996456185567,0.993665067222,0.998020010939,762,3104,0.245489690722,0.230670000457,0.260938557787,762,-0.750966494845,-0.766116301546,-0.736469072165,1188,11959,0.0993394096496,0.0993394096496,0.0941064317635,0.104829704523,1234,11959,0.103185885107,0.103185885107,0.0978606172836,0.108765999589,130,0.00384647545781,-0.00367923739443,0.0112049502467,probe,wilson_score,paired_nonparametric_bootstrap_percentile,2000,42,1293,0.0858394742083,0.0387569463112,-0.0373860695497,0.105020356078,4238,0.281351656377,3134,0.208059483503,1104,0.0732921728739,13864,0.92040098254,11487,0.762597092213,0,524288,faiss_centroids
rfw_custom,adaface-4df25b75e065b0b9ed43,20260811-R001-84619ab9,population-d5c97c8bdbf5139067504002,origin-embedding-fe13c1e6e93cb094107568d9,pq,pq_512_m16_b8,40520,512,512,True,reconstruction,0.00142365780519,0.00152733102233,1.02079992437,1.07646782749,0.522003239874,0.474440644613,0,16,524288,faiss_centroids,524288,faiss_centroids,step4_search_space_multi_fpir_v4,validation_required,True,rfw-custom-identity-balanced-open-set-v1-60b0908dc11e16d8,pq_reconstruction_cosine,cosine_similarity,cosine_similarity,True,True,1,time.perf_counter,,,,2084.7453,1989.1984,0.132058580628,7572.39700172,1200,2048,2457600,543488,452.906666667,recalibrated_compressed,0.1,calibration,test,20,15063,3104,11959,,0.268532276154,0.221348702908,3098,0.998067010309,2116,0.681701030928,3104,1,2791,0.899162371134,4283,2951,3093,3104,0.996456185567,0.993665067222,0.998020010939,1706,3104,0.549613402062,0.532059946338,0.567044208131,1706,-0.446842783505,-0.463603414948,-0.429445876289,1188,11959,0.0993394096496,0.0993394096496,0.0941064317635,0.104829704523,1111,11959,0.0929007442094,0.0929007442094,0.0878278570301,0.0982350834914,138,-0.00643866544025,-0.0137135211974,0.000587423697634,probe,wilson_score,paired_nonparametric_bootstrap_percentile,2000,42,2445,0.162318263294,0.0591405117015,-0.096099479334,0.103455377155,3280,0.217752107814,2306,0.153090353847,974,0.0646617539667,13864,0.92040098254,12554,0.83343291509,0,524288,faiss_centroids
rfw_custom,adaface-4df25b75e065b0b9ed43,20260811-R001-84619ab9,population-d5c97c8bdbf5139067504002,origin-embedding-fe13c1e6e93cb094107568d9,pq,pq_512_m32_b8,40520,512,512,True,reconstruction,0.0010840282096,0.00117513589788,0.839178099042,0.884383653173,0.667572900456,0.633766381216,0,32,524288,faiss_centroids,524288,faiss_centroids,step4_search_space_multi_fpir_v4,validation_required,True,rfw-custom-identity-balanced-open-set-v1-60b0908dc11e16d8,pq_reconstruction_cosine,cosine_similarity,cosine_similarity,True,True,1,time.perf_counter,,,,1106.0176,1106.398,0.0734513709088,13614.449773,1200,2048,2457600,562688,468.906666667,recalibrated_compressed,0.1,calibration,test,20,15063,3104,11959,,0.268532276154,0.193953484297,3098,0.998067010309,2947,0.949420103093,3104,1,3078,0.99162371134,4283,3974,3093,3104,0.996456185567,0.993665067222,0.998020010939,2803,3104,0.903028350515,0.892114471804,0.912945899889,2803,-0.0934278350515,-0.103737113402,-0.0837628865979,1188,11959,0.0993394096496,0.0993394096496,0.0941064317635,0.104829704523,1134,11959,0.0948239819383,0.0948239819383,0.0897025119439,0.100205668871,215,-0.00451542771135,-0.0116230454051,0.00259428045823,probe,wilson_score,paired_nonparametric_bootstrap_percentile,2000,42,3978,0.264090818562,0.117114866988,-0.104401706971,0.105685618554,2149,0.142667463321,1229,0.0815906525924,920,0.0610768107283,13864,0.92040098254,13628,0.904733452831,0,524288,faiss_centroids
rfw_custom,adaface-4df25b75e065b0b9ed43,20260811-R001-84619ab9,population-d5c97c8bdbf5139067504002,origin-embedding-fe13c1e6e93cb094107568d9,pq,pq_512_m64_b8,40520,512,512,True,reconstruction,0.000612252636355,0.000672481388299,0.593570746044,0.626408414028,0.828689231273,0.810138256245,0,64,524288,faiss_centroids,524288,faiss_centroids,step4_search_space_multi_fpir_v4,validation_required,True,rfw-custom-identity-balanced-open-set-v1-60b0908dc11e16d8,pq_reconstruction_cosine,cosine_similarity,cosine_similarity,True,True,1,time.perf_counter,,,,1118.6449,1101.5431,0.0731290645955,13674.4535915,1200,2048,2457600,601088,500.906666667,recalibrated_compressed,0.1,calibration,test,20,15063,3104,11959,,0.268532276154,0.211451917887,3098,0.998067010309,3088,0.994845360825,3104,1,3103,0.999677835052,4283,4217,3093,3104,0.996456185567,0.993665067222,0.998020010939,3071,3104,0.989368556701,0.985107550952,0.992419790856,3070,-0.00708762886598,-0.0103092783505,-0.0041881443299,1188,11959,0.0993394096496,0.0993394096496,0.0941064317635,0.104829704523,1142,11959,0.0954929341918,0.0954929341918,0.0903547210251,0.100890934674,506,-0.00384647545781,-0.00978551718371,0.00209047579229,probe,wilson_score,paired_nonparametric_bootstrap_percentile,2000,42,6529,0.433446192658,0.268852157267,-0.0700791282106,0.0714193171558,1342,0.089092478258,704,0.0467370377747,638,0.0423554404833,13864,0.92040098254,13888,0.921994290646,0,524288,faiss_centroids
rfw_custom,adaface-4df25b75e065b0b9ed43,20260811-R001-84619ab9,population-d5c97c8bdbf5139067504002,origin-embedding-fe13c1e6e93cb094107568d9,pq,pq_512_m128_b8,40520,512,512,True,reconstruction,0.000186457764857,0.000209995906418,0.313560357253,0.333765579303,0.95115723846,0.944815429454,0,128,524288,faiss_centroids,524288,faiss_centroids,step4_search_space_multi_fpir_v4,validation_required,True,rfw-custom-identity-balanced-open-set-v1-60b0908dc11e16d8,pq_reconstruction_cosine,cosine_similarity,cosine_similarity,True,True,1,time.perf_counter,,,,1084.5657,1125.0574,0.0746901281283,13388.6502147,1200,2048,2457600,677888,564.906666667,recalibrated_compressed,0.1,calibration,test,20,15063,3104,11959,,0.268532276154,0.250670969486,3098,0.998067010309,3095,0.997100515464,3104,1,3103,0.999677835052,4283,4221,3093,3104,0.996456185567,0.993665067222,0.998020010939,3088,3104,0.994845360825,0.991642819326,0.996824591481,3088,-0.00161082474227,-0.00322164948454,-0.000322164948454,1188,11959,0.0993394096496,0.0993394096496,0.0941064317635,0.104829704523,1129,11959,0.0944058867798,0.0944058867798,0.0892949216549,0.0997773373571,828,-0.00493352286981,-0.00928380299356,-0.000836190316916,probe,wilson_score,paired_nonparametric_bootstrap_percentile,2000,42,10301,0.683861116643,0.537439603252,-0.0231006091523,0.0263357520923,664,0.0440815242648,363,0.0240987851026,301,0.0199827391622,13864,0.92040098254,13918,0.923985925778,0,524288,faiss_centroids
