case_id,extraction_uid,dataset_id,sample_id,model_uid,compression_family,compression_profile,search_mode,target_fpir,is_mated,threshold_policy,top1_score_drift,agreement_with_origin,threshold_crossing,origin_fallback_used,saliency_target_eligible,heatmap_available,angular_error_rad,retrieval_metrics_available,case_group,case_priority_rank,selection_seed,cases_per_group,run_id,source_run_dir
gradcam-514dff514de3b510132a,population-c34a0451ee682a300684ff4b,rfw_custom,rfw:african:m.079vh1_0003,edgeface-a348c305af33c223b337,pca,pca_128,pca_direct_cosine,0.01,False,frozen_origin,0.00041127204895,True,False,False,True,True,0.000477329341813,True,high_error,1,42,8,20260810-R001-49ce74ce,C:\ronbun\runs\rfw_custom_20260810\20260810-R001-49ce74ce_step4_rfw_custom_edgeface-a348c305af33c223b337
gradcam-6d0e590d81c1d4fcffa3,population-c34a0451ee682a300684ff4b,rfw_custom,rfw:african:m.03d63jl_0001,edgeface-a348c305af33c223b337,pca,pca_128,pca_direct_cosine,0.01,False,frozen_origin,-0.0160058438778,True,False,False,True,True,0.000450799254003,True,high_error,2,42,8,20260810-R001-49ce74ce,C:\ronbun\runs\rfw_custom_20260810\20260810-R001-49ce74ce_step4_rfw_custom_edgeface-a348c305af33c223b337
gradcam-a2473945fe4a5c41456c,population-c34a0451ee682a300684ff4b,rfw_custom,rfw:caucasian:m.01wm1z7_0003,edgeface-a348c305af33c223b337,pca,pca_128,pca_direct_cosine,0.01,False,frozen_origin,0.00161829590797,True,False,False,True,True,0.000367552842719,True,high_error,3,42,8,20260810-R001-49ce74ce,C:\ronbun\runs\rfw_custom_20260810\20260810-R001-49ce74ce_step4_rfw_custom_edgeface-a348c305af33c223b337
gradcam-fe1201d04f7266acced0,population-c34a0451ee682a300684ff4b,rfw_custom,rfw:asian:m.0289_m4_0005,edgeface-a348c305af33c223b337,pca,pca_128,pca_direct_cosine,0.01,False,frozen_origin,-0.0113170146942,True,False,False,True,True,0.000342357957094,True,high_error,4,42,8,20260810-R001-49ce74ce,C:\ronbun\runs\rfw_custom_20260810\20260810-R001-49ce74ce_step4_rfw_custom_edgeface-a348c305af33c223b337
gradcam-fa33ef6af902eb5e068d,population-c34a0451ee682a300684ff4b,rfw_custom,rfw:asian:m.05mz42q_0001,edgeface-a348c305af33c223b337,pca,pca_128,pca_direct_cosine,0.01,True,frozen_origin,-0.0087818801403,True,False,False,True,True,0.00033955828319,True,high_error,5,42,8,20260810-R001-49ce74ce,C:\ronbun\runs\rfw_custom_20260810\20260810-R001-49ce74ce_step4_rfw_custom_edgeface-a348c305af33c223b337
gradcam-4ab060989fbd204ce06c,population-c34a0451ee682a300684ff4b,rfw_custom,rfw:indian:m.0gp8df_0001,edgeface-a348c305af33c223b337,pca,pca_128,pca_direct_cosine,0.01,False,frozen_origin,-0.0198748707771,True,False,False,True,True,0.000338187637715,True,high_error,6,42,8,20260810-R001-49ce74ce,C:\ronbun\runs\rfw_custom_20260810\20260810-R001-49ce74ce_step4_rfw_custom_edgeface-a348c305af33c223b337
gradcam-0d4b31837d8598470236,population-c34a0451ee682a300684ff4b,rfw_custom,rfw:indian:m.05gg8p_0002,edgeface-a348c305af33c223b337,pca,pca_128,pca_direct_cosine,0.01,True,frozen_origin,-0.00759452581406,True,False,False,True,True,0.000331297597425,True,high_error,7,42,8,20260810-R001-49ce74ce,C:\ronbun\runs\rfw_custom_20260810\20260810-R001-49ce74ce_step4_rfw_custom_edgeface-a348c305af33c223b337
gradcam-487e42614030c787d8ff,population-c34a0451ee682a300684ff4b,rfw_custom,rfw:african:m.03f18lg_0003,edgeface-a348c305af33c223b337,pca,pca_128,pca_direct_cosine,0.01,False,frozen_origin,0.00164544582367,True,False,False,True,True,0.000320387238429,True,high_error,8,42,8,20260810-R001-49ce74ce,C:\ronbun\runs\rfw_custom_20260810\20260810-R001-49ce74ce_step4_rfw_custom_edgeface-a348c305af33c223b337
gradcam-dd04632c59f55ae662d5,population-c34a0451ee682a300684ff4b,rfw_custom,rfw:asian:m.03wbqjn_0001,edgeface-a348c305af33c223b337,pca,pca_128,pca_direct_cosine,0.01,False,frozen_origin,-0.00463861227036,False,False,False,True,True,0.000349006874839,True,rank_flip,1,42,8,20260810-R001-49ce74ce,C:\ronbun\runs\rfw_custom_20260810\20260810-R001-49ce74ce_step4_rfw_custom_edgeface-a348c305af33c223b337
gradcam-ceffca4b094d7425f18c,population-c34a0451ee682a300684ff4b,rfw_custom,rfw:asian:m.03cx2x_0006,edgeface-a348c305af33c223b337,pca,pca_128,pca_direct_cosine,0.01,False,frozen_origin,-0.00845664739609,False,False,False,True,True,0.000290595436836,True,rank_flip,2,42,8,20260810-R001-49ce74ce,C:\ronbun\runs\rfw_custom_20260810\20260810-R001-49ce74ce_step4_rfw_custom_edgeface-a348c305af33c223b337
gradcam-b295314023e8952cb4bf,population-c34a0451ee682a300684ff4b,rfw_custom,rfw:asian:m.03s42j_0003,edgeface-a348c305af33c223b337,pca,pca_128,pca_direct_cosine,0.01,False,frozen_origin,0.00478821992874,False,False,False,True,True,0.000244331236767,True,rank_flip,3,42,8,20260810-R001-49ce74ce,C:\ronbun\runs\rfw_custom_20260810\20260810-R001-49ce74ce_step4_rfw_custom_edgeface-a348c305af33c223b337
gradcam-5bd6c39097a3e935c0de,population-c34a0451ee682a300684ff4b,rfw_custom,rfw:indian:m.04mzw77_0002,edgeface-a348c305af33c223b337,pca,pca_128,pca_direct_cosine,0.01,False,frozen_origin,-0.00587528944015,False,False,False,True,True,0.000146010014867,True,rank_flip,4,42,8,20260810-R001-49ce74ce,C:\ronbun\runs\rfw_custom_20260810\20260810-R001-49ce74ce_step4_rfw_custom_edgeface-a348c305af33c223b337
gradcam-aef427b16fe429d816cf,population-c34a0451ee682a300684ff4b,rfw_custom,rfw:indian:m.0r4xbtq_0004,edgeface-a348c305af33c223b337,pca,pca_128,pca_direct_cosine,0.01,False,frozen_origin,0.000312983989716,False,False,False,True,True,0.000144913491649,True,rank_flip,5,42,8,20260810-R001-49ce74ce,C:\ronbun\runs\rfw_custom_20260810\20260810-R001-49ce74ce_step4_rfw_custom_edgeface-a348c305af33c223b337
gradcam-b7e20aab983aa962faa4,population-c34a0451ee682a300684ff4b,rfw_custom,rfw:indian:m.0gbzs4s_0001,edgeface-a348c305af33c223b337,pca,pca_128,pca_direct_cosine,0.01,False,frozen_origin,-0.024731785059,False,False,False,True,True,0.00014066340693,True,rank_flip,6,42,8,20260810-R001-49ce74ce,C:\ronbun\runs\rfw_custom_20260810\20260810-R001-49ce74ce_step4_rfw_custom_edgeface-a348c305af33c223b337
gradcam-d9d486567645f9f9cd53,population-c34a0451ee682a300684ff4b,rfw_custom,rfw:african:m.04njl2_0001,edgeface-a348c305af33c223b337,pca,pca_128,pca_direct_cosine,0.01,False,frozen_origin,-0.00395345687866,False,False,False,True,True,0.000127887595907,True,rank_flip,7,42,8,20260810-R001-49ce74ce,C:\ronbun\runs\rfw_custom_20260810\20260810-R001-49ce74ce_step4_rfw_custom_edgeface-a348c305af33c223b337
gradcam-e76d17c9f8635271df4d,population-c34a0451ee682a300684ff4b,rfw_custom,rfw:asian:m.0421bfh_0004,edgeface-a348c305af33c223b337,pca,pca_128,pca_direct_cosine,0.01,False,frozen_origin,-0.0121064186096,False,False,False,True,True,7.69026393991e-05,True,rank_flip,8,42,8,20260810-R001-49ce74ce,C:\ronbun\runs\rfw_custom_20260810\20260810-R001-49ce74ce_step4_rfw_custom_edgeface-a348c305af33c223b337
gradcam-66897e5630608437a9f7,population-c34a0451ee682a300684ff4b,rfw_custom,rfw:indian:m.0b6km_j_0002,edgeface-a348c305af33c223b337,pca,pca_128,pca_direct_cosine,0.01,True,frozen_origin,6.13927841187e-06,True,False,False,True,True,0,True,stable,1,42,8,20260810-R001-49ce74ce,C:\ronbun\runs\rfw_custom_20260810\20260810-R001-49ce74ce_step4_rfw_custom_edgeface-a348c305af33c223b337
gradcam-8e1b4ac7a0ca2b54bcef,population-c34a0451ee682a300684ff4b,rfw_custom,rfw:african:m.07p89w_0002,edgeface-a348c305af33c223b337,pca,pca_128,pca_direct_cosine,0.01,True,frozen_origin,3.13520431519e-05,True,False,False,True,True,0,True,stable,2,42,8,20260810-R001-49ce74ce,C:\ronbun\runs\rfw_custom_20260810\20260810-R001-49ce74ce_step4_rfw_custom_edgeface-a348c305af33c223b337
gradcam-f07caeb7340125e501e6,population-c34a0451ee682a300684ff4b,rfw_custom,rfw:caucasian:m.06y7t6_0002,edgeface-a348c305af33c223b337,pca,pca_128,pca_direct_cosine,0.01,True,frozen_origin,6.16014003754e-05,True,False,False,True,True,0,True,stable,3,42,8,20260810-R001-49ce74ce,C:\ronbun\runs\rfw_custom_20260810\20260810-R001-49ce74ce_step4_rfw_custom_edgeface-a348c305af33c223b337
gradcam-d8d4a864bcdee087d16b,population-c34a0451ee682a300684ff4b,rfw_custom,rfw:caucasian:m.029kz0_0003,edgeface-a348c305af33c223b337,pca,pca_128,pca_direct_cosine,0.01,False,frozen_origin,7.08401203156e-05,True,False,False,True,True,0,True,stable,4,42,8,20260810-R001-49ce74ce,C:\ronbun\runs\rfw_custom_20260810\20260810-R001-49ce74ce_step4_rfw_custom_edgeface-a348c305af33c223b337
gradcam-925c7bb80d1d357d76f9,population-c34a0451ee682a300684ff4b,rfw_custom,rfw:asian:m.015qxn_0001,edgeface-a348c305af33c223b337,pca,pca_128,pca_direct_cosine,0.01,False,frozen_origin,-0.000113725662231,True,False,False,True,True,0,True,stable,5,42,8,20260810-R001-49ce74ce,C:\ronbun\runs\rfw_custom_20260810\20260810-R001-49ce74ce_step4_rfw_custom_edgeface-a348c305af33c223b337
gradcam-a66d3d962f75381fc4b7,population-c34a0451ee682a300684ff4b,rfw_custom,rfw:asian:m.06znc1t_0003,edgeface-a348c305af33c223b337,pca,pca_128,pca_direct_cosine,0.01,True,frozen_origin,-0.000124514102936,True,False,False,True,True,0,True,stable,6,42,8,20260810-R001-49ce74ce,C:\ronbun\runs\rfw_custom_20260810\20260810-R001-49ce74ce_step4_rfw_custom_edgeface-a348c305af33c223b337
gradcam-eb44e20b94687db312bc,population-c34a0451ee682a300684ff4b,rfw_custom,rfw:asian:m.0k3dh_0003,edgeface-a348c305af33c223b337,pca,pca_128,pca_direct_cosine,0.01,False,frozen_origin,-0.000128328800201,True,False,False,True,True,0,True,stable,7,42,8,20260810-R001-49ce74ce,C:\ronbun\runs\rfw_custom_20260810\20260810-R001-49ce74ce_step4_rfw_custom_edgeface-a348c305af33c223b337
gradcam-2ad951081f4a15d054a8,population-c34a0451ee682a300684ff4b,rfw_custom,rfw:asian:m.03zz3m_0001,edgeface-a348c305af33c223b337,pca,pca_128,pca_direct_cosine,0.01,False,frozen_origin,0.000145852565765,True,False,False,True,True,0,True,stable,8,42,8,20260810-R001-49ce74ce,C:\ronbun\runs\rfw_custom_20260810\20260810-R001-49ce74ce_step4_rfw_custom_edgeface-a348c305af33c223b337
gradcam-fc262fddb4543891bf68,population-c34a0451ee682a300684ff4b,rfw_custom,rfw:african:m.0432fbq_0002,edgeface-a348c305af33c223b337,pca,pca_128,pca_direct_cosine,0.01,False,frozen_origin,-0.0273046195507,True,True,False,True,True,0,True,threshold_crossing,1,42,8,20260810-R001-49ce74ce,C:\ronbun\runs\rfw_custom_20260810\20260810-R001-49ce74ce_step4_rfw_custom_edgeface-a348c305af33c223b337
gradcam-994d06bc32b346ad4bd1,population-c34a0451ee682a300684ff4b,rfw_custom,rfw:indian:m.04cdkf_0005,edgeface-a348c305af33c223b337,pca,pca_128,pca_direct_cosine,0.01,False,frozen_origin,-0.0237212777138,True,True,False,True,True,0,True,threshold_crossing,2,42,8,20260810-R001-49ce74ce,C:\ronbun\runs\rfw_custom_20260810\20260810-R001-49ce74ce_step4_rfw_custom_edgeface-a348c305af33c223b337
gradcam-6e2433a9c4dc435e8552,population-c34a0451ee682a300684ff4b,rfw_custom,rfw:indian:m.0h64z8r_0003,edgeface-a348c305af33c223b337,pca,pca_128,pca_direct_cosine,0.01,False,frozen_origin,-0.0193411409855,True,True,False,True,True,0,True,threshold_crossing,3,42,8,20260810-R001-49ce74ce,C:\ronbun\runs\rfw_custom_20260810\20260810-R001-49ce74ce_step4_rfw_custom_edgeface-a348c305af33c223b337
gradcam-f4e509f0f29e73cf3632,population-c34a0451ee682a300684ff4b,rfw_custom,rfw:african:m.0b6lb0j_0004,edgeface-a348c305af33c223b337,pca,pca_128,pca_direct_cosine,0.01,False,frozen_origin,-0.018891453743,False,True,False,True,True,0,True,threshold_crossing,4,42,8,20260810-R001-49ce74ce,C:\ronbun\runs\rfw_custom_20260810\20260810-R001-49ce74ce_step4_rfw_custom_edgeface-a348c305af33c223b337
gradcam-2dc7e5e3e4804c997dff,population-c34a0451ee682a300684ff4b,rfw_custom,rfw:indian:m.05zjlfp_0003,edgeface-a348c305af33c223b337,pca,pca_128,pca_direct_cosine,0.01,False,frozen_origin,-0.0188145041466,True,True,False,True,True,0,True,threshold_crossing,5,42,8,20260810-R001-49ce74ce,C:\ronbun\runs\rfw_custom_20260810\20260810-R001-49ce74ce_step4_rfw_custom_edgeface-a348c305af33c223b337
gradcam-26f196ab714b40705d2e,population-c34a0451ee682a300684ff4b,rfw_custom,rfw:indian:m.07l4hv_0004,edgeface-a348c305af33c223b337,pca,pca_128,pca_direct_cosine,0.01,False,frozen_origin,-0.0170950293541,True,True,False,True,True,0,True,threshold_crossing,6,42,8,20260810-R001-49ce74ce,C:\ronbun\runs\rfw_custom_20260810\20260810-R001-49ce74ce_step4_rfw_custom_edgeface-a348c305af33c223b337
gradcam-7f8ea40edb3508635ea8,population-c34a0451ee682a300684ff4b,rfw_custom,rfw:african:m.0cwhxj_0004,edgeface-a348c305af33c223b337,pca,pca_128,pca_direct_cosine,0.01,False,frozen_origin,-0.0152910351753,True,True,False,True,True,0,True,threshold_crossing,7,42,8,20260810-R001-49ce74ce,C:\ronbun\runs\rfw_custom_20260810\20260810-R001-49ce74ce_step4_rfw_custom_edgeface-a348c305af33c223b337
gradcam-e8f8ee77d11c971dc316,population-c34a0451ee682a300684ff4b,rfw_custom,rfw:indian:m.04y88mr_0001,edgeface-a348c305af33c223b337,pca,pca_128,pca_direct_cosine,0.01,False,frozen_origin,-0.0144289135933,True,True,False,True,True,0,True,threshold_crossing,8,42,8,20260810-R001-49ce74ce,C:\ronbun\runs\rfw_custom_20260810\20260810-R001-49ce74ce_step4_rfw_custom_edgeface-a348c305af33c223b337
gradcam-ce350b4f8e62ad53c042,population-c34a0451ee682a300684ff4b,rfw_custom,rfw:african:m.079vh1_0003,edgeface-a348c305af33c223b337,pca,pca_128,pca_direct_cosine,0.1,False,frozen_origin,0.00041127204895,True,False,False,True,True,0.000477329341813,True,high_error,1,42,8,20260810-R001-49ce74ce,C:\ronbun\runs\rfw_custom_20260810\20260810-R001-49ce74ce_step4_rfw_custom_edgeface-a348c305af33c223b337
gradcam-8b9bb48b6653c480ed70,population-c34a0451ee682a300684ff4b,rfw_custom,rfw:caucasian:m.01wm1z7_0003,edgeface-a348c305af33c223b337,pca,pca_128,pca_direct_cosine,0.1,False,frozen_origin,0.00161829590797,True,False,False,True,True,0.000367552842719,True,high_error,2,42,8,20260810-R001-49ce74ce,C:\ronbun\runs\rfw_custom_20260810\20260810-R001-49ce74ce_step4_rfw_custom_edgeface-a348c305af33c223b337
gradcam-4b48f71533a920f0f644,population-c34a0451ee682a300684ff4b,rfw_custom,rfw:asian:m.0289_m4_0005,edgeface-a348c305af33c223b337,pca,pca_128,pca_direct_cosine,0.1,False,frozen_origin,-0.0113170146942,True,False,False,True,True,0.000342357957094,True,high_error,3,42,8,20260810-R001-49ce74ce,C:\ronbun\runs\rfw_custom_20260810\20260810-R001-49ce74ce_step4_rfw_custom_edgeface-a348c305af33c223b337
gradcam-de8b447e51e718c2d2af,population-c34a0451ee682a300684ff4b,rfw_custom,rfw:asian:m.05mz42q_0001,edgeface-a348c305af33c223b337,pca,pca_128,pca_direct_cosine,0.1,True,frozen_origin,-0.0087818801403,True,False,False,True,True,0.00033955828319,True,high_error,4,42,8,20260810-R001-49ce74ce,C:\ronbun\runs\rfw_custom_20260810\20260810-R001-49ce74ce_step4_rfw_custom_edgeface-a348c305af33c223b337
gradcam-c54715ee038cd996ba08,population-c34a0451ee682a300684ff4b,rfw_custom,rfw:indian:m.0gp8df_0001,edgeface-a348c305af33c223b337,pca,pca_128,pca_direct_cosine,0.1,False,frozen_origin,-0.0198748707771,True,False,False,True,True,0.000338187637715,True,high_error,5,42,8,20260810-R001-49ce74ce,C:\ronbun\runs\rfw_custom_20260810\20260810-R001-49ce74ce_step4_rfw_custom_edgeface-a348c305af33c223b337
gradcam-4844a1bb5590b818e9be,population-c34a0451ee682a300684ff4b,rfw_custom,rfw:indian:m.05gg8p_0002,edgeface-a348c305af33c223b337,pca,pca_128,pca_direct_cosine,0.1,True,frozen_origin,-0.00759452581406,True,False,False,True,True,0.000331297597425,True,high_error,6,42,8,20260810-R001-49ce74ce,C:\ronbun\runs\rfw_custom_20260810\20260810-R001-49ce74ce_step4_rfw_custom_edgeface-a348c305af33c223b337
gradcam-f60ac34ac868683e1d2f,population-c34a0451ee682a300684ff4b,rfw_custom,rfw:african:m.03f18lg_0003,edgeface-a348c305af33c223b337,pca,pca_128,pca_direct_cosine,0.1,False,frozen_origin,0.00164544582367,True,False,False,True,True,0.000320387238429,True,high_error,7,42,8,20260810-R001-49ce74ce,C:\ronbun\runs\rfw_custom_20260810\20260810-R001-49ce74ce_step4_rfw_custom_edgeface-a348c305af33c223b337
gradcam-ec8ce2664d8791b65da7,population-c34a0451ee682a300684ff4b,rfw_custom,rfw:caucasian:m.033b99_0003,edgeface-a348c305af33c223b337,pca,pca_128,pca_direct_cosine,0.1,True,frozen_origin,-0.00546085834503,True,False,False,True,True,0.000314840660904,True,high_error,8,42,8,20260810-R001-49ce74ce,C:\ronbun\runs\rfw_custom_20260810\20260810-R001-49ce74ce_step4_rfw_custom_edgeface-a348c305af33c223b337
gradcam-025a5fa0a727cb1fc71b,population-c34a0451ee682a300684ff4b,rfw_custom,rfw:asian:m.03wbqjn_0001,edgeface-a348c305af33c223b337,pca,pca_128,pca_direct_cosine,0.1,False,frozen_origin,-0.00463861227036,False,False,False,True,True,0.000349006874839,True,rank_flip,1,42,8,20260810-R001-49ce74ce,C:\ronbun\runs\rfw_custom_20260810\20260810-R001-49ce74ce_step4_rfw_custom_edgeface-a348c305af33c223b337
gradcam-eee3e36fccec5adf2c52,population-c34a0451ee682a300684ff4b,rfw_custom,rfw:asian:m.03cx2x_0006,edgeface-a348c305af33c223b337,pca,pca_128,pca_direct_cosine,0.1,False,frozen_origin,-0.00845664739609,False,False,False,True,True,0.000290595436836,True,rank_flip,2,42,8,20260810-R001-49ce74ce,C:\ronbun\runs\rfw_custom_20260810\20260810-R001-49ce74ce_step4_rfw_custom_edgeface-a348c305af33c223b337
gradcam-8f72c1bb5a663ca99bfa,population-c34a0451ee682a300684ff4b,rfw_custom,rfw:asian:m.03s42j_0003,edgeface-a348c305af33c223b337,pca,pca_128,pca_direct_cosine,0.1,False,frozen_origin,0.00478821992874,False,False,False,True,True,0.000244331236767,True,rank_flip,3,42,8,20260810-R001-49ce74ce,C:\ronbun\runs\rfw_custom_20260810\20260810-R001-49ce74ce_step4_rfw_custom_edgeface-a348c305af33c223b337
gradcam-f0d4ceb8fd7d9f67635e,population-c34a0451ee682a300684ff4b,rfw_custom,rfw:indian:m.04mzw77_0002,edgeface-a348c305af33c223b337,pca,pca_128,pca_direct_cosine,0.1,False,frozen_origin,-0.00587528944015,False,False,False,True,True,0.000146010014867,True,rank_flip,4,42,8,20260810-R001-49ce74ce,C:\ronbun\runs\rfw_custom_20260810\20260810-R001-49ce74ce_step4_rfw_custom_edgeface-a348c305af33c223b337
gradcam-eaa497e26d0540ce890a,population-c34a0451ee682a300684ff4b,rfw_custom,rfw:indian:m.0r4xbtq_0004,edgeface-a348c305af33c223b337,pca,pca_128,pca_direct_cosine,0.1,False,frozen_origin,0.000312983989716,False,False,False,True,True,0.000144913491649,True,rank_flip,5,42,8,20260810-R001-49ce74ce,C:\ronbun\runs\rfw_custom_20260810\20260810-R001-49ce74ce_step4_rfw_custom_edgeface-a348c305af33c223b337
gradcam-53c21667d00ef9878f0a,population-c34a0451ee682a300684ff4b,rfw_custom,rfw:african:m.04njl2_0001,edgeface-a348c305af33c223b337,pca,pca_128,pca_direct_cosine,0.1,False,frozen_origin,-0.00395345687866,False,False,False,True,True,0.000127887595907,True,rank_flip,6,42,8,20260810-R001-49ce74ce,C:\ronbun\runs\rfw_custom_20260810\20260810-R001-49ce74ce_step4_rfw_custom_edgeface-a348c305af33c223b337
gradcam-438c3972d40f3b966bad,population-c34a0451ee682a300684ff4b,rfw_custom,rfw:asian:m.0421bfh_0004,edgeface-a348c305af33c223b337,pca,pca_128,pca_direct_cosine,0.1,False,frozen_origin,-0.0121064186096,False,False,False,True,True,7.69026393991e-05,True,rank_flip,7,42,8,20260810-R001-49ce74ce,C:\ronbun\runs\rfw_custom_20260810\20260810-R001-49ce74ce_step4_rfw_custom_edgeface-a348c305af33c223b337
gradcam-938dad780e77e0909813,population-c34a0451ee682a300684ff4b,rfw_custom,rfw:caucasian:m.018t67_0001,edgeface-a348c305af33c223b337,pca,pca_128,pca_direct_cosine,0.1,False,frozen_origin,0.00223371386528,False,False,False,True,True,2.84302987308e-05,True,rank_flip,8,42,8,20260810-R001-49ce74ce,C:\ronbun\runs\rfw_custom_20260810\20260810-R001-49ce74ce_step4_rfw_custom_edgeface-a348c305af33c223b337
gradcam-4c4a01ba3ffa5c006a05,population-c34a0451ee682a300684ff4b,rfw_custom,rfw:indian:m.0b6km_j_0002,edgeface-a348c305af33c223b337,pca,pca_128,pca_direct_cosine,0.1,True,frozen_origin,6.13927841187e-06,True,False,False,True,True,0,True,stable,1,42,8,20260810-R001-49ce74ce,C:\ronbun\runs\rfw_custom_20260810\20260810-R001-49ce74ce_step4_rfw_custom_edgeface-a348c305af33c223b337
gradcam-756a1e85b504928fdafa,population-c34a0451ee682a300684ff4b,rfw_custom,rfw:african:m.07p89w_0002,edgeface-a348c305af33c223b337,pca,pca_128,pca_direct_cosine,0.1,True,frozen_origin,3.13520431519e-05,True,False,False,True,True,0,True,stable,2,42,8,20260810-R001-49ce74ce,C:\ronbun\runs\rfw_custom_20260810\20260810-R001-49ce74ce_step4_rfw_custom_edgeface-a348c305af33c223b337
gradcam-397c39ff194e5a2c320c,population-c34a0451ee682a300684ff4b,rfw_custom,rfw:caucasian:m.06y7t6_0002,edgeface-a348c305af33c223b337,pca,pca_128,pca_direct_cosine,0.1,True,frozen_origin,6.16014003754e-05,True,False,False,True,True,0,True,stable,3,42,8,20260810-R001-49ce74ce,C:\ronbun\runs\rfw_custom_20260810\20260810-R001-49ce74ce_step4_rfw_custom_edgeface-a348c305af33c223b337
gradcam-fa75eaee91b92612acea,population-c34a0451ee682a300684ff4b,rfw_custom,rfw:caucasian:m.029kz0_0003,edgeface-a348c305af33c223b337,pca,pca_128,pca_direct_cosine,0.1,False,frozen_origin,7.08401203156e-05,True,False,False,True,True,0,True,stable,4,42,8,20260810-R001-49ce74ce,C:\ronbun\runs\rfw_custom_20260810\20260810-R001-49ce74ce_step4_rfw_custom_edgeface-a348c305af33c223b337
gradcam-68ff1ac2ece63ef09176,population-c34a0451ee682a300684ff4b,rfw_custom,rfw:asian:m.015qxn_0001,edgeface-a348c305af33c223b337,pca,pca_128,pca_direct_cosine,0.1,False,frozen_origin,-0.000113725662231,True,False,False,True,True,0,True,stable,5,42,8,20260810-R001-49ce74ce,C:\ronbun\runs\rfw_custom_20260810\20260810-R001-49ce74ce_step4_rfw_custom_edgeface-a348c305af33c223b337
gradcam-8f41dfe53597bae829a5,population-c34a0451ee682a300684ff4b,rfw_custom,rfw:asian:m.06znc1t_0003,edgeface-a348c305af33c223b337,pca,pca_128,pca_direct_cosine,0.1,True,frozen_origin,-0.000124514102936,True,False,False,True,True,0,True,stable,6,42,8,20260810-R001-49ce74ce,C:\ronbun\runs\rfw_custom_20260810\20260810-R001-49ce74ce_step4_rfw_custom_edgeface-a348c305af33c223b337
gradcam-33985f248d9d34acb896,population-c34a0451ee682a300684ff4b,rfw_custom,rfw:asian:m.0k3dh_0003,edgeface-a348c305af33c223b337,pca,pca_128,pca_direct_cosine,0.1,False,frozen_origin,-0.000128328800201,True,False,False,True,True,0,True,stable,7,42,8,20260810-R001-49ce74ce,C:\ronbun\runs\rfw_custom_20260810\20260810-R001-49ce74ce_step4_rfw_custom_edgeface-a348c305af33c223b337
gradcam-137ecb6fcfc25f28f769,population-c34a0451ee682a300684ff4b,rfw_custom,rfw:asian:m.03zz3m_0001,edgeface-a348c305af33c223b337,pca,pca_128,pca_direct_cosine,0.1,False,frozen_origin,0.000145852565765,True,False,False,True,True,0,True,stable,8,42,8,20260810-R001-49ce74ce,C:\ronbun\runs\rfw_custom_20260810\20260810-R001-49ce74ce_step4_rfw_custom_edgeface-a348c305af33c223b337
gradcam-f8ffa6ce50a2e87f53ab,population-c34a0451ee682a300684ff4b,rfw_custom,rfw:african:m.03d63jl_0001,edgeface-a348c305af33c223b337,pca,pca_128,pca_direct_cosine,0.1,False,frozen_origin,-0.0160058438778,True,True,False,True,True,0.000450799254003,True,threshold_crossing,1,42,8,20260810-R001-49ce74ce,C:\ronbun\runs\rfw_custom_20260810\20260810-R001-49ce74ce_step4_rfw_custom_edgeface-a348c305af33c223b337
gradcam-23b3b4843be0faf94c8b,population-c34a0451ee682a300684ff4b,rfw_custom,rfw:indian:m.09g8qwk_0001,edgeface-a348c305af33c223b337,pca,pca_128,pca_direct_cosine,0.1,False,frozen_origin,-0.00792115926743,True,True,False,True,True,0.000225109565573,True,threshold_crossing,2,42,8,20260810-R001-49ce74ce,C:\ronbun\runs\rfw_custom_20260810\20260810-R001-49ce74ce_step4_rfw_custom_edgeface-a348c305af33c223b337
gradcam-f2c5c06df4ddf8a1fb27,population-c34a0451ee682a300684ff4b,rfw_custom,rfw:asian:m.0d2m6l_0003,edgeface-a348c305af33c223b337,pca,pca_128,pca_direct_cosine,0.1,False,frozen_origin,0.0141682326794,True,True,False,True,True,0.000188720824835,True,threshold_crossing,3,42,8,20260810-R001-49ce74ce,C:\ronbun\runs\rfw_custom_20260810\20260810-R001-49ce74ce_step4_rfw_custom_edgeface-a348c305af33c223b337
gradcam-c93fee6562e3c9ac5823,population-c34a0451ee682a300684ff4b,rfw_custom,rfw:asian:m.0c00q7n_0004,edgeface-a348c305af33c223b337,pca,pca_128,pca_direct_cosine,0.1,False,frozen_origin,0.00625392794609,True,True,False,True,True,0.000176406640382,True,threshold_crossing,4,42,8,20260810-R001-49ce74ce,C:\ronbun\runs\rfw_custom_20260810\20260810-R001-49ce74ce_step4_rfw_custom_edgeface-a348c305af33c223b337
gradcam-f76b2abeeac13d1269bb,population-c34a0451ee682a300684ff4b,rfw_custom,rfw:indian:m.0gbzs4s_0001,edgeface-a348c305af33c223b337,pca,pca_128,pca_direct_cosine,0.1,False,frozen_origin,-0.024731785059,False,True,False,True,True,0.00014066340693,True,threshold_crossing,5,42,8,20260810-R001-49ce74ce,C:\ronbun\runs\rfw_custom_20260810\20260810-R001-49ce74ce_step4_rfw_custom_edgeface-a348c305af33c223b337
gradcam-480c61d864431f0f6244,population-c34a0451ee682a300684ff4b,rfw_custom,rfw:african:m.03m7_ll_0002,edgeface-a348c305af33c223b337,pca,pca_128,pca_direct_cosine,0.1,False,frozen_origin,-0.0264903903008,True,True,False,True,True,8.41195771689e-05,True,threshold_crossing,6,42,8,20260810-R001-49ce74ce,C:\ronbun\runs\rfw_custom_20260810\20260810-R001-49ce74ce_step4_rfw_custom_edgeface-a348c305af33c223b337
gradcam-3410511168884ef5bbde,population-c34a0451ee682a300684ff4b,rfw_custom,rfw:african:m.076tvm0_0003,edgeface-a348c305af33c223b337,pca,pca_128,pca_direct_cosine,0.1,False,frozen_origin,-0.0280601978302,True,True,False,True,True,0,True,threshold_crossing,7,42,8,20260810-R001-49ce74ce,C:\ronbun\runs\rfw_custom_20260810\20260810-R001-49ce74ce_step4_rfw_custom_edgeface-a348c305af33c223b337
gradcam-5a28f9f0dd6d964588c6,population-c34a0451ee682a300684ff4b,rfw_custom,rfw:indian:m.04cdkf_0003,edgeface-a348c305af33c223b337,pca,pca_128,pca_direct_cosine,0.1,False,frozen_origin,-0.0248456597328,True,True,False,True,True,0,True,threshold_crossing,8,42,8,20260810-R001-49ce74ce,C:\ronbun\runs\rfw_custom_20260810\20260810-R001-49ce74ce_step4_rfw_custom_edgeface-a348c305af33c223b337
gradcam-67a0e6e63232f6d4ba93,population-c34a0451ee682a300684ff4b,rfw_custom,rfw:african:m.079vh1_0003,edgeface-a348c305af33c223b337,pca,pca_128,pca_reconstruction_cosine,0.01,False,frozen_origin,0,True,False,False,True,True,0.000477329341813,True,high_error,1,42,8,20260810-R001-49ce74ce,C:\ronbun\runs\rfw_custom_20260810\20260810-R001-49ce74ce_step4_rfw_custom_edgeface-a348c305af33c223b337
gradcam-33095a002008fa00ebd9,population-c34a0451ee682a300684ff4b,rfw_custom,rfw:african:m.03d63jl_0001,edgeface-a348c305af33c223b337,pca,pca_128,pca_reconstruction_cosine,0.01,False,frozen_origin,1.49011611938e-07,True,False,False,True,True,0.000450799254003,True,high_error,2,42,8,20260810-R001-49ce74ce,C:\ronbun\runs\rfw_custom_20260810\20260810-R001-49ce74ce_step4_rfw_custom_edgeface-a348c305af33c223b337
gradcam-c89d780a5f46f961341a,population-c34a0451ee682a300684ff4b,rfw_custom,rfw:caucasian:m.01wm1z7_0003,edgeface-a348c305af33c223b337,pca,pca_128,pca_reconstruction_cosine,0.01,False,frozen_origin,-2.98023223877e-08,True,False,False,True,True,0.000367552842719,True,high_error,3,42,8,20260810-R001-49ce74ce,C:\ronbun\runs\rfw_custom_20260810\20260810-R001-49ce74ce_step4_rfw_custom_edgeface-a348c305af33c223b337
gradcam-243323d32751a95fa6cf,population-c34a0451ee682a300684ff4b,rfw_custom,rfw:asian:m.03wbqjn_0001,edgeface-a348c305af33c223b337,pca,pca_128,pca_reconstruction_cosine,0.01,False,frozen_origin,1.19209289551e-07,True,False,False,True,True,0.000349006874839,True,high_error,4,42,8,20260810-R001-49ce74ce,C:\ronbun\runs\rfw_custom_20260810\20260810-R001-49ce74ce_step4_rfw_custom_edgeface-a348c305af33c223b337
gradcam-563cf0109cbde455d86f,population-c34a0451ee682a300684ff4b,rfw_custom,rfw:asian:m.0289_m4_0005,edgeface-a348c305af33c223b337,pca,pca_128,pca_reconstruction_cosine,0.01,False,frozen_origin,0,True,False,False,True,True,0.000342357957094,True,high_error,5,42,8,20260810-R001-49ce74ce,C:\ronbun\runs\rfw_custom_20260810\20260810-R001-49ce74ce_step4_rfw_custom_edgeface-a348c305af33c223b337
gradcam-285fe3c2044274e2ab6d,population-c34a0451ee682a300684ff4b,rfw_custom,rfw:asian:m.05mz42q_0001,edgeface-a348c305af33c223b337,pca,pca_128,pca_reconstruction_cosine,0.01,True,frozen_origin,2.98023223877e-08,True,False,False,True,True,0.00033955828319,True,high_error,6,42,8,20260810-R001-49ce74ce,C:\ronbun\runs\rfw_custom_20260810\20260810-R001-49ce74ce_step4_rfw_custom_edgeface-a348c305af33c223b337
gradcam-42b2b00e5746bf2a989b,population-c34a0451ee682a300684ff4b,rfw_custom,rfw:indian:m.0gp8df_0001,edgeface-a348c305af33c223b337,pca,pca_128,pca_reconstruction_cosine,0.01,False,frozen_origin,0,True,False,False,True,True,0.000338187637715,True,high_error,7,42,8,20260810-R001-49ce74ce,C:\ronbun\runs\rfw_custom_20260810\20260810-R001-49ce74ce_step4_rfw_custom_edgeface-a348c305af33c223b337
gradcam-a78fe51fdd1e0e415c69,population-c34a0451ee682a300684ff4b,rfw_custom,rfw:indian:m.05gg8p_0002,edgeface-a348c305af33c223b337,pca,pca_128,pca_reconstruction_cosine,0.01,True,frozen_origin,1.19209289551e-07,True,False,False,True,True,0.000331297597425,True,high_error,8,42,8,20260810-R001-49ce74ce,C:\ronbun\runs\rfw_custom_20260810\20260810-R001-49ce74ce_step4_rfw_custom_edgeface-a348c305af33c223b337
gradcam-dd0380ce72c8a1ce6bfb,population-c34a0451ee682a300684ff4b,rfw_custom,rfw:caucasian:m.05szhj2_0002,edgeface-a348c305af33c223b337,pca,pca_128,pca_reconstruction_cosine,0.01,False,frozen_origin,0,True,False,False,True,True,0,True,stable,1,42,8,20260810-R001-49ce74ce,C:\ronbun\runs\rfw_custom_20260810\20260810-R001-49ce74ce_step4_rfw_custom_edgeface-a348c305af33c223b337
gradcam-3ef46d8f3a021acd09ab,population-c34a0451ee682a300684ff4b,rfw_custom,rfw:caucasian:m.02f93t_0001,edgeface-a348c305af33c223b337,pca,pca_128,pca_reconstruction_cosine,0.01,True,frozen_origin,0,True,False,False,True,True,0,True,stable,2,42,8,20260810-R001-49ce74ce,C:\ronbun\runs\rfw_custom_20260810\20260810-R001-49ce74ce_step4_rfw_custom_edgeface-a348c305af33c223b337
gradcam-e0402903371f00031a09,population-c34a0451ee682a300684ff4b,rfw_custom,rfw:asian:m.03zz3m_0001,edgeface-a348c305af33c223b337,pca,pca_128,pca_reconstruction_cosine,0.01,False,frozen_origin,0,True,False,False,True,True,0,True,stable,3,42,8,20260810-R001-49ce74ce,C:\ronbun\runs\rfw_custom_20260810\20260810-R001-49ce74ce_step4_rfw_custom_edgeface-a348c305af33c223b337
gradcam-bcda6bbd6b21f91cbf8b,population-c34a0451ee682a300684ff4b,rfw_custom,rfw:african:m.026rskm_0001,edgeface-a348c305af33c223b337,pca,pca_128,pca_reconstruction_cosine,0.01,False,frozen_origin,0,True,False,False,True,True,0,True,stable,4,42,8,20260810-R001-49ce74ce,C:\ronbun\runs\rfw_custom_20260810\20260810-R001-49ce74ce_step4_rfw_custom_edgeface-a348c305af33c223b337
gradcam-76c170b08c45a4180833,population-c34a0451ee682a300684ff4b,rfw_custom,rfw:indian:m.01vd4rn_0003,edgeface-a348c305af33c223b337,pca,pca_128,pca_reconstruction_cosine,0.01,False,frozen_origin,0,True,False,False,True,True,0,True,stable,5,42,8,20260810-R001-49ce74ce,C:\ronbun\runs\rfw_custom_20260810\20260810-R001-49ce74ce_step4_rfw_custom_edgeface-a348c305af33c223b337
gradcam-2644997e669070c31b3f,population-c34a0451ee682a300684ff4b,rfw_custom,rfw:indian:m.05vmp8_0001,edgeface-a348c305af33c223b337,pca,pca_128,pca_reconstruction_cosine,0.01,False,frozen_origin,0,True,False,False,True,True,0,True,stable,6,42,8,20260810-R001-49ce74ce,C:\ronbun\runs\rfw_custom_20260810\20260810-R001-49ce74ce_step4_rfw_custom_edgeface-a348c305af33c223b337
gradcam-31e70acfda43a16f4a6e,population-c34a0451ee682a300684ff4b,rfw_custom,rfw:caucasian:m.08pys0_0001,edgeface-a348c305af33c223b337,pca,pca_128,pca_reconstruction_cosine,0.01,False,frozen_origin,0,True,False,False,True,True,0,True,stable,7,42,8,20260810-R001-49ce74ce,C:\ronbun\runs\rfw_custom_20260810\20260810-R001-49ce74ce_step4_rfw_custom_edgeface-a348c305af33c223b337
gradcam-b2d1a0a7a59e0c4e4e57,population-c34a0451ee682a300684ff4b,rfw_custom,rfw:caucasian:m.02z814b_0004,edgeface-a348c305af33c223b337,pca,pca_128,pca_reconstruction_cosine,0.01,False,frozen_origin,0,True,False,False,True,True,0,True,stable,8,42,8,20260810-R001-49ce74ce,C:\ronbun\runs\rfw_custom_20260810\20260810-R001-49ce74ce_step4_rfw_custom_edgeface-a348c305af33c223b337
gradcam-4eb581b8ae08ae0a137a,population-c34a0451ee682a300684ff4b,rfw_custom,rfw:african:m.079vh1_0003,edgeface-a348c305af33c223b337,pca,pca_128,pca_reconstruction_cosine,0.1,False,frozen_origin,0,True,False,False,True,True,0.000477329341813,True,high_error,1,42,8,20260810-R001-49ce74ce,C:\ronbun\runs\rfw_custom_20260810\20260810-R001-49ce74ce_step4_rfw_custom_edgeface-a348c305af33c223b337
gradcam-4e730fcf777c110b40c5,population-c34a0451ee682a300684ff4b,rfw_custom,rfw:african:m.03d63jl_0001,edgeface-a348c305af33c223b337,pca,pca_128,pca_reconstruction_cosine,0.1,False,frozen_origin,1.49011611938e-07,True,False,False,True,True,0.000450799254003,True,high_error,2,42,8,20260810-R001-49ce74ce,C:\ronbun\runs\rfw_custom_20260810\20260810-R001-49ce74ce_step4_rfw_custom_edgeface-a348c305af33c223b337
gradcam-8906aed50a8896f58a32,population-c34a0451ee682a300684ff4b,rfw_custom,rfw:caucasian:m.01wm1z7_0003,edgeface-a348c305af33c223b337,pca,pca_128,pca_reconstruction_cosine,0.1,False,frozen_origin,-2.98023223877e-08,True,False,False,True,True,0.000367552842719,True,high_error,3,42,8,20260810-R001-49ce74ce,C:\ronbun\runs\rfw_custom_20260810\20260810-R001-49ce74ce_step4_rfw_custom_edgeface-a348c305af33c223b337
gradcam-9102395786fcf5b120a2,population-c34a0451ee682a300684ff4b,rfw_custom,rfw:asian:m.03wbqjn_0001,edgeface-a348c305af33c223b337,pca,pca_128,pca_reconstruction_cosine,0.1,False,frozen_origin,1.19209289551e-07,True,False,False,True,True,0.000349006874839,True,high_error,4,42,8,20260810-R001-49ce74ce,C:\ronbun\runs\rfw_custom_20260810\20260810-R001-49ce74ce_step4_rfw_custom_edgeface-a348c305af33c223b337
gradcam-ff8e9729d9b95df30faa,population-c34a0451ee682a300684ff4b,rfw_custom,rfw:asian:m.0289_m4_0005,edgeface-a348c305af33c223b337,pca,pca_128,pca_reconstruction_cosine,0.1,False,frozen_origin,0,True,False,False,True,True,0.000342357957094,True,high_error,5,42,8,20260810-R001-49ce74ce,C:\ronbun\runs\rfw_custom_20260810\20260810-R001-49ce74ce_step4_rfw_custom_edgeface-a348c305af33c223b337
gradcam-d38266c44670705bae32,population-c34a0451ee682a300684ff4b,rfw_custom,rfw:asian:m.05mz42q_0001,edgeface-a348c305af33c223b337,pca,pca_128,pca_reconstruction_cosine,0.1,True,frozen_origin,2.98023223877e-08,True,False,False,True,True,0.00033955828319,True,high_error,6,42,8,20260810-R001-49ce74ce,C:\ronbun\runs\rfw_custom_20260810\20260810-R001-49ce74ce_step4_rfw_custom_edgeface-a348c305af33c223b337
gradcam-14cb3f9b9f0053028c74,population-c34a0451ee682a300684ff4b,rfw_custom,rfw:indian:m.0gp8df_0001,edgeface-a348c305af33c223b337,pca,pca_128,pca_reconstruction_cosine,0.1,False,frozen_origin,0,True,False,False,True,True,0.000338187637715,True,high_error,7,42,8,20260810-R001-49ce74ce,C:\ronbun\runs\rfw_custom_20260810\20260810-R001-49ce74ce_step4_rfw_custom_edgeface-a348c305af33c223b337
gradcam-46e514a1d57199a3bc52,population-c34a0451ee682a300684ff4b,rfw_custom,rfw:indian:m.05gg8p_0002,edgeface-a348c305af33c223b337,pca,pca_128,pca_reconstruction_cosine,0.1,True,frozen_origin,1.19209289551e-07,True,False,False,True,True,0.000331297597425,True,high_error,8,42,8,20260810-R001-49ce74ce,C:\ronbun\runs\rfw_custom_20260810\20260810-R001-49ce74ce_step4_rfw_custom_edgeface-a348c305af33c223b337
gradcam-08f20dc4d82568319e95,population-c34a0451ee682a300684ff4b,rfw_custom,rfw:caucasian:m.015j6y_0001,edgeface-a348c305af33c223b337,pca,pca_128,pca_reconstruction_cosine,0.1,False,frozen_origin,0,True,False,False,True,True,0,True,stable,1,42,8,20260810-R001-49ce74ce,C:\ronbun\runs\rfw_custom_20260810\20260810-R001-49ce74ce_step4_rfw_custom_edgeface-a348c305af33c223b337
gradcam-4dca379423aea1e5d003,population-c34a0451ee682a300684ff4b,rfw_custom,rfw:indian:m.018lxn_0003,edgeface-a348c305af33c223b337,pca,pca_128,pca_reconstruction_cosine,0.1,False,frozen_origin,0,True,False,False,True,True,0,True,stable,2,42,8,20260810-R001-49ce74ce,C:\ronbun\runs\rfw_custom_20260810\20260810-R001-49ce74ce_step4_rfw_custom_edgeface-a348c305af33c223b337
gradcam-a99f28dd11530d57db0d,population-c34a0451ee682a300684ff4b,rfw_custom,rfw:caucasian:m.02fx3c_0002,edgeface-a348c305af33c223b337,pca,pca_128,pca_reconstruction_cosine,0.1,False,frozen_origin,0,True,False,False,True,True,0,True,stable,3,42,8,20260810-R001-49ce74ce,C:\ronbun\runs\rfw_custom_20260810\20260810-R001-49ce74ce_step4_rfw_custom_edgeface-a348c305af33c223b337
gradcam-512216bb2d73bc4e7931,population-c34a0451ee682a300684ff4b,rfw_custom,rfw:african:m.0bx_t3s_0003,edgeface-a348c305af33c223b337,pca,pca_128,pca_reconstruction_cosine,0.1,False,frozen_origin,0,True,False,False,True,True,0,True,stable,4,42,8,20260810-R001-49ce74ce,C:\ronbun\runs\rfw_custom_20260810\20260810-R001-49ce74ce_step4_rfw_custom_edgeface-a348c305af33c223b337
gradcam-fee9e77287f30e19dbf6,population-c34a0451ee682a300684ff4b,rfw_custom,rfw:asian:m.01b1cs_0004,edgeface-a348c305af33c223b337,pca,pca_128,pca_reconstruction_cosine,0.1,False,frozen_origin,0,True,False,False,True,True,0,True,stable,5,42,8,20260810-R001-49ce74ce,C:\ronbun\runs\rfw_custom_20260810\20260810-R001-49ce74ce_step4_rfw_custom_edgeface-a348c305af33c223b337
gradcam-43e916b8f8256cdf61d1,population-c34a0451ee682a300684ff4b,rfw_custom,rfw:asian:m.02xlm9_0004,edgeface-a348c305af33c223b337,pca,pca_128,pca_reconstruction_cosine,0.1,True,frozen_origin,0,True,False,False,True,True,0,True,stable,6,42,8,20260810-R001-49ce74ce,C:\ronbun\runs\rfw_custom_20260810\20260810-R001-49ce74ce_step4_rfw_custom_edgeface-a348c305af33c223b337
gradcam-70aaf22d12b0a59571b1,population-c34a0451ee682a300684ff4b,rfw_custom,rfw:asian:m.027mmdh_0001,edgeface-a348c305af33c223b337,pca,pca_128,pca_reconstruction_cosine,0.1,True,frozen_origin,0,True,False,False,True,True,0,True,stable,7,42,8,20260810-R001-49ce74ce,C:\ronbun\runs\rfw_custom_20260810\20260810-R001-49ce74ce_step4_rfw_custom_edgeface-a348c305af33c223b337
gradcam-ad9b9daba72374edaa67,population-c34a0451ee682a300684ff4b,rfw_custom,rfw:indian:m.06ng11_0003,edgeface-a348c305af33c223b337,pca,pca_128,pca_reconstruction_cosine,0.1,False,frozen_origin,0,True,False,False,True,True,0,True,stable,8,42,8,20260810-R001-49ce74ce,C:\ronbun\runs\rfw_custom_20260810\20260810-R001-49ce74ce_step4_rfw_custom_edgeface-a348c305af33c223b337
gradcam-f75f0d80d213e54aed48,population-c34a0451ee682a300684ff4b,rfw_custom,rfw:asian:m.0qt2z7d_0003,edgeface-a348c305af33c223b337,pca,pca_256,pca_direct_cosine,0.01,False,frozen_origin,-0.0189529359341,True,False,False,True,True,0.000454545137813,True,high_error,1,42,8,20260810-R001-49ce74ce,C:\ronbun\runs\rfw_custom_20260810\20260810-R001-49ce74ce_step4_rfw_custom_edgeface-a348c305af33c223b337
gradcam-2d7493d564bceae0ec56,population-c34a0451ee682a300684ff4b,rfw_custom,rfw:caucasian:m.033b99_0003,edgeface-a348c305af33c223b337,pca,pca_256,pca_direct_cosine,0.01,True,frozen_origin,-0.00546076893806,True,False,False,True,True,0.000396535743583,True,high_error,2,42,8,20260810-R001-49ce74ce,C:\ronbun\runs\rfw_custom_20260810\20260810-R001-49ce74ce_step4_rfw_custom_edgeface-a348c305af33c223b337
gradcam-bb803fce2800418fe454,population-c34a0451ee682a300684ff4b,rfw_custom,rfw:indian:m.0461cy_0001,edgeface-a348c305af33c223b337,pca,pca_256,pca_direct_cosine,0.01,False,frozen_origin,-0.0172202885151,True,False,False,True,True,0.000393895835837,True,high_error,3,42,8,20260810-R001-49ce74ce,C:\ronbun\runs\rfw_custom_20260810\20260810-R001-49ce74ce_step4_rfw_custom_edgeface-a348c305af33c223b337
gradcam-7776e6eaf77a06b73e09,population-c34a0451ee682a300684ff4b,rfw_custom,rfw:caucasian:m.060d5l_0001,edgeface-a348c305af33c223b337,pca,pca_256,pca_direct_cosine,0.01,False,frozen_origin,-0.0100646615028,True,False,False,True,True,0.000372634564959,True,high_error,4,42,8,20260810-R001-49ce74ce,C:\ronbun\runs\rfw_custom_20260810\20260810-R001-49ce74ce_step4_rfw_custom_edgeface-a348c305af33c223b337
gradcam-e983976d7a6c9764b627,population-c34a0451ee682a300684ff4b,rfw_custom,rfw:indian:m.05msgp5_0002,edgeface-a348c305af33c223b337,pca,pca_256,pca_direct_cosine,0.01,False,frozen_origin,-0.00118997693062,True,False,False,True,True,0.000365124347618,True,high_error,5,42,8,20260810-R001-49ce74ce,C:\ronbun\runs\rfw_custom_20260810\20260810-R001-49ce74ce_step4_rfw_custom_edgeface-a348c305af33c223b337
gradcam-cb9f611791035ef3eddb,population-c34a0451ee682a300684ff4b,rfw_custom,rfw:asian:m.05mz42q_0001,edgeface-a348c305af33c223b337,pca,pca_256,pca_direct_cosine,0.01,True,frozen_origin,-0.00878185033798,True,False,False,True,True,0.000362398987158,True,high_error,6,42,8,20260810-R001-49ce74ce,C:\ronbun\runs\rfw_custom_20260810\20260810-R001-49ce74ce_step4_rfw_custom_edgeface-a348c305af33c223b337
gradcam-ad814438940cb9a6c051,population-c34a0451ee682a300684ff4b,rfw_custom,rfw:african:m.08lbch_0003,edgeface-a348c305af33c223b337,pca,pca_256,pca_direct_cosine,0.01,False,frozen_origin,-0.00776535272598,True,False,False,True,True,0.000358761661036,True,high_error,7,42,8,20260810-R001-49ce74ce,C:\ronbun\runs\rfw_custom_20260810\20260810-R001-49ce74ce_step4_rfw_custom_edgeface-a348c305af33c223b337
gradcam-c056598be039cea7129a,population-c34a0451ee682a300684ff4b,rfw_custom,rfw:indian:m.05gg8p_0002,edgeface-a348c305af33c223b337,pca,pca_256,pca_direct_cosine,0.01,True,frozen_origin,-0.00759452581406,True,False,False,True,True,0.000336224950141,True,high_error,8,42,8,20260810-R001-49ce74ce,C:\ronbun\runs\rfw_custom_20260810\20260810-R001-49ce74ce_step4_rfw_custom_edgeface-a348c305af33c223b337
gradcam-a0eae89f9757a2df854f,population-c34a0451ee682a300684ff4b,rfw_custom,rfw:caucasian:m.06dfqs_0003,edgeface-a348c305af33c223b337,pca,pca_256,pca_direct_cosine,0.01,False,frozen_origin,0.00939562916756,False,False,False,True,True,0.000329542608239,True,rank_flip,1,42,8,20260810-R001-49ce74ce,C:\ronbun\runs\rfw_custom_20260810\20260810-R001-49ce74ce_step4_rfw_custom_edgeface-a348c305af33c223b337
gradcam-a5678ce4ad87420ec0ec,population-c34a0451ee682a300684ff4b,rfw_custom,rfw:indian:m.0f4b09_0002,edgeface-a348c305af33c223b337,pca,pca_256,pca_direct_cosine,0.01,False,frozen_origin,0.00162088871002,False,False,False,True,True,0.000305140427963,True,rank_flip,2,42,8,20260810-R001-49ce74ce,C:\ronbun\runs\rfw_custom_20260810\20260810-R001-49ce74ce_step4_rfw_custom_edgeface-a348c305af33c223b337
gradcam-ba0fba97b4c77f3ab514,population-c34a0451ee682a300684ff4b,rfw_custom,rfw:caucasian:m.0bs1m9w_0001,edgeface-a348c305af33c223b337,pca,pca_256,pca_direct_cosine,0.01,False,frozen_origin,-0.00618213415146,False,False,False,True,True,0.000283487110653,True,rank_flip,3,42,8,20260810-R001-49ce74ce,C:\ronbun\runs\rfw_custom_20260810\20260810-R001-49ce74ce_step4_rfw_custom_edgeface-a348c305af33c223b337
gradcam-5ba73112a95ae1879e16,population-c34a0451ee682a300684ff4b,rfw_custom,rfw:asian:m.03wbqjn_0001,edgeface-a348c305af33c223b337,pca,pca_256,pca_direct_cosine,0.01,False,frozen_origin,-0.00463858246803,False,False,False,True,True,0.00027125757625,True,rank_flip,4,42,8,20260810-R001-49ce74ce,C:\ronbun\runs\rfw_custom_20260810\20260810-R001-49ce74ce_step4_rfw_custom_edgeface-a348c305af33c223b337
gradcam-9be320c42e3f6fc7d589,population-c34a0451ee682a300684ff4b,rfw_custom,rfw:african:m.025z9g7_0004,edgeface-a348c305af33c223b337,pca,pca_256,pca_direct_cosine,0.01,False,frozen_origin,-0.00832676887512,False,False,False,True,True,0.000236776861789,True,rank_flip,5,42,8,20260810-R001-49ce74ce,C:\ronbun\runs\rfw_custom_20260810\20260810-R001-49ce74ce_step4_rfw_custom_edgeface-a348c305af33c223b337
gradcam-5fdf3bb7525b5fe8d440,population-c34a0451ee682a300684ff4b,rfw_custom,rfw:indian:m.02q9dnw_0001,edgeface-a348c305af33c223b337,pca,pca_256,pca_direct_cosine,0.01,False,frozen_origin,-0.0252462029457,False,False,False,True,True,0.000201205444277,True,rank_flip,6,42,8,20260810-R001-49ce74ce,C:\ronbun\runs\rfw_custom_20260810\20260810-R001-49ce74ce_step4_rfw_custom_edgeface-a348c305af33c223b337
gradcam-534c170ca986a242a435,population-c34a0451ee682a300684ff4b,rfw_custom,rfw:caucasian:m.03nndg3_0003,edgeface-a348c305af33c223b337,pca,pca_256,pca_direct_cosine,0.01,False,frozen_origin,-0.00666317343712,False,False,False,True,True,0.000193187451525,True,rank_flip,7,42,8,20260810-R001-49ce74ce,C:\ronbun\runs\rfw_custom_20260810\20260810-R001-49ce74ce_step4_rfw_custom_edgeface-a348c305af33c223b337
gradcam-ca147e50a83fef5d49d0,population-c34a0451ee682a300684ff4b,rfw_custom,rfw:african:m.06_w2w7_0003,edgeface-a348c305af33c223b337,pca,pca_256,pca_direct_cosine,0.01,False,frozen_origin,0.000125288963318,False,False,False,True,True,0.000159721652416,True,rank_flip,8,42,8,20260810-R001-49ce74ce,C:\ronbun\runs\rfw_custom_20260810\20260810-R001-49ce74ce_step4_rfw_custom_edgeface-a348c305af33c223b337
gradcam-3eaf48f8f22ecf5b3910,population-c34a0451ee682a300684ff4b,rfw_custom,rfw:indian:m.0b6km_j_0002,edgeface-a348c305af33c223b337,pca,pca_256,pca_direct_cosine,0.01,True,frozen_origin,6.13927841187e-06,True,False,False,True,True,0,True,stable,1,42,8,20260810-R001-49ce74ce,C:\ronbun\runs\rfw_custom_20260810\20260810-R001-49ce74ce_step4_rfw_custom_edgeface-a348c305af33c223b337
gradcam-63f0d705cab248606238,population-c34a0451ee682a300684ff4b,rfw_custom,rfw:african:m.07p89w_0002,edgeface-a348c305af33c223b337,pca,pca_256,pca_direct_cosine,0.01,True,frozen_origin,3.13520431519e-05,True,False,False,True,True,0,True,stable,2,42,8,20260810-R001-49ce74ce,C:\ronbun\runs\rfw_custom_20260810\20260810-R001-49ce74ce_step4_rfw_custom_edgeface-a348c305af33c223b337
gradcam-e04a5fb6241e8d3b3785,population-c34a0451ee682a300684ff4b,rfw_custom,rfw:caucasian:m.06y7t6_0002,edgeface-a348c305af33c223b337,pca,pca_256,pca_direct_cosine,0.01,True,frozen_origin,6.16014003754e-05,True,False,False,True,True,0,True,stable,3,42,8,20260810-R001-49ce74ce,C:\ronbun\runs\rfw_custom_20260810\20260810-R001-49ce74ce_step4_rfw_custom_edgeface-a348c305af33c223b337
gradcam-78e4ac54ab18004b7207,population-c34a0451ee682a300684ff4b,rfw_custom,rfw:caucasian:m.029kz0_0003,edgeface-a348c305af33c223b337,pca,pca_256,pca_direct_cosine,0.01,False,frozen_origin,7.08401203156e-05,True,False,False,True,True,0,True,stable,4,42,8,20260810-R001-49ce74ce,C:\ronbun\runs\rfw_custom_20260810\20260810-R001-49ce74ce_step4_rfw_custom_edgeface-a348c305af33c223b337
gradcam-01713e1e21cd5ec57f59,population-c34a0451ee682a300684ff4b,rfw_custom,rfw:asian:m.015qxn_0001,edgeface-a348c305af33c223b337,pca,pca_256,pca_direct_cosine,0.01,False,frozen_origin,-0.000113725662231,True,False,False,True,True,0,True,stable,5,42,8,20260810-R001-49ce74ce,C:\ronbun\runs\rfw_custom_20260810\20260810-R001-49ce74ce_step4_rfw_custom_edgeface-a348c305af33c223b337
gradcam-e21fd61cf6c7a7dc90ec,population-c34a0451ee682a300684ff4b,rfw_custom,rfw:african:m.09l202_0005,edgeface-a348c305af33c223b337,pca,pca_256,pca_direct_cosine,0.01,True,frozen_origin,-0.000115096569061,True,False,False,True,True,0,True,stable,6,42,8,20260810-R001-49ce74ce,C:\ronbun\runs\rfw_custom_20260810\20260810-R001-49ce74ce_step4_rfw_custom_edgeface-a348c305af33c223b337
gradcam-018626dc9950ce4bd80a,population-c34a0451ee682a300684ff4b,rfw_custom,rfw:asian:m.06znc1t_0003,edgeface-a348c305af33c223b337,pca,pca_256,pca_direct_cosine,0.01,True,frozen_origin,-0.000124514102936,True,False,False,True,True,0,True,stable,7,42,8,20260810-R001-49ce74ce,C:\ronbun\runs\rfw_custom_20260810\20260810-R001-49ce74ce_step4_rfw_custom_edgeface-a348c305af33c223b337
gradcam-f4be4b6633b02d137a0d,population-c34a0451ee682a300684ff4b,rfw_custom,rfw:asian:m.0k3dh_0003,edgeface-a348c305af33c223b337,pca,pca_256,pca_direct_cosine,0.01,False,frozen_origin,-0.000128328800201,True,False,False,True,True,0,True,stable,8,42,8,20260810-R001-49ce74ce,C:\ronbun\runs\rfw_custom_20260810\20260810-R001-49ce74ce_step4_rfw_custom_edgeface-a348c305af33c223b337
gradcam-b8c21b6cf1bb73f24418,population-c34a0451ee682a300684ff4b,rfw_custom,rfw:indian:m.04y88mr_0001,edgeface-a348c305af33c223b337,pca,pca_256,pca_direct_cosine,0.01,False,frozen_origin,-0.0144289135933,True,True,False,True,True,0.000138786826862,True,threshold_crossing,1,42,8,20260810-R001-49ce74ce,C:\ronbun\runs\rfw_custom_20260810\20260810-R001-49ce74ce_step4_rfw_custom_edgeface-a348c305af33c223b337
gradcam-8929a35749eb541231a5,population-c34a0451ee682a300684ff4b,rfw_custom,rfw:african:m.0432fbq_0002,edgeface-a348c305af33c223b337,pca,pca_256,pca_direct_cosine,0.01,False,frozen_origin,-0.0273045897484,True,True,False,True,True,0,True,threshold_crossing,2,42,8,20260810-R001-49ce74ce,C:\ronbun\runs\rfw_custom_20260810\20260810-R001-49ce74ce_step4_rfw_custom_edgeface-a348c305af33c223b337
gradcam-4acdff47966c49383030,population-c34a0451ee682a300684ff4b,rfw_custom,rfw:indian:m.04cdkf_0005,edgeface-a348c305af33c223b337,pca,pca_256,pca_direct_cosine,0.01,False,frozen_origin,-0.0237212479115,True,True,False,True,True,0,True,threshold_crossing,3,42,8,20260810-R001-49ce74ce,C:\ronbun\runs\rfw_custom_20260810\20260810-R001-49ce74ce_step4_rfw_custom_edgeface-a348c305af33c223b337
gradcam-04ab5e062e395038faa0,population-c34a0451ee682a300684ff4b,rfw_custom,rfw:indian:m.0h64z8r_0003,edgeface-a348c305af33c223b337,pca,pca_256,pca_direct_cosine,0.01,False,frozen_origin,-0.0193411409855,True,True,False,True,True,0,True,threshold_crossing,4,42,8,20260810-R001-49ce74ce,C:\ronbun\runs\rfw_custom_20260810\20260810-R001-49ce74ce_step4_rfw_custom_edgeface-a348c305af33c223b337
gradcam-ad1566ee966404f6f4eb,population-c34a0451ee682a300684ff4b,rfw_custom,rfw:african:m.0b6lb0j_0004,edgeface-a348c305af33c223b337,pca,pca_256,pca_direct_cosine,0.01,False,frozen_origin,-0.0188914835453,False,True,False,True,True,0,True,threshold_crossing,5,42,8,20260810-R001-49ce74ce,C:\ronbun\runs\rfw_custom_20260810\20260810-R001-49ce74ce_step4_rfw_custom_edgeface-a348c305af33c223b337
gradcam-dbb3e526b6ef41e0d620,population-c34a0451ee682a300684ff4b,rfw_custom,rfw:indian:m.05zjlfp_0003,edgeface-a348c305af33c223b337,pca,pca_256,pca_direct_cosine,0.01,False,frozen_origin,-0.0188145041466,True,True,False,True,True,0,True,threshold_crossing,6,42,8,20260810-R001-49ce74ce,C:\ronbun\runs\rfw_custom_20260810\20260810-R001-49ce74ce_step4_rfw_custom_edgeface-a348c305af33c223b337
gradcam-1cba3e43f60444d1627d,population-c34a0451ee682a300684ff4b,rfw_custom,rfw:indian:m.07l4hv_0004,edgeface-a348c305af33c223b337,pca,pca_256,pca_direct_cosine,0.01,False,frozen_origin,-0.0170949101448,True,True,False,True,True,0,True,threshold_crossing,7,42,8,20260810-R001-49ce74ce,C:\ronbun\runs\rfw_custom_20260810\20260810-R001-49ce74ce_step4_rfw_custom_edgeface-a348c305af33c223b337
gradcam-f32c6ed3bdeebbc0ce3c,population-c34a0451ee682a300684ff4b,rfw_custom,rfw:african:m.0cwhxj_0004,edgeface-a348c305af33c223b337,pca,pca_256,pca_direct_cosine,0.01,False,frozen_origin,-0.015291005373,True,True,False,True,True,0,True,threshold_crossing,8,42,8,20260810-R001-49ce74ce,C:\ronbun\runs\rfw_custom_20260810\20260810-R001-49ce74ce_step4_rfw_custom_edgeface-a348c305af33c223b337
gradcam-55b7261b8d4f406b6283,population-c34a0451ee682a300684ff4b,rfw_custom,rfw:asian:m.0qt2z7d_0003,edgeface-a348c305af33c223b337,pca,pca_256,pca_direct_cosine,0.1,False,frozen_origin,-0.0189529359341,True,False,False,True,True,0.000454545137813,True,high_error,1,42,8,20260810-R001-49ce74ce,C:\ronbun\runs\rfw_custom_20260810\20260810-R001-49ce74ce_step4_rfw_custom_edgeface-a348c305af33c223b337
gradcam-eb72c975d3c86b5dd337,population-c34a0451ee682a300684ff4b,rfw_custom,rfw:caucasian:m.033b99_0003,edgeface-a348c305af33c223b337,pca,pca_256,pca_direct_cosine,0.1,True,frozen_origin,-0.00546076893806,True,False,False,True,True,0.000396535743583,True,high_error,2,42,8,20260810-R001-49ce74ce,C:\ronbun\runs\rfw_custom_20260810\20260810-R001-49ce74ce_step4_rfw_custom_edgeface-a348c305af33c223b337
gradcam-042af66f0384af30019b,population-c34a0451ee682a300684ff4b,rfw_custom,rfw:indian:m.0461cy_0001,edgeface-a348c305af33c223b337,pca,pca_256,pca_direct_cosine,0.1,False,frozen_origin,-0.0172202885151,True,False,False,True,True,0.000393895835837,True,high_error,3,42,8,20260810-R001-49ce74ce,C:\ronbun\runs\rfw_custom_20260810\20260810-R001-49ce74ce_step4_rfw_custom_edgeface-a348c305af33c223b337
gradcam-b5af63c2ce42d51177c5,population-c34a0451ee682a300684ff4b,rfw_custom,rfw:caucasian:m.060d5l_0001,edgeface-a348c305af33c223b337,pca,pca_256,pca_direct_cosine,0.1,False,frozen_origin,-0.0100646615028,True,False,False,True,True,0.000372634564959,True,high_error,4,42,8,20260810-R001-49ce74ce,C:\ronbun\runs\rfw_custom_20260810\20260810-R001-49ce74ce_step4_rfw_custom_edgeface-a348c305af33c223b337
gradcam-a0c9ff28452e3094af4b,population-c34a0451ee682a300684ff4b,rfw_custom,rfw:indian:m.05msgp5_0002,edgeface-a348c305af33c223b337,pca,pca_256,pca_direct_cosine,0.1,False,frozen_origin,-0.00118997693062,True,False,False,True,True,0.000365124347618,True,high_error,5,42,8,20260810-R001-49ce74ce,C:\ronbun\runs\rfw_custom_20260810\20260810-R001-49ce74ce_step4_rfw_custom_edgeface-a348c305af33c223b337
gradcam-306cea2125c02bf6ff75,population-c34a0451ee682a300684ff4b,rfw_custom,rfw:asian:m.05mz42q_0001,edgeface-a348c305af33c223b337,pca,pca_256,pca_direct_cosine,0.1,True,frozen_origin,-0.00878185033798,True,False,False,True,True,0.000362398987158,True,high_error,6,42,8,20260810-R001-49ce74ce,C:\ronbun\runs\rfw_custom_20260810\20260810-R001-49ce74ce_step4_rfw_custom_edgeface-a348c305af33c223b337
gradcam-3bdb31290819a2df0b7f,population-c34a0451ee682a300684ff4b,rfw_custom,rfw:african:m.08lbch_0003,edgeface-a348c305af33c223b337,pca,pca_256,pca_direct_cosine,0.1,False,frozen_origin,-0.00776535272598,True,False,False,True,True,0.000358761661036,True,high_error,7,42,8,20260810-R001-49ce74ce,C:\ronbun\runs\rfw_custom_20260810\20260810-R001-49ce74ce_step4_rfw_custom_edgeface-a348c305af33c223b337
gradcam-9142a30b4c46cf3bee4a,population-c34a0451ee682a300684ff4b,rfw_custom,rfw:indian:m.05gg8p_0002,edgeface-a348c305af33c223b337,pca,pca_256,pca_direct_cosine,0.1,True,frozen_origin,-0.00759452581406,True,False,False,True,True,0.000336224950141,True,high_error,8,42,8,20260810-R001-49ce74ce,C:\ronbun\runs\rfw_custom_20260810\20260810-R001-49ce74ce_step4_rfw_custom_edgeface-a348c305af33c223b337
gradcam-6e99193dc890dc238a5b,population-c34a0451ee682a300684ff4b,rfw_custom,rfw:caucasian:m.06dfqs_0003,edgeface-a348c305af33c223b337,pca,pca_256,pca_direct_cosine,0.1,False,frozen_origin,0.00939562916756,False,False,False,True,True,0.000329542608239,True,rank_flip,1,42,8,20260810-R001-49ce74ce,C:\ronbun\runs\rfw_custom_20260810\20260810-R001-49ce74ce_step4_rfw_custom_edgeface-a348c305af33c223b337
gradcam-59e58667c4a7d962eee1,population-c34a0451ee682a300684ff4b,rfw_custom,rfw:indian:m.0f4b09_0002,edgeface-a348c305af33c223b337,pca,pca_256,pca_direct_cosine,0.1,False,frozen_origin,0.00162088871002,False,False,False,True,True,0.000305140427963,True,rank_flip,2,42,8,20260810-R001-49ce74ce,C:\ronbun\runs\rfw_custom_20260810\20260810-R001-49ce74ce_step4_rfw_custom_edgeface-a348c305af33c223b337
gradcam-026c11958026180c5ab9,population-c34a0451ee682a300684ff4b,rfw_custom,rfw:caucasian:m.0bs1m9w_0001,edgeface-a348c305af33c223b337,pca,pca_256,pca_direct_cosine,0.1,False,frozen_origin,-0.00618213415146,False,False,False,True,True,0.000283487110653,True,rank_flip,3,42,8,20260810-R001-49ce74ce,C:\ronbun\runs\rfw_custom_20260810\20260810-R001-49ce74ce_step4_rfw_custom_edgeface-a348c305af33c223b337
gradcam-4ccdaa9fcc9887329621,population-c34a0451ee682a300684ff4b,rfw_custom,rfw:asian:m.03wbqjn_0001,edgeface-a348c305af33c223b337,pca,pca_256,pca_direct_cosine,0.1,False,frozen_origin,-0.00463858246803,False,False,False,True,True,0.00027125757625,True,rank_flip,4,42,8,20260810-R001-49ce74ce,C:\ronbun\runs\rfw_custom_20260810\20260810-R001-49ce74ce_step4_rfw_custom_edgeface-a348c305af33c223b337
gradcam-f2d1298a44d0dbd76256,population-c34a0451ee682a300684ff4b,rfw_custom,rfw:african:m.025z9g7_0004,edgeface-a348c305af33c223b337,pca,pca_256,pca_direct_cosine,0.1,False,frozen_origin,-0.00832676887512,False,False,False,True,True,0.000236776861789,True,rank_flip,5,42,8,20260810-R001-49ce74ce,C:\ronbun\runs\rfw_custom_20260810\20260810-R001-49ce74ce_step4_rfw_custom_edgeface-a348c305af33c223b337
gradcam-8efae1686c6f602eb2d4,population-c34a0451ee682a300684ff4b,rfw_custom,rfw:indian:m.02q9dnw_0001,edgeface-a348c305af33c223b337,pca,pca_256,pca_direct_cosine,0.1,False,frozen_origin,-0.0252462029457,False,False,False,True,True,0.000201205444277,True,rank_flip,6,42,8,20260810-R001-49ce74ce,C:\ronbun\runs\rfw_custom_20260810\20260810-R001-49ce74ce_step4_rfw_custom_edgeface-a348c305af33c223b337
gradcam-b9786dcadeea3218f008,population-c34a0451ee682a300684ff4b,rfw_custom,rfw:caucasian:m.03nndg3_0003,edgeface-a348c305af33c223b337,pca,pca_256,pca_direct_cosine,0.1,False,frozen_origin,-0.00666317343712,False,False,False,True,True,0.000193187451525,True,rank_flip,7,42,8,20260810-R001-49ce74ce,C:\ronbun\runs\rfw_custom_20260810\20260810-R001-49ce74ce_step4_rfw_custom_edgeface-a348c305af33c223b337
gradcam-1fae2e3d39697db74295,population-c34a0451ee682a300684ff4b,rfw_custom,rfw:african:m.06_w2w7_0003,edgeface-a348c305af33c223b337,pca,pca_256,pca_direct_cosine,0.1,False,frozen_origin,0.000125288963318,False,False,False,True,True,0.000159721652416,True,rank_flip,8,42,8,20260810-R001-49ce74ce,C:\ronbun\runs\rfw_custom_20260810\20260810-R001-49ce74ce_step4_rfw_custom_edgeface-a348c305af33c223b337
gradcam-bb7f39077e21a52143f7,population-c34a0451ee682a300684ff4b,rfw_custom,rfw:indian:m.0b6km_j_0002,edgeface-a348c305af33c223b337,pca,pca_256,pca_direct_cosine,0.1,True,frozen_origin,6.13927841187e-06,True,False,False,True,True,0,True,stable,1,42,8,20260810-R001-49ce74ce,C:\ronbun\runs\rfw_custom_20260810\20260810-R001-49ce74ce_step4_rfw_custom_edgeface-a348c305af33c223b337
gradcam-676beade554a1365f1c4,population-c34a0451ee682a300684ff4b,rfw_custom,rfw:african:m.07p89w_0002,edgeface-a348c305af33c223b337,pca,pca_256,pca_direct_cosine,0.1,True,frozen_origin,3.13520431519e-05,True,False,False,True,True,0,True,stable,2,42,8,20260810-R001-49ce74ce,C:\ronbun\runs\rfw_custom_20260810\20260810-R001-49ce74ce_step4_rfw_custom_edgeface-a348c305af33c223b337
gradcam-452dc20b3867210c0731,population-c34a0451ee682a300684ff4b,rfw_custom,rfw:caucasian:m.06y7t6_0002,edgeface-a348c305af33c223b337,pca,pca_256,pca_direct_cosine,0.1,True,frozen_origin,6.16014003754e-05,True,False,False,True,True,0,True,stable,3,42,8,20260810-R001-49ce74ce,C:\ronbun\runs\rfw_custom_20260810\20260810-R001-49ce74ce_step4_rfw_custom_edgeface-a348c305af33c223b337
gradcam-531186b01e7e8a18488d,population-c34a0451ee682a300684ff4b,rfw_custom,rfw:caucasian:m.029kz0_0003,edgeface-a348c305af33c223b337,pca,pca_256,pca_direct_cosine,0.1,False,frozen_origin,7.08401203156e-05,True,False,False,True,True,0,True,stable,4,42,8,20260810-R001-49ce74ce,C:\ronbun\runs\rfw_custom_20260810\20260810-R001-49ce74ce_step4_rfw_custom_edgeface-a348c305af33c223b337
gradcam-d7c5cb7c67ae79e41a5b,population-c34a0451ee682a300684ff4b,rfw_custom,rfw:asian:m.015qxn_0001,edgeface-a348c305af33c223b337,pca,pca_256,pca_direct_cosine,0.1,False,frozen_origin,-0.000113725662231,True,False,False,True,True,0,True,stable,5,42,8,20260810-R001-49ce74ce,C:\ronbun\runs\rfw_custom_20260810\20260810-R001-49ce74ce_step4_rfw_custom_edgeface-a348c305af33c223b337
gradcam-93ed249821a0081dd948,population-c34a0451ee682a300684ff4b,rfw_custom,rfw:african:m.09l202_0005,edgeface-a348c305af33c223b337,pca,pca_256,pca_direct_cosine,0.1,True,frozen_origin,-0.000115096569061,True,False,False,True,True,0,True,stable,6,42,8,20260810-R001-49ce74ce,C:\ronbun\runs\rfw_custom_20260810\20260810-R001-49ce74ce_step4_rfw_custom_edgeface-a348c305af33c223b337
gradcam-422b1175c43889394baf,population-c34a0451ee682a300684ff4b,rfw_custom,rfw:asian:m.06znc1t_0003,edgeface-a348c305af33c223b337,pca,pca_256,pca_direct_cosine,0.1,True,frozen_origin,-0.000124514102936,True,False,False,True,True,0,True,stable,7,42,8,20260810-R001-49ce74ce,C:\ronbun\runs\rfw_custom_20260810\20260810-R001-49ce74ce_step4_rfw_custom_edgeface-a348c305af33c223b337
gradcam-a7823e61687044cc4d4b,population-c34a0451ee682a300684ff4b,rfw_custom,rfw:asian:m.0k3dh_0003,edgeface-a348c305af33c223b337,pca,pca_256,pca_direct_cosine,0.1,False,frozen_origin,-0.000128328800201,True,False,False,True,True,0,True,stable,8,42,8,20260810-R001-49ce74ce,C:\ronbun\runs\rfw_custom_20260810\20260810-R001-49ce74ce_step4_rfw_custom_edgeface-a348c305af33c223b337
gradcam-314fab2ea9058b6f2c0f,population-c34a0451ee682a300684ff4b,rfw_custom,rfw:caucasian:m.027ymx_0004,edgeface-a348c305af33c223b337,pca,pca_256,pca_direct_cosine,0.1,False,frozen_origin,-0.0069283246994,True,True,False,True,True,0.000198499381499,True,threshold_crossing,1,42,8,20260810-R001-49ce74ce,C:\ronbun\runs\rfw_custom_20260810\20260810-R001-49ce74ce_step4_rfw_custom_edgeface-a348c305af33c223b337
gradcam-0e463960c107bfcb1a09,population-c34a0451ee682a300684ff4b,rfw_custom,rfw:indian:m.09g8qwk_0001,edgeface-a348c305af33c223b337,pca,pca_256,pca_direct_cosine,0.1,False,frozen_origin,-0.00792115926743,True,True,False,True,True,0.000195427279013,True,threshold_crossing,2,42,8,20260810-R001-49ce74ce,C:\ronbun\runs\rfw_custom_20260810\20260810-R001-49ce74ce_step4_rfw_custom_edgeface-a348c305af33c223b337
gradcam-48ada8f97618ca20dc05,population-c34a0451ee682a300684ff4b,rfw_custom,rfw:asian:m.0d2m6l_0003,edgeface-a348c305af33c223b337,pca,pca_256,pca_direct_cosine,0.1,False,frozen_origin,0.0141682326794,True,True,False,True,True,8.54228349908e-05,True,threshold_crossing,3,42,8,20260810-R001-49ce74ce,C:\ronbun\runs\rfw_custom_20260810\20260810-R001-49ce74ce_step4_rfw_custom_edgeface-a348c305af33c223b337
gradcam-3443704e5c7215a3a43e,population-c34a0451ee682a300684ff4b,rfw_custom,rfw:african:m.076tvm0_0003,edgeface-a348c305af33c223b337,pca,pca_256,pca_direct_cosine,0.1,False,frozen_origin,-0.0280601382256,True,True,False,True,True,0,True,threshold_crossing,4,42,8,20260810-R001-49ce74ce,C:\ronbun\runs\rfw_custom_20260810\20260810-R001-49ce74ce_step4_rfw_custom_edgeface-a348c305af33c223b337
gradcam-857c134ece5a71844935,population-c34a0451ee682a300684ff4b,rfw_custom,rfw:african:m.03m7_ll_0002,edgeface-a348c305af33c223b337,pca,pca_256,pca_direct_cosine,0.1,False,frozen_origin,-0.0264903903008,True,True,False,True,True,0,True,threshold_crossing,5,42,8,20260810-R001-49ce74ce,C:\ronbun\runs\rfw_custom_20260810\20260810-R001-49ce74ce_step4_rfw_custom_edgeface-a348c305af33c223b337
gradcam-9457b6752ecaf3716a4e,population-c34a0451ee682a300684ff4b,rfw_custom,rfw:indian:m.04cdkf_0003,edgeface-a348c305af33c223b337,pca,pca_256,pca_direct_cosine,0.1,False,frozen_origin,-0.0248456299305,True,True,False,True,True,0,True,threshold_crossing,6,42,8,20260810-R001-49ce74ce,C:\ronbun\runs\rfw_custom_20260810\20260810-R001-49ce74ce_step4_rfw_custom_edgeface-a348c305af33c223b337
gradcam-c7f005b66953e49b1ce4,population-c34a0451ee682a300684ff4b,rfw_custom,rfw:indian:m.0gbzs4s_0001,edgeface-a348c305af33c223b337,pca,pca_256,pca_direct_cosine,0.1,False,frozen_origin,-0.024731785059,False,True,False,True,True,0,True,threshold_crossing,7,42,8,20260810-R001-49ce74ce,C:\ronbun\runs\rfw_custom_20260810\20260810-R001-49ce74ce_step4_rfw_custom_edgeface-a348c305af33c223b337
gradcam-c87ee38867252eb64e8f,population-c34a0451ee682a300684ff4b,rfw_custom,rfw:african:m.02rwhp6_0002,edgeface-a348c305af33c223b337,pca,pca_256,pca_direct_cosine,0.1,False,frozen_origin,-0.0242726504803,True,True,False,True,True,0,True,threshold_crossing,8,42,8,20260810-R001-49ce74ce,C:\ronbun\runs\rfw_custom_20260810\20260810-R001-49ce74ce_step4_rfw_custom_edgeface-a348c305af33c223b337
gradcam-3e5df8c8c37626b198f9,population-c34a0451ee682a300684ff4b,rfw_custom,rfw:asian:m.0qt2z7d_0003,edgeface-a348c305af33c223b337,pca,pca_256,pca_reconstruction_cosine,0.01,False,frozen_origin,-2.98023223877e-08,True,False,False,True,True,0.000454545137813,True,high_error,1,42,8,20260810-R001-49ce74ce,C:\ronbun\runs\rfw_custom_20260810\20260810-R001-49ce74ce_step4_rfw_custom_edgeface-a348c305af33c223b337
gradcam-dd1219a5f166dc08e8f1,population-c34a0451ee682a300684ff4b,rfw_custom,rfw:caucasian:m.033b99_0003,edgeface-a348c305af33c223b337,pca,pca_256,pca_reconstruction_cosine,0.01,True,frozen_origin,-5.96046447754e-08,True,False,False,True,True,0.000396535743583,True,high_error,2,42,8,20260810-R001-49ce74ce,C:\ronbun\runs\rfw_custom_20260810\20260810-R001-49ce74ce_step4_rfw_custom_edgeface-a348c305af33c223b337
gradcam-6f4bad8089efeb1186be,population-c34a0451ee682a300684ff4b,rfw_custom,rfw:indian:m.0461cy_0001,edgeface-a348c305af33c223b337,pca,pca_256,pca_reconstruction_cosine,0.01,False,frozen_origin,-2.98023223877e-08,True,False,False,True,True,0.000393895835837,True,high_error,3,42,8,20260810-R001-49ce74ce,C:\ronbun\runs\rfw_custom_20260810\20260810-R001-49ce74ce_step4_rfw_custom_edgeface-a348c305af33c223b337
gradcam-83ddc8a856e4a4003757,population-c34a0451ee682a300684ff4b,rfw_custom,rfw:caucasian:m.060d5l_0001,edgeface-a348c305af33c223b337,pca,pca_256,pca_reconstruction_cosine,0.01,False,frozen_origin,-5.96046447754e-08,True,False,False,True,True,0.000372634564959,True,high_error,4,42,8,20260810-R001-49ce74ce,C:\ronbun\runs\rfw_custom_20260810\20260810-R001-49ce74ce_step4_rfw_custom_edgeface-a348c305af33c223b337
gradcam-ca04d4aced68a3afde72,population-c34a0451ee682a300684ff4b,rfw_custom,rfw:indian:m.05msgp5_0002,edgeface-a348c305af33c223b337,pca,pca_256,pca_reconstruction_cosine,0.01,False,frozen_origin,0,True,False,False,True,True,0.000365124347618,True,high_error,5,42,8,20260810-R001-49ce74ce,C:\ronbun\runs\rfw_custom_20260810\20260810-R001-49ce74ce_step4_rfw_custom_edgeface-a348c305af33c223b337
gradcam-fa5a9062b8d08a2aec98,population-c34a0451ee682a300684ff4b,rfw_custom,rfw:asian:m.05mz42q_0001,edgeface-a348c305af33c223b337,pca,pca_256,pca_reconstruction_cosine,0.01,True,frozen_origin,2.98023223877e-08,True,False,False,True,True,0.000362398987158,True,high_error,6,42,8,20260810-R001-49ce74ce,C:\ronbun\runs\rfw_custom_20260810\20260810-R001-49ce74ce_step4_rfw_custom_edgeface-a348c305af33c223b337
gradcam-61529256bc0eb854eb8a,population-c34a0451ee682a300684ff4b,rfw_custom,rfw:african:m.08lbch_0003,edgeface-a348c305af33c223b337,pca,pca_256,pca_reconstruction_cosine,0.01,False,frozen_origin,0,True,False,False,True,True,0.000358761661036,True,high_error,7,42,8,20260810-R001-49ce74ce,C:\ronbun\runs\rfw_custom_20260810\20260810-R001-49ce74ce_step4_rfw_custom_edgeface-a348c305af33c223b337
gradcam-9334b9ae2981135b59d1,population-c34a0451ee682a300684ff4b,rfw_custom,rfw:indian:m.05gg8p_0002,edgeface-a348c305af33c223b337,pca,pca_256,pca_reconstruction_cosine,0.01,True,frozen_origin,0,True,False,False,True,True,0.000336224950141,True,high_error,8,42,8,20260810-R001-49ce74ce,C:\ronbun\runs\rfw_custom_20260810\20260810-R001-49ce74ce_step4_rfw_custom_edgeface-a348c305af33c223b337
gradcam-bf486bd504048f36264c,population-c34a0451ee682a300684ff4b,rfw_custom,rfw:caucasian:m.0gly07_0001,edgeface-a348c305af33c223b337,pca,pca_256,pca_reconstruction_cosine,0.01,False,frozen_origin,0,True,False,False,True,True,0,True,stable,1,42,8,20260810-R001-49ce74ce,C:\ronbun\runs\rfw_custom_20260810\20260810-R001-49ce74ce_step4_rfw_custom_edgeface-a348c305af33c223b337
gradcam-93fec5c590a90b2c685d,population-c34a0451ee682a300684ff4b,rfw_custom,rfw:caucasian:m.04q4c8_0002,edgeface-a348c305af33c223b337,pca,pca_256,pca_reconstruction_cosine,0.01,False,frozen_origin,0,True,False,False,True,True,0,True,stable,2,42,8,20260810-R001-49ce74ce,C:\ronbun\runs\rfw_custom_20260810\20260810-R001-49ce74ce_step4_rfw_custom_edgeface-a348c305af33c223b337
gradcam-27f39b5e9d19c4fdf151,population-c34a0451ee682a300684ff4b,rfw_custom,rfw:african:m.0c72pq_0003,edgeface-a348c305af33c223b337,pca,pca_256,pca_reconstruction_cosine,0.01,True,frozen_origin,0,True,False,False,True,True,0,True,stable,3,42,8,20260810-R001-49ce74ce,C:\ronbun\runs\rfw_custom_20260810\20260810-R001-49ce74ce_step4_rfw_custom_edgeface-a348c305af33c223b337
gradcam-723cdb31a60bb48c1fcd,population-c34a0451ee682a300684ff4b,rfw_custom,rfw:caucasian:m.06gsg2_0003,edgeface-a348c305af33c223b337,pca,pca_256,pca_reconstruction_cosine,0.01,False,frozen_origin,0,True,False,False,True,True,0,True,stable,4,42,8,20260810-R001-49ce74ce,C:\ronbun\runs\rfw_custom_20260810\20260810-R001-49ce74ce_step4_rfw_custom_edgeface-a348c305af33c223b337
gradcam-24ce64f8f6eabf523281,population-c34a0451ee682a300684ff4b,rfw_custom,rfw:african:m.01nn3md_0004,edgeface-a348c305af33c223b337,pca,pca_256,pca_reconstruction_cosine,0.01,True,frozen_origin,0,True,False,False,True,True,0,True,stable,5,42,8,20260810-R001-49ce74ce,C:\ronbun\runs\rfw_custom_20260810\20260810-R001-49ce74ce_step4_rfw_custom_edgeface-a348c305af33c223b337
gradcam-62871be94eb2e8d806a4,population-c34a0451ee682a300684ff4b,rfw_custom,rfw:indian:m.0gkyzsk_0003,edgeface-a348c305af33c223b337,pca,pca_256,pca_reconstruction_cosine,0.01,False,frozen_origin,0,True,False,False,True,True,0,True,stable,6,42,8,20260810-R001-49ce74ce,C:\ronbun\runs\rfw_custom_20260810\20260810-R001-49ce74ce_step4_rfw_custom_edgeface-a348c305af33c223b337
gradcam-f21029719b61fc8f78da,population-c34a0451ee682a300684ff4b,rfw_custom,rfw:indian:m.04112vx_0002,edgeface-a348c305af33c223b337,pca,pca_256,pca_reconstruction_cosine,0.01,True,frozen_origin,0,True,False,False,True,True,0,True,stable,7,42,8,20260810-R001-49ce74ce,C:\ronbun\runs\rfw_custom_20260810\20260810-R001-49ce74ce_step4_rfw_custom_edgeface-a348c305af33c223b337
gradcam-b9e4529300d577635964,population-c34a0451ee682a300684ff4b,rfw_custom,rfw:african:m.0b6lb0j_0004,edgeface-a348c305af33c223b337,pca,pca_256,pca_reconstruction_cosine,0.01,False,frozen_origin,0,True,False,False,True,True,0,True,stable,8,42,8,20260810-R001-49ce74ce,C:\ronbun\runs\rfw_custom_20260810\20260810-R001-49ce74ce_step4_rfw_custom_edgeface-a348c305af33c223b337
gradcam-b4784d5775c483d4ab41,population-c34a0451ee682a300684ff4b,rfw_custom,rfw:asian:m.0qt2z7d_0003,edgeface-a348c305af33c223b337,pca,pca_256,pca_reconstruction_cosine,0.1,False,frozen_origin,-2.98023223877e-08,True,False,False,True,True,0.000454545137813,True,high_error,1,42,8,20260810-R001-49ce74ce,C:\ronbun\runs\rfw_custom_20260810\20260810-R001-49ce74ce_step4_rfw_custom_edgeface-a348c305af33c223b337
gradcam-547459437bcd8dd02232,population-c34a0451ee682a300684ff4b,rfw_custom,rfw:caucasian:m.033b99_0003,edgeface-a348c305af33c223b337,pca,pca_256,pca_reconstruction_cosine,0.1,True,frozen_origin,-5.96046447754e-08,True,False,False,True,True,0.000396535743583,True,high_error,2,42,8,20260810-R001-49ce74ce,C:\ronbun\runs\rfw_custom_20260810\20260810-R001-49ce74ce_step4_rfw_custom_edgeface-a348c305af33c223b337
gradcam-26eb456aa78a67441ad4,population-c34a0451ee682a300684ff4b,rfw_custom,rfw:indian:m.0461cy_0001,edgeface-a348c305af33c223b337,pca,pca_256,pca_reconstruction_cosine,0.1,False,frozen_origin,-2.98023223877e-08,True,False,False,True,True,0.000393895835837,True,high_error,3,42,8,20260810-R001-49ce74ce,C:\ronbun\runs\rfw_custom_20260810\20260810-R001-49ce74ce_step4_rfw_custom_edgeface-a348c305af33c223b337
gradcam-66c22a03bef220bd1e3b,population-c34a0451ee682a300684ff4b,rfw_custom,rfw:caucasian:m.060d5l_0001,edgeface-a348c305af33c223b337,pca,pca_256,pca_reconstruction_cosine,0.1,False,frozen_origin,-5.96046447754e-08,True,False,False,True,True,0.000372634564959,True,high_error,4,42,8,20260810-R001-49ce74ce,C:\ronbun\runs\rfw_custom_20260810\20260810-R001-49ce74ce_step4_rfw_custom_edgeface-a348c305af33c223b337
gradcam-c0c52bdd35642fd5c9bf,population-c34a0451ee682a300684ff4b,rfw_custom,rfw:indian:m.05msgp5_0002,edgeface-a348c305af33c223b337,pca,pca_256,pca_reconstruction_cosine,0.1,False,frozen_origin,0,True,False,False,True,True,0.000365124347618,True,high_error,5,42,8,20260810-R001-49ce74ce,C:\ronbun\runs\rfw_custom_20260810\20260810-R001-49ce74ce_step4_rfw_custom_edgeface-a348c305af33c223b337
gradcam-8876effbfeacedbbda92,population-c34a0451ee682a300684ff4b,rfw_custom,rfw:asian:m.05mz42q_0001,edgeface-a348c305af33c223b337,pca,pca_256,pca_reconstruction_cosine,0.1,True,frozen_origin,2.98023223877e-08,True,False,False,True,True,0.000362398987158,True,high_error,6,42,8,20260810-R001-49ce74ce,C:\ronbun\runs\rfw_custom_20260810\20260810-R001-49ce74ce_step4_rfw_custom_edgeface-a348c305af33c223b337
gradcam-c5bfdafa0873b428e335,population-c34a0451ee682a300684ff4b,rfw_custom,rfw:african:m.08lbch_0003,edgeface-a348c305af33c223b337,pca,pca_256,pca_reconstruction_cosine,0.1,False,frozen_origin,0,True,False,False,True,True,0.000358761661036,True,high_error,7,42,8,20260810-R001-49ce74ce,C:\ronbun\runs\rfw_custom_20260810\20260810-R001-49ce74ce_step4_rfw_custom_edgeface-a348c305af33c223b337
gradcam-823187cf303acf0c7bea,population-c34a0451ee682a300684ff4b,rfw_custom,rfw:indian:m.05gg8p_0002,edgeface-a348c305af33c223b337,pca,pca_256,pca_reconstruction_cosine,0.1,True,frozen_origin,0,True,False,False,True,True,0.000336224950141,True,high_error,8,42,8,20260810-R001-49ce74ce,C:\ronbun\runs\rfw_custom_20260810\20260810-R001-49ce74ce_step4_rfw_custom_edgeface-a348c305af33c223b337
gradcam-0b70be29a1d630fd5b00,population-c34a0451ee682a300684ff4b,rfw_custom,rfw:caucasian:m.01mvp03_0003,edgeface-a348c305af33c223b337,pca,pca_256,pca_reconstruction_cosine,0.1,False,frozen_origin,0,True,False,False,True,True,0,True,stable,1,42,8,20260810-R001-49ce74ce,C:\ronbun\runs\rfw_custom_20260810\20260810-R001-49ce74ce_step4_rfw_custom_edgeface-a348c305af33c223b337
gradcam-90c983cff1f6a4d49044,population-c34a0451ee682a300684ff4b,rfw_custom,rfw:indian:m.02hkvw_0003,edgeface-a348c305af33c223b337,pca,pca_256,pca_reconstruction_cosine,0.1,True,frozen_origin,0,True,False,False,True,True,0,True,stable,2,42,8,20260810-R001-49ce74ce,C:\ronbun\runs\rfw_custom_20260810\20260810-R001-49ce74ce_step4_rfw_custom_edgeface-a348c305af33c223b337
gradcam-fdf9954e822b869b94dd,population-c34a0451ee682a300684ff4b,rfw_custom,rfw:indian:m.06q2bt_0002,edgeface-a348c305af33c223b337,pca,pca_256,pca_reconstruction_cosine,0.1,True,frozen_origin,0,True,False,False,True,True,0,True,stable,3,42,8,20260810-R001-49ce74ce,C:\ronbun\runs\rfw_custom_20260810\20260810-R001-49ce74ce_step4_rfw_custom_edgeface-a348c305af33c223b337
gradcam-5cbabadb9984d1c203e8,population-c34a0451ee682a300684ff4b,rfw_custom,rfw:caucasian:m.04pck2_0004,edgeface-a348c305af33c223b337,pca,pca_256,pca_reconstruction_cosine,0.1,True,frozen_origin,0,True,False,False,True,True,0,True,stable,4,42,8,20260810-R001-49ce74ce,C:\ronbun\runs\rfw_custom_20260810\20260810-R001-49ce74ce_step4_rfw_custom_edgeface-a348c305af33c223b337
gradcam-819d3334f0f0f4e1ab6d,population-c34a0451ee682a300684ff4b,rfw_custom,rfw:african:m.08dt_q_0001,edgeface-a348c305af33c223b337,pca,pca_256,pca_reconstruction_cosine,0.1,False,frozen_origin,0,True,False,False,True,True,0,True,stable,5,42,8,20260810-R001-49ce74ce,C:\ronbun\runs\rfw_custom_20260810\20260810-R001-49ce74ce_step4_rfw_custom_edgeface-a348c305af33c223b337
gradcam-508d23f3dbf0967422f3,population-c34a0451ee682a300684ff4b,rfw_custom,rfw:african:m.0b8bms_0005,edgeface-a348c305af33c223b337,pca,pca_256,pca_reconstruction_cosine,0.1,False,frozen_origin,0,True,False,False,True,True,0,True,stable,6,42,8,20260810-R001-49ce74ce,C:\ronbun\runs\rfw_custom_20260810\20260810-R001-49ce74ce_step4_rfw_custom_edgeface-a348c305af33c223b337
gradcam-44818443d0e8a1e979d5,population-c34a0451ee682a300684ff4b,rfw_custom,rfw:caucasian:m.026f9wk_0001,edgeface-a348c305af33c223b337,pca,pca_256,pca_reconstruction_cosine,0.1,False,frozen_origin,0,True,False,False,True,True,0,True,stable,7,42,8,20260810-R001-49ce74ce,C:\ronbun\runs\rfw_custom_20260810\20260810-R001-49ce74ce_step4_rfw_custom_edgeface-a348c305af33c223b337
gradcam-6a787ca4e0c07c423bca,population-c34a0451ee682a300684ff4b,rfw_custom,rfw:caucasian:m.04gnpyg_0002,edgeface-a348c305af33c223b337,pca,pca_256,pca_reconstruction_cosine,0.1,False,frozen_origin,0,True,False,False,True,True,0,True,stable,8,42,8,20260810-R001-49ce74ce,C:\ronbun\runs\rfw_custom_20260810\20260810-R001-49ce74ce_step4_rfw_custom_edgeface-a348c305af33c223b337
gradcam-3f5c9afa1b85d2f97391,population-c34a0451ee682a300684ff4b,rfw_custom,rfw:asian:m.05q97sh_0003,edgeface-a348c305af33c223b337,pca,pca_32,pca_direct_cosine,0.01,True,frozen_origin,0.0202461481094,True,False,False,True,True,1.10088911452,True,high_error,1,42,8,20260810-R001-49ce74ce,C:\ronbun\runs\rfw_custom_20260810\20260810-R001-49ce74ce_step4_rfw_custom_edgeface-a348c305af33c223b337
gradcam-f49d2f6d4101934444a2,population-c34a0451ee682a300684ff4b,rfw_custom,rfw:caucasian:m.062g4l_0003,edgeface-a348c305af33c223b337,pca,pca_32,pca_direct_cosine,0.01,True,frozen_origin,-0.0138086080551,True,False,False,True,True,1.08666362956,True,high_error,2,42,8,20260810-R001-49ce74ce,C:\ronbun\runs\rfw_custom_20260810\20260810-R001-49ce74ce_step4_rfw_custom_edgeface-a348c305af33c223b337
gradcam-22cc389b64609310b428,population-c34a0451ee682a300684ff4b,rfw_custom,rfw:caucasian:m.0dczsx_0001,edgeface-a348c305af33c223b337,pca,pca_32,pca_direct_cosine,0.01,True,frozen_origin,0.111458599567,True,False,False,True,True,1.08192376453,True,high_error,3,42,8,20260810-R001-49ce74ce,C:\ronbun\runs\rfw_custom_20260810\20260810-R001-49ce74ce_step4_rfw_custom_edgeface-a348c305af33c223b337
gradcam-841f3f1e8ac2dcb4d22d,population-c34a0451ee682a300684ff4b,rfw_custom,rfw:caucasian:m.028ht5_0003,edgeface-a348c305af33c223b337,pca,pca_32,pca_direct_cosine,0.01,True,frozen_origin,0.0264494419098,True,False,False,True,True,1.07781758577,True,high_error,4,42,8,20260810-R001-49ce74ce,C:\ronbun\runs\rfw_custom_20260810\20260810-R001-49ce74ce_step4_rfw_custom_edgeface-a348c305af33c223b337
gradcam-855e9984d4afa2d3b528,population-c34a0451ee682a300684ff4b,rfw_custom,rfw:caucasian:m.053xkr_0003,edgeface-a348c305af33c223b337,pca,pca_32,pca_direct_cosine,0.01,True,frozen_origin,-0.0142468810081,True,False,False,True,True,1.07306943323,True,high_error,5,42,8,20260810-R001-49ce74ce,C:\ronbun\runs\rfw_custom_20260810\20260810-R001-49ce74ce_step4_rfw_custom_edgeface-a348c305af33c223b337
gradcam-5960611956161065e817,population-c34a0451ee682a300684ff4b,rfw_custom,rfw:african:m.0bd29m_0002,edgeface-a348c305af33c223b337,pca,pca_32,pca_direct_cosine,0.01,True,frozen_origin,0.0225899815559,True,False,False,True,True,1.07241760292,True,high_error,6,42,8,20260810-R001-49ce74ce,C:\ronbun\runs\rfw_custom_20260810\20260810-R001-49ce74ce_step4_rfw_custom_edgeface-a348c305af33c223b337
gradcam-2a582be1fc7aa51ce78c,population-c34a0451ee682a300684ff4b,rfw_custom,rfw:caucasian:m.043qy01_0002,edgeface-a348c305af33c223b337,pca,pca_32,pca_direct_cosine,0.01,True,frozen_origin,0.108694374561,True,False,False,True,True,1.05059733709,True,high_error,7,42,8,20260810-R001-49ce74ce,C:\ronbun\runs\rfw_custom_20260810\20260810-R001-49ce74ce_step4_rfw_custom_edgeface-a348c305af33c223b337
gradcam-e8bb8774455fddaa3dd5,population-c34a0451ee682a300684ff4b,rfw_custom,rfw:caucasian:m.07rcm5_0001,edgeface-a348c305af33c223b337,pca,pca_32,pca_direct_cosine,0.01,True,frozen_origin,-0.113834381104,True,False,False,True,True,1.04981589286,True,high_error,8,42,8,20260810-R001-49ce74ce,C:\ronbun\runs\rfw_custom_20260810\20260810-R001-49ce74ce_step4_rfw_custom_edgeface-a348c305af33c223b337
gradcam-da5d0a5ccbe09433d4d8,population-c34a0451ee682a300684ff4b,rfw_custom,rfw:indian:m.04t7rn_0001,edgeface-a348c305af33c223b337,pca,pca_32,pca_direct_cosine,0.01,True,frozen_origin,0.0797728896141,False,False,False,True,True,1.2226914267,True,rank_flip,1,42,8,20260810-R001-49ce74ce,C:\ronbun\runs\rfw_custom_20260810\20260810-R001-49ce74ce_step4_rfw_custom_edgeface-a348c305af33c223b337
gradcam-0df7c9e54e32f85331cd,population-c34a0451ee682a300684ff4b,rfw_custom,rfw:caucasian:m.06wx5c_0003,edgeface-a348c305af33c223b337,pca,pca_32,pca_direct_cosine,0.01,True,frozen_origin,0.136197537184,False,False,False,True,True,1.10281353186,True,rank_flip,2,42,8,20260810-R001-49ce74ce,C:\ronbun\runs\rfw_custom_20260810\20260810-R001-49ce74ce_step4_rfw_custom_edgeface-a348c305af33c223b337
gradcam-f6c9ea07699987a00af4,population-c34a0451ee682a300684ff4b,rfw_custom,rfw:caucasian:m.01p76zn_0003,edgeface-a348c305af33c223b337,pca,pca_32,pca_direct_cosine,0.01,True,frozen_origin,0.0655707716942,False,False,False,True,True,1.07626698978,True,rank_flip,3,42,8,20260810-R001-49ce74ce,C:\ronbun\runs\rfw_custom_20260810\20260810-R001-49ce74ce_step4_rfw_custom_edgeface-a348c305af33c223b337
gradcam-0ffb66b699904a5d9a55,population-c34a0451ee682a300684ff4b,rfw_custom,rfw:caucasian:m.01fc08_0002,edgeface-a348c305af33c223b337,pca,pca_32,pca_direct_cosine,0.01,True,frozen_origin,0.139378130436,False,False,False,True,True,1.05273896637,True,rank_flip,4,42,8,20260810-R001-49ce74ce,C:\ronbun\runs\rfw_custom_20260810\20260810-R001-49ce74ce_step4_rfw_custom_edgeface-a348c305af33c223b337
gradcam-f07ba050529e6653599c,population-c34a0451ee682a300684ff4b,rfw_custom,rfw:caucasian:m.06nzp7_0003,edgeface-a348c305af33c223b337,pca,pca_32,pca_direct_cosine,0.01,True,frozen_origin,-0.0202277898788,False,False,False,True,True,1.05034765997,True,rank_flip,5,42,8,20260810-R001-49ce74ce,C:\ronbun\runs\rfw_custom_20260810\20260810-R001-49ce74ce_step4_rfw_custom_edgeface-a348c305af33c223b337
gradcam-e4174c2bb6c78d90b469,population-c34a0451ee682a300684ff4b,rfw_custom,rfw:caucasian:m.026jfvc_0004,edgeface-a348c305af33c223b337,pca,pca_32,pca_direct_cosine,0.01,True,frozen_origin,0.00734287500381,False,False,False,True,True,1.0453973588,True,rank_flip,6,42,8,20260810-R001-49ce74ce,C:\ronbun\runs\rfw_custom_20260810\20260810-R001-49ce74ce_step4_rfw_custom_edgeface-a348c305af33c223b337
gradcam-b1e708ac850203d4c3d6,population-c34a0451ee682a300684ff4b,rfw_custom,rfw:indian:m.08q1xb_0001,edgeface-a348c305af33c223b337,pca,pca_32,pca_direct_cosine,0.01,True,frozen_origin,-0.0196933746338,False,False,False,True,True,1.04219885675,True,rank_flip,7,42,8,20260810-R001-49ce74ce,C:\ronbun\runs\rfw_custom_20260810\20260810-R001-49ce74ce_step4_rfw_custom_edgeface-a348c305af33c223b337
gradcam-cc1f5dbb1fb3a2097d91,population-c34a0451ee682a300684ff4b,rfw_custom,rfw:indian:m.038j0b_0002,edgeface-a348c305af33c223b337,pca,pca_32,pca_direct_cosine,0.01,True,frozen_origin,0.125957161188,False,False,False,True,True,1.04158208691,True,rank_flip,8,42,8,20260810-R001-49ce74ce,C:\ronbun\runs\rfw_custom_20260810\20260810-R001-49ce74ce_step4_rfw_custom_edgeface-a348c305af33c223b337
gradcam-86fd8fb4f302b23a390d,population-c34a0451ee682a300684ff4b,rfw_custom,rfw:african:m.04nb7my_0001,edgeface-a348c305af33c223b337,pca,pca_32,pca_direct_cosine,0.01,False,frozen_origin,0.161299586296,True,False,False,True,True,0.548164264902,True,stable,1,42,8,20260810-R001-49ce74ce,C:\ronbun\runs\rfw_custom_20260810\20260810-R001-49ce74ce_step4_rfw_custom_edgeface-a348c305af33c223b337
gradcam-26f63c9aa66d62004ef5,population-c34a0451ee682a300684ff4b,rfw_custom,rfw:african:m.079wnp_0003,edgeface-a348c305af33c223b337,pca,pca_32,pca_direct_cosine,0.01,True,frozen_origin,0.180454015732,True,False,False,True,True,0.673167473529,True,stable,2,42,8,20260810-R001-49ce74ce,C:\ronbun\runs\rfw_custom_20260810\20260810-R001-49ce74ce_step4_rfw_custom_edgeface-a348c305af33c223b337
gradcam-47355b2855086e1d62f7,population-c34a0451ee682a300684ff4b,rfw_custom,rfw:african:m.0ddrzd_0003,edgeface-a348c305af33c223b337,pca,pca_32,pca_direct_cosine,0.01,True,frozen_origin,0.0616027116776,True,False,False,True,True,0.673477597603,True,stable,3,42,8,20260810-R001-49ce74ce,C:\ronbun\runs\rfw_custom_20260810\20260810-R001-49ce74ce_step4_rfw_custom_edgeface-a348c305af33c223b337
gradcam-faaae0a7818eb6fddbc1,population-c34a0451ee682a300684ff4b,rfw_custom,rfw:african:m.01fmdk_0002,edgeface-a348c305af33c223b337,pca,pca_32,pca_direct_cosine,0.01,True,frozen_origin,0.0771626234055,True,False,False,True,True,0.680781690307,True,stable,4,42,8,20260810-R001-49ce74ce,C:\ronbun\runs\rfw_custom_20260810\20260810-R001-49ce74ce_step4_rfw_custom_edgeface-a348c305af33c223b337
gradcam-bdbe68ad99c34e46439e,population-c34a0451ee682a300684ff4b,rfw_custom,rfw:indian:m.025xfy6_0002,edgeface-a348c305af33c223b337,pca,pca_32,pca_direct_cosine,0.01,True,frozen_origin,0.0408970713615,True,False,False,True,True,0.696382653482,True,stable,5,42,8,20260810-R001-49ce74ce,C:\ronbun\runs\rfw_custom_20260810\20260810-R001-49ce74ce_step4_rfw_custom_edgeface-a348c305af33c223b337
gradcam-c124034536e264aa6cf6,population-c34a0451ee682a300684ff4b,rfw_custom,rfw:african:m.0bxryk_0003,edgeface-a348c305af33c223b337,pca,pca_32,pca_direct_cosine,0.01,True,frozen_origin,0.109082639217,True,False,False,True,True,0.698587666755,True,stable,6,42,8,20260810-R001-49ce74ce,C:\ronbun\runs\rfw_custom_20260810\20260810-R001-49ce74ce_step4_rfw_custom_edgeface-a348c305af33c223b337
gradcam-a43430aca84e967a6620,population-c34a0451ee682a300684ff4b,rfw_custom,rfw:african:m.04nb7my_0004,edgeface-a348c305af33c223b337,pca,pca_32,pca_direct_cosine,0.01,False,frozen_origin,0.17332136631,True,False,False,True,True,0.705120324763,True,stable,7,42,8,20260810-R001-49ce74ce,C:\ronbun\runs\rfw_custom_20260810\20260810-R001-49ce74ce_step4_rfw_custom_edgeface-a348c305af33c223b337
gradcam-7a1e5ca993510efb4e45,population-c34a0451ee682a300684ff4b,rfw_custom,rfw:indian:m.04n268h_0004,edgeface-a348c305af33c223b337,pca,pca_32,pca_direct_cosine,0.01,True,frozen_origin,0.088481426239,True,False,False,True,True,0.710772590878,True,stable,8,42,8,20260810-R001-49ce74ce,C:\ronbun\runs\rfw_custom_20260810\20260810-R001-49ce74ce_step4_rfw_custom_edgeface-a348c305af33c223b337
gradcam-8c9cdc91f51e297dd986,population-c34a0451ee682a300684ff4b,rfw_custom,rfw:caucasian:m.015r3q_0003,edgeface-a348c305af33c223b337,pca,pca_32,pca_direct_cosine,0.01,False,frozen_origin,0.29062795639,False,True,False,True,True,1.25006767636,True,threshold_crossing,1,42,8,20260810-R001-49ce74ce,C:\ronbun\runs\rfw_custom_20260810\20260810-R001-49ce74ce_step4_rfw_custom_edgeface-a348c305af33c223b337
gradcam-d3e957efbd7dccdf4657,population-c34a0451ee682a300684ff4b,rfw_custom,rfw:caucasian:m.03f6_jr_0002,edgeface-a348c305af33c223b337,pca,pca_32,pca_direct_cosine,0.01,False,frozen_origin,0.165348827839,False,True,False,True,True,1.1872400656,True,threshold_crossing,2,42,8,20260810-R001-49ce74ce,C:\ronbun\runs\rfw_custom_20260810\20260810-R001-49ce74ce_step4_rfw_custom_edgeface-a348c305af33c223b337
gradcam-975b6a056ae305552cdd,population-c34a0451ee682a300684ff4b,rfw_custom,rfw:caucasian:m.01v526_0005,edgeface-a348c305af33c223b337,pca,pca_32,pca_direct_cosine,0.01,False,frozen_origin,0.24496614933,False,True,False,True,True,1.14551203065,True,threshold_crossing,3,42,8,20260810-R001-49ce74ce,C:\ronbun\runs\rfw_custom_20260810\20260810-R001-49ce74ce_step4_rfw_custom_edgeface-a348c305af33c223b337
gradcam-bc2833b05a8a0f71c91a,population-c34a0451ee682a300684ff4b,rfw_custom,rfw:caucasian:m.0c5_ym_0001,edgeface-a348c305af33c223b337,pca,pca_32,pca_direct_cosine,0.01,False,frozen_origin,0.235569477081,False,True,False,True,True,1.13897567302,True,threshold_crossing,4,42,8,20260810-R001-49ce74ce,C:\ronbun\runs\rfw_custom_20260810\20260810-R001-49ce74ce_step4_rfw_custom_edgeface-a348c305af33c223b337
gradcam-c7ffd3f7c84a59c1d856,population-c34a0451ee682a300684ff4b,rfw_custom,rfw:caucasian:m.0lylw_0004,edgeface-a348c305af33c223b337,pca,pca_32,pca_direct_cosine,0.01,False,frozen_origin,0.310237646103,False,True,False,True,True,1.13580890053,True,threshold_crossing,5,42,8,20260810-R001-49ce74ce,C:\ronbun\runs\rfw_custom_20260810\20260810-R001-49ce74ce_step4_rfw_custom_edgeface-a348c305af33c223b337
gradcam-a605054f9dd5b88c2b4b,population-c34a0451ee682a300684ff4b,rfw_custom,rfw:caucasian:m.01r43l_0001,edgeface-a348c305af33c223b337,pca,pca_32,pca_direct_cosine,0.01,False,frozen_origin,0.189154624939,False,True,False,True,True,1.13385958574,True,threshold_crossing,6,42,8,20260810-R001-49ce74ce,C:\ronbun\runs\rfw_custom_20260810\20260810-R001-49ce74ce_step4_rfw_custom_edgeface-a348c305af33c223b337
gradcam-501da27fb2caad1ba94f,population-c34a0451ee682a300684ff4b,rfw_custom,rfw:caucasian:m.03q4y7_0002,edgeface-a348c305af33c223b337,pca,pca_32,pca_direct_cosine,0.01,False,frozen_origin,0.289220392704,False,True,False,True,True,1.11873727035,True,threshold_crossing,7,42,8,20260810-R001-49ce74ce,C:\ronbun\runs\rfw_custom_20260810\20260810-R001-49ce74ce_step4_rfw_custom_edgeface-a348c305af33c223b337
gradcam-c3fd1b52bbe3f44f5797,population-c34a0451ee682a300684ff4b,rfw_custom,rfw:caucasian:m.01z_g6_0001,edgeface-a348c305af33c223b337,pca,pca_32,pca_direct_cosine,0.01,False,frozen_origin,0.270009160042,False,True,False,True,True,1.11669432582,True,threshold_crossing,8,42,8,20260810-R001-49ce74ce,C:\ronbun\runs\rfw_custom_20260810\20260810-R001-49ce74ce_step4_rfw_custom_edgeface-a348c305af33c223b337
gradcam-832d0ceca957384a035b,population-c34a0451ee682a300684ff4b,rfw_custom,rfw:asian:m.05q97sh_0003,edgeface-a348c305af33c223b337,pca,pca_32,pca_direct_cosine,0.1,True,frozen_origin,0.0202461481094,True,False,False,True,True,1.10088911452,True,high_error,1,42,8,20260810-R001-49ce74ce,C:\ronbun\runs\rfw_custom_20260810\20260810-R001-49ce74ce_step4_rfw_custom_edgeface-a348c305af33c223b337
gradcam-1a4d3aac6378d3d34bbf,population-c34a0451ee682a300684ff4b,rfw_custom,rfw:caucasian:m.062g4l_0003,edgeface-a348c305af33c223b337,pca,pca_32,pca_direct_cosine,0.1,True,frozen_origin,-0.0138086080551,True,False,False,True,True,1.08666362956,True,high_error,2,42,8,20260810-R001-49ce74ce,C:\ronbun\runs\rfw_custom_20260810\20260810-R001-49ce74ce_step4_rfw_custom_edgeface-a348c305af33c223b337
gradcam-0a94401aab8ee21ad19c,population-c34a0451ee682a300684ff4b,rfw_custom,rfw:caucasian:m.0dczsx_0001,edgeface-a348c305af33c223b337,pca,pca_32,pca_direct_cosine,0.1,True,frozen_origin,0.111458599567,True,False,False,True,True,1.08192376453,True,high_error,3,42,8,20260810-R001-49ce74ce,C:\ronbun\runs\rfw_custom_20260810\20260810-R001-49ce74ce_step4_rfw_custom_edgeface-a348c305af33c223b337
gradcam-d1850876c04c837ef6f2,population-c34a0451ee682a300684ff4b,rfw_custom,rfw:caucasian:m.028ht5_0003,edgeface-a348c305af33c223b337,pca,pca_32,pca_direct_cosine,0.1,True,frozen_origin,0.0264494419098,True,False,False,True,True,1.07781758577,True,high_error,4,42,8,20260810-R001-49ce74ce,C:\ronbun\runs\rfw_custom_20260810\20260810-R001-49ce74ce_step4_rfw_custom_edgeface-a348c305af33c223b337
gradcam-85f5a10291ca57ff9eff,population-c34a0451ee682a300684ff4b,rfw_custom,rfw:caucasian:m.053xkr_0003,edgeface-a348c305af33c223b337,pca,pca_32,pca_direct_cosine,0.1,True,frozen_origin,-0.0142468810081,True,False,False,True,True,1.07306943323,True,high_error,5,42,8,20260810-R001-49ce74ce,C:\ronbun\runs\rfw_custom_20260810\20260810-R001-49ce74ce_step4_rfw_custom_edgeface-a348c305af33c223b337
gradcam-11a96a61666191e4449d,population-c34a0451ee682a300684ff4b,rfw_custom,rfw:african:m.0bd29m_0002,edgeface-a348c305af33c223b337,pca,pca_32,pca_direct_cosine,0.1,True,frozen_origin,0.0225899815559,True,False,False,True,True,1.07241760292,True,high_error,6,42,8,20260810-R001-49ce74ce,C:\ronbun\runs\rfw_custom_20260810\20260810-R001-49ce74ce_step4_rfw_custom_edgeface-a348c305af33c223b337
gradcam-b5f2190fad840894fa22,population-c34a0451ee682a300684ff4b,rfw_custom,rfw:caucasian:m.043qy01_0002,edgeface-a348c305af33c223b337,pca,pca_32,pca_direct_cosine,0.1,True,frozen_origin,0.108694374561,True,False,False,True,True,1.05059733709,True,high_error,7,42,8,20260810-R001-49ce74ce,C:\ronbun\runs\rfw_custom_20260810\20260810-R001-49ce74ce_step4_rfw_custom_edgeface-a348c305af33c223b337
gradcam-3c8a77351e3cbf2d3315,population-c34a0451ee682a300684ff4b,rfw_custom,rfw:caucasian:m.07rcm5_0001,edgeface-a348c305af33c223b337,pca,pca_32,pca_direct_cosine,0.1,True,frozen_origin,-0.113834381104,True,False,False,True,True,1.04981589286,True,high_error,8,42,8,20260810-R001-49ce74ce,C:\ronbun\runs\rfw_custom_20260810\20260810-R001-49ce74ce_step4_rfw_custom_edgeface-a348c305af33c223b337
gradcam-9bbcb247d417021f8780,population-c34a0451ee682a300684ff4b,rfw_custom,rfw:indian:m.04t7rn_0001,edgeface-a348c305af33c223b337,pca,pca_32,pca_direct_cosine,0.1,True,frozen_origin,0.0797728896141,False,False,False,True,True,1.2226914267,True,rank_flip,1,42,8,20260810-R001-49ce74ce,C:\ronbun\runs\rfw_custom_20260810\20260810-R001-49ce74ce_step4_rfw_custom_edgeface-a348c305af33c223b337
gradcam-7fb6f022e6b2333f568b,population-c34a0451ee682a300684ff4b,rfw_custom,rfw:caucasian:m.03f6_jr_0002,edgeface-a348c305af33c223b337,pca,pca_32,pca_direct_cosine,0.1,False,frozen_origin,0.165348827839,False,False,False,True,True,1.1872400656,True,rank_flip,2,42,8,20260810-R001-49ce74ce,C:\ronbun\runs\rfw_custom_20260810\20260810-R001-49ce74ce_step4_rfw_custom_edgeface-a348c305af33c223b337
gradcam-6de8402097fddeb36611,population-c34a0451ee682a300684ff4b,rfw_custom,rfw:caucasian:m.01z_g6_0001,edgeface-a348c305af33c223b337,pca,pca_32,pca_direct_cosine,0.1,False,frozen_origin,0.270009160042,False,False,False,True,True,1.11669432582,True,rank_flip,3,42,8,20260810-R001-49ce74ce,C:\ronbun\runs\rfw_custom_20260810\20260810-R001-49ce74ce_step4_rfw_custom_edgeface-a348c305af33c223b337
gradcam-af38901259017f8a4c35,population-c34a0451ee682a300684ff4b,rfw_custom,rfw:caucasian:m.0n_kftf_0001,edgeface-a348c305af33c223b337,pca,pca_32,pca_direct_cosine,0.1,False,frozen_origin,0.204963088036,False,False,False,True,True,1.1054863494,True,rank_flip,4,42,8,20260810-R001-49ce74ce,C:\ronbun\runs\rfw_custom_20260810\20260810-R001-49ce74ce_step4_rfw_custom_edgeface-a348c305af33c223b337
gradcam-c93d2a88c4bd881d8dee,population-c34a0451ee682a300684ff4b,rfw_custom,rfw:caucasian:m.06wx5c_0003,edgeface-a348c305af33c223b337,pca,pca_32,pca_direct_cosine,0.1,True,frozen_origin,0.136197537184,False,False,False,True,True,1.10281353186,True,rank_flip,5,42,8,20260810-R001-49ce74ce,C:\ronbun\runs\rfw_custom_20260810\20260810-R001-49ce74ce_step4_rfw_custom_edgeface-a348c305af33c223b337
gradcam-c3bd19409a3629cdc009,population-c34a0451ee682a300684ff4b,rfw_custom,rfw:caucasian:m.027n6t8_0004,edgeface-a348c305af33c223b337,pca,pca_32,pca_direct_cosine,0.1,False,frozen_origin,0.255392849445,False,False,False,True,True,1.09974614141,True,rank_flip,6,42,8,20260810-R001-49ce74ce,C:\ronbun\runs\rfw_custom_20260810\20260810-R001-49ce74ce_step4_rfw_custom_edgeface-a348c305af33c223b337
gradcam-acb1e455675ae6bb7b40,population-c34a0451ee682a300684ff4b,rfw_custom,rfw:caucasian:m.03bj_d_0001,edgeface-a348c305af33c223b337,pca,pca_32,pca_direct_cosine,0.1,False,frozen_origin,0.249514639378,False,False,False,True,True,1.09879634204,True,rank_flip,7,42,8,20260810-R001-49ce74ce,C:\ronbun\runs\rfw_custom_20260810\20260810-R001-49ce74ce_step4_rfw_custom_edgeface-a348c305af33c223b337
gradcam-d430a55a5274c0884f9d,population-c34a0451ee682a300684ff4b,rfw_custom,rfw:caucasian:m.01p76zn_0003,edgeface-a348c305af33c223b337,pca,pca_32,pca_direct_cosine,0.1,True,frozen_origin,0.0655707716942,False,False,False,True,True,1.07626698978,True,rank_flip,8,42,8,20260810-R001-49ce74ce,C:\ronbun\runs\rfw_custom_20260810\20260810-R001-49ce74ce_step4_rfw_custom_edgeface-a348c305af33c223b337
gradcam-e3d15d2dfdec45760869,population-c34a0451ee682a300684ff4b,rfw_custom,rfw:african:m.04nb7my_0001,edgeface-a348c305af33c223b337,pca,pca_32,pca_direct_cosine,0.1,False,frozen_origin,0.161299586296,True,False,False,True,True,0.548164264902,True,stable,1,42,8,20260810-R001-49ce74ce,C:\ronbun\runs\rfw_custom_20260810\20260810-R001-49ce74ce_step4_rfw_custom_edgeface-a348c305af33c223b337
gradcam-58358308348c03d41e79,population-c34a0451ee682a300684ff4b,rfw_custom,rfw:african:m.079wnp_0003,edgeface-a348c305af33c223b337,pca,pca_32,pca_direct_cosine,0.1,True,frozen_origin,0.180454015732,True,False,False,True,True,0.673167473529,True,stable,2,42,8,20260810-R001-49ce74ce,C:\ronbun\runs\rfw_custom_20260810\20260810-R001-49ce74ce_step4_rfw_custom_edgeface-a348c305af33c223b337
gradcam-e5b60d48446e75ecab91,population-c34a0451ee682a300684ff4b,rfw_custom,rfw:african:m.0ddrzd_0003,edgeface-a348c305af33c223b337,pca,pca_32,pca_direct_cosine,0.1,True,frozen_origin,0.0616027116776,True,False,False,True,True,0.673477597603,True,stable,3,42,8,20260810-R001-49ce74ce,C:\ronbun\runs\rfw_custom_20260810\20260810-R001-49ce74ce_step4_rfw_custom_edgeface-a348c305af33c223b337
gradcam-4c6d03f0ef9c5dc6b071,population-c34a0451ee682a300684ff4b,rfw_custom,rfw:african:m.01fmdk_0002,edgeface-a348c305af33c223b337,pca,pca_32,pca_direct_cosine,0.1,True,frozen_origin,0.0771626234055,True,False,False,True,True,0.680781690307,True,stable,4,42,8,20260810-R001-49ce74ce,C:\ronbun\runs\rfw_custom_20260810\20260810-R001-49ce74ce_step4_rfw_custom_edgeface-a348c305af33c223b337
gradcam-8e69805ea6e570014efb,population-c34a0451ee682a300684ff4b,rfw_custom,rfw:african:m.02pkjwb_0003,edgeface-a348c305af33c223b337,pca,pca_32,pca_direct_cosine,0.1,False,frozen_origin,0.215528100729,True,False,False,True,True,0.685878371148,True,stable,5,42,8,20260810-R001-49ce74ce,C:\ronbun\runs\rfw_custom_20260810\20260810-R001-49ce74ce_step4_rfw_custom_edgeface-a348c305af33c223b337
gradcam-485fce5f534fa6a81db5,population-c34a0451ee682a300684ff4b,rfw_custom,rfw:indian:m.025xfy6_0002,edgeface-a348c305af33c223b337,pca,pca_32,pca_direct_cosine,0.1,True,frozen_origin,0.0408970713615,True,False,False,True,True,0.696382653482,True,stable,6,42,8,20260810-R001-49ce74ce,C:\ronbun\runs\rfw_custom_20260810\20260810-R001-49ce74ce_step4_rfw_custom_edgeface-a348c305af33c223b337
gradcam-db90e163caa29c2f3ee1,population-c34a0451ee682a300684ff4b,rfw_custom,rfw:african:m.0bxryk_0003,edgeface-a348c305af33c223b337,pca,pca_32,pca_direct_cosine,0.1,True,frozen_origin,0.109082639217,True,False,False,True,True,0.698587666755,True,stable,7,42,8,20260810-R001-49ce74ce,C:\ronbun\runs\rfw_custom_20260810\20260810-R001-49ce74ce_step4_rfw_custom_edgeface-a348c305af33c223b337
gradcam-9eda4a969206a9e04e01,population-c34a0451ee682a300684ff4b,rfw_custom,rfw:asian:m.03f39pg_0004,edgeface-a348c305af33c223b337,pca,pca_32,pca_direct_cosine,0.1,False,frozen_origin,0.157525777817,True,False,False,True,True,0.702140497321,True,stable,8,42,8,20260810-R001-49ce74ce,C:\ronbun\runs\rfw_custom_20260810\20260810-R001-49ce74ce_step4_rfw_custom_edgeface-a348c305af33c223b337
gradcam-3baf669632f8e7fdbabf,population-c34a0451ee682a300684ff4b,rfw_custom,rfw:caucasian:m.015r3q_0003,edgeface-a348c305af33c223b337,pca,pca_32,pca_direct_cosine,0.1,False,frozen_origin,0.29062795639,False,True,False,True,True,1.25006767636,True,threshold_crossing,1,42,8,20260810-R001-49ce74ce,C:\ronbun\runs\rfw_custom_20260810\20260810-R001-49ce74ce_step4_rfw_custom_edgeface-a348c305af33c223b337
gradcam-5908e56f5ee7d04dcea6,population-c34a0451ee682a300684ff4b,rfw_custom,rfw:caucasian:m.01v526_0005,edgeface-a348c305af33c223b337,pca,pca_32,pca_direct_cosine,0.1,False,frozen_origin,0.24496614933,False,True,False,True,True,1.14551203065,True,threshold_crossing,2,42,8,20260810-R001-49ce74ce,C:\ronbun\runs\rfw_custom_20260810\20260810-R001-49ce74ce_step4_rfw_custom_edgeface-a348c305af33c223b337
gradcam-6ef6dc9fa4d8441aefd9,population-c34a0451ee682a300684ff4b,rfw_custom,rfw:caucasian:m.0c5_ym_0001,edgeface-a348c305af33c223b337,pca,pca_32,pca_direct_cosine,0.1,False,frozen_origin,0.235569477081,False,True,False,True,True,1.13897567302,True,threshold_crossing,3,42,8,20260810-R001-49ce74ce,C:\ronbun\runs\rfw_custom_20260810\20260810-R001-49ce74ce_step4_rfw_custom_edgeface-a348c305af33c223b337
gradcam-560c09913ba24d38c779,population-c34a0451ee682a300684ff4b,rfw_custom,rfw:caucasian:m.0lylw_0004,edgeface-a348c305af33c223b337,pca,pca_32,pca_direct_cosine,0.1,False,frozen_origin,0.310237646103,False,True,False,True,True,1.13580890053,True,threshold_crossing,4,42,8,20260810-R001-49ce74ce,C:\ronbun\runs\rfw_custom_20260810\20260810-R001-49ce74ce_step4_rfw_custom_edgeface-a348c305af33c223b337
gradcam-d2e73882212ef21bd038,population-c34a0451ee682a300684ff4b,rfw_custom,rfw:caucasian:m.01r43l_0001,edgeface-a348c305af33c223b337,pca,pca_32,pca_direct_cosine,0.1,False,frozen_origin,0.189154624939,False,True,False,True,True,1.13385958574,True,threshold_crossing,5,42,8,20260810-R001-49ce74ce,C:\ronbun\runs\rfw_custom_20260810\20260810-R001-49ce74ce_step4_rfw_custom_edgeface-a348c305af33c223b337
gradcam-37499ee01b79a4523097,population-c34a0451ee682a300684ff4b,rfw_custom,rfw:caucasian:m.03q4y7_0002,edgeface-a348c305af33c223b337,pca,pca_32,pca_direct_cosine,0.1,False,frozen_origin,0.289220392704,False,True,False,True,True,1.11873727035,True,threshold_crossing,6,42,8,20260810-R001-49ce74ce,C:\ronbun\runs\rfw_custom_20260810\20260810-R001-49ce74ce_step4_rfw_custom_edgeface-a348c305af33c223b337
gradcam-44dcaf3aec89191e4420,population-c34a0451ee682a300684ff4b,rfw_custom,rfw:caucasian:m.03jygk_0005,edgeface-a348c305af33c223b337,pca,pca_32,pca_direct_cosine,0.1,False,frozen_origin,0.205922722816,False,True,False,True,True,1.11215090685,True,threshold_crossing,7,42,8,20260810-R001-49ce74ce,C:\ronbun\runs\rfw_custom_20260810\20260810-R001-49ce74ce_step4_rfw_custom_edgeface-a348c305af33c223b337
gradcam-f55dc7adbe1fcfdf9f02,population-c34a0451ee682a300684ff4b,rfw_custom,rfw:caucasian:m.04kc9m_0001,edgeface-a348c305af33c223b337,pca,pca_32,pca_direct_cosine,0.1,False,frozen_origin,0.306472539902,False,True,False,True,True,1.10578562694,True,threshold_crossing,8,42,8,20260810-R001-49ce74ce,C:\ronbun\runs\rfw_custom_20260810\20260810-R001-49ce74ce_step4_rfw_custom_edgeface-a348c305af33c223b337
gradcam-d184f5de1ece3c79f503,population-c34a0451ee682a300684ff4b,rfw_custom,rfw:asian:m.05q97sh_0003,edgeface-a348c305af33c223b337,pca,pca_32,pca_reconstruction_cosine,0.01,True,frozen_origin,0.00942105054855,True,False,False,True,True,1.10088911452,True,high_error,1,42,8,20260810-R001-49ce74ce,C:\ronbun\runs\rfw_custom_20260810\20260810-R001-49ce74ce_step4_rfw_custom_edgeface-a348c305af33c223b337
gradcam-3338511213ec6fc25958,population-c34a0451ee682a300684ff4b,rfw_custom,rfw:caucasian:m.062g4l_0003,edgeface-a348c305af33c223b337,pca,pca_32,pca_reconstruction_cosine,0.01,True,frozen_origin,-0.0198041200638,True,False,False,True,True,1.08666362956,True,high_error,2,42,8,20260810-R001-49ce74ce,C:\ronbun\runs\rfw_custom_20260810\20260810-R001-49ce74ce_step4_rfw_custom_edgeface-a348c305af33c223b337
gradcam-c9ac2d3dee54f6f5ffde,population-c34a0451ee682a300684ff4b,rfw_custom,rfw:caucasian:m.0dczsx_0001,edgeface-a348c305af33c223b337,pca,pca_32,pca_reconstruction_cosine,0.01,True,frozen_origin,0.101672649384,True,False,False,True,True,1.08192376453,True,high_error,3,42,8,20260810-R001-49ce74ce,C:\ronbun\runs\rfw_custom_20260810\20260810-R001-49ce74ce_step4_rfw_custom_edgeface-a348c305af33c223b337
gradcam-c624d41a5bd04d4e31a7,population-c34a0451ee682a300684ff4b,rfw_custom,rfw:caucasian:m.028ht5_0003,edgeface-a348c305af33c223b337,pca,pca_32,pca_reconstruction_cosine,0.01,True,frozen_origin,0.0288715362549,True,False,False,True,True,1.07781758577,True,high_error,4,42,8,20260810-R001-49ce74ce,C:\ronbun\runs\rfw_custom_20260810\20260810-R001-49ce74ce_step4_rfw_custom_edgeface-a348c305af33c223b337
gradcam-2139f50d1b40ff8a9267,population-c34a0451ee682a300684ff4b,rfw_custom,rfw:caucasian:m.053xkr_0003,edgeface-a348c305af33c223b337,pca,pca_32,pca_reconstruction_cosine,0.01,True,frozen_origin,-0.0207946300507,True,False,False,True,True,1.07306943323,True,high_error,5,42,8,20260810-R001-49ce74ce,C:\ronbun\runs\rfw_custom_20260810\20260810-R001-49ce74ce_step4_rfw_custom_edgeface-a348c305af33c223b337
gradcam-9d16bdc048834d4b3ffa,population-c34a0451ee682a300684ff4b,rfw_custom,rfw:african:m.0bd29m_0002,edgeface-a348c305af33c223b337,pca,pca_32,pca_reconstruction_cosine,0.01,True,frozen_origin,0.0184736847878,True,False,False,True,True,1.07241760292,True,high_error,6,42,8,20260810-R001-49ce74ce,C:\ronbun\runs\rfw_custom_20260810\20260810-R001-49ce74ce_step4_rfw_custom_edgeface-a348c305af33c223b337
gradcam-fb02f612cde86db79439,population-c34a0451ee682a300684ff4b,rfw_custom,rfw:caucasian:m.043qy01_0002,edgeface-a348c305af33c223b337,pca,pca_32,pca_reconstruction_cosine,0.01,True,frozen_origin,0.107715666294,True,False,False,True,True,1.05059733709,True,high_error,7,42,8,20260810-R001-49ce74ce,C:\ronbun\runs\rfw_custom_20260810\20260810-R001-49ce74ce_step4_rfw_custom_edgeface-a348c305af33c223b337
gradcam-3346b1f5ccfe2fe6907e,population-c34a0451ee682a300684ff4b,rfw_custom,rfw:caucasian:m.07rcm5_0001,edgeface-a348c305af33c223b337,pca,pca_32,pca_reconstruction_cosine,0.01,True,frozen_origin,-0.113998055458,True,False,False,True,True,1.04981589286,True,high_error,8,42,8,20260810-R001-49ce74ce,C:\ronbun\runs\rfw_custom_20260810\20260810-R001-49ce74ce_step4_rfw_custom_edgeface-a348c305af33c223b337
gradcam-6ee8da157e888ead51ed,population-c34a0451ee682a300684ff4b,rfw_custom,rfw:indian:m.04t7rn_0001,edgeface-a348c305af33c223b337,pca,pca_32,pca_reconstruction_cosine,0.01,True,frozen_origin,0.0449584722519,False,False,False,True,True,1.2226914267,True,rank_flip,1,42,8,20260810-R001-49ce74ce,C:\ronbun\runs\rfw_custom_20260810\20260810-R001-49ce74ce_step4_rfw_custom_edgeface-a348c305af33c223b337
gradcam-a7b4cf0154203e326762,population-c34a0451ee682a300684ff4b,rfw_custom,rfw:caucasian:m.06wx5c_0003,edgeface-a348c305af33c223b337,pca,pca_32,pca_reconstruction_cosine,0.01,True,frozen_origin,0.139631599188,False,False,False,True,True,1.10281353186,True,rank_flip,2,42,8,20260810-R001-49ce74ce,C:\ronbun\runs\rfw_custom_20260810\20260810-R001-49ce74ce_step4_rfw_custom_edgeface-a348c305af33c223b337
gradcam-225d7e946ca553431aac,population-c34a0451ee682a300684ff4b,rfw_custom,rfw:caucasian:m.01p76zn_0003,edgeface-a348c305af33c223b337,pca,pca_32,pca_reconstruction_cosine,0.01,True,frozen_origin,0.0628812909126,False,False,False,True,True,1.07626698978,True,rank_flip,3,42,8,20260810-R001-49ce74ce,C:\ronbun\runs\rfw_custom_20260810\20260810-R001-49ce74ce_step4_rfw_custom_edgeface-a348c305af33c223b337
gradcam-481f9993cd757c49029e,population-c34a0451ee682a300684ff4b,rfw_custom,rfw:caucasian:m.01fc08_0002,edgeface-a348c305af33c223b337,pca,pca_32,pca_reconstruction_cosine,0.01,True,frozen_origin,0.147627353668,False,False,False,True,True,1.05273896637,True,rank_flip,4,42,8,20260810-R001-49ce74ce,C:\ronbun\runs\rfw_custom_20260810\20260810-R001-49ce74ce_step4_rfw_custom_edgeface-a348c305af33c223b337
gradcam-456d8e25793807308894,population-c34a0451ee682a300684ff4b,rfw_custom,rfw:caucasian:m.06nzp7_0003,edgeface-a348c305af33c223b337,pca,pca_32,pca_reconstruction_cosine,0.01,True,frozen_origin,-0.018514752388,False,False,False,True,True,1.05034765997,True,rank_flip,5,42,8,20260810-R001-49ce74ce,C:\ronbun\runs\rfw_custom_20260810\20260810-R001-49ce74ce_step4_rfw_custom_edgeface-a348c305af33c223b337
gradcam-9cdd67fcbe6727fd024d,population-c34a0451ee682a300684ff4b,rfw_custom,rfw:caucasian:m.026jfvc_0004,edgeface-a348c305af33c223b337,pca,pca_32,pca_reconstruction_cosine,0.01,True,frozen_origin,0.0289876461029,False,False,False,True,True,1.0453973588,True,rank_flip,6,42,8,20260810-R001-49ce74ce,C:\ronbun\runs\rfw_custom_20260810\20260810-R001-49ce74ce_step4_rfw_custom_edgeface-a348c305af33c223b337
gradcam-82b16a8c46d498a91bfe,population-c34a0451ee682a300684ff4b,rfw_custom,rfw:indian:m.08q1xb_0001,edgeface-a348c305af33c223b337,pca,pca_32,pca_reconstruction_cosine,0.01,True,frozen_origin,0.000319480895996,False,False,False,True,True,1.04219885675,True,rank_flip,7,42,8,20260810-R001-49ce74ce,C:\ronbun\runs\rfw_custom_20260810\20260810-R001-49ce74ce_step4_rfw_custom_edgeface-a348c305af33c223b337
gradcam-6e55f1417ce41015fcd1,population-c34a0451ee682a300684ff4b,rfw_custom,rfw:indian:m.038j0b_0002,edgeface-a348c305af33c223b337,pca,pca_32,pca_reconstruction_cosine,0.01,True,frozen_origin,0.154870957136,False,False,False,True,True,1.04158208691,True,rank_flip,8,42,8,20260810-R001-49ce74ce,C:\ronbun\runs\rfw_custom_20260810\20260810-R001-49ce74ce_step4_rfw_custom_edgeface-a348c305af33c223b337
gradcam-63e74aefdc9e605224d6,population-c34a0451ee682a300684ff4b,rfw_custom,rfw:african:m.04nb7my_0001,edgeface-a348c305af33c223b337,pca,pca_32,pca_reconstruction_cosine,0.01,False,frozen_origin,0.165275275707,True,False,False,True,True,0.548164264902,True,stable,1,42,8,20260810-R001-49ce74ce,C:\ronbun\runs\rfw_custom_20260810\20260810-R001-49ce74ce_step4_rfw_custom_edgeface-a348c305af33c223b337
gradcam-0dcfdd3851c8914d7f55,population-c34a0451ee682a300684ff4b,rfw_custom,rfw:african:m.079wnp_0003,edgeface-a348c305af33c223b337,pca,pca_32,pca_reconstruction_cosine,0.01,True,frozen_origin,0.179339826107,True,False,False,True,True,0.673167473529,True,stable,2,42,8,20260810-R001-49ce74ce,C:\ronbun\runs\rfw_custom_20260810\20260810-R001-49ce74ce_step4_rfw_custom_edgeface-a348c305af33c223b337
gradcam-c103c6838b3139514d17,population-c34a0451ee682a300684ff4b,rfw_custom,rfw:african:m.0ddrzd_0003,edgeface-a348c305af33c223b337,pca,pca_32,pca_reconstruction_cosine,0.01,True,frozen_origin,0.0773731470108,True,False,False,True,True,0.673477597603,True,stable,3,42,8,20260810-R001-49ce74ce,C:\ronbun\runs\rfw_custom_20260810\20260810-R001-49ce74ce_step4_rfw_custom_edgeface-a348c305af33c223b337
gradcam-83486fa10861dab049be,population-c34a0451ee682a300684ff4b,rfw_custom,rfw:african:m.01fmdk_0002,edgeface-a348c305af33c223b337,pca,pca_32,pca_reconstruction_cosine,0.01,True,frozen_origin,0.0906788706779,True,False,False,True,True,0.680781690307,True,stable,4,42,8,20260810-R001-49ce74ce,C:\ronbun\runs\rfw_custom_20260810\20260810-R001-49ce74ce_step4_rfw_custom_edgeface-a348c305af33c223b337
gradcam-479a325030f5ee86c26f,population-c34a0451ee682a300684ff4b,rfw_custom,rfw:indian:m.025xfy6_0002,edgeface-a348c305af33c223b337,pca,pca_32,pca_reconstruction_cosine,0.01,True,frozen_origin,0.0440557003021,True,False,False,True,True,0.696382653482,True,stable,5,42,8,20260810-R001-49ce74ce,C:\ronbun\runs\rfw_custom_20260810\20260810-R001-49ce74ce_step4_rfw_custom_edgeface-a348c305af33c223b337
gradcam-2a51afad52e4c8ad7bc8,population-c34a0451ee682a300684ff4b,rfw_custom,rfw:african:m.0bxryk_0003,edgeface-a348c305af33c223b337,pca,pca_32,pca_reconstruction_cosine,0.01,True,frozen_origin,0.119789600372,True,False,False,True,True,0.698587666755,True,stable,6,42,8,20260810-R001-49ce74ce,C:\ronbun\runs\rfw_custom_20260810\20260810-R001-49ce74ce_step4_rfw_custom_edgeface-a348c305af33c223b337
gradcam-2e6818c87e29f78924bc,population-c34a0451ee682a300684ff4b,rfw_custom,rfw:african:m.04nb7my_0004,edgeface-a348c305af33c223b337,pca,pca_32,pca_reconstruction_cosine,0.01,False,frozen_origin,0.177261412144,True,False,False,True,True,0.705120324763,True,stable,7,42,8,20260810-R001-49ce74ce,C:\ronbun\runs\rfw_custom_20260810\20260810-R001-49ce74ce_step4_rfw_custom_edgeface-a348c305af33c223b337
gradcam-b18de5cbac60958a1a36,population-c34a0451ee682a300684ff4b,rfw_custom,rfw:indian:m.04n268h_0004,edgeface-a348c305af33c223b337,pca,pca_32,pca_reconstruction_cosine,0.01,True,frozen_origin,0.0959705114365,True,False,False,True,True,0.710772590878,True,stable,8,42,8,20260810-R001-49ce74ce,C:\ronbun\runs\rfw_custom_20260810\20260810-R001-49ce74ce_step4_rfw_custom_edgeface-a348c305af33c223b337
gradcam-2cfd91a2bdac15cb21a7,population-c34a0451ee682a300684ff4b,rfw_custom,rfw:caucasian:m.015r3q_0003,edgeface-a348c305af33c223b337,pca,pca_32,pca_reconstruction_cosine,0.01,False,frozen_origin,0.276205718517,False,True,False,True,True,1.25006767636,True,threshold_crossing,1,42,8,20260810-R001-49ce74ce,C:\ronbun\runs\rfw_custom_20260810\20260810-R001-49ce74ce_step4_rfw_custom_edgeface-a348c305af33c223b337
gradcam-465b83d6c642194436d4,population-c34a0451ee682a300684ff4b,rfw_custom,rfw:caucasian:m.03f6_jr_0002,edgeface-a348c305af33c223b337,pca,pca_32,pca_reconstruction_cosine,0.01,False,frozen_origin,0.176740288734,False,True,False,True,True,1.1872400656,True,threshold_crossing,2,42,8,20260810-R001-49ce74ce,C:\ronbun\runs\rfw_custom_20260810\20260810-R001-49ce74ce_step4_rfw_custom_edgeface-a348c305af33c223b337
gradcam-95aa06e2714dea75677b,population-c34a0451ee682a300684ff4b,rfw_custom,rfw:caucasian:m.01v526_0005,edgeface-a348c305af33c223b337,pca,pca_32,pca_reconstruction_cosine,0.01,False,frozen_origin,0.23890131712,False,True,False,True,True,1.14551203065,True,threshold_crossing,3,42,8,20260810-R001-49ce74ce,C:\ronbun\runs\rfw_custom_20260810\20260810-R001-49ce74ce_step4_rfw_custom_edgeface-a348c305af33c223b337
gradcam-6a64d4b36811f1914e9a,population-c34a0451ee682a300684ff4b,rfw_custom,rfw:caucasian:m.0c5_ym_0001,edgeface-a348c305af33c223b337,pca,pca_32,pca_reconstruction_cosine,0.01,False,frozen_origin,0.257059335709,False,True,False,True,True,1.13897567302,True,threshold_crossing,4,42,8,20260810-R001-49ce74ce,C:\ronbun\runs\rfw_custom_20260810\20260810-R001-49ce74ce_step4_rfw_custom_edgeface-a348c305af33c223b337
gradcam-2a56635c5d7d983522d1,population-c34a0451ee682a300684ff4b,rfw_custom,rfw:caucasian:m.0lylw_0004,edgeface-a348c305af33c223b337,pca,pca_32,pca_reconstruction_cosine,0.01,False,frozen_origin,0.32001388073,False,True,False,True,True,1.13580890053,True,threshold_crossing,5,42,8,20260810-R001-49ce74ce,C:\ronbun\runs\rfw_custom_20260810\20260810-R001-49ce74ce_step4_rfw_custom_edgeface-a348c305af33c223b337
gradcam-1394921ee6337df3b294,population-c34a0451ee682a300684ff4b,rfw_custom,rfw:caucasian:m.01r43l_0001,edgeface-a348c305af33c223b337,pca,pca_32,pca_reconstruction_cosine,0.01,False,frozen_origin,0.213747084141,False,True,False,True,True,1.13385958574,True,threshold_crossing,6,42,8,20260810-R001-49ce74ce,C:\ronbun\runs\rfw_custom_20260810\20260810-R001-49ce74ce_step4_rfw_custom_edgeface-a348c305af33c223b337
gradcam-86784dd9144bf77c3e04,population-c34a0451ee682a300684ff4b,rfw_custom,rfw:caucasian:m.03q4y7_0002,edgeface-a348c305af33c223b337,pca,pca_32,pca_reconstruction_cosine,0.01,False,frozen_origin,0.31081444025,False,True,False,True,True,1.11873727035,True,threshold_crossing,7,42,8,20260810-R001-49ce74ce,C:\ronbun\runs\rfw_custom_20260810\20260810-R001-49ce74ce_step4_rfw_custom_edgeface-a348c305af33c223b337
gradcam-15e75986d15ca4174835,population-c34a0451ee682a300684ff4b,rfw_custom,rfw:caucasian:m.01z_g6_0001,edgeface-a348c305af33c223b337,pca,pca_32,pca_reconstruction_cosine,0.01,False,frozen_origin,0.28095471859,False,True,False,True,True,1.11669432582,True,threshold_crossing,8,42,8,20260810-R001-49ce74ce,C:\ronbun\runs\rfw_custom_20260810\20260810-R001-49ce74ce_step4_rfw_custom_edgeface-a348c305af33c223b337
gradcam-cce92c1e7fe37e1f9f21,population-c34a0451ee682a300684ff4b,rfw_custom,rfw:asian:m.05q97sh_0003,edgeface-a348c305af33c223b337,pca,pca_32,pca_reconstruction_cosine,0.1,True,frozen_origin,0.00942105054855,True,False,False,True,True,1.10088911452,True,high_error,1,42,8,20260810-R001-49ce74ce,C:\ronbun\runs\rfw_custom_20260810\20260810-R001-49ce74ce_step4_rfw_custom_edgeface-a348c305af33c223b337
gradcam-87dac4f3f8c89c56dbf0,population-c34a0451ee682a300684ff4b,rfw_custom,rfw:caucasian:m.062g4l_0003,edgeface-a348c305af33c223b337,pca,pca_32,pca_reconstruction_cosine,0.1,True,frozen_origin,-0.0198041200638,True,False,False,True,True,1.08666362956,True,high_error,2,42,8,20260810-R001-49ce74ce,C:\ronbun\runs\rfw_custom_20260810\20260810-R001-49ce74ce_step4_rfw_custom_edgeface-a348c305af33c223b337
gradcam-4b05f5851e3c73227faf,population-c34a0451ee682a300684ff4b,rfw_custom,rfw:caucasian:m.0dczsx_0001,edgeface-a348c305af33c223b337,pca,pca_32,pca_reconstruction_cosine,0.1,True,frozen_origin,0.101672649384,True,False,False,True,True,1.08192376453,True,high_error,3,42,8,20260810-R001-49ce74ce,C:\ronbun\runs\rfw_custom_20260810\20260810-R001-49ce74ce_step4_rfw_custom_edgeface-a348c305af33c223b337
gradcam-25b155015afbeb1b0eae,population-c34a0451ee682a300684ff4b,rfw_custom,rfw:caucasian:m.028ht5_0003,edgeface-a348c305af33c223b337,pca,pca_32,pca_reconstruction_cosine,0.1,True,frozen_origin,0.0288715362549,True,False,False,True,True,1.07781758577,True,high_error,4,42,8,20260810-R001-49ce74ce,C:\ronbun\runs\rfw_custom_20260810\20260810-R001-49ce74ce_step4_rfw_custom_edgeface-a348c305af33c223b337
gradcam-34659c5d7ff22901138c,population-c34a0451ee682a300684ff4b,rfw_custom,rfw:caucasian:m.053xkr_0003,edgeface-a348c305af33c223b337,pca,pca_32,pca_reconstruction_cosine,0.1,True,frozen_origin,-0.0207946300507,True,False,False,True,True,1.07306943323,True,high_error,5,42,8,20260810-R001-49ce74ce,C:\ronbun\runs\rfw_custom_20260810\20260810-R001-49ce74ce_step4_rfw_custom_edgeface-a348c305af33c223b337
gradcam-3fb3cb3b7a2764d93bc2,population-c34a0451ee682a300684ff4b,rfw_custom,rfw:african:m.0bd29m_0002,edgeface-a348c305af33c223b337,pca,pca_32,pca_reconstruction_cosine,0.1,True,frozen_origin,0.0184736847878,True,False,False,True,True,1.07241760292,True,high_error,6,42,8,20260810-R001-49ce74ce,C:\ronbun\runs\rfw_custom_20260810\20260810-R001-49ce74ce_step4_rfw_custom_edgeface-a348c305af33c223b337
gradcam-d72fd9125ce2da111de4,population-c34a0451ee682a300684ff4b,rfw_custom,rfw:caucasian:m.043qy01_0002,edgeface-a348c305af33c223b337,pca,pca_32,pca_reconstruction_cosine,0.1,True,frozen_origin,0.107715666294,True,False,False,True,True,1.05059733709,True,high_error,7,42,8,20260810-R001-49ce74ce,C:\ronbun\runs\rfw_custom_20260810\20260810-R001-49ce74ce_step4_rfw_custom_edgeface-a348c305af33c223b337
gradcam-eaa61ade03cbbc3eec1c,population-c34a0451ee682a300684ff4b,rfw_custom,rfw:caucasian:m.07rcm5_0001,edgeface-a348c305af33c223b337,pca,pca_32,pca_reconstruction_cosine,0.1,True,frozen_origin,-0.113998055458,True,False,False,True,True,1.04981589286,True,high_error,8,42,8,20260810-R001-49ce74ce,C:\ronbun\runs\rfw_custom_20260810\20260810-R001-49ce74ce_step4_rfw_custom_edgeface-a348c305af33c223b337
gradcam-22f15c68722c62bf97fb,population-c34a0451ee682a300684ff4b,rfw_custom,rfw:indian:m.04t7rn_0001,edgeface-a348c305af33c223b337,pca,pca_32,pca_reconstruction_cosine,0.1,True,frozen_origin,0.0449584722519,False,False,False,True,True,1.2226914267,True,rank_flip,1,42,8,20260810-R001-49ce74ce,C:\ronbun\runs\rfw_custom_20260810\20260810-R001-49ce74ce_step4_rfw_custom_edgeface-a348c305af33c223b337
gradcam-9f6e254c21e7bba9bdf6,population-c34a0451ee682a300684ff4b,rfw_custom,rfw:caucasian:m.03f6_jr_0002,edgeface-a348c305af33c223b337,pca,pca_32,pca_reconstruction_cosine,0.1,False,frozen_origin,0.176740288734,False,False,False,True,True,1.1872400656,True,rank_flip,2,42,8,20260810-R001-49ce74ce,C:\ronbun\runs\rfw_custom_20260810\20260810-R001-49ce74ce_step4_rfw_custom_edgeface-a348c305af33c223b337
gradcam-0f99afaa9071f34f5c32,population-c34a0451ee682a300684ff4b,rfw_custom,rfw:caucasian:m.01z_g6_0001,edgeface-a348c305af33c223b337,pca,pca_32,pca_reconstruction_cosine,0.1,False,frozen_origin,0.28095471859,False,False,False,True,True,1.11669432582,True,rank_flip,3,42,8,20260810-R001-49ce74ce,C:\ronbun\runs\rfw_custom_20260810\20260810-R001-49ce74ce_step4_rfw_custom_edgeface-a348c305af33c223b337
gradcam-ee16fe1c8995b85b944d,population-c34a0451ee682a300684ff4b,rfw_custom,rfw:caucasian:m.0n_kftf_0001,edgeface-a348c305af33c223b337,pca,pca_32,pca_reconstruction_cosine,0.1,False,frozen_origin,0.221450686455,False,False,False,True,True,1.1054863494,True,rank_flip,4,42,8,20260810-R001-49ce74ce,C:\ronbun\runs\rfw_custom_20260810\20260810-R001-49ce74ce_step4_rfw_custom_edgeface-a348c305af33c223b337
gradcam-9912cf4842378b52f0e1,population-c34a0451ee682a300684ff4b,rfw_custom,rfw:caucasian:m.06wx5c_0003,edgeface-a348c305af33c223b337,pca,pca_32,pca_reconstruction_cosine,0.1,True,frozen_origin,0.139631599188,False,False,False,True,True,1.10281353186,True,rank_flip,5,42,8,20260810-R001-49ce74ce,C:\ronbun\runs\rfw_custom_20260810\20260810-R001-49ce74ce_step4_rfw_custom_edgeface-a348c305af33c223b337
gradcam-ff62b4d90330b4db59b2,population-c34a0451ee682a300684ff4b,rfw_custom,rfw:caucasian:m.027n6t8_0004,edgeface-a348c305af33c223b337,pca,pca_32,pca_reconstruction_cosine,0.1,False,frozen_origin,0.274139583111,False,False,False,True,True,1.09974614141,True,rank_flip,6,42,8,20260810-R001-49ce74ce,C:\ronbun\runs\rfw_custom_20260810\20260810-R001-49ce74ce_step4_rfw_custom_edgeface-a348c305af33c223b337
gradcam-5f31c0d5c43488ee6245,population-c34a0451ee682a300684ff4b,rfw_custom,rfw:caucasian:m.03bj_d_0001,edgeface-a348c305af33c223b337,pca,pca_32,pca_reconstruction_cosine,0.1,False,frozen_origin,0.254250586033,False,False,False,True,True,1.09879634204,True,rank_flip,7,42,8,20260810-R001-49ce74ce,C:\ronbun\runs\rfw_custom_20260810\20260810-R001-49ce74ce_step4_rfw_custom_edgeface-a348c305af33c223b337
gradcam-b5e2d905522d86ba868e,population-c34a0451ee682a300684ff4b,rfw_custom,rfw:caucasian:m.01p76zn_0003,edgeface-a348c305af33c223b337,pca,pca_32,pca_reconstruction_cosine,0.1,True,frozen_origin,0.0628812909126,False,False,False,True,True,1.07626698978,True,rank_flip,8,42,8,20260810-R001-49ce74ce,C:\ronbun\runs\rfw_custom_20260810\20260810-R001-49ce74ce_step4_rfw_custom_edgeface-a348c305af33c223b337
gradcam-c6cebd2d91710228f9e1,population-c34a0451ee682a300684ff4b,rfw_custom,rfw:african:m.04nb7my_0001,edgeface-a348c305af33c223b337,pca,pca_32,pca_reconstruction_cosine,0.1,False,frozen_origin,0.165275275707,True,False,False,True,True,0.548164264902,True,stable,1,42,8,20260810-R001-49ce74ce,C:\ronbun\runs\rfw_custom_20260810\20260810-R001-49ce74ce_step4_rfw_custom_edgeface-a348c305af33c223b337
gradcam-623a99750a41f4821b8a,population-c34a0451ee682a300684ff4b,rfw_custom,rfw:african:m.079wnp_0003,edgeface-a348c305af33c223b337,pca,pca_32,pca_reconstruction_cosine,0.1,True,frozen_origin,0.179339826107,True,False,False,True,True,0.673167473529,True,stable,2,42,8,20260810-R001-49ce74ce,C:\ronbun\runs\rfw_custom_20260810\20260810-R001-49ce74ce_step4_rfw_custom_edgeface-a348c305af33c223b337
gradcam-0e22e5a2839a0d6f79d2,population-c34a0451ee682a300684ff4b,rfw_custom,rfw:african:m.0ddrzd_0003,edgeface-a348c305af33c223b337,pca,pca_32,pca_reconstruction_cosine,0.1,True,frozen_origin,0.0773731470108,True,False,False,True,True,0.673477597603,True,stable,3,42,8,20260810-R001-49ce74ce,C:\ronbun\runs\rfw_custom_20260810\20260810-R001-49ce74ce_step4_rfw_custom_edgeface-a348c305af33c223b337
gradcam-135088a09c6672baa150,population-c34a0451ee682a300684ff4b,rfw_custom,rfw:african:m.01fmdk_0002,edgeface-a348c305af33c223b337,pca,pca_32,pca_reconstruction_cosine,0.1,True,frozen_origin,0.0906788706779,True,False,False,True,True,0.680781690307,True,stable,4,42,8,20260810-R001-49ce74ce,C:\ronbun\runs\rfw_custom_20260810\20260810-R001-49ce74ce_step4_rfw_custom_edgeface-a348c305af33c223b337
gradcam-38bbfdb0b0e6d759c3c1,population-c34a0451ee682a300684ff4b,rfw_custom,rfw:african:m.02pkjwb_0003,edgeface-a348c305af33c223b337,pca,pca_32,pca_reconstruction_cosine,0.1,False,frozen_origin,0.220287948847,True,False,False,True,True,0.685878371148,True,stable,5,42,8,20260810-R001-49ce74ce,C:\ronbun\runs\rfw_custom_20260810\20260810-R001-49ce74ce_step4_rfw_custom_edgeface-a348c305af33c223b337
gradcam-bedf1e0aaa7178ed5a54,population-c34a0451ee682a300684ff4b,rfw_custom,rfw:indian:m.025xfy6_0002,edgeface-a348c305af33c223b337,pca,pca_32,pca_reconstruction_cosine,0.1,True,frozen_origin,0.0440557003021,True,False,False,True,True,0.696382653482,True,stable,6,42,8,20260810-R001-49ce74ce,C:\ronbun\runs\rfw_custom_20260810\20260810-R001-49ce74ce_step4_rfw_custom_edgeface-a348c305af33c223b337
gradcam-5835747b73ebde1eadb4,population-c34a0451ee682a300684ff4b,rfw_custom,rfw:african:m.0bxryk_0003,edgeface-a348c305af33c223b337,pca,pca_32,pca_reconstruction_cosine,0.1,True,frozen_origin,0.119789600372,True,False,False,True,True,0.698587666755,True,stable,7,42,8,20260810-R001-49ce74ce,C:\ronbun\runs\rfw_custom_20260810\20260810-R001-49ce74ce_step4_rfw_custom_edgeface-a348c305af33c223b337
gradcam-caba91032bd872062c86,population-c34a0451ee682a300684ff4b,rfw_custom,rfw:asian:m.03f39pg_0004,edgeface-a348c305af33c223b337,pca,pca_32,pca_reconstruction_cosine,0.1,False,frozen_origin,0.179773330688,True,False,False,True,True,0.702140497321,True,stable,8,42,8,20260810-R001-49ce74ce,C:\ronbun\runs\rfw_custom_20260810\20260810-R001-49ce74ce_step4_rfw_custom_edgeface-a348c305af33c223b337
gradcam-cad7ae8f379fa36f63cf,population-c34a0451ee682a300684ff4b,rfw_custom,rfw:caucasian:m.015r3q_0003,edgeface-a348c305af33c223b337,pca,pca_32,pca_reconstruction_cosine,0.1,False,frozen_origin,0.276205718517,False,True,False,True,True,1.25006767636,True,threshold_crossing,1,42,8,20260810-R001-49ce74ce,C:\ronbun\runs\rfw_custom_20260810\20260810-R001-49ce74ce_step4_rfw_custom_edgeface-a348c305af33c223b337
gradcam-e37cd8cc16fe8da77b8b,population-c34a0451ee682a300684ff4b,rfw_custom,rfw:caucasian:m.01v526_0005,edgeface-a348c305af33c223b337,pca,pca_32,pca_reconstruction_cosine,0.1,False,frozen_origin,0.23890131712,False,True,False,True,True,1.14551203065,True,threshold_crossing,2,42,8,20260810-R001-49ce74ce,C:\ronbun\runs\rfw_custom_20260810\20260810-R001-49ce74ce_step4_rfw_custom_edgeface-a348c305af33c223b337
gradcam-661ccd8a60203337cde2,population-c34a0451ee682a300684ff4b,rfw_custom,rfw:caucasian:m.0c5_ym_0001,edgeface-a348c305af33c223b337,pca,pca_32,pca_reconstruction_cosine,0.1,False,frozen_origin,0.257059335709,False,True,False,True,True,1.13897567302,True,threshold_crossing,3,42,8,20260810-R001-49ce74ce,C:\ronbun\runs\rfw_custom_20260810\20260810-R001-49ce74ce_step4_rfw_custom_edgeface-a348c305af33c223b337
gradcam-c715c4e44951a3d4f074,population-c34a0451ee682a300684ff4b,rfw_custom,rfw:caucasian:m.0lylw_0004,edgeface-a348c305af33c223b337,pca,pca_32,pca_reconstruction_cosine,0.1,False,frozen_origin,0.32001388073,False,True,False,True,True,1.13580890053,True,threshold_crossing,4,42,8,20260810-R001-49ce74ce,C:\ronbun\runs\rfw_custom_20260810\20260810-R001-49ce74ce_step4_rfw_custom_edgeface-a348c305af33c223b337
gradcam-d2cb78b3a9ec9fa6dd49,population-c34a0451ee682a300684ff4b,rfw_custom,rfw:caucasian:m.01r43l_0001,edgeface-a348c305af33c223b337,pca,pca_32,pca_reconstruction_cosine,0.1,False,frozen_origin,0.213747084141,False,True,False,True,True,1.13385958574,True,threshold_crossing,5,42,8,20260810-R001-49ce74ce,C:\ronbun\runs\rfw_custom_20260810\20260810-R001-49ce74ce_step4_rfw_custom_edgeface-a348c305af33c223b337
gradcam-ee3ff29d33474747d173,population-c34a0451ee682a300684ff4b,rfw_custom,rfw:caucasian:m.03q4y7_0002,edgeface-a348c305af33c223b337,pca,pca_32,pca_reconstruction_cosine,0.1,False,frozen_origin,0.31081444025,False,True,False,True,True,1.11873727035,True,threshold_crossing,6,42,8,20260810-R001-49ce74ce,C:\ronbun\runs\rfw_custom_20260810\20260810-R001-49ce74ce_step4_rfw_custom_edgeface-a348c305af33c223b337
gradcam-68ac082ac98031bc3354,population-c34a0451ee682a300684ff4b,rfw_custom,rfw:caucasian:m.03jygk_0005,edgeface-a348c305af33c223b337,pca,pca_32,pca_reconstruction_cosine,0.1,False,frozen_origin,0.227907598019,False,True,False,True,True,1.11215090685,True,threshold_crossing,7,42,8,20260810-R001-49ce74ce,C:\ronbun\runs\rfw_custom_20260810\20260810-R001-49ce74ce_step4_rfw_custom_edgeface-a348c305af33c223b337
gradcam-881c20a4d33cc2047c38,population-c34a0451ee682a300684ff4b,rfw_custom,rfw:caucasian:m.04kc9m_0001,edgeface-a348c305af33c223b337,pca,pca_32,pca_reconstruction_cosine,0.1,False,frozen_origin,0.323975265026,False,True,False,True,True,1.10578562694,True,threshold_crossing,8,42,8,20260810-R001-49ce74ce,C:\ronbun\runs\rfw_custom_20260810\20260810-R001-49ce74ce_step4_rfw_custom_edgeface-a348c305af33c223b337
gradcam-b318788c0663c81bf3da,population-c34a0451ee682a300684ff4b,rfw_custom,rfw:african:m.03d63jl_0001,edgeface-a348c305af33c223b337,pca,pca_384,pca_direct_cosine,0.01,False,frozen_origin,-0.0160058438778,True,False,False,True,True,0.000420207849576,True,high_error,1,42,8,20260810-R001-49ce74ce,C:\ronbun\runs\rfw_custom_20260810\20260810-R001-49ce74ce_step4_rfw_custom_edgeface-a348c305af33c223b337
gradcam-22a24c264d941bdad9ca,population-c34a0451ee682a300684ff4b,rfw_custom,rfw:caucasian:m.026964z_0003,edgeface-a348c305af33c223b337,pca,pca_384,pca_direct_cosine,0.01,False,frozen_origin,-0.000531673431396,True,False,False,True,True,0.000415649898128,True,high_error,2,42,8,20260810-R001-49ce74ce,C:\ronbun\runs\rfw_custom_20260810\20260810-R001-49ce74ce_step4_rfw_custom_edgeface-a348c305af33c223b337
gradcam-735a7c1cf4cdc211189f,population-c34a0451ee682a300684ff4b,rfw_custom,rfw:asian:m.0qt2z7d_0003,edgeface-a348c305af33c223b337,pca,pca_384,pca_direct_cosine,0.01,False,frozen_origin,-0.0189529359341,True,False,False,True,True,0.000400946341357,True,high_error,3,42,8,20260810-R001-49ce74ce,C:\ronbun\runs\rfw_custom_20260810\20260810-R001-49ce74ce_step4_rfw_custom_edgeface-a348c305af33c223b337
gradcam-22ca42adbee38b010c3b,population-c34a0451ee682a300684ff4b,rfw_custom,rfw:caucasian:m.060d5l_0001,edgeface-a348c305af33c223b337,pca,pca_384,pca_direct_cosine,0.01,False,frozen_origin,-0.0100646913052,True,False,False,True,True,0.000377705789915,True,high_error,4,42,8,20260810-R001-49ce74ce,C:\ronbun\runs\rfw_custom_20260810\20260810-R001-49ce74ce_step4_rfw_custom_edgeface-a348c305af33c223b337
gradcam-60b4eca8558d0b76e70e,population-c34a0451ee682a300684ff4b,rfw_custom,rfw:caucasian:m.01fc08_0002,edgeface-a348c305af33c223b337,pca,pca_384,pca_direct_cosine,0.01,True,frozen_origin,0.0128277540207,True,False,False,True,True,0.000362535624602,True,high_error,5,42,8,20260810-R001-49ce74ce,C:\ronbun\runs\rfw_custom_20260810\20260810-R001-49ce74ce_step4_rfw_custom_edgeface-a348c305af33c223b337
gradcam-fe5661daf630912f4eae,population-c34a0451ee682a300684ff4b,rfw_custom,rfw:asian:m.0289_m4_0005,edgeface-a348c305af33c223b337,pca,pca_384,pca_direct_cosine,0.01,False,frozen_origin,-0.0113170146942,True,False,False,True,True,0.000334712080126,True,high_error,6,42,8,20260810-R001-49ce74ce,C:\ronbun\runs\rfw_custom_20260810\20260810-R001-49ce74ce_step4_rfw_custom_edgeface-a348c305af33c223b337
gradcam-6e54dddceee84cb7d32f,population-c34a0451ee682a300684ff4b,rfw_custom,rfw:asian:m.0bmf6f_0003,edgeface-a348c305af33c223b337,pca,pca_384,pca_direct_cosine,0.01,True,frozen_origin,-0.00839281082153,True,False,False,True,True,0.000330705124134,True,high_error,7,42,8,20260810-R001-49ce74ce,C:\ronbun\runs\rfw_custom_20260810\20260810-R001-49ce74ce_step4_rfw_custom_edgeface-a348c305af33c223b337
gradcam-63a0eda30bb2a89776bd,population-c34a0451ee682a300684ff4b,rfw_custom,rfw:caucasian:m.06dn4y_0001,edgeface-a348c305af33c223b337,pca,pca_384,pca_direct_cosine,0.01,False,frozen_origin,0.0100062191486,True,False,False,True,True,0.000328862296482,True,high_error,8,42,8,20260810-R001-49ce74ce,C:\ronbun\runs\rfw_custom_20260810\20260810-R001-49ce74ce_step4_rfw_custom_edgeface-a348c305af33c223b337
gradcam-7f48fc3425cac2de420b,population-c34a0451ee682a300684ff4b,rfw_custom,rfw:indian:m.0f4b09_0002,edgeface-a348c305af33c223b337,pca,pca_384,pca_direct_cosine,0.01,False,frozen_origin,0.00162088871002,False,False,False,True,True,0.000352728977588,True,rank_flip,1,42,8,20260810-R001-49ce74ce,C:\ronbun\runs\rfw_custom_20260810\20260810-R001-49ce74ce_step4_rfw_custom_edgeface-a348c305af33c223b337
gradcam-b23e9ce7aa8c10532538,population-c34a0451ee682a300684ff4b,rfw_custom,rfw:caucasian:m.03nndg3_0003,edgeface-a348c305af33c223b337,pca,pca_384,pca_direct_cosine,0.01,False,frozen_origin,-0.00666320323944,False,False,False,True,True,0.000324444449708,True,rank_flip,2,42,8,20260810-R001-49ce74ce,C:\ronbun\runs\rfw_custom_20260810\20260810-R001-49ce74ce_step4_rfw_custom_edgeface-a348c305af33c223b337
gradcam-40b8a7c0f90aca36cab8,population-c34a0451ee682a300684ff4b,rfw_custom,rfw:asian:m.03wbqjn_0001,edgeface-a348c305af33c223b337,pca,pca_384,pca_direct_cosine,0.01,False,frozen_origin,-0.00463864207268,False,False,False,True,True,0.000299855401003,True,rank_flip,3,42,8,20260810-R001-49ce74ce,C:\ronbun\runs\rfw_custom_20260810\20260810-R001-49ce74ce_step4_rfw_custom_edgeface-a348c305af33c223b337
gradcam-74af1fbb2f7aaf730c47,population-c34a0451ee682a300684ff4b,rfw_custom,rfw:indian:m.0gbzs4s_0001,edgeface-a348c305af33c223b337,pca,pca_384,pca_direct_cosine,0.01,False,frozen_origin,-0.024731785059,False,False,False,True,True,0.000269624024424,True,rank_flip,4,42,8,20260810-R001-49ce74ce,C:\ronbun\runs\rfw_custom_20260810\20260810-R001-49ce74ce_step4_rfw_custom_edgeface-a348c305af33c223b337
gradcam-adceba5e07dbf899a86c,population-c34a0451ee682a300684ff4b,rfw_custom,rfw:african:m.06_w2w7_0003,edgeface-a348c305af33c223b337,pca,pca_384,pca_direct_cosine,0.01,False,frozen_origin,0.000125288963318,False,False,False,True,True,0.000258047124693,True,rank_flip,5,42,8,20260810-R001-49ce74ce,C:\ronbun\runs\rfw_custom_20260810\20260810-R001-49ce74ce_step4_rfw_custom_edgeface-a348c305af33c223b337
gradcam-535f470eaa39ce252735,population-c34a0451ee682a300684ff4b,rfw_custom,rfw:caucasian:m.015j6y_0001,edgeface-a348c305af33c223b337,pca,pca_384,pca_direct_cosine,0.01,False,frozen_origin,0.006727039814,False,False,False,True,True,0.000222018135341,True,rank_flip,6,42,8,20260810-R001-49ce74ce,C:\ronbun\runs\rfw_custom_20260810\20260810-R001-49ce74ce_step4_rfw_custom_edgeface-a348c305af33c223b337
gradcam-a295dcc3d0465eb354ae,population-c34a0451ee682a300684ff4b,rfw_custom,rfw:indian:m.0r4xbtq_0004,edgeface-a348c305af33c223b337,pca,pca_384,pca_direct_cosine,0.01,False,frozen_origin,0.000312983989716,False,False,False,True,True,0.000198572872159,True,rank_flip,7,42,8,20260810-R001-49ce74ce,C:\ronbun\runs\rfw_custom_20260810\20260810-R001-49ce74ce_step4_rfw_custom_edgeface-a348c305af33c223b337
gradcam-d6cd4f08fe002c7dedf0,population-c34a0451ee682a300684ff4b,rfw_custom,rfw:caucasian:m.06dfqs_0003,edgeface-a348c305af33c223b337,pca,pca_384,pca_direct_cosine,0.01,False,frozen_origin,0.00939559936523,False,False,False,True,True,0.000197611093708,True,rank_flip,8,42,8,20260810-R001-49ce74ce,C:\ronbun\runs\rfw_custom_20260810\20260810-R001-49ce74ce_step4_rfw_custom_edgeface-a348c305af33c223b337
gradcam-ad7ce02bad25e4366166,population-c34a0451ee682a300684ff4b,rfw_custom,rfw:indian:m.0b6km_j_0002,edgeface-a348c305af33c223b337,pca,pca_384,pca_direct_cosine,0.01,True,frozen_origin,6.13927841187e-06,True,False,False,True,True,0,True,stable,1,42,8,20260810-R001-49ce74ce,C:\ronbun\runs\rfw_custom_20260810\20260810-R001-49ce74ce_step4_rfw_custom_edgeface-a348c305af33c223b337
gradcam-e45d900e317cffc46df7,population-c34a0451ee682a300684ff4b,rfw_custom,rfw:african:m.07p89w_0002,edgeface-a348c305af33c223b337,pca,pca_384,pca_direct_cosine,0.01,True,frozen_origin,3.12924385071e-05,True,False,False,True,True,0,True,stable,2,42,8,20260810-R001-49ce74ce,C:\ronbun\runs\rfw_custom_20260810\20260810-R001-49ce74ce_step4_rfw_custom_edgeface-a348c305af33c223b337
gradcam-21ff6e72f14f6b2c1ba1,population-c34a0451ee682a300684ff4b,rfw_custom,rfw:caucasian:m.06y7t6_0002,edgeface-a348c305af33c223b337,pca,pca_384,pca_direct_cosine,0.01,True,frozen_origin,6.16014003754e-05,True,False,False,True,True,0,True,stable,3,42,8,20260810-R001-49ce74ce,C:\ronbun\runs\rfw_custom_20260810\20260810-R001-49ce74ce_step4_rfw_custom_edgeface-a348c305af33c223b337
gradcam-77cde880f8cdbc3a1b76,population-c34a0451ee682a300684ff4b,rfw_custom,rfw:caucasian:m.029kz0_0003,edgeface-a348c305af33c223b337,pca,pca_384,pca_direct_cosine,0.01,False,frozen_origin,7.08997249603e-05,True,False,False,True,True,0,True,stable,4,42,8,20260810-R001-49ce74ce,C:\ronbun\runs\rfw_custom_20260810\20260810-R001-49ce74ce_step4_rfw_custom_edgeface-a348c305af33c223b337
gradcam-b025f3b564b92c925fbd,population-c34a0451ee682a300684ff4b,rfw_custom,rfw:asian:m.015qxn_0001,edgeface-a348c305af33c223b337,pca,pca_384,pca_direct_cosine,0.01,False,frozen_origin,-0.000113725662231,True,False,False,True,True,0,True,stable,5,42,8,20260810-R001-49ce74ce,C:\ronbun\runs\rfw_custom_20260810\20260810-R001-49ce74ce_step4_rfw_custom_edgeface-a348c305af33c223b337
gradcam-5af00ca580120e7b2150,population-c34a0451ee682a300684ff4b,rfw_custom,rfw:african:m.09l202_0005,edgeface-a348c305af33c223b337,pca,pca_384,pca_direct_cosine,0.01,True,frozen_origin,-0.000115036964417,True,False,False,True,True,0,True,stable,6,42,8,20260810-R001-49ce74ce,C:\ronbun\runs\rfw_custom_20260810\20260810-R001-49ce74ce_step4_rfw_custom_edgeface-a348c305af33c223b337
gradcam-7f1c213dadb3b0009fe9,population-c34a0451ee682a300684ff4b,rfw_custom,rfw:asian:m.06znc1t_0003,edgeface-a348c305af33c223b337,pca,pca_384,pca_direct_cosine,0.01,True,frozen_origin,-0.00012457370758,True,False,False,True,True,0,True,stable,7,42,8,20260810-R001-49ce74ce,C:\ronbun\runs\rfw_custom_20260810\20260810-R001-49ce74ce_step4_rfw_custom_edgeface-a348c305af33c223b337
gradcam-4c7773c9cc6ed4c9bf10,population-c34a0451ee682a300684ff4b,rfw_custom,rfw:asian:m.0k3dh_0003,edgeface-a348c305af33c223b337,pca,pca_384,pca_direct_cosine,0.01,False,frozen_origin,-0.000128328800201,True,False,False,True,True,0,True,stable,8,42,8,20260810-R001-49ce74ce,C:\ronbun\runs\rfw_custom_20260810\20260810-R001-49ce74ce_step4_rfw_custom_edgeface-a348c305af33c223b337
gradcam-e102fc98a98824a63795,population-c34a0451ee682a300684ff4b,rfw_custom,rfw:indian:m.07l4hv_0004,edgeface-a348c305af33c223b337,pca,pca_384,pca_direct_cosine,0.01,False,frozen_origin,-0.0170949995518,True,True,False,True,True,0.000268734657621,True,threshold_crossing,1,42,8,20260810-R001-49ce74ce,C:\ronbun\runs\rfw_custom_20260810\20260810-R001-49ce74ce_step4_rfw_custom_edgeface-a348c305af33c223b337
gradcam-b9bd82a44bffd26876bd,population-c34a0451ee682a300684ff4b,rfw_custom,rfw:indian:m.04y88mr_0001,edgeface-a348c305af33c223b337,pca,pca_384,pca_direct_cosine,0.01,False,frozen_origin,-0.014428883791,True,True,False,True,True,0.00011913465894,True,threshold_crossing,2,42,8,20260810-R001-49ce74ce,C:\ronbun\runs\rfw_custom_20260810\20260810-R001-49ce74ce_step4_rfw_custom_edgeface-a348c305af33c223b337
gradcam-7e07c3ad8b861befa747,population-c34a0451ee682a300684ff4b,rfw_custom,rfw:african:m.0432fbq_0002,edgeface-a348c305af33c223b337,pca,pca_384,pca_direct_cosine,0.01,False,frozen_origin,-0.0273045897484,True,True,False,True,True,0,True,threshold_crossing,3,42,8,20260810-R001-49ce74ce,C:\ronbun\runs\rfw_custom_20260810\20260810-R001-49ce74ce_step4_rfw_custom_edgeface-a348c305af33c223b337
gradcam-bd352d70e8551b2d9cb4,population-c34a0451ee682a300684ff4b,rfw_custom,rfw:indian:m.04cdkf_0005,edgeface-a348c305af33c223b337,pca,pca_384,pca_direct_cosine,0.01,False,frozen_origin,-0.0237212479115,True,True,False,True,True,0,True,threshold_crossing,4,42,8,20260810-R001-49ce74ce,C:\ronbun\runs\rfw_custom_20260810\20260810-R001-49ce74ce_step4_rfw_custom_edgeface-a348c305af33c223b337
gradcam-b9bca44a8af8a586945e,population-c34a0451ee682a300684ff4b,rfw_custom,rfw:indian:m.0h64z8r_0003,edgeface-a348c305af33c223b337,pca,pca_384,pca_direct_cosine,0.01,False,frozen_origin,-0.0193411707878,True,True,False,True,True,0,True,threshold_crossing,5,42,8,20260810-R001-49ce74ce,C:\ronbun\runs\rfw_custom_20260810\20260810-R001-49ce74ce_step4_rfw_custom_edgeface-a348c305af33c223b337
gradcam-ca9615440bf8440455ab,population-c34a0451ee682a300684ff4b,rfw_custom,rfw:african:m.0b6lb0j_0004,edgeface-a348c305af33c223b337,pca,pca_384,pca_direct_cosine,0.01,False,frozen_origin,-0.0188914835453,False,True,False,True,True,0,True,threshold_crossing,6,42,8,20260810-R001-49ce74ce,C:\ronbun\runs\rfw_custom_20260810\20260810-R001-49ce74ce_step4_rfw_custom_edgeface-a348c305af33c223b337
gradcam-a90c6d28094881a0605d,population-c34a0451ee682a300684ff4b,rfw_custom,rfw:indian:m.05zjlfp_0003,edgeface-a348c305af33c223b337,pca,pca_384,pca_direct_cosine,0.01,False,frozen_origin,-0.0188145041466,True,True,False,True,True,0,True,threshold_crossing,7,42,8,20260810-R001-49ce74ce,C:\ronbun\runs\rfw_custom_20260810\20260810-R001-49ce74ce_step4_rfw_custom_edgeface-a348c305af33c223b337
gradcam-8de893e5dfa2db620d19,population-c34a0451ee682a300684ff4b,rfw_custom,rfw:african:m.0cwhxj_0004,edgeface-a348c305af33c223b337,pca,pca_384,pca_direct_cosine,0.01,False,frozen_origin,-0.0152910351753,True,True,False,True,True,0,True,threshold_crossing,8,42,8,20260810-R001-49ce74ce,C:\ronbun\runs\rfw_custom_20260810\20260810-R001-49ce74ce_step4_rfw_custom_edgeface-a348c305af33c223b337
gradcam-0b40fb98ced9fba185fc,population-c34a0451ee682a300684ff4b,rfw_custom,rfw:caucasian:m.026964z_0003,edgeface-a348c305af33c223b337,pca,pca_384,pca_direct_cosine,0.1,False,frozen_origin,-0.000531673431396,True,False,False,True,True,0.000415649898128,True,high_error,1,42,8,20260810-R001-49ce74ce,C:\ronbun\runs\rfw_custom_20260810\20260810-R001-49ce74ce_step4_rfw_custom_edgeface-a348c305af33c223b337
gradcam-3c80fafed33a98506a02,population-c34a0451ee682a300684ff4b,rfw_custom,rfw:asian:m.0qt2z7d_0003,edgeface-a348c305af33c223b337,pca,pca_384,pca_direct_cosine,0.1,False,frozen_origin,-0.0189529359341,True,False,False,True,True,0.000400946341357,True,high_error,2,42,8,20260810-R001-49ce74ce,C:\ronbun\runs\rfw_custom_20260810\20260810-R001-49ce74ce_step4_rfw_custom_edgeface-a348c305af33c223b337
gradcam-0efe33a5af92938846d7,population-c34a0451ee682a300684ff4b,rfw_custom,rfw:caucasian:m.060d5l_0001,edgeface-a348c305af33c223b337,pca,pca_384,pca_direct_cosine,0.1,False,frozen_origin,-0.0100646913052,True,False,False,True,True,0.000377705789915,True,high_error,3,42,8,20260810-R001-49ce74ce,C:\ronbun\runs\rfw_custom_20260810\20260810-R001-49ce74ce_step4_rfw_custom_edgeface-a348c305af33c223b337
gradcam-dffcf7b9be81e818ae12,population-c34a0451ee682a300684ff4b,rfw_custom,rfw:caucasian:m.01fc08_0002,edgeface-a348c305af33c223b337,pca,pca_384,pca_direct_cosine,0.1,True,frozen_origin,0.0128277540207,True,False,False,True,True,0.000362535624602,True,high_error,4,42,8,20260810-R001-49ce74ce,C:\ronbun\runs\rfw_custom_20260810\20260810-R001-49ce74ce_step4_rfw_custom_edgeface-a348c305af33c223b337
gradcam-5a9a98db5d93a1b1e013,population-c34a0451ee682a300684ff4b,rfw_custom,rfw:asian:m.0289_m4_0005,edgeface-a348c305af33c223b337,pca,pca_384,pca_direct_cosine,0.1,False,frozen_origin,-0.0113170146942,True,False,False,True,True,0.000334712080126,True,high_error,5,42,8,20260810-R001-49ce74ce,C:\ronbun\runs\rfw_custom_20260810\20260810-R001-49ce74ce_step4_rfw_custom_edgeface-a348c305af33c223b337
gradcam-be863ab116f0a5e6d0d7,population-c34a0451ee682a300684ff4b,rfw_custom,rfw:asian:m.0bmf6f_0003,edgeface-a348c305af33c223b337,pca,pca_384,pca_direct_cosine,0.1,True,frozen_origin,-0.00839281082153,True,False,False,True,True,0.000330705124134,True,high_error,6,42,8,20260810-R001-49ce74ce,C:\ronbun\runs\rfw_custom_20260810\20260810-R001-49ce74ce_step4_rfw_custom_edgeface-a348c305af33c223b337
gradcam-81c2090142310b9d1920,population-c34a0451ee682a300684ff4b,rfw_custom,rfw:caucasian:m.06dn4y_0001,edgeface-a348c305af33c223b337,pca,pca_384,pca_direct_cosine,0.1,False,frozen_origin,0.0100062191486,True,False,False,True,True,0.000328862296482,True,high_error,7,42,8,20260810-R001-49ce74ce,C:\ronbun\runs\rfw_custom_20260810\20260810-R001-49ce74ce_step4_rfw_custom_edgeface-a348c305af33c223b337
gradcam-f8ffe741ef53d90e1f66,population-c34a0451ee682a300684ff4b,rfw_custom,rfw:asian:m.05t5yl_0001,edgeface-a348c305af33c223b337,pca,pca_384,pca_direct_cosine,0.1,False,frozen_origin,0.00677880644798,True,False,False,True,True,0.000320752668343,True,high_error,8,42,8,20260810-R001-49ce74ce,C:\ronbun\runs\rfw_custom_20260810\20260810-R001-49ce74ce_step4_rfw_custom_edgeface-a348c305af33c223b337
gradcam-cb2c86a304bac9ebe1b3,population-c34a0451ee682a300684ff4b,rfw_custom,rfw:indian:m.0f4b09_0002,edgeface-a348c305af33c223b337,pca,pca_384,pca_direct_cosine,0.1,False,frozen_origin,0.00162088871002,False,False,False,True,True,0.000352728977588,True,rank_flip,1,42,8,20260810-R001-49ce74ce,C:\ronbun\runs\rfw_custom_20260810\20260810-R001-49ce74ce_step4_rfw_custom_edgeface-a348c305af33c223b337
gradcam-84aed0fea00d710489a2,population-c34a0451ee682a300684ff4b,rfw_custom,rfw:caucasian:m.03nndg3_0003,edgeface-a348c305af33c223b337,pca,pca_384,pca_direct_cosine,0.1,False,frozen_origin,-0.00666320323944,False,False,False,True,True,0.000324444449708,True,rank_flip,2,42,8,20260810-R001-49ce74ce,C:\ronbun\runs\rfw_custom_20260810\20260810-R001-49ce74ce_step4_rfw_custom_edgeface-a348c305af33c223b337
gradcam-a39c06fdf79c9c7f739d,population-c34a0451ee682a300684ff4b,rfw_custom,rfw:asian:m.03wbqjn_0001,edgeface-a348c305af33c223b337,pca,pca_384,pca_direct_cosine,0.1,False,frozen_origin,-0.00463864207268,False,False,False,True,True,0.000299855401003,True,rank_flip,3,42,8,20260810-R001-49ce74ce,C:\ronbun\runs\rfw_custom_20260810\20260810-R001-49ce74ce_step4_rfw_custom_edgeface-a348c305af33c223b337
gradcam-bf65ed10f53285011fd3,population-c34a0451ee682a300684ff4b,rfw_custom,rfw:african:m.06_w2w7_0003,edgeface-a348c305af33c223b337,pca,pca_384,pca_direct_cosine,0.1,False,frozen_origin,0.000125288963318,False,False,False,True,True,0.000258047124693,True,rank_flip,4,42,8,20260810-R001-49ce74ce,C:\ronbun\runs\rfw_custom_20260810\20260810-R001-49ce74ce_step4_rfw_custom_edgeface-a348c305af33c223b337
gradcam-069bb08f7a91209cde2b,population-c34a0451ee682a300684ff4b,rfw_custom,rfw:caucasian:m.015j6y_0001,edgeface-a348c305af33c223b337,pca,pca_384,pca_direct_cosine,0.1,False,frozen_origin,0.006727039814,False,False,False,True,True,0.000222018135341,True,rank_flip,5,42,8,20260810-R001-49ce74ce,C:\ronbun\runs\rfw_custom_20260810\20260810-R001-49ce74ce_step4_rfw_custom_edgeface-a348c305af33c223b337
gradcam-c6bd191bbd4128cda93d,population-c34a0451ee682a300684ff4b,rfw_custom,rfw:indian:m.0r4xbtq_0004,edgeface-a348c305af33c223b337,pca,pca_384,pca_direct_cosine,0.1,False,frozen_origin,0.000312983989716,False,False,False,True,True,0.000198572872159,True,rank_flip,6,42,8,20260810-R001-49ce74ce,C:\ronbun\runs\rfw_custom_20260810\20260810-R001-49ce74ce_step4_rfw_custom_edgeface-a348c305af33c223b337
gradcam-8208df10edb0b26d03e6,population-c34a0451ee682a300684ff4b,rfw_custom,rfw:caucasian:m.06dfqs_0003,edgeface-a348c305af33c223b337,pca,pca_384,pca_direct_cosine,0.1,False,frozen_origin,0.00939559936523,False,False,False,True,True,0.000197611093708,True,rank_flip,7,42,8,20260810-R001-49ce74ce,C:\ronbun\runs\rfw_custom_20260810\20260810-R001-49ce74ce_step4_rfw_custom_edgeface-a348c305af33c223b337
gradcam-16cfb148bb6605d06fd3,population-c34a0451ee682a300684ff4b,rfw_custom,rfw:african:m.04njl2_0001,edgeface-a348c305af33c223b337,pca,pca_384,pca_direct_cosine,0.1,False,frozen_origin,-0.00395348668098,False,False,False,True,True,0.000113287569368,True,rank_flip,8,42,8,20260810-R001-49ce74ce,C:\ronbun\runs\rfw_custom_20260810\20260810-R001-49ce74ce_step4_rfw_custom_edgeface-a348c305af33c223b337
gradcam-27f261223af170eaa725,population-c34a0451ee682a300684ff4b,rfw_custom,rfw:indian:m.0b6km_j_0002,edgeface-a348c305af33c223b337,pca,pca_384,pca_direct_cosine,0.1,True,frozen_origin,6.13927841187e-06,True,False,False,True,True,0,True,stable,1,42,8,20260810-R001-49ce74ce,C:\ronbun\runs\rfw_custom_20260810\20260810-R001-49ce74ce_step4_rfw_custom_edgeface-a348c305af33c223b337
gradcam-61c70415d04e428c67b7,population-c34a0451ee682a300684ff4b,rfw_custom,rfw:african:m.07p89w_0002,edgeface-a348c305af33c223b337,pca,pca_384,pca_direct_cosine,0.1,True,frozen_origin,3.12924385071e-05,True,False,False,True,True,0,True,stable,2,42,8,20260810-R001-49ce74ce,C:\ronbun\runs\rfw_custom_20260810\20260810-R001-49ce74ce_step4_rfw_custom_edgeface-a348c305af33c223b337
gradcam-ec7c4c339642c692e8b5,population-c34a0451ee682a300684ff4b,rfw_custom,rfw:caucasian:m.06y7t6_0002,edgeface-a348c305af33c223b337,pca,pca_384,pca_direct_cosine,0.1,True,frozen_origin,6.16014003754e-05,True,False,False,True,True,0,True,stable,3,42,8,20260810-R001-49ce74ce,C:\ronbun\runs\rfw_custom_20260810\20260810-R001-49ce74ce_step4_rfw_custom_edgeface-a348c305af33c223b337
gradcam-2300031d1f8cf9a6f263,population-c34a0451ee682a300684ff4b,rfw_custom,rfw:caucasian:m.029kz0_0003,edgeface-a348c305af33c223b337,pca,pca_384,pca_direct_cosine,0.1,False,frozen_origin,7.08997249603e-05,True,False,False,True,True,0,True,stable,4,42,8,20260810-R001-49ce74ce,C:\ronbun\runs\rfw_custom_20260810\20260810-R001-49ce74ce_step4_rfw_custom_edgeface-a348c305af33c223b337
gradcam-282e8251858a2d80ea87,population-c34a0451ee682a300684ff4b,rfw_custom,rfw:asian:m.015qxn_0001,edgeface-a348c305af33c223b337,pca,pca_384,pca_direct_cosine,0.1,False,frozen_origin,-0.000113725662231,True,False,False,True,True,0,True,stable,5,42,8,20260810-R001-49ce74ce,C:\ronbun\runs\rfw_custom_20260810\20260810-R001-49ce74ce_step4_rfw_custom_edgeface-a348c305af33c223b337
gradcam-f28530ef97a5b6460e1f,population-c34a0451ee682a300684ff4b,rfw_custom,rfw:african:m.09l202_0005,edgeface-a348c305af33c223b337,pca,pca_384,pca_direct_cosine,0.1,True,frozen_origin,-0.000115036964417,True,False,False,True,True,0,True,stable,6,42,8,20260810-R001-49ce74ce,C:\ronbun\runs\rfw_custom_20260810\20260810-R001-49ce74ce_step4_rfw_custom_edgeface-a348c305af33c223b337
gradcam-97d5b2f54289b5a6b914,population-c34a0451ee682a300684ff4b,rfw_custom,rfw:asian:m.06znc1t_0003,edgeface-a348c305af33c223b337,pca,pca_384,pca_direct_cosine,0.1,True,frozen_origin,-0.00012457370758,True,False,False,True,True,0,True,stable,7,42,8,20260810-R001-49ce74ce,C:\ronbun\runs\rfw_custom_20260810\20260810-R001-49ce74ce_step4_rfw_custom_edgeface-a348c305af33c223b337
gradcam-eed0fe52176d7ac71e6b,population-c34a0451ee682a300684ff4b,rfw_custom,rfw:asian:m.0k3dh_0003,edgeface-a348c305af33c223b337,pca,pca_384,pca_direct_cosine,0.1,False,frozen_origin,-0.000128328800201,True,False,False,True,True,0,True,stable,8,42,8,20260810-R001-49ce74ce,C:\ronbun\runs\rfw_custom_20260810\20260810-R001-49ce74ce_step4_rfw_custom_edgeface-a348c305af33c223b337
gradcam-9b764db139f38f436fff,population-c34a0451ee682a300684ff4b,rfw_custom,rfw:african:m.03d63jl_0001,edgeface-a348c305af33c223b337,pca,pca_384,pca_direct_cosine,0.1,False,frozen_origin,-0.0160058438778,True,True,False,True,True,0.000420207849576,True,threshold_crossing,1,42,8,20260810-R001-49ce74ce,C:\ronbun\runs\rfw_custom_20260810\20260810-R001-49ce74ce_step4_rfw_custom_edgeface-a348c305af33c223b337
gradcam-8bdf530837b4a6f7269b,population-c34a0451ee682a300684ff4b,rfw_custom,rfw:indian:m.0gbzs4s_0001,edgeface-a348c305af33c223b337,pca,pca_384,pca_direct_cosine,0.1,False,frozen_origin,-0.024731785059,False,True,False,True,True,0.000269624024424,True,threshold_crossing,2,42,8,20260810-R001-49ce74ce,C:\ronbun\runs\rfw_custom_20260810\20260810-R001-49ce74ce_step4_rfw_custom_edgeface-a348c305af33c223b337
gradcam-2e2fe13fce0e39097afa,population-c34a0451ee682a300684ff4b,rfw_custom,rfw:indian:m.09g8qwk_0001,edgeface-a348c305af33c223b337,pca,pca_384,pca_direct_cosine,0.1,False,frozen_origin,-0.0079211294651,True,True,False,True,True,0.000242451562752,True,threshold_crossing,3,42,8,20260810-R001-49ce74ce,C:\ronbun\runs\rfw_custom_20260810\20260810-R001-49ce74ce_step4_rfw_custom_edgeface-a348c305af33c223b337
gradcam-9c6bde1ddecd64032673,population-c34a0451ee682a300684ff4b,rfw_custom,rfw:african:m.03m7_ll_0002,edgeface-a348c305af33c223b337,pca,pca_384,pca_direct_cosine,0.1,False,frozen_origin,-0.0264903306961,True,True,False,True,True,2.53843719264e-05,True,threshold_crossing,4,42,8,20260810-R001-49ce74ce,C:\ronbun\runs\rfw_custom_20260810\20260810-R001-49ce74ce_step4_rfw_custom_edgeface-a348c305af33c223b337
gradcam-85e29a42bc2698f80f7e,population-c34a0451ee682a300684ff4b,rfw_custom,rfw:african:m.076tvm0_0003,edgeface-a348c305af33c223b337,pca,pca_384,pca_direct_cosine,0.1,False,frozen_origin,-0.0280601680279,True,True,False,True,True,0,True,threshold_crossing,5,42,8,20260810-R001-49ce74ce,C:\ronbun\runs\rfw_custom_20260810\20260810-R001-49ce74ce_step4_rfw_custom_edgeface-a348c305af33c223b337
gradcam-0f855b08d9ae0795ecc2,population-c34a0451ee682a300684ff4b,rfw_custom,rfw:indian:m.04cdkf_0003,edgeface-a348c305af33c223b337,pca,pca_384,pca_direct_cosine,0.1,False,frozen_origin,-0.0248455703259,True,True,False,True,True,0,True,threshold_crossing,6,42,8,20260810-R001-49ce74ce,C:\ronbun\runs\rfw_custom_20260810\20260810-R001-49ce74ce_step4_rfw_custom_edgeface-a348c305af33c223b337
gradcam-e436ea3cd6793f191b2b,population-c34a0451ee682a300684ff4b,rfw_custom,rfw:african:m.02rwhp6_0002,edgeface-a348c305af33c223b337,pca,pca_384,pca_direct_cosine,0.1,False,frozen_origin,-0.0242726802826,True,True,False,True,True,0,True,threshold_crossing,7,42,8,20260810-R001-49ce74ce,C:\ronbun\runs\rfw_custom_20260810\20260810-R001-49ce74ce_step4_rfw_custom_edgeface-a348c305af33c223b337
gradcam-9b65612fcd7cacdb7474,population-c34a0451ee682a300684ff4b,rfw_custom,rfw:indian:m.09gpwcj_0001,edgeface-a348c305af33c223b337,pca,pca_384,pca_direct_cosine,0.1,False,frozen_origin,-0.0232989490032,True,True,False,True,True,0,True,threshold_crossing,8,42,8,20260810-R001-49ce74ce,C:\ronbun\runs\rfw_custom_20260810\20260810-R001-49ce74ce_step4_rfw_custom_edgeface-a348c305af33c223b337
gradcam-f90478f080c96f2a7160,population-c34a0451ee682a300684ff4b,rfw_custom,rfw:african:m.03d63jl_0001,edgeface-a348c305af33c223b337,pca,pca_384,pca_reconstruction_cosine,0.01,False,frozen_origin,8.94069671631e-08,True,False,False,True,True,0.000420207849576,True,high_error,1,42,8,20260810-R001-49ce74ce,C:\ronbun\runs\rfw_custom_20260810\20260810-R001-49ce74ce_step4_rfw_custom_edgeface-a348c305af33c223b337
gradcam-e22e09692e0da46355ea,population-c34a0451ee682a300684ff4b,rfw_custom,rfw:caucasian:m.026964z_0003,edgeface-a348c305af33c223b337,pca,pca_384,pca_reconstruction_cosine,0.01,False,frozen_origin,1.19209289551e-07,True,False,False,True,True,0.000415649898128,True,high_error,2,42,8,20260810-R001-49ce74ce,C:\ronbun\runs\rfw_custom_20260810\20260810-R001-49ce74ce_step4_rfw_custom_edgeface-a348c305af33c223b337
gradcam-c62f3838b2f45b68229a,population-c34a0451ee682a300684ff4b,rfw_custom,rfw:asian:m.0qt2z7d_0003,edgeface-a348c305af33c223b337,pca,pca_384,pca_reconstruction_cosine,0.01,False,frozen_origin,0,True,False,False,True,True,0.000400946341357,True,high_error,3,42,8,20260810-R001-49ce74ce,C:\ronbun\runs\rfw_custom_20260810\20260810-R001-49ce74ce_step4_rfw_custom_edgeface-a348c305af33c223b337
gradcam-188ae2b188f5306ec3eb,population-c34a0451ee682a300684ff4b,rfw_custom,rfw:caucasian:m.060d5l_0001,edgeface-a348c305af33c223b337,pca,pca_384,pca_reconstruction_cosine,0.01,False,frozen_origin,0,True,False,False,True,True,0.000377705789915,True,high_error,4,42,8,20260810-R001-49ce74ce,C:\ronbun\runs\rfw_custom_20260810\20260810-R001-49ce74ce_step4_rfw_custom_edgeface-a348c305af33c223b337
gradcam-9d6bc33be018b9fa854a,population-c34a0451ee682a300684ff4b,rfw_custom,rfw:caucasian:m.01fc08_0002,edgeface-a348c305af33c223b337,pca,pca_384,pca_reconstruction_cosine,0.01,True,frozen_origin,5.96046447754e-08,True,False,False,True,True,0.000362535624602,True,high_error,5,42,8,20260810-R001-49ce74ce,C:\ronbun\runs\rfw_custom_20260810\20260810-R001-49ce74ce_step4_rfw_custom_edgeface-a348c305af33c223b337
gradcam-92a88f04c5dd3dbd42e9,population-c34a0451ee682a300684ff4b,rfw_custom,rfw:indian:m.0f4b09_0002,edgeface-a348c305af33c223b337,pca,pca_384,pca_reconstruction_cosine,0.01,False,frozen_origin,2.98023223877e-08,True,False,False,True,True,0.000352728977588,True,high_error,6,42,8,20260810-R001-49ce74ce,C:\ronbun\runs\rfw_custom_20260810\20260810-R001-49ce74ce_step4_rfw_custom_edgeface-a348c305af33c223b337
gradcam-886023bc5f0235d869d6,population-c34a0451ee682a300684ff4b,rfw_custom,rfw:asian:m.0289_m4_0005,edgeface-a348c305af33c223b337,pca,pca_384,pca_reconstruction_cosine,0.01,False,frozen_origin,-5.96046447754e-08,True,False,False,True,True,0.000334712080126,True,high_error,7,42,8,20260810-R001-49ce74ce,C:\ronbun\runs\rfw_custom_20260810\20260810-R001-49ce74ce_step4_rfw_custom_edgeface-a348c305af33c223b337
gradcam-12d06d7ba34523e4783d,population-c34a0451ee682a300684ff4b,rfw_custom,rfw:asian:m.0bmf6f_0003,edgeface-a348c305af33c223b337,pca,pca_384,pca_reconstruction_cosine,0.01,True,frozen_origin,1.19209289551e-07,True,False,False,True,True,0.000330705124134,True,high_error,8,42,8,20260810-R001-49ce74ce,C:\ronbun\runs\rfw_custom_20260810\20260810-R001-49ce74ce_step4_rfw_custom_edgeface-a348c305af33c223b337
gradcam-50849a00f744f55d8de6,population-c34a0451ee682a300684ff4b,rfw_custom,rfw:african:m.05ykr0_0002,edgeface-a348c305af33c223b337,pca,pca_384,pca_reconstruction_cosine,0.01,True,frozen_origin,0,True,False,False,True,True,0,True,stable,1,42,8,20260810-R001-49ce74ce,C:\ronbun\runs\rfw_custom_20260810\20260810-R001-49ce74ce_step4_rfw_custom_edgeface-a348c305af33c223b337
gradcam-92c96bf23fd9c5e7fbac,population-c34a0451ee682a300684ff4b,rfw_custom,rfw:caucasian:m.04n12ty_0006,edgeface-a348c305af33c223b337,pca,pca_384,pca_reconstruction_cosine,0.01,False,frozen_origin,0,True,False,False,True,True,0,True,stable,2,42,8,20260810-R001-49ce74ce,C:\ronbun\runs\rfw_custom_20260810\20260810-R001-49ce74ce_step4_rfw_custom_edgeface-a348c305af33c223b337
gradcam-46b3fe24f724d765f659,population-c34a0451ee682a300684ff4b,rfw_custom,rfw:asian:m.0ndskl1_0001,edgeface-a348c305af33c223b337,pca,pca_384,pca_reconstruction_cosine,0.01,False,frozen_origin,0,True,False,False,True,True,0,True,stable,3,42,8,20260810-R001-49ce74ce,C:\ronbun\runs\rfw_custom_20260810\20260810-R001-49ce74ce_step4_rfw_custom_edgeface-a348c305af33c223b337
gradcam-b4121526929a10ee717e,population-c34a0451ee682a300684ff4b,rfw_custom,rfw:caucasian:m.01n0nh_0004,edgeface-a348c305af33c223b337,pca,pca_384,pca_reconstruction_cosine,0.01,False,frozen_origin,0,True,False,False,True,True,0,True,stable,4,42,8,20260810-R001-49ce74ce,C:\ronbun\runs\rfw_custom_20260810\20260810-R001-49ce74ce_step4_rfw_custom_edgeface-a348c305af33c223b337
gradcam-bab93ca733ea72871d26,population-c34a0451ee682a300684ff4b,rfw_custom,rfw:african:m.0cp0_pj_0003,edgeface-a348c305af33c223b337,pca,pca_384,pca_reconstruction_cosine,0.01,False,frozen_origin,0,True,False,False,True,True,0,True,stable,5,42,8,20260810-R001-49ce74ce,C:\ronbun\runs\rfw_custom_20260810\20260810-R001-49ce74ce_step4_rfw_custom_edgeface-a348c305af33c223b337
gradcam-cf797e1bbafe78cf17c4,population-c34a0451ee682a300684ff4b,rfw_custom,rfw:indian:m.0gvr_t7_0001,edgeface-a348c305af33c223b337,pca,pca_384,pca_reconstruction_cosine,0.01,False,frozen_origin,0,True,False,False,True,True,0,True,stable,6,42,8,20260810-R001-49ce74ce,C:\ronbun\runs\rfw_custom_20260810\20260810-R001-49ce74ce_step4_rfw_custom_edgeface-a348c305af33c223b337
gradcam-5e859745a70f831a54b7,population-c34a0451ee682a300684ff4b,rfw_custom,rfw:indian:m.043r1j8_0003,edgeface-a348c305af33c223b337,pca,pca_384,pca_reconstruction_cosine,0.01,True,frozen_origin,0,True,False,False,True,True,0,True,stable,7,42,8,20260810-R001-49ce74ce,C:\ronbun\runs\rfw_custom_20260810\20260810-R001-49ce74ce_step4_rfw_custom_edgeface-a348c305af33c223b337
gradcam-8e3a35a3f70455613cc8,population-c34a0451ee682a300684ff4b,rfw_custom,rfw:caucasian:m.0668hy_0002,edgeface-a348c305af33c223b337,pca,pca_384,pca_reconstruction_cosine,0.01,True,frozen_origin,0,True,False,False,True,True,0,True,stable,8,42,8,20260810-R001-49ce74ce,C:\ronbun\runs\rfw_custom_20260810\20260810-R001-49ce74ce_step4_rfw_custom_edgeface-a348c305af33c223b337
gradcam-635eb2c4024af32e9acd,population-c34a0451ee682a300684ff4b,rfw_custom,rfw:african:m.03d63jl_0001,edgeface-a348c305af33c223b337,pca,pca_384,pca_reconstruction_cosine,0.1,False,frozen_origin,8.94069671631e-08,True,False,False,True,True,0.000420207849576,True,high_error,1,42,8,20260810-R001-49ce74ce,C:\ronbun\runs\rfw_custom_20260810\20260810-R001-49ce74ce_step4_rfw_custom_edgeface-a348c305af33c223b337
gradcam-e034855ccb28e8352ba3,population-c34a0451ee682a300684ff4b,rfw_custom,rfw:caucasian:m.026964z_0003,edgeface-a348c305af33c223b337,pca,pca_384,pca_reconstruction_cosine,0.1,False,frozen_origin,1.19209289551e-07,True,False,False,True,True,0.000415649898128,True,high_error,2,42,8,20260810-R001-49ce74ce,C:\ronbun\runs\rfw_custom_20260810\20260810-R001-49ce74ce_step4_rfw_custom_edgeface-a348c305af33c223b337
gradcam-fcb28149df6b0d3c8ab3,population-c34a0451ee682a300684ff4b,rfw_custom,rfw:asian:m.0qt2z7d_0003,edgeface-a348c305af33c223b337,pca,pca_384,pca_reconstruction_cosine,0.1,False,frozen_origin,0,True,False,False,True,True,0.000400946341357,True,high_error,3,42,8,20260810-R001-49ce74ce,C:\ronbun\runs\rfw_custom_20260810\20260810-R001-49ce74ce_step4_rfw_custom_edgeface-a348c305af33c223b337
gradcam-155cc56f2588357fdc31,population-c34a0451ee682a300684ff4b,rfw_custom,rfw:caucasian:m.060d5l_0001,edgeface-a348c305af33c223b337,pca,pca_384,pca_reconstruction_cosine,0.1,False,frozen_origin,0,True,False,False,True,True,0.000377705789915,True,high_error,4,42,8,20260810-R001-49ce74ce,C:\ronbun\runs\rfw_custom_20260810\20260810-R001-49ce74ce_step4_rfw_custom_edgeface-a348c305af33c223b337
gradcam-968705e4a9e509ce965e,population-c34a0451ee682a300684ff4b,rfw_custom,rfw:caucasian:m.01fc08_0002,edgeface-a348c305af33c223b337,pca,pca_384,pca_reconstruction_cosine,0.1,True,frozen_origin,5.96046447754e-08,True,False,False,True,True,0.000362535624602,True,high_error,5,42,8,20260810-R001-49ce74ce,C:\ronbun\runs\rfw_custom_20260810\20260810-R001-49ce74ce_step4_rfw_custom_edgeface-a348c305af33c223b337
gradcam-66a8c60edc567d8e8624,population-c34a0451ee682a300684ff4b,rfw_custom,rfw:indian:m.0f4b09_0002,edgeface-a348c305af33c223b337,pca,pca_384,pca_reconstruction_cosine,0.1,False,frozen_origin,2.98023223877e-08,True,False,False,True,True,0.000352728977588,True,high_error,6,42,8,20260810-R001-49ce74ce,C:\ronbun\runs\rfw_custom_20260810\20260810-R001-49ce74ce_step4_rfw_custom_edgeface-a348c305af33c223b337
gradcam-ddc78b6956176b990a09,population-c34a0451ee682a300684ff4b,rfw_custom,rfw:asian:m.0289_m4_0005,edgeface-a348c305af33c223b337,pca,pca_384,pca_reconstruction_cosine,0.1,False,frozen_origin,-5.96046447754e-08,True,False,False,True,True,0.000334712080126,True,high_error,7,42,8,20260810-R001-49ce74ce,C:\ronbun\runs\rfw_custom_20260810\20260810-R001-49ce74ce_step4_rfw_custom_edgeface-a348c305af33c223b337
gradcam-30712c8d05182998f307,population-c34a0451ee682a300684ff4b,rfw_custom,rfw:asian:m.0bmf6f_0003,edgeface-a348c305af33c223b337,pca,pca_384,pca_reconstruction_cosine,0.1,True,frozen_origin,1.19209289551e-07,True,False,False,True,True,0.000330705124134,True,high_error,8,42,8,20260810-R001-49ce74ce,C:\ronbun\runs\rfw_custom_20260810\20260810-R001-49ce74ce_step4_rfw_custom_edgeface-a348c305af33c223b337
gradcam-69af97d20e0f55ad285a,population-c34a0451ee682a300684ff4b,rfw_custom,rfw:asian:m.0130vq_0002,edgeface-a348c305af33c223b337,pca,pca_384,pca_reconstruction_cosine,0.1,False,frozen_origin,0,True,False,False,True,True,0,True,stable,1,42,8,20260810-R001-49ce74ce,C:\ronbun\runs\rfw_custom_20260810\20260810-R001-49ce74ce_step4_rfw_custom_edgeface-a348c305af33c223b337
gradcam-5fb51feb3c8d25e0aac8,population-c34a0451ee682a300684ff4b,rfw_custom,rfw:asian:m.03qsnl_0002,edgeface-a348c305af33c223b337,pca,pca_384,pca_reconstruction_cosine,0.1,False,frozen_origin,0,True,False,False,True,True,0,True,stable,2,42,8,20260810-R001-49ce74ce,C:\ronbun\runs\rfw_custom_20260810\20260810-R001-49ce74ce_step4_rfw_custom_edgeface-a348c305af33c223b337
gradcam-f9df310f3d97d36eeb9d,population-c34a0451ee682a300684ff4b,rfw_custom,rfw:indian:m.02qnhtn_0003,edgeface-a348c305af33c223b337,pca,pca_384,pca_reconstruction_cosine,0.1,False,frozen_origin,0,True,False,False,True,True,0,True,stable,3,42,8,20260810-R001-49ce74ce,C:\ronbun\runs\rfw_custom_20260810\20260810-R001-49ce74ce_step4_rfw_custom_edgeface-a348c305af33c223b337
gradcam-2cf3c9bdf6d9e73ab747,population-c34a0451ee682a300684ff4b,rfw_custom,rfw:african:m.096p08_0002,edgeface-a348c305af33c223b337,pca,pca_384,pca_reconstruction_cosine,0.1,False,frozen_origin,0,True,False,False,True,True,0,True,stable,4,42,8,20260810-R001-49ce74ce,C:\ronbun\runs\rfw_custom_20260810\20260810-R001-49ce74ce_step4_rfw_custom_edgeface-a348c305af33c223b337
gradcam-65cd7c37948e13e76aa0,population-c34a0451ee682a300684ff4b,rfw_custom,rfw:african:m.01nxt09_0003,edgeface-a348c305af33c223b337,pca,pca_384,pca_reconstruction_cosine,0.1,False,frozen_origin,0,True,False,False,True,True,0,True,stable,5,42,8,20260810-R001-49ce74ce,C:\ronbun\runs\rfw_custom_20260810\20260810-R001-49ce74ce_step4_rfw_custom_edgeface-a348c305af33c223b337
gradcam-cbc3812640b97e803b70,population-c34a0451ee682a300684ff4b,rfw_custom,rfw:african:m.0b744d9_0001,edgeface-a348c305af33c223b337,pca,pca_384,pca_reconstruction_cosine,0.1,False,frozen_origin,0,True,False,False,True,True,0,True,stable,6,42,8,20260810-R001-49ce74ce,C:\ronbun\runs\rfw_custom_20260810\20260810-R001-49ce74ce_step4_rfw_custom_edgeface-a348c305af33c223b337
gradcam-c5dd945af87f800d3acd,population-c34a0451ee682a300684ff4b,rfw_custom,rfw:indian:m.07k59_k_0004,edgeface-a348c305af33c223b337,pca,pca_384,pca_reconstruction_cosine,0.1,False,frozen_origin,0,True,False,False,True,True,0,True,stable,7,42,8,20260810-R001-49ce74ce,C:\ronbun\runs\rfw_custom_20260810\20260810-R001-49ce74ce_step4_rfw_custom_edgeface-a348c305af33c223b337
gradcam-8979847262f35f4ce6c2,population-c34a0451ee682a300684ff4b,rfw_custom,rfw:african:m.0fqpsr1_0002,edgeface-a348c305af33c223b337,pca,pca_384,pca_reconstruction_cosine,0.1,False,frozen_origin,0,True,False,False,True,True,0,True,stable,8,42,8,20260810-R001-49ce74ce,C:\ronbun\runs\rfw_custom_20260810\20260810-R001-49ce74ce_step4_rfw_custom_edgeface-a348c305af33c223b337
gradcam-4a67aee586f10e6a1421,population-c34a0451ee682a300684ff4b,rfw_custom,rfw:indian:m.04t7rn_0001,edgeface-a348c305af33c223b337,pca,pca_64,pca_direct_cosine,0.01,True,frozen_origin,0.0495105981827,True,False,False,True,True,0.809964091593,True,high_error,1,42,8,20260810-R001-49ce74ce,C:\ronbun\runs\rfw_custom_20260810\20260810-R001-49ce74ce_step4_rfw_custom_edgeface-a348c305af33c223b337
gradcam-ae1405c8bbc598b08269,population-c34a0451ee682a300684ff4b,rfw_custom,rfw:indian:m.0b6km_j_0002,edgeface-a348c305af33c223b337,pca,pca_64,pca_direct_cosine,0.01,True,frozen_origin,0.00043511390686,True,False,False,True,True,0.788461884437,True,high_error,2,42,8,20260810-R001-49ce74ce,C:\ronbun\runs\rfw_custom_20260810\20260810-R001-49ce74ce_step4_rfw_custom_edgeface-a348c305af33c223b337
gradcam-8d889477a87b45a19fea,population-c34a0451ee682a300684ff4b,rfw_custom,rfw:caucasian:m.01_gcy_0003,edgeface-a348c305af33c223b337,pca,pca_64,pca_direct_cosine,0.01,False,frozen_origin,0.0249103009701,True,False,False,True,True,0.775401940007,True,high_error,3,42,8,20260810-R001-49ce74ce,C:\ronbun\runs\rfw_custom_20260810\20260810-R001-49ce74ce_step4_rfw_custom_edgeface-a348c305af33c223b337
gradcam-fd49379952e296959eed,population-c34a0451ee682a300684ff4b,rfw_custom,rfw:caucasian:m.04mx___0002,edgeface-a348c305af33c223b337,pca,pca_64,pca_direct_cosine,0.01,True,frozen_origin,-0.0308448672295,True,False,False,True,True,0.773680768148,True,high_error,4,42,8,20260810-R001-49ce74ce,C:\ronbun\runs\rfw_custom_20260810\20260810-R001-49ce74ce_step4_rfw_custom_edgeface-a348c305af33c223b337
gradcam-6bec8fe4cd6af86b4842,population-c34a0451ee682a300684ff4b,rfw_custom,rfw:caucasian:m.01wd76l_0002,edgeface-a348c305af33c223b337,pca,pca_64,pca_direct_cosine,0.01,True,frozen_origin,0.0565203428268,True,False,False,True,True,0.768337865461,True,high_error,5,42,8,20260810-R001-49ce74ce,C:\ronbun\runs\rfw_custom_20260810\20260810-R001-49ce74ce_step4_rfw_custom_edgeface-a348c305af33c223b337
gradcam-7ee5ae719efbc472180a,population-c34a0451ee682a300684ff4b,rfw_custom,rfw:caucasian:m.026qfdh_0002,edgeface-a348c305af33c223b337,pca,pca_64,pca_direct_cosine,0.01,True,frozen_origin,0.0354027152061,True,False,False,True,True,0.765536826971,True,high_error,6,42,8,20260810-R001-49ce74ce,C:\ronbun\runs\rfw_custom_20260810\20260810-R001-49ce74ce_step4_rfw_custom_edgeface-a348c305af33c223b337
gradcam-f8c379f7041c57bb3d9d,population-c34a0451ee682a300684ff4b,rfw_custom,rfw:caucasian:m.08wpfw_0003,edgeface-a348c305af33c223b337,pca,pca_64,pca_direct_cosine,0.01,True,frozen_origin,0.0179866552353,True,False,False,True,True,0.761761576657,True,high_error,7,42,8,20260810-R001-49ce74ce,C:\ronbun\runs\rfw_custom_20260810\20260810-R001-49ce74ce_step4_rfw_custom_edgeface-a348c305af33c223b337
gradcam-14a6c2a474f89cc92aff,population-c34a0451ee682a300684ff4b,rfw_custom,rfw:caucasian:m.062g4l_0003,edgeface-a348c305af33c223b337,pca,pca_64,pca_direct_cosine,0.01,True,frozen_origin,-0.00376200675964,True,False,False,True,True,0.761078883565,True,high_error,8,42,8,20260810-R001-49ce74ce,C:\ronbun\runs\rfw_custom_20260810\20260810-R001-49ce74ce_step4_rfw_custom_edgeface-a348c305af33c223b337
gradcam-779f5eb8e93a830c24fd,population-c34a0451ee682a300684ff4b,rfw_custom,rfw:caucasian:m.015r3q_0003,edgeface-a348c305af33c223b337,pca,pca_64,pca_direct_cosine,0.01,False,frozen_origin,0.0353997051716,False,False,False,True,True,0.910170703202,True,rank_flip,1,42,8,20260810-R001-49ce74ce,C:\ronbun\runs\rfw_custom_20260810\20260810-R001-49ce74ce_step4_rfw_custom_edgeface-a348c305af33c223b337
gradcam-59c267aaa5589f595ede,population-c34a0451ee682a300684ff4b,rfw_custom,rfw:caucasian:m.0n_kftf_0001,edgeface-a348c305af33c223b337,pca,pca_64,pca_direct_cosine,0.01,False,frozen_origin,0.029645383358,False,False,False,True,True,0.821786330998,True,rank_flip,2,42,8,20260810-R001-49ce74ce,C:\ronbun\runs\rfw_custom_20260810\20260810-R001-49ce74ce_step4_rfw_custom_edgeface-a348c305af33c223b337
gradcam-617427f6b218e9c6ca84,population-c34a0451ee682a300684ff4b,rfw_custom,rfw:caucasian:m.01r43l_0001,edgeface-a348c305af33c223b337,pca,pca_64,pca_direct_cosine,0.01,False,frozen_origin,0.0538986325264,False,False,False,True,True,0.816828094976,True,rank_flip,3,42,8,20260810-R001-49ce74ce,C:\ronbun\runs\rfw_custom_20260810\20260810-R001-49ce74ce_step4_rfw_custom_edgeface-a348c305af33c223b337
gradcam-4b9f0ba3997488821be2,population-c34a0451ee682a300684ff4b,rfw_custom,rfw:caucasian:m.01v526_0005,edgeface-a348c305af33c223b337,pca,pca_64,pca_direct_cosine,0.01,False,frozen_origin,0.0706473588943,False,False,False,True,True,0.80170755166,True,rank_flip,4,42,8,20260810-R001-49ce74ce,C:\ronbun\runs\rfw_custom_20260810\20260810-R001-49ce74ce_step4_rfw_custom_edgeface-a348c305af33c223b337
gradcam-3aeb6fbde93c246cb8fc,population-c34a0451ee682a300684ff4b,rfw_custom,rfw:african:m.026y610_0003,edgeface-a348c305af33c223b337,pca,pca_64,pca_direct_cosine,0.01,False,frozen_origin,0.0557697713375,False,False,False,True,True,0.796448246575,True,rank_flip,5,42,8,20260810-R001-49ce74ce,C:\ronbun\runs\rfw_custom_20260810\20260810-R001-49ce74ce_step4_rfw_custom_edgeface-a348c305af33c223b337
gradcam-cc84f7b6eda2f4896af4,population-c34a0451ee682a300684ff4b,rfw_custom,rfw:caucasian:m.04mx___0006,edgeface-a348c305af33c223b337,pca,pca_64,pca_direct_cosine,0.01,True,frozen_origin,-0.0382385849953,False,False,False,True,True,0.79272415317,True,rank_flip,6,42,8,20260810-R001-49ce74ce,C:\ronbun\runs\rfw_custom_20260810\20260810-R001-49ce74ce_step4_rfw_custom_edgeface-a348c305af33c223b337
gradcam-50d34a18709b5041d4ea,population-c34a0451ee682a300684ff4b,rfw_custom,rfw:caucasian:m.0gbmd2h_0001,edgeface-a348c305af33c223b337,pca,pca_64,pca_direct_cosine,0.01,False,frozen_origin,0.0679667890072,False,False,False,True,True,0.787554811702,True,rank_flip,7,42,8,20260810-R001-49ce74ce,C:\ronbun\runs\rfw_custom_20260810\20260810-R001-49ce74ce_step4_rfw_custom_edgeface-a348c305af33c223b337
gradcam-92c5420fefbdca4ffbc9,population-c34a0451ee682a300684ff4b,rfw_custom,rfw:caucasian:m.06y7t6_0002,edgeface-a348c305af33c223b337,pca,pca_64,pca_direct_cosine,0.01,True,frozen_origin,0.0210326910019,False,False,False,True,True,0.778230029195,True,rank_flip,8,42,8,20260810-R001-49ce74ce,C:\ronbun\runs\rfw_custom_20260810\20260810-R001-49ce74ce_step4_rfw_custom_edgeface-a348c305af33c223b337
gradcam-2314ee71f7c66594f608,population-c34a0451ee682a300684ff4b,rfw_custom,rfw:african:m.0b6lb0j_0004,edgeface-a348c305af33c223b337,pca,pca_64,pca_direct_cosine,0.01,False,frozen_origin,0.0234275460243,True,False,False,True,True,0.350617308541,True,stable,1,42,8,20260810-R001-49ce74ce,C:\ronbun\runs\rfw_custom_20260810\20260810-R001-49ce74ce_step4_rfw_custom_edgeface-a348c305af33c223b337
gradcam-d606818ce0e50ca31f0c,population-c34a0451ee682a300684ff4b,rfw_custom,rfw:african:m.0gwyg57_0004,edgeface-a348c305af33c223b337,pca,pca_64,pca_direct_cosine,0.01,True,frozen_origin,0.0134552717209,True,False,False,True,True,0.381605657055,True,stable,2,42,8,20260810-R001-49ce74ce,C:\ronbun\runs\rfw_custom_20260810\20260810-R001-49ce74ce_step4_rfw_custom_edgeface-a348c305af33c223b337
gradcam-6123788fc59e3bd7f461,population-c34a0451ee682a300684ff4b,rfw_custom,rfw:african:m.04nb7my_0001,edgeface-a348c305af33c223b337,pca,pca_64,pca_direct_cosine,0.01,False,frozen_origin,0.0686165690422,True,False,False,True,True,0.384448982167,True,stable,3,42,8,20260810-R001-49ce74ce,C:\ronbun\runs\rfw_custom_20260810\20260810-R001-49ce74ce_step4_rfw_custom_edgeface-a348c305af33c223b337
gradcam-c266c4fa21b995ea7183,population-c34a0451ee682a300684ff4b,rfw_custom,rfw:asian:m.0k3dh_0003,edgeface-a348c305af33c223b337,pca,pca_64,pca_direct_cosine,0.01,False,frozen_origin,0.0635005831718,True,False,False,True,True,0.385455879342,True,stable,4,42,8,20260810-R001-49ce74ce,C:\ronbun\runs\rfw_custom_20260810\20260810-R001-49ce74ce_step4_rfw_custom_edgeface-a348c305af33c223b337
gradcam-b7860b25489a5fdb879b,population-c34a0451ee682a300684ff4b,rfw_custom,rfw:asian:m.08kqw0_0003,edgeface-a348c305af33c223b337,pca,pca_64,pca_direct_cosine,0.01,False,frozen_origin,0.067418128252,True,False,False,True,True,0.395137770683,True,stable,5,42,8,20260810-R001-49ce74ce,C:\ronbun\runs\rfw_custom_20260810\20260810-R001-49ce74ce_step4_rfw_custom_edgeface-a348c305af33c223b337
gradcam-81c9a1c70f723088b533,population-c34a0451ee682a300684ff4b,rfw_custom,rfw:asian:m.0f9p1v_0003,edgeface-a348c305af33c223b337,pca,pca_64,pca_direct_cosine,0.01,True,frozen_origin,0.0256937742233,True,False,False,True,True,0.39592785596,True,stable,6,42,8,20260810-R001-49ce74ce,C:\ronbun\runs\rfw_custom_20260810\20260810-R001-49ce74ce_step4_rfw_custom_edgeface-a348c305af33c223b337
gradcam-d065af1d8d161cb6bb48,population-c34a0451ee682a300684ff4b,rfw_custom,rfw:african:m.04njl2_0002,edgeface-a348c305af33c223b337,pca,pca_64,pca_direct_cosine,0.01,False,frozen_origin,0.0395179390907,True,False,False,True,True,0.401876527637,True,stable,7,42,8,20260810-R001-49ce74ce,C:\ronbun\runs\rfw_custom_20260810\20260810-R001-49ce74ce_step4_rfw_custom_edgeface-a348c305af33c223b337
gradcam-3a7c92f3e54f02809fe9,population-c34a0451ee682a300684ff4b,rfw_custom,rfw:african:m.0ddrzd_0003,edgeface-a348c305af33c223b337,pca,pca_64,pca_direct_cosine,0.01,True,frozen_origin,0.0373118519783,True,False,False,True,True,0.402061477083,True,stable,8,42,8,20260810-R001-49ce74ce,C:\ronbun\runs\rfw_custom_20260810\20260810-R001-49ce74ce_step4_rfw_custom_edgeface-a348c305af33c223b337
gradcam-8fb50e97f710fd84c29d,population-c34a0451ee682a300684ff4b,rfw_custom,rfw:asian:m.02vrgn1_0004,edgeface-a348c305af33c223b337,pca,pca_64,pca_direct_cosine,0.01,False,frozen_origin,0.187540888786,False,True,False,True,True,0.81410765037,True,threshold_crossing,1,42,8,20260810-R001-49ce74ce,C:\ronbun\runs\rfw_custom_20260810\20260810-R001-49ce74ce_step4_rfw_custom_edgeface-a348c305af33c223b337
gradcam-0ba7549a621f9fb1b602,population-c34a0451ee682a300684ff4b,rfw_custom,rfw:caucasian:m.05xjkv_0004,edgeface-a348c305af33c223b337,pca,pca_64,pca_direct_cosine,0.01,False,frozen_origin,0.0552927553654,False,True,False,True,True,0.809317046924,True,threshold_crossing,2,42,8,20260810-R001-49ce74ce,C:\ronbun\runs\rfw_custom_20260810\20260810-R001-49ce74ce_step4_rfw_custom_edgeface-a348c305af33c223b337
gradcam-262b4292ef1ced58e4b5,population-c34a0451ee682a300684ff4b,rfw_custom,rfw:caucasian:m.02q1jfd_0002,edgeface-a348c305af33c223b337,pca,pca_64,pca_direct_cosine,0.01,False,frozen_origin,0.156236380339,False,True,False,True,True,0.78132930248,True,threshold_crossing,3,42,8,20260810-R001-49ce74ce,C:\ronbun\runs\rfw_custom_20260810\20260810-R001-49ce74ce_step4_rfw_custom_edgeface-a348c305af33c223b337
gradcam-13136071de9c29cffc26,population-c34a0451ee682a300684ff4b,rfw_custom,rfw:caucasian:m.0538g4_0001,edgeface-a348c305af33c223b337,pca,pca_64,pca_direct_cosine,0.01,False,frozen_origin,0.115187376738,True,True,False,True,True,0.768632362059,True,threshold_crossing,4,42,8,20260810-R001-49ce74ce,C:\ronbun\runs\rfw_custom_20260810\20260810-R001-49ce74ce_step4_rfw_custom_edgeface-a348c305af33c223b337
gradcam-b7f2b29459f8d5514c39,population-c34a0451ee682a300684ff4b,rfw_custom,rfw:asian:m.02qh6y8_0003,edgeface-a348c305af33c223b337,pca,pca_64,pca_direct_cosine,0.01,False,frozen_origin,0.12860840559,False,True,False,True,True,0.767419446111,True,threshold_crossing,5,42,8,20260810-R001-49ce74ce,C:\ronbun\runs\rfw_custom_20260810\20260810-R001-49ce74ce_step4_rfw_custom_edgeface-a348c305af33c223b337
gradcam-c3c187089ddecb1b9bd1,population-c34a0451ee682a300684ff4b,rfw_custom,rfw:caucasian:m.04n12ty_0006,edgeface-a348c305af33c223b337,pca,pca_64,pca_direct_cosine,0.01,False,frozen_origin,0.0857384204865,True,True,False,True,True,0.761474316566,True,threshold_crossing,6,42,8,20260810-R001-49ce74ce,C:\ronbun\runs\rfw_custom_20260810\20260810-R001-49ce74ce_step4_rfw_custom_edgeface-a348c305af33c223b337
gradcam-c0017c57c66190bccea2,population-c34a0451ee682a300684ff4b,rfw_custom,rfw:asian:m.044yxb_0001,edgeface-a348c305af33c223b337,pca,pca_64,pca_direct_cosine,0.01,False,frozen_origin,0.0856000483036,False,True,False,True,True,0.761059830807,True,threshold_crossing,7,42,8,20260810-R001-49ce74ce,C:\ronbun\runs\rfw_custom_20260810\20260810-R001-49ce74ce_step4_rfw_custom_edgeface-a348c305af33c223b337
gradcam-ebae4ad1218e3399fffe,population-c34a0451ee682a300684ff4b,rfw_custom,rfw:caucasian:m.01vr20_0002,edgeface-a348c305af33c223b337,pca,pca_64,pca_direct_cosine,0.01,False,frozen_origin,0.121754586697,False,True,False,True,True,0.75519636568,True,threshold_crossing,8,42,8,20260810-R001-49ce74ce,C:\ronbun\runs\rfw_custom_20260810\20260810-R001-49ce74ce_step4_rfw_custom_edgeface-a348c305af33c223b337
gradcam-643695c1703fafffcffd,population-c34a0451ee682a300684ff4b,rfw_custom,rfw:indian:m.04t7rn_0001,edgeface-a348c305af33c223b337,pca,pca_64,pca_direct_cosine,0.1,True,frozen_origin,0.0495105981827,True,False,False,True,True,0.809964091593,True,high_error,1,42,8,20260810-R001-49ce74ce,C:\ronbun\runs\rfw_custom_20260810\20260810-R001-49ce74ce_step4_rfw_custom_edgeface-a348c305af33c223b337
gradcam-da24cf3002e483b3776c,population-c34a0451ee682a300684ff4b,rfw_custom,rfw:indian:m.0b6km_j_0002,edgeface-a348c305af33c223b337,pca,pca_64,pca_direct_cosine,0.1,True,frozen_origin,0.00043511390686,True,False,False,True,True,0.788461884437,True,high_error,2,42,8,20260810-R001-49ce74ce,C:\ronbun\runs\rfw_custom_20260810\20260810-R001-49ce74ce_step4_rfw_custom_edgeface-a348c305af33c223b337
gradcam-64668c8ce8de6ba62d21,population-c34a0451ee682a300684ff4b,rfw_custom,rfw:caucasian:m.01_gcy_0003,edgeface-a348c305af33c223b337,pca,pca_64,pca_direct_cosine,0.1,False,frozen_origin,0.0249103009701,True,False,False,True,True,0.775401940007,True,high_error,3,42,8,20260810-R001-49ce74ce,C:\ronbun\runs\rfw_custom_20260810\20260810-R001-49ce74ce_step4_rfw_custom_edgeface-a348c305af33c223b337
gradcam-3b88dca1de68dccef593,population-c34a0451ee682a300684ff4b,rfw_custom,rfw:caucasian:m.04mx___0002,edgeface-a348c305af33c223b337,pca,pca_64,pca_direct_cosine,0.1,True,frozen_origin,-0.0308448672295,True,False,False,True,True,0.773680768148,True,high_error,4,42,8,20260810-R001-49ce74ce,C:\ronbun\runs\rfw_custom_20260810\20260810-R001-49ce74ce_step4_rfw_custom_edgeface-a348c305af33c223b337
gradcam-27cc7b712085c61c826f,population-c34a0451ee682a300684ff4b,rfw_custom,rfw:caucasian:m.01wd76l_0002,edgeface-a348c305af33c223b337,pca,pca_64,pca_direct_cosine,0.1,True,frozen_origin,0.0565203428268,True,False,False,True,True,0.768337865461,True,high_error,5,42,8,20260810-R001-49ce74ce,C:\ronbun\runs\rfw_custom_20260810\20260810-R001-49ce74ce_step4_rfw_custom_edgeface-a348c305af33c223b337
gradcam-a801d2ed04c343644bb1,population-c34a0451ee682a300684ff4b,rfw_custom,rfw:caucasian:m.026qfdh_0002,edgeface-a348c305af33c223b337,pca,pca_64,pca_direct_cosine,0.1,True,frozen_origin,0.0354027152061,True,False,False,True,True,0.765536826971,True,high_error,6,42,8,20260810-R001-49ce74ce,C:\ronbun\runs\rfw_custom_20260810\20260810-R001-49ce74ce_step4_rfw_custom_edgeface-a348c305af33c223b337
gradcam-0c91dbe3af892c48f26d,population-c34a0451ee682a300684ff4b,rfw_custom,rfw:caucasian:m.08wpfw_0003,edgeface-a348c305af33c223b337,pca,pca_64,pca_direct_cosine,0.1,True,frozen_origin,0.0179866552353,True,False,False,True,True,0.761761576657,True,high_error,7,42,8,20260810-R001-49ce74ce,C:\ronbun\runs\rfw_custom_20260810\20260810-R001-49ce74ce_step4_rfw_custom_edgeface-a348c305af33c223b337
gradcam-ed2ba7596768abbb3b62,population-c34a0451ee682a300684ff4b,rfw_custom,rfw:caucasian:m.04n12ty_0006,edgeface-a348c305af33c223b337,pca,pca_64,pca_direct_cosine,0.1,False,frozen_origin,0.0857384204865,True,False,False,True,True,0.761474316566,True,high_error,8,42,8,20260810-R001-49ce74ce,C:\ronbun\runs\rfw_custom_20260810\20260810-R001-49ce74ce_step4_rfw_custom_edgeface-a348c305af33c223b337
gradcam-5165e0de525c2f53cbb8,population-c34a0451ee682a300684ff4b,rfw_custom,rfw:caucasian:m.0n_kftf_0001,edgeface-a348c305af33c223b337,pca,pca_64,pca_direct_cosine,0.1,False,frozen_origin,0.029645383358,False,False,False,True,True,0.821786330998,True,rank_flip,1,42,8,20260810-R001-49ce74ce,C:\ronbun\runs\rfw_custom_20260810\20260810-R001-49ce74ce_step4_rfw_custom_edgeface-a348c305af33c223b337
gradcam-0338435bb0c7b8e0041b,population-c34a0451ee682a300684ff4b,rfw_custom,rfw:caucasian:m.05xjkv_0004,edgeface-a348c305af33c223b337,pca,pca_64,pca_direct_cosine,0.1,False,frozen_origin,0.0552927553654,False,False,False,True,True,0.809317046924,True,rank_flip,2,42,8,20260810-R001-49ce74ce,C:\ronbun\runs\rfw_custom_20260810\20260810-R001-49ce74ce_step4_rfw_custom_edgeface-a348c305af33c223b337
gradcam-51461e44d77c7fab1a2a,population-c34a0451ee682a300684ff4b,rfw_custom,rfw:african:m.026y610_0003,edgeface-a348c305af33c223b337,pca,pca_64,pca_direct_cosine,0.1,False,frozen_origin,0.0557697713375,False,False,False,True,True,0.796448246575,True,rank_flip,3,42,8,20260810-R001-49ce74ce,C:\ronbun\runs\rfw_custom_20260810\20260810-R001-49ce74ce_step4_rfw_custom_edgeface-a348c305af33c223b337
gradcam-154fd64ed03ab191b914,population-c34a0451ee682a300684ff4b,rfw_custom,rfw:caucasian:m.04mx___0006,edgeface-a348c305af33c223b337,pca,pca_64,pca_direct_cosine,0.1,True,frozen_origin,-0.0382385849953,False,False,False,True,True,0.79272415317,True,rank_flip,4,42,8,20260810-R001-49ce74ce,C:\ronbun\runs\rfw_custom_20260810\20260810-R001-49ce74ce_step4_rfw_custom_edgeface-a348c305af33c223b337
gradcam-764f265d7cac4cc964a4,population-c34a0451ee682a300684ff4b,rfw_custom,rfw:caucasian:m.0gbmd2h_0001,edgeface-a348c305af33c223b337,pca,pca_64,pca_direct_cosine,0.1,False,frozen_origin,0.0679667890072,False,False,False,True,True,0.787554811702,True,rank_flip,5,42,8,20260810-R001-49ce74ce,C:\ronbun\runs\rfw_custom_20260810\20260810-R001-49ce74ce_step4_rfw_custom_edgeface-a348c305af33c223b337
gradcam-34594f8b4de080271d33,population-c34a0451ee682a300684ff4b,rfw_custom,rfw:caucasian:m.06y7t6_0002,edgeface-a348c305af33c223b337,pca,pca_64,pca_direct_cosine,0.1,True,frozen_origin,0.0210326910019,False,False,False,True,True,0.778230029195,True,rank_flip,6,42,8,20260810-R001-49ce74ce,C:\ronbun\runs\rfw_custom_20260810\20260810-R001-49ce74ce_step4_rfw_custom_edgeface-a348c305af33c223b337
gradcam-ff75d1c2c1432c1a1b6f,population-c34a0451ee682a300684ff4b,rfw_custom,rfw:asian:m.02qh6y8_0003,edgeface-a348c305af33c223b337,pca,pca_64,pca_direct_cosine,0.1,False,frozen_origin,0.12860840559,False,False,False,True,True,0.767419446111,True,rank_flip,7,42,8,20260810-R001-49ce74ce,C:\ronbun\runs\rfw_custom_20260810\20260810-R001-49ce74ce_step4_rfw_custom_edgeface-a348c305af33c223b337
gradcam-4ffd49e25c1d476c1e41,population-c34a0451ee682a300684ff4b,rfw_custom,rfw:asian:m.044yxb_0001,edgeface-a348c305af33c223b337,pca,pca_64,pca_direct_cosine,0.1,False,frozen_origin,0.0856000483036,False,False,False,True,True,0.761059830807,True,rank_flip,8,42,8,20260810-R001-49ce74ce,C:\ronbun\runs\rfw_custom_20260810\20260810-R001-49ce74ce_step4_rfw_custom_edgeface-a348c305af33c223b337
gradcam-44b891de4dd077cc9283,population-c34a0451ee682a300684ff4b,rfw_custom,rfw:african:m.0b6lb0j_0004,edgeface-a348c305af33c223b337,pca,pca_64,pca_direct_cosine,0.1,False,frozen_origin,0.0234275460243,True,False,False,True,True,0.350617308541,True,stable,1,42,8,20260810-R001-49ce74ce,C:\ronbun\runs\rfw_custom_20260810\20260810-R001-49ce74ce_step4_rfw_custom_edgeface-a348c305af33c223b337
gradcam-9909f6522b758f49c929,population-c34a0451ee682a300684ff4b,rfw_custom,rfw:african:m.03m63nw_0002,edgeface-a348c305af33c223b337,pca,pca_64,pca_direct_cosine,0.1,False,frozen_origin,0.0521674156189,True,False,False,True,True,0.370675281751,True,stable,2,42,8,20260810-R001-49ce74ce,C:\ronbun\runs\rfw_custom_20260810\20260810-R001-49ce74ce_step4_rfw_custom_edgeface-a348c305af33c223b337
gradcam-097461947d475bcf636e,population-c34a0451ee682a300684ff4b,rfw_custom,rfw:african:m.02wwjtp_0002,edgeface-a348c305af33c223b337,pca,pca_64,pca_direct_cosine,0.1,False,frozen_origin,0.0344706475735,True,False,False,True,True,0.377249406212,True,stable,3,42,8,20260810-R001-49ce74ce,C:\ronbun\runs\rfw_custom_20260810\20260810-R001-49ce74ce_step4_rfw_custom_edgeface-a348c305af33c223b337
gradcam-ee43c95829a9b0e67b5f,population-c34a0451ee682a300684ff4b,rfw_custom,rfw:african:m.0gwyg57_0004,edgeface-a348c305af33c223b337,pca,pca_64,pca_direct_cosine,0.1,True,frozen_origin,0.0134552717209,True,False,False,True,True,0.381605657055,True,stable,4,42,8,20260810-R001-49ce74ce,C:\ronbun\runs\rfw_custom_20260810\20260810-R001-49ce74ce_step4_rfw_custom_edgeface-a348c305af33c223b337
gradcam-643693847ffafb6124f5,population-c34a0451ee682a300684ff4b,rfw_custom,rfw:african:m.04nb7my_0001,edgeface-a348c305af33c223b337,pca,pca_64,pca_direct_cosine,0.1,False,frozen_origin,0.0686165690422,True,False,False,True,True,0.384448982167,True,stable,5,42,8,20260810-R001-49ce74ce,C:\ronbun\runs\rfw_custom_20260810\20260810-R001-49ce74ce_step4_rfw_custom_edgeface-a348c305af33c223b337
gradcam-406361a228786c7522a4,population-c34a0451ee682a300684ff4b,rfw_custom,rfw:asian:m.0k3dh_0003,edgeface-a348c305af33c223b337,pca,pca_64,pca_direct_cosine,0.1,False,frozen_origin,0.0635005831718,True,False,False,True,True,0.385455879342,True,stable,6,42,8,20260810-R001-49ce74ce,C:\ronbun\runs\rfw_custom_20260810\20260810-R001-49ce74ce_step4_rfw_custom_edgeface-a348c305af33c223b337
gradcam-315f9aba07a160f743ab,population-c34a0451ee682a300684ff4b,rfw_custom,rfw:african:m.05rxvq_0002,edgeface-a348c305af33c223b337,pca,pca_64,pca_direct_cosine,0.1,False,frozen_origin,0.0548073649406,True,False,False,True,True,0.389357118061,True,stable,7,42,8,20260810-R001-49ce74ce,C:\ronbun\runs\rfw_custom_20260810\20260810-R001-49ce74ce_step4_rfw_custom_edgeface-a348c305af33c223b337
gradcam-8a55d545953047e83023,population-c34a0451ee682a300684ff4b,rfw_custom,rfw:asian:m.08kqw0_0003,edgeface-a348c305af33c223b337,pca,pca_64,pca_direct_cosine,0.1,False,frozen_origin,0.067418128252,True,False,False,True,True,0.395137770683,True,stable,8,42,8,20260810-R001-49ce74ce,C:\ronbun\runs\rfw_custom_20260810\20260810-R001-49ce74ce_step4_rfw_custom_edgeface-a348c305af33c223b337
gradcam-5d0b17172fcf19c1a7c0,population-c34a0451ee682a300684ff4b,rfw_custom,rfw:caucasian:m.015r3q_0003,edgeface-a348c305af33c223b337,pca,pca_64,pca_direct_cosine,0.1,False,frozen_origin,0.0353997051716,False,True,False,True,True,0.910170703202,True,threshold_crossing,1,42,8,20260810-R001-49ce74ce,C:\ronbun\runs\rfw_custom_20260810\20260810-R001-49ce74ce_step4_rfw_custom_edgeface-a348c305af33c223b337
gradcam-2f8ba1bdacc9808c6373,population-c34a0451ee682a300684ff4b,rfw_custom,rfw:caucasian:m.01r43l_0001,edgeface-a348c305af33c223b337,pca,pca_64,pca_direct_cosine,0.1,False,frozen_origin,0.0538986325264,False,True,False,True,True,0.816828094976,True,threshold_crossing,2,42,8,20260810-R001-49ce74ce,C:\ronbun\runs\rfw_custom_20260810\20260810-R001-49ce74ce_step4_rfw_custom_edgeface-a348c305af33c223b337
gradcam-c0000e8af4a176661566,population-c34a0451ee682a300684ff4b,rfw_custom,rfw:asian:m.02vrgn1_0004,edgeface-a348c305af33c223b337,pca,pca_64,pca_direct_cosine,0.1,False,frozen_origin,0.187540888786,False,True,False,True,True,0.81410765037,True,threshold_crossing,3,42,8,20260810-R001-49ce74ce,C:\ronbun\runs\rfw_custom_20260810\20260810-R001-49ce74ce_step4_rfw_custom_edgeface-a348c305af33c223b337
gradcam-584842584271eaca2091,population-c34a0451ee682a300684ff4b,rfw_custom,rfw:caucasian:m.01v526_0005,edgeface-a348c305af33c223b337,pca,pca_64,pca_direct_cosine,0.1,False,frozen_origin,0.0706473588943,False,True,False,True,True,0.80170755166,True,threshold_crossing,4,42,8,20260810-R001-49ce74ce,C:\ronbun\runs\rfw_custom_20260810\20260810-R001-49ce74ce_step4_rfw_custom_edgeface-a348c305af33c223b337
gradcam-8387f341b49e7ffd7df9,population-c34a0451ee682a300684ff4b,rfw_custom,rfw:caucasian:m.02q1jfd_0002,edgeface-a348c305af33c223b337,pca,pca_64,pca_direct_cosine,0.1,False,frozen_origin,0.156236380339,False,True,False,True,True,0.78132930248,True,threshold_crossing,5,42,8,20260810-R001-49ce74ce,C:\ronbun\runs\rfw_custom_20260810\20260810-R001-49ce74ce_step4_rfw_custom_edgeface-a348c305af33c223b337
gradcam-abfaa20d8047f02ab3e0,population-c34a0451ee682a300684ff4b,rfw_custom,rfw:caucasian:m.0538g4_0001,edgeface-a348c305af33c223b337,pca,pca_64,pca_direct_cosine,0.1,False,frozen_origin,0.115187376738,True,True,False,True,True,0.768632362059,True,threshold_crossing,6,42,8,20260810-R001-49ce74ce,C:\ronbun\runs\rfw_custom_20260810\20260810-R001-49ce74ce_step4_rfw_custom_edgeface-a348c305af33c223b337
gradcam-2d2efd4626f0735f97ab,population-c34a0451ee682a300684ff4b,rfw_custom,rfw:caucasian:m.0lylw_0003,edgeface-a348c305af33c223b337,pca,pca_64,pca_direct_cosine,0.1,False,frozen_origin,0.0985673367977,False,True,False,True,True,0.767931151563,True,threshold_crossing,7,42,8,20260810-R001-49ce74ce,C:\ronbun\runs\rfw_custom_20260810\20260810-R001-49ce74ce_step4_rfw_custom_edgeface-a348c305af33c223b337
gradcam-86ca2e5e830cb962f52b,population-c34a0451ee682a300684ff4b,rfw_custom,rfw:caucasian:m.01vr20_0002,edgeface-a348c305af33c223b337,pca,pca_64,pca_direct_cosine,0.1,False,frozen_origin,0.121754586697,False,True,False,True,True,0.75519636568,True,threshold_crossing,8,42,8,20260810-R001-49ce74ce,C:\ronbun\runs\rfw_custom_20260810\20260810-R001-49ce74ce_step4_rfw_custom_edgeface-a348c305af33c223b337
gradcam-4b474e95af84a55aa1f6,population-c34a0451ee682a300684ff4b,rfw_custom,rfw:indian:m.04t7rn_0001,edgeface-a348c305af33c223b337,pca,pca_64,pca_reconstruction_cosine,0.01,True,frozen_origin,0.0345353484154,True,False,False,True,True,0.809964091593,True,high_error,1,42,8,20260810-R001-49ce74ce,C:\ronbun\runs\rfw_custom_20260810\20260810-R001-49ce74ce_step4_rfw_custom_edgeface-a348c305af33c223b337
gradcam-218a4641c796ac128a62,population-c34a0451ee682a300684ff4b,rfw_custom,rfw:indian:m.0b6km_j_0002,edgeface-a348c305af33c223b337,pca,pca_64,pca_reconstruction_cosine,0.01,True,frozen_origin,0.0157071948051,True,False,False,True,True,0.788461884437,True,high_error,2,42,8,20260810-R001-49ce74ce,C:\ronbun\runs\rfw_custom_20260810\20260810-R001-49ce74ce_step4_rfw_custom_edgeface-a348c305af33c223b337
gradcam-eea47b87a90e8e6029e8,population-c34a0451ee682a300684ff4b,rfw_custom,rfw:caucasian:m.01_gcy_0003,edgeface-a348c305af33c223b337,pca,pca_64,pca_reconstruction_cosine,0.01,False,frozen_origin,0.030037432909,True,False,False,True,True,0.775401940007,True,high_error,3,42,8,20260810-R001-49ce74ce,C:\ronbun\runs\rfw_custom_20260810\20260810-R001-49ce74ce_step4_rfw_custom_edgeface-a348c305af33c223b337
gradcam-fd887f4e1dc18c6b23b8,population-c34a0451ee682a300684ff4b,rfw_custom,rfw:caucasian:m.04mx___0002,edgeface-a348c305af33c223b337,pca,pca_64,pca_reconstruction_cosine,0.01,True,frozen_origin,-0.0286536812782,True,False,False,True,True,0.773680768148,True,high_error,4,42,8,20260810-R001-49ce74ce,C:\ronbun\runs\rfw_custom_20260810\20260810-R001-49ce74ce_step4_rfw_custom_edgeface-a348c305af33c223b337
gradcam-1a6654fbd426bf3ae5a3,population-c34a0451ee682a300684ff4b,rfw_custom,rfw:caucasian:m.01wd76l_0002,edgeface-a348c305af33c223b337,pca,pca_64,pca_reconstruction_cosine,0.01,True,frozen_origin,0.0543329715729,True,False,False,True,True,0.768337865461,True,high_error,5,42,8,20260810-R001-49ce74ce,C:\ronbun\runs\rfw_custom_20260810\20260810-R001-49ce74ce_step4_rfw_custom_edgeface-a348c305af33c223b337
gradcam-3b8d82f8c94e20d39917,population-c34a0451ee682a300684ff4b,rfw_custom,rfw:caucasian:m.026qfdh_0002,edgeface-a348c305af33c223b337,pca,pca_64,pca_reconstruction_cosine,0.01,True,frozen_origin,0.0340142250061,True,False,False,True,True,0.765536826971,True,high_error,6,42,8,20260810-R001-49ce74ce,C:\ronbun\runs\rfw_custom_20260810\20260810-R001-49ce74ce_step4_rfw_custom_edgeface-a348c305af33c223b337
gradcam-464899e6dadb03c1a6ac,population-c34a0451ee682a300684ff4b,rfw_custom,rfw:caucasian:m.08wpfw_0003,edgeface-a348c305af33c223b337,pca,pca_64,pca_reconstruction_cosine,0.01,True,frozen_origin,0.0168550014496,True,False,False,True,True,0.761761576657,True,high_error,7,42,8,20260810-R001-49ce74ce,C:\ronbun\runs\rfw_custom_20260810\20260810-R001-49ce74ce_step4_rfw_custom_edgeface-a348c305af33c223b337
gradcam-194be4d4a6643b5adf5e,population-c34a0451ee682a300684ff4b,rfw_custom,rfw:caucasian:m.062g4l_0003,edgeface-a348c305af33c223b337,pca,pca_64,pca_reconstruction_cosine,0.01,True,frozen_origin,-0.00786113739014,True,False,False,True,True,0.761078883565,True,high_error,8,42,8,20260810-R001-49ce74ce,C:\ronbun\runs\rfw_custom_20260810\20260810-R001-49ce74ce_step4_rfw_custom_edgeface-a348c305af33c223b337
gradcam-63d6c2fa3e644cfdc719,population-c34a0451ee682a300684ff4b,rfw_custom,rfw:caucasian:m.015r3q_0003,edgeface-a348c305af33c223b337,pca,pca_64,pca_reconstruction_cosine,0.01,False,frozen_origin,0.0237774848938,False,False,False,True,True,0.910170703202,True,rank_flip,1,42,8,20260810-R001-49ce74ce,C:\ronbun\runs\rfw_custom_20260810\20260810-R001-49ce74ce_step4_rfw_custom_edgeface-a348c305af33c223b337
gradcam-e74443653239353305ed,population-c34a0451ee682a300684ff4b,rfw_custom,rfw:caucasian:m.0n_kftf_0001,edgeface-a348c305af33c223b337,pca,pca_64,pca_reconstruction_cosine,0.01,False,frozen_origin,0.0532648861408,False,False,False,True,True,0.821786330998,True,rank_flip,2,42,8,20260810-R001-49ce74ce,C:\ronbun\runs\rfw_custom_20260810\20260810-R001-49ce74ce_step4_rfw_custom_edgeface-a348c305af33c223b337
gradcam-f6f48cdbafd61e956722,population-c34a0451ee682a300684ff4b,rfw_custom,rfw:caucasian:m.01r43l_0001,edgeface-a348c305af33c223b337,pca,pca_64,pca_reconstruction_cosine,0.01,False,frozen_origin,0.0617457032204,False,False,False,True,True,0.816828094976,True,rank_flip,3,42,8,20260810-R001-49ce74ce,C:\ronbun\runs\rfw_custom_20260810\20260810-R001-49ce74ce_step4_rfw_custom_edgeface-a348c305af33c223b337
gradcam-5d6024aa600bdc2e3aa2,population-c34a0451ee682a300684ff4b,rfw_custom,rfw:caucasian:m.01v526_0005,edgeface-a348c305af33c223b337,pca,pca_64,pca_reconstruction_cosine,0.01,False,frozen_origin,0.0718947350979,False,False,False,True,True,0.80170755166,True,rank_flip,4,42,8,20260810-R001-49ce74ce,C:\ronbun\runs\rfw_custom_20260810\20260810-R001-49ce74ce_step4_rfw_custom_edgeface-a348c305af33c223b337
gradcam-37eb665f8bfa69f887c1,population-c34a0451ee682a300684ff4b,rfw_custom,rfw:african:m.026y610_0003,edgeface-a348c305af33c223b337,pca,pca_64,pca_reconstruction_cosine,0.01,False,frozen_origin,0.0651975274086,False,False,False,True,True,0.796448246575,True,rank_flip,5,42,8,20260810-R001-49ce74ce,C:\ronbun\runs\rfw_custom_20260810\20260810-R001-49ce74ce_step4_rfw_custom_edgeface-a348c305af33c223b337
gradcam-4d5eaeff67cee2d81e55,population-c34a0451ee682a300684ff4b,rfw_custom,rfw:caucasian:m.04mx___0006,edgeface-a348c305af33c223b337,pca,pca_64,pca_reconstruction_cosine,0.01,True,frozen_origin,-0.0353807508945,False,False,False,True,True,0.79272415317,True,rank_flip,6,42,8,20260810-R001-49ce74ce,C:\ronbun\runs\rfw_custom_20260810\20260810-R001-49ce74ce_step4_rfw_custom_edgeface-a348c305af33c223b337
gradcam-ab4bf45a8ef5d6975902,population-c34a0451ee682a300684ff4b,rfw_custom,rfw:caucasian:m.0gbmd2h_0001,edgeface-a348c305af33c223b337,pca,pca_64,pca_reconstruction_cosine,0.01,False,frozen_origin,0.0721914172173,False,False,False,True,True,0.787554811702,True,rank_flip,7,42,8,20260810-R001-49ce74ce,C:\ronbun\runs\rfw_custom_20260810\20260810-R001-49ce74ce_step4_rfw_custom_edgeface-a348c305af33c223b337
gradcam-039a0f04e1d9faee353e,population-c34a0451ee682a300684ff4b,rfw_custom,rfw:caucasian:m.06y7t6_0002,edgeface-a348c305af33c223b337,pca,pca_64,pca_reconstruction_cosine,0.01,True,frozen_origin,0.00760492682457,False,False,False,True,True,0.778230029195,True,rank_flip,8,42,8,20260810-R001-49ce74ce,C:\ronbun\runs\rfw_custom_20260810\20260810-R001-49ce74ce_step4_rfw_custom_edgeface-a348c305af33c223b337
gradcam-7f71544df34974a71e0b,population-c34a0451ee682a300684ff4b,rfw_custom,rfw:african:m.0b6lb0j_0004,edgeface-a348c305af33c223b337,pca,pca_64,pca_reconstruction_cosine,0.01,False,frozen_origin,0.0421296358109,True,False,False,True,True,0.350617308541,True,stable,1,42,8,20260810-R001-49ce74ce,C:\ronbun\runs\rfw_custom_20260810\20260810-R001-49ce74ce_step4_rfw_custom_edgeface-a348c305af33c223b337
gradcam-d6b9a028925feba671a2,population-c34a0451ee682a300684ff4b,rfw_custom,rfw:african:m.0gwyg57_0004,edgeface-a348c305af33c223b337,pca,pca_64,pca_reconstruction_cosine,0.01,True,frozen_origin,0.0178210735321,True,False,False,True,True,0.381605657055,True,stable,2,42,8,20260810-R001-49ce74ce,C:\ronbun\runs\rfw_custom_20260810\20260810-R001-49ce74ce_step4_rfw_custom_edgeface-a348c305af33c223b337
gradcam-b9ee903a82f14a3085da,population-c34a0451ee682a300684ff4b,rfw_custom,rfw:african:m.04nb7my_0001,edgeface-a348c305af33c223b337,pca,pca_64,pca_reconstruction_cosine,0.01,False,frozen_origin,0.0728839039803,True,False,False,True,True,0.384448982167,True,stable,3,42,8,20260810-R001-49ce74ce,C:\ronbun\runs\rfw_custom_20260810\20260810-R001-49ce74ce_step4_rfw_custom_edgeface-a348c305af33c223b337
gradcam-61bb45ff76f8e1c8f47c,population-c34a0451ee682a300684ff4b,rfw_custom,rfw:asian:m.0k3dh_0003,edgeface-a348c305af33c223b337,pca,pca_64,pca_reconstruction_cosine,0.01,False,frozen_origin,0.0599907636642,True,False,False,True,True,0.385455879342,True,stable,4,42,8,20260810-R001-49ce74ce,C:\ronbun\runs\rfw_custom_20260810\20260810-R001-49ce74ce_step4_rfw_custom_edgeface-a348c305af33c223b337
gradcam-19b09957e94d5edf6c1a,population-c34a0451ee682a300684ff4b,rfw_custom,rfw:asian:m.08kqw0_0003,edgeface-a348c305af33c223b337,pca,pca_64,pca_reconstruction_cosine,0.01,False,frozen_origin,0.0613474547863,True,False,False,True,True,0.395137770683,True,stable,5,42,8,20260810-R001-49ce74ce,C:\ronbun\runs\rfw_custom_20260810\20260810-R001-49ce74ce_step4_rfw_custom_edgeface-a348c305af33c223b337
gradcam-855b8b777089885f543a,population-c34a0451ee682a300684ff4b,rfw_custom,rfw:asian:m.0f9p1v_0003,edgeface-a348c305af33c223b337,pca,pca_64,pca_reconstruction_cosine,0.01,True,frozen_origin,0.0299895405769,True,False,False,True,True,0.39592785596,True,stable,6,42,8,20260810-R001-49ce74ce,C:\ronbun\runs\rfw_custom_20260810\20260810-R001-49ce74ce_step4_rfw_custom_edgeface-a348c305af33c223b337
gradcam-c55758d33a030f9008f9,population-c34a0451ee682a300684ff4b,rfw_custom,rfw:african:m.04njl2_0002,edgeface-a348c305af33c223b337,pca,pca_64,pca_reconstruction_cosine,0.01,False,frozen_origin,0.0533716082573,True,False,False,True,True,0.401876527637,True,stable,7,42,8,20260810-R001-49ce74ce,C:\ronbun\runs\rfw_custom_20260810\20260810-R001-49ce74ce_step4_rfw_custom_edgeface-a348c305af33c223b337
gradcam-30e6004013a156ce6f5f,population-c34a0451ee682a300684ff4b,rfw_custom,rfw:african:m.0ddrzd_0003,edgeface-a348c305af33c223b337,pca,pca_64,pca_reconstruction_cosine,0.01,True,frozen_origin,0.0493784546852,True,False,False,True,True,0.402061477083,True,stable,8,42,8,20260810-R001-49ce74ce,C:\ronbun\runs\rfw_custom_20260810\20260810-R001-49ce74ce_step4_rfw_custom_edgeface-a348c305af33c223b337
gradcam-5fb79b218d9de9ed821f,population-c34a0451ee682a300684ff4b,rfw_custom,rfw:asian:m.02vrgn1_0004,edgeface-a348c305af33c223b337,pca,pca_64,pca_reconstruction_cosine,0.01,False,frozen_origin,0.17017352581,False,True,False,True,True,0.81410765037,True,threshold_crossing,1,42,8,20260810-R001-49ce74ce,C:\ronbun\runs\rfw_custom_20260810\20260810-R001-49ce74ce_step4_rfw_custom_edgeface-a348c305af33c223b337
gradcam-ae40571238b1155cbc89,population-c34a0451ee682a300684ff4b,rfw_custom,rfw:caucasian:m.05xjkv_0004,edgeface-a348c305af33c223b337,pca,pca_64,pca_reconstruction_cosine,0.01,False,frozen_origin,0.0797778367996,False,True,False,True,True,0.809317046924,True,threshold_crossing,2,42,8,20260810-R001-49ce74ce,C:\ronbun\runs\rfw_custom_20260810\20260810-R001-49ce74ce_step4_rfw_custom_edgeface-a348c305af33c223b337
gradcam-74040eb88e8a5a3bf7de,population-c34a0451ee682a300684ff4b,rfw_custom,rfw:caucasian:m.02q1jfd_0002,edgeface-a348c305af33c223b337,pca,pca_64,pca_reconstruction_cosine,0.01,False,frozen_origin,0.156838208437,False,True,False,True,True,0.78132930248,True,threshold_crossing,3,42,8,20260810-R001-49ce74ce,C:\ronbun\runs\rfw_custom_20260810\20260810-R001-49ce74ce_step4_rfw_custom_edgeface-a348c305af33c223b337
gradcam-497523eb71df3a7469c9,population-c34a0451ee682a300684ff4b,rfw_custom,rfw:caucasian:m.0538g4_0001,edgeface-a348c305af33c223b337,pca,pca_64,pca_reconstruction_cosine,0.01,False,frozen_origin,0.122929751873,True,True,False,True,True,0.768632362059,True,threshold_crossing,4,42,8,20260810-R001-49ce74ce,C:\ronbun\runs\rfw_custom_20260810\20260810-R001-49ce74ce_step4_rfw_custom_edgeface-a348c305af33c223b337
gradcam-4fcbd977085ca7467440,population-c34a0451ee682a300684ff4b,rfw_custom,rfw:asian:m.02qh6y8_0003,edgeface-a348c305af33c223b337,pca,pca_64,pca_reconstruction_cosine,0.01,False,frozen_origin,0.135074079037,False,True,False,True,True,0.767419446111,True,threshold_crossing,5,42,8,20260810-R001-49ce74ce,C:\ronbun\runs\rfw_custom_20260810\20260810-R001-49ce74ce_step4_rfw_custom_edgeface-a348c305af33c223b337
gradcam-e0e75d10f277913fdd75,population-c34a0451ee682a300684ff4b,rfw_custom,rfw:caucasian:m.04n12ty_0006,edgeface-a348c305af33c223b337,pca,pca_64,pca_reconstruction_cosine,0.01,False,frozen_origin,0.0923689603806,True,True,False,True,True,0.761474316566,True,threshold_crossing,6,42,8,20260810-R001-49ce74ce,C:\ronbun\runs\rfw_custom_20260810\20260810-R001-49ce74ce_step4_rfw_custom_edgeface-a348c305af33c223b337
gradcam-47de69261e5df874cd39,population-c34a0451ee682a300684ff4b,rfw_custom,rfw:asian:m.044yxb_0001,edgeface-a348c305af33c223b337,pca,pca_64,pca_reconstruction_cosine,0.01,False,frozen_origin,0.0959899425507,False,True,False,True,True,0.761059830807,True,threshold_crossing,7,42,8,20260810-R001-49ce74ce,C:\ronbun\runs\rfw_custom_20260810\20260810-R001-49ce74ce_step4_rfw_custom_edgeface-a348c305af33c223b337
gradcam-5c2a749b47d77939ac3a,population-c34a0451ee682a300684ff4b,rfw_custom,rfw:caucasian:m.01vr20_0002,edgeface-a348c305af33c223b337,pca,pca_64,pca_reconstruction_cosine,0.01,False,frozen_origin,0.115123361349,False,True,False,True,True,0.75519636568,True,threshold_crossing,8,42,8,20260810-R001-49ce74ce,C:\ronbun\runs\rfw_custom_20260810\20260810-R001-49ce74ce_step4_rfw_custom_edgeface-a348c305af33c223b337
gradcam-94f01702c15a5de8ad57,population-c34a0451ee682a300684ff4b,rfw_custom,rfw:indian:m.04t7rn_0001,edgeface-a348c305af33c223b337,pca,pca_64,pca_reconstruction_cosine,0.1,True,frozen_origin,0.0345353484154,True,False,False,True,True,0.809964091593,True,high_error,1,42,8,20260810-R001-49ce74ce,C:\ronbun\runs\rfw_custom_20260810\20260810-R001-49ce74ce_step4_rfw_custom_edgeface-a348c305af33c223b337
gradcam-e37a74c574afd826eddc,population-c34a0451ee682a300684ff4b,rfw_custom,rfw:indian:m.0b6km_j_0002,edgeface-a348c305af33c223b337,pca,pca_64,pca_reconstruction_cosine,0.1,True,frozen_origin,0.0157071948051,True,False,False,True,True,0.788461884437,True,high_error,2,42,8,20260810-R001-49ce74ce,C:\ronbun\runs\rfw_custom_20260810\20260810-R001-49ce74ce_step4_rfw_custom_edgeface-a348c305af33c223b337
gradcam-de35c0b8c38eabccdbb2,population-c34a0451ee682a300684ff4b,rfw_custom,rfw:caucasian:m.01_gcy_0003,edgeface-a348c305af33c223b337,pca,pca_64,pca_reconstruction_cosine,0.1,False,frozen_origin,0.030037432909,True,False,False,True,True,0.775401940007,True,high_error,3,42,8,20260810-R001-49ce74ce,C:\ronbun\runs\rfw_custom_20260810\20260810-R001-49ce74ce_step4_rfw_custom_edgeface-a348c305af33c223b337
gradcam-e8bfb541eae3fe025905,population-c34a0451ee682a300684ff4b,rfw_custom,rfw:caucasian:m.04mx___0002,edgeface-a348c305af33c223b337,pca,pca_64,pca_reconstruction_cosine,0.1,True,frozen_origin,-0.0286536812782,True,False,False,True,True,0.773680768148,True,high_error,4,42,8,20260810-R001-49ce74ce,C:\ronbun\runs\rfw_custom_20260810\20260810-R001-49ce74ce_step4_rfw_custom_edgeface-a348c305af33c223b337
gradcam-83bab1a4417e9fe043fd,population-c34a0451ee682a300684ff4b,rfw_custom,rfw:caucasian:m.01wd76l_0002,edgeface-a348c305af33c223b337,pca,pca_64,pca_reconstruction_cosine,0.1,True,frozen_origin,0.0543329715729,True,False,False,True,True,0.768337865461,True,high_error,5,42,8,20260810-R001-49ce74ce,C:\ronbun\runs\rfw_custom_20260810\20260810-R001-49ce74ce_step4_rfw_custom_edgeface-a348c305af33c223b337
gradcam-b0cd20752f21950aa720,population-c34a0451ee682a300684ff4b,rfw_custom,rfw:caucasian:m.026qfdh_0002,edgeface-a348c305af33c223b337,pca,pca_64,pca_reconstruction_cosine,0.1,True,frozen_origin,0.0340142250061,True,False,False,True,True,0.765536826971,True,high_error,6,42,8,20260810-R001-49ce74ce,C:\ronbun\runs\rfw_custom_20260810\20260810-R001-49ce74ce_step4_rfw_custom_edgeface-a348c305af33c223b337
gradcam-ce22628bdd7c91324855,population-c34a0451ee682a300684ff4b,rfw_custom,rfw:caucasian:m.08wpfw_0003,edgeface-a348c305af33c223b337,pca,pca_64,pca_reconstruction_cosine,0.1,True,frozen_origin,0.0168550014496,True,False,False,True,True,0.761761576657,True,high_error,7,42,8,20260810-R001-49ce74ce,C:\ronbun\runs\rfw_custom_20260810\20260810-R001-49ce74ce_step4_rfw_custom_edgeface-a348c305af33c223b337
gradcam-88d248060d5b587a5be7,population-c34a0451ee682a300684ff4b,rfw_custom,rfw:caucasian:m.04n12ty_0006,edgeface-a348c305af33c223b337,pca,pca_64,pca_reconstruction_cosine,0.1,False,frozen_origin,0.0923689603806,True,False,False,True,True,0.761474316566,True,high_error,8,42,8,20260810-R001-49ce74ce,C:\ronbun\runs\rfw_custom_20260810\20260810-R001-49ce74ce_step4_rfw_custom_edgeface-a348c305af33c223b337
gradcam-b9e18fd82516ef87d4c8,population-c34a0451ee682a300684ff4b,rfw_custom,rfw:caucasian:m.0n_kftf_0001,edgeface-a348c305af33c223b337,pca,pca_64,pca_reconstruction_cosine,0.1,False,frozen_origin,0.0532648861408,False,False,False,True,True,0.821786330998,True,rank_flip,1,42,8,20260810-R001-49ce74ce,C:\ronbun\runs\rfw_custom_20260810\20260810-R001-49ce74ce_step4_rfw_custom_edgeface-a348c305af33c223b337
gradcam-0e91417953b1641dcf41,population-c34a0451ee682a300684ff4b,rfw_custom,rfw:caucasian:m.05xjkv_0004,edgeface-a348c305af33c223b337,pca,pca_64,pca_reconstruction_cosine,0.1,False,frozen_origin,0.0797778367996,False,False,False,True,True,0.809317046924,True,rank_flip,2,42,8,20260810-R001-49ce74ce,C:\ronbun\runs\rfw_custom_20260810\20260810-R001-49ce74ce_step4_rfw_custom_edgeface-a348c305af33c223b337
gradcam-1a010905bd1b2d46cce6,population-c34a0451ee682a300684ff4b,rfw_custom,rfw:african:m.026y610_0003,edgeface-a348c305af33c223b337,pca,pca_64,pca_reconstruction_cosine,0.1,False,frozen_origin,0.0651975274086,False,False,False,True,True,0.796448246575,True,rank_flip,3,42,8,20260810-R001-49ce74ce,C:\ronbun\runs\rfw_custom_20260810\20260810-R001-49ce74ce_step4_rfw_custom_edgeface-a348c305af33c223b337
gradcam-9a2287f7bcc24a18b6a3,population-c34a0451ee682a300684ff4b,rfw_custom,rfw:caucasian:m.04mx___0006,edgeface-a348c305af33c223b337,pca,pca_64,pca_reconstruction_cosine,0.1,True,frozen_origin,-0.0353807508945,False,False,False,True,True,0.79272415317,True,rank_flip,4,42,8,20260810-R001-49ce74ce,C:\ronbun\runs\rfw_custom_20260810\20260810-R001-49ce74ce_step4_rfw_custom_edgeface-a348c305af33c223b337
gradcam-aedabb41637d8ce79e25,population-c34a0451ee682a300684ff4b,rfw_custom,rfw:caucasian:m.0gbmd2h_0001,edgeface-a348c305af33c223b337,pca,pca_64,pca_reconstruction_cosine,0.1,False,frozen_origin,0.0721914172173,False,False,False,True,True,0.787554811702,True,rank_flip,5,42,8,20260810-R001-49ce74ce,C:\ronbun\runs\rfw_custom_20260810\20260810-R001-49ce74ce_step4_rfw_custom_edgeface-a348c305af33c223b337
gradcam-79d15920d58fbfc104b0,population-c34a0451ee682a300684ff4b,rfw_custom,rfw:caucasian:m.06y7t6_0002,edgeface-a348c305af33c223b337,pca,pca_64,pca_reconstruction_cosine,0.1,True,frozen_origin,0.00760492682457,False,False,False,True,True,0.778230029195,True,rank_flip,6,42,8,20260810-R001-49ce74ce,C:\ronbun\runs\rfw_custom_20260810\20260810-R001-49ce74ce_step4_rfw_custom_edgeface-a348c305af33c223b337
gradcam-5f744d2ace6b4d9f4860,population-c34a0451ee682a300684ff4b,rfw_custom,rfw:asian:m.02qh6y8_0003,edgeface-a348c305af33c223b337,pca,pca_64,pca_reconstruction_cosine,0.1,False,frozen_origin,0.135074079037,False,False,False,True,True,0.767419446111,True,rank_flip,7,42,8,20260810-R001-49ce74ce,C:\ronbun\runs\rfw_custom_20260810\20260810-R001-49ce74ce_step4_rfw_custom_edgeface-a348c305af33c223b337
gradcam-264f2b26f47b185f0857,population-c34a0451ee682a300684ff4b,rfw_custom,rfw:asian:m.044yxb_0001,edgeface-a348c305af33c223b337,pca,pca_64,pca_reconstruction_cosine,0.1,False,frozen_origin,0.0959899425507,False,False,False,True,True,0.761059830807,True,rank_flip,8,42,8,20260810-R001-49ce74ce,C:\ronbun\runs\rfw_custom_20260810\20260810-R001-49ce74ce_step4_rfw_custom_edgeface-a348c305af33c223b337
gradcam-8a00ae95c311696cc938,population-c34a0451ee682a300684ff4b,rfw_custom,rfw:african:m.0b6lb0j_0004,edgeface-a348c305af33c223b337,pca,pca_64,pca_reconstruction_cosine,0.1,False,frozen_origin,0.0421296358109,True,False,False,True,True,0.350617308541,True,stable,1,42,8,20260810-R001-49ce74ce,C:\ronbun\runs\rfw_custom_20260810\20260810-R001-49ce74ce_step4_rfw_custom_edgeface-a348c305af33c223b337
gradcam-d70912f7c2bd3e1e2da9,population-c34a0451ee682a300684ff4b,rfw_custom,rfw:african:m.03m63nw_0002,edgeface-a348c305af33c223b337,pca,pca_64,pca_reconstruction_cosine,0.1,False,frozen_origin,0.0514031648636,True,False,False,True,True,0.370675281751,True,stable,2,42,8,20260810-R001-49ce74ce,C:\ronbun\runs\rfw_custom_20260810\20260810-R001-49ce74ce_step4_rfw_custom_edgeface-a348c305af33c223b337
gradcam-38531c420bd987b949b8,population-c34a0451ee682a300684ff4b,rfw_custom,rfw:african:m.02wwjtp_0002,edgeface-a348c305af33c223b337,pca,pca_64,pca_reconstruction_cosine,0.1,False,frozen_origin,0.0398420095444,True,False,False,True,True,0.377249406212,True,stable,3,42,8,20260810-R001-49ce74ce,C:\ronbun\runs\rfw_custom_20260810\20260810-R001-49ce74ce_step4_rfw_custom_edgeface-a348c305af33c223b337
gradcam-3b62e3bb188d7de4c6f9,population-c34a0451ee682a300684ff4b,rfw_custom,rfw:african:m.0gwyg57_0004,edgeface-a348c305af33c223b337,pca,pca_64,pca_reconstruction_cosine,0.1,True,frozen_origin,0.0178210735321,True,False,False,True,True,0.381605657055,True,stable,4,42,8,20260810-R001-49ce74ce,C:\ronbun\runs\rfw_custom_20260810\20260810-R001-49ce74ce_step4_rfw_custom_edgeface-a348c305af33c223b337
gradcam-539d6a66ba6b763bdf48,population-c34a0451ee682a300684ff4b,rfw_custom,rfw:african:m.04nb7my_0001,edgeface-a348c305af33c223b337,pca,pca_64,pca_reconstruction_cosine,0.1,False,frozen_origin,0.0728839039803,True,False,False,True,True,0.384448982167,True,stable,5,42,8,20260810-R001-49ce74ce,C:\ronbun\runs\rfw_custom_20260810\20260810-R001-49ce74ce_step4_rfw_custom_edgeface-a348c305af33c223b337
gradcam-345a9b3b805335050d05,population-c34a0451ee682a300684ff4b,rfw_custom,rfw:asian:m.0k3dh_0003,edgeface-a348c305af33c223b337,pca,pca_64,pca_reconstruction_cosine,0.1,False,frozen_origin,0.0599907636642,True,False,False,True,True,0.385455879342,True,stable,6,42,8,20260810-R001-49ce74ce,C:\ronbun\runs\rfw_custom_20260810\20260810-R001-49ce74ce_step4_rfw_custom_edgeface-a348c305af33c223b337
gradcam-003b37e213cb4f3d1666,population-c34a0451ee682a300684ff4b,rfw_custom,rfw:african:m.05rxvq_0002,edgeface-a348c305af33c223b337,pca,pca_64,pca_reconstruction_cosine,0.1,False,frozen_origin,0.065899848938,True,False,False,True,True,0.389357118061,True,stable,7,42,8,20260810-R001-49ce74ce,C:\ronbun\runs\rfw_custom_20260810\20260810-R001-49ce74ce_step4_rfw_custom_edgeface-a348c305af33c223b337
gradcam-2310f6c0fb043ceb75a1,population-c34a0451ee682a300684ff4b,rfw_custom,rfw:asian:m.08kqw0_0003,edgeface-a348c305af33c223b337,pca,pca_64,pca_reconstruction_cosine,0.1,False,frozen_origin,0.0613474547863,True,False,False,True,True,0.395137770683,True,stable,8,42,8,20260810-R001-49ce74ce,C:\ronbun\runs\rfw_custom_20260810\20260810-R001-49ce74ce_step4_rfw_custom_edgeface-a348c305af33c223b337
gradcam-676e868515d83d3e5e53,population-c34a0451ee682a300684ff4b,rfw_custom,rfw:caucasian:m.015r3q_0003,edgeface-a348c305af33c223b337,pca,pca_64,pca_reconstruction_cosine,0.1,False,frozen_origin,0.0237774848938,False,True,False,True,True,0.910170703202,True,threshold_crossing,1,42,8,20260810-R001-49ce74ce,C:\ronbun\runs\rfw_custom_20260810\20260810-R001-49ce74ce_step4_rfw_custom_edgeface-a348c305af33c223b337
gradcam-a3650cd4c889750b2070,population-c34a0451ee682a300684ff4b,rfw_custom,rfw:caucasian:m.01r43l_0001,edgeface-a348c305af33c223b337,pca,pca_64,pca_reconstruction_cosine,0.1,False,frozen_origin,0.0617457032204,False,True,False,True,True,0.816828094976,True,threshold_crossing,2,42,8,20260810-R001-49ce74ce,C:\ronbun\runs\rfw_custom_20260810\20260810-R001-49ce74ce_step4_rfw_custom_edgeface-a348c305af33c223b337
gradcam-964d3b73286d954e5854,population-c34a0451ee682a300684ff4b,rfw_custom,rfw:asian:m.02vrgn1_0004,edgeface-a348c305af33c223b337,pca,pca_64,pca_reconstruction_cosine,0.1,False,frozen_origin,0.17017352581,False,True,False,True,True,0.81410765037,True,threshold_crossing,3,42,8,20260810-R001-49ce74ce,C:\ronbun\runs\rfw_custom_20260810\20260810-R001-49ce74ce_step4_rfw_custom_edgeface-a348c305af33c223b337
gradcam-28a8805b5b504e8aa94d,population-c34a0451ee682a300684ff4b,rfw_custom,rfw:caucasian:m.01v526_0005,edgeface-a348c305af33c223b337,pca,pca_64,pca_reconstruction_cosine,0.1,False,frozen_origin,0.0718947350979,False,True,False,True,True,0.80170755166,True,threshold_crossing,4,42,8,20260810-R001-49ce74ce,C:\ronbun\runs\rfw_custom_20260810\20260810-R001-49ce74ce_step4_rfw_custom_edgeface-a348c305af33c223b337
gradcam-68997989111814cb9ece,population-c34a0451ee682a300684ff4b,rfw_custom,rfw:caucasian:m.02q1jfd_0002,edgeface-a348c305af33c223b337,pca,pca_64,pca_reconstruction_cosine,0.1,False,frozen_origin,0.156838208437,False,True,False,True,True,0.78132930248,True,threshold_crossing,5,42,8,20260810-R001-49ce74ce,C:\ronbun\runs\rfw_custom_20260810\20260810-R001-49ce74ce_step4_rfw_custom_edgeface-a348c305af33c223b337
gradcam-2998a1b1be21234f41e8,population-c34a0451ee682a300684ff4b,rfw_custom,rfw:caucasian:m.0538g4_0001,edgeface-a348c305af33c223b337,pca,pca_64,pca_reconstruction_cosine,0.1,False,frozen_origin,0.122929751873,True,True,False,True,True,0.768632362059,True,threshold_crossing,6,42,8,20260810-R001-49ce74ce,C:\ronbun\runs\rfw_custom_20260810\20260810-R001-49ce74ce_step4_rfw_custom_edgeface-a348c305af33c223b337
gradcam-c398cabdae9557d4a82a,population-c34a0451ee682a300684ff4b,rfw_custom,rfw:caucasian:m.0lylw_0003,edgeface-a348c305af33c223b337,pca,pca_64,pca_reconstruction_cosine,0.1,False,frozen_origin,0.0860238075256,False,True,False,True,True,0.767931151563,True,threshold_crossing,7,42,8,20260810-R001-49ce74ce,C:\ronbun\runs\rfw_custom_20260810\20260810-R001-49ce74ce_step4_rfw_custom_edgeface-a348c305af33c223b337
gradcam-e93a0614f01f93cca161,population-c34a0451ee682a300684ff4b,rfw_custom,rfw:caucasian:m.01vr20_0002,edgeface-a348c305af33c223b337,pca,pca_64,pca_reconstruction_cosine,0.1,False,frozen_origin,0.115123361349,False,True,False,True,True,0.75519636568,True,threshold_crossing,8,42,8,20260810-R001-49ce74ce,C:\ronbun\runs\rfw_custom_20260810\20260810-R001-49ce74ce_step4_rfw_custom_edgeface-a348c305af33c223b337
gradcam-73f33f4ff5f0acc49b5a,population-c34a0451ee682a300684ff4b,rfw_custom,rfw:caucasian:m.01kzrcw_0003,edgeface-a348c305af33c223b337,pq,pq_512_m128_b8,pq_reconstruction_cosine,0.01,False,frozen_origin,-0.0518111884594,True,False,False,True,True,0.346692140921,True,high_error,1,42,8,20260810-R001-49ce74ce,C:\ronbun\runs\rfw_custom_20260810\20260810-R001-49ce74ce_step4_rfw_custom_edgeface-a348c305af33c223b337
gradcam-84f3e75be58c0e0ba857,population-c34a0451ee682a300684ff4b,rfw_custom,rfw:indian:m.0j6jy2z_0001,edgeface-a348c305af33c223b337,pq,pq_512_m128_b8,pq_reconstruction_cosine,0.01,True,frozen_origin,-0.0479006171227,True,False,False,True,True,0.344447337166,True,high_error,2,42,8,20260810-R001-49ce74ce,C:\ronbun\runs\rfw_custom_20260810\20260810-R001-49ce74ce_step4_rfw_custom_edgeface-a348c305af33c223b337
gradcam-8da478373d305f8c8ee9,population-c34a0451ee682a300684ff4b,rfw_custom,rfw:african:m.01pmcd_0003,edgeface-a348c305af33c223b337,pq,pq_512_m128_b8,pq_reconstruction_cosine,0.01,False,frozen_origin,-0.0199823975563,True,False,False,True,True,0.342278340942,True,high_error,3,42,8,20260810-R001-49ce74ce,C:\ronbun\runs\rfw_custom_20260810\20260810-R001-49ce74ce_step4_rfw_custom_edgeface-a348c305af33c223b337
gradcam-3b6ca3d074af5829c741,population-c34a0451ee682a300684ff4b,rfw_custom,rfw:caucasian:m.0bs1m9w_0001,edgeface-a348c305af33c223b337,pq,pq_512_m128_b8,pq_reconstruction_cosine,0.01,False,frozen_origin,-0.0264045894146,True,False,False,True,True,0.340653638626,True,high_error,4,42,8,20260810-R001-49ce74ce,C:\ronbun\runs\rfw_custom_20260810\20260810-R001-49ce74ce_step4_rfw_custom_edgeface-a348c305af33c223b337
gradcam-84bac07db1002ae4fcb4,population-c34a0451ee682a300684ff4b,rfw_custom,rfw:indian:m.04t7rn_0001,edgeface-a348c305af33c223b337,pq,pq_512_m128_b8,pq_reconstruction_cosine,0.01,True,frozen_origin,-0.0734841823578,True,False,False,True,True,0.340052599691,True,high_error,5,42,8,20260810-R001-49ce74ce,C:\ronbun\runs\rfw_custom_20260810\20260810-R001-49ce74ce_step4_rfw_custom_edgeface-a348c305af33c223b337
gradcam-076c302a979aaacafa16,population-c34a0451ee682a300684ff4b,rfw_custom,rfw:indian:m.06q2bt_0002,edgeface-a348c305af33c223b337,pq,pq_512_m128_b8,pq_reconstruction_cosine,0.01,True,frozen_origin,-0.0482602715492,True,False,False,True,True,0.339257381441,True,high_error,6,42,8,20260810-R001-49ce74ce,C:\ronbun\runs\rfw_custom_20260810\20260810-R001-49ce74ce_step4_rfw_custom_edgeface-a348c305af33c223b337
gradcam-c312d1b8a1e1fac060a1,population-c34a0451ee682a300684ff4b,rfw_custom,rfw:caucasian:m.0bq7m_0001,edgeface-a348c305af33c223b337,pq,pq_512_m128_b8,pq_reconstruction_cosine,0.01,False,frozen_origin,-0.0287372469902,True,False,False,True,True,0.339044985631,True,high_error,7,42,8,20260810-R001-49ce74ce,C:\ronbun\runs\rfw_custom_20260810\20260810-R001-49ce74ce_step4_rfw_custom_edgeface-a348c305af33c223b337
gradcam-5f0c46c258ce916c86c5,population-c34a0451ee682a300684ff4b,rfw_custom,rfw:indian:m.0k3myvz_0002,edgeface-a348c305af33c223b337,pq,pq_512_m128_b8,pq_reconstruction_cosine,0.01,True,frozen_origin,-0.0523027777672,True,False,False,True,True,0.338743398356,True,high_error,8,42,8,20260810-R001-49ce74ce,C:\ronbun\runs\rfw_custom_20260810\20260810-R001-49ce74ce_step4_rfw_custom_edgeface-a348c305af33c223b337
gradcam-02ce53fbeffa7cf4c562,population-c34a0451ee682a300684ff4b,rfw_custom,rfw:asian:m.023rtb_0001,edgeface-a348c305af33c223b337,pq,pq_512_m128_b8,pq_reconstruction_cosine,0.01,False,frozen_origin,-0.0731053948402,False,False,False,True,True,0.342386906455,True,rank_flip,1,42,8,20260810-R001-49ce74ce,C:\ronbun\runs\rfw_custom_20260810\20260810-R001-49ce74ce_step4_rfw_custom_edgeface-a348c305af33c223b337
gradcam-e83a93992030e6cf17d3,population-c34a0451ee682a300684ff4b,rfw_custom,rfw:asian:m.02s461_0002,edgeface-a348c305af33c223b337,pq,pq_512_m128_b8,pq_reconstruction_cosine,0.01,False,frozen_origin,-0.0316338837147,False,False,False,True,True,0.339691123606,True,rank_flip,2,42,8,20260810-R001-49ce74ce,C:\ronbun\runs\rfw_custom_20260810\20260810-R001-49ce74ce_step4_rfw_custom_edgeface-a348c305af33c223b337
gradcam-6542672d94187c96d9c6,population-c34a0451ee682a300684ff4b,rfw_custom,rfw:asian:m.026nh6f_0002,edgeface-a348c305af33c223b337,pq,pq_512_m128_b8,pq_reconstruction_cosine,0.01,False,frozen_origin,-0.0298792719841,False,False,False,True,True,0.338844397726,True,rank_flip,3,42,8,20260810-R001-49ce74ce,C:\ronbun\runs\rfw_custom_20260810\20260810-R001-49ce74ce_step4_rfw_custom_edgeface-a348c305af33c223b337
gradcam-fdb3f446b6b1ebe75cf6,population-c34a0451ee682a300684ff4b,rfw_custom,rfw:caucasian:m.06w49df_0002,edgeface-a348c305af33c223b337,pq,pq_512_m128_b8,pq_reconstruction_cosine,0.01,False,frozen_origin,-0.0215243697166,False,False,False,True,True,0.336932320004,True,rank_flip,4,42,8,20260810-R001-49ce74ce,C:\ronbun\runs\rfw_custom_20260810\20260810-R001-49ce74ce_step4_rfw_custom_edgeface-a348c305af33c223b337
gradcam-b60b602dcaf45703be23,population-c34a0451ee682a300684ff4b,rfw_custom,rfw:asian:m.05gbz_0005,edgeface-a348c305af33c223b337,pq,pq_512_m128_b8,pq_reconstruction_cosine,0.01,False,frozen_origin,-0.0137763023376,False,False,False,True,True,0.336576400561,True,rank_flip,5,42,8,20260810-R001-49ce74ce,C:\ronbun\runs\rfw_custom_20260810\20260810-R001-49ce74ce_step4_rfw_custom_edgeface-a348c305af33c223b337
gradcam-96262a495c9cb9fc6b63,population-c34a0451ee682a300684ff4b,rfw_custom,rfw:caucasian:m.0lylw_0003,edgeface-a348c305af33c223b337,pq,pq_512_m128_b8,pq_reconstruction_cosine,0.01,False,frozen_origin,-0.0356234610081,False,False,False,True,True,0.33590978781,True,rank_flip,6,42,8,20260810-R001-49ce74ce,C:\ronbun\runs\rfw_custom_20260810\20260810-R001-49ce74ce_step4_rfw_custom_edgeface-a348c305af33c223b337
gradcam-9fef9069509358969657,population-c34a0451ee682a300684ff4b,rfw_custom,rfw:caucasian:m.04pgy8_0001,edgeface-a348c305af33c223b337,pq,pq_512_m128_b8,pq_reconstruction_cosine,0.01,False,frozen_origin,-0.0161029696465,False,False,False,True,True,0.334539651139,True,rank_flip,7,42,8,20260810-R001-49ce74ce,C:\ronbun\runs\rfw_custom_20260810\20260810-R001-49ce74ce_step4_rfw_custom_edgeface-a348c305af33c223b337
gradcam-e4f45023f22832573591,population-c34a0451ee682a300684ff4b,rfw_custom,rfw:asian:m.043r3cy_0005,edgeface-a348c305af33c223b337,pq,pq_512_m128_b8,pq_reconstruction_cosine,0.01,False,frozen_origin,-0.0370196700096,False,False,False,True,True,0.334156101483,True,rank_flip,8,42,8,20260810-R001-49ce74ce,C:\ronbun\runs\rfw_custom_20260810\20260810-R001-49ce74ce_step4_rfw_custom_edgeface-a348c305af33c223b337
gradcam-f0f21150882341ebc917,population-c34a0451ee682a300684ff4b,rfw_custom,rfw:asian:m.0gdlx1x_0002,edgeface-a348c305af33c223b337,pq,pq_512_m128_b8,pq_reconstruction_cosine,0.01,False,frozen_origin,0.00131085515022,True,False,False,True,True,0.290604053483,True,stable,1,42,8,20260810-R001-49ce74ce,C:\ronbun\runs\rfw_custom_20260810\20260810-R001-49ce74ce_step4_rfw_custom_edgeface-a348c305af33c223b337
gradcam-09c375ece90ede22edfd,population-c34a0451ee682a300684ff4b,rfw_custom,rfw:caucasian:m.043qy01_0002,edgeface-a348c305af33c223b337,pq,pq_512_m128_b8,pq_reconstruction_cosine,0.01,True,frozen_origin,-0.0527300238609,True,False,False,True,True,0.291995832451,True,stable,2,42,8,20260810-R001-49ce74ce,C:\ronbun\runs\rfw_custom_20260810\20260810-R001-49ce74ce_step4_rfw_custom_edgeface-a348c305af33c223b337
gradcam-bb29b662079210f53856,population-c34a0451ee682a300684ff4b,rfw_custom,rfw:asian:m.07pkn7_0001,edgeface-a348c305af33c223b337,pq,pq_512_m128_b8,pq_reconstruction_cosine,0.01,True,frozen_origin,-0.0217149853706,True,False,False,True,True,0.292366827307,True,stable,3,42,8,20260810-R001-49ce74ce,C:\ronbun\runs\rfw_custom_20260810\20260810-R001-49ce74ce_step4_rfw_custom_edgeface-a348c305af33c223b337
gradcam-0d1865e25d3a7d6da904,population-c34a0451ee682a300684ff4b,rfw_custom,rfw:asian:m.0289_m4_0005,edgeface-a348c305af33c223b337,pq,pq_512_m128_b8,pq_reconstruction_cosine,0.01,False,frozen_origin,-0.0401093661785,True,False,False,True,True,0.294910666952,True,stable,4,42,8,20260810-R001-49ce74ce,C:\ronbun\runs\rfw_custom_20260810\20260810-R001-49ce74ce_step4_rfw_custom_edgeface-a348c305af33c223b337
gradcam-bf3b19fcb504f6fdabb8,population-c34a0451ee682a300684ff4b,rfw_custom,rfw:asian:m.01b1cs_0004,edgeface-a348c305af33c223b337,pq,pq_512_m128_b8,pq_reconstruction_cosine,0.01,False,frozen_origin,-0.0490182638168,True,False,False,True,True,0.295718743376,True,stable,5,42,8,20260810-R001-49ce74ce,C:\ronbun\runs\rfw_custom_20260810\20260810-R001-49ce74ce_step4_rfw_custom_edgeface-a348c305af33c223b337
gradcam-f87c66dfb756b288461f,population-c34a0451ee682a300684ff4b,rfw_custom,rfw:indian:m.02ql9r5_0002,edgeface-a348c305af33c223b337,pq,pq_512_m128_b8,pq_reconstruction_cosine,0.01,True,frozen_origin,-0.0504728555679,True,False,False,True,True,0.296977121228,True,stable,6,42,8,20260810-R001-49ce74ce,C:\ronbun\runs\rfw_custom_20260810\20260810-R001-49ce74ce_step4_rfw_custom_edgeface-a348c305af33c223b337
gradcam-10c4c17cc0c5c4ee931b,population-c34a0451ee682a300684ff4b,rfw_custom,rfw:asian:m.0363fj_0001,edgeface-a348c305af33c223b337,pq,pq_512_m128_b8,pq_reconstruction_cosine,0.01,True,frozen_origin,-0.0246884226799,True,False,False,True,True,0.297427057834,True,stable,7,42,8,20260810-R001-49ce74ce,C:\ronbun\runs\rfw_custom_20260810\20260810-R001-49ce74ce_step4_rfw_custom_edgeface-a348c305af33c223b337
gradcam-86a02691572a040c3273,population-c34a0451ee682a300684ff4b,rfw_custom,rfw:asian:m.04tb_m_0002,edgeface-a348c305af33c223b337,pq,pq_512_m128_b8,pq_reconstruction_cosine,0.01,True,frozen_origin,-0.0344881415367,True,False,False,True,True,0.297639575114,True,stable,8,42,8,20260810-R001-49ce74ce,C:\ronbun\runs\rfw_custom_20260810\20260810-R001-49ce74ce_step4_rfw_custom_edgeface-a348c305af33c223b337
gradcam-37f6e2f6f5cffbb49d9b,population-c34a0451ee682a300684ff4b,rfw_custom,rfw:indian:m.0gvr_t7_0001,edgeface-a348c305af33c223b337,pq,pq_512_m128_b8,pq_reconstruction_cosine,0.01,False,frozen_origin,-0.0777733922005,True,True,False,True,True,0.339681094323,True,threshold_crossing,1,42,8,20260810-R001-49ce74ce,C:\ronbun\runs\rfw_custom_20260810\20260810-R001-49ce74ce_step4_rfw_custom_edgeface-a348c305af33c223b337
gradcam-62caf6a64c07f92598ec,population-c34a0451ee682a300684ff4b,rfw_custom,rfw:african:m.07s45jp_0005,edgeface-a348c305af33c223b337,pq,pq_512_m128_b8,pq_reconstruction_cosine,0.01,False,frozen_origin,-0.0384838879108,True,True,False,True,True,0.336538210699,True,threshold_crossing,2,42,8,20260810-R001-49ce74ce,C:\ronbun\runs\rfw_custom_20260810\20260810-R001-49ce74ce_step4_rfw_custom_edgeface-a348c305af33c223b337
gradcam-a638f4b12251373d5161,population-c34a0451ee682a300684ff4b,rfw_custom,rfw:asian:m.0gy1zf9_0001,edgeface-a348c305af33c223b337,pq,pq_512_m128_b8,pq_reconstruction_cosine,0.01,False,frozen_origin,-0.0526365339756,True,True,False,True,True,0.331013484914,True,threshold_crossing,3,42,8,20260810-R001-49ce74ce,C:\ronbun\runs\rfw_custom_20260810\20260810-R001-49ce74ce_step4_rfw_custom_edgeface-a348c305af33c223b337
gradcam-932771b430d5c62aea59,population-c34a0451ee682a300684ff4b,rfw_custom,rfw:caucasian:m.0538g4_0004,edgeface-a348c305af33c223b337,pq,pq_512_m128_b8,pq_reconstruction_cosine,0.01,False,frozen_origin,-0.0711496770382,True,True,False,True,True,0.330430792201,True,threshold_crossing,4,42,8,20260810-R001-49ce74ce,C:\ronbun\runs\rfw_custom_20260810\20260810-R001-49ce74ce_step4_rfw_custom_edgeface-a348c305af33c223b337
gradcam-5014713bc64e8b1ade12,population-c34a0451ee682a300684ff4b,rfw_custom,rfw:indian:m.04y88mr_0001,edgeface-a348c305af33c223b337,pq,pq_512_m128_b8,pq_reconstruction_cosine,0.01,False,frozen_origin,-0.0328979790211,True,True,False,True,True,0.32970116652,True,threshold_crossing,5,42,8,20260810-R001-49ce74ce,C:\ronbun\runs\rfw_custom_20260810\20260810-R001-49ce74ce_step4_rfw_custom_edgeface-a348c305af33c223b337
gradcam-aceefda5890bd1663745,population-c34a0451ee682a300684ff4b,rfw_custom,rfw:caucasian:m.06wx5c_0003,edgeface-a348c305af33c223b337,pq,pq_512_m128_b8,pq_reconstruction_cosine,0.01,True,frozen_origin,-0.0278733074665,True,True,False,True,True,0.328732626178,True,threshold_crossing,6,42,8,20260810-R001-49ce74ce,C:\ronbun\runs\rfw_custom_20260810\20260810-R001-49ce74ce_step4_rfw_custom_edgeface-a348c305af33c223b337
gradcam-093fc1b69ba6390cab73,population-c34a0451ee682a300684ff4b,rfw_custom,rfw:asian:m.04k4g8_0001,edgeface-a348c305af33c223b337,pq,pq_512_m128_b8,pq_reconstruction_cosine,0.01,False,frozen_origin,-0.0140900015831,True,True,False,True,True,0.32637437685,True,threshold_crossing,7,42,8,20260810-R001-49ce74ce,C:\ronbun\runs\rfw_custom_20260810\20260810-R001-49ce74ce_step4_rfw_custom_edgeface-a348c305af33c223b337
gradcam-99d750a655c7bcafae95,population-c34a0451ee682a300684ff4b,rfw_custom,rfw:african:m.01vh42g_0004,edgeface-a348c305af33c223b337,pq,pq_512_m128_b8,pq_reconstruction_cosine,0.01,True,frozen_origin,-0.0536402761936,True,True,False,True,True,0.32539713083,True,threshold_crossing,8,42,8,20260810-R001-49ce74ce,C:\ronbun\runs\rfw_custom_20260810\20260810-R001-49ce74ce_step4_rfw_custom_edgeface-a348c305af33c223b337
gradcam-4093a96a87d21c8286be,population-c34a0451ee682a300684ff4b,rfw_custom,rfw:caucasian:m.01kzrcw_0003,edgeface-a348c305af33c223b337,pq,pq_512_m128_b8,pq_reconstruction_cosine,0.1,False,frozen_origin,-0.0518111884594,True,False,False,True,True,0.346692140921,True,high_error,1,42,8,20260810-R001-49ce74ce,C:\ronbun\runs\rfw_custom_20260810\20260810-R001-49ce74ce_step4_rfw_custom_edgeface-a348c305af33c223b337
gradcam-1b015fb8ad604fed6537,population-c34a0451ee682a300684ff4b,rfw_custom,rfw:indian:m.0j6jy2z_0001,edgeface-a348c305af33c223b337,pq,pq_512_m128_b8,pq_reconstruction_cosine,0.1,True,frozen_origin,-0.0479006171227,True,False,False,True,True,0.344447337166,True,high_error,2,42,8,20260810-R001-49ce74ce,C:\ronbun\runs\rfw_custom_20260810\20260810-R001-49ce74ce_step4_rfw_custom_edgeface-a348c305af33c223b337
gradcam-d366bce34971cc52128c,population-c34a0451ee682a300684ff4b,rfw_custom,rfw:african:m.01pmcd_0003,edgeface-a348c305af33c223b337,pq,pq_512_m128_b8,pq_reconstruction_cosine,0.1,False,frozen_origin,-0.0199823975563,True,False,False,True,True,0.342278340942,True,high_error,3,42,8,20260810-R001-49ce74ce,C:\ronbun\runs\rfw_custom_20260810\20260810-R001-49ce74ce_step4_rfw_custom_edgeface-a348c305af33c223b337
gradcam-d07b6706744a007d36fc,population-c34a0451ee682a300684ff4b,rfw_custom,rfw:caucasian:m.0bs1m9w_0001,edgeface-a348c305af33c223b337,pq,pq_512_m128_b8,pq_reconstruction_cosine,0.1,False,frozen_origin,-0.0264045894146,True,False,False,True,True,0.340653638626,True,high_error,4,42,8,20260810-R001-49ce74ce,C:\ronbun\runs\rfw_custom_20260810\20260810-R001-49ce74ce_step4_rfw_custom_edgeface-a348c305af33c223b337
gradcam-0bb088e296cfb69bf131,population-c34a0451ee682a300684ff4b,rfw_custom,rfw:indian:m.04t7rn_0001,edgeface-a348c305af33c223b337,pq,pq_512_m128_b8,pq_reconstruction_cosine,0.1,True,frozen_origin,-0.0734841823578,True,False,False,True,True,0.340052599691,True,high_error,5,42,8,20260810-R001-49ce74ce,C:\ronbun\runs\rfw_custom_20260810\20260810-R001-49ce74ce_step4_rfw_custom_edgeface-a348c305af33c223b337
gradcam-19f1c05ef60e8a38001c,population-c34a0451ee682a300684ff4b,rfw_custom,rfw:indian:m.0gvr_t7_0001,edgeface-a348c305af33c223b337,pq,pq_512_m128_b8,pq_reconstruction_cosine,0.1,False,frozen_origin,-0.0777733922005,True,False,False,True,True,0.339681094323,True,high_error,6,42,8,20260810-R001-49ce74ce,C:\ronbun\runs\rfw_custom_20260810\20260810-R001-49ce74ce_step4_rfw_custom_edgeface-a348c305af33c223b337
gradcam-84e955f2a4d45d20dca3,population-c34a0451ee682a300684ff4b,rfw_custom,rfw:indian:m.06q2bt_0002,edgeface-a348c305af33c223b337,pq,pq_512_m128_b8,pq_reconstruction_cosine,0.1,True,frozen_origin,-0.0482602715492,True,False,False,True,True,0.339257381441,True,high_error,7,42,8,20260810-R001-49ce74ce,C:\ronbun\runs\rfw_custom_20260810\20260810-R001-49ce74ce_step4_rfw_custom_edgeface-a348c305af33c223b337
gradcam-98e89cfea9926ddd8e1a,population-c34a0451ee682a300684ff4b,rfw_custom,rfw:indian:m.0k3myvz_0002,edgeface-a348c305af33c223b337,pq,pq_512_m128_b8,pq_reconstruction_cosine,0.1,True,frozen_origin,-0.0523027777672,True,False,False,True,True,0.338743398356,True,high_error,8,42,8,20260810-R001-49ce74ce,C:\ronbun\runs\rfw_custom_20260810\20260810-R001-49ce74ce_step4_rfw_custom_edgeface-a348c305af33c223b337
gradcam-7a5b4c3adce09415c7f9,population-c34a0451ee682a300684ff4b,rfw_custom,rfw:asian:m.023rtb_0001,edgeface-a348c305af33c223b337,pq,pq_512_m128_b8,pq_reconstruction_cosine,0.1,False,frozen_origin,-0.0731053948402,False,False,False,True,True,0.342386906455,True,rank_flip,1,42,8,20260810-R001-49ce74ce,C:\ronbun\runs\rfw_custom_20260810\20260810-R001-49ce74ce_step4_rfw_custom_edgeface-a348c305af33c223b337
gradcam-6b40f95448b6c2cfce8a,population-c34a0451ee682a300684ff4b,rfw_custom,rfw:asian:m.02s461_0002,edgeface-a348c305af33c223b337,pq,pq_512_m128_b8,pq_reconstruction_cosine,0.1,False,frozen_origin,-0.0316338837147,False,False,False,True,True,0.339691123606,True,rank_flip,2,42,8,20260810-R001-49ce74ce,C:\ronbun\runs\rfw_custom_20260810\20260810-R001-49ce74ce_step4_rfw_custom_edgeface-a348c305af33c223b337
gradcam-08f540a17477891c1838,population-c34a0451ee682a300684ff4b,rfw_custom,rfw:caucasian:m.06w49df_0002,edgeface-a348c305af33c223b337,pq,pq_512_m128_b8,pq_reconstruction_cosine,0.1,False,frozen_origin,-0.0215243697166,False,False,False,True,True,0.336932320004,True,rank_flip,3,42,8,20260810-R001-49ce74ce,C:\ronbun\runs\rfw_custom_20260810\20260810-R001-49ce74ce_step4_rfw_custom_edgeface-a348c305af33c223b337
gradcam-fc831692a4a1860c769e,population-c34a0451ee682a300684ff4b,rfw_custom,rfw:asian:m.05gbz_0005,edgeface-a348c305af33c223b337,pq,pq_512_m128_b8,pq_reconstruction_cosine,0.1,False,frozen_origin,-0.0137763023376,False,False,False,True,True,0.336576400561,True,rank_flip,4,42,8,20260810-R001-49ce74ce,C:\ronbun\runs\rfw_custom_20260810\20260810-R001-49ce74ce_step4_rfw_custom_edgeface-a348c305af33c223b337
gradcam-b9a293a863d46742b2ad,population-c34a0451ee682a300684ff4b,rfw_custom,rfw:caucasian:m.0lylw_0003,edgeface-a348c305af33c223b337,pq,pq_512_m128_b8,pq_reconstruction_cosine,0.1,False,frozen_origin,-0.0356234610081,False,False,False,True,True,0.33590978781,True,rank_flip,5,42,8,20260810-R001-49ce74ce,C:\ronbun\runs\rfw_custom_20260810\20260810-R001-49ce74ce_step4_rfw_custom_edgeface-a348c305af33c223b337
gradcam-0f7cb1f4cbf2f67a7368,population-c34a0451ee682a300684ff4b,rfw_custom,rfw:caucasian:m.04pgy8_0001,edgeface-a348c305af33c223b337,pq,pq_512_m128_b8,pq_reconstruction_cosine,0.1,False,frozen_origin,-0.0161029696465,False,False,False,True,True,0.334539651139,True,rank_flip,6,42,8,20260810-R001-49ce74ce,C:\ronbun\runs\rfw_custom_20260810\20260810-R001-49ce74ce_step4_rfw_custom_edgeface-a348c305af33c223b337
gradcam-dcc09aac32075d7ab574,population-c34a0451ee682a300684ff4b,rfw_custom,rfw:caucasian:m.06dfqs_0003,edgeface-a348c305af33c223b337,pq,pq_512_m128_b8,pq_reconstruction_cosine,0.1,False,frozen_origin,-0.00154221057892,False,False,False,True,True,0.333252586393,True,rank_flip,7,42,8,20260810-R001-49ce74ce,C:\ronbun\runs\rfw_custom_20260810\20260810-R001-49ce74ce_step4_rfw_custom_edgeface-a348c305af33c223b337
gradcam-99eddc2ba8a145dbcfb0,population-c34a0451ee682a300684ff4b,rfw_custom,rfw:caucasian:m.043cq6_0002,edgeface-a348c305af33c223b337,pq,pq_512_m128_b8,pq_reconstruction_cosine,0.1,False,frozen_origin,-0.0450962781906,False,False,False,True,True,0.332661487846,True,rank_flip,8,42,8,20260810-R001-49ce74ce,C:\ronbun\runs\rfw_custom_20260810\20260810-R001-49ce74ce_step4_rfw_custom_edgeface-a348c305af33c223b337
gradcam-978213862c1bdbccb12b,population-c34a0451ee682a300684ff4b,rfw_custom,rfw:asian:m.0gdlx1x_0002,edgeface-a348c305af33c223b337,pq,pq_512_m128_b8,pq_reconstruction_cosine,0.1,False,frozen_origin,0.00131085515022,True,False,False,True,True,0.290604053483,True,stable,1,42,8,20260810-R001-49ce74ce,C:\ronbun\runs\rfw_custom_20260810\20260810-R001-49ce74ce_step4_rfw_custom_edgeface-a348c305af33c223b337
gradcam-75d8471dba100b8a24f4,population-c34a0451ee682a300684ff4b,rfw_custom,rfw:caucasian:m.043qy01_0002,edgeface-a348c305af33c223b337,pq,pq_512_m128_b8,pq_reconstruction_cosine,0.1,True,frozen_origin,-0.0527300238609,True,False,False,True,True,0.291995832451,True,stable,2,42,8,20260810-R001-49ce74ce,C:\ronbun\runs\rfw_custom_20260810\20260810-R001-49ce74ce_step4_rfw_custom_edgeface-a348c305af33c223b337
gradcam-36e155d1327e40f5ec52,population-c34a0451ee682a300684ff4b,rfw_custom,rfw:asian:m.07pkn7_0001,edgeface-a348c305af33c223b337,pq,pq_512_m128_b8,pq_reconstruction_cosine,0.1,True,frozen_origin,-0.0217149853706,True,False,False,True,True,0.292366827307,True,stable,3,42,8,20260810-R001-49ce74ce,C:\ronbun\runs\rfw_custom_20260810\20260810-R001-49ce74ce_step4_rfw_custom_edgeface-a348c305af33c223b337
gradcam-cae0aac1c8634e4074d2,population-c34a0451ee682a300684ff4b,rfw_custom,rfw:asian:m.0289_m4_0005,edgeface-a348c305af33c223b337,pq,pq_512_m128_b8,pq_reconstruction_cosine,0.1,False,frozen_origin,-0.0401093661785,True,False,False,True,True,0.294910666952,True,stable,4,42,8,20260810-R001-49ce74ce,C:\ronbun\runs\rfw_custom_20260810\20260810-R001-49ce74ce_step4_rfw_custom_edgeface-a348c305af33c223b337
gradcam-f1d4b02b6c0ea90fa1c0,population-c34a0451ee682a300684ff4b,rfw_custom,rfw:indian:m.05b0w2j_0002,edgeface-a348c305af33c223b337,pq,pq_512_m128_b8,pq_reconstruction_cosine,0.1,False,frozen_origin,-0.0350093245506,True,False,False,True,True,0.296215203361,True,stable,5,42,8,20260810-R001-49ce74ce,C:\ronbun\runs\rfw_custom_20260810\20260810-R001-49ce74ce_step4_rfw_custom_edgeface-a348c305af33c223b337
gradcam-fbec2689d5d032b5d204,population-c34a0451ee682a300684ff4b,rfw_custom,rfw:indian:m.02ql9r5_0002,edgeface-a348c305af33c223b337,pq,pq_512_m128_b8,pq_reconstruction_cosine,0.1,True,frozen_origin,-0.0504728555679,True,False,False,True,True,0.296977121228,True,stable,6,42,8,20260810-R001-49ce74ce,C:\ronbun\runs\rfw_custom_20260810\20260810-R001-49ce74ce_step4_rfw_custom_edgeface-a348c305af33c223b337
gradcam-2256ab6f7ae3232e1ba2,population-c34a0451ee682a300684ff4b,rfw_custom,rfw:asian:m.0363fj_0001,edgeface-a348c305af33c223b337,pq,pq_512_m128_b8,pq_reconstruction_cosine,0.1,True,frozen_origin,-0.0246884226799,True,False,False,True,True,0.297427057834,True,stable,7,42,8,20260810-R001-49ce74ce,C:\ronbun\runs\rfw_custom_20260810\20260810-R001-49ce74ce_step4_rfw_custom_edgeface-a348c305af33c223b337
gradcam-b2e6052deaef6a50dad0,population-c34a0451ee682a300684ff4b,rfw_custom,rfw:asian:m.04tb_m_0002,edgeface-a348c305af33c223b337,pq,pq_512_m128_b8,pq_reconstruction_cosine,0.1,True,frozen_origin,-0.0344881415367,True,False,False,True,True,0.297639575114,True,stable,8,42,8,20260810-R001-49ce74ce,C:\ronbun\runs\rfw_custom_20260810\20260810-R001-49ce74ce_step4_rfw_custom_edgeface-a348c305af33c223b337
gradcam-d4558afa610f564bf5a6,population-c34a0451ee682a300684ff4b,rfw_custom,rfw:caucasian:m.0bq7m_0001,edgeface-a348c305af33c223b337,pq,pq_512_m128_b8,pq_reconstruction_cosine,0.1,False,frozen_origin,-0.0287372469902,True,True,False,True,True,0.339044985631,True,threshold_crossing,1,42,8,20260810-R001-49ce74ce,C:\ronbun\runs\rfw_custom_20260810\20260810-R001-49ce74ce_step4_rfw_custom_edgeface-a348c305af33c223b337
gradcam-4cdb02f85d1050166ee7,population-c34a0451ee682a300684ff4b,rfw_custom,rfw:asian:m.026nh6f_0002,edgeface-a348c305af33c223b337,pq,pq_512_m128_b8,pq_reconstruction_cosine,0.1,False,frozen_origin,-0.0298792719841,False,True,False,True,True,0.338844397726,True,threshold_crossing,2,42,8,20260810-R001-49ce74ce,C:\ronbun\runs\rfw_custom_20260810\20260810-R001-49ce74ce_step4_rfw_custom_edgeface-a348c305af33c223b337
gradcam-d645170c9390a39509f7,population-c34a0451ee682a300684ff4b,rfw_custom,rfw:caucasian:m.01nwty_0004,edgeface-a348c305af33c223b337,pq,pq_512_m128_b8,pq_reconstruction_cosine,0.1,False,frozen_origin,-0.0433252155781,True,True,False,True,True,0.336794230962,True,threshold_crossing,3,42,8,20260810-R001-49ce74ce,C:\ronbun\runs\rfw_custom_20260810\20260810-R001-49ce74ce_step4_rfw_custom_edgeface-a348c305af33c223b337
gradcam-ce92cfeea2908e62d06d,population-c34a0451ee682a300684ff4b,rfw_custom,rfw:caucasian:m.01qtvnk_0004,edgeface-a348c305af33c223b337,pq,pq_512_m128_b8,pq_reconstruction_cosine,0.1,False,frozen_origin,-0.0571475028992,True,True,False,True,True,0.334276061349,True,threshold_crossing,4,42,8,20260810-R001-49ce74ce,C:\ronbun\runs\rfw_custom_20260810\20260810-R001-49ce74ce_step4_rfw_custom_edgeface-a348c305af33c223b337
gradcam-f50f21d5bb9ade0c8067,population-c34a0451ee682a300684ff4b,rfw_custom,rfw:asian:m.043r3cy_0005,edgeface-a348c305af33c223b337,pq,pq_512_m128_b8,pq_reconstruction_cosine,0.1,False,frozen_origin,-0.0370196700096,False,True,False,True,True,0.334156101483,True,threshold_crossing,5,42,8,20260810-R001-49ce74ce,C:\ronbun\runs\rfw_custom_20260810\20260810-R001-49ce74ce_step4_rfw_custom_edgeface-a348c305af33c223b337
gradcam-08cec823b9ba3cc89924,population-c34a0451ee682a300684ff4b,rfw_custom,rfw:african:m.0bj2pt_0005,edgeface-a348c305af33c223b337,pq,pq_512_m128_b8,pq_reconstruction_cosine,0.1,False,frozen_origin,-0.0395957827568,False,True,False,True,True,0.333922328908,True,threshold_crossing,6,42,8,20260810-R001-49ce74ce,C:\ronbun\runs\rfw_custom_20260810\20260810-R001-49ce74ce_step4_rfw_custom_edgeface-a348c305af33c223b337
gradcam-13888c215942d5fcfce0,population-c34a0451ee682a300684ff4b,rfw_custom,rfw:african:m.0cw2wc_0003,edgeface-a348c305af33c223b337,pq,pq_512_m128_b8,pq_reconstruction_cosine,0.1,False,frozen_origin,-0.0496463477612,False,True,False,True,True,0.333866520718,True,threshold_crossing,7,42,8,20260810-R001-49ce74ce,C:\ronbun\runs\rfw_custom_20260810\20260810-R001-49ce74ce_step4_rfw_custom_edgeface-a348c305af33c223b337
gradcam-cab0931729a36d92b7b9,population-c34a0451ee682a300684ff4b,rfw_custom,rfw:african:m.0j67l3__0003,edgeface-a348c305af33c223b337,pq,pq_512_m128_b8,pq_reconstruction_cosine,0.1,False,frozen_origin,-0.033577144146,False,True,False,True,True,0.332125176965,True,threshold_crossing,8,42,8,20260810-R001-49ce74ce,C:\ronbun\runs\rfw_custom_20260810\20260810-R001-49ce74ce_step4_rfw_custom_edgeface-a348c305af33c223b337
gradcam-96375b10cf310bbf41f0,population-c34a0451ee682a300684ff4b,rfw_custom,rfw:caucasian:m.01kzrcw_0003,edgeface-a348c305af33c223b337,pq,pq_512_m16_b8,pq_reconstruction_cosine,0.01,False,frozen_origin,-0.0615188330412,True,False,False,True,True,1.03134613294,True,high_error,1,42,8,20260810-R001-49ce74ce,C:\ronbun\runs\rfw_custom_20260810\20260810-R001-49ce74ce_step4_rfw_custom_edgeface-a348c305af33c223b337
gradcam-f90518e92b9d7c2ca100,population-c34a0451ee682a300684ff4b,rfw_custom,rfw:caucasian:m.0ffsy__0006,edgeface-a348c305af33c223b337,pq,pq_512_m16_b8,pq_reconstruction_cosine,0.01,True,frozen_origin,-0.383249700069,True,False,False,True,True,1.0305813203,True,high_error,2,42,8,20260810-R001-49ce74ce,C:\ronbun\runs\rfw_custom_20260810\20260810-R001-49ce74ce_step4_rfw_custom_edgeface-a348c305af33c223b337
gradcam-f7c6e525d5eaf9895300,population-c34a0451ee682a300684ff4b,rfw_custom,rfw:caucasian:m.05h4rbm_0001,edgeface-a348c305af33c223b337,pq,pq_512_m16_b8,pq_reconstruction_cosine,0.01,True,frozen_origin,-0.289001107216,True,False,False,True,True,1.02829581496,True,high_error,3,42,8,20260810-R001-49ce74ce,C:\ronbun\runs\rfw_custom_20260810\20260810-R001-49ce74ce_step4_rfw_custom_edgeface-a348c305af33c223b337
gradcam-5e6d4835649d7caaec4f,population-c34a0451ee682a300684ff4b,rfw_custom,rfw:caucasian:m.01p21_5_0004,edgeface-a348c305af33c223b337,pq,pq_512_m16_b8,pq_reconstruction_cosine,0.01,False,frozen_origin,-0.092702537775,True,False,False,True,True,1.02733554128,True,high_error,4,42,8,20260810-R001-49ce74ce,C:\ronbun\runs\rfw_custom_20260810\20260810-R001-49ce74ce_step4_rfw_custom_edgeface-a348c305af33c223b337
gradcam-1dc96f9ac9eb83bad1db,population-c34a0451ee682a300684ff4b,rfw_custom,rfw:african:m.01pmcd_0003,edgeface-a348c305af33c223b337,pq,pq_512_m16_b8,pq_reconstruction_cosine,0.01,False,frozen_origin,-0.121502459049,True,False,False,True,True,1.02388870946,True,high_error,5,42,8,20260810-R001-49ce74ce,C:\ronbun\runs\rfw_custom_20260810\20260810-R001-49ce74ce_step4_rfw_custom_edgeface-a348c305af33c223b337
gradcam-cbf4557aafdfa47f13b9,population-c34a0451ee682a300684ff4b,rfw_custom,rfw:caucasian:m.01thjy9_0004,edgeface-a348c305af33c223b337,pq,pq_512_m16_b8,pq_reconstruction_cosine,0.01,False,frozen_origin,-0.0988436043262,True,False,False,True,True,1.01917314379,True,high_error,6,42,8,20260810-R001-49ce74ce,C:\ronbun\runs\rfw_custom_20260810\20260810-R001-49ce74ce_step4_rfw_custom_edgeface-a348c305af33c223b337
gradcam-e2466bd9651f31d3b663,population-c34a0451ee682a300684ff4b,rfw_custom,rfw:caucasian:m.06w6ydl_0001,edgeface-a348c305af33c223b337,pq,pq_512_m16_b8,pq_reconstruction_cosine,0.01,False,frozen_origin,-0.0807393193245,True,False,False,True,True,1.01758155331,True,high_error,7,42,8,20260810-R001-49ce74ce,C:\ronbun\runs\rfw_custom_20260810\20260810-R001-49ce74ce_step4_rfw_custom_edgeface-a348c305af33c223b337
gradcam-f3b97ba2902b3d601228,population-c34a0451ee682a300684ff4b,rfw_custom,rfw:indian:m.06zw_s_0001,edgeface-a348c305af33c223b337,pq,pq_512_m16_b8,pq_reconstruction_cosine,0.01,False,frozen_origin,-0.0797030329704,True,False,False,True,True,1.01739274608,True,high_error,8,42,8,20260810-R001-49ce74ce,C:\ronbun\runs\rfw_custom_20260810\20260810-R001-49ce74ce_step4_rfw_custom_edgeface-a348c305af33c223b337
gradcam-c44c7474dfd45512931e,population-c34a0451ee682a300684ff4b,rfw_custom,rfw:caucasian:m.0jsfs9k_0001,edgeface-a348c305af33c223b337,pq,pq_512_m16_b8,pq_reconstruction_cosine,0.01,False,frozen_origin,-0.101055800915,False,False,False,True,True,1.05730505106,True,rank_flip,1,42,8,20260810-R001-49ce74ce,C:\ronbun\runs\rfw_custom_20260810\20260810-R001-49ce74ce_step4_rfw_custom_edgeface-a348c305af33c223b337
gradcam-f6beaf35acb99147d23b,population-c34a0451ee682a300684ff4b,rfw_custom,rfw:caucasian:m.0ll2_ny_0003,edgeface-a348c305af33c223b337,pq,pq_512_m16_b8,pq_reconstruction_cosine,0.01,False,frozen_origin,-0.145088195801,False,False,False,True,True,1.05247593751,True,rank_flip,2,42,8,20260810-R001-49ce74ce,C:\ronbun\runs\rfw_custom_20260810\20260810-R001-49ce74ce_step4_rfw_custom_edgeface-a348c305af33c223b337
gradcam-8afef98c80131eb095e4,population-c34a0451ee682a300684ff4b,rfw_custom,rfw:asian:m.02gh7y_0002,edgeface-a348c305af33c223b337,pq,pq_512_m16_b8,pq_reconstruction_cosine,0.01,False,frozen_origin,-0.117689028382,False,False,False,True,True,1.04940682208,True,rank_flip,3,42,8,20260810-R001-49ce74ce,C:\ronbun\runs\rfw_custom_20260810\20260810-R001-49ce74ce_step4_rfw_custom_edgeface-a348c305af33c223b337
gradcam-f79f41f5113bfcbe2f6b,population-c34a0451ee682a300684ff4b,rfw_custom,rfw:caucasian:m.06dn4l_0003,edgeface-a348c305af33c223b337,pq,pq_512_m16_b8,pq_reconstruction_cosine,0.01,False,frozen_origin,-0.0541988164186,False,False,False,True,True,1.04823380126,True,rank_flip,4,42,8,20260810-R001-49ce74ce,C:\ronbun\runs\rfw_custom_20260810\20260810-R001-49ce74ce_step4_rfw_custom_edgeface-a348c305af33c223b337
gradcam-178a067655701711e4c6,population-c34a0451ee682a300684ff4b,rfw_custom,rfw:asian:m.0361yr_0002,edgeface-a348c305af33c223b337,pq,pq_512_m16_b8,pq_reconstruction_cosine,0.01,True,frozen_origin,-0.108861893415,False,False,False,True,True,1.04714995767,True,rank_flip,5,42,8,20260810-R001-49ce74ce,C:\ronbun\runs\rfw_custom_20260810\20260810-R001-49ce74ce_step4_rfw_custom_edgeface-a348c305af33c223b337
gradcam-b2732e7eea3ab51ec456,population-c34a0451ee682a300684ff4b,rfw_custom,rfw:caucasian:m.0bq7m_0001,edgeface-a348c305af33c223b337,pq,pq_512_m16_b8,pq_reconstruction_cosine,0.01,False,frozen_origin,-0.118411406875,False,False,False,True,True,1.04490802516,True,rank_flip,6,42,8,20260810-R001-49ce74ce,C:\ronbun\runs\rfw_custom_20260810\20260810-R001-49ce74ce_step4_rfw_custom_edgeface-a348c305af33c223b337
gradcam-81f360d3ba233ad93b11,population-c34a0451ee682a300684ff4b,rfw_custom,rfw:asian:m.05nlcg_0002,edgeface-a348c305af33c223b337,pq,pq_512_m16_b8,pq_reconstruction_cosine,0.01,False,frozen_origin,-0.099521368742,False,False,False,True,True,1.04412242859,True,rank_flip,7,42,8,20260810-R001-49ce74ce,C:\ronbun\runs\rfw_custom_20260810\20260810-R001-49ce74ce_step4_rfw_custom_edgeface-a348c305af33c223b337
gradcam-55bfe744b28367ff0b97,population-c34a0451ee682a300684ff4b,rfw_custom,rfw:caucasian:m.03vb_0_0001,edgeface-a348c305af33c223b337,pq,pq_512_m16_b8,pq_reconstruction_cosine,0.01,False,frozen_origin,-0.152201086283,False,False,False,True,True,1.04272577397,True,rank_flip,8,42,8,20260810-R001-49ce74ce,C:\ronbun\runs\rfw_custom_20260810\20260810-R001-49ce74ce_step4_rfw_custom_edgeface-a348c305af33c223b337
gradcam-331111a19d5c0b2518fc,population-c34a0451ee682a300684ff4b,rfw_custom,rfw:indian:m.0k_pgn_0003,edgeface-a348c305af33c223b337,pq,pq_512_m16_b8,pq_reconstruction_cosine,0.01,False,frozen_origin,-0.073881149292,True,False,False,True,True,0.914573483354,True,stable,1,42,8,20260810-R001-49ce74ce,C:\ronbun\runs\rfw_custom_20260810\20260810-R001-49ce74ce_step4_rfw_custom_edgeface-a348c305af33c223b337
gradcam-326f75f134957d603648,population-c34a0451ee682a300684ff4b,rfw_custom,rfw:african:m.01257s_0002,edgeface-a348c305af33c223b337,pq,pq_512_m16_b8,pq_reconstruction_cosine,0.01,True,frozen_origin,-0.0745109319687,True,False,False,True,True,0.926826386635,True,stable,2,42,8,20260810-R001-49ce74ce,C:\ronbun\runs\rfw_custom_20260810\20260810-R001-49ce74ce_step4_rfw_custom_edgeface-a348c305af33c223b337
gradcam-38db48a43efa00025f11,population-c34a0451ee682a300684ff4b,rfw_custom,rfw:african:m.04gq8mr_0001,edgeface-a348c305af33c223b337,pq,pq_512_m16_b8,pq_reconstruction_cosine,0.01,False,frozen_origin,-0.11675542593,True,False,False,True,True,0.935429308824,True,stable,3,42,8,20260810-R001-49ce74ce,C:\ronbun\runs\rfw_custom_20260810\20260810-R001-49ce74ce_step4_rfw_custom_edgeface-a348c305af33c223b337
gradcam-66fd9677546b65c25c9d,population-c34a0451ee682a300684ff4b,rfw_custom,rfw:asian:m.03hh2mx_0002,edgeface-a348c305af33c223b337,pq,pq_512_m16_b8,pq_reconstruction_cosine,0.01,True,frozen_origin,-0.145534396172,True,False,False,True,True,0.938098700598,True,stable,4,42,8,20260810-R001-49ce74ce,C:\ronbun\runs\rfw_custom_20260810\20260810-R001-49ce74ce_step4_rfw_custom_edgeface-a348c305af33c223b337
gradcam-043075e3120d4e8672e2,population-c34a0451ee682a300684ff4b,rfw_custom,rfw:asian:m.03b_l26_0001,edgeface-a348c305af33c223b337,pq,pq_512_m16_b8,pq_reconstruction_cosine,0.01,False,frozen_origin,0.0324169695377,True,False,False,True,True,0.938659601418,True,stable,5,42,8,20260810-R001-49ce74ce,C:\ronbun\runs\rfw_custom_20260810\20260810-R001-49ce74ce_step4_rfw_custom_edgeface-a348c305af33c223b337
gradcam-b322c86c68ab12c0dea1,population-c34a0451ee682a300684ff4b,rfw_custom,rfw:african:m.03_14b_0003,edgeface-a348c305af33c223b337,pq,pq_512_m16_b8,pq_reconstruction_cosine,0.01,True,frozen_origin,-0.200205564499,True,False,False,True,True,0.941441426961,True,stable,6,42,8,20260810-R001-49ce74ce,C:\ronbun\runs\rfw_custom_20260810\20260810-R001-49ce74ce_step4_rfw_custom_edgeface-a348c305af33c223b337
gradcam-7793bf52f129f3b9f68d,population-c34a0451ee682a300684ff4b,rfw_custom,rfw:african:m.085jnm_0003,edgeface-a348c305af33c223b337,pq,pq_512_m16_b8,pq_reconstruction_cosine,0.01,False,frozen_origin,-0.0253088772297,True,False,False,True,True,0.941558260359,True,stable,7,42,8,20260810-R001-49ce74ce,C:\ronbun\runs\rfw_custom_20260810\20260810-R001-49ce74ce_step4_rfw_custom_edgeface-a348c305af33c223b337
gradcam-c848f766895f3296d199,population-c34a0451ee682a300684ff4b,rfw_custom,rfw:african:m.03hkyvv_0003,edgeface-a348c305af33c223b337,pq,pq_512_m16_b8,pq_reconstruction_cosine,0.01,True,frozen_origin,-0.20051407814,True,False,False,True,True,0.941720385321,True,stable,8,42,8,20260810-R001-49ce74ce,C:\ronbun\runs\rfw_custom_20260810\20260810-R001-49ce74ce_step4_rfw_custom_edgeface-a348c305af33c223b337
gradcam-3ae0ffa4c6ecdd88763c,population-c34a0451ee682a300684ff4b,rfw_custom,rfw:caucasian:m.062g4l_0003,edgeface-a348c305af33c223b337,pq,pq_512_m16_b8,pq_reconstruction_cosine,0.01,True,frozen_origin,-0.437106907368,True,True,False,True,True,1.05196354458,True,threshold_crossing,1,42,8,20260810-R001-49ce74ce,C:\ronbun\runs\rfw_custom_20260810\20260810-R001-49ce74ce_step4_rfw_custom_edgeface-a348c305af33c223b337
gradcam-9d6630a3fde757d9195c,population-c34a0451ee682a300684ff4b,rfw_custom,rfw:caucasian:m.0wb4_0002,edgeface-a348c305af33c223b337,pq,pq_512_m16_b8,pq_reconstruction_cosine,0.01,True,frozen_origin,-0.324999660254,False,True,False,True,True,1.04634363538,True,threshold_crossing,2,42,8,20260810-R001-49ce74ce,C:\ronbun\runs\rfw_custom_20260810\20260810-R001-49ce74ce_step4_rfw_custom_edgeface-a348c305af33c223b337
gradcam-2f701dab3b669272327d,population-c34a0451ee682a300684ff4b,rfw_custom,rfw:caucasian:m.05h4rbm_0003,edgeface-a348c305af33c223b337,pq,pq_512_m16_b8,pq_reconstruction_cosine,0.01,True,frozen_origin,-0.315282016993,True,True,False,True,True,1.03585033394,True,threshold_crossing,3,42,8,20260810-R001-49ce74ce,C:\ronbun\runs\rfw_custom_20260810\20260810-R001-49ce74ce_step4_rfw_custom_edgeface-a348c305af33c223b337
gradcam-94d537f242db61e1ecb8,population-c34a0451ee682a300684ff4b,rfw_custom,rfw:caucasian:m.08093s1_0001,edgeface-a348c305af33c223b337,pq,pq_512_m16_b8,pq_reconstruction_cosine,0.01,True,frozen_origin,-0.427668422461,False,True,False,True,True,1.03514987305,True,threshold_crossing,4,42,8,20260810-R001-49ce74ce,C:\ronbun\runs\rfw_custom_20260810\20260810-R001-49ce74ce_step4_rfw_custom_edgeface-a348c305af33c223b337
gradcam-51b755c53eab96770f90,population-c34a0451ee682a300684ff4b,rfw_custom,rfw:caucasian:m.0pnhc_0004,edgeface-a348c305af33c223b337,pq,pq_512_m16_b8,pq_reconstruction_cosine,0.01,True,frozen_origin,-0.343296796083,False,True,False,True,True,1.03490312415,True,threshold_crossing,5,42,8,20260810-R001-49ce74ce,C:\ronbun\runs\rfw_custom_20260810\20260810-R001-49ce74ce_step4_rfw_custom_edgeface-a348c305af33c223b337
gradcam-942ecaa796c700db0bef,population-c34a0451ee682a300684ff4b,rfw_custom,rfw:caucasian:m.07rcm5_0001,edgeface-a348c305af33c223b337,pq,pq_512_m16_b8,pq_reconstruction_cosine,0.01,True,frozen_origin,-0.324585914612,True,True,False,True,True,1.03434225184,True,threshold_crossing,6,42,8,20260810-R001-49ce74ce,C:\ronbun\runs\rfw_custom_20260810\20260810-R001-49ce74ce_step4_rfw_custom_edgeface-a348c305af33c223b337
gradcam-f90447376e304d244f45,population-c34a0451ee682a300684ff4b,rfw_custom,rfw:caucasian:m.0dczsx_0001,edgeface-a348c305af33c223b337,pq,pq_512_m16_b8,pq_reconstruction_cosine,0.01,True,frozen_origin,-0.226740777493,True,True,False,True,True,1.03006324784,True,threshold_crossing,7,42,8,20260810-R001-49ce74ce,C:\ronbun\runs\rfw_custom_20260810\20260810-R001-49ce74ce_step4_rfw_custom_edgeface-a348c305af33c223b337
gradcam-74b9510cad330e84e752,population-c34a0451ee682a300684ff4b,rfw_custom,rfw:caucasian:m.033b99_0003,edgeface-a348c305af33c223b337,pq,pq_512_m16_b8,pq_reconstruction_cosine,0.01,True,frozen_origin,-0.23727992177,False,True,False,True,True,1.02987018665,True,threshold_crossing,8,42,8,20260810-R001-49ce74ce,C:\ronbun\runs\rfw_custom_20260810\20260810-R001-49ce74ce_step4_rfw_custom_edgeface-a348c305af33c223b337
gradcam-47af83fb6964b3f7887a,population-c34a0451ee682a300684ff4b,rfw_custom,rfw:caucasian:m.062g4l_0003,edgeface-a348c305af33c223b337,pq,pq_512_m16_b8,pq_reconstruction_cosine,0.1,True,frozen_origin,-0.437106907368,True,False,False,True,True,1.05196354458,True,high_error,1,42,8,20260810-R001-49ce74ce,C:\ronbun\runs\rfw_custom_20260810\20260810-R001-49ce74ce_step4_rfw_custom_edgeface-a348c305af33c223b337
gradcam-959b0b62f807155f977b,population-c34a0451ee682a300684ff4b,rfw_custom,rfw:caucasian:m.05h4rbm_0003,edgeface-a348c305af33c223b337,pq,pq_512_m16_b8,pq_reconstruction_cosine,0.1,True,frozen_origin,-0.315282016993,True,False,False,True,True,1.03585033394,True,high_error,2,42,8,20260810-R001-49ce74ce,C:\ronbun\runs\rfw_custom_20260810\20260810-R001-49ce74ce_step4_rfw_custom_edgeface-a348c305af33c223b337
gradcam-1509a653ce33f5e11fd6,population-c34a0451ee682a300684ff4b,rfw_custom,rfw:caucasian:m.07rcm5_0001,edgeface-a348c305af33c223b337,pq,pq_512_m16_b8,pq_reconstruction_cosine,0.1,True,frozen_origin,-0.324585914612,True,False,False,True,True,1.03434225184,True,high_error,3,42,8,20260810-R001-49ce74ce,C:\ronbun\runs\rfw_custom_20260810\20260810-R001-49ce74ce_step4_rfw_custom_edgeface-a348c305af33c223b337
gradcam-d0bc3c2dad18b7be9cd0,population-c34a0451ee682a300684ff4b,rfw_custom,rfw:caucasian:m.01kzrcw_0003,edgeface-a348c305af33c223b337,pq,pq_512_m16_b8,pq_reconstruction_cosine,0.1,False,frozen_origin,-0.0615188330412,True,False,False,True,True,1.03134613294,True,high_error,4,42,8,20260810-R001-49ce74ce,C:\ronbun\runs\rfw_custom_20260810\20260810-R001-49ce74ce_step4_rfw_custom_edgeface-a348c305af33c223b337
gradcam-1865f018aaadc381d37e,population-c34a0451ee682a300684ff4b,rfw_custom,rfw:caucasian:m.0ffsy__0006,edgeface-a348c305af33c223b337,pq,pq_512_m16_b8,pq_reconstruction_cosine,0.1,True,frozen_origin,-0.383249700069,True,False,False,True,True,1.0305813203,True,high_error,5,42,8,20260810-R001-49ce74ce,C:\ronbun\runs\rfw_custom_20260810\20260810-R001-49ce74ce_step4_rfw_custom_edgeface-a348c305af33c223b337
gradcam-88bc8dcab0dfa7a108b8,population-c34a0451ee682a300684ff4b,rfw_custom,rfw:caucasian:m.05h4rbm_0001,edgeface-a348c305af33c223b337,pq,pq_512_m16_b8,pq_reconstruction_cosine,0.1,True,frozen_origin,-0.289001107216,True,False,False,True,True,1.02829581496,True,high_error,6,42,8,20260810-R001-49ce74ce,C:\ronbun\runs\rfw_custom_20260810\20260810-R001-49ce74ce_step4_rfw_custom_edgeface-a348c305af33c223b337
gradcam-3f719b608be0718cc99e,population-c34a0451ee682a300684ff4b,rfw_custom,rfw:african:m.027qdp7_0003,edgeface-a348c305af33c223b337,pq,pq_512_m16_b8,pq_reconstruction_cosine,0.1,True,frozen_origin,-0.30005979538,True,False,False,True,True,1.02721101097,True,high_error,7,42,8,20260810-R001-49ce74ce,C:\ronbun\runs\rfw_custom_20260810\20260810-R001-49ce74ce_step4_rfw_custom_edgeface-a348c305af33c223b337
gradcam-89a4db5be5c106528278,population-c34a0451ee682a300684ff4b,rfw_custom,rfw:asian:m.0bf32y_0005,edgeface-a348c305af33c223b337,pq,pq_512_m16_b8,pq_reconstruction_cosine,0.1,True,frozen_origin,-0.429513394833,True,False,False,True,True,1.02169882905,True,high_error,8,42,8,20260810-R001-49ce74ce,C:\ronbun\runs\rfw_custom_20260810\20260810-R001-49ce74ce_step4_rfw_custom_edgeface-a348c305af33c223b337
gradcam-8891c948bcb7864a1048,population-c34a0451ee682a300684ff4b,rfw_custom,rfw:caucasian:m.0jsfs9k_0001,edgeface-a348c305af33c223b337,pq,pq_512_m16_b8,pq_reconstruction_cosine,0.1,False,frozen_origin,-0.101055800915,False,False,False,True,True,1.05730505106,True,rank_flip,1,42,8,20260810-R001-49ce74ce,C:\ronbun\runs\rfw_custom_20260810\20260810-R001-49ce74ce_step4_rfw_custom_edgeface-a348c305af33c223b337
gradcam-5512265f0a8f37540158,population-c34a0451ee682a300684ff4b,rfw_custom,rfw:caucasian:m.06dn4l_0003,edgeface-a348c305af33c223b337,pq,pq_512_m16_b8,pq_reconstruction_cosine,0.1,False,frozen_origin,-0.0541988164186,False,False,False,True,True,1.04823380126,True,rank_flip,2,42,8,20260810-R001-49ce74ce,C:\ronbun\runs\rfw_custom_20260810\20260810-R001-49ce74ce_step4_rfw_custom_edgeface-a348c305af33c223b337
gradcam-2f971685b6e4ae65299f,population-c34a0451ee682a300684ff4b,rfw_custom,rfw:caucasian:m.0lylw_0003,edgeface-a348c305af33c223b337,pq,pq_512_m16_b8,pq_reconstruction_cosine,0.1,False,frozen_origin,-0.046590924263,False,False,False,True,True,1.04220711287,True,rank_flip,3,42,8,20260810-R001-49ce74ce,C:\ronbun\runs\rfw_custom_20260810\20260810-R001-49ce74ce_step4_rfw_custom_edgeface-a348c305af33c223b337
gradcam-7b148d604702e62b1f9e,population-c34a0451ee682a300684ff4b,rfw_custom,rfw:caucasian:m.0j2942k_0004,edgeface-a348c305af33c223b337,pq,pq_512_m16_b8,pq_reconstruction_cosine,0.1,False,frozen_origin,-0.0152980685234,False,False,False,True,True,1.04012458922,True,rank_flip,4,42,8,20260810-R001-49ce74ce,C:\ronbun\runs\rfw_custom_20260810\20260810-R001-49ce74ce_step4_rfw_custom_edgeface-a348c305af33c223b337
gradcam-11d21ca825b2258b8ea0,population-c34a0451ee682a300684ff4b,rfw_custom,rfw:caucasian:m.01vr20_0002,edgeface-a348c305af33c223b337,pq,pq_512_m16_b8,pq_reconstruction_cosine,0.1,False,frozen_origin,-0.0480735301971,False,False,False,True,True,1.03604640622,True,rank_flip,5,42,8,20260810-R001-49ce74ce,C:\ronbun\runs\rfw_custom_20260810\20260810-R001-49ce74ce_step4_rfw_custom_edgeface-a348c305af33c223b337
gradcam-58bb7d871a818f03a513,population-c34a0451ee682a300684ff4b,rfw_custom,rfw:caucasian:m.01b9z4_0003,edgeface-a348c305af33c223b337,pq,pq_512_m16_b8,pq_reconstruction_cosine,0.1,False,frozen_origin,-0.0193599760532,False,False,False,True,True,1.03531270102,True,rank_flip,6,42,8,20260810-R001-49ce74ce,C:\ronbun\runs\rfw_custom_20260810\20260810-R001-49ce74ce_step4_rfw_custom_edgeface-a348c305af33c223b337
gradcam-4836cfde52591f48c60a,population-c34a0451ee682a300684ff4b,rfw_custom,rfw:caucasian:m.02q1jfd_0002,edgeface-a348c305af33c223b337,pq,pq_512_m16_b8,pq_reconstruction_cosine,0.1,False,frozen_origin,-0.0346583425999,False,False,False,True,True,1.03231586346,True,rank_flip,7,42,8,20260810-R001-49ce74ce,C:\ronbun\runs\rfw_custom_20260810\20260810-R001-49ce74ce_step4_rfw_custom_edgeface-a348c305af33c223b337
gradcam-a7fa17f678f491f3d72b,population-c34a0451ee682a300684ff4b,rfw_custom,rfw:caucasian:m.02fx3c_0002,edgeface-a348c305af33c223b337,pq,pq_512_m16_b8,pq_reconstruction_cosine,0.1,False,frozen_origin,-0.0664869248867,False,False,False,True,True,1.03230913961,True,rank_flip,8,42,8,20260810-R001-49ce74ce,C:\ronbun\runs\rfw_custom_20260810\20260810-R001-49ce74ce_step4_rfw_custom_edgeface-a348c305af33c223b337
gradcam-7c1333e2e02b2babd0d6,population-c34a0451ee682a300684ff4b,rfw_custom,rfw:african:m.01257s_0002,edgeface-a348c305af33c223b337,pq,pq_512_m16_b8,pq_reconstruction_cosine,0.1,True,frozen_origin,-0.0745109319687,True,False,False,True,True,0.926826386635,True,stable,1,42,8,20260810-R001-49ce74ce,C:\ronbun\runs\rfw_custom_20260810\20260810-R001-49ce74ce_step4_rfw_custom_edgeface-a348c305af33c223b337
gradcam-8d023983edbce5150245,population-c34a0451ee682a300684ff4b,rfw_custom,rfw:indian:m.04mym7n_0002,edgeface-a348c305af33c223b337,pq,pq_512_m16_b8,pq_reconstruction_cosine,0.1,True,frozen_origin,-0.297575414181,True,False,False,True,True,0.928028274023,True,stable,2,42,8,20260810-R001-49ce74ce,C:\ronbun\runs\rfw_custom_20260810\20260810-R001-49ce74ce_step4_rfw_custom_edgeface-a348c305af33c223b337
gradcam-1e81981aaa18593f8d74,population-c34a0451ee682a300684ff4b,rfw_custom,rfw:indian:m.0gc6jcj_0001,edgeface-a348c305af33c223b337,pq,pq_512_m16_b8,pq_reconstruction_cosine,0.1,False,frozen_origin,-0.140732258558,True,False,False,True,True,0.929110306054,True,stable,3,42,8,20260810-R001-49ce74ce,C:\ronbun\runs\rfw_custom_20260810\20260810-R001-49ce74ce_step4_rfw_custom_edgeface-a348c305af33c223b337
gradcam-0b6592a8b33484836535,population-c34a0451ee682a300684ff4b,rfw_custom,rfw:african:m.0j4x9vv_0002,edgeface-a348c305af33c223b337,pq,pq_512_m16_b8,pq_reconstruction_cosine,0.1,True,frozen_origin,-0.300203472376,True,False,False,True,True,0.933798660483,True,stable,4,42,8,20260810-R001-49ce74ce,C:\ronbun\runs\rfw_custom_20260810\20260810-R001-49ce74ce_step4_rfw_custom_edgeface-a348c305af33c223b337
gradcam-aaee0949b383098f44f1,population-c34a0451ee682a300684ff4b,rfw_custom,rfw:indian:m.0d27_8_0001,edgeface-a348c305af33c223b337,pq,pq_512_m16_b8,pq_reconstruction_cosine,0.1,False,frozen_origin,-0.128188252449,True,False,False,True,True,0.933829105848,True,stable,5,42,8,20260810-R001-49ce74ce,C:\ronbun\runs\rfw_custom_20260810\20260810-R001-49ce74ce_step4_rfw_custom_edgeface-a348c305af33c223b337
gradcam-fb57d09b9b18cf28a37b,population-c34a0451ee682a300684ff4b,rfw_custom,rfw:indian:m.06y_92_0005,edgeface-a348c305af33c223b337,pq,pq_512_m16_b8,pq_reconstruction_cosine,0.1,False,frozen_origin,-0.0667094290256,True,False,False,True,True,0.934430378906,True,stable,6,42,8,20260810-R001-49ce74ce,C:\ronbun\runs\rfw_custom_20260810\20260810-R001-49ce74ce_step4_rfw_custom_edgeface-a348c305af33c223b337
gradcam-88915ce5d507bb5274c7,population-c34a0451ee682a300684ff4b,rfw_custom,rfw:african:m.0clz7__0002,edgeface-a348c305af33c223b337,pq,pq_512_m16_b8,pq_reconstruction_cosine,0.1,True,frozen_origin,-0.32506993413,True,False,False,True,True,0.936163771408,True,stable,7,42,8,20260810-R001-49ce74ce,C:\ronbun\runs\rfw_custom_20260810\20260810-R001-49ce74ce_step4_rfw_custom_edgeface-a348c305af33c223b337
gradcam-8014f7157174f6b2d01b,population-c34a0451ee682a300684ff4b,rfw_custom,rfw:asian:m.02t1dv_0001,edgeface-a348c305af33c223b337,pq,pq_512_m16_b8,pq_reconstruction_cosine,0.1,True,frozen_origin,-0.380916416645,True,False,False,True,True,0.938021912369,True,stable,8,42,8,20260810-R001-49ce74ce,C:\ronbun\runs\rfw_custom_20260810\20260810-R001-49ce74ce_step4_rfw_custom_edgeface-a348c305af33c223b337
gradcam-23ecf7e11d660b4570d6,population-c34a0451ee682a300684ff4b,rfw_custom,rfw:caucasian:m.0ll2_ny_0003,edgeface-a348c305af33c223b337,pq,pq_512_m16_b8,pq_reconstruction_cosine,0.1,False,frozen_origin,-0.145088195801,False,True,False,True,True,1.05247593751,True,threshold_crossing,1,42,8,20260810-R001-49ce74ce,C:\ronbun\runs\rfw_custom_20260810\20260810-R001-49ce74ce_step4_rfw_custom_edgeface-a348c305af33c223b337
gradcam-f13097c1d0f8f1700828,population-c34a0451ee682a300684ff4b,rfw_custom,rfw:asian:m.02gh7y_0002,edgeface-a348c305af33c223b337,pq,pq_512_m16_b8,pq_reconstruction_cosine,0.1,False,frozen_origin,-0.117689028382,False,True,False,True,True,1.04940682208,True,threshold_crossing,2,42,8,20260810-R001-49ce74ce,C:\ronbun\runs\rfw_custom_20260810\20260810-R001-49ce74ce_step4_rfw_custom_edgeface-a348c305af33c223b337
gradcam-35ee0d76d90e9614e27d,population-c34a0451ee682a300684ff4b,rfw_custom,rfw:asian:m.0361yr_0002,edgeface-a348c305af33c223b337,pq,pq_512_m16_b8,pq_reconstruction_cosine,0.1,True,frozen_origin,-0.108861893415,False,True,False,True,True,1.04714995767,True,threshold_crossing,3,42,8,20260810-R001-49ce74ce,C:\ronbun\runs\rfw_custom_20260810\20260810-R001-49ce74ce_step4_rfw_custom_edgeface-a348c305af33c223b337
gradcam-e72c02f16b355dbbab61,population-c34a0451ee682a300684ff4b,rfw_custom,rfw:caucasian:m.0wb4_0002,edgeface-a348c305af33c223b337,pq,pq_512_m16_b8,pq_reconstruction_cosine,0.1,True,frozen_origin,-0.324999660254,False,True,False,True,True,1.04634363538,True,threshold_crossing,4,42,8,20260810-R001-49ce74ce,C:\ronbun\runs\rfw_custom_20260810\20260810-R001-49ce74ce_step4_rfw_custom_edgeface-a348c305af33c223b337
gradcam-2c0c0efa11d116913928,population-c34a0451ee682a300684ff4b,rfw_custom,rfw:caucasian:m.0bq7m_0001,edgeface-a348c305af33c223b337,pq,pq_512_m16_b8,pq_reconstruction_cosine,0.1,False,frozen_origin,-0.118411406875,False,True,False,True,True,1.04490802516,True,threshold_crossing,5,42,8,20260810-R001-49ce74ce,C:\ronbun\runs\rfw_custom_20260810\20260810-R001-49ce74ce_step4_rfw_custom_edgeface-a348c305af33c223b337
gradcam-b5da8f07c8ce3b5d3d30,population-c34a0451ee682a300684ff4b,rfw_custom,rfw:asian:m.05nlcg_0002,edgeface-a348c305af33c223b337,pq,pq_512_m16_b8,pq_reconstruction_cosine,0.1,False,frozen_origin,-0.099521368742,False,True,False,True,True,1.04412242859,True,threshold_crossing,6,42,8,20260810-R001-49ce74ce,C:\ronbun\runs\rfw_custom_20260810\20260810-R001-49ce74ce_step4_rfw_custom_edgeface-a348c305af33c223b337
gradcam-522b32bb0768ed8d0b7d,population-c34a0451ee682a300684ff4b,rfw_custom,rfw:caucasian:m.03vb_0_0001,edgeface-a348c305af33c223b337,pq,pq_512_m16_b8,pq_reconstruction_cosine,0.1,False,frozen_origin,-0.152201086283,False,True,False,True,True,1.04272577397,True,threshold_crossing,7,42,8,20260810-R001-49ce74ce,C:\ronbun\runs\rfw_custom_20260810\20260810-R001-49ce74ce_step4_rfw_custom_edgeface-a348c305af33c223b337
gradcam-00a68b7f3beaa9e7f1e7,population-c34a0451ee682a300684ff4b,rfw_custom,rfw:caucasian:m.0jwxbnf_0003,edgeface-a348c305af33c223b337,pq,pq_512_m16_b8,pq_reconstruction_cosine,0.1,False,frozen_origin,-0.0466174483299,False,True,False,True,True,1.04205141772,True,threshold_crossing,8,42,8,20260810-R001-49ce74ce,C:\ronbun\runs\rfw_custom_20260810\20260810-R001-49ce74ce_step4_rfw_custom_edgeface-a348c305af33c223b337
gradcam-6b1d318b07bb0cebf34b,population-c34a0451ee682a300684ff4b,rfw_custom,rfw:caucasian:m.02fx3c_0002,edgeface-a348c305af33c223b337,pq,pq_512_m32_b8,pq_reconstruction_cosine,0.01,False,frozen_origin,-0.0728989690542,True,False,False,True,True,0.880100870321,True,high_error,1,42,8,20260810-R001-49ce74ce,C:\ronbun\runs\rfw_custom_20260810\20260810-R001-49ce74ce_step4_rfw_custom_edgeface-a348c305af33c223b337
gradcam-69185804deb109f128da,population-c34a0451ee682a300684ff4b,rfw_custom,rfw:caucasian:m.05szhj2_0002,edgeface-a348c305af33c223b337,pq,pq_512_m32_b8,pq_reconstruction_cosine,0.01,False,frozen_origin,-0.113116756082,True,False,False,True,True,0.865989219513,True,high_error,2,42,8,20260810-R001-49ce74ce,C:\ronbun\runs\rfw_custom_20260810\20260810-R001-49ce74ce_step4_rfw_custom_edgeface-a348c305af33c223b337
gradcam-cf97072c49c40a56658d,population-c34a0451ee682a300684ff4b,rfw_custom,rfw:caucasian:m.03q4y7_0002,edgeface-a348c305af33c223b337,pq,pq_512_m32_b8,pq_reconstruction_cosine,0.01,False,frozen_origin,-0.0241239219904,True,False,False,True,True,0.865488013093,True,high_error,3,42,8,20260810-R001-49ce74ce,C:\ronbun\runs\rfw_custom_20260810\20260810-R001-49ce74ce_step4_rfw_custom_edgeface-a348c305af33c223b337
gradcam-bea3e01277584c1c7797,population-c34a0451ee682a300684ff4b,rfw_custom,rfw:asian:m.05q97sh_0003,edgeface-a348c305af33c223b337,pq,pq_512_m32_b8,pq_reconstruction_cosine,0.01,True,frozen_origin,-0.320839166641,True,False,False,True,True,0.865387731548,True,high_error,4,42,8,20260810-R001-49ce74ce,C:\ronbun\runs\rfw_custom_20260810\20260810-R001-49ce74ce_step4_rfw_custom_edgeface-a348c305af33c223b337
gradcam-48eea9715614d42eab9b,population-c34a0451ee682a300684ff4b,rfw_custom,rfw:caucasian:m.026zhxp_0003,edgeface-a348c305af33c223b337,pq,pq_512_m32_b8,pq_reconstruction_cosine,0.01,False,frozen_origin,-0.101305261254,True,False,False,True,True,0.861691306506,True,high_error,5,42,8,20260810-R001-49ce74ce,C:\ronbun\runs\rfw_custom_20260810\20260810-R001-49ce74ce_step4_rfw_custom_edgeface-a348c305af33c223b337
gradcam-6b71a77e0af46f311ec1,population-c34a0451ee682a300684ff4b,rfw_custom,rfw:caucasian:m.049ffgm_0001,edgeface-a348c305af33c223b337,pq,pq_512_m32_b8,pq_reconstruction_cosine,0.01,False,frozen_origin,-0.0507280528545,True,False,False,True,True,0.859474058472,True,high_error,6,42,8,20260810-R001-49ce74ce,C:\ronbun\runs\rfw_custom_20260810\20260810-R001-49ce74ce_step4_rfw_custom_edgeface-a348c305af33c223b337
gradcam-a9b8f898c21b84e90d46,population-c34a0451ee682a300684ff4b,rfw_custom,rfw:caucasian:m.07ddkz_0001,edgeface-a348c305af33c223b337,pq,pq_512_m32_b8,pq_reconstruction_cosine,0.01,True,frozen_origin,-0.293797254562,True,False,False,True,True,0.858742760856,True,high_error,7,42,8,20260810-R001-49ce74ce,C:\ronbun\runs\rfw_custom_20260810\20260810-R001-49ce74ce_step4_rfw_custom_edgeface-a348c305af33c223b337
gradcam-5bb674541605d689a84d,population-c34a0451ee682a300684ff4b,rfw_custom,rfw:caucasian:m.01kzrcw_0003,edgeface-a348c305af33c223b337,pq,pq_512_m32_b8,pq_reconstruction_cosine,0.01,False,frozen_origin,-0.0675389766693,True,False,False,True,True,0.858034240172,True,high_error,8,42,8,20260810-R001-49ce74ce,C:\ronbun\runs\rfw_custom_20260810\20260810-R001-49ce74ce_step4_rfw_custom_edgeface-a348c305af33c223b337
gradcam-9b145cde34df26bf7584,population-c34a0451ee682a300684ff4b,rfw_custom,rfw:caucasian:m.05h3r4_0001,edgeface-a348c305af33c223b337,pq,pq_512_m32_b8,pq_reconstruction_cosine,0.01,False,frozen_origin,-0.0966311693192,False,False,False,True,True,0.88600101097,True,rank_flip,1,42,8,20260810-R001-49ce74ce,C:\ronbun\runs\rfw_custom_20260810\20260810-R001-49ce74ce_step4_rfw_custom_edgeface-a348c305af33c223b337
gradcam-419a6eeb90f218a4578a,population-c34a0451ee682a300684ff4b,rfw_custom,rfw:asian:m.02vrgn1_0004,edgeface-a348c305af33c223b337,pq,pq_512_m32_b8,pq_reconstruction_cosine,0.01,False,frozen_origin,-0.103466078639,False,False,False,True,True,0.882249806553,True,rank_flip,2,42,8,20260810-R001-49ce74ce,C:\ronbun\runs\rfw_custom_20260810\20260810-R001-49ce74ce_step4_rfw_custom_edgeface-a348c305af33c223b337
gradcam-7ed8d3c441a08e6259ea,population-c34a0451ee682a300684ff4b,rfw_custom,rfw:caucasian:m.0bq7m_0001,edgeface-a348c305af33c223b337,pq,pq_512_m32_b8,pq_reconstruction_cosine,0.01,False,frozen_origin,-0.104366883636,False,False,False,True,True,0.87879177933,True,rank_flip,3,42,8,20260810-R001-49ce74ce,C:\ronbun\runs\rfw_custom_20260810\20260810-R001-49ce74ce_step4_rfw_custom_edgeface-a348c305af33c223b337
gradcam-8823e342d0de2bed916e,population-c34a0451ee682a300684ff4b,rfw_custom,rfw:african:m.02drk9_0003,edgeface-a348c305af33c223b337,pq,pq_512_m32_b8,pq_reconstruction_cosine,0.01,False,frozen_origin,-0.12083619833,False,False,False,True,True,0.876515522053,True,rank_flip,4,42,8,20260810-R001-49ce74ce,C:\ronbun\runs\rfw_custom_20260810\20260810-R001-49ce74ce_step4_rfw_custom_edgeface-a348c305af33c223b337
gradcam-b6ea1e82c284c6b9b5a8,population-c34a0451ee682a300684ff4b,rfw_custom,rfw:caucasian:m.0jsfs9k_0001,edgeface-a348c305af33c223b337,pq,pq_512_m32_b8,pq_reconstruction_cosine,0.01,False,frozen_origin,-0.0969416201115,False,False,False,True,True,0.874580832128,True,rank_flip,5,42,8,20260810-R001-49ce74ce,C:\ronbun\runs\rfw_custom_20260810\20260810-R001-49ce74ce_step4_rfw_custom_edgeface-a348c305af33c223b337
gradcam-7249cdad1f56e02bc2f1,population-c34a0451ee682a300684ff4b,rfw_custom,rfw:caucasian:m.02ndbd_0004,edgeface-a348c305af33c223b337,pq,pq_512_m32_b8,pq_reconstruction_cosine,0.01,False,frozen_origin,-0.116040676832,False,False,False,True,True,0.872084625726,True,rank_flip,6,42,8,20260810-R001-49ce74ce,C:\ronbun\runs\rfw_custom_20260810\20260810-R001-49ce74ce_step4_rfw_custom_edgeface-a348c305af33c223b337
gradcam-96e70854106f548bb71e,population-c34a0451ee682a300684ff4b,rfw_custom,rfw:asian:m.0gty3pl_0003,edgeface-a348c305af33c223b337,pq,pq_512_m32_b8,pq_reconstruction_cosine,0.01,False,frozen_origin,-0.134343549609,False,False,False,True,True,0.86849064793,True,rank_flip,7,42,8,20260810-R001-49ce74ce,C:\ronbun\runs\rfw_custom_20260810\20260810-R001-49ce74ce_step4_rfw_custom_edgeface-a348c305af33c223b337
gradcam-0f6f94d259f88188c859,population-c34a0451ee682a300684ff4b,rfw_custom,rfw:caucasian:m.0dr_lg_0002,edgeface-a348c305af33c223b337,pq,pq_512_m32_b8,pq_reconstruction_cosine,0.01,False,frozen_origin,-0.124716714025,False,False,False,True,True,0.867814807407,True,rank_flip,8,42,8,20260810-R001-49ce74ce,C:\ronbun\runs\rfw_custom_20260810\20260810-R001-49ce74ce_step4_rfw_custom_edgeface-a348c305af33c223b337
gradcam-edf101b3a56725c8cef6,population-c34a0451ee682a300684ff4b,rfw_custom,rfw:african:m.03nlm__0003,edgeface-a348c305af33c223b337,pq,pq_512_m32_b8,pq_reconstruction_cosine,0.01,True,frozen_origin,-0.224845349789,True,False,False,True,True,0.771977044324,True,stable,1,42,8,20260810-R001-49ce74ce,C:\ronbun\runs\rfw_custom_20260810\20260810-R001-49ce74ce_step4_rfw_custom_edgeface-a348c305af33c223b337
gradcam-120ccf386b8c053a4472,population-c34a0451ee682a300684ff4b,rfw_custom,rfw:indian:m.0k_pgn_0003,edgeface-a348c305af33c223b337,pq,pq_512_m32_b8,pq_reconstruction_cosine,0.01,False,frozen_origin,-0.0747283995152,True,False,False,True,True,0.777180998217,True,stable,2,42,8,20260810-R001-49ce74ce,C:\ronbun\runs\rfw_custom_20260810\20260810-R001-49ce74ce_step4_rfw_custom_edgeface-a348c305af33c223b337
gradcam-555e71dce6eb0e98b8b9,population-c34a0451ee682a300684ff4b,rfw_custom,rfw:caucasian:m.027xrq_0001,edgeface-a348c305af33c223b337,pq,pq_512_m32_b8,pq_reconstruction_cosine,0.01,False,frozen_origin,-0.0464253425598,True,False,False,True,True,0.777191089224,True,stable,3,42,8,20260810-R001-49ce74ce,C:\ronbun\runs\rfw_custom_20260810\20260810-R001-49ce74ce_step4_rfw_custom_edgeface-a348c305af33c223b337
gradcam-6277a6f2041fa3e24bea,population-c34a0451ee682a300684ff4b,rfw_custom,rfw:asian:m.02x32y9_0004,edgeface-a348c305af33c223b337,pq,pq_512_m32_b8,pq_reconstruction_cosine,0.01,True,frozen_origin,-0.15328887105,True,False,False,True,True,0.77963685669,True,stable,4,42,8,20260810-R001-49ce74ce,C:\ronbun\runs\rfw_custom_20260810\20260810-R001-49ce74ce_step4_rfw_custom_edgeface-a348c305af33c223b337
gradcam-7f4a8abf6913faab5f5d,population-c34a0451ee682a300684ff4b,rfw_custom,rfw:african:m.05101__0002,edgeface-a348c305af33c223b337,pq,pq_512_m32_b8,pq_reconstruction_cosine,0.01,False,frozen_origin,-0.0809293985367,True,False,False,True,True,0.781302899843,True,stable,5,42,8,20260810-R001-49ce74ce,C:\ronbun\runs\rfw_custom_20260810\20260810-R001-49ce74ce_step4_rfw_custom_edgeface-a348c305af33c223b337
gradcam-cf56bc14f2d9ba57dad7,population-c34a0451ee682a300684ff4b,rfw_custom,rfw:african:m.025z9g7_0004,edgeface-a348c305af33c223b337,pq,pq_512_m32_b8,pq_reconstruction_cosine,0.01,False,frozen_origin,-0.0541794598103,True,False,False,True,True,0.784289624933,True,stable,6,42,8,20260810-R001-49ce74ce,C:\ronbun\runs\rfw_custom_20260810\20260810-R001-49ce74ce_step4_rfw_custom_edgeface-a348c305af33c223b337
gradcam-484b695fc73b277a87f4,population-c34a0451ee682a300684ff4b,rfw_custom,rfw:indian:m.02st41_0003,edgeface-a348c305af33c223b337,pq,pq_512_m32_b8,pq_reconstruction_cosine,0.01,True,frozen_origin,-0.198372840881,True,False,False,True,True,0.784618572549,True,stable,7,42,8,20260810-R001-49ce74ce,C:\ronbun\runs\rfw_custom_20260810\20260810-R001-49ce74ce_step4_rfw_custom_edgeface-a348c305af33c223b337
gradcam-72c8f93fc3bd380156fd,population-c34a0451ee682a300684ff4b,rfw_custom,rfw:indian:m.043r1j8_0003,edgeface-a348c305af33c223b337,pq,pq_512_m32_b8,pq_reconstruction_cosine,0.01,True,frozen_origin,-0.198591291904,True,False,False,True,True,0.785088700129,True,stable,8,42,8,20260810-R001-49ce74ce,C:\ronbun\runs\rfw_custom_20260810\20260810-R001-49ce74ce_step4_rfw_custom_edgeface-a348c305af33c223b337
gradcam-8a93bba26a4af3b3fc1f,population-c34a0451ee682a300684ff4b,rfw_custom,rfw:caucasian:m.0pnhc_0001,edgeface-a348c305af33c223b337,pq,pq_512_m32_b8,pq_reconstruction_cosine,0.01,True,frozen_origin,-0.306765913963,True,True,False,True,True,0.880258767519,True,threshold_crossing,1,42,8,20260810-R001-49ce74ce,C:\ronbun\runs\rfw_custom_20260810\20260810-R001-49ce74ce_step4_rfw_custom_edgeface-a348c305af33c223b337
gradcam-584fcdd62339a6d12cf6,population-c34a0451ee682a300684ff4b,rfw_custom,rfw:indian:m.0h1qng_0002,edgeface-a348c305af33c223b337,pq,pq_512_m32_b8,pq_reconstruction_cosine,0.01,True,frozen_origin,-0.277617573738,True,True,False,True,True,0.874805320665,True,threshold_crossing,2,42,8,20260810-R001-49ce74ce,C:\ronbun\runs\rfw_custom_20260810\20260810-R001-49ce74ce_step4_rfw_custom_edgeface-a348c305af33c223b337
gradcam-ef0bf7e9ad71bdeee45d,population-c34a0451ee682a300684ff4b,rfw_custom,rfw:african:m.03xfq7_0005,edgeface-a348c305af33c223b337,pq,pq_512_m32_b8,pq_reconstruction_cosine,0.01,True,frozen_origin,-0.287976503372,True,True,False,True,True,0.869804182849,True,threshold_crossing,3,42,8,20260810-R001-49ce74ce,C:\ronbun\runs\rfw_custom_20260810\20260810-R001-49ce74ce_step4_rfw_custom_edgeface-a348c305af33c223b337
gradcam-ab48a27902b19358d7ae,population-c34a0451ee682a300684ff4b,rfw_custom,rfw:caucasian:m.0pnhc_0004,edgeface-a348c305af33c223b337,pq,pq_512_m32_b8,pq_reconstruction_cosine,0.01,True,frozen_origin,-0.352083265781,True,True,False,True,True,0.868253320979,True,threshold_crossing,4,42,8,20260810-R001-49ce74ce,C:\ronbun\runs\rfw_custom_20260810\20260810-R001-49ce74ce_step4_rfw_custom_edgeface-a348c305af33c223b337
gradcam-d68cfc17cf36bde795f1,population-c34a0451ee682a300684ff4b,rfw_custom,rfw:caucasian:m.05b3gw_0002,edgeface-a348c305af33c223b337,pq,pq_512_m32_b8,pq_reconstruction_cosine,0.01,True,frozen_origin,-0.340838611126,False,True,False,True,True,0.868237132208,True,threshold_crossing,5,42,8,20260810-R001-49ce74ce,C:\ronbun\runs\rfw_custom_20260810\20260810-R001-49ce74ce_step4_rfw_custom_edgeface-a348c305af33c223b337
gradcam-93268614312b79b5ed31,population-c34a0451ee682a300684ff4b,rfw_custom,rfw:indian:m.04n0rty_0003,edgeface-a348c305af33c223b337,pq,pq_512_m32_b8,pq_reconstruction_cosine,0.01,True,frozen_origin,-0.342703342438,True,True,False,True,True,0.868096292956,True,threshold_crossing,6,42,8,20260810-R001-49ce74ce,C:\ronbun\runs\rfw_custom_20260810\20260810-R001-49ce74ce_step4_rfw_custom_edgeface-a348c305af33c223b337
gradcam-c1296064094434c5d24b,population-c34a0451ee682a300684ff4b,rfw_custom,rfw:indian:m.0gvr_t7_0001,edgeface-a348c305af33c223b337,pq,pq_512_m32_b8,pq_reconstruction_cosine,0.01,False,frozen_origin,-0.214510142803,False,True,False,True,True,0.867457065603,True,threshold_crossing,7,42,8,20260810-R001-49ce74ce,C:\ronbun\runs\rfw_custom_20260810\20260810-R001-49ce74ce_step4_rfw_custom_edgeface-a348c305af33c223b337
gradcam-42ed92c8b9f86ab31cec,population-c34a0451ee682a300684ff4b,rfw_custom,rfw:asian:m.0k8nqsp_0002,edgeface-a348c305af33c223b337,pq,pq_512_m32_b8,pq_reconstruction_cosine,0.01,False,frozen_origin,-0.16709280014,False,True,False,True,True,0.866045640334,True,threshold_crossing,8,42,8,20260810-R001-49ce74ce,C:\ronbun\runs\rfw_custom_20260810\20260810-R001-49ce74ce_step4_rfw_custom_edgeface-a348c305af33c223b337
gradcam-a8e8cd34b4504a4ebf74,population-c34a0451ee682a300684ff4b,rfw_custom,rfw:caucasian:m.02fx3c_0002,edgeface-a348c305af33c223b337,pq,pq_512_m32_b8,pq_reconstruction_cosine,0.1,False,frozen_origin,-0.0728989690542,True,False,False,True,True,0.880100870321,True,high_error,1,42,8,20260810-R001-49ce74ce,C:\ronbun\runs\rfw_custom_20260810\20260810-R001-49ce74ce_step4_rfw_custom_edgeface-a348c305af33c223b337
gradcam-848cee06fedd04369a5c,population-c34a0451ee682a300684ff4b,rfw_custom,rfw:caucasian:m.03q4y7_0002,edgeface-a348c305af33c223b337,pq,pq_512_m32_b8,pq_reconstruction_cosine,0.1,False,frozen_origin,-0.0241239219904,True,False,False,True,True,0.865488013093,True,high_error,2,42,8,20260810-R001-49ce74ce,C:\ronbun\runs\rfw_custom_20260810\20260810-R001-49ce74ce_step4_rfw_custom_edgeface-a348c305af33c223b337
gradcam-28928ce679ff7f398a98,population-c34a0451ee682a300684ff4b,rfw_custom,rfw:asian:m.05q97sh_0003,edgeface-a348c305af33c223b337,pq,pq_512_m32_b8,pq_reconstruction_cosine,0.1,True,frozen_origin,-0.320839166641,True,False,False,True,True,0.865387731548,True,high_error,3,42,8,20260810-R001-49ce74ce,C:\ronbun\runs\rfw_custom_20260810\20260810-R001-49ce74ce_step4_rfw_custom_edgeface-a348c305af33c223b337
gradcam-62d8a8bd8a74f8197cbb,population-c34a0451ee682a300684ff4b,rfw_custom,rfw:caucasian:m.027d1ds_0002,edgeface-a348c305af33c223b337,pq,pq_512_m32_b8,pq_reconstruction_cosine,0.1,True,frozen_origin,-0.306395858526,True,False,False,True,True,0.864093639251,True,high_error,4,42,8,20260810-R001-49ce74ce,C:\ronbun\runs\rfw_custom_20260810\20260810-R001-49ce74ce_step4_rfw_custom_edgeface-a348c305af33c223b337
gradcam-a86348200660b3b8b6f8,population-c34a0451ee682a300684ff4b,rfw_custom,rfw:caucasian:m.0n52_0j_0003,edgeface-a348c305af33c223b337,pq,pq_512_m32_b8,pq_reconstruction_cosine,0.1,True,frozen_origin,-0.355150580406,True,False,False,True,True,0.85991639177,True,high_error,5,42,8,20260810-R001-49ce74ce,C:\ronbun\runs\rfw_custom_20260810\20260810-R001-49ce74ce_step4_rfw_custom_edgeface-a348c305af33c223b337
gradcam-da58769c8410c37690db,population-c34a0451ee682a300684ff4b,rfw_custom,rfw:caucasian:m.049ffgm_0001,edgeface-a348c305af33c223b337,pq,pq_512_m32_b8,pq_reconstruction_cosine,0.1,False,frozen_origin,-0.0507280528545,True,False,False,True,True,0.859474058472,True,high_error,6,42,8,20260810-R001-49ce74ce,C:\ronbun\runs\rfw_custom_20260810\20260810-R001-49ce74ce_step4_rfw_custom_edgeface-a348c305af33c223b337
gradcam-b8974674391aadc54cb9,population-c34a0451ee682a300684ff4b,rfw_custom,rfw:african:m.06l8hh_0004,edgeface-a348c305af33c223b337,pq,pq_512_m32_b8,pq_reconstruction_cosine,0.1,True,frozen_origin,-0.337605655193,True,False,False,True,True,0.859200953802,True,high_error,7,42,8,20260810-R001-49ce74ce,C:\ronbun\runs\rfw_custom_20260810\20260810-R001-49ce74ce_step4_rfw_custom_edgeface-a348c305af33c223b337
gradcam-7bc5358127df48b81496,population-c34a0451ee682a300684ff4b,rfw_custom,rfw:indian:m.0265z9l_0001,edgeface-a348c305af33c223b337,pq,pq_512_m32_b8,pq_reconstruction_cosine,0.1,True,frozen_origin,-0.110367357731,True,False,False,True,True,0.858803380296,True,high_error,8,42,8,20260810-R001-49ce74ce,C:\ronbun\runs\rfw_custom_20260810\20260810-R001-49ce74ce_step4_rfw_custom_edgeface-a348c305af33c223b337
gradcam-7151fb333bd195078737,population-c34a0451ee682a300684ff4b,rfw_custom,rfw:caucasian:m.05h3r4_0001,edgeface-a348c305af33c223b337,pq,pq_512_m32_b8,pq_reconstruction_cosine,0.1,False,frozen_origin,-0.0966311693192,False,False,False,True,True,0.88600101097,True,rank_flip,1,42,8,20260810-R001-49ce74ce,C:\ronbun\runs\rfw_custom_20260810\20260810-R001-49ce74ce_step4_rfw_custom_edgeface-a348c305af33c223b337
gradcam-5df0b5e8221656643ebb,population-c34a0451ee682a300684ff4b,rfw_custom,rfw:asian:m.02vrgn1_0004,edgeface-a348c305af33c223b337,pq,pq_512_m32_b8,pq_reconstruction_cosine,0.1,False,frozen_origin,-0.103466078639,False,False,False,True,True,0.882249806553,True,rank_flip,2,42,8,20260810-R001-49ce74ce,C:\ronbun\runs\rfw_custom_20260810\20260810-R001-49ce74ce_step4_rfw_custom_edgeface-a348c305af33c223b337
gradcam-51f03004c5c5a7484ad1,population-c34a0451ee682a300684ff4b,rfw_custom,rfw:african:m.02drk9_0003,edgeface-a348c305af33c223b337,pq,pq_512_m32_b8,pq_reconstruction_cosine,0.1,False,frozen_origin,-0.12083619833,False,False,False,True,True,0.876515522053,True,rank_flip,3,42,8,20260810-R001-49ce74ce,C:\ronbun\runs\rfw_custom_20260810\20260810-R001-49ce74ce_step4_rfw_custom_edgeface-a348c305af33c223b337
gradcam-efda02ea0ae3ee46aa8c,population-c34a0451ee682a300684ff4b,rfw_custom,rfw:caucasian:m.0jsfs9k_0001,edgeface-a348c305af33c223b337,pq,pq_512_m32_b8,pq_reconstruction_cosine,0.1,False,frozen_origin,-0.0969416201115,False,False,False,True,True,0.874580832128,True,rank_flip,4,42,8,20260810-R001-49ce74ce,C:\ronbun\runs\rfw_custom_20260810\20260810-R001-49ce74ce_step4_rfw_custom_edgeface-a348c305af33c223b337
gradcam-965b96eac31a05a9effb,population-c34a0451ee682a300684ff4b,rfw_custom,rfw:caucasian:m.02ndbd_0004,edgeface-a348c305af33c223b337,pq,pq_512_m32_b8,pq_reconstruction_cosine,0.1,False,frozen_origin,-0.116040676832,False,False,False,True,True,0.872084625726,True,rank_flip,5,42,8,20260810-R001-49ce74ce,C:\ronbun\runs\rfw_custom_20260810\20260810-R001-49ce74ce_step4_rfw_custom_edgeface-a348c305af33c223b337
gradcam-4ad4a8333ac43cd96c5b,population-c34a0451ee682a300684ff4b,rfw_custom,rfw:caucasian:m.0lylw_0003,edgeface-a348c305af33c223b337,pq,pq_512_m32_b8,pq_reconstruction_cosine,0.1,False,frozen_origin,-0.092993453145,False,False,False,True,True,0.867652890705,True,rank_flip,6,42,8,20260810-R001-49ce74ce,C:\ronbun\runs\rfw_custom_20260810\20260810-R001-49ce74ce_step4_rfw_custom_edgeface-a348c305af33c223b337
gradcam-4281d6bb3e35a99efdc2,population-c34a0451ee682a300684ff4b,rfw_custom,rfw:caucasian:m.06gsg2_0003,edgeface-a348c305af33c223b337,pq,pq_512_m32_b8,pq_reconstruction_cosine,0.1,False,frozen_origin,-0.08978125453,False,False,False,True,True,0.865845908774,True,rank_flip,7,42,8,20260810-R001-49ce74ce,C:\ronbun\runs\rfw_custom_20260810\20260810-R001-49ce74ce_step4_rfw_custom_edgeface-a348c305af33c223b337
gradcam-a91d75b903c24c78a21c,population-c34a0451ee682a300684ff4b,rfw_custom,rfw:caucasian:m.09wmk__0002,edgeface-a348c305af33c223b337,pq,pq_512_m32_b8,pq_reconstruction_cosine,0.1,True,frozen_origin,-0.0958693474531,False,False,False,True,True,0.865382157733,True,rank_flip,8,42,8,20260810-R001-49ce74ce,C:\ronbun\runs\rfw_custom_20260810\20260810-R001-49ce74ce_step4_rfw_custom_edgeface-a348c305af33c223b337
gradcam-37351210d4d456a87d9c,population-c34a0451ee682a300684ff4b,rfw_custom,rfw:african:m.05l_8j_0001,edgeface-a348c305af33c223b337,pq,pq_512_m32_b8,pq_reconstruction_cosine,0.1,True,frozen_origin,-0.275958448648,True,False,False,True,True,0.769457448187,True,stable,1,42,8,20260810-R001-49ce74ce,C:\ronbun\runs\rfw_custom_20260810\20260810-R001-49ce74ce_step4_rfw_custom_edgeface-a348c305af33c223b337
gradcam-b36aa9edfe9ffe8e7113,population-c34a0451ee682a300684ff4b,rfw_custom,rfw:african:m.03nlm__0003,edgeface-a348c305af33c223b337,pq,pq_512_m32_b8,pq_reconstruction_cosine,0.1,True,frozen_origin,-0.224845349789,True,False,False,True,True,0.771977044324,True,stable,2,42,8,20260810-R001-49ce74ce,C:\ronbun\runs\rfw_custom_20260810\20260810-R001-49ce74ce_step4_rfw_custom_edgeface-a348c305af33c223b337
gradcam-c0a3cdb9a7cfcce914d7,population-c34a0451ee682a300684ff4b,rfw_custom,rfw:caucasian:m.027xrq_0001,edgeface-a348c305af33c223b337,pq,pq_512_m32_b8,pq_reconstruction_cosine,0.1,False,frozen_origin,-0.0464253425598,True,False,False,True,True,0.777191089224,True,stable,3,42,8,20260810-R001-49ce74ce,C:\ronbun\runs\rfw_custom_20260810\20260810-R001-49ce74ce_step4_rfw_custom_edgeface-a348c305af33c223b337
gradcam-2fa4fa20eae96dedca16,population-c34a0451ee682a300684ff4b,rfw_custom,rfw:asian:m.02x32y9_0004,edgeface-a348c305af33c223b337,pq,pq_512_m32_b8,pq_reconstruction_cosine,0.1,True,frozen_origin,-0.15328887105,True,False,False,True,True,0.77963685669,True,stable,4,42,8,20260810-R001-49ce74ce,C:\ronbun\runs\rfw_custom_20260810\20260810-R001-49ce74ce_step4_rfw_custom_edgeface-a348c305af33c223b337
gradcam-5ac813bfc37107f0a875,population-c34a0451ee682a300684ff4b,rfw_custom,rfw:african:m.025z9g7_0004,edgeface-a348c305af33c223b337,pq,pq_512_m32_b8,pq_reconstruction_cosine,0.1,False,frozen_origin,-0.0541794598103,True,False,False,True,True,0.784289624933,True,stable,5,42,8,20260810-R001-49ce74ce,C:\ronbun\runs\rfw_custom_20260810\20260810-R001-49ce74ce_step4_rfw_custom_edgeface-a348c305af33c223b337
gradcam-bab1a034e7c7ae6fc546,population-c34a0451ee682a300684ff4b,rfw_custom,rfw:indian:m.02st41_0003,edgeface-a348c305af33c223b337,pq,pq_512_m32_b8,pq_reconstruction_cosine,0.1,True,frozen_origin,-0.198372840881,True,False,False,True,True,0.784618572549,True,stable,6,42,8,20260810-R001-49ce74ce,C:\ronbun\runs\rfw_custom_20260810\20260810-R001-49ce74ce_step4_rfw_custom_edgeface-a348c305af33c223b337
gradcam-59a25cb9fd163e62723f,population-c34a0451ee682a300684ff4b,rfw_custom,rfw:indian:m.043r1j8_0003,edgeface-a348c305af33c223b337,pq,pq_512_m32_b8,pq_reconstruction_cosine,0.1,True,frozen_origin,-0.198591291904,True,False,False,True,True,0.785088700129,True,stable,7,42,8,20260810-R001-49ce74ce,C:\ronbun\runs\rfw_custom_20260810\20260810-R001-49ce74ce_step4_rfw_custom_edgeface-a348c305af33c223b337
gradcam-283383a71e52dbdf1023,population-c34a0451ee682a300684ff4b,rfw_custom,rfw:african:m.0bmcvtp_0004,edgeface-a348c305af33c223b337,pq,pq_512_m32_b8,pq_reconstruction_cosine,0.1,True,frozen_origin,-0.301490545273,True,False,False,True,True,0.785131445126,True,stable,8,42,8,20260810-R001-49ce74ce,C:\ronbun\runs\rfw_custom_20260810\20260810-R001-49ce74ce_step4_rfw_custom_edgeface-a348c305af33c223b337
gradcam-08e7b1ba5550df9a2b32,population-c34a0451ee682a300684ff4b,rfw_custom,rfw:caucasian:m.0pnhc_0001,edgeface-a348c305af33c223b337,pq,pq_512_m32_b8,pq_reconstruction_cosine,0.1,True,frozen_origin,-0.306765913963,True,True,False,True,True,0.880258767519,True,threshold_crossing,1,42,8,20260810-R001-49ce74ce,C:\ronbun\runs\rfw_custom_20260810\20260810-R001-49ce74ce_step4_rfw_custom_edgeface-a348c305af33c223b337
gradcam-ff5db1247b224ba1ae44,population-c34a0451ee682a300684ff4b,rfw_custom,rfw:caucasian:m.0bq7m_0001,edgeface-a348c305af33c223b337,pq,pq_512_m32_b8,pq_reconstruction_cosine,0.1,False,frozen_origin,-0.104366883636,False,True,False,True,True,0.87879177933,True,threshold_crossing,2,42,8,20260810-R001-49ce74ce,C:\ronbun\runs\rfw_custom_20260810\20260810-R001-49ce74ce_step4_rfw_custom_edgeface-a348c305af33c223b337
gradcam-e6196e4f49c6c237801c,population-c34a0451ee682a300684ff4b,rfw_custom,rfw:indian:m.0h1qng_0002,edgeface-a348c305af33c223b337,pq,pq_512_m32_b8,pq_reconstruction_cosine,0.1,True,frozen_origin,-0.277617573738,True,True,False,True,True,0.874805320665,True,threshold_crossing,3,42,8,20260810-R001-49ce74ce,C:\ronbun\runs\rfw_custom_20260810\20260810-R001-49ce74ce_step4_rfw_custom_edgeface-a348c305af33c223b337
gradcam-e986e49d823d6ac7b347,population-c34a0451ee682a300684ff4b,rfw_custom,rfw:african:m.03xfq7_0005,edgeface-a348c305af33c223b337,pq,pq_512_m32_b8,pq_reconstruction_cosine,0.1,True,frozen_origin,-0.287976503372,True,True,False,True,True,0.869804182849,True,threshold_crossing,4,42,8,20260810-R001-49ce74ce,C:\ronbun\runs\rfw_custom_20260810\20260810-R001-49ce74ce_step4_rfw_custom_edgeface-a348c305af33c223b337
gradcam-16d05a9647b84c6cb2a6,population-c34a0451ee682a300684ff4b,rfw_custom,rfw:asian:m.0gty3pl_0003,edgeface-a348c305af33c223b337,pq,pq_512_m32_b8,pq_reconstruction_cosine,0.1,False,frozen_origin,-0.134343549609,False,True,False,True,True,0.86849064793,True,threshold_crossing,5,42,8,20260810-R001-49ce74ce,C:\ronbun\runs\rfw_custom_20260810\20260810-R001-49ce74ce_step4_rfw_custom_edgeface-a348c305af33c223b337
gradcam-1a545f402678aca0759c,population-c34a0451ee682a300684ff4b,rfw_custom,rfw:caucasian:m.0pnhc_0004,edgeface-a348c305af33c223b337,pq,pq_512_m32_b8,pq_reconstruction_cosine,0.1,True,frozen_origin,-0.352083265781,True,True,False,True,True,0.868253320979,True,threshold_crossing,6,42,8,20260810-R001-49ce74ce,C:\ronbun\runs\rfw_custom_20260810\20260810-R001-49ce74ce_step4_rfw_custom_edgeface-a348c305af33c223b337
gradcam-272f1c94147fd99114bd,population-c34a0451ee682a300684ff4b,rfw_custom,rfw:caucasian:m.05b3gw_0002,edgeface-a348c305af33c223b337,pq,pq_512_m32_b8,pq_reconstruction_cosine,0.1,True,frozen_origin,-0.340838611126,False,True,False,True,True,0.868237132208,True,threshold_crossing,7,42,8,20260810-R001-49ce74ce,C:\ronbun\runs\rfw_custom_20260810\20260810-R001-49ce74ce_step4_rfw_custom_edgeface-a348c305af33c223b337
gradcam-3da8f0495050e42b3223,population-c34a0451ee682a300684ff4b,rfw_custom,rfw:indian:m.04n0rty_0003,edgeface-a348c305af33c223b337,pq,pq_512_m32_b8,pq_reconstruction_cosine,0.1,True,frozen_origin,-0.342703342438,True,True,False,True,True,0.868096292956,True,threshold_crossing,8,42,8,20260810-R001-49ce74ce,C:\ronbun\runs\rfw_custom_20260810\20260810-R001-49ce74ce_step4_rfw_custom_edgeface-a348c305af33c223b337
gradcam-f94cab2f5d65c60dcbc1,population-c34a0451ee682a300684ff4b,rfw_custom,rfw:caucasian:m.0bq7m_0001,edgeface-a348c305af33c223b337,pq,pq_512_m64_b8,pq_reconstruction_cosine,0.01,False,frozen_origin,-0.0895756483078,True,False,False,True,True,0.642519837372,True,high_error,1,42,8,20260810-R001-49ce74ce,C:\ronbun\runs\rfw_custom_20260810\20260810-R001-49ce74ce_step4_rfw_custom_edgeface-a348c305af33c223b337
gradcam-b94975e01185e119e144,population-c34a0451ee682a300684ff4b,rfw_custom,rfw:caucasian:m.01_gcy_0003,edgeface-a348c305af33c223b337,pq,pq_512_m64_b8,pq_reconstruction_cosine,0.01,False,frozen_origin,-0.103965401649,True,False,False,True,True,0.630903038092,True,high_error,2,42,8,20260810-R001-49ce74ce,C:\ronbun\runs\rfw_custom_20260810\20260810-R001-49ce74ce_step4_rfw_custom_edgeface-a348c305af33c223b337
gradcam-657347d50415bcf6dcf8,population-c34a0451ee682a300684ff4b,rfw_custom,rfw:caucasian:m.03kvq4_0003,edgeface-a348c305af33c223b337,pq,pq_512_m64_b8,pq_reconstruction_cosine,0.01,False,frozen_origin,-0.0545031577349,True,False,False,True,True,0.626998947528,True,high_error,3,42,8,20260810-R001-49ce74ce,C:\ronbun\runs\rfw_custom_20260810\20260810-R001-49ce74ce_step4_rfw_custom_edgeface-a348c305af33c223b337
gradcam-b2912b79a0a3adc579a1,population-c34a0451ee682a300684ff4b,rfw_custom,rfw:asian:m.0gty3pl_0003,edgeface-a348c305af33c223b337,pq,pq_512_m64_b8,pq_reconstruction_cosine,0.01,False,frozen_origin,-0.0982122123241,True,False,False,True,True,0.625816143856,True,high_error,4,42,8,20260810-R001-49ce74ce,C:\ronbun\runs\rfw_custom_20260810\20260810-R001-49ce74ce_step4_rfw_custom_edgeface-a348c305af33c223b337
gradcam-683436b2145c302f1390,population-c34a0451ee682a300684ff4b,rfw_custom,rfw:caucasian:m.0gbmd2h_0001,edgeface-a348c305af33c223b337,pq,pq_512_m64_b8,pq_reconstruction_cosine,0.01,False,frozen_origin,-0.0762699842453,True,False,False,True,True,0.624705260153,True,high_error,5,42,8,20260810-R001-49ce74ce,C:\ronbun\runs\rfw_custom_20260810\20260810-R001-49ce74ce_step4_rfw_custom_edgeface-a348c305af33c223b337
gradcam-85ee99aa37d51c9f5b6a,population-c34a0451ee682a300684ff4b,rfw_custom,rfw:asian:m.03j1mg0_0002,edgeface-a348c305af33c223b337,pq,pq_512_m64_b8,pq_reconstruction_cosine,0.01,True,frozen_origin,-0.14448389411,True,False,False,True,True,0.624386470222,True,high_error,6,42,8,20260810-R001-49ce74ce,C:\ronbun\runs\rfw_custom_20260810\20260810-R001-49ce74ce_step4_rfw_custom_edgeface-a348c305af33c223b337
gradcam-4f50c0376ad3ac4b55fb,population-c34a0451ee682a300684ff4b,rfw_custom,rfw:caucasian:m.04sg2w3_0004,edgeface-a348c305af33c223b337,pq,pq_512_m64_b8,pq_reconstruction_cosine,0.01,False,frozen_origin,-0.12272079289,True,False,False,True,True,0.623818581513,True,high_error,7,42,8,20260810-R001-49ce74ce,C:\ronbun\runs\rfw_custom_20260810\20260810-R001-49ce74ce_step4_rfw_custom_edgeface-a348c305af33c223b337
gradcam-e094a66c2393fb660fb7,population-c34a0451ee682a300684ff4b,rfw_custom,rfw:african:m.06wgc5_0004,edgeface-a348c305af33c223b337,pq,pq_512_m64_b8,pq_reconstruction_cosine,0.01,False,frozen_origin,-0.0887004733086,True,False,False,True,True,0.623110789255,True,high_error,8,42,8,20260810-R001-49ce74ce,C:\ronbun\runs\rfw_custom_20260810\20260810-R001-49ce74ce_step4_rfw_custom_edgeface-a348c305af33c223b337
gradcam-95121f2c77c5d5c98f1a,population-c34a0451ee682a300684ff4b,rfw_custom,rfw:caucasian:m.0gxv69_0002,edgeface-a348c305af33c223b337,pq,pq_512_m64_b8,pq_reconstruction_cosine,0.01,False,frozen_origin,-0.0534416735172,False,False,False,True,True,0.626716050388,True,rank_flip,1,42,8,20260810-R001-49ce74ce,C:\ronbun\runs\rfw_custom_20260810\20260810-R001-49ce74ce_step4_rfw_custom_edgeface-a348c305af33c223b337
gradcam-637cdb160c10e00f8245,population-c34a0451ee682a300684ff4b,rfw_custom,rfw:african:m.01nk_x2_0003,edgeface-a348c305af33c223b337,pq,pq_512_m64_b8,pq_reconstruction_cosine,0.01,False,frozen_origin,-0.0348707437515,False,False,False,True,True,0.626095722684,True,rank_flip,2,42,8,20260810-R001-49ce74ce,C:\ronbun\runs\rfw_custom_20260810\20260810-R001-49ce74ce_step4_rfw_custom_edgeface-a348c305af33c223b337
gradcam-2f30bf1b589fb99afc77,population-c34a0451ee682a300684ff4b,rfw_custom,rfw:caucasian:m.05mkfb_0003,edgeface-a348c305af33c223b337,pq,pq_512_m64_b8,pq_reconstruction_cosine,0.01,False,frozen_origin,-0.0615797489882,False,False,False,True,True,0.625919728515,True,rank_flip,3,42,8,20260810-R001-49ce74ce,C:\ronbun\runs\rfw_custom_20260810\20260810-R001-49ce74ce_step4_rfw_custom_edgeface-a348c305af33c223b337
gradcam-bcc3839a44a51d117fca,population-c34a0451ee682a300684ff4b,rfw_custom,rfw:indian:m.02q9dnw_0004,edgeface-a348c305af33c223b337,pq,pq_512_m64_b8,pq_reconstruction_cosine,0.01,False,frozen_origin,-0.0862888097763,False,False,False,True,True,0.625731542305,True,rank_flip,4,42,8,20260810-R001-49ce74ce,C:\ronbun\runs\rfw_custom_20260810\20260810-R001-49ce74ce_step4_rfw_custom_edgeface-a348c305af33c223b337
gradcam-a81640a96f76178bfce4,population-c34a0451ee682a300684ff4b,rfw_custom,rfw:caucasian:m.04xn9b_0003,edgeface-a348c305af33c223b337,pq,pq_512_m64_b8,pq_reconstruction_cosine,0.01,False,frozen_origin,-0.0851729810238,False,False,False,True,True,0.624959105701,True,rank_flip,5,42,8,20260810-R001-49ce74ce,C:\ronbun\runs\rfw_custom_20260810\20260810-R001-49ce74ce_step4_rfw_custom_edgeface-a348c305af33c223b337
gradcam-aa385c47ab1bc71b71da,population-c34a0451ee682a300684ff4b,rfw_custom,rfw:african:m.0dsmy3_0002,edgeface-a348c305af33c223b337,pq,pq_512_m64_b8,pq_reconstruction_cosine,0.01,False,frozen_origin,-0.0634618103504,False,False,False,True,True,0.624213111903,True,rank_flip,6,42,8,20260810-R001-49ce74ce,C:\ronbun\runs\rfw_custom_20260810\20260810-R001-49ce74ce_step4_rfw_custom_edgeface-a348c305af33c223b337
gradcam-9cc8c2259f4065536ad9,population-c34a0451ee682a300684ff4b,rfw_custom,rfw:caucasian:m.02z814b_0004,edgeface-a348c305af33c223b337,pq,pq_512_m64_b8,pq_reconstruction_cosine,0.01,False,frozen_origin,-0.0713356882334,False,False,False,True,True,0.623545856463,True,rank_flip,7,42,8,20260810-R001-49ce74ce,C:\ronbun\runs\rfw_custom_20260810\20260810-R001-49ce74ce_step4_rfw_custom_edgeface-a348c305af33c223b337
gradcam-0cf6168c670e362bc60b,population-c34a0451ee682a300684ff4b,rfw_custom,rfw:caucasian:m.05szhj2_0002,edgeface-a348c305af33c223b337,pq,pq_512_m64_b8,pq_reconstruction_cosine,0.01,False,frozen_origin,-0.083031475544,False,False,False,True,True,0.622972718761,True,rank_flip,8,42,8,20260810-R001-49ce74ce,C:\ronbun\runs\rfw_custom_20260810\20260810-R001-49ce74ce_step4_rfw_custom_edgeface-a348c305af33c223b337
gradcam-d40aa13f54ff4044e38a,population-c34a0451ee682a300684ff4b,rfw_custom,rfw:indian:m.026n0ps_0001,edgeface-a348c305af33c223b337,pq,pq_512_m64_b8,pq_reconstruction_cosine,0.01,True,frozen_origin,-0.169576406479,True,False,False,True,True,0.555268195562,True,stable,1,42,8,20260810-R001-49ce74ce,C:\ronbun\runs\rfw_custom_20260810\20260810-R001-49ce74ce_step4_rfw_custom_edgeface-a348c305af33c223b337
gradcam-789bd0758982982b6a34,population-c34a0451ee682a300684ff4b,rfw_custom,rfw:african:m.076tvm0_0003,edgeface-a348c305af33c223b337,pq,pq_512_m64_b8,pq_reconstruction_cosine,0.01,False,frozen_origin,-0.0719550251961,True,False,False,True,True,0.55731213115,True,stable,2,42,8,20260810-R001-49ce74ce,C:\ronbun\runs\rfw_custom_20260810\20260810-R001-49ce74ce_step4_rfw_custom_edgeface-a348c305af33c223b337
gradcam-0648da8ee5c5979e3803,population-c34a0451ee682a300684ff4b,rfw_custom,rfw:caucasian:m.03gs5dw_0003,edgeface-a348c305af33c223b337,pq,pq_512_m64_b8,pq_reconstruction_cosine,0.01,True,frozen_origin,-0.1616114676,True,False,False,True,True,0.559077547071,True,stable,3,42,8,20260810-R001-49ce74ce,C:\ronbun\runs\rfw_custom_20260810\20260810-R001-49ce74ce_step4_rfw_custom_edgeface-a348c305af33c223b337
gradcam-d37802782842b6b6e421,population-c34a0451ee682a300684ff4b,rfw_custom,rfw:indian:m.05zqvb4_0002,edgeface-a348c305af33c223b337,pq,pq_512_m64_b8,pq_reconstruction_cosine,0.01,False,frozen_origin,-0.0365990400314,True,False,False,True,True,0.561419091334,True,stable,4,42,8,20260810-R001-49ce74ce,C:\ronbun\runs\rfw_custom_20260810\20260810-R001-49ce74ce_step4_rfw_custom_edgeface-a348c305af33c223b337
gradcam-eaeddec652908227d550,population-c34a0451ee682a300684ff4b,rfw_custom,rfw:african:m.07f33c_0002,edgeface-a348c305af33c223b337,pq,pq_512_m64_b8,pq_reconstruction_cosine,0.01,False,frozen_origin,-0.0342442393303,True,False,False,True,True,0.562445472939,True,stable,5,42,8,20260810-R001-49ce74ce,C:\ronbun\runs\rfw_custom_20260810\20260810-R001-49ce74ce_step4_rfw_custom_edgeface-a348c305af33c223b337
gradcam-acd56de064e72cc9c923,population-c34a0451ee682a300684ff4b,rfw_custom,rfw:african:m.0gvqwzv_0001,edgeface-a348c305af33c223b337,pq,pq_512_m64_b8,pq_reconstruction_cosine,0.01,False,frozen_origin,-0.103410571814,True,False,False,True,True,0.562767565579,True,stable,6,42,8,20260810-R001-49ce74ce,C:\ronbun\runs\rfw_custom_20260810\20260810-R001-49ce74ce_step4_rfw_custom_edgeface-a348c305af33c223b337
gradcam-31014a11b2710ccafa51,population-c34a0451ee682a300684ff4b,rfw_custom,rfw:african:m.0dgqjn8_0002,edgeface-a348c305af33c223b337,pq,pq_512_m64_b8,pq_reconstruction_cosine,0.01,True,frozen_origin,-0.172930330038,True,False,False,True,True,0.563258041169,True,stable,7,42,8,20260810-R001-49ce74ce,C:\ronbun\runs\rfw_custom_20260810\20260810-R001-49ce74ce_step4_rfw_custom_edgeface-a348c305af33c223b337
gradcam-2275ed740aadd344c89a,population-c34a0451ee682a300684ff4b,rfw_custom,rfw:african:m.05ykr0_0003,edgeface-a348c305af33c223b337,pq,pq_512_m64_b8,pq_reconstruction_cosine,0.01,True,frozen_origin,-0.202057242393,True,False,False,True,True,0.564137108286,True,stable,8,42,8,20260810-R001-49ce74ce,C:\ronbun\runs\rfw_custom_20260810\20260810-R001-49ce74ce_step4_rfw_custom_edgeface-a348c305af33c223b337
gradcam-a1f0e186098399c01160,population-c34a0451ee682a300684ff4b,rfw_custom,rfw:asian:m.01vcfc_0001,edgeface-a348c305af33c223b337,pq,pq_512_m64_b8,pq_reconstruction_cosine,0.01,True,frozen_origin,-0.216582417488,True,True,False,True,True,0.633686232026,True,threshold_crossing,1,42,8,20260810-R001-49ce74ce,C:\ronbun\runs\rfw_custom_20260810\20260810-R001-49ce74ce_step4_rfw_custom_edgeface-a348c305af33c223b337
gradcam-da73f65d7c0eae66ce27,population-c34a0451ee682a300684ff4b,rfw_custom,rfw:caucasian:m.026qfdh_0002,edgeface-a348c305af33c223b337,pq,pq_512_m64_b8,pq_reconstruction_cosine,0.01,True,frozen_origin,-0.14300429821,True,True,False,True,True,0.631690472082,True,threshold_crossing,2,42,8,20260810-R001-49ce74ce,C:\ronbun\runs\rfw_custom_20260810\20260810-R001-49ce74ce_step4_rfw_custom_edgeface-a348c305af33c223b337
gradcam-97be2bdebed95a9a6bdd,population-c34a0451ee682a300684ff4b,rfw_custom,rfw:caucasian:m.02swh3_0001,edgeface-a348c305af33c223b337,pq,pq_512_m64_b8,pq_reconstruction_cosine,0.01,True,frozen_origin,-0.140003412962,True,True,False,True,True,0.631423860607,True,threshold_crossing,3,42,8,20260810-R001-49ce74ce,C:\ronbun\runs\rfw_custom_20260810\20260810-R001-49ce74ce_step4_rfw_custom_edgeface-a348c305af33c223b337
gradcam-aaa399e03fc3de056845,population-c34a0451ee682a300684ff4b,rfw_custom,rfw:indian:m.0b6km_j_0002,edgeface-a348c305af33c223b337,pq,pq_512_m64_b8,pq_reconstruction_cosine,0.01,True,frozen_origin,-0.148029744625,True,True,False,True,True,0.630312517448,True,threshold_crossing,4,42,8,20260810-R001-49ce74ce,C:\ronbun\runs\rfw_custom_20260810\20260810-R001-49ce74ce_step4_rfw_custom_edgeface-a348c305af33c223b337
gradcam-103d0f42b22e7fb0250a,population-c34a0451ee682a300684ff4b,rfw_custom,rfw:asian:m.0d3lg2_0003,edgeface-a348c305af33c223b337,pq,pq_512_m64_b8,pq_reconstruction_cosine,0.01,True,frozen_origin,-0.0970203578472,True,True,False,True,True,0.629917568187,True,threshold_crossing,5,42,8,20260810-R001-49ce74ce,C:\ronbun\runs\rfw_custom_20260810\20260810-R001-49ce74ce_step4_rfw_custom_edgeface-a348c305af33c223b337
gradcam-9e94f074df233492bce3,population-c34a0451ee682a300684ff4b,rfw_custom,rfw:african:m.09l202_0005,edgeface-a348c305af33c223b337,pq,pq_512_m64_b8,pq_reconstruction_cosine,0.01,True,frozen_origin,-0.145841032267,True,True,False,True,True,0.621953154548,True,threshold_crossing,6,42,8,20260810-R001-49ce74ce,C:\ronbun\runs\rfw_custom_20260810\20260810-R001-49ce74ce_step4_rfw_custom_edgeface-a348c305af33c223b337
gradcam-904ffb7a8b10de6b7c95,population-c34a0451ee682a300684ff4b,rfw_custom,rfw:asian:m.01vcfc_0002,edgeface-a348c305af33c223b337,pq,pq_512_m64_b8,pq_reconstruction_cosine,0.01,True,frozen_origin,-0.188241183758,True,True,False,True,True,0.619628742838,True,threshold_crossing,7,42,8,20260810-R001-49ce74ce,C:\ronbun\runs\rfw_custom_20260810\20260810-R001-49ce74ce_step4_rfw_custom_edgeface-a348c305af33c223b337
gradcam-d69600b1ad12eacb9e5a,population-c34a0451ee682a300684ff4b,rfw_custom,rfw:indian:m.0gvr_t7_0001,edgeface-a348c305af33c223b337,pq,pq_512_m64_b8,pq_reconstruction_cosine,0.01,False,frozen_origin,-0.157737016678,False,True,False,True,True,0.619226946156,True,threshold_crossing,8,42,8,20260810-R001-49ce74ce,C:\ronbun\runs\rfw_custom_20260810\20260810-R001-49ce74ce_step4_rfw_custom_edgeface-a348c305af33c223b337
gradcam-1cbccfaaa05ea5fea96e,population-c34a0451ee682a300684ff4b,rfw_custom,rfw:asian:m.01vcfc_0001,edgeface-a348c305af33c223b337,pq,pq_512_m64_b8,pq_reconstruction_cosine,0.1,True,frozen_origin,-0.216582417488,True,False,False,True,True,0.633686232026,True,high_error,1,42,8,20260810-R001-49ce74ce,C:\ronbun\runs\rfw_custom_20260810\20260810-R001-49ce74ce_step4_rfw_custom_edgeface-a348c305af33c223b337
gradcam-0ae0ff30af7223220b97,population-c34a0451ee682a300684ff4b,rfw_custom,rfw:caucasian:m.026qfdh_0002,edgeface-a348c305af33c223b337,pq,pq_512_m64_b8,pq_reconstruction_cosine,0.1,True,frozen_origin,-0.14300429821,True,False,False,True,True,0.631690472082,True,high_error,2,42,8,20260810-R001-49ce74ce,C:\ronbun\runs\rfw_custom_20260810\20260810-R001-49ce74ce_step4_rfw_custom_edgeface-a348c305af33c223b337
gradcam-765640b2fe316f9bf368,population-c34a0451ee682a300684ff4b,rfw_custom,rfw:caucasian:m.02swh3_0001,edgeface-a348c305af33c223b337,pq,pq_512_m64_b8,pq_reconstruction_cosine,0.1,True,frozen_origin,-0.140003412962,True,False,False,True,True,0.631423860607,True,high_error,3,42,8,20260810-R001-49ce74ce,C:\ronbun\runs\rfw_custom_20260810\20260810-R001-49ce74ce_step4_rfw_custom_edgeface-a348c305af33c223b337
gradcam-ec9311102d885cb0dfb5,population-c34a0451ee682a300684ff4b,rfw_custom,rfw:indian:m.0b6km_j_0002,edgeface-a348c305af33c223b337,pq,pq_512_m64_b8,pq_reconstruction_cosine,0.1,True,frozen_origin,-0.148029744625,True,False,False,True,True,0.630312517448,True,high_error,4,42,8,20260810-R001-49ce74ce,C:\ronbun\runs\rfw_custom_20260810\20260810-R001-49ce74ce_step4_rfw_custom_edgeface-a348c305af33c223b337
gradcam-48c91cc7dfbf86313ed4,population-c34a0451ee682a300684ff4b,rfw_custom,rfw:caucasian:m.03kvq4_0003,edgeface-a348c305af33c223b337,pq,pq_512_m64_b8,pq_reconstruction_cosine,0.1,False,frozen_origin,-0.0545031577349,True,False,False,True,True,0.626998947528,True,high_error,5,42,8,20260810-R001-49ce74ce,C:\ronbun\runs\rfw_custom_20260810\20260810-R001-49ce74ce_step4_rfw_custom_edgeface-a348c305af33c223b337
gradcam-071ca6fc4ec57eb0ef2e,population-c34a0451ee682a300684ff4b,rfw_custom,rfw:asian:m.03j1mg0_0002,edgeface-a348c305af33c223b337,pq,pq_512_m64_b8,pq_reconstruction_cosine,0.1,True,frozen_origin,-0.14448389411,True,False,False,True,True,0.624386470222,True,high_error,6,42,8,20260810-R001-49ce74ce,C:\ronbun\runs\rfw_custom_20260810\20260810-R001-49ce74ce_step4_rfw_custom_edgeface-a348c305af33c223b337
gradcam-5a56ff84e96e19b97af1,population-c34a0451ee682a300684ff4b,rfw_custom,rfw:asian:m.013y3t_0003,edgeface-a348c305af33c223b337,pq,pq_512_m64_b8,pq_reconstruction_cosine,0.1,True,frozen_origin,-0.191123187542,True,False,False,True,True,0.622021993744,True,high_error,7,42,8,20260810-R001-49ce74ce,C:\ronbun\runs\rfw_custom_20260810\20260810-R001-49ce74ce_step4_rfw_custom_edgeface-a348c305af33c223b337
gradcam-24016d4729c2ae41b14d,population-c34a0451ee682a300684ff4b,rfw_custom,rfw:african:m.09l202_0005,edgeface-a348c305af33c223b337,pq,pq_512_m64_b8,pq_reconstruction_cosine,0.1,True,frozen_origin,-0.145841032267,True,False,False,True,True,0.621953154548,True,high_error,8,42,8,20260810-R001-49ce74ce,C:\ronbun\runs\rfw_custom_20260810\20260810-R001-49ce74ce_step4_rfw_custom_edgeface-a348c305af33c223b337
gradcam-119734161885407dd58a,population-c34a0451ee682a300684ff4b,rfw_custom,rfw:caucasian:m.0gxv69_0002,edgeface-a348c305af33c223b337,pq,pq_512_m64_b8,pq_reconstruction_cosine,0.1,False,frozen_origin,-0.0534416735172,False,False,False,True,True,0.626716050388,True,rank_flip,1,42,8,20260810-R001-49ce74ce,C:\ronbun\runs\rfw_custom_20260810\20260810-R001-49ce74ce_step4_rfw_custom_edgeface-a348c305af33c223b337
gradcam-cbcf6b246b8f391ddb6a,population-c34a0451ee682a300684ff4b,rfw_custom,rfw:african:m.01nk_x2_0003,edgeface-a348c305af33c223b337,pq,pq_512_m64_b8,pq_reconstruction_cosine,0.1,False,frozen_origin,-0.0348707437515,False,False,False,True,True,0.626095722684,True,rank_flip,2,42,8,20260810-R001-49ce74ce,C:\ronbun\runs\rfw_custom_20260810\20260810-R001-49ce74ce_step4_rfw_custom_edgeface-a348c305af33c223b337
gradcam-ac64166e050dafe1c0da,population-c34a0451ee682a300684ff4b,rfw_custom,rfw:caucasian:m.05mkfb_0003,edgeface-a348c305af33c223b337,pq,pq_512_m64_b8,pq_reconstruction_cosine,0.1,False,frozen_origin,-0.0615797489882,False,False,False,True,True,0.625919728515,True,rank_flip,3,42,8,20260810-R001-49ce74ce,C:\ronbun\runs\rfw_custom_20260810\20260810-R001-49ce74ce_step4_rfw_custom_edgeface-a348c305af33c223b337
gradcam-57fad76615d66798fd25,population-c34a0451ee682a300684ff4b,rfw_custom,rfw:caucasian:m.04xn9b_0003,edgeface-a348c305af33c223b337,pq,pq_512_m64_b8,pq_reconstruction_cosine,0.1,False,frozen_origin,-0.0851729810238,False,False,False,True,True,0.624959105701,True,rank_flip,4,42,8,20260810-R001-49ce74ce,C:\ronbun\runs\rfw_custom_20260810\20260810-R001-49ce74ce_step4_rfw_custom_edgeface-a348c305af33c223b337
gradcam-06240c5afe5933cdb538,population-c34a0451ee682a300684ff4b,rfw_custom,rfw:african:m.0dsmy3_0002,edgeface-a348c305af33c223b337,pq,pq_512_m64_b8,pq_reconstruction_cosine,0.1,False,frozen_origin,-0.0634618103504,False,False,False,True,True,0.624213111903,True,rank_flip,5,42,8,20260810-R001-49ce74ce,C:\ronbun\runs\rfw_custom_20260810\20260810-R001-49ce74ce_step4_rfw_custom_edgeface-a348c305af33c223b337
gradcam-2268291188770564dd45,population-c34a0451ee682a300684ff4b,rfw_custom,rfw:caucasian:m.02z814b_0004,edgeface-a348c305af33c223b337,pq,pq_512_m64_b8,pq_reconstruction_cosine,0.1,False,frozen_origin,-0.0713356882334,False,False,False,True,True,0.623545856463,True,rank_flip,6,42,8,20260810-R001-49ce74ce,C:\ronbun\runs\rfw_custom_20260810\20260810-R001-49ce74ce_step4_rfw_custom_edgeface-a348c305af33c223b337
gradcam-bba2915369930be48fdb,population-c34a0451ee682a300684ff4b,rfw_custom,rfw:asian:m.04b_2d_0003,edgeface-a348c305af33c223b337,pq,pq_512_m64_b8,pq_reconstruction_cosine,0.1,False,frozen_origin,-0.077520519495,False,False,False,True,True,0.622606284656,True,rank_flip,7,42,8,20260810-R001-49ce74ce,C:\ronbun\runs\rfw_custom_20260810\20260810-R001-49ce74ce_step4_rfw_custom_edgeface-a348c305af33c223b337
gradcam-3fde1dac9ca7152652fd,population-c34a0451ee682a300684ff4b,rfw_custom,rfw:caucasian:m.043cq6_0002,edgeface-a348c305af33c223b337,pq,pq_512_m64_b8,pq_reconstruction_cosine,0.1,False,frozen_origin,-0.0534593164921,False,False,False,True,True,0.61900833777,True,rank_flip,8,42,8,20260810-R001-49ce74ce,C:\ronbun\runs\rfw_custom_20260810\20260810-R001-49ce74ce_step4_rfw_custom_edgeface-a348c305af33c223b337
gradcam-4827f5cbf2fc7dedf4a6,population-c34a0451ee682a300684ff4b,rfw_custom,rfw:indian:m.026n0ps_0001,edgeface-a348c305af33c223b337,pq,pq_512_m64_b8,pq_reconstruction_cosine,0.1,True,frozen_origin,-0.169576406479,True,False,False,True,True,0.555268195562,True,stable,1,42,8,20260810-R001-49ce74ce,C:\ronbun\runs\rfw_custom_20260810\20260810-R001-49ce74ce_step4_rfw_custom_edgeface-a348c305af33c223b337
gradcam-d9feb2904dba0d55fb76,population-c34a0451ee682a300684ff4b,rfw_custom,rfw:caucasian:m.03gs5dw_0003,edgeface-a348c305af33c223b337,pq,pq_512_m64_b8,pq_reconstruction_cosine,0.1,True,frozen_origin,-0.1616114676,True,False,False,True,True,0.559077547071,True,stable,2,42,8,20260810-R001-49ce74ce,C:\ronbun\runs\rfw_custom_20260810\20260810-R001-49ce74ce_step4_rfw_custom_edgeface-a348c305af33c223b337
gradcam-693a67d42712866b5f6e,population-c34a0451ee682a300684ff4b,rfw_custom,rfw:african:m.09sfgn_0002,edgeface-a348c305af33c223b337,pq,pq_512_m64_b8,pq_reconstruction_cosine,0.1,False,frozen_origin,-0.151484936476,True,False,False,True,True,0.560907435754,True,stable,3,42,8,20260810-R001-49ce74ce,C:\ronbun\runs\rfw_custom_20260810\20260810-R001-49ce74ce_step4_rfw_custom_edgeface-a348c305af33c223b337
gradcam-fa05e659a8be29f2dac8,population-c34a0451ee682a300684ff4b,rfw_custom,rfw:african:m.07f33c_0002,edgeface-a348c305af33c223b337,pq,pq_512_m64_b8,pq_reconstruction_cosine,0.1,False,frozen_origin,-0.0342442393303,True,False,False,True,True,0.562445472939,True,stable,4,42,8,20260810-R001-49ce74ce,C:\ronbun\runs\rfw_custom_20260810\20260810-R001-49ce74ce_step4_rfw_custom_edgeface-a348c305af33c223b337
gradcam-7b6dacf8edd7abc04aa8,population-c34a0451ee682a300684ff4b,rfw_custom,rfw:african:m.0dgqjn8_0002,edgeface-a348c305af33c223b337,pq,pq_512_m64_b8,pq_reconstruction_cosine,0.1,True,frozen_origin,-0.172930330038,True,False,False,True,True,0.563258041169,True,stable,5,42,8,20260810-R001-49ce74ce,C:\ronbun\runs\rfw_custom_20260810\20260810-R001-49ce74ce_step4_rfw_custom_edgeface-a348c305af33c223b337
gradcam-46c4d97efc18475a0d79,population-c34a0451ee682a300684ff4b,rfw_custom,rfw:african:m.05ykr0_0003,edgeface-a348c305af33c223b337,pq,pq_512_m64_b8,pq_reconstruction_cosine,0.1,True,frozen_origin,-0.202057242393,True,False,False,True,True,0.564137108286,True,stable,6,42,8,20260810-R001-49ce74ce,C:\ronbun\runs\rfw_custom_20260810\20260810-R001-49ce74ce_step4_rfw_custom_edgeface-a348c305af33c223b337
gradcam-c2ef64b227d396e55307,population-c34a0451ee682a300684ff4b,rfw_custom,rfw:african:m.01r_nkk_0001,edgeface-a348c305af33c223b337,pq,pq_512_m64_b8,pq_reconstruction_cosine,0.1,False,frozen_origin,-0.0960709154606,True,False,False,True,True,0.565250606421,True,stable,7,42,8,20260810-R001-49ce74ce,C:\ronbun\runs\rfw_custom_20260810\20260810-R001-49ce74ce_step4_rfw_custom_edgeface-a348c305af33c223b337
gradcam-c7edb744e41831892be7,population-c34a0451ee682a300684ff4b,rfw_custom,rfw:asian:m.0v4gnrz_0003,edgeface-a348c305af33c223b337,pq,pq_512_m64_b8,pq_reconstruction_cosine,0.1,True,frozen_origin,-0.126570343971,True,False,False,True,True,0.565715874121,True,stable,8,42,8,20260810-R001-49ce74ce,C:\ronbun\runs\rfw_custom_20260810\20260810-R001-49ce74ce_step4_rfw_custom_edgeface-a348c305af33c223b337
gradcam-c63572728ca926610530,population-c34a0451ee682a300684ff4b,rfw_custom,rfw:caucasian:m.0bq7m_0001,edgeface-a348c305af33c223b337,pq,pq_512_m64_b8,pq_reconstruction_cosine,0.1,False,frozen_origin,-0.0895756483078,True,True,False,True,True,0.642519837372,True,threshold_crossing,1,42,8,20260810-R001-49ce74ce,C:\ronbun\runs\rfw_custom_20260810\20260810-R001-49ce74ce_step4_rfw_custom_edgeface-a348c305af33c223b337
gradcam-ee2d0bcb79f8e144eef6,population-c34a0451ee682a300684ff4b,rfw_custom,rfw:caucasian:m.01_gcy_0003,edgeface-a348c305af33c223b337,pq,pq_512_m64_b8,pq_reconstruction_cosine,0.1,False,frozen_origin,-0.103965401649,True,True,False,True,True,0.630903038092,True,threshold_crossing,2,42,8,20260810-R001-49ce74ce,C:\ronbun\runs\rfw_custom_20260810\20260810-R001-49ce74ce_step4_rfw_custom_edgeface-a348c305af33c223b337
gradcam-a81ddc030b35c7a28aff,population-c34a0451ee682a300684ff4b,rfw_custom,rfw:asian:m.0d3lg2_0003,edgeface-a348c305af33c223b337,pq,pq_512_m64_b8,pq_reconstruction_cosine,0.1,True,frozen_origin,-0.0970203578472,True,True,False,True,True,0.629917568187,True,threshold_crossing,3,42,8,20260810-R001-49ce74ce,C:\ronbun\runs\rfw_custom_20260810\20260810-R001-49ce74ce_step4_rfw_custom_edgeface-a348c305af33c223b337
gradcam-fd0e5a68d7df84bf2efd,population-c34a0451ee682a300684ff4b,rfw_custom,rfw:asian:m.0gty3pl_0003,edgeface-a348c305af33c223b337,pq,pq_512_m64_b8,pq_reconstruction_cosine,0.1,False,frozen_origin,-0.0982122123241,True,True,False,True,True,0.625816143856,True,threshold_crossing,4,42,8,20260810-R001-49ce74ce,C:\ronbun\runs\rfw_custom_20260810\20260810-R001-49ce74ce_step4_rfw_custom_edgeface-a348c305af33c223b337
gradcam-1369e77b890b4e5d9e52,population-c34a0451ee682a300684ff4b,rfw_custom,rfw:indian:m.02q9dnw_0004,edgeface-a348c305af33c223b337,pq,pq_512_m64_b8,pq_reconstruction_cosine,0.1,False,frozen_origin,-0.0862888097763,False,True,False,True,True,0.625731542305,True,threshold_crossing,5,42,8,20260810-R001-49ce74ce,C:\ronbun\runs\rfw_custom_20260810\20260810-R001-49ce74ce_step4_rfw_custom_edgeface-a348c305af33c223b337
gradcam-e4ed361eaab254356926,population-c34a0451ee682a300684ff4b,rfw_custom,rfw:caucasian:m.0gbmd2h_0001,edgeface-a348c305af33c223b337,pq,pq_512_m64_b8,pq_reconstruction_cosine,0.1,False,frozen_origin,-0.0762699842453,True,True,False,True,True,0.624705260153,True,threshold_crossing,6,42,8,20260810-R001-49ce74ce,C:\ronbun\runs\rfw_custom_20260810\20260810-R001-49ce74ce_step4_rfw_custom_edgeface-a348c305af33c223b337
gradcam-552592f8e66278887898,population-c34a0451ee682a300684ff4b,rfw_custom,rfw:caucasian:m.04sg2w3_0004,edgeface-a348c305af33c223b337,pq,pq_512_m64_b8,pq_reconstruction_cosine,0.1,False,frozen_origin,-0.12272079289,True,True,False,True,True,0.623818581513,True,threshold_crossing,7,42,8,20260810-R001-49ce74ce,C:\ronbun\runs\rfw_custom_20260810\20260810-R001-49ce74ce_step4_rfw_custom_edgeface-a348c305af33c223b337
gradcam-142a83748ecaab6da28b,population-c34a0451ee682a300684ff4b,rfw_custom,rfw:african:m.06wgc5_0004,edgeface-a348c305af33c223b337,pq,pq_512_m64_b8,pq_reconstruction_cosine,0.1,False,frozen_origin,-0.0887004733086,True,True,False,True,True,0.623110789255,True,threshold_crossing,8,42,8,20260810-R001-49ce74ce,C:\ronbun\runs\rfw_custom_20260810\20260810-R001-49ce74ce_step4_rfw_custom_edgeface-a348c305af33c223b337
gradcam-6fe02e028706d35405b0,population-c34a0451ee682a300684ff4b,rfw_custom,rfw:caucasian:m.0j_6nsk_0003,edgeface-a348c305af33c223b337,pq,pq_512_m8_b8,pq_reconstruction_cosine,0.01,False,frozen_origin,0.00138226151466,True,False,False,True,True,1.16448108107,True,high_error,1,42,8,20260810-R001-49ce74ce,C:\ronbun\runs\rfw_custom_20260810\20260810-R001-49ce74ce_step4_rfw_custom_edgeface-a348c305af33c223b337
gradcam-b9535f5c01964cd198d5,population-c34a0451ee682a300684ff4b,rfw_custom,rfw:caucasian:m.02rjgqf_0004,edgeface-a348c305af33c223b337,pq,pq_512_m8_b8,pq_reconstruction_cosine,0.01,False,frozen_origin,-0.0318659543991,True,False,False,True,True,1.14989240583,True,high_error,2,42,8,20260810-R001-49ce74ce,C:\ronbun\runs\rfw_custom_20260810\20260810-R001-49ce74ce_step4_rfw_custom_edgeface-a348c305af33c223b337
gradcam-724f06f3550466cc1566,population-c34a0451ee682a300684ff4b,rfw_custom,rfw:caucasian:m.056dz5_0003,edgeface-a348c305af33c223b337,pq,pq_512_m8_b8,pq_reconstruction_cosine,0.01,True,frozen_origin,-0.226226985455,True,False,False,True,True,1.14114090969,True,high_error,3,42,8,20260810-R001-49ce74ce,C:\ronbun\runs\rfw_custom_20260810\20260810-R001-49ce74ce_step4_rfw_custom_edgeface-a348c305af33c223b337
gradcam-3691f1d3769e3e4e8c14,population-c34a0451ee682a300684ff4b,rfw_custom,rfw:african:m.0g1my2_0002,edgeface-a348c305af33c223b337,pq,pq_512_m8_b8,pq_reconstruction_cosine,0.01,True,frozen_origin,-0.248473137617,True,False,False,True,True,1.13880600155,True,high_error,4,42,8,20260810-R001-49ce74ce,C:\ronbun\runs\rfw_custom_20260810\20260810-R001-49ce74ce_step4_rfw_custom_edgeface-a348c305af33c223b337
gradcam-329b206aa8ca374a3adc,population-c34a0451ee682a300684ff4b,rfw_custom,rfw:asian:m.0bf32y_0005,edgeface-a348c305af33c223b337,pq,pq_512_m8_b8,pq_reconstruction_cosine,0.01,True,frozen_origin,-0.379572659731,True,False,False,True,True,1.13604122168,True,high_error,5,42,8,20260810-R001-49ce74ce,C:\ronbun\runs\rfw_custom_20260810\20260810-R001-49ce74ce_step4_rfw_custom_edgeface-a348c305af33c223b337
gradcam-8125240b1ba6e0e7cc99,population-c34a0451ee682a300684ff4b,rfw_custom,rfw:caucasian:m.05h4rbm_0001,edgeface-a348c305af33c223b337,pq,pq_512_m8_b8,pq_reconstruction_cosine,0.01,True,frozen_origin,-0.325233817101,True,False,False,True,True,1.13149496712,True,high_error,6,42,8,20260810-R001-49ce74ce,C:\ronbun\runs\rfw_custom_20260810\20260810-R001-49ce74ce_step4_rfw_custom_edgeface-a348c305af33c223b337
gradcam-d13eb0a2508d7984fb9b,population-c34a0451ee682a300684ff4b,rfw_custom,rfw:asian:m.013y3t_0003,edgeface-a348c305af33c223b337,pq,pq_512_m8_b8,pq_reconstruction_cosine,0.01,True,frozen_origin,-0.200951218605,True,False,False,True,True,1.12858639657,True,high_error,7,42,8,20260810-R001-49ce74ce,C:\ronbun\runs\rfw_custom_20260810\20260810-R001-49ce74ce_step4_rfw_custom_edgeface-a348c305af33c223b337
gradcam-5896db40491c38c08b88,population-c34a0451ee682a300684ff4b,rfw_custom,rfw:asian:m.05q97sh_0003,edgeface-a348c305af33c223b337,pq,pq_512_m8_b8,pq_reconstruction_cosine,0.01,True,frozen_origin,-0.284804463387,True,False,False,True,True,1.12345614672,True,high_error,8,42,8,20260810-R001-49ce74ce,C:\ronbun\runs\rfw_custom_20260810\20260810-R001-49ce74ce_step4_rfw_custom_edgeface-a348c305af33c223b337
gradcam-7a61daa85b2f407af5d4,population-c34a0451ee682a300684ff4b,rfw_custom,rfw:asian:m.02vrgn1_0004,edgeface-a348c305af33c223b337,pq,pq_512_m8_b8,pq_reconstruction_cosine,0.01,False,frozen_origin,-0.036612033844,False,False,False,True,True,1.18925970774,True,rank_flip,1,42,8,20260810-R001-49ce74ce,C:\ronbun\runs\rfw_custom_20260810\20260810-R001-49ce74ce_step4_rfw_custom_edgeface-a348c305af33c223b337
gradcam-957b081f63884718568b,population-c34a0451ee682a300684ff4b,rfw_custom,rfw:caucasian:m.0ll2_ny_0003,edgeface-a348c305af33c223b337,pq,pq_512_m8_b8,pq_reconstruction_cosine,0.01,False,frozen_origin,-0.118962675333,False,False,False,True,True,1.16602853904,True,rank_flip,2,42,8,20260810-R001-49ce74ce,C:\ronbun\runs\rfw_custom_20260810\20260810-R001-49ce74ce_step4_rfw_custom_edgeface-a348c305af33c223b337
gradcam-cad881ba1fd556649a4b,population-c34a0451ee682a300684ff4b,rfw_custom,rfw:african:m.0bpj59_0002,edgeface-a348c305af33c223b337,pq,pq_512_m8_b8,pq_reconstruction_cosine,0.01,True,frozen_origin,0.0202234983444,False,False,False,True,True,1.15916972349,True,rank_flip,3,42,8,20260810-R001-49ce74ce,C:\ronbun\runs\rfw_custom_20260810\20260810-R001-49ce74ce_step4_rfw_custom_edgeface-a348c305af33c223b337
gradcam-959079768c266fc5648e,population-c34a0451ee682a300684ff4b,rfw_custom,rfw:caucasian:m.0j2942k_0004,edgeface-a348c305af33c223b337,pq,pq_512_m8_b8,pq_reconstruction_cosine,0.01,False,frozen_origin,0.0816277861595,False,False,False,True,True,1.15788281547,True,rank_flip,4,42,8,20260810-R001-49ce74ce,C:\ronbun\runs\rfw_custom_20260810\20260810-R001-49ce74ce_step4_rfw_custom_edgeface-a348c305af33c223b337
gradcam-b43c6a0f4ab55929b38d,population-c34a0451ee682a300684ff4b,rfw_custom,rfw:caucasian:m.0jwxbnf_0003,edgeface-a348c305af33c223b337,pq,pq_512_m8_b8,pq_reconstruction_cosine,0.01,False,frozen_origin,-0.0205852389336,False,False,False,True,True,1.15689896249,True,rank_flip,5,42,8,20260810-R001-49ce74ce,C:\ronbun\runs\rfw_custom_20260810\20260810-R001-49ce74ce_step4_rfw_custom_edgeface-a348c305af33c223b337
gradcam-605e9e90e020f5b4cd5e,population-c34a0451ee682a300684ff4b,rfw_custom,rfw:caucasian:m.05n8ln_0005,edgeface-a348c305af33c223b337,pq,pq_512_m8_b8,pq_reconstruction_cosine,0.01,False,frozen_origin,0.0200790464878,False,False,False,True,True,1.15622411246,True,rank_flip,6,42,8,20260810-R001-49ce74ce,C:\ronbun\runs\rfw_custom_20260810\20260810-R001-49ce74ce_step4_rfw_custom_edgeface-a348c305af33c223b337
gradcam-08c8ab6f1b671c64085d,population-c34a0451ee682a300684ff4b,rfw_custom,rfw:asian:m.0gty3pl_0003,edgeface-a348c305af33c223b337,pq,pq_512_m8_b8,pq_reconstruction_cosine,0.01,False,frozen_origin,-0.0825589895248,False,False,False,True,True,1.15582904966,True,rank_flip,7,42,8,20260810-R001-49ce74ce,C:\ronbun\runs\rfw_custom_20260810\20260810-R001-49ce74ce_step4_rfw_custom_edgeface-a348c305af33c223b337
gradcam-c0397de008e089796ca7,population-c34a0451ee682a300684ff4b,rfw_custom,rfw:caucasian:m.06dn4l_0003,edgeface-a348c305af33c223b337,pq,pq_512_m8_b8,pq_reconstruction_cosine,0.01,False,frozen_origin,0.00615119934082,False,False,False,True,True,1.15548099696,True,rank_flip,8,42,8,20260810-R001-49ce74ce,C:\ronbun\runs\rfw_custom_20260810\20260810-R001-49ce74ce_step4_rfw_custom_edgeface-a348c305af33c223b337
gradcam-cfc9a97416d63e2e5504,population-c34a0451ee682a300684ff4b,rfw_custom,rfw:indian:m.05gg8p_0002,edgeface-a348c305af33c223b337,pq,pq_512_m8_b8,pq_reconstruction_cosine,0.01,True,frozen_origin,-0.29931306839,True,False,False,True,True,0.988641964544,True,stable,1,42,8,20260810-R001-49ce74ce,C:\ronbun\runs\rfw_custom_20260810\20260810-R001-49ce74ce_step4_rfw_custom_edgeface-a348c305af33c223b337
gradcam-622b5dc6cd3e9bc9088b,population-c34a0451ee682a300684ff4b,rfw_custom,rfw:african:m.03sq7p_0001,edgeface-a348c305af33c223b337,pq,pq_512_m8_b8,pq_reconstruction_cosine,0.01,False,frozen_origin,-0.00591790676117,True,False,False,True,True,1.01284221658,True,stable,2,42,8,20260810-R001-49ce74ce,C:\ronbun\runs\rfw_custom_20260810\20260810-R001-49ce74ce_step4_rfw_custom_edgeface-a348c305af33c223b337
gradcam-eded7a0de2cab658d874,population-c34a0451ee682a300684ff4b,rfw_custom,rfw:african:m.03hkyvv_0003,edgeface-a348c305af33c223b337,pq,pq_512_m8_b8,pq_reconstruction_cosine,0.01,True,frozen_origin,-0.302148878574,True,False,False,True,True,1.02178700758,True,stable,3,42,8,20260810-R001-49ce74ce,C:\ronbun\runs\rfw_custom_20260810\20260810-R001-49ce74ce_step4_rfw_custom_edgeface-a348c305af33c223b337
gradcam-6b65e5e78b5b6c2d52db,population-c34a0451ee682a300684ff4b,rfw_custom,rfw:african:m.02r0t2j_0001,edgeface-a348c305af33c223b337,pq,pq_512_m8_b8,pq_reconstruction_cosine,0.01,False,frozen_origin,0.00330460071564,True,False,False,True,True,1.02239001175,True,stable,4,42,8,20260810-R001-49ce74ce,C:\ronbun\runs\rfw_custom_20260810\20260810-R001-49ce74ce_step4_rfw_custom_edgeface-a348c305af33c223b337
gradcam-886dfe4b694d2578bd6b,population-c34a0451ee682a300684ff4b,rfw_custom,rfw:indian:m.070pxh_0003,edgeface-a348c305af33c223b337,pq,pq_512_m8_b8,pq_reconstruction_cosine,0.01,False,frozen_origin,-0.0322754085064,True,False,False,True,True,1.0250982468,True,stable,5,42,8,20260810-R001-49ce74ce,C:\ronbun\runs\rfw_custom_20260810\20260810-R001-49ce74ce_step4_rfw_custom_edgeface-a348c305af33c223b337
gradcam-18fa6d4ccab3388a3d76,population-c34a0451ee682a300684ff4b,rfw_custom,rfw:indian:m.0ksxw7_0004,edgeface-a348c305af33c223b337,pq,pq_512_m8_b8,pq_reconstruction_cosine,0.01,False,frozen_origin,0.0768185555935,True,False,False,True,True,1.03032705461,True,stable,6,42,8,20260810-R001-49ce74ce,C:\ronbun\runs\rfw_custom_20260810\20260810-R001-49ce74ce_step4_rfw_custom_edgeface-a348c305af33c223b337
gradcam-45bb95b453801624a385,population-c34a0451ee682a300684ff4b,rfw_custom,rfw:african:m.0j4x9vv_0003,edgeface-a348c305af33c223b337,pq,pq_512_m8_b8,pq_reconstruction_cosine,0.01,True,frozen_origin,-0.209811449051,True,False,False,True,True,1.03072006278,True,stable,7,42,8,20260810-R001-49ce74ce,C:\ronbun\runs\rfw_custom_20260810\20260810-R001-49ce74ce_step4_rfw_custom_edgeface-a348c305af33c223b337
gradcam-b5659b19fe770a930ac4,population-c34a0451ee682a300684ff4b,rfw_custom,rfw:asian:m.06nvhd_0002,edgeface-a348c305af33c223b337,pq,pq_512_m8_b8,pq_reconstruction_cosine,0.01,False,frozen_origin,-0.00472772121429,True,False,False,True,True,1.03169837713,True,stable,8,42,8,20260810-R001-49ce74ce,C:\ronbun\runs\rfw_custom_20260810\20260810-R001-49ce74ce_step4_rfw_custom_edgeface-a348c305af33c223b337
gradcam-f9a7f18d41592a7dd5a2,population-c34a0451ee682a300684ff4b,rfw_custom,rfw:asian:m.02rx450_0003,edgeface-a348c305af33c223b337,pq,pq_512_m8_b8,pq_reconstruction_cosine,0.01,True,frozen_origin,-0.3771058321,False,True,False,True,True,1.16128500456,True,threshold_crossing,1,42,8,20260810-R001-49ce74ce,C:\ronbun\runs\rfw_custom_20260810\20260810-R001-49ce74ce_step4_rfw_custom_edgeface-a348c305af33c223b337
gradcam-70af59f912cba4285d81,population-c34a0451ee682a300684ff4b,rfw_custom,rfw:caucasian:m.08093s1_0001,edgeface-a348c305af33c223b337,pq,pq_512_m8_b8,pq_reconstruction_cosine,0.01,True,frozen_origin,-0.379410862923,False,True,False,True,True,1.15801155708,True,threshold_crossing,2,42,8,20260810-R001-49ce74ce,C:\ronbun\runs\rfw_custom_20260810\20260810-R001-49ce74ce_step4_rfw_custom_edgeface-a348c305af33c223b337
gradcam-516f5436f46ccdab67b0,population-c34a0451ee682a300684ff4b,rfw_custom,rfw:caucasian:m.01fc08_0002,edgeface-a348c305af33c223b337,pq,pq_512_m8_b8,pq_reconstruction_cosine,0.01,True,frozen_origin,-0.194334983826,False,True,False,True,True,1.15443786288,True,threshold_crossing,3,42,8,20260810-R001-49ce74ce,C:\ronbun\runs\rfw_custom_20260810\20260810-R001-49ce74ce_step4_rfw_custom_edgeface-a348c305af33c223b337
gradcam-993df91cdcd304c66bb7,population-c34a0451ee682a300684ff4b,rfw_custom,rfw:caucasian:m.01ny3c_0002,edgeface-a348c305af33c223b337,pq,pq_512_m8_b8,pq_reconstruction_cosine,0.01,True,frozen_origin,-0.149409204721,False,True,False,True,True,1.15401624593,True,threshold_crossing,4,42,8,20260810-R001-49ce74ce,C:\ronbun\runs\rfw_custom_20260810\20260810-R001-49ce74ce_step4_rfw_custom_edgeface-a348c305af33c223b337
gradcam-3f361b4b70675bc7e742,population-c34a0451ee682a300684ff4b,rfw_custom,rfw:caucasian:m.01wd76l_0002,edgeface-a348c305af33c223b337,pq,pq_512_m8_b8,pq_reconstruction_cosine,0.01,True,frozen_origin,-0.242317378521,False,True,False,True,True,1.15373185636,True,threshold_crossing,5,42,8,20260810-R001-49ce74ce,C:\ronbun\runs\rfw_custom_20260810\20260810-R001-49ce74ce_step4_rfw_custom_edgeface-a348c305af33c223b337
gradcam-8f6fc4198b53a7790330,population-c34a0451ee682a300684ff4b,rfw_custom,rfw:caucasian:m.0wb4_0002,edgeface-a348c305af33c223b337,pq,pq_512_m8_b8,pq_reconstruction_cosine,0.01,True,frozen_origin,-0.163411021233,True,True,False,True,True,1.1468520409,True,threshold_crossing,6,42,8,20260810-R001-49ce74ce,C:\ronbun\runs\rfw_custom_20260810\20260810-R001-49ce74ce_step4_rfw_custom_edgeface-a348c305af33c223b337
gradcam-f5a5193ab708f7f1022b,population-c34a0451ee682a300684ff4b,rfw_custom,rfw:indian:m.069rff_0001,edgeface-a348c305af33c223b337,pq,pq_512_m8_b8,pq_reconstruction_cosine,0.01,True,frozen_origin,-0.290873378515,False,True,False,True,True,1.14656363642,True,threshold_crossing,7,42,8,20260810-R001-49ce74ce,C:\ronbun\runs\rfw_custom_20260810\20260810-R001-49ce74ce_step4_rfw_custom_edgeface-a348c305af33c223b337
gradcam-98c1b399d41d89849703,population-c34a0451ee682a300684ff4b,rfw_custom,rfw:indian:m.04t7rn_0001,edgeface-a348c305af33c223b337,pq,pq_512_m8_b8,pq_reconstruction_cosine,0.01,True,frozen_origin,-0.227134466171,False,True,False,True,True,1.14649898004,True,threshold_crossing,8,42,8,20260810-R001-49ce74ce,C:\ronbun\runs\rfw_custom_20260810\20260810-R001-49ce74ce_step4_rfw_custom_edgeface-a348c305af33c223b337
gradcam-5c5b8f9328156b015674,population-c34a0451ee682a300684ff4b,rfw_custom,rfw:caucasian:m.0j_6nsk_0003,edgeface-a348c305af33c223b337,pq,pq_512_m8_b8,pq_reconstruction_cosine,0.1,False,frozen_origin,0.00138226151466,True,False,False,True,True,1.16448108107,True,high_error,1,42,8,20260810-R001-49ce74ce,C:\ronbun\runs\rfw_custom_20260810\20260810-R001-49ce74ce_step4_rfw_custom_edgeface-a348c305af33c223b337
gradcam-8c077bc83fd50695d171,population-c34a0451ee682a300684ff4b,rfw_custom,rfw:caucasian:m.02rjgqf_0004,edgeface-a348c305af33c223b337,pq,pq_512_m8_b8,pq_reconstruction_cosine,0.1,False,frozen_origin,-0.0318659543991,True,False,False,True,True,1.14989240583,True,high_error,2,42,8,20260810-R001-49ce74ce,C:\ronbun\runs\rfw_custom_20260810\20260810-R001-49ce74ce_step4_rfw_custom_edgeface-a348c305af33c223b337
gradcam-dce6768e0941b1fbba6a,population-c34a0451ee682a300684ff4b,rfw_custom,rfw:caucasian:m.0wb4_0002,edgeface-a348c305af33c223b337,pq,pq_512_m8_b8,pq_reconstruction_cosine,0.1,True,frozen_origin,-0.163411021233,True,False,False,True,True,1.1468520409,True,high_error,3,42,8,20260810-R001-49ce74ce,C:\ronbun\runs\rfw_custom_20260810\20260810-R001-49ce74ce_step4_rfw_custom_edgeface-a348c305af33c223b337
gradcam-6b90dd608615d764cfc7,population-c34a0451ee682a300684ff4b,rfw_custom,rfw:caucasian:m.056dz5_0003,edgeface-a348c305af33c223b337,pq,pq_512_m8_b8,pq_reconstruction_cosine,0.1,True,frozen_origin,-0.226226985455,True,False,False,True,True,1.14114090969,True,high_error,4,42,8,20260810-R001-49ce74ce,C:\ronbun\runs\rfw_custom_20260810\20260810-R001-49ce74ce_step4_rfw_custom_edgeface-a348c305af33c223b337
gradcam-b8421dbcc8311f5c2c88,population-c34a0451ee682a300684ff4b,rfw_custom,rfw:african:m.0g1my2_0002,edgeface-a348c305af33c223b337,pq,pq_512_m8_b8,pq_reconstruction_cosine,0.1,True,frozen_origin,-0.248473137617,True,False,False,True,True,1.13880600155,True,high_error,5,42,8,20260810-R001-49ce74ce,C:\ronbun\runs\rfw_custom_20260810\20260810-R001-49ce74ce_step4_rfw_custom_edgeface-a348c305af33c223b337
gradcam-f4fe82146e424012316c,population-c34a0451ee682a300684ff4b,rfw_custom,rfw:asian:m.0bf32y_0005,edgeface-a348c305af33c223b337,pq,pq_512_m8_b8,pq_reconstruction_cosine,0.1,True,frozen_origin,-0.379572659731,True,False,False,True,True,1.13604122168,True,high_error,6,42,8,20260810-R001-49ce74ce,C:\ronbun\runs\rfw_custom_20260810\20260810-R001-49ce74ce_step4_rfw_custom_edgeface-a348c305af33c223b337
gradcam-c61855fb9e2680b07711,population-c34a0451ee682a300684ff4b,rfw_custom,rfw:caucasian:m.01rkzk_0002,edgeface-a348c305af33c223b337,pq,pq_512_m8_b8,pq_reconstruction_cosine,0.1,True,frozen_origin,-0.395890235901,True,False,False,True,True,1.13159874575,True,high_error,7,42,8,20260810-R001-49ce74ce,C:\ronbun\runs\rfw_custom_20260810\20260810-R001-49ce74ce_step4_rfw_custom_edgeface-a348c305af33c223b337
gradcam-7ae3770584792c4a412f,population-c34a0451ee682a300684ff4b,rfw_custom,rfw:caucasian:m.05h4rbm_0001,edgeface-a348c305af33c223b337,pq,pq_512_m8_b8,pq_reconstruction_cosine,0.1,True,frozen_origin,-0.325233817101,True,False,False,True,True,1.13149496712,True,high_error,8,42,8,20260810-R001-49ce74ce,C:\ronbun\runs\rfw_custom_20260810\20260810-R001-49ce74ce_step4_rfw_custom_edgeface-a348c305af33c223b337
gradcam-7a63d57bcb8b55e635b3,population-c34a0451ee682a300684ff4b,rfw_custom,rfw:asian:m.02vrgn1_0004,edgeface-a348c305af33c223b337,pq,pq_512_m8_b8,pq_reconstruction_cosine,0.1,False,frozen_origin,-0.036612033844,False,False,False,True,True,1.18925970774,True,rank_flip,1,42,8,20260810-R001-49ce74ce,C:\ronbun\runs\rfw_custom_20260810\20260810-R001-49ce74ce_step4_rfw_custom_edgeface-a348c305af33c223b337
gradcam-b68c931d35738723c683,population-c34a0451ee682a300684ff4b,rfw_custom,rfw:asian:m.02rx450_0003,edgeface-a348c305af33c223b337,pq,pq_512_m8_b8,pq_reconstruction_cosine,0.1,True,frozen_origin,-0.3771058321,False,False,False,True,True,1.16128500456,True,rank_flip,2,42,8,20260810-R001-49ce74ce,C:\ronbun\runs\rfw_custom_20260810\20260810-R001-49ce74ce_step4_rfw_custom_edgeface-a348c305af33c223b337
gradcam-46f7c4ae4ded0a3ab0b4,population-c34a0451ee682a300684ff4b,rfw_custom,rfw:african:m.0bpj59_0002,edgeface-a348c305af33c223b337,pq,pq_512_m8_b8,pq_reconstruction_cosine,0.1,True,frozen_origin,0.0202234983444,False,False,False,True,True,1.15916972349,True,rank_flip,3,42,8,20260810-R001-49ce74ce,C:\ronbun\runs\rfw_custom_20260810\20260810-R001-49ce74ce_step4_rfw_custom_edgeface-a348c305af33c223b337
gradcam-27c3afcacd953f784eda,population-c34a0451ee682a300684ff4b,rfw_custom,rfw:caucasian:m.05n8ln_0005,edgeface-a348c305af33c223b337,pq,pq_512_m8_b8,pq_reconstruction_cosine,0.1,False,frozen_origin,0.0200790464878,False,False,False,True,True,1.15622411246,True,rank_flip,4,42,8,20260810-R001-49ce74ce,C:\ronbun\runs\rfw_custom_20260810\20260810-R001-49ce74ce_step4_rfw_custom_edgeface-a348c305af33c223b337
gradcam-e0c8f4a9ca2a85f589eb,population-c34a0451ee682a300684ff4b,rfw_custom,rfw:caucasian:m.06dn4l_0003,edgeface-a348c305af33c223b337,pq,pq_512_m8_b8,pq_reconstruction_cosine,0.1,False,frozen_origin,0.00615119934082,False,False,False,True,True,1.15548099696,True,rank_flip,5,42,8,20260810-R001-49ce74ce,C:\ronbun\runs\rfw_custom_20260810\20260810-R001-49ce74ce_step4_rfw_custom_edgeface-a348c305af33c223b337
gradcam-692495305426a51efb9c,population-c34a0451ee682a300684ff4b,rfw_custom,rfw:caucasian:m.015r3q_0003,edgeface-a348c305af33c223b337,pq,pq_512_m8_b8,pq_reconstruction_cosine,0.1,False,frozen_origin,-0.0515698194504,False,False,False,True,True,1.15099025047,True,rank_flip,6,42,8,20260810-R001-49ce74ce,C:\ronbun\runs\rfw_custom_20260810\20260810-R001-49ce74ce_step4_rfw_custom_edgeface-a348c305af33c223b337
gradcam-4bfbc6d21bb4b6eb8b66,population-c34a0451ee682a300684ff4b,rfw_custom,rfw:caucasian:m.02fx3c_0002,edgeface-a348c305af33c223b337,pq,pq_512_m8_b8,pq_reconstruction_cosine,0.1,False,frozen_origin,-0.0455845296383,False,False,False,True,True,1.15059176304,True,rank_flip,7,42,8,20260810-R001-49ce74ce,C:\ronbun\runs\rfw_custom_20260810\20260810-R001-49ce74ce_step4_rfw_custom_edgeface-a348c305af33c223b337
gradcam-026ef2f32ccc29af6135,population-c34a0451ee682a300684ff4b,rfw_custom,rfw:caucasian:m.0jsfs9k_0001,edgeface-a348c305af33c223b337,pq,pq_512_m8_b8,pq_reconstruction_cosine,0.1,False,frozen_origin,-0.0097461938858,False,False,False,True,True,1.14983314924,True,rank_flip,8,42,8,20260810-R001-49ce74ce,C:\ronbun\runs\rfw_custom_20260810\20260810-R001-49ce74ce_step4_rfw_custom_edgeface-a348c305af33c223b337
gradcam-0514f00e9b52f5a8e195,population-c34a0451ee682a300684ff4b,rfw_custom,rfw:indian:m.05gg8p_0002,edgeface-a348c305af33c223b337,pq,pq_512_m8_b8,pq_reconstruction_cosine,0.1,True,frozen_origin,-0.29931306839,True,False,False,True,True,0.988641964544,True,stable,1,42,8,20260810-R001-49ce74ce,C:\ronbun\runs\rfw_custom_20260810\20260810-R001-49ce74ce_step4_rfw_custom_edgeface-a348c305af33c223b337
gradcam-f2edc058193a7c606936,population-c34a0451ee682a300684ff4b,rfw_custom,rfw:african:m.05l_8j_0001,edgeface-a348c305af33c223b337,pq,pq_512_m8_b8,pq_reconstruction_cosine,0.1,True,frozen_origin,-0.244939655066,True,False,False,True,True,0.994162023317,True,stable,2,42,8,20260810-R001-49ce74ce,C:\ronbun\runs\rfw_custom_20260810\20260810-R001-49ce74ce_step4_rfw_custom_edgeface-a348c305af33c223b337
gradcam-42d885c55dcf7d1f763f,population-c34a0451ee682a300684ff4b,rfw_custom,rfw:asian:m.01l_zpm_0002,edgeface-a348c305af33c223b337,pq,pq_512_m8_b8,pq_reconstruction_cosine,0.1,True,frozen_origin,-0.0810888707638,True,False,False,True,True,1.01013105646,True,stable,3,42,8,20260810-R001-49ce74ce,C:\ronbun\runs\rfw_custom_20260810\20260810-R001-49ce74ce_step4_rfw_custom_edgeface-a348c305af33c223b337
gradcam-641ad25abbeee7d545f3,population-c34a0451ee682a300684ff4b,rfw_custom,rfw:african:m.03sq7p_0001,edgeface-a348c305af33c223b337,pq,pq_512_m8_b8,pq_reconstruction_cosine,0.1,False,frozen_origin,-0.00591790676117,True,False,False,True,True,1.01284221658,True,stable,4,42,8,20260810-R001-49ce74ce,C:\ronbun\runs\rfw_custom_20260810\20260810-R001-49ce74ce_step4_rfw_custom_edgeface-a348c305af33c223b337
gradcam-f67446968c9d520720e5,population-c34a0451ee682a300684ff4b,rfw_custom,rfw:african:m.03nlm__0003,edgeface-a348c305af33c223b337,pq,pq_512_m8_b8,pq_reconstruction_cosine,0.1,True,frozen_origin,-0.283703446388,True,False,False,True,True,1.01714755754,True,stable,5,42,8,20260810-R001-49ce74ce,C:\ronbun\runs\rfw_custom_20260810\20260810-R001-49ce74ce_step4_rfw_custom_edgeface-a348c305af33c223b337
gradcam-bc70324de88e23991d17,population-c34a0451ee682a300684ff4b,rfw_custom,rfw:african:m.03hkyvv_0003,edgeface-a348c305af33c223b337,pq,pq_512_m8_b8,pq_reconstruction_cosine,0.1,True,frozen_origin,-0.302148878574,True,False,False,True,True,1.02178700758,True,stable,6,42,8,20260810-R001-49ce74ce,C:\ronbun\runs\rfw_custom_20260810\20260810-R001-49ce74ce_step4_rfw_custom_edgeface-a348c305af33c223b337
gradcam-1b0244704065cd6146eb,population-c34a0451ee682a300684ff4b,rfw_custom,rfw:african:m.02r0t2j_0001,edgeface-a348c305af33c223b337,pq,pq_512_m8_b8,pq_reconstruction_cosine,0.1,False,frozen_origin,0.00330460071564,True,False,False,True,True,1.02239001175,True,stable,7,42,8,20260810-R001-49ce74ce,C:\ronbun\runs\rfw_custom_20260810\20260810-R001-49ce74ce_step4_rfw_custom_edgeface-a348c305af33c223b337
gradcam-9d236bd75283305a6890,population-c34a0451ee682a300684ff4b,rfw_custom,rfw:asian:m.04yh64f_0004,edgeface-a348c305af33c223b337,pq,pq_512_m8_b8,pq_reconstruction_cosine,0.1,False,frozen_origin,0.15446344018,True,False,False,True,True,1.02997309228,True,stable,8,42,8,20260810-R001-49ce74ce,C:\ronbun\runs\rfw_custom_20260810\20260810-R001-49ce74ce_step4_rfw_custom_edgeface-a348c305af33c223b337
gradcam-f61a9470135a6e1beb54,population-c34a0451ee682a300684ff4b,rfw_custom,rfw:caucasian:m.0ll2_ny_0003,edgeface-a348c305af33c223b337,pq,pq_512_m8_b8,pq_reconstruction_cosine,0.1,False,frozen_origin,-0.118962675333,False,True,False,True,True,1.16602853904,True,threshold_crossing,1,42,8,20260810-R001-49ce74ce,C:\ronbun\runs\rfw_custom_20260810\20260810-R001-49ce74ce_step4_rfw_custom_edgeface-a348c305af33c223b337
gradcam-f0c3e4934c9880c7a815,population-c34a0451ee682a300684ff4b,rfw_custom,rfw:caucasian:m.08093s1_0001,edgeface-a348c305af33c223b337,pq,pq_512_m8_b8,pq_reconstruction_cosine,0.1,True,frozen_origin,-0.379410862923,False,True,False,True,True,1.15801155708,True,threshold_crossing,2,42,8,20260810-R001-49ce74ce,C:\ronbun\runs\rfw_custom_20260810\20260810-R001-49ce74ce_step4_rfw_custom_edgeface-a348c305af33c223b337
gradcam-dfd80811c66427aef926,population-c34a0451ee682a300684ff4b,rfw_custom,rfw:caucasian:m.0j2942k_0004,edgeface-a348c305af33c223b337,pq,pq_512_m8_b8,pq_reconstruction_cosine,0.1,False,frozen_origin,0.0816277861595,False,True,False,True,True,1.15788281547,True,threshold_crossing,3,42,8,20260810-R001-49ce74ce,C:\ronbun\runs\rfw_custom_20260810\20260810-R001-49ce74ce_step4_rfw_custom_edgeface-a348c305af33c223b337
gradcam-7016b537c81451be9b5f,population-c34a0451ee682a300684ff4b,rfw_custom,rfw:caucasian:m.0jwxbnf_0003,edgeface-a348c305af33c223b337,pq,pq_512_m8_b8,pq_reconstruction_cosine,0.1,False,frozen_origin,-0.0205852389336,False,True,False,True,True,1.15689896249,True,threshold_crossing,4,42,8,20260810-R001-49ce74ce,C:\ronbun\runs\rfw_custom_20260810\20260810-R001-49ce74ce_step4_rfw_custom_edgeface-a348c305af33c223b337
gradcam-f39b0dbfa346dbc8ed90,population-c34a0451ee682a300684ff4b,rfw_custom,rfw:asian:m.0gty3pl_0003,edgeface-a348c305af33c223b337,pq,pq_512_m8_b8,pq_reconstruction_cosine,0.1,False,frozen_origin,-0.0825589895248,False,True,False,True,True,1.15582904966,True,threshold_crossing,5,42,8,20260810-R001-49ce74ce,C:\ronbun\runs\rfw_custom_20260810\20260810-R001-49ce74ce_step4_rfw_custom_edgeface-a348c305af33c223b337
gradcam-b052d6fa736e9cda1564,population-c34a0451ee682a300684ff4b,rfw_custom,rfw:caucasian:m.01fc08_0002,edgeface-a348c305af33c223b337,pq,pq_512_m8_b8,pq_reconstruction_cosine,0.1,True,frozen_origin,-0.194334983826,False,True,False,True,True,1.15443786288,True,threshold_crossing,6,42,8,20260810-R001-49ce74ce,C:\ronbun\runs\rfw_custom_20260810\20260810-R001-49ce74ce_step4_rfw_custom_edgeface-a348c305af33c223b337
gradcam-8bfdc07cfd76782ce012,population-c34a0451ee682a300684ff4b,rfw_custom,rfw:caucasian:m.01ny3c_0002,edgeface-a348c305af33c223b337,pq,pq_512_m8_b8,pq_reconstruction_cosine,0.1,True,frozen_origin,-0.149409204721,False,True,False,True,True,1.15401624593,True,threshold_crossing,7,42,8,20260810-R001-49ce74ce,C:\ronbun\runs\rfw_custom_20260810\20260810-R001-49ce74ce_step4_rfw_custom_edgeface-a348c305af33c223b337
gradcam-215535c524443e18f430,population-c34a0451ee682a300684ff4b,rfw_custom,rfw:caucasian:m.01wd76l_0002,edgeface-a348c305af33c223b337,pq,pq_512_m8_b8,pq_reconstruction_cosine,0.1,True,frozen_origin,-0.242317378521,False,True,False,True,True,1.15373185636,True,threshold_crossing,8,42,8,20260810-R001-49ce74ce,C:\ronbun\runs\rfw_custom_20260810\20260810-R001-49ce74ce_step4_rfw_custom_edgeface-a348c305af33c223b337
