analysis_scope,dataset_id,model_uid,compression_family,compression_profile,saliency_feature,sensitivity_metric,sample_count,identity_count,spearman_rho,bootstrap_confidence_level,bootstrap_ci_low,bootstrap_ci_high,bootstrap_valid_repeats,bootstrap_rank_strategy,association_algorithm_version,run_id,source_run_dir
geometry,rfw_custom,edgeface-a348c305af33c223b337,pca,pca_128,quadrant_top_left,angular_error_rad,2037,1830,-0.0189698555229,0.95,-0.0579939272176,0.0250897342882,500,weighted_rerank,identity-cluster-weighted-rerank-v1,20260810-R001-49ce74ce,C:\ronbun\runs\rfw_custom_20260810\20260810-R001-49ce74ce_step4_rfw_custom_edgeface-a348c305af33c223b337
geometry,rfw_custom,edgeface-a348c305af33c223b337,pca,pca_128,quadrant_top_left,reconstruction_mse,2037,1830,-0.00815906168106,0.95,-0.0566579355207,0.0372082229454,500,weighted_rerank,identity-cluster-weighted-rerank-v1,20260810-R001-49ce74ce,C:\ronbun\runs\rfw_custom_20260810\20260810-R001-49ce74ce_step4_rfw_custom_edgeface-a348c305af33c223b337
geometry,rfw_custom,edgeface-a348c305af33c223b337,pca,pca_128,quadrant_top_left,cosine_to_origin,2037,1830,0.0189698555229,0.95,-0.0250897342882,0.0579939272176,500,weighted_rerank,identity-cluster-weighted-rerank-v1,20260810-R001-49ce74ce,C:\ronbun\runs\rfw_custom_20260810\20260810-R001-49ce74ce_step4_rfw_custom_edgeface-a348c305af33c223b337
geometry,rfw_custom,edgeface-a348c305af33c223b337,pca,pca_128,quadrant_top_right,angular_error_rad,2037,1830,-0.0483431336314,0.95,-0.0917634925145,-0.00613933647075,500,weighted_rerank,identity-cluster-weighted-rerank-v1,20260810-R001-49ce74ce,C:\ronbun\runs\rfw_custom_20260810\20260810-R001-49ce74ce_step4_rfw_custom_edgeface-a348c305af33c223b337
geometry,rfw_custom,edgeface-a348c305af33c223b337,pca,pca_128,quadrant_top_right,reconstruction_mse,2037,1830,-0.0342076592411,0.95,-0.0799533674419,0.0085323421421,500,weighted_rerank,identity-cluster-weighted-rerank-v1,20260810-R001-49ce74ce,C:\ronbun\runs\rfw_custom_20260810\20260810-R001-49ce74ce_step4_rfw_custom_edgeface-a348c305af33c223b337
geometry,rfw_custom,edgeface-a348c305af33c223b337,pca,pca_128,quadrant_top_right,cosine_to_origin,2037,1830,0.0483431336314,0.95,0.00613933647075,0.0917634925145,500,weighted_rerank,identity-cluster-weighted-rerank-v1,20260810-R001-49ce74ce,C:\ronbun\runs\rfw_custom_20260810\20260810-R001-49ce74ce_step4_rfw_custom_edgeface-a348c305af33c223b337
geometry,rfw_custom,edgeface-a348c305af33c223b337,pca,pca_128,quadrant_bottom_left,angular_error_rad,2037,1830,0.0599459839703,0.95,0.0174895768041,0.102826722658,500,weighted_rerank,identity-cluster-weighted-rerank-v1,20260810-R001-49ce74ce,C:\ronbun\runs\rfw_custom_20260810\20260810-R001-49ce74ce_step4_rfw_custom_edgeface-a348c305af33c223b337
geometry,rfw_custom,edgeface-a348c305af33c223b337,pca,pca_128,quadrant_bottom_left,reconstruction_mse,2037,1830,0.0244483676547,0.95,-0.0230057707826,0.0666784529079,500,weighted_rerank,identity-cluster-weighted-rerank-v1,20260810-R001-49ce74ce,C:\ronbun\runs\rfw_custom_20260810\20260810-R001-49ce74ce_step4_rfw_custom_edgeface-a348c305af33c223b337
geometry,rfw_custom,edgeface-a348c305af33c223b337,pca,pca_128,quadrant_bottom_left,cosine_to_origin,2037,1830,-0.0599459839703,0.95,-0.102826722658,-0.0174895768041,500,weighted_rerank,identity-cluster-weighted-rerank-v1,20260810-R001-49ce74ce,C:\ronbun\runs\rfw_custom_20260810\20260810-R001-49ce74ce_step4_rfw_custom_edgeface-a348c305af33c223b337
geometry,rfw_custom,edgeface-a348c305af33c223b337,pca,pca_128,quadrant_bottom_right,angular_error_rad,2037,1830,-0.0134160319769,0.95,-0.0553592466072,0.0332453733546,500,weighted_rerank,identity-cluster-weighted-rerank-v1,20260810-R001-49ce74ce,C:\ronbun\runs\rfw_custom_20260810\20260810-R001-49ce74ce_step4_rfw_custom_edgeface-a348c305af33c223b337
geometry,rfw_custom,edgeface-a348c305af33c223b337,pca,pca_128,quadrant_bottom_right,reconstruction_mse,2037,1830,-0.00985389599249,0.95,-0.0513759450257,0.040522353638,500,weighted_rerank,identity-cluster-weighted-rerank-v1,20260810-R001-49ce74ce,C:\ronbun\runs\rfw_custom_20260810\20260810-R001-49ce74ce_step4_rfw_custom_edgeface-a348c305af33c223b337
geometry,rfw_custom,edgeface-a348c305af33c223b337,pca,pca_128,quadrant_bottom_right,cosine_to_origin,2037,1830,0.0134160319769,0.95,-0.0332453733546,0.0553592466072,500,weighted_rerank,identity-cluster-weighted-rerank-v1,20260810-R001-49ce74ce,C:\ronbun\runs\rfw_custom_20260810\20260810-R001-49ce74ce_step4_rfw_custom_edgeface-a348c305af33c223b337
geometry,rfw_custom,edgeface-a348c305af33c223b337,pca,pca_128,left_eye_attention,angular_error_rad,2037,1830,-4.81406047971e-05,0.95,-0.0462108954558,0.0443650505814,500,weighted_rerank,identity-cluster-weighted-rerank-v1,20260810-R001-49ce74ce,C:\ronbun\runs\rfw_custom_20260810\20260810-R001-49ce74ce_step4_rfw_custom_edgeface-a348c305af33c223b337
geometry,rfw_custom,edgeface-a348c305af33c223b337,pca,pca_128,left_eye_attention,reconstruction_mse,2037,1830,-0.0393388038486,0.95,-0.0820463920991,0.00119787113524,500,weighted_rerank,identity-cluster-weighted-rerank-v1,20260810-R001-49ce74ce,C:\ronbun\runs\rfw_custom_20260810\20260810-R001-49ce74ce_step4_rfw_custom_edgeface-a348c305af33c223b337
geometry,rfw_custom,edgeface-a348c305af33c223b337,pca,pca_128,left_eye_attention,cosine_to_origin,2037,1830,4.81406047971e-05,0.95,-0.0443650505814,0.0462108954558,500,weighted_rerank,identity-cluster-weighted-rerank-v1,20260810-R001-49ce74ce,C:\ronbun\runs\rfw_custom_20260810\20260810-R001-49ce74ce_step4_rfw_custom_edgeface-a348c305af33c223b337
geometry,rfw_custom,edgeface-a348c305af33c223b337,pca,pca_128,right_eye_attention,angular_error_rad,2037,1830,-0.034773585418,0.95,-0.0780882964298,0.0108275393953,500,weighted_rerank,identity-cluster-weighted-rerank-v1,20260810-R001-49ce74ce,C:\ronbun\runs\rfw_custom_20260810\20260810-R001-49ce74ce_step4_rfw_custom_edgeface-a348c305af33c223b337
geometry,rfw_custom,edgeface-a348c305af33c223b337,pca,pca_128,right_eye_attention,reconstruction_mse,2037,1830,-0.0450180501128,0.95,-0.0908231657661,-0.00728398061508,500,weighted_rerank,identity-cluster-weighted-rerank-v1,20260810-R001-49ce74ce,C:\ronbun\runs\rfw_custom_20260810\20260810-R001-49ce74ce_step4_rfw_custom_edgeface-a348c305af33c223b337
geometry,rfw_custom,edgeface-a348c305af33c223b337,pca,pca_128,right_eye_attention,cosine_to_origin,2037,1830,0.034773585418,0.95,-0.0108275393953,0.0780882964298,500,weighted_rerank,identity-cluster-weighted-rerank-v1,20260810-R001-49ce74ce,C:\ronbun\runs\rfw_custom_20260810\20260810-R001-49ce74ce_step4_rfw_custom_edgeface-a348c305af33c223b337
geometry,rfw_custom,edgeface-a348c305af33c223b337,pca,pca_128,nose_attention,angular_error_rad,2037,1830,0.0361164094265,0.95,-0.0104167415777,0.0784197604114,500,weighted_rerank,identity-cluster-weighted-rerank-v1,20260810-R001-49ce74ce,C:\ronbun\runs\rfw_custom_20260810\20260810-R001-49ce74ce_step4_rfw_custom_edgeface-a348c305af33c223b337
geometry,rfw_custom,edgeface-a348c305af33c223b337,pca,pca_128,nose_attention,reconstruction_mse,2037,1830,-0.00238393114198,0.95,-0.0452296960397,0.0377381328625,500,weighted_rerank,identity-cluster-weighted-rerank-v1,20260810-R001-49ce74ce,C:\ronbun\runs\rfw_custom_20260810\20260810-R001-49ce74ce_step4_rfw_custom_edgeface-a348c305af33c223b337
geometry,rfw_custom,edgeface-a348c305af33c223b337,pca,pca_128,nose_attention,cosine_to_origin,2037,1830,-0.0361164094265,0.95,-0.0784197604114,0.0104167415777,500,weighted_rerank,identity-cluster-weighted-rerank-v1,20260810-R001-49ce74ce,C:\ronbun\runs\rfw_custom_20260810\20260810-R001-49ce74ce_step4_rfw_custom_edgeface-a348c305af33c223b337
geometry,rfw_custom,edgeface-a348c305af33c223b337,pca,pca_128,mouth_attention,angular_error_rad,2037,1830,0.0297810184632,0.95,-0.0141347332229,0.0702050092726,500,weighted_rerank,identity-cluster-weighted-rerank-v1,20260810-R001-49ce74ce,C:\ronbun\runs\rfw_custom_20260810\20260810-R001-49ce74ce_step4_rfw_custom_edgeface-a348c305af33c223b337
geometry,rfw_custom,edgeface-a348c305af33c223b337,pca,pca_128,mouth_attention,reconstruction_mse,2037,1830,-0.0259334848881,0.95,-0.0693429539765,0.0215025109964,500,weighted_rerank,identity-cluster-weighted-rerank-v1,20260810-R001-49ce74ce,C:\ronbun\runs\rfw_custom_20260810\20260810-R001-49ce74ce_step4_rfw_custom_edgeface-a348c305af33c223b337
geometry,rfw_custom,edgeface-a348c305af33c223b337,pca,pca_128,mouth_attention,cosine_to_origin,2037,1830,-0.0297810184632,0.95,-0.0702050092726,0.0141347332229,500,weighted_rerank,identity-cluster-weighted-rerank-v1,20260810-R001-49ce74ce,C:\ronbun\runs\rfw_custom_20260810\20260810-R001-49ce74ce_step4_rfw_custom_edgeface-a348c305af33c223b337
geometry,rfw_custom,edgeface-a348c305af33c223b337,pca,pca_128,left_cheek_attention,angular_error_rad,2031,1825,0.0449669138294,0.95,0.00220078084269,0.0899540082876,500,weighted_rerank,identity-cluster-weighted-rerank-v1,20260810-R001-49ce74ce,C:\ronbun\runs\rfw_custom_20260810\20260810-R001-49ce74ce_step4_rfw_custom_edgeface-a348c305af33c223b337
geometry,rfw_custom,edgeface-a348c305af33c223b337,pca,pca_128,left_cheek_attention,reconstruction_mse,2031,1825,-0.0154688049352,0.95,-0.063567674602,0.0311756700632,500,weighted_rerank,identity-cluster-weighted-rerank-v1,20260810-R001-49ce74ce,C:\ronbun\runs\rfw_custom_20260810\20260810-R001-49ce74ce_step4_rfw_custom_edgeface-a348c305af33c223b337
geometry,rfw_custom,edgeface-a348c305af33c223b337,pca,pca_128,left_cheek_attention,cosine_to_origin,2031,1825,-0.0449669138294,0.95,-0.0899540082876,-0.00220078084269,500,weighted_rerank,identity-cluster-weighted-rerank-v1,20260810-R001-49ce74ce,C:\ronbun\runs\rfw_custom_20260810\20260810-R001-49ce74ce_step4_rfw_custom_edgeface-a348c305af33c223b337
geometry,rfw_custom,edgeface-a348c305af33c223b337,pca,pca_128,right_cheek_attention,angular_error_rad,2024,1818,0.0265937415752,0.95,-0.0156352685001,0.0720005292395,500,weighted_rerank,identity-cluster-weighted-rerank-v1,20260810-R001-49ce74ce,C:\ronbun\runs\rfw_custom_20260810\20260810-R001-49ce74ce_step4_rfw_custom_edgeface-a348c305af33c223b337
geometry,rfw_custom,edgeface-a348c305af33c223b337,pca,pca_128,right_cheek_attention,reconstruction_mse,2024,1818,0.00883289894435,0.95,-0.0322753602021,0.0516564917296,500,weighted_rerank,identity-cluster-weighted-rerank-v1,20260810-R001-49ce74ce,C:\ronbun\runs\rfw_custom_20260810\20260810-R001-49ce74ce_step4_rfw_custom_edgeface-a348c305af33c223b337
geometry,rfw_custom,edgeface-a348c305af33c223b337,pca,pca_128,right_cheek_attention,cosine_to_origin,2024,1818,-0.0265937415752,0.95,-0.0720005292395,0.0156352685001,500,weighted_rerank,identity-cluster-weighted-rerank-v1,20260810-R001-49ce74ce,C:\ronbun\runs\rfw_custom_20260810\20260810-R001-49ce74ce_step4_rfw_custom_edgeface-a348c305af33c223b337
geometry,rfw_custom,edgeface-a348c305af33c223b337,pca,pca_128,jaw_attention,angular_error_rad,2037,1830,0.0186373119494,0.95,-0.0234782537524,0.0603387819638,500,weighted_rerank,identity-cluster-weighted-rerank-v1,20260810-R001-49ce74ce,C:\ronbun\runs\rfw_custom_20260810\20260810-R001-49ce74ce_step4_rfw_custom_edgeface-a348c305af33c223b337
geometry,rfw_custom,edgeface-a348c305af33c223b337,pca,pca_128,jaw_attention,reconstruction_mse,2037,1830,-0.0393566061867,0.95,-0.0862918726803,0.00383817097269,500,weighted_rerank,identity-cluster-weighted-rerank-v1,20260810-R001-49ce74ce,C:\ronbun\runs\rfw_custom_20260810\20260810-R001-49ce74ce_step4_rfw_custom_edgeface-a348c305af33c223b337
geometry,rfw_custom,edgeface-a348c305af33c223b337,pca,pca_128,jaw_attention,cosine_to_origin,2037,1830,-0.0186373119494,0.95,-0.0603387819638,0.0234782537524,500,weighted_rerank,identity-cluster-weighted-rerank-v1,20260810-R001-49ce74ce,C:\ronbun\runs\rfw_custom_20260810\20260810-R001-49ce74ce_step4_rfw_custom_edgeface-a348c305af33c223b337
geometry,rfw_custom,edgeface-a348c305af33c223b337,pca,pca_128,face_attention,angular_error_rad,2037,1830,0.0218420025396,0.95,-0.0214507532995,0.0666341803518,500,weighted_rerank,identity-cluster-weighted-rerank-v1,20260810-R001-49ce74ce,C:\ronbun\runs\rfw_custom_20260810\20260810-R001-49ce74ce_step4_rfw_custom_edgeface-a348c305af33c223b337
geometry,rfw_custom,edgeface-a348c305af33c223b337,pca,pca_128,face_attention,reconstruction_mse,2037,1830,-0.0122479442517,0.95,-0.0597551870326,0.0313964639533,500,weighted_rerank,identity-cluster-weighted-rerank-v1,20260810-R001-49ce74ce,C:\ronbun\runs\rfw_custom_20260810\20260810-R001-49ce74ce_step4_rfw_custom_edgeface-a348c305af33c223b337
geometry,rfw_custom,edgeface-a348c305af33c223b337,pca,pca_128,face_attention,cosine_to_origin,2037,1830,-0.0218420025396,0.95,-0.0666341803518,0.0214507532995,500,weighted_rerank,identity-cluster-weighted-rerank-v1,20260810-R001-49ce74ce,C:\ronbun\runs\rfw_custom_20260810\20260810-R001-49ce74ce_step4_rfw_custom_edgeface-a348c305af33c223b337
geometry,rfw_custom,edgeface-a348c305af33c223b337,pca,pca_128,outside_face_attention,angular_error_rad,2037,1830,-0.0218420025396,0.95,-0.0666341803518,0.0214507532995,500,weighted_rerank,identity-cluster-weighted-rerank-v1,20260810-R001-49ce74ce,C:\ronbun\runs\rfw_custom_20260810\20260810-R001-49ce74ce_step4_rfw_custom_edgeface-a348c305af33c223b337
geometry,rfw_custom,edgeface-a348c305af33c223b337,pca,pca_128,outside_face_attention,reconstruction_mse,2037,1830,0.0122479442517,0.95,-0.0313964639533,0.0597551870326,500,weighted_rerank,identity-cluster-weighted-rerank-v1,20260810-R001-49ce74ce,C:\ronbun\runs\rfw_custom_20260810\20260810-R001-49ce74ce_step4_rfw_custom_edgeface-a348c305af33c223b337
geometry,rfw_custom,edgeface-a348c305af33c223b337,pca,pca_128,outside_face_attention,cosine_to_origin,2037,1830,0.0218420025396,0.95,-0.0214507532995,0.0666341803518,500,weighted_rerank,identity-cluster-weighted-rerank-v1,20260810-R001-49ce74ce,C:\ronbun\runs\rfw_custom_20260810\20260810-R001-49ce74ce_step4_rfw_custom_edgeface-a348c305af33c223b337
geometry,rfw_custom,edgeface-a348c305af33c223b337,pca,pca_128,saliency_entropy,angular_error_rad,2037,1830,-0.0237696925467,0.95,-0.0695991048409,0.0188879272597,500,weighted_rerank,identity-cluster-weighted-rerank-v1,20260810-R001-49ce74ce,C:\ronbun\runs\rfw_custom_20260810\20260810-R001-49ce74ce_step4_rfw_custom_edgeface-a348c305af33c223b337
geometry,rfw_custom,edgeface-a348c305af33c223b337,pca,pca_128,saliency_entropy,reconstruction_mse,2037,1830,-0.0392552830712,0.95,-0.0856724338764,0.0041812451863,500,weighted_rerank,identity-cluster-weighted-rerank-v1,20260810-R001-49ce74ce,C:\ronbun\runs\rfw_custom_20260810\20260810-R001-49ce74ce_step4_rfw_custom_edgeface-a348c305af33c223b337
geometry,rfw_custom,edgeface-a348c305af33c223b337,pca,pca_128,saliency_entropy,cosine_to_origin,2037,1830,0.0237696925467,0.95,-0.0188879272597,0.0695991048409,500,weighted_rerank,identity-cluster-weighted-rerank-v1,20260810-R001-49ce74ce,C:\ronbun\runs\rfw_custom_20260810\20260810-R001-49ce74ce_step4_rfw_custom_edgeface-a348c305af33c223b337
geometry,rfw_custom,edgeface-a348c305af33c223b337,pca,pca_128,maximum_region_concentration,angular_error_rad,2037,1830,0.0185649655374,0.95,-0.0307090319177,0.0638116273003,500,weighted_rerank,identity-cluster-weighted-rerank-v1,20260810-R001-49ce74ce,C:\ronbun\runs\rfw_custom_20260810\20260810-R001-49ce74ce_step4_rfw_custom_edgeface-a348c305af33c223b337
geometry,rfw_custom,edgeface-a348c305af33c223b337,pca,pca_128,maximum_region_concentration,reconstruction_mse,2037,1830,0.0595627502424,0.95,0.0134795261084,0.100323802434,500,weighted_rerank,identity-cluster-weighted-rerank-v1,20260810-R001-49ce74ce,C:\ronbun\runs\rfw_custom_20260810\20260810-R001-49ce74ce_step4_rfw_custom_edgeface-a348c305af33c223b337
geometry,rfw_custom,edgeface-a348c305af33c223b337,pca,pca_128,maximum_region_concentration,cosine_to_origin,2037,1830,-0.0185649655374,0.95,-0.0638116273003,0.0307090319177,500,weighted_rerank,identity-cluster-weighted-rerank-v1,20260810-R001-49ce74ce,C:\ronbun\runs\rfw_custom_20260810\20260810-R001-49ce74ce_step4_rfw_custom_edgeface-a348c305af33c223b337
geometry,rfw_custom,edgeface-a348c305af33c223b337,pca,pca_128,left_right_asymmetry,angular_error_rad,2037,1830,0.00895754245742,0.95,-0.0361326915151,0.0501244794402,500,weighted_rerank,identity-cluster-weighted-rerank-v1,20260810-R001-49ce74ce,C:\ronbun\runs\rfw_custom_20260810\20260810-R001-49ce74ce_step4_rfw_custom_edgeface-a348c305af33c223b337
geometry,rfw_custom,edgeface-a348c305af33c223b337,pca,pca_128,left_right_asymmetry,reconstruction_mse,2037,1830,0.0530454094647,0.95,0.00474244861499,0.0981017966468,500,weighted_rerank,identity-cluster-weighted-rerank-v1,20260810-R001-49ce74ce,C:\ronbun\runs\rfw_custom_20260810\20260810-R001-49ce74ce_step4_rfw_custom_edgeface-a348c305af33c223b337
geometry,rfw_custom,edgeface-a348c305af33c223b337,pca,pca_128,left_right_asymmetry,cosine_to_origin,2037,1830,-0.00895754245742,0.95,-0.0501244794402,0.0361326915151,500,weighted_rerank,identity-cluster-weighted-rerank-v1,20260810-R001-49ce74ce,C:\ronbun\runs\rfw_custom_20260810\20260810-R001-49ce74ce_step4_rfw_custom_edgeface-a348c305af33c223b337
geometry,rfw_custom,edgeface-a348c305af33c223b337,pca,pca_128,saliency_center_x,angular_error_rad,2037,1830,-0.00811168204273,0.95,-0.055679992977,0.03650630284,500,weighted_rerank,identity-cluster-weighted-rerank-v1,20260810-R001-49ce74ce,C:\ronbun\runs\rfw_custom_20260810\20260810-R001-49ce74ce_step4_rfw_custom_edgeface-a348c305af33c223b337
geometry,rfw_custom,edgeface-a348c305af33c223b337,pca,pca_128,saliency_center_x,reconstruction_mse,2037,1830,-0.0455528081838,0.95,-0.0878681830116,-0.00367998480996,500,weighted_rerank,identity-cluster-weighted-rerank-v1,20260810-R001-49ce74ce,C:\ronbun\runs\rfw_custom_20260810\20260810-R001-49ce74ce_step4_rfw_custom_edgeface-a348c305af33c223b337
geometry,rfw_custom,edgeface-a348c305af33c223b337,pca,pca_128,saliency_center_x,cosine_to_origin,2037,1830,0.00811168204273,0.95,-0.03650630284,0.055679992977,500,weighted_rerank,identity-cluster-weighted-rerank-v1,20260810-R001-49ce74ce,C:\ronbun\runs\rfw_custom_20260810\20260810-R001-49ce74ce_step4_rfw_custom_edgeface-a348c305af33c223b337
geometry,rfw_custom,edgeface-a348c305af33c223b337,pca,pca_128,saliency_center_y,angular_error_rad,2037,1830,0.024775629223,0.95,-0.0162388240851,0.0677587356642,500,weighted_rerank,identity-cluster-weighted-rerank-v1,20260810-R001-49ce74ce,C:\ronbun\runs\rfw_custom_20260810\20260810-R001-49ce74ce_step4_rfw_custom_edgeface-a348c305af33c223b337
geometry,rfw_custom,edgeface-a348c305af33c223b337,pca,pca_128,saliency_center_y,reconstruction_mse,2037,1830,0.0184457637641,0.95,-0.0301111731614,0.0630046080541,500,weighted_rerank,identity-cluster-weighted-rerank-v1,20260810-R001-49ce74ce,C:\ronbun\runs\rfw_custom_20260810\20260810-R001-49ce74ce_step4_rfw_custom_edgeface-a348c305af33c223b337
geometry,rfw_custom,edgeface-a348c305af33c223b337,pca,pca_128,saliency_center_y,cosine_to_origin,2037,1830,-0.024775629223,0.95,-0.0677587356642,0.0162388240851,500,weighted_rerank,identity-cluster-weighted-rerank-v1,20260810-R001-49ce74ce,C:\ronbun\runs\rfw_custom_20260810\20260810-R001-49ce74ce_step4_rfw_custom_edgeface-a348c305af33c223b337
geometry,rfw_custom,edgeface-a348c305af33c223b337,pca,pca_128,saliency_spread,angular_error_rad,2037,1830,-0.000751844878569,0.95,-0.0419853423721,0.039433988823,500,weighted_rerank,identity-cluster-weighted-rerank-v1,20260810-R001-49ce74ce,C:\ronbun\runs\rfw_custom_20260810\20260810-R001-49ce74ce_step4_rfw_custom_edgeface-a348c305af33c223b337
geometry,rfw_custom,edgeface-a348c305af33c223b337,pca,pca_128,saliency_spread,reconstruction_mse,2037,1830,-0.0386002611977,0.95,-0.0803592179797,0.00279558221949,500,weighted_rerank,identity-cluster-weighted-rerank-v1,20260810-R001-49ce74ce,C:\ronbun\runs\rfw_custom_20260810\20260810-R001-49ce74ce_step4_rfw_custom_edgeface-a348c305af33c223b337
geometry,rfw_custom,edgeface-a348c305af33c223b337,pca,pca_128,saliency_spread,cosine_to_origin,2037,1830,0.000751844878569,0.95,-0.039433988823,0.0419853423721,500,weighted_rerank,identity-cluster-weighted-rerank-v1,20260810-R001-49ce74ce,C:\ronbun\runs\rfw_custom_20260810\20260810-R001-49ce74ce_step4_rfw_custom_edgeface-a348c305af33c223b337
geometry,rfw_custom,edgeface-a348c305af33c223b337,pca,pca_256,quadrant_top_left,angular_error_rad,2037,1830,-0.0375799446111,0.95,-0.0789237955574,0.000735515425875,500,weighted_rerank,identity-cluster-weighted-rerank-v1,20260810-R001-49ce74ce,C:\ronbun\runs\rfw_custom_20260810\20260810-R001-49ce74ce_step4_rfw_custom_edgeface-a348c305af33c223b337
geometry,rfw_custom,edgeface-a348c305af33c223b337,pca,pca_256,quadrant_top_left,reconstruction_mse,2037,1830,-0.00744362818106,0.95,-0.0503276926305,0.0331589141959,500,weighted_rerank,identity-cluster-weighted-rerank-v1,20260810-R001-49ce74ce,C:\ronbun\runs\rfw_custom_20260810\20260810-R001-49ce74ce_step4_rfw_custom_edgeface-a348c305af33c223b337
geometry,rfw_custom,edgeface-a348c305af33c223b337,pca,pca_256,quadrant_top_left,cosine_to_origin,2037,1830,0.0375799446111,0.95,-0.000735515425875,0.0789237955574,500,weighted_rerank,identity-cluster-weighted-rerank-v1,20260810-R001-49ce74ce,C:\ronbun\runs\rfw_custom_20260810\20260810-R001-49ce74ce_step4_rfw_custom_edgeface-a348c305af33c223b337
geometry,rfw_custom,edgeface-a348c305af33c223b337,pca,pca_256,quadrant_top_right,angular_error_rad,2037,1830,-0.0439079877322,0.95,-0.0809511691528,0.000703948309614,500,weighted_rerank,identity-cluster-weighted-rerank-v1,20260810-R001-49ce74ce,C:\ronbun\runs\rfw_custom_20260810\20260810-R001-49ce74ce_step4_rfw_custom_edgeface-a348c305af33c223b337
geometry,rfw_custom,edgeface-a348c305af33c223b337,pca,pca_256,quadrant_top_right,reconstruction_mse,2037,1830,-0.0314009810833,0.95,-0.0731135431274,0.0116471513127,500,weighted_rerank,identity-cluster-weighted-rerank-v1,20260810-R001-49ce74ce,C:\ronbun\runs\rfw_custom_20260810\20260810-R001-49ce74ce_step4_rfw_custom_edgeface-a348c305af33c223b337
geometry,rfw_custom,edgeface-a348c305af33c223b337,pca,pca_256,quadrant_top_right,cosine_to_origin,2037,1830,0.0439079877322,0.95,-0.000703948309614,0.0809511691528,500,weighted_rerank,identity-cluster-weighted-rerank-v1,20260810-R001-49ce74ce,C:\ronbun\runs\rfw_custom_20260810\20260810-R001-49ce74ce_step4_rfw_custom_edgeface-a348c305af33c223b337
geometry,rfw_custom,edgeface-a348c305af33c223b337,pca,pca_256,quadrant_bottom_left,angular_error_rad,2037,1830,0.0452363418541,0.95,-0.00429058816594,0.0876949007341,500,weighted_rerank,identity-cluster-weighted-rerank-v1,20260810-R001-49ce74ce,C:\ronbun\runs\rfw_custom_20260810\20260810-R001-49ce74ce_step4_rfw_custom_edgeface-a348c305af33c223b337
geometry,rfw_custom,edgeface-a348c305af33c223b337,pca,pca_256,quadrant_bottom_left,reconstruction_mse,2037,1830,0.0216450254508,0.95,-0.0181271160687,0.0636418587753,500,weighted_rerank,identity-cluster-weighted-rerank-v1,20260810-R001-49ce74ce,C:\ronbun\runs\rfw_custom_20260810\20260810-R001-49ce74ce_step4_rfw_custom_edgeface-a348c305af33c223b337
geometry,rfw_custom,edgeface-a348c305af33c223b337,pca,pca_256,quadrant_bottom_left,cosine_to_origin,2037,1830,-0.0452363418541,0.95,-0.0876949007341,0.00429058816594,500,weighted_rerank,identity-cluster-weighted-rerank-v1,20260810-R001-49ce74ce,C:\ronbun\runs\rfw_custom_20260810\20260810-R001-49ce74ce_step4_rfw_custom_edgeface-a348c305af33c223b337
geometry,rfw_custom,edgeface-a348c305af33c223b337,pca,pca_256,quadrant_bottom_right,angular_error_rad,2037,1830,0.00483120586041,0.95,-0.0366592475064,0.0460168342543,500,weighted_rerank,identity-cluster-weighted-rerank-v1,20260810-R001-49ce74ce,C:\ronbun\runs\rfw_custom_20260810\20260810-R001-49ce74ce_step4_rfw_custom_edgeface-a348c305af33c223b337
geometry,rfw_custom,edgeface-a348c305af33c223b337,pca,pca_256,quadrant_bottom_right,reconstruction_mse,2037,1830,-0.0101454642848,0.95,-0.0490065459213,0.0294614553351,500,weighted_rerank,identity-cluster-weighted-rerank-v1,20260810-R001-49ce74ce,C:\ronbun\runs\rfw_custom_20260810\20260810-R001-49ce74ce_step4_rfw_custom_edgeface-a348c305af33c223b337
geometry,rfw_custom,edgeface-a348c305af33c223b337,pca,pca_256,quadrant_bottom_right,cosine_to_origin,2037,1830,-0.00483120586041,0.95,-0.0460168342543,0.0366592475064,500,weighted_rerank,identity-cluster-weighted-rerank-v1,20260810-R001-49ce74ce,C:\ronbun\runs\rfw_custom_20260810\20260810-R001-49ce74ce_step4_rfw_custom_edgeface-a348c305af33c223b337
geometry,rfw_custom,edgeface-a348c305af33c223b337,pca,pca_256,left_eye_attention,angular_error_rad,2037,1830,0.00128128435736,0.95,-0.0457177317909,0.0473696106739,500,weighted_rerank,identity-cluster-weighted-rerank-v1,20260810-R001-49ce74ce,C:\ronbun\runs\rfw_custom_20260810\20260810-R001-49ce74ce_step4_rfw_custom_edgeface-a348c305af33c223b337
geometry,rfw_custom,edgeface-a348c305af33c223b337,pca,pca_256,left_eye_attention,reconstruction_mse,2037,1830,-0.0393946523354,0.95,-0.0779066268388,0.00129612397702,500,weighted_rerank,identity-cluster-weighted-rerank-v1,20260810-R001-49ce74ce,C:\ronbun\runs\rfw_custom_20260810\20260810-R001-49ce74ce_step4_rfw_custom_edgeface-a348c305af33c223b337
geometry,rfw_custom,edgeface-a348c305af33c223b337,pca,pca_256,left_eye_attention,cosine_to_origin,2037,1830,-0.00128128435736,0.95,-0.0473696106739,0.0457177317909,500,weighted_rerank,identity-cluster-weighted-rerank-v1,20260810-R001-49ce74ce,C:\ronbun\runs\rfw_custom_20260810\20260810-R001-49ce74ce_step4_rfw_custom_edgeface-a348c305af33c223b337
geometry,rfw_custom,edgeface-a348c305af33c223b337,pca,pca_256,right_eye_attention,angular_error_rad,2037,1830,-0.0325157445359,0.95,-0.0743797835406,0.0108544523281,500,weighted_rerank,identity-cluster-weighted-rerank-v1,20260810-R001-49ce74ce,C:\ronbun\runs\rfw_custom_20260810\20260810-R001-49ce74ce_step4_rfw_custom_edgeface-a348c305af33c223b337
geometry,rfw_custom,edgeface-a348c305af33c223b337,pca,pca_256,right_eye_attention,reconstruction_mse,2037,1830,-0.0446560568468,0.95,-0.0901495082491,-0.00116721005096,500,weighted_rerank,identity-cluster-weighted-rerank-v1,20260810-R001-49ce74ce,C:\ronbun\runs\rfw_custom_20260810\20260810-R001-49ce74ce_step4_rfw_custom_edgeface-a348c305af33c223b337
geometry,rfw_custom,edgeface-a348c305af33c223b337,pca,pca_256,right_eye_attention,cosine_to_origin,2037,1830,0.0325157445359,0.95,-0.0108544523281,0.0743797835406,500,weighted_rerank,identity-cluster-weighted-rerank-v1,20260810-R001-49ce74ce,C:\ronbun\runs\rfw_custom_20260810\20260810-R001-49ce74ce_step4_rfw_custom_edgeface-a348c305af33c223b337
geometry,rfw_custom,edgeface-a348c305af33c223b337,pca,pca_256,nose_attention,angular_error_rad,2037,1830,-0.00832889009593,0.95,-0.0491796501162,0.0361562420012,500,weighted_rerank,identity-cluster-weighted-rerank-v1,20260810-R001-49ce74ce,C:\ronbun\runs\rfw_custom_20260810\20260810-R001-49ce74ce_step4_rfw_custom_edgeface-a348c305af33c223b337
geometry,rfw_custom,edgeface-a348c305af33c223b337,pca,pca_256,nose_attention,reconstruction_mse,2037,1830,-0.00574907467181,0.95,-0.0509966435534,0.0391211757617,500,weighted_rerank,identity-cluster-weighted-rerank-v1,20260810-R001-49ce74ce,C:\ronbun\runs\rfw_custom_20260810\20260810-R001-49ce74ce_step4_rfw_custom_edgeface-a348c305af33c223b337
geometry,rfw_custom,edgeface-a348c305af33c223b337,pca,pca_256,nose_attention,cosine_to_origin,2037,1830,0.00832889009593,0.95,-0.0361562420012,0.0491796501162,500,weighted_rerank,identity-cluster-weighted-rerank-v1,20260810-R001-49ce74ce,C:\ronbun\runs\rfw_custom_20260810\20260810-R001-49ce74ce_step4_rfw_custom_edgeface-a348c305af33c223b337
geometry,rfw_custom,edgeface-a348c305af33c223b337,pca,pca_256,mouth_attention,angular_error_rad,2037,1830,0.0224426086471,0.95,-0.0244254795201,0.0669018108632,500,weighted_rerank,identity-cluster-weighted-rerank-v1,20260810-R001-49ce74ce,C:\ronbun\runs\rfw_custom_20260810\20260810-R001-49ce74ce_step4_rfw_custom_edgeface-a348c305af33c223b337
geometry,rfw_custom,edgeface-a348c305af33c223b337,pca,pca_256,mouth_attention,reconstruction_mse,2037,1830,-0.027197743004,0.95,-0.0703956183625,0.0133241630445,500,weighted_rerank,identity-cluster-weighted-rerank-v1,20260810-R001-49ce74ce,C:\ronbun\runs\rfw_custom_20260810\20260810-R001-49ce74ce_step4_rfw_custom_edgeface-a348c305af33c223b337
geometry,rfw_custom,edgeface-a348c305af33c223b337,pca,pca_256,mouth_attention,cosine_to_origin,2037,1830,-0.0224426086471,0.95,-0.0669018108632,0.0244254795201,500,weighted_rerank,identity-cluster-weighted-rerank-v1,20260810-R001-49ce74ce,C:\ronbun\runs\rfw_custom_20260810\20260810-R001-49ce74ce_step4_rfw_custom_edgeface-a348c305af33c223b337
geometry,rfw_custom,edgeface-a348c305af33c223b337,pca,pca_256,left_cheek_attention,angular_error_rad,2031,1825,0.0191106442634,0.95,-0.0208128997156,0.0664909445473,500,weighted_rerank,identity-cluster-weighted-rerank-v1,20260810-R001-49ce74ce,C:\ronbun\runs\rfw_custom_20260810\20260810-R001-49ce74ce_step4_rfw_custom_edgeface-a348c305af33c223b337
geometry,rfw_custom,edgeface-a348c305af33c223b337,pca,pca_256,left_cheek_attention,reconstruction_mse,2031,1825,-0.0162335350269,0.95,-0.0599353422277,0.0302957702244,500,weighted_rerank,identity-cluster-weighted-rerank-v1,20260810-R001-49ce74ce,C:\ronbun\runs\rfw_custom_20260810\20260810-R001-49ce74ce_step4_rfw_custom_edgeface-a348c305af33c223b337
geometry,rfw_custom,edgeface-a348c305af33c223b337,pca,pca_256,left_cheek_attention,cosine_to_origin,2031,1825,-0.0191106442634,0.95,-0.0664909445473,0.0208128997156,500,weighted_rerank,identity-cluster-weighted-rerank-v1,20260810-R001-49ce74ce,C:\ronbun\runs\rfw_custom_20260810\20260810-R001-49ce74ce_step4_rfw_custom_edgeface-a348c305af33c223b337
geometry,rfw_custom,edgeface-a348c305af33c223b337,pca,pca_256,right_cheek_attention,angular_error_rad,2024,1818,-0.00240421346886,0.95,-0.0471323115998,0.0388525715879,500,weighted_rerank,identity-cluster-weighted-rerank-v1,20260810-R001-49ce74ce,C:\ronbun\runs\rfw_custom_20260810\20260810-R001-49ce74ce_step4_rfw_custom_edgeface-a348c305af33c223b337
geometry,rfw_custom,edgeface-a348c305af33c223b337,pca,pca_256,right_cheek_attention,reconstruction_mse,2024,1818,0.0076554813193,0.95,-0.0360352331438,0.0504618014348,500,weighted_rerank,identity-cluster-weighted-rerank-v1,20260810-R001-49ce74ce,C:\ronbun\runs\rfw_custom_20260810\20260810-R001-49ce74ce_step4_rfw_custom_edgeface-a348c305af33c223b337
geometry,rfw_custom,edgeface-a348c305af33c223b337,pca,pca_256,right_cheek_attention,cosine_to_origin,2024,1818,0.00240421346886,0.95,-0.0388525715879,0.0471323115998,500,weighted_rerank,identity-cluster-weighted-rerank-v1,20260810-R001-49ce74ce,C:\ronbun\runs\rfw_custom_20260810\20260810-R001-49ce74ce_step4_rfw_custom_edgeface-a348c305af33c223b337
geometry,rfw_custom,edgeface-a348c305af33c223b337,pca,pca_256,jaw_attention,angular_error_rad,2037,1830,-0.0029134222184,0.95,-0.0466096388007,0.0376751518156,500,weighted_rerank,identity-cluster-weighted-rerank-v1,20260810-R001-49ce74ce,C:\ronbun\runs\rfw_custom_20260810\20260810-R001-49ce74ce_step4_rfw_custom_edgeface-a348c305af33c223b337
geometry,rfw_custom,edgeface-a348c305af33c223b337,pca,pca_256,jaw_attention,reconstruction_mse,2037,1830,-0.03833524572,0.95,-0.0777418169908,0.00727991977757,500,weighted_rerank,identity-cluster-weighted-rerank-v1,20260810-R001-49ce74ce,C:\ronbun\runs\rfw_custom_20260810\20260810-R001-49ce74ce_step4_rfw_custom_edgeface-a348c305af33c223b337
geometry,rfw_custom,edgeface-a348c305af33c223b337,pca,pca_256,jaw_attention,cosine_to_origin,2037,1830,0.0029134222184,0.95,-0.0376751518156,0.0466096388007,500,weighted_rerank,identity-cluster-weighted-rerank-v1,20260810-R001-49ce74ce,C:\ronbun\runs\rfw_custom_20260810\20260810-R001-49ce74ce_step4_rfw_custom_edgeface-a348c305af33c223b337
geometry,rfw_custom,edgeface-a348c305af33c223b337,pca,pca_256,face_attention,angular_error_rad,2037,1830,0.0119940889728,0.95,-0.0341622989602,0.0607428772401,500,weighted_rerank,identity-cluster-weighted-rerank-v1,20260810-R001-49ce74ce,C:\ronbun\runs\rfw_custom_20260810\20260810-R001-49ce74ce_step4_rfw_custom_edgeface-a348c305af33c223b337
geometry,rfw_custom,edgeface-a348c305af33c223b337,pca,pca_256,face_attention,reconstruction_mse,2037,1830,-0.0150249952546,0.95,-0.0580479868281,0.0265125190468,500,weighted_rerank,identity-cluster-weighted-rerank-v1,20260810-R001-49ce74ce,C:\ronbun\runs\rfw_custom_20260810\20260810-R001-49ce74ce_step4_rfw_custom_edgeface-a348c305af33c223b337
geometry,rfw_custom,edgeface-a348c305af33c223b337,pca,pca_256,face_attention,cosine_to_origin,2037,1830,-0.0119940889728,0.95,-0.0607428772401,0.0341622989602,500,weighted_rerank,identity-cluster-weighted-rerank-v1,20260810-R001-49ce74ce,C:\ronbun\runs\rfw_custom_20260810\20260810-R001-49ce74ce_step4_rfw_custom_edgeface-a348c305af33c223b337
geometry,rfw_custom,edgeface-a348c305af33c223b337,pca,pca_256,outside_face_attention,angular_error_rad,2037,1830,-0.0119940889728,0.95,-0.0607428772401,0.0341622989602,500,weighted_rerank,identity-cluster-weighted-rerank-v1,20260810-R001-49ce74ce,C:\ronbun\runs\rfw_custom_20260810\20260810-R001-49ce74ce_step4_rfw_custom_edgeface-a348c305af33c223b337
geometry,rfw_custom,edgeface-a348c305af33c223b337,pca,pca_256,outside_face_attention,reconstruction_mse,2037,1830,0.0150249952546,0.95,-0.0265125190468,0.0580479868281,500,weighted_rerank,identity-cluster-weighted-rerank-v1,20260810-R001-49ce74ce,C:\ronbun\runs\rfw_custom_20260810\20260810-R001-49ce74ce_step4_rfw_custom_edgeface-a348c305af33c223b337
geometry,rfw_custom,edgeface-a348c305af33c223b337,pca,pca_256,outside_face_attention,cosine_to_origin,2037,1830,0.0119940889728,0.95,-0.0341622989602,0.0607428772401,500,weighted_rerank,identity-cluster-weighted-rerank-v1,20260810-R001-49ce74ce,C:\ronbun\runs\rfw_custom_20260810\20260810-R001-49ce74ce_step4_rfw_custom_edgeface-a348c305af33c223b337
geometry,rfw_custom,edgeface-a348c305af33c223b337,pca,pca_256,saliency_entropy,angular_error_rad,2037,1830,-0.0397721540043,0.95,-0.0804786728863,0.00190032296961,500,weighted_rerank,identity-cluster-weighted-rerank-v1,20260810-R001-49ce74ce,C:\ronbun\runs\rfw_custom_20260810\20260810-R001-49ce74ce_step4_rfw_custom_edgeface-a348c305af33c223b337
geometry,rfw_custom,edgeface-a348c305af33c223b337,pca,pca_256,saliency_entropy,reconstruction_mse,2037,1830,-0.0375913929497,0.95,-0.0818204866988,0.00341918691387,500,weighted_rerank,identity-cluster-weighted-rerank-v1,20260810-R001-49ce74ce,C:\ronbun\runs\rfw_custom_20260810\20260810-R001-49ce74ce_step4_rfw_custom_edgeface-a348c305af33c223b337
geometry,rfw_custom,edgeface-a348c305af33c223b337,pca,pca_256,saliency_entropy,cosine_to_origin,2037,1830,0.0397721540043,0.95,-0.00190032296961,0.0804786728863,500,weighted_rerank,identity-cluster-weighted-rerank-v1,20260810-R001-49ce74ce,C:\ronbun\runs\rfw_custom_20260810\20260810-R001-49ce74ce_step4_rfw_custom_edgeface-a348c305af33c223b337
geometry,rfw_custom,edgeface-a348c305af33c223b337,pca,pca_256,maximum_region_concentration,angular_error_rad,2037,1830,0.0389314875006,0.95,-0.00287844664569,0.0811150631766,500,weighted_rerank,identity-cluster-weighted-rerank-v1,20260810-R001-49ce74ce,C:\ronbun\runs\rfw_custom_20260810\20260810-R001-49ce74ce_step4_rfw_custom_edgeface-a348c305af33c223b337
geometry,rfw_custom,edgeface-a348c305af33c223b337,pca,pca_256,maximum_region_concentration,reconstruction_mse,2037,1830,0.0606935169564,0.95,0.0180991203577,0.107941931394,500,weighted_rerank,identity-cluster-weighted-rerank-v1,20260810-R001-49ce74ce,C:\ronbun\runs\rfw_custom_20260810\20260810-R001-49ce74ce_step4_rfw_custom_edgeface-a348c305af33c223b337
geometry,rfw_custom,edgeface-a348c305af33c223b337,pca,pca_256,maximum_region_concentration,cosine_to_origin,2037,1830,-0.0389314875006,0.95,-0.0811150631766,0.00287844664569,500,weighted_rerank,identity-cluster-weighted-rerank-v1,20260810-R001-49ce74ce,C:\ronbun\runs\rfw_custom_20260810\20260810-R001-49ce74ce_step4_rfw_custom_edgeface-a348c305af33c223b337
geometry,rfw_custom,edgeface-a348c305af33c223b337,pca,pca_256,left_right_asymmetry,angular_error_rad,2037,1830,0.0136028822728,0.95,-0.0288130654026,0.0594800991543,500,weighted_rerank,identity-cluster-weighted-rerank-v1,20260810-R001-49ce74ce,C:\ronbun\runs\rfw_custom_20260810\20260810-R001-49ce74ce_step4_rfw_custom_edgeface-a348c305af33c223b337
geometry,rfw_custom,edgeface-a348c305af33c223b337,pca,pca_256,left_right_asymmetry,reconstruction_mse,2037,1830,0.0538053529506,0.95,0.0123225791426,0.100049374003,500,weighted_rerank,identity-cluster-weighted-rerank-v1,20260810-R001-49ce74ce,C:\ronbun\runs\rfw_custom_20260810\20260810-R001-49ce74ce_step4_rfw_custom_edgeface-a348c305af33c223b337
geometry,rfw_custom,edgeface-a348c305af33c223b337,pca,pca_256,left_right_asymmetry,cosine_to_origin,2037,1830,-0.0136028822728,0.95,-0.0594800991543,0.0288130654026,500,weighted_rerank,identity-cluster-weighted-rerank-v1,20260810-R001-49ce74ce,C:\ronbun\runs\rfw_custom_20260810\20260810-R001-49ce74ce_step4_rfw_custom_edgeface-a348c305af33c223b337
geometry,rfw_custom,edgeface-a348c305af33c223b337,pca,pca_256,saliency_center_x,angular_error_rad,2037,1830,0.0164242270503,0.95,-0.0250483036527,0.0576557347611,500,weighted_rerank,identity-cluster-weighted-rerank-v1,20260810-R001-49ce74ce,C:\ronbun\runs\rfw_custom_20260810\20260810-R001-49ce74ce_step4_rfw_custom_edgeface-a348c305af33c223b337
geometry,rfw_custom,edgeface-a348c305af33c223b337,pca,pca_256,saliency_center_x,reconstruction_mse,2037,1830,-0.0432114305431,0.95,-0.0841406064382,0.0024386354039,500,weighted_rerank,identity-cluster-weighted-rerank-v1,20260810-R001-49ce74ce,C:\ronbun\runs\rfw_custom_20260810\20260810-R001-49ce74ce_step4_rfw_custom_edgeface-a348c305af33c223b337
geometry,rfw_custom,edgeface-a348c305af33c223b337,pca,pca_256,saliency_center_x,cosine_to_origin,2037,1830,-0.0164242270503,0.95,-0.0576557347611,0.0250483036527,500,weighted_rerank,identity-cluster-weighted-rerank-v1,20260810-R001-49ce74ce,C:\ronbun\runs\rfw_custom_20260810\20260810-R001-49ce74ce_step4_rfw_custom_edgeface-a348c305af33c223b337
geometry,rfw_custom,edgeface-a348c305af33c223b337,pca,pca_256,saliency_center_y,angular_error_rad,2037,1830,0.0523711028761,0.95,0.00399021264336,0.0913522453645,500,weighted_rerank,identity-cluster-weighted-rerank-v1,20260810-R001-49ce74ce,C:\ronbun\runs\rfw_custom_20260810\20260810-R001-49ce74ce_step4_rfw_custom_edgeface-a348c305af33c223b337
geometry,rfw_custom,edgeface-a348c305af33c223b337,pca,pca_256,saliency_center_y,reconstruction_mse,2037,1830,0.0172500814252,0.95,-0.0206448091313,0.0554368582226,500,weighted_rerank,identity-cluster-weighted-rerank-v1,20260810-R001-49ce74ce,C:\ronbun\runs\rfw_custom_20260810\20260810-R001-49ce74ce_step4_rfw_custom_edgeface-a348c305af33c223b337
geometry,rfw_custom,edgeface-a348c305af33c223b337,pca,pca_256,saliency_center_y,cosine_to_origin,2037,1830,-0.0523711028761,0.95,-0.0913522453645,-0.00399021264336,500,weighted_rerank,identity-cluster-weighted-rerank-v1,20260810-R001-49ce74ce,C:\ronbun\runs\rfw_custom_20260810\20260810-R001-49ce74ce_step4_rfw_custom_edgeface-a348c305af33c223b337
geometry,rfw_custom,edgeface-a348c305af33c223b337,pca,pca_256,saliency_spread,angular_error_rad,2037,1830,-0.0460017062367,0.95,-0.0886710090313,-0.00411075265001,500,weighted_rerank,identity-cluster-weighted-rerank-v1,20260810-R001-49ce74ce,C:\ronbun\runs\rfw_custom_20260810\20260810-R001-49ce74ce_step4_rfw_custom_edgeface-a348c305af33c223b337
geometry,rfw_custom,edgeface-a348c305af33c223b337,pca,pca_256,saliency_spread,reconstruction_mse,2037,1830,-0.0382498775652,0.95,-0.0778622511404,0.000826029354216,500,weighted_rerank,identity-cluster-weighted-rerank-v1,20260810-R001-49ce74ce,C:\ronbun\runs\rfw_custom_20260810\20260810-R001-49ce74ce_step4_rfw_custom_edgeface-a348c305af33c223b337
geometry,rfw_custom,edgeface-a348c305af33c223b337,pca,pca_256,saliency_spread,cosine_to_origin,2037,1830,0.0460017062367,0.95,0.00411075265001,0.0886710090313,500,weighted_rerank,identity-cluster-weighted-rerank-v1,20260810-R001-49ce74ce,C:\ronbun\runs\rfw_custom_20260810\20260810-R001-49ce74ce_step4_rfw_custom_edgeface-a348c305af33c223b337
geometry,rfw_custom,edgeface-a348c305af33c223b337,pca,pca_32,quadrant_top_left,angular_error_rad,2037,1830,-0.00337981586082,0.95,-0.0487636790524,0.0384386814761,500,weighted_rerank,identity-cluster-weighted-rerank-v1,20260810-R001-49ce74ce,C:\ronbun\runs\rfw_custom_20260810\20260810-R001-49ce74ce_step4_rfw_custom_edgeface-a348c305af33c223b337
geometry,rfw_custom,edgeface-a348c305af33c223b337,pca,pca_32,quadrant_top_left,reconstruction_mse,2037,1830,-0.00340180581692,0.95,-0.0488560994919,0.0383676232565,500,weighted_rerank,identity-cluster-weighted-rerank-v1,20260810-R001-49ce74ce,C:\ronbun\runs\rfw_custom_20260810\20260810-R001-49ce74ce_step4_rfw_custom_edgeface-a348c305af33c223b337
geometry,rfw_custom,edgeface-a348c305af33c223b337,pca,pca_32,quadrant_top_left,cosine_to_origin,2037,1830,0.00337981586082,0.95,-0.0384386814761,0.0487636790524,500,weighted_rerank,identity-cluster-weighted-rerank-v1,20260810-R001-49ce74ce,C:\ronbun\runs\rfw_custom_20260810\20260810-R001-49ce74ce_step4_rfw_custom_edgeface-a348c305af33c223b337
geometry,rfw_custom,edgeface-a348c305af33c223b337,pca,pca_32,quadrant_top_right,angular_error_rad,2037,1830,0.0292419344798,0.95,-0.0141140116055,0.070943719345,500,weighted_rerank,identity-cluster-weighted-rerank-v1,20260810-R001-49ce74ce,C:\ronbun\runs\rfw_custom_20260810\20260810-R001-49ce74ce_step4_rfw_custom_edgeface-a348c305af33c223b337
geometry,rfw_custom,edgeface-a348c305af33c223b337,pca,pca_32,quadrant_top_right,reconstruction_mse,2037,1830,0.0292164638289,0.95,-0.0141312433687,0.0709186448804,500,weighted_rerank,identity-cluster-weighted-rerank-v1,20260810-R001-49ce74ce,C:\ronbun\runs\rfw_custom_20260810\20260810-R001-49ce74ce_step4_rfw_custom_edgeface-a348c305af33c223b337
geometry,rfw_custom,edgeface-a348c305af33c223b337,pca,pca_32,quadrant_top_right,cosine_to_origin,2037,1830,-0.0292419344798,0.95,-0.070943719345,0.0141140116055,500,weighted_rerank,identity-cluster-weighted-rerank-v1,20260810-R001-49ce74ce,C:\ronbun\runs\rfw_custom_20260810\20260810-R001-49ce74ce_step4_rfw_custom_edgeface-a348c305af33c223b337
geometry,rfw_custom,edgeface-a348c305af33c223b337,pca,pca_32,quadrant_bottom_left,angular_error_rad,2037,1830,-0.0263595308942,0.95,-0.0648077370331,0.015152251829,500,weighted_rerank,identity-cluster-weighted-rerank-v1,20260810-R001-49ce74ce,C:\ronbun\runs\rfw_custom_20260810\20260810-R001-49ce74ce_step4_rfw_custom_edgeface-a348c305af33c223b337
geometry,rfw_custom,edgeface-a348c305af33c223b337,pca,pca_32,quadrant_bottom_left,reconstruction_mse,2037,1830,-0.0263423973053,0.95,-0.0647992211707,0.0151809483982,500,weighted_rerank,identity-cluster-weighted-rerank-v1,20260810-R001-49ce74ce,C:\ronbun\runs\rfw_custom_20260810\20260810-R001-49ce74ce_step4_rfw_custom_edgeface-a348c305af33c223b337
geometry,rfw_custom,edgeface-a348c305af33c223b337,pca,pca_32,quadrant_bottom_left,cosine_to_origin,2037,1830,0.0263595308942,0.95,-0.015152251829,0.0648077370331,500,weighted_rerank,identity-cluster-weighted-rerank-v1,20260810-R001-49ce74ce,C:\ronbun\runs\rfw_custom_20260810\20260810-R001-49ce74ce_step4_rfw_custom_edgeface-a348c305af33c223b337
geometry,rfw_custom,edgeface-a348c305af33c223b337,pca,pca_32,quadrant_bottom_right,angular_error_rad,2037,1830,-0.0195070525567,0.95,-0.0601668089154,0.0213147066227,500,weighted_rerank,identity-cluster-weighted-rerank-v1,20260810-R001-49ce74ce,C:\ronbun\runs\rfw_custom_20260810\20260810-R001-49ce74ce_step4_rfw_custom_edgeface-a348c305af33c223b337
geometry,rfw_custom,edgeface-a348c305af33c223b337,pca,pca_32,quadrant_bottom_right,reconstruction_mse,2037,1830,-0.01947804346,0.95,-0.0601617909126,0.0213159556681,500,weighted_rerank,identity-cluster-weighted-rerank-v1,20260810-R001-49ce74ce,C:\ronbun\runs\rfw_custom_20260810\20260810-R001-49ce74ce_step4_rfw_custom_edgeface-a348c305af33c223b337
geometry,rfw_custom,edgeface-a348c305af33c223b337,pca,pca_32,quadrant_bottom_right,cosine_to_origin,2037,1830,0.0195070525567,0.95,-0.0213147066227,0.0601668089154,500,weighted_rerank,identity-cluster-weighted-rerank-v1,20260810-R001-49ce74ce,C:\ronbun\runs\rfw_custom_20260810\20260810-R001-49ce74ce_step4_rfw_custom_edgeface-a348c305af33c223b337
geometry,rfw_custom,edgeface-a348c305af33c223b337,pca,pca_32,left_eye_attention,angular_error_rad,2037,1830,-0.0146162790807,0.95,-0.0587276314928,0.0300142344737,500,weighted_rerank,identity-cluster-weighted-rerank-v1,20260810-R001-49ce74ce,C:\ronbun\runs\rfw_custom_20260810\20260810-R001-49ce74ce_step4_rfw_custom_edgeface-a348c305af33c223b337
geometry,rfw_custom,edgeface-a348c305af33c223b337,pca,pca_32,left_eye_attention,reconstruction_mse,2037,1830,-0.0146545969527,0.95,-0.0587937681946,0.0299358231989,500,weighted_rerank,identity-cluster-weighted-rerank-v1,20260810-R001-49ce74ce,C:\ronbun\runs\rfw_custom_20260810\20260810-R001-49ce74ce_step4_rfw_custom_edgeface-a348c305af33c223b337
geometry,rfw_custom,edgeface-a348c305af33c223b337,pca,pca_32,left_eye_attention,cosine_to_origin,2037,1830,0.0146162790807,0.95,-0.0300142344737,0.0587276314928,500,weighted_rerank,identity-cluster-weighted-rerank-v1,20260810-R001-49ce74ce,C:\ronbun\runs\rfw_custom_20260810\20260810-R001-49ce74ce_step4_rfw_custom_edgeface-a348c305af33c223b337
geometry,rfw_custom,edgeface-a348c305af33c223b337,pca,pca_32,right_eye_attention,angular_error_rad,2037,1830,-0.0031153227533,0.95,-0.0458805307101,0.0467764994075,500,weighted_rerank,identity-cluster-weighted-rerank-v1,20260810-R001-49ce74ce,C:\ronbun\runs\rfw_custom_20260810\20260810-R001-49ce74ce_step4_rfw_custom_edgeface-a348c305af33c223b337
geometry,rfw_custom,edgeface-a348c305af33c223b337,pca,pca_32,right_eye_attention,reconstruction_mse,2037,1830,-0.00310002707231,0.95,-0.0458008087035,0.0468532651416,500,weighted_rerank,identity-cluster-weighted-rerank-v1,20260810-R001-49ce74ce,C:\ronbun\runs\rfw_custom_20260810\20260810-R001-49ce74ce_step4_rfw_custom_edgeface-a348c305af33c223b337
geometry,rfw_custom,edgeface-a348c305af33c223b337,pca,pca_32,right_eye_attention,cosine_to_origin,2037,1830,0.0031153227533,0.95,-0.0467764994075,0.0458805307101,500,weighted_rerank,identity-cluster-weighted-rerank-v1,20260810-R001-49ce74ce,C:\ronbun\runs\rfw_custom_20260810\20260810-R001-49ce74ce_step4_rfw_custom_edgeface-a348c305af33c223b337
geometry,rfw_custom,edgeface-a348c305af33c223b337,pca,pca_32,nose_attention,angular_error_rad,2037,1830,0.00787479455688,0.95,-0.0361078411602,0.0462358114053,500,weighted_rerank,identity-cluster-weighted-rerank-v1,20260810-R001-49ce74ce,C:\ronbun\runs\rfw_custom_20260810\20260810-R001-49ce74ce_step4_rfw_custom_edgeface-a348c305af33c223b337
geometry,rfw_custom,edgeface-a348c305af33c223b337,pca,pca_32,nose_attention,reconstruction_mse,2037,1830,0.00785198650673,0.95,-0.0361225243675,0.046201972836,500,weighted_rerank,identity-cluster-weighted-rerank-v1,20260810-R001-49ce74ce,C:\ronbun\runs\rfw_custom_20260810\20260810-R001-49ce74ce_step4_rfw_custom_edgeface-a348c305af33c223b337
geometry,rfw_custom,edgeface-a348c305af33c223b337,pca,pca_32,nose_attention,cosine_to_origin,2037,1830,-0.00787479455688,0.95,-0.0462358114053,0.0361078411602,500,weighted_rerank,identity-cluster-weighted-rerank-v1,20260810-R001-49ce74ce,C:\ronbun\runs\rfw_custom_20260810\20260810-R001-49ce74ce_step4_rfw_custom_edgeface-a348c305af33c223b337
geometry,rfw_custom,edgeface-a348c305af33c223b337,pca,pca_32,mouth_attention,angular_error_rad,2037,1830,-0.0101883509435,0.95,-0.0508682972204,0.0317854822674,500,weighted_rerank,identity-cluster-weighted-rerank-v1,20260810-R001-49ce74ce,C:\ronbun\runs\rfw_custom_20260810\20260810-R001-49ce74ce_step4_rfw_custom_edgeface-a348c305af33c223b337
geometry,rfw_custom,edgeface-a348c305af33c223b337,pca,pca_32,mouth_attention,reconstruction_mse,2037,1830,-0.010247981856,0.95,-0.050963938319,0.0317337299717,500,weighted_rerank,identity-cluster-weighted-rerank-v1,20260810-R001-49ce74ce,C:\ronbun\runs\rfw_custom_20260810\20260810-R001-49ce74ce_step4_rfw_custom_edgeface-a348c305af33c223b337
geometry,rfw_custom,edgeface-a348c305af33c223b337,pca,pca_32,mouth_attention,cosine_to_origin,2037,1830,0.0101883509435,0.95,-0.0317854822674,0.0508682972204,500,weighted_rerank,identity-cluster-weighted-rerank-v1,20260810-R001-49ce74ce,C:\ronbun\runs\rfw_custom_20260810\20260810-R001-49ce74ce_step4_rfw_custom_edgeface-a348c305af33c223b337
geometry,rfw_custom,edgeface-a348c305af33c223b337,pca,pca_32,left_cheek_attention,angular_error_rad,2031,1825,-0.0112584237458,0.95,-0.0533331986668,0.0366258280337,500,weighted_rerank,identity-cluster-weighted-rerank-v1,20260810-R001-49ce74ce,C:\ronbun\runs\rfw_custom_20260810\20260810-R001-49ce74ce_step4_rfw_custom_edgeface-a348c305af33c223b337
geometry,rfw_custom,edgeface-a348c305af33c223b337,pca,pca_32,left_cheek_attention,reconstruction_mse,2031,1825,-0.0112849596126,0.95,-0.0533616458146,0.0365687561507,500,weighted_rerank,identity-cluster-weighted-rerank-v1,20260810-R001-49ce74ce,C:\ronbun\runs\rfw_custom_20260810\20260810-R001-49ce74ce_step4_rfw_custom_edgeface-a348c305af33c223b337
geometry,rfw_custom,edgeface-a348c305af33c223b337,pca,pca_32,left_cheek_attention,cosine_to_origin,2031,1825,0.0112584237458,0.95,-0.0366258280337,0.0533331986668,500,weighted_rerank,identity-cluster-weighted-rerank-v1,20260810-R001-49ce74ce,C:\ronbun\runs\rfw_custom_20260810\20260810-R001-49ce74ce_step4_rfw_custom_edgeface-a348c305af33c223b337
geometry,rfw_custom,edgeface-a348c305af33c223b337,pca,pca_32,right_cheek_attention,angular_error_rad,2024,1818,-0.0128755663075,0.95,-0.060480133682,0.0305027937937,500,weighted_rerank,identity-cluster-weighted-rerank-v1,20260810-R001-49ce74ce,C:\ronbun\runs\rfw_custom_20260810\20260810-R001-49ce74ce_step4_rfw_custom_edgeface-a348c305af33c223b337
geometry,rfw_custom,edgeface-a348c305af33c223b337,pca,pca_32,right_cheek_attention,reconstruction_mse,2024,1818,-0.0129252076553,0.95,-0.0605498046938,0.0304028838059,500,weighted_rerank,identity-cluster-weighted-rerank-v1,20260810-R001-49ce74ce,C:\ronbun\runs\rfw_custom_20260810\20260810-R001-49ce74ce_step4_rfw_custom_edgeface-a348c305af33c223b337
geometry,rfw_custom,edgeface-a348c305af33c223b337,pca,pca_32,right_cheek_attention,cosine_to_origin,2024,1818,0.0128755663075,0.95,-0.0305027937937,0.060480133682,500,weighted_rerank,identity-cluster-weighted-rerank-v1,20260810-R001-49ce74ce,C:\ronbun\runs\rfw_custom_20260810\20260810-R001-49ce74ce_step4_rfw_custom_edgeface-a348c305af33c223b337
geometry,rfw_custom,edgeface-a348c305af33c223b337,pca,pca_32,jaw_attention,angular_error_rad,2037,1830,-0.0178875897137,0.95,-0.0608305426592,0.0258109941314,500,weighted_rerank,identity-cluster-weighted-rerank-v1,20260810-R001-49ce74ce,C:\ronbun\runs\rfw_custom_20260810\20260810-R001-49ce74ce_step4_rfw_custom_edgeface-a348c305af33c223b337
geometry,rfw_custom,edgeface-a348c305af33c223b337,pca,pca_32,jaw_attention,reconstruction_mse,2037,1830,-0.0179136700336,0.95,-0.0608815518828,0.0257992488653,500,weighted_rerank,identity-cluster-weighted-rerank-v1,20260810-R001-49ce74ce,C:\ronbun\runs\rfw_custom_20260810\20260810-R001-49ce74ce_step4_rfw_custom_edgeface-a348c305af33c223b337
geometry,rfw_custom,edgeface-a348c305af33c223b337,pca,pca_32,jaw_attention,cosine_to_origin,2037,1830,0.0178875897137,0.95,-0.0258109941314,0.0608305426592,500,weighted_rerank,identity-cluster-weighted-rerank-v1,20260810-R001-49ce74ce,C:\ronbun\runs\rfw_custom_20260810\20260810-R001-49ce74ce_step4_rfw_custom_edgeface-a348c305af33c223b337
geometry,rfw_custom,edgeface-a348c305af33c223b337,pca,pca_32,face_attention,angular_error_rad,2037,1830,-0.0105851582422,0.95,-0.0507351162111,0.0309233684642,500,weighted_rerank,identity-cluster-weighted-rerank-v1,20260810-R001-49ce74ce,C:\ronbun\runs\rfw_custom_20260810\20260810-R001-49ce74ce_step4_rfw_custom_edgeface-a348c305af33c223b337
geometry,rfw_custom,edgeface-a348c305af33c223b337,pca,pca_32,face_attention,reconstruction_mse,2037,1830,-0.0106237086566,0.95,-0.0507561026686,0.0308929290635,500,weighted_rerank,identity-cluster-weighted-rerank-v1,20260810-R001-49ce74ce,C:\ronbun\runs\rfw_custom_20260810\20260810-R001-49ce74ce_step4_rfw_custom_edgeface-a348c305af33c223b337
geometry,rfw_custom,edgeface-a348c305af33c223b337,pca,pca_32,face_attention,cosine_to_origin,2037,1830,0.0105851582422,0.95,-0.0309233684642,0.0507351162111,500,weighted_rerank,identity-cluster-weighted-rerank-v1,20260810-R001-49ce74ce,C:\ronbun\runs\rfw_custom_20260810\20260810-R001-49ce74ce_step4_rfw_custom_edgeface-a348c305af33c223b337
geometry,rfw_custom,edgeface-a348c305af33c223b337,pca,pca_32,outside_face_attention,angular_error_rad,2037,1830,0.0105851582422,0.95,-0.0309233684642,0.0507351162111,500,weighted_rerank,identity-cluster-weighted-rerank-v1,20260810-R001-49ce74ce,C:\ronbun\runs\rfw_custom_20260810\20260810-R001-49ce74ce_step4_rfw_custom_edgeface-a348c305af33c223b337
geometry,rfw_custom,edgeface-a348c305af33c223b337,pca,pca_32,outside_face_attention,reconstruction_mse,2037,1830,0.0106237086566,0.95,-0.0308929290635,0.0507561026686,500,weighted_rerank,identity-cluster-weighted-rerank-v1,20260810-R001-49ce74ce,C:\ronbun\runs\rfw_custom_20260810\20260810-R001-49ce74ce_step4_rfw_custom_edgeface-a348c305af33c223b337
geometry,rfw_custom,edgeface-a348c305af33c223b337,pca,pca_32,outside_face_attention,cosine_to_origin,2037,1830,-0.0105851582422,0.95,-0.0507351162111,0.0309233684642,500,weighted_rerank,identity-cluster-weighted-rerank-v1,20260810-R001-49ce74ce,C:\ronbun\runs\rfw_custom_20260810\20260810-R001-49ce74ce_step4_rfw_custom_edgeface-a348c305af33c223b337
geometry,rfw_custom,edgeface-a348c305af33c223b337,pca,pca_32,saliency_entropy,angular_error_rad,2037,1830,0.037241895234,0.95,-0.00878502421452,0.0841274374701,500,weighted_rerank,identity-cluster-weighted-rerank-v1,20260810-R001-49ce74ce,C:\ronbun\runs\rfw_custom_20260810\20260810-R001-49ce74ce_step4_rfw_custom_edgeface-a348c305af33c223b337
geometry,rfw_custom,edgeface-a348c305af33c223b337,pca,pca_32,saliency_entropy,reconstruction_mse,2037,1830,0.0372150053884,0.95,-0.00879093681119,0.0841092748115,500,weighted_rerank,identity-cluster-weighted-rerank-v1,20260810-R001-49ce74ce,C:\ronbun\runs\rfw_custom_20260810\20260810-R001-49ce74ce_step4_rfw_custom_edgeface-a348c305af33c223b337
geometry,rfw_custom,edgeface-a348c305af33c223b337,pca,pca_32,saliency_entropy,cosine_to_origin,2037,1830,-0.037241895234,0.95,-0.0841274374701,0.00878502421452,500,weighted_rerank,identity-cluster-weighted-rerank-v1,20260810-R001-49ce74ce,C:\ronbun\runs\rfw_custom_20260810\20260810-R001-49ce74ce_step4_rfw_custom_edgeface-a348c305af33c223b337
geometry,rfw_custom,edgeface-a348c305af33c223b337,pca,pca_32,maximum_region_concentration,angular_error_rad,2037,1830,0.0247704256187,0.95,-0.0171726875053,0.0703945850478,500,weighted_rerank,identity-cluster-weighted-rerank-v1,20260810-R001-49ce74ce,C:\ronbun\runs\rfw_custom_20260810\20260810-R001-49ce74ce_step4_rfw_custom_edgeface-a348c305af33c223b337
geometry,rfw_custom,edgeface-a348c305af33c223b337,pca,pca_32,maximum_region_concentration,reconstruction_mse,2037,1830,0.0247665965827,0.95,-0.0171472673561,0.0704985381905,500,weighted_rerank,identity-cluster-weighted-rerank-v1,20260810-R001-49ce74ce,C:\ronbun\runs\rfw_custom_20260810\20260810-R001-49ce74ce_step4_rfw_custom_edgeface-a348c305af33c223b337
geometry,rfw_custom,edgeface-a348c305af33c223b337,pca,pca_32,maximum_region_concentration,cosine_to_origin,2037,1830,-0.0247704256187,0.95,-0.0703945850478,0.0171726875053,500,weighted_rerank,identity-cluster-weighted-rerank-v1,20260810-R001-49ce74ce,C:\ronbun\runs\rfw_custom_20260810\20260810-R001-49ce74ce_step4_rfw_custom_edgeface-a348c305af33c223b337
geometry,rfw_custom,edgeface-a348c305af33c223b337,pca,pca_32,left_right_asymmetry,angular_error_rad,2037,1830,0.0356729684041,0.95,-0.00461076421798,0.0847996822155,500,weighted_rerank,identity-cluster-weighted-rerank-v1,20260810-R001-49ce74ce,C:\ronbun\runs\rfw_custom_20260810\20260810-R001-49ce74ce_step4_rfw_custom_edgeface-a348c305af33c223b337
geometry,rfw_custom,edgeface-a348c305af33c223b337,pca,pca_32,left_right_asymmetry,reconstruction_mse,2037,1830,0.0356931954579,0.95,-0.00461222920039,0.0848223982192,500,weighted_rerank,identity-cluster-weighted-rerank-v1,20260810-R001-49ce74ce,C:\ronbun\runs\rfw_custom_20260810\20260810-R001-49ce74ce_step4_rfw_custom_edgeface-a348c305af33c223b337
geometry,rfw_custom,edgeface-a348c305af33c223b337,pca,pca_32,left_right_asymmetry,cosine_to_origin,2037,1830,-0.0356729684041,0.95,-0.0847996822155,0.00461076421798,500,weighted_rerank,identity-cluster-weighted-rerank-v1,20260810-R001-49ce74ce,C:\ronbun\runs\rfw_custom_20260810\20260810-R001-49ce74ce_step4_rfw_custom_edgeface-a348c305af33c223b337
geometry,rfw_custom,edgeface-a348c305af33c223b337,pca,pca_32,saliency_center_x,angular_error_rad,2037,1830,0.00372547760857,0.95,-0.0404227974569,0.0487985949097,500,weighted_rerank,identity-cluster-weighted-rerank-v1,20260810-R001-49ce74ce,C:\ronbun\runs\rfw_custom_20260810\20260810-R001-49ce74ce_step4_rfw_custom_edgeface-a348c305af33c223b337
geometry,rfw_custom,edgeface-a348c305af33c223b337,pca,pca_32,saliency_center_x,reconstruction_mse,2037,1830,0.0037210955865,0.95,-0.0404535119491,0.0488208744354,500,weighted_rerank,identity-cluster-weighted-rerank-v1,20260810-R001-49ce74ce,C:\ronbun\runs\rfw_custom_20260810\20260810-R001-49ce74ce_step4_rfw_custom_edgeface-a348c305af33c223b337
geometry,rfw_custom,edgeface-a348c305af33c223b337,pca,pca_32,saliency_center_x,cosine_to_origin,2037,1830,-0.00372547760857,0.95,-0.0487985949097,0.0404227974569,500,weighted_rerank,identity-cluster-weighted-rerank-v1,20260810-R001-49ce74ce,C:\ronbun\runs\rfw_custom_20260810\20260810-R001-49ce74ce_step4_rfw_custom_edgeface-a348c305af33c223b337
geometry,rfw_custom,edgeface-a348c305af33c223b337,pca,pca_32,saliency_center_y,angular_error_rad,2037,1830,-0.0283187974298,0.95,-0.0667832890073,0.0137384940681,500,weighted_rerank,identity-cluster-weighted-rerank-v1,20260810-R001-49ce74ce,C:\ronbun\runs\rfw_custom_20260810\20260810-R001-49ce74ce_step4_rfw_custom_edgeface-a348c305af33c223b337
geometry,rfw_custom,edgeface-a348c305af33c223b337,pca,pca_32,saliency_center_y,reconstruction_mse,2037,1830,-0.0283166365881,0.95,-0.0667935985528,0.0137649840746,500,weighted_rerank,identity-cluster-weighted-rerank-v1,20260810-R001-49ce74ce,C:\ronbun\runs\rfw_custom_20260810\20260810-R001-49ce74ce_step4_rfw_custom_edgeface-a348c305af33c223b337
geometry,rfw_custom,edgeface-a348c305af33c223b337,pca,pca_32,saliency_center_y,cosine_to_origin,2037,1830,0.0283187974298,0.95,-0.0137384940681,0.0667832890073,500,weighted_rerank,identity-cluster-weighted-rerank-v1,20260810-R001-49ce74ce,C:\ronbun\runs\rfw_custom_20260810\20260810-R001-49ce74ce_step4_rfw_custom_edgeface-a348c305af33c223b337
geometry,rfw_custom,edgeface-a348c305af33c223b337,pca,pca_32,saliency_spread,angular_error_rad,2037,1830,0.00226689774854,0.95,-0.0401059856289,0.0450856060685,500,weighted_rerank,identity-cluster-weighted-rerank-v1,20260810-R001-49ce74ce,C:\ronbun\runs\rfw_custom_20260810\20260810-R001-49ce74ce_step4_rfw_custom_edgeface-a348c305af33c223b337
geometry,rfw_custom,edgeface-a348c305af33c223b337,pca,pca_32,saliency_spread,reconstruction_mse,2037,1830,0.00231440361568,0.95,-0.0400299965442,0.0450820343225,500,weighted_rerank,identity-cluster-weighted-rerank-v1,20260810-R001-49ce74ce,C:\ronbun\runs\rfw_custom_20260810\20260810-R001-49ce74ce_step4_rfw_custom_edgeface-a348c305af33c223b337
geometry,rfw_custom,edgeface-a348c305af33c223b337,pca,pca_32,saliency_spread,cosine_to_origin,2037,1830,-0.00226689774854,0.95,-0.0450856060685,0.0401059856289,500,weighted_rerank,identity-cluster-weighted-rerank-v1,20260810-R001-49ce74ce,C:\ronbun\runs\rfw_custom_20260810\20260810-R001-49ce74ce_step4_rfw_custom_edgeface-a348c305af33c223b337
geometry,rfw_custom,edgeface-a348c305af33c223b337,pca,pca_384,quadrant_top_left,angular_error_rad,2037,1830,-0.027632811042,0.95,-0.0698438114338,0.0188953112982,500,weighted_rerank,identity-cluster-weighted-rerank-v1,20260810-R001-49ce74ce,C:\ronbun\runs\rfw_custom_20260810\20260810-R001-49ce74ce_step4_rfw_custom_edgeface-a348c305af33c223b337
geometry,rfw_custom,edgeface-a348c305af33c223b337,pca,pca_384,quadrant_top_left,reconstruction_mse,2037,1830,-0.00416721771604,0.95,-0.0431500731766,0.0366698230333,500,weighted_rerank,identity-cluster-weighted-rerank-v1,20260810-R001-49ce74ce,C:\ronbun\runs\rfw_custom_20260810\20260810-R001-49ce74ce_step4_rfw_custom_edgeface-a348c305af33c223b337
geometry,rfw_custom,edgeface-a348c305af33c223b337,pca,pca_384,quadrant_top_left,cosine_to_origin,2037,1830,0.027632811042,0.95,-0.0188953112982,0.0698438114338,500,weighted_rerank,identity-cluster-weighted-rerank-v1,20260810-R001-49ce74ce,C:\ronbun\runs\rfw_custom_20260810\20260810-R001-49ce74ce_step4_rfw_custom_edgeface-a348c305af33c223b337
geometry,rfw_custom,edgeface-a348c305af33c223b337,pca,pca_384,quadrant_top_right,angular_error_rad,2037,1830,-0.0321711053744,0.95,-0.0808241402094,0.0132982334517,500,weighted_rerank,identity-cluster-weighted-rerank-v1,20260810-R001-49ce74ce,C:\ronbun\runs\rfw_custom_20260810\20260810-R001-49ce74ce_step4_rfw_custom_edgeface-a348c305af33c223b337
geometry,rfw_custom,edgeface-a348c305af33c223b337,pca,pca_384,quadrant_top_right,reconstruction_mse,2037,1830,-0.0181780015723,0.95,-0.0620280513158,0.0270163201207,500,weighted_rerank,identity-cluster-weighted-rerank-v1,20260810-R001-49ce74ce,C:\ronbun\runs\rfw_custom_20260810\20260810-R001-49ce74ce_step4_rfw_custom_edgeface-a348c305af33c223b337
geometry,rfw_custom,edgeface-a348c305af33c223b337,pca,pca_384,quadrant_top_right,cosine_to_origin,2037,1830,0.0321711053744,0.95,-0.0132982334517,0.0808241402094,500,weighted_rerank,identity-cluster-weighted-rerank-v1,20260810-R001-49ce74ce,C:\ronbun\runs\rfw_custom_20260810\20260810-R001-49ce74ce_step4_rfw_custom_edgeface-a348c305af33c223b337
geometry,rfw_custom,edgeface-a348c305af33c223b337,pca,pca_384,quadrant_bottom_left,angular_error_rad,2037,1830,0.0380438850828,0.95,-0.00904823810029,0.0838631263232,500,weighted_rerank,identity-cluster-weighted-rerank-v1,20260810-R001-49ce74ce,C:\ronbun\runs\rfw_custom_20260810\20260810-R001-49ce74ce_step4_rfw_custom_edgeface-a348c305af33c223b337
geometry,rfw_custom,edgeface-a348c305af33c223b337,pca,pca_384,quadrant_bottom_left,reconstruction_mse,2037,1830,0.00772958830875,0.95,-0.036545762463,0.0458955708283,500,weighted_rerank,identity-cluster-weighted-rerank-v1,20260810-R001-49ce74ce,C:\ronbun\runs\rfw_custom_20260810\20260810-R001-49ce74ce_step4_rfw_custom_edgeface-a348c305af33c223b337
geometry,rfw_custom,edgeface-a348c305af33c223b337,pca,pca_384,quadrant_bottom_left,cosine_to_origin,2037,1830,-0.0380438850828,0.95,-0.0838631263232,0.00904823810029,500,weighted_rerank,identity-cluster-weighted-rerank-v1,20260810-R001-49ce74ce,C:\ronbun\runs\rfw_custom_20260810\20260810-R001-49ce74ce_step4_rfw_custom_edgeface-a348c305af33c223b337
geometry,rfw_custom,edgeface-a348c305af33c223b337,pca,pca_384,quadrant_bottom_right,angular_error_rad,2037,1830,-0.0227970715667,0.95,-0.0690874301248,0.0220762973534,500,weighted_rerank,identity-cluster-weighted-rerank-v1,20260810-R001-49ce74ce,C:\ronbun\runs\rfw_custom_20260810\20260810-R001-49ce74ce_step4_rfw_custom_edgeface-a348c305af33c223b337
geometry,rfw_custom,edgeface-a348c305af33c223b337,pca,pca_384,quadrant_bottom_right,reconstruction_mse,2037,1830,-0.0106177099181,0.95,-0.0555970352285,0.031687232996,500,weighted_rerank,identity-cluster-weighted-rerank-v1,20260810-R001-49ce74ce,C:\ronbun\runs\rfw_custom_20260810\20260810-R001-49ce74ce_step4_rfw_custom_edgeface-a348c305af33c223b337
geometry,rfw_custom,edgeface-a348c305af33c223b337,pca,pca_384,quadrant_bottom_right,cosine_to_origin,2037,1830,0.0227970715667,0.95,-0.0220762973534,0.0690874301248,500,weighted_rerank,identity-cluster-weighted-rerank-v1,20260810-R001-49ce74ce,C:\ronbun\runs\rfw_custom_20260810\20260810-R001-49ce74ce_step4_rfw_custom_edgeface-a348c305af33c223b337
geometry,rfw_custom,edgeface-a348c305af33c223b337,pca,pca_384,left_eye_attention,angular_error_rad,2037,1830,-0.0231223523752,0.95,-0.0693623993954,0.0179060415876,500,weighted_rerank,identity-cluster-weighted-rerank-v1,20260810-R001-49ce74ce,C:\ronbun\runs\rfw_custom_20260810\20260810-R001-49ce74ce_step4_rfw_custom_edgeface-a348c305af33c223b337
geometry,rfw_custom,edgeface-a348c305af33c223b337,pca,pca_384,left_eye_attention,reconstruction_mse,2037,1830,-0.0401410711166,0.95,-0.0820139913644,0.00362579254947,500,weighted_rerank,identity-cluster-weighted-rerank-v1,20260810-R001-49ce74ce,C:\ronbun\runs\rfw_custom_20260810\20260810-R001-49ce74ce_step4_rfw_custom_edgeface-a348c305af33c223b337
geometry,rfw_custom,edgeface-a348c305af33c223b337,pca,pca_384,left_eye_attention,cosine_to_origin,2037,1830,0.0231223523752,0.95,-0.0179060415876,0.0693623993954,500,weighted_rerank,identity-cluster-weighted-rerank-v1,20260810-R001-49ce74ce,C:\ronbun\runs\rfw_custom_20260810\20260810-R001-49ce74ce_step4_rfw_custom_edgeface-a348c305af33c223b337
geometry,rfw_custom,edgeface-a348c305af33c223b337,pca,pca_384,right_eye_attention,angular_error_rad,2037,1830,-0.0295416548645,0.95,-0.0747354329961,0.0126774684705,500,weighted_rerank,identity-cluster-weighted-rerank-v1,20260810-R001-49ce74ce,C:\ronbun\runs\rfw_custom_20260810\20260810-R001-49ce74ce_step4_rfw_custom_edgeface-a348c305af33c223b337
geometry,rfw_custom,edgeface-a348c305af33c223b337,pca,pca_384,right_eye_attention,reconstruction_mse,2037,1830,-0.0434200595155,0.95,-0.0857806430428,-0.000910348927691,500,weighted_rerank,identity-cluster-weighted-rerank-v1,20260810-R001-49ce74ce,C:\ronbun\runs\rfw_custom_20260810\20260810-R001-49ce74ce_step4_rfw_custom_edgeface-a348c305af33c223b337
geometry,rfw_custom,edgeface-a348c305af33c223b337,pca,pca_384,right_eye_attention,cosine_to_origin,2037,1830,0.0295416548645,0.95,-0.0126774684705,0.0747354329961,500,weighted_rerank,identity-cluster-weighted-rerank-v1,20260810-R001-49ce74ce,C:\ronbun\runs\rfw_custom_20260810\20260810-R001-49ce74ce_step4_rfw_custom_edgeface-a348c305af33c223b337
geometry,rfw_custom,edgeface-a348c305af33c223b337,pca,pca_384,nose_attention,angular_error_rad,2037,1830,0.0238405534322,0.95,-0.0214012122647,0.0683442005496,500,weighted_rerank,identity-cluster-weighted-rerank-v1,20260810-R001-49ce74ce,C:\ronbun\runs\rfw_custom_20260810\20260810-R001-49ce74ce_step4_rfw_custom_edgeface-a348c305af33c223b337
geometry,rfw_custom,edgeface-a348c305af33c223b337,pca,pca_384,nose_attention,reconstruction_mse,2037,1830,-0.00930187498833,0.95,-0.0522086878749,0.0310934583219,500,weighted_rerank,identity-cluster-weighted-rerank-v1,20260810-R001-49ce74ce,C:\ronbun\runs\rfw_custom_20260810\20260810-R001-49ce74ce_step4_rfw_custom_edgeface-a348c305af33c223b337
geometry,rfw_custom,edgeface-a348c305af33c223b337,pca,pca_384,nose_attention,cosine_to_origin,2037,1830,-0.0238405534322,0.95,-0.0683442005496,0.0214012122647,500,weighted_rerank,identity-cluster-weighted-rerank-v1,20260810-R001-49ce74ce,C:\ronbun\runs\rfw_custom_20260810\20260810-R001-49ce74ce_step4_rfw_custom_edgeface-a348c305af33c223b337
geometry,rfw_custom,edgeface-a348c305af33c223b337,pca,pca_384,mouth_attention,angular_error_rad,2037,1830,-0.0158799530821,0.95,-0.0609213984418,0.0267222926266,500,weighted_rerank,identity-cluster-weighted-rerank-v1,20260810-R001-49ce74ce,C:\ronbun\runs\rfw_custom_20260810\20260810-R001-49ce74ce_step4_rfw_custom_edgeface-a348c305af33c223b337
geometry,rfw_custom,edgeface-a348c305af33c223b337,pca,pca_384,mouth_attention,reconstruction_mse,2037,1830,-0.03618190911,0.95,-0.0788461141847,0.0097048332164,500,weighted_rerank,identity-cluster-weighted-rerank-v1,20260810-R001-49ce74ce,C:\ronbun\runs\rfw_custom_20260810\20260810-R001-49ce74ce_step4_rfw_custom_edgeface-a348c305af33c223b337
geometry,rfw_custom,edgeface-a348c305af33c223b337,pca,pca_384,mouth_attention,cosine_to_origin,2037,1830,0.0158799530821,0.95,-0.0267222926266,0.0609213984418,500,weighted_rerank,identity-cluster-weighted-rerank-v1,20260810-R001-49ce74ce,C:\ronbun\runs\rfw_custom_20260810\20260810-R001-49ce74ce_step4_rfw_custom_edgeface-a348c305af33c223b337
geometry,rfw_custom,edgeface-a348c305af33c223b337,pca,pca_384,left_cheek_attention,angular_error_rad,2031,1825,0.00332022767449,0.95,-0.0455775134877,0.0532926132924,500,weighted_rerank,identity-cluster-weighted-rerank-v1,20260810-R001-49ce74ce,C:\ronbun\runs\rfw_custom_20260810\20260810-R001-49ce74ce_step4_rfw_custom_edgeface-a348c305af33c223b337
geometry,rfw_custom,edgeface-a348c305af33c223b337,pca,pca_384,left_cheek_attention,reconstruction_mse,2031,1825,-0.0202672645047,0.95,-0.0659053817775,0.0238234705997,500,weighted_rerank,identity-cluster-weighted-rerank-v1,20260810-R001-49ce74ce,C:\ronbun\runs\rfw_custom_20260810\20260810-R001-49ce74ce_step4_rfw_custom_edgeface-a348c305af33c223b337
geometry,rfw_custom,edgeface-a348c305af33c223b337,pca,pca_384,left_cheek_attention,cosine_to_origin,2031,1825,-0.00332022767449,0.95,-0.0532926132924,0.0455775134877,500,weighted_rerank,identity-cluster-weighted-rerank-v1,20260810-R001-49ce74ce,C:\ronbun\runs\rfw_custom_20260810\20260810-R001-49ce74ce_step4_rfw_custom_edgeface-a348c305af33c223b337
geometry,rfw_custom,edgeface-a348c305af33c223b337,pca,pca_384,right_cheek_attention,angular_error_rad,2024,1818,-0.0109746000227,0.95,-0.0556587722048,0.0342053906019,500,weighted_rerank,identity-cluster-weighted-rerank-v1,20260810-R001-49ce74ce,C:\ronbun\runs\rfw_custom_20260810\20260810-R001-49ce74ce_step4_rfw_custom_edgeface-a348c305af33c223b337
geometry,rfw_custom,edgeface-a348c305af33c223b337,pca,pca_384,right_cheek_attention,reconstruction_mse,2024,1818,0.00427306784913,0.95,-0.0382100676558,0.0502639834265,500,weighted_rerank,identity-cluster-weighted-rerank-v1,20260810-R001-49ce74ce,C:\ronbun\runs\rfw_custom_20260810\20260810-R001-49ce74ce_step4_rfw_custom_edgeface-a348c305af33c223b337
geometry,rfw_custom,edgeface-a348c305af33c223b337,pca,pca_384,right_cheek_attention,cosine_to_origin,2024,1818,0.0109746000227,0.95,-0.0342053906019,0.0556587722048,500,weighted_rerank,identity-cluster-weighted-rerank-v1,20260810-R001-49ce74ce,C:\ronbun\runs\rfw_custom_20260810\20260810-R001-49ce74ce_step4_rfw_custom_edgeface-a348c305af33c223b337
geometry,rfw_custom,edgeface-a348c305af33c223b337,pca,pca_384,jaw_attention,angular_error_rad,2037,1830,-0.0282903054561,0.95,-0.0681080681347,0.0127851364454,500,weighted_rerank,identity-cluster-weighted-rerank-v1,20260810-R001-49ce74ce,C:\ronbun\runs\rfw_custom_20260810\20260810-R001-49ce74ce_step4_rfw_custom_edgeface-a348c305af33c223b337
geometry,rfw_custom,edgeface-a348c305af33c223b337,pca,pca_384,jaw_attention,reconstruction_mse,2037,1830,-0.0413679561205,0.95,-0.0840927837336,0.00221535390434,500,weighted_rerank,identity-cluster-weighted-rerank-v1,20260810-R001-49ce74ce,C:\ronbun\runs\rfw_custom_20260810\20260810-R001-49ce74ce_step4_rfw_custom_edgeface-a348c305af33c223b337
geometry,rfw_custom,edgeface-a348c305af33c223b337,pca,pca_384,jaw_attention,cosine_to_origin,2037,1830,0.0282903054561,0.95,-0.0127851364454,0.0681080681347,500,weighted_rerank,identity-cluster-weighted-rerank-v1,20260810-R001-49ce74ce,C:\ronbun\runs\rfw_custom_20260810\20260810-R001-49ce74ce_step4_rfw_custom_edgeface-a348c305af33c223b337
geometry,rfw_custom,edgeface-a348c305af33c223b337,pca,pca_384,face_attention,angular_error_rad,2037,1830,0.0102735468653,0.95,-0.0336890809525,0.0541597394084,500,weighted_rerank,identity-cluster-weighted-rerank-v1,20260810-R001-49ce74ce,C:\ronbun\runs\rfw_custom_20260810\20260810-R001-49ce74ce_step4_rfw_custom_edgeface-a348c305af33c223b337
geometry,rfw_custom,edgeface-a348c305af33c223b337,pca,pca_384,face_attention,reconstruction_mse,2037,1830,-0.0230971237801,0.95,-0.0638998739595,0.0131768092671,500,weighted_rerank,identity-cluster-weighted-rerank-v1,20260810-R001-49ce74ce,C:\ronbun\runs\rfw_custom_20260810\20260810-R001-49ce74ce_step4_rfw_custom_edgeface-a348c305af33c223b337
geometry,rfw_custom,edgeface-a348c305af33c223b337,pca,pca_384,face_attention,cosine_to_origin,2037,1830,-0.0102735468653,0.95,-0.0541597394084,0.0336890809525,500,weighted_rerank,identity-cluster-weighted-rerank-v1,20260810-R001-49ce74ce,C:\ronbun\runs\rfw_custom_20260810\20260810-R001-49ce74ce_step4_rfw_custom_edgeface-a348c305af33c223b337
geometry,rfw_custom,edgeface-a348c305af33c223b337,pca,pca_384,outside_face_attention,angular_error_rad,2037,1830,-0.0102735468653,0.95,-0.0541597394084,0.0336890809525,500,weighted_rerank,identity-cluster-weighted-rerank-v1,20260810-R001-49ce74ce,C:\ronbun\runs\rfw_custom_20260810\20260810-R001-49ce74ce_step4_rfw_custom_edgeface-a348c305af33c223b337
geometry,rfw_custom,edgeface-a348c305af33c223b337,pca,pca_384,outside_face_attention,reconstruction_mse,2037,1830,0.0230971237801,0.95,-0.0131768092671,0.0638998739595,500,weighted_rerank,identity-cluster-weighted-rerank-v1,20260810-R001-49ce74ce,C:\ronbun\runs\rfw_custom_20260810\20260810-R001-49ce74ce_step4_rfw_custom_edgeface-a348c305af33c223b337
geometry,rfw_custom,edgeface-a348c305af33c223b337,pca,pca_384,outside_face_attention,cosine_to_origin,2037,1830,0.0102735468653,0.95,-0.0336890809525,0.0541597394084,500,weighted_rerank,identity-cluster-weighted-rerank-v1,20260810-R001-49ce74ce,C:\ronbun\runs\rfw_custom_20260810\20260810-R001-49ce74ce_step4_rfw_custom_edgeface-a348c305af33c223b337
geometry,rfw_custom,edgeface-a348c305af33c223b337,pca,pca_384,saliency_entropy,angular_error_rad,2037,1830,-0.0487638203257,0.95,-0.0932673692773,-0.00205880578056,500,weighted_rerank,identity-cluster-weighted-rerank-v1,20260810-R001-49ce74ce,C:\ronbun\runs\rfw_custom_20260810\20260810-R001-49ce74ce_step4_rfw_custom_edgeface-a348c305af33c223b337
geometry,rfw_custom,edgeface-a348c305af33c223b337,pca,pca_384,saliency_entropy,reconstruction_mse,2037,1830,-0.0347403246634,0.95,-0.0802796761494,0.0121401777555,500,weighted_rerank,identity-cluster-weighted-rerank-v1,20260810-R001-49ce74ce,C:\ronbun\runs\rfw_custom_20260810\20260810-R001-49ce74ce_step4_rfw_custom_edgeface-a348c305af33c223b337
geometry,rfw_custom,edgeface-a348c305af33c223b337,pca,pca_384,saliency_entropy,cosine_to_origin,2037,1830,0.0487638203257,0.95,0.00205880578056,0.0932673692773,500,weighted_rerank,identity-cluster-weighted-rerank-v1,20260810-R001-49ce74ce,C:\ronbun\runs\rfw_custom_20260810\20260810-R001-49ce74ce_step4_rfw_custom_edgeface-a348c305af33c223b337
geometry,rfw_custom,edgeface-a348c305af33c223b337,pca,pca_384,maximum_region_concentration,angular_error_rad,2037,1830,0.0542279561776,0.95,0.0129268001254,0.101153809458,500,weighted_rerank,identity-cluster-weighted-rerank-v1,20260810-R001-49ce74ce,C:\ronbun\runs\rfw_custom_20260810\20260810-R001-49ce74ce_step4_rfw_custom_edgeface-a348c305af33c223b337
geometry,rfw_custom,edgeface-a348c305af33c223b337,pca,pca_384,maximum_region_concentration,reconstruction_mse,2037,1830,0.057511511389,0.95,0.0138867789961,0.10114237652,500,weighted_rerank,identity-cluster-weighted-rerank-v1,20260810-R001-49ce74ce,C:\ronbun\runs\rfw_custom_20260810\20260810-R001-49ce74ce_step4_rfw_custom_edgeface-a348c305af33c223b337
geometry,rfw_custom,edgeface-a348c305af33c223b337,pca,pca_384,maximum_region_concentration,cosine_to_origin,2037,1830,-0.0542279561776,0.95,-0.101153809458,-0.0129268001254,500,weighted_rerank,identity-cluster-weighted-rerank-v1,20260810-R001-49ce74ce,C:\ronbun\runs\rfw_custom_20260810\20260810-R001-49ce74ce_step4_rfw_custom_edgeface-a348c305af33c223b337
geometry,rfw_custom,edgeface-a348c305af33c223b337,pca,pca_384,left_right_asymmetry,angular_error_rad,2037,1830,0.0343614082855,0.95,-0.00910126317549,0.0797968135934,500,weighted_rerank,identity-cluster-weighted-rerank-v1,20260810-R001-49ce74ce,C:\ronbun\runs\rfw_custom_20260810\20260810-R001-49ce74ce_step4_rfw_custom_edgeface-a348c305af33c223b337
geometry,rfw_custom,edgeface-a348c305af33c223b337,pca,pca_384,left_right_asymmetry,reconstruction_mse,2037,1830,0.0506724567578,0.95,0.00820332308711,0.0930447925761,500,weighted_rerank,identity-cluster-weighted-rerank-v1,20260810-R001-49ce74ce,C:\ronbun\runs\rfw_custom_20260810\20260810-R001-49ce74ce_step4_rfw_custom_edgeface-a348c305af33c223b337
geometry,rfw_custom,edgeface-a348c305af33c223b337,pca,pca_384,left_right_asymmetry,cosine_to_origin,2037,1830,-0.0343614082855,0.95,-0.0797968135934,0.00910126317549,500,weighted_rerank,identity-cluster-weighted-rerank-v1,20260810-R001-49ce74ce,C:\ronbun\runs\rfw_custom_20260810\20260810-R001-49ce74ce_step4_rfw_custom_edgeface-a348c305af33c223b337
geometry,rfw_custom,edgeface-a348c305af33c223b337,pca,pca_384,saliency_center_x,angular_error_rad,2037,1830,0.0129809201938,0.95,-0.0295585500043,0.0577384642549,500,weighted_rerank,identity-cluster-weighted-rerank-v1,20260810-R001-49ce74ce,C:\ronbun\runs\rfw_custom_20260810\20260810-R001-49ce74ce_step4_rfw_custom_edgeface-a348c305af33c223b337
geometry,rfw_custom,edgeface-a348c305af33c223b337,pca,pca_384,saliency_center_x,reconstruction_mse,2037,1830,-0.0343475646101,0.95,-0.0793903433798,0.00828948304873,500,weighted_rerank,identity-cluster-weighted-rerank-v1,20260810-R001-49ce74ce,C:\ronbun\runs\rfw_custom_20260810\20260810-R001-49ce74ce_step4_rfw_custom_edgeface-a348c305af33c223b337
geometry,rfw_custom,edgeface-a348c305af33c223b337,pca,pca_384,saliency_center_x,cosine_to_origin,2037,1830,-0.0129809201938,0.95,-0.0577384642549,0.0295585500043,500,weighted_rerank,identity-cluster-weighted-rerank-v1,20260810-R001-49ce74ce,C:\ronbun\runs\rfw_custom_20260810\20260810-R001-49ce74ce_step4_rfw_custom_edgeface-a348c305af33c223b337
geometry,rfw_custom,edgeface-a348c305af33c223b337,pca,pca_384,saliency_center_y,angular_error_rad,2037,1830,0.0265593116868,0.95,-0.0211310098901,0.0732589865893,500,weighted_rerank,identity-cluster-weighted-rerank-v1,20260810-R001-49ce74ce,C:\ronbun\runs\rfw_custom_20260810\20260810-R001-49ce74ce_step4_rfw_custom_edgeface-a348c305af33c223b337
geometry,rfw_custom,edgeface-a348c305af33c223b337,pca,pca_384,saliency_center_y,reconstruction_mse,2037,1830,0.00625150759353,0.95,-0.0367894319492,0.046553707053,500,weighted_rerank,identity-cluster-weighted-rerank-v1,20260810-R001-49ce74ce,C:\ronbun\runs\rfw_custom_20260810\20260810-R001-49ce74ce_step4_rfw_custom_edgeface-a348c305af33c223b337
geometry,rfw_custom,edgeface-a348c305af33c223b337,pca,pca_384,saliency_center_y,cosine_to_origin,2037,1830,-0.0265593116868,0.95,-0.0732589865893,0.0211310098901,500,weighted_rerank,identity-cluster-weighted-rerank-v1,20260810-R001-49ce74ce,C:\ronbun\runs\rfw_custom_20260810\20260810-R001-49ce74ce_step4_rfw_custom_edgeface-a348c305af33c223b337
geometry,rfw_custom,edgeface-a348c305af33c223b337,pca,pca_384,saliency_spread,angular_error_rad,2037,1830,-0.0336403301871,0.95,-0.0767126352731,0.00756516131576,500,weighted_rerank,identity-cluster-weighted-rerank-v1,20260810-R001-49ce74ce,C:\ronbun\runs\rfw_custom_20260810\20260810-R001-49ce74ce_step4_rfw_custom_edgeface-a348c305af33c223b337
geometry,rfw_custom,edgeface-a348c305af33c223b337,pca,pca_384,saliency_spread,reconstruction_mse,2037,1830,-0.0326876980959,0.95,-0.0722435829077,0.010874633183,500,weighted_rerank,identity-cluster-weighted-rerank-v1,20260810-R001-49ce74ce,C:\ronbun\runs\rfw_custom_20260810\20260810-R001-49ce74ce_step4_rfw_custom_edgeface-a348c305af33c223b337
geometry,rfw_custom,edgeface-a348c305af33c223b337,pca,pca_384,saliency_spread,cosine_to_origin,2037,1830,0.0336403301871,0.95,-0.00756516131576,0.0767126352731,500,weighted_rerank,identity-cluster-weighted-rerank-v1,20260810-R001-49ce74ce,C:\ronbun\runs\rfw_custom_20260810\20260810-R001-49ce74ce_step4_rfw_custom_edgeface-a348c305af33c223b337
geometry,rfw_custom,edgeface-a348c305af33c223b337,pca,pca_64,quadrant_top_left,angular_error_rad,2037,1830,-0.00766481404485,0.95,-0.0539469777844,0.0379996548842,500,weighted_rerank,identity-cluster-weighted-rerank-v1,20260810-R001-49ce74ce,C:\ronbun\runs\rfw_custom_20260810\20260810-R001-49ce74ce_step4_rfw_custom_edgeface-a348c305af33c223b337
geometry,rfw_custom,edgeface-a348c305af33c223b337,pca,pca_64,quadrant_top_left,reconstruction_mse,2037,1830,-0.00765644881765,0.95,-0.0539271634393,0.037993659214,500,weighted_rerank,identity-cluster-weighted-rerank-v1,20260810-R001-49ce74ce,C:\ronbun\runs\rfw_custom_20260810\20260810-R001-49ce74ce_step4_rfw_custom_edgeface-a348c305af33c223b337
geometry,rfw_custom,edgeface-a348c305af33c223b337,pca,pca_64,quadrant_top_left,cosine_to_origin,2037,1830,0.00766481404485,0.95,-0.0379996548842,0.0539469777844,500,weighted_rerank,identity-cluster-weighted-rerank-v1,20260810-R001-49ce74ce,C:\ronbun\runs\rfw_custom_20260810\20260810-R001-49ce74ce_step4_rfw_custom_edgeface-a348c305af33c223b337
geometry,rfw_custom,edgeface-a348c305af33c223b337,pca,pca_64,quadrant_top_right,angular_error_rad,2037,1830,0.0197899375152,0.95,-0.0203238962135,0.0663291723186,500,weighted_rerank,identity-cluster-weighted-rerank-v1,20260810-R001-49ce74ce,C:\ronbun\runs\rfw_custom_20260810\20260810-R001-49ce74ce_step4_rfw_custom_edgeface-a348c305af33c223b337
geometry,rfw_custom,edgeface-a348c305af33c223b337,pca,pca_64,quadrant_top_right,reconstruction_mse,2037,1830,0.0197730453534,0.95,-0.0203336393159,0.0663186749677,500,weighted_rerank,identity-cluster-weighted-rerank-v1,20260810-R001-49ce74ce,C:\ronbun\runs\rfw_custom_20260810\20260810-R001-49ce74ce_step4_rfw_custom_edgeface-a348c305af33c223b337
geometry,rfw_custom,edgeface-a348c305af33c223b337,pca,pca_64,quadrant_top_right,cosine_to_origin,2037,1830,-0.0197899375152,0.95,-0.0663291723186,0.0203238962135,500,weighted_rerank,identity-cluster-weighted-rerank-v1,20260810-R001-49ce74ce,C:\ronbun\runs\rfw_custom_20260810\20260810-R001-49ce74ce_step4_rfw_custom_edgeface-a348c305af33c223b337
geometry,rfw_custom,edgeface-a348c305af33c223b337,pca,pca_64,quadrant_bottom_left,angular_error_rad,2037,1830,-0.00715910993713,0.95,-0.0521577391864,0.0324064574319,500,weighted_rerank,identity-cluster-weighted-rerank-v1,20260810-R001-49ce74ce,C:\ronbun\runs\rfw_custom_20260810\20260810-R001-49ce74ce_step4_rfw_custom_edgeface-a348c305af33c223b337
geometry,rfw_custom,edgeface-a348c305af33c223b337,pca,pca_64,quadrant_bottom_left,reconstruction_mse,2037,1830,-0.00715329888484,0.95,-0.0521564277093,0.0324268133465,500,weighted_rerank,identity-cluster-weighted-rerank-v1,20260810-R001-49ce74ce,C:\ronbun\runs\rfw_custom_20260810\20260810-R001-49ce74ce_step4_rfw_custom_edgeface-a348c305af33c223b337
geometry,rfw_custom,edgeface-a348c305af33c223b337,pca,pca_64,quadrant_bottom_left,cosine_to_origin,2037,1830,0.00715910993713,0.95,-0.0324064574319,0.0521577391864,500,weighted_rerank,identity-cluster-weighted-rerank-v1,20260810-R001-49ce74ce,C:\ronbun\runs\rfw_custom_20260810\20260810-R001-49ce74ce_step4_rfw_custom_edgeface-a348c305af33c223b337
geometry,rfw_custom,edgeface-a348c305af33c223b337,pca,pca_64,quadrant_bottom_right,angular_error_rad,2037,1830,-0.0142240333918,0.95,-0.0612616685421,0.0272313682704,500,weighted_rerank,identity-cluster-weighted-rerank-v1,20260810-R001-49ce74ce,C:\ronbun\runs\rfw_custom_20260810\20260810-R001-49ce74ce_step4_rfw_custom_edgeface-a348c305af33c223b337
geometry,rfw_custom,edgeface-a348c305af33c223b337,pca,pca_64,quadrant_bottom_right,reconstruction_mse,2037,1830,-0.0142221542572,0.95,-0.0612643696684,0.0272552977047,500,weighted_rerank,identity-cluster-weighted-rerank-v1,20260810-R001-49ce74ce,C:\ronbun\runs\rfw_custom_20260810\20260810-R001-49ce74ce_step4_rfw_custom_edgeface-a348c305af33c223b337
geometry,rfw_custom,edgeface-a348c305af33c223b337,pca,pca_64,quadrant_bottom_right,cosine_to_origin,2037,1830,0.0142240333918,0.95,-0.0272313682704,0.0612616685421,500,weighted_rerank,identity-cluster-weighted-rerank-v1,20260810-R001-49ce74ce,C:\ronbun\runs\rfw_custom_20260810\20260810-R001-49ce74ce_step4_rfw_custom_edgeface-a348c305af33c223b337
geometry,rfw_custom,edgeface-a348c305af33c223b337,pca,pca_64,left_eye_attention,angular_error_rad,2037,1830,-0.0148770555377,0.95,-0.0595379503366,0.028883499881,500,weighted_rerank,identity-cluster-weighted-rerank-v1,20260810-R001-49ce74ce,C:\ronbun\runs\rfw_custom_20260810\20260810-R001-49ce74ce_step4_rfw_custom_edgeface-a348c305af33c223b337
geometry,rfw_custom,edgeface-a348c305af33c223b337,pca,pca_64,left_eye_attention,reconstruction_mse,2037,1830,-0.0148642664238,0.95,-0.0594988455017,0.0288746438704,500,weighted_rerank,identity-cluster-weighted-rerank-v1,20260810-R001-49ce74ce,C:\ronbun\runs\rfw_custom_20260810\20260810-R001-49ce74ce_step4_rfw_custom_edgeface-a348c305af33c223b337
geometry,rfw_custom,edgeface-a348c305af33c223b337,pca,pca_64,left_eye_attention,cosine_to_origin,2037,1830,0.0148770555377,0.95,-0.028883499881,0.0595379503366,500,weighted_rerank,identity-cluster-weighted-rerank-v1,20260810-R001-49ce74ce,C:\ronbun\runs\rfw_custom_20260810\20260810-R001-49ce74ce_step4_rfw_custom_edgeface-a348c305af33c223b337
geometry,rfw_custom,edgeface-a348c305af33c223b337,pca,pca_64,right_eye_attention,angular_error_rad,2037,1830,-0.0416299543819,0.95,-0.0848229745552,-0.00221760195929,500,weighted_rerank,identity-cluster-weighted-rerank-v1,20260810-R001-49ce74ce,C:\ronbun\runs\rfw_custom_20260810\20260810-R001-49ce74ce_step4_rfw_custom_edgeface-a348c305af33c223b337
geometry,rfw_custom,edgeface-a348c305af33c223b337,pca,pca_64,right_eye_attention,reconstruction_mse,2037,1830,-0.0416191669968,0.95,-0.0848152814374,-0.00218463443897,500,weighted_rerank,identity-cluster-weighted-rerank-v1,20260810-R001-49ce74ce,C:\ronbun\runs\rfw_custom_20260810\20260810-R001-49ce74ce_step4_rfw_custom_edgeface-a348c305af33c223b337
geometry,rfw_custom,edgeface-a348c305af33c223b337,pca,pca_64,right_eye_attention,cosine_to_origin,2037,1830,0.0416299543819,0.95,0.00221760195929,0.0848229745552,500,weighted_rerank,identity-cluster-weighted-rerank-v1,20260810-R001-49ce74ce,C:\ronbun\runs\rfw_custom_20260810\20260810-R001-49ce74ce_step4_rfw_custom_edgeface-a348c305af33c223b337
geometry,rfw_custom,edgeface-a348c305af33c223b337,pca,pca_64,nose_attention,angular_error_rad,2037,1830,0.00250426551939,0.95,-0.0392948092219,0.0448105359031,500,weighted_rerank,identity-cluster-weighted-rerank-v1,20260810-R001-49ce74ce,C:\ronbun\runs\rfw_custom_20260810\20260810-R001-49ce74ce_step4_rfw_custom_edgeface-a348c305af33c223b337
geometry,rfw_custom,edgeface-a348c305af33c223b337,pca,pca_64,nose_attention,reconstruction_mse,2037,1830,0.0025268311291,0.95,-0.0392870530667,0.0448222199757,500,weighted_rerank,identity-cluster-weighted-rerank-v1,20260810-R001-49ce74ce,C:\ronbun\runs\rfw_custom_20260810\20260810-R001-49ce74ce_step4_rfw_custom_edgeface-a348c305af33c223b337
geometry,rfw_custom,edgeface-a348c305af33c223b337,pca,pca_64,nose_attention,cosine_to_origin,2037,1830,-0.00250426551939,0.95,-0.0448105359031,0.0392948092219,500,weighted_rerank,identity-cluster-weighted-rerank-v1,20260810-R001-49ce74ce,C:\ronbun\runs\rfw_custom_20260810\20260810-R001-49ce74ce_step4_rfw_custom_edgeface-a348c305af33c223b337
geometry,rfw_custom,edgeface-a348c305af33c223b337,pca,pca_64,mouth_attention,angular_error_rad,2037,1830,0.0117852827796,0.95,-0.0302927054703,0.0555607940329,500,weighted_rerank,identity-cluster-weighted-rerank-v1,20260810-R001-49ce74ce,C:\ronbun\runs\rfw_custom_20260810\20260810-R001-49ce74ce_step4_rfw_custom_edgeface-a348c305af33c223b337
geometry,rfw_custom,edgeface-a348c305af33c223b337,pca,pca_64,mouth_attention,reconstruction_mse,2037,1830,0.0117706656968,0.95,-0.0303143746139,0.0555742584296,500,weighted_rerank,identity-cluster-weighted-rerank-v1,20260810-R001-49ce74ce,C:\ronbun\runs\rfw_custom_20260810\20260810-R001-49ce74ce_step4_rfw_custom_edgeface-a348c305af33c223b337
geometry,rfw_custom,edgeface-a348c305af33c223b337,pca,pca_64,mouth_attention,cosine_to_origin,2037,1830,-0.0117852827796,0.95,-0.0555607940329,0.0302927054703,500,weighted_rerank,identity-cluster-weighted-rerank-v1,20260810-R001-49ce74ce,C:\ronbun\runs\rfw_custom_20260810\20260810-R001-49ce74ce_step4_rfw_custom_edgeface-a348c305af33c223b337
geometry,rfw_custom,edgeface-a348c305af33c223b337,pca,pca_64,left_cheek_attention,angular_error_rad,2031,1825,-0.00309962638796,0.95,-0.0479807000588,0.037440735283,500,weighted_rerank,identity-cluster-weighted-rerank-v1,20260810-R001-49ce74ce,C:\ronbun\runs\rfw_custom_20260810\20260810-R001-49ce74ce_step4_rfw_custom_edgeface-a348c305af33c223b337
geometry,rfw_custom,edgeface-a348c305af33c223b337,pca,pca_64,left_cheek_attention,reconstruction_mse,2031,1825,-0.00309165876194,0.95,-0.0480264695207,0.0374763205678,500,weighted_rerank,identity-cluster-weighted-rerank-v1,20260810-R001-49ce74ce,C:\ronbun\runs\rfw_custom_20260810\20260810-R001-49ce74ce_step4_rfw_custom_edgeface-a348c305af33c223b337
geometry,rfw_custom,edgeface-a348c305af33c223b337,pca,pca_64,left_cheek_attention,cosine_to_origin,2031,1825,0.00309962638796,0.95,-0.037440735283,0.0479807000588,500,weighted_rerank,identity-cluster-weighted-rerank-v1,20260810-R001-49ce74ce,C:\ronbun\runs\rfw_custom_20260810\20260810-R001-49ce74ce_step4_rfw_custom_edgeface-a348c305af33c223b337
geometry,rfw_custom,edgeface-a348c305af33c223b337,pca,pca_64,right_cheek_attention,angular_error_rad,2024,1818,-0.00882185275873,0.95,-0.050445613313,0.0322999138624,500,weighted_rerank,identity-cluster-weighted-rerank-v1,20260810-R001-49ce74ce,C:\ronbun\runs\rfw_custom_20260810\20260810-R001-49ce74ce_step4_rfw_custom_edgeface-a348c305af33c223b337
geometry,rfw_custom,edgeface-a348c305af33c223b337,pca,pca_64,right_cheek_attention,reconstruction_mse,2024,1818,-0.00880095870692,0.95,-0.0504838167988,0.0323133032971,500,weighted_rerank,identity-cluster-weighted-rerank-v1,20260810-R001-49ce74ce,C:\ronbun\runs\rfw_custom_20260810\20260810-R001-49ce74ce_step4_rfw_custom_edgeface-a348c305af33c223b337
geometry,rfw_custom,edgeface-a348c305af33c223b337,pca,pca_64,right_cheek_attention,cosine_to_origin,2024,1818,0.00882185275873,0.95,-0.0322999138624,0.050445613313,500,weighted_rerank,identity-cluster-weighted-rerank-v1,20260810-R001-49ce74ce,C:\ronbun\runs\rfw_custom_20260810\20260810-R001-49ce74ce_step4_rfw_custom_edgeface-a348c305af33c223b337
geometry,rfw_custom,edgeface-a348c305af33c223b337,pca,pca_64,jaw_attention,angular_error_rad,2037,1830,-0.026421201551,0.95,-0.0721449316378,0.0163253617881,500,weighted_rerank,identity-cluster-weighted-rerank-v1,20260810-R001-49ce74ce,C:\ronbun\runs\rfw_custom_20260810\20260810-R001-49ce74ce_step4_rfw_custom_edgeface-a348c305af33c223b337
geometry,rfw_custom,edgeface-a348c305af33c223b337,pca,pca_64,jaw_attention,reconstruction_mse,2037,1830,-0.0264194573304,0.95,-0.07214166592,0.0163388690491,500,weighted_rerank,identity-cluster-weighted-rerank-v1,20260810-R001-49ce74ce,C:\ronbun\runs\rfw_custom_20260810\20260810-R001-49ce74ce_step4_rfw_custom_edgeface-a348c305af33c223b337
geometry,rfw_custom,edgeface-a348c305af33c223b337,pca,pca_64,jaw_attention,cosine_to_origin,2037,1830,0.026421201551,0.95,-0.0163253617881,0.0721449316378,500,weighted_rerank,identity-cluster-weighted-rerank-v1,20260810-R001-49ce74ce,C:\ronbun\runs\rfw_custom_20260810\20260810-R001-49ce74ce_step4_rfw_custom_edgeface-a348c305af33c223b337
geometry,rfw_custom,edgeface-a348c305af33c223b337,pca,pca_64,face_attention,angular_error_rad,2037,1830,-0.0247877304593,0.95,-0.0674958115324,0.0179324853759,500,weighted_rerank,identity-cluster-weighted-rerank-v1,20260810-R001-49ce74ce,C:\ronbun\runs\rfw_custom_20260810\20260810-R001-49ce74ce_step4_rfw_custom_edgeface-a348c305af33c223b337
geometry,rfw_custom,edgeface-a348c305af33c223b337,pca,pca_64,face_attention,reconstruction_mse,2037,1830,-0.0247704783928,0.95,-0.067484349855,0.0179265898354,500,weighted_rerank,identity-cluster-weighted-rerank-v1,20260810-R001-49ce74ce,C:\ronbun\runs\rfw_custom_20260810\20260810-R001-49ce74ce_step4_rfw_custom_edgeface-a348c305af33c223b337
geometry,rfw_custom,edgeface-a348c305af33c223b337,pca,pca_64,face_attention,cosine_to_origin,2037,1830,0.0247877304593,0.95,-0.0179324853759,0.0674958115324,500,weighted_rerank,identity-cluster-weighted-rerank-v1,20260810-R001-49ce74ce,C:\ronbun\runs\rfw_custom_20260810\20260810-R001-49ce74ce_step4_rfw_custom_edgeface-a348c305af33c223b337
geometry,rfw_custom,edgeface-a348c305af33c223b337,pca,pca_64,outside_face_attention,angular_error_rad,2037,1830,0.0247877304593,0.95,-0.0179324853759,0.0674958115324,500,weighted_rerank,identity-cluster-weighted-rerank-v1,20260810-R001-49ce74ce,C:\ronbun\runs\rfw_custom_20260810\20260810-R001-49ce74ce_step4_rfw_custom_edgeface-a348c305af33c223b337
geometry,rfw_custom,edgeface-a348c305af33c223b337,pca,pca_64,outside_face_attention,reconstruction_mse,2037,1830,0.0247704783928,0.95,-0.0179265898354,0.067484349855,500,weighted_rerank,identity-cluster-weighted-rerank-v1,20260810-R001-49ce74ce,C:\ronbun\runs\rfw_custom_20260810\20260810-R001-49ce74ce_step4_rfw_custom_edgeface-a348c305af33c223b337
geometry,rfw_custom,edgeface-a348c305af33c223b337,pca,pca_64,outside_face_attention,cosine_to_origin,2037,1830,-0.0247877304593,0.95,-0.0674958115324,0.0179324853759,500,weighted_rerank,identity-cluster-weighted-rerank-v1,20260810-R001-49ce74ce,C:\ronbun\runs\rfw_custom_20260810\20260810-R001-49ce74ce_step4_rfw_custom_edgeface-a348c305af33c223b337
geometry,rfw_custom,edgeface-a348c305af33c223b337,pca,pca_64,saliency_entropy,angular_error_rad,2037,1830,0.00392010859769,0.95,-0.041938124473,0.0473983659037,500,weighted_rerank,identity-cluster-weighted-rerank-v1,20260810-R001-49ce74ce,C:\ronbun\runs\rfw_custom_20260810\20260810-R001-49ce74ce_step4_rfw_custom_edgeface-a348c305af33c223b337
geometry,rfw_custom,edgeface-a348c305af33c223b337,pca,pca_64,saliency_entropy,reconstruction_mse,2037,1830,0.00395089846472,0.95,-0.0419180935831,0.0474340091191,500,weighted_rerank,identity-cluster-weighted-rerank-v1,20260810-R001-49ce74ce,C:\ronbun\runs\rfw_custom_20260810\20260810-R001-49ce74ce_step4_rfw_custom_edgeface-a348c305af33c223b337
geometry,rfw_custom,edgeface-a348c305af33c223b337,pca,pca_64,saliency_entropy,cosine_to_origin,2037,1830,-0.00392010859769,0.95,-0.0473983659037,0.041938124473,500,weighted_rerank,identity-cluster-weighted-rerank-v1,20260810-R001-49ce74ce,C:\ronbun\runs\rfw_custom_20260810\20260810-R001-49ce74ce_step4_rfw_custom_edgeface-a348c305af33c223b337
geometry,rfw_custom,edgeface-a348c305af33c223b337,pca,pca_64,maximum_region_concentration,angular_error_rad,2037,1830,0.0193317932412,0.95,-0.0221674352851,0.0647390568854,500,weighted_rerank,identity-cluster-weighted-rerank-v1,20260810-R001-49ce74ce,C:\ronbun\runs\rfw_custom_20260810\20260810-R001-49ce74ce_step4_rfw_custom_edgeface-a348c305af33c223b337
geometry,rfw_custom,edgeface-a348c305af33c223b337,pca,pca_64,maximum_region_concentration,reconstruction_mse,2037,1830,0.0193052185673,0.95,-0.022233359078,0.0647206016505,500,weighted_rerank,identity-cluster-weighted-rerank-v1,20260810-R001-49ce74ce,C:\ronbun\runs\rfw_custom_20260810\20260810-R001-49ce74ce_step4_rfw_custom_edgeface-a348c305af33c223b337
geometry,rfw_custom,edgeface-a348c305af33c223b337,pca,pca_64,maximum_region_concentration,cosine_to_origin,2037,1830,-0.0193317932412,0.95,-0.0647390568854,0.0221674352851,500,weighted_rerank,identity-cluster-weighted-rerank-v1,20260810-R001-49ce74ce,C:\ronbun\runs\rfw_custom_20260810\20260810-R001-49ce74ce_step4_rfw_custom_edgeface-a348c305af33c223b337
geometry,rfw_custom,edgeface-a348c305af33c223b337,pca,pca_64,left_right_asymmetry,angular_error_rad,2037,1830,0.0352940877324,0.95,-0.00903414507931,0.0791427479439,500,weighted_rerank,identity-cluster-weighted-rerank-v1,20260810-R001-49ce74ce,C:\ronbun\runs\rfw_custom_20260810\20260810-R001-49ce74ce_step4_rfw_custom_edgeface-a348c305af33c223b337
geometry,rfw_custom,edgeface-a348c305af33c223b337,pca,pca_64,left_right_asymmetry,reconstruction_mse,2037,1830,0.0353016293979,0.95,-0.00906781310964,0.0791636522446,500,weighted_rerank,identity-cluster-weighted-rerank-v1,20260810-R001-49ce74ce,C:\ronbun\runs\rfw_custom_20260810\20260810-R001-49ce74ce_step4_rfw_custom_edgeface-a348c305af33c223b337
geometry,rfw_custom,edgeface-a348c305af33c223b337,pca,pca_64,left_right_asymmetry,cosine_to_origin,2037,1830,-0.0352940877324,0.95,-0.0791427479439,0.00903414507931,500,weighted_rerank,identity-cluster-weighted-rerank-v1,20260810-R001-49ce74ce,C:\ronbun\runs\rfw_custom_20260810\20260810-R001-49ce74ce_step4_rfw_custom_edgeface-a348c305af33c223b337
geometry,rfw_custom,edgeface-a348c305af33c223b337,pca,pca_64,saliency_center_x,angular_error_rad,2037,1830,0.0158055227116,0.95,-0.030944405905,0.0618920215465,500,weighted_rerank,identity-cluster-weighted-rerank-v1,20260810-R001-49ce74ce,C:\ronbun\runs\rfw_custom_20260810\20260810-R001-49ce74ce_step4_rfw_custom_edgeface-a348c305af33c223b337
geometry,rfw_custom,edgeface-a348c305af33c223b337,pca,pca_64,saliency_center_x,reconstruction_mse,2037,1830,0.0157960211135,0.95,-0.0309527103586,0.0618608311632,500,weighted_rerank,identity-cluster-weighted-rerank-v1,20260810-R001-49ce74ce,C:\ronbun\runs\rfw_custom_20260810\20260810-R001-49ce74ce_step4_rfw_custom_edgeface-a348c305af33c223b337
geometry,rfw_custom,edgeface-a348c305af33c223b337,pca,pca_64,saliency_center_x,cosine_to_origin,2037,1830,-0.0158055227116,0.95,-0.0618920215465,0.030944405905,500,weighted_rerank,identity-cluster-weighted-rerank-v1,20260810-R001-49ce74ce,C:\ronbun\runs\rfw_custom_20260810\20260810-R001-49ce74ce_step4_rfw_custom_edgeface-a348c305af33c223b337
geometry,rfw_custom,edgeface-a348c305af33c223b337,pca,pca_64,saliency_center_y,angular_error_rad,2037,1830,-0.0125785587546,0.95,-0.0564641585603,0.0324664525248,500,weighted_rerank,identity-cluster-weighted-rerank-v1,20260810-R001-49ce74ce,C:\ronbun\runs\rfw_custom_20260810\20260810-R001-49ce74ce_step4_rfw_custom_edgeface-a348c305af33c223b337
geometry,rfw_custom,edgeface-a348c305af33c223b337,pca,pca_64,saliency_center_y,reconstruction_mse,2037,1830,-0.0125779177427,0.95,-0.0564444630833,0.0324772637173,500,weighted_rerank,identity-cluster-weighted-rerank-v1,20260810-R001-49ce74ce,C:\ronbun\runs\rfw_custom_20260810\20260810-R001-49ce74ce_step4_rfw_custom_edgeface-a348c305af33c223b337
geometry,rfw_custom,edgeface-a348c305af33c223b337,pca,pca_64,saliency_center_y,cosine_to_origin,2037,1830,0.0125785587546,0.95,-0.0324664525248,0.0564641585603,500,weighted_rerank,identity-cluster-weighted-rerank-v1,20260810-R001-49ce74ce,C:\ronbun\runs\rfw_custom_20260810\20260810-R001-49ce74ce_step4_rfw_custom_edgeface-a348c305af33c223b337
geometry,rfw_custom,edgeface-a348c305af33c223b337,pca,pca_64,saliency_spread,angular_error_rad,2037,1830,0.0168849056793,0.95,-0.0248410210309,0.0575730487412,500,weighted_rerank,identity-cluster-weighted-rerank-v1,20260810-R001-49ce74ce,C:\ronbun\runs\rfw_custom_20260810\20260810-R001-49ce74ce_step4_rfw_custom_edgeface-a348c305af33c223b337
geometry,rfw_custom,edgeface-a348c305af33c223b337,pca,pca_64,saliency_spread,reconstruction_mse,2037,1830,0.0168875236769,0.95,-0.0248365917872,0.0575829351265,500,weighted_rerank,identity-cluster-weighted-rerank-v1,20260810-R001-49ce74ce,C:\ronbun\runs\rfw_custom_20260810\20260810-R001-49ce74ce_step4_rfw_custom_edgeface-a348c305af33c223b337
geometry,rfw_custom,edgeface-a348c305af33c223b337,pca,pca_64,saliency_spread,cosine_to_origin,2037,1830,-0.0168849056793,0.95,-0.0575730487412,0.0248410210309,500,weighted_rerank,identity-cluster-weighted-rerank-v1,20260810-R001-49ce74ce,C:\ronbun\runs\rfw_custom_20260810\20260810-R001-49ce74ce_step4_rfw_custom_edgeface-a348c305af33c223b337
geometry,rfw_custom,edgeface-a348c305af33c223b337,pq,pq_512_m128_b8,quadrant_top_left,angular_error_rad,2037,1830,-0.0246181416769,0.95,-0.0673455777459,0.0170486934378,500,weighted_rerank,identity-cluster-weighted-rerank-v1,20260810-R001-49ce74ce,C:\ronbun\runs\rfw_custom_20260810\20260810-R001-49ce74ce_step4_rfw_custom_edgeface-a348c305af33c223b337
geometry,rfw_custom,edgeface-a348c305af33c223b337,pq,pq_512_m128_b8,quadrant_top_left,reconstruction_mse,2037,1830,-0.0264141291215,0.95,-0.0695345139132,0.015062492654,500,weighted_rerank,identity-cluster-weighted-rerank-v1,20260810-R001-49ce74ce,C:\ronbun\runs\rfw_custom_20260810\20260810-R001-49ce74ce_step4_rfw_custom_edgeface-a348c305af33c223b337
geometry,rfw_custom,edgeface-a348c305af33c223b337,pq,pq_512_m128_b8,quadrant_top_left,cosine_to_origin,2037,1830,0.0246181416769,0.95,-0.0170486934378,0.0673455777459,500,weighted_rerank,identity-cluster-weighted-rerank-v1,20260810-R001-49ce74ce,C:\ronbun\runs\rfw_custom_20260810\20260810-R001-49ce74ce_step4_rfw_custom_edgeface-a348c305af33c223b337
geometry,rfw_custom,edgeface-a348c305af33c223b337,pq,pq_512_m128_b8,quadrant_top_right,angular_error_rad,2037,1830,-0.0230591341813,0.95,-0.059758139479,0.0188618714493,500,weighted_rerank,identity-cluster-weighted-rerank-v1,20260810-R001-49ce74ce,C:\ronbun\runs\rfw_custom_20260810\20260810-R001-49ce74ce_step4_rfw_custom_edgeface-a348c305af33c223b337
geometry,rfw_custom,edgeface-a348c305af33c223b337,pq,pq_512_m128_b8,quadrant_top_right,reconstruction_mse,2037,1830,-0.0240953947916,0.95,-0.0601938691277,0.018091813482,500,weighted_rerank,identity-cluster-weighted-rerank-v1,20260810-R001-49ce74ce,C:\ronbun\runs\rfw_custom_20260810\20260810-R001-49ce74ce_step4_rfw_custom_edgeface-a348c305af33c223b337
geometry,rfw_custom,edgeface-a348c305af33c223b337,pq,pq_512_m128_b8,quadrant_top_right,cosine_to_origin,2037,1830,0.0230591341813,0.95,-0.0188618714493,0.059758139479,500,weighted_rerank,identity-cluster-weighted-rerank-v1,20260810-R001-49ce74ce,C:\ronbun\runs\rfw_custom_20260810\20260810-R001-49ce74ce_step4_rfw_custom_edgeface-a348c305af33c223b337
geometry,rfw_custom,edgeface-a348c305af33c223b337,pq,pq_512_m128_b8,quadrant_bottom_left,angular_error_rad,2037,1830,0.0276563851227,0.95,-0.0166268832343,0.0698027233113,500,weighted_rerank,identity-cluster-weighted-rerank-v1,20260810-R001-49ce74ce,C:\ronbun\runs\rfw_custom_20260810\20260810-R001-49ce74ce_step4_rfw_custom_edgeface-a348c305af33c223b337
geometry,rfw_custom,edgeface-a348c305af33c223b337,pq,pq_512_m128_b8,quadrant_bottom_left,reconstruction_mse,2037,1830,0.0291816280458,0.95,-0.0151974356559,0.0715043612306,500,weighted_rerank,identity-cluster-weighted-rerank-v1,20260810-R001-49ce74ce,C:\ronbun\runs\rfw_custom_20260810\20260810-R001-49ce74ce_step4_rfw_custom_edgeface-a348c305af33c223b337
geometry,rfw_custom,edgeface-a348c305af33c223b337,pq,pq_512_m128_b8,quadrant_bottom_left,cosine_to_origin,2037,1830,-0.0276563851227,0.95,-0.0698027233113,0.0166268832343,500,weighted_rerank,identity-cluster-weighted-rerank-v1,20260810-R001-49ce74ce,C:\ronbun\runs\rfw_custom_20260810\20260810-R001-49ce74ce_step4_rfw_custom_edgeface-a348c305af33c223b337
geometry,rfw_custom,edgeface-a348c305af33c223b337,pq,pq_512_m128_b8,quadrant_bottom_right,angular_error_rad,2037,1830,0.0165791662617,0.95,-0.0214449633495,0.0534528584557,500,weighted_rerank,identity-cluster-weighted-rerank-v1,20260810-R001-49ce74ce,C:\ronbun\runs\rfw_custom_20260810\20260810-R001-49ce74ce_step4_rfw_custom_edgeface-a348c305af33c223b337
geometry,rfw_custom,edgeface-a348c305af33c223b337,pq,pq_512_m128_b8,quadrant_bottom_right,reconstruction_mse,2037,1830,0.0181437513742,0.95,-0.0213479892111,0.0556365756689,500,weighted_rerank,identity-cluster-weighted-rerank-v1,20260810-R001-49ce74ce,C:\ronbun\runs\rfw_custom_20260810\20260810-R001-49ce74ce_step4_rfw_custom_edgeface-a348c305af33c223b337
geometry,rfw_custom,edgeface-a348c305af33c223b337,pq,pq_512_m128_b8,quadrant_bottom_right,cosine_to_origin,2037,1830,-0.0165791662617,0.95,-0.0534528584557,0.0214449633495,500,weighted_rerank,identity-cluster-weighted-rerank-v1,20260810-R001-49ce74ce,C:\ronbun\runs\rfw_custom_20260810\20260810-R001-49ce74ce_step4_rfw_custom_edgeface-a348c305af33c223b337
geometry,rfw_custom,edgeface-a348c305af33c223b337,pq,pq_512_m128_b8,left_eye_attention,angular_error_rad,2037,1830,0.0124220814553,0.95,-0.0311569819124,0.0605951594361,500,weighted_rerank,identity-cluster-weighted-rerank-v1,20260810-R001-49ce74ce,C:\ronbun\runs\rfw_custom_20260810\20260810-R001-49ce74ce_step4_rfw_custom_edgeface-a348c305af33c223b337
geometry,rfw_custom,edgeface-a348c305af33c223b337,pq,pq_512_m128_b8,left_eye_attention,reconstruction_mse,2037,1830,0.0117624070238,0.95,-0.0319704576854,0.058980545685,500,weighted_rerank,identity-cluster-weighted-rerank-v1,20260810-R001-49ce74ce,C:\ronbun\runs\rfw_custom_20260810\20260810-R001-49ce74ce_step4_rfw_custom_edgeface-a348c305af33c223b337
geometry,rfw_custom,edgeface-a348c305af33c223b337,pq,pq_512_m128_b8,left_eye_attention,cosine_to_origin,2037,1830,-0.0124220814553,0.95,-0.0605951594361,0.0311569819124,500,weighted_rerank,identity-cluster-weighted-rerank-v1,20260810-R001-49ce74ce,C:\ronbun\runs\rfw_custom_20260810\20260810-R001-49ce74ce_step4_rfw_custom_edgeface-a348c305af33c223b337
geometry,rfw_custom,edgeface-a348c305af33c223b337,pq,pq_512_m128_b8,right_eye_attention,angular_error_rad,2037,1830,0.0016296088991,0.95,-0.0459687719152,0.0440796442505,500,weighted_rerank,identity-cluster-weighted-rerank-v1,20260810-R001-49ce74ce,C:\ronbun\runs\rfw_custom_20260810\20260810-R001-49ce74ce_step4_rfw_custom_edgeface-a348c305af33c223b337
geometry,rfw_custom,edgeface-a348c305af33c223b337,pq,pq_512_m128_b8,right_eye_attention,reconstruction_mse,2037,1830,0.0013732774987,0.95,-0.045923023297,0.0437295451147,500,weighted_rerank,identity-cluster-weighted-rerank-v1,20260810-R001-49ce74ce,C:\ronbun\runs\rfw_custom_20260810\20260810-R001-49ce74ce_step4_rfw_custom_edgeface-a348c305af33c223b337
geometry,rfw_custom,edgeface-a348c305af33c223b337,pq,pq_512_m128_b8,right_eye_attention,cosine_to_origin,2037,1830,-0.0016296088991,0.95,-0.0440796442505,0.0459687719152,500,weighted_rerank,identity-cluster-weighted-rerank-v1,20260810-R001-49ce74ce,C:\ronbun\runs\rfw_custom_20260810\20260810-R001-49ce74ce_step4_rfw_custom_edgeface-a348c305af33c223b337
geometry,rfw_custom,edgeface-a348c305af33c223b337,pq,pq_512_m128_b8,nose_attention,angular_error_rad,2037,1830,0.00641321155205,0.95,-0.034053520837,0.0515582737472,500,weighted_rerank,identity-cluster-weighted-rerank-v1,20260810-R001-49ce74ce,C:\ronbun\runs\rfw_custom_20260810\20260810-R001-49ce74ce_step4_rfw_custom_edgeface-a348c305af33c223b337
geometry,rfw_custom,edgeface-a348c305af33c223b337,pq,pq_512_m128_b8,nose_attention,reconstruction_mse,2037,1830,0.00621207708557,0.95,-0.0339215507935,0.0518747897894,500,weighted_rerank,identity-cluster-weighted-rerank-v1,20260810-R001-49ce74ce,C:\ronbun\runs\rfw_custom_20260810\20260810-R001-49ce74ce_step4_rfw_custom_edgeface-a348c305af33c223b337
geometry,rfw_custom,edgeface-a348c305af33c223b337,pq,pq_512_m128_b8,nose_attention,cosine_to_origin,2037,1830,-0.00641321155205,0.95,-0.0515582737472,0.034053520837,500,weighted_rerank,identity-cluster-weighted-rerank-v1,20260810-R001-49ce74ce,C:\ronbun\runs\rfw_custom_20260810\20260810-R001-49ce74ce_step4_rfw_custom_edgeface-a348c305af33c223b337
geometry,rfw_custom,edgeface-a348c305af33c223b337,pq,pq_512_m128_b8,mouth_attention,angular_error_rad,2037,1830,-0.00627708031971,0.95,-0.0485742632061,0.0369998927848,500,weighted_rerank,identity-cluster-weighted-rerank-v1,20260810-R001-49ce74ce,C:\ronbun\runs\rfw_custom_20260810\20260810-R001-49ce74ce_step4_rfw_custom_edgeface-a348c305af33c223b337
geometry,rfw_custom,edgeface-a348c305af33c223b337,pq,pq_512_m128_b8,mouth_attention,reconstruction_mse,2037,1830,-0.00584962771168,0.95,-0.0476670871893,0.0377962754079,500,weighted_rerank,identity-cluster-weighted-rerank-v1,20260810-R001-49ce74ce,C:\ronbun\runs\rfw_custom_20260810\20260810-R001-49ce74ce_step4_rfw_custom_edgeface-a348c305af33c223b337
geometry,rfw_custom,edgeface-a348c305af33c223b337,pq,pq_512_m128_b8,mouth_attention,cosine_to_origin,2037,1830,0.00627708031971,0.95,-0.0369998927848,0.0485742632061,500,weighted_rerank,identity-cluster-weighted-rerank-v1,20260810-R001-49ce74ce,C:\ronbun\runs\rfw_custom_20260810\20260810-R001-49ce74ce_step4_rfw_custom_edgeface-a348c305af33c223b337
geometry,rfw_custom,edgeface-a348c305af33c223b337,pq,pq_512_m128_b8,left_cheek_attention,angular_error_rad,2031,1825,-0.00895289225561,0.95,-0.0522103386712,0.0388934008604,500,weighted_rerank,identity-cluster-weighted-rerank-v1,20260810-R001-49ce74ce,C:\ronbun\runs\rfw_custom_20260810\20260810-R001-49ce74ce_step4_rfw_custom_edgeface-a348c305af33c223b337
geometry,rfw_custom,edgeface-a348c305af33c223b337,pq,pq_512_m128_b8,left_cheek_attention,reconstruction_mse,2031,1825,-0.00820528546245,0.95,-0.051700372847,0.0391449879695,500,weighted_rerank,identity-cluster-weighted-rerank-v1,20260810-R001-49ce74ce,C:\ronbun\runs\rfw_custom_20260810\20260810-R001-49ce74ce_step4_rfw_custom_edgeface-a348c305af33c223b337
geometry,rfw_custom,edgeface-a348c305af33c223b337,pq,pq_512_m128_b8,left_cheek_attention,cosine_to_origin,2031,1825,0.00895289225561,0.95,-0.0388934008604,0.0522103386712,500,weighted_rerank,identity-cluster-weighted-rerank-v1,20260810-R001-49ce74ce,C:\ronbun\runs\rfw_custom_20260810\20260810-R001-49ce74ce_step4_rfw_custom_edgeface-a348c305af33c223b337
geometry,rfw_custom,edgeface-a348c305af33c223b337,pq,pq_512_m128_b8,right_cheek_attention,angular_error_rad,2024,1818,-0.00574075399782,0.95,-0.0473728391096,0.0365920736852,500,weighted_rerank,identity-cluster-weighted-rerank-v1,20260810-R001-49ce74ce,C:\ronbun\runs\rfw_custom_20260810\20260810-R001-49ce74ce_step4_rfw_custom_edgeface-a348c305af33c223b337
geometry,rfw_custom,edgeface-a348c305af33c223b337,pq,pq_512_m128_b8,right_cheek_attention,reconstruction_mse,2024,1818,-0.00396821539174,0.95,-0.0459711733777,0.0378220905412,500,weighted_rerank,identity-cluster-weighted-rerank-v1,20260810-R001-49ce74ce,C:\ronbun\runs\rfw_custom_20260810\20260810-R001-49ce74ce_step4_rfw_custom_edgeface-a348c305af33c223b337
geometry,rfw_custom,edgeface-a348c305af33c223b337,pq,pq_512_m128_b8,right_cheek_attention,cosine_to_origin,2024,1818,0.00574075399782,0.95,-0.0365920736852,0.0473728391096,500,weighted_rerank,identity-cluster-weighted-rerank-v1,20260810-R001-49ce74ce,C:\ronbun\runs\rfw_custom_20260810\20260810-R001-49ce74ce_step4_rfw_custom_edgeface-a348c305af33c223b337
geometry,rfw_custom,edgeface-a348c305af33c223b337,pq,pq_512_m128_b8,jaw_attention,angular_error_rad,2037,1830,0.0132110061691,0.95,-0.0274833554421,0.0527434238341,500,weighted_rerank,identity-cluster-weighted-rerank-v1,20260810-R001-49ce74ce,C:\ronbun\runs\rfw_custom_20260810\20260810-R001-49ce74ce_step4_rfw_custom_edgeface-a348c305af33c223b337
geometry,rfw_custom,edgeface-a348c305af33c223b337,pq,pq_512_m128_b8,jaw_attention,reconstruction_mse,2037,1830,0.0140959634488,0.95,-0.0259463641862,0.0537004623145,500,weighted_rerank,identity-cluster-weighted-rerank-v1,20260810-R001-49ce74ce,C:\ronbun\runs\rfw_custom_20260810\20260810-R001-49ce74ce_step4_rfw_custom_edgeface-a348c305af33c223b337
geometry,rfw_custom,edgeface-a348c305af33c223b337,pq,pq_512_m128_b8,jaw_attention,cosine_to_origin,2037,1830,-0.0132110061691,0.95,-0.0527434238341,0.0274833554421,500,weighted_rerank,identity-cluster-weighted-rerank-v1,20260810-R001-49ce74ce,C:\ronbun\runs\rfw_custom_20260810\20260810-R001-49ce74ce_step4_rfw_custom_edgeface-a348c305af33c223b337
geometry,rfw_custom,edgeface-a348c305af33c223b337,pq,pq_512_m128_b8,face_attention,angular_error_rad,2037,1830,-0.00237628031015,0.95,-0.0434763589015,0.0361806163225,500,weighted_rerank,identity-cluster-weighted-rerank-v1,20260810-R001-49ce74ce,C:\ronbun\runs\rfw_custom_20260810\20260810-R001-49ce74ce_step4_rfw_custom_edgeface-a348c305af33c223b337
geometry,rfw_custom,edgeface-a348c305af33c223b337,pq,pq_512_m128_b8,face_attention,reconstruction_mse,2037,1830,-0.00120832400092,0.95,-0.0427372587934,0.0376915433882,500,weighted_rerank,identity-cluster-weighted-rerank-v1,20260810-R001-49ce74ce,C:\ronbun\runs\rfw_custom_20260810\20260810-R001-49ce74ce_step4_rfw_custom_edgeface-a348c305af33c223b337
geometry,rfw_custom,edgeface-a348c305af33c223b337,pq,pq_512_m128_b8,face_attention,cosine_to_origin,2037,1830,0.00237628031015,0.95,-0.0361806163225,0.0434763589015,500,weighted_rerank,identity-cluster-weighted-rerank-v1,20260810-R001-49ce74ce,C:\ronbun\runs\rfw_custom_20260810\20260810-R001-49ce74ce_step4_rfw_custom_edgeface-a348c305af33c223b337
geometry,rfw_custom,edgeface-a348c305af33c223b337,pq,pq_512_m128_b8,outside_face_attention,angular_error_rad,2037,1830,0.00237628031015,0.95,-0.0361806163225,0.0434763589015,500,weighted_rerank,identity-cluster-weighted-rerank-v1,20260810-R001-49ce74ce,C:\ronbun\runs\rfw_custom_20260810\20260810-R001-49ce74ce_step4_rfw_custom_edgeface-a348c305af33c223b337
geometry,rfw_custom,edgeface-a348c305af33c223b337,pq,pq_512_m128_b8,outside_face_attention,reconstruction_mse,2037,1830,0.00120832400092,0.95,-0.0376915433882,0.0427372587934,500,weighted_rerank,identity-cluster-weighted-rerank-v1,20260810-R001-49ce74ce,C:\ronbun\runs\rfw_custom_20260810\20260810-R001-49ce74ce_step4_rfw_custom_edgeface-a348c305af33c223b337
geometry,rfw_custom,edgeface-a348c305af33c223b337,pq,pq_512_m128_b8,outside_face_attention,cosine_to_origin,2037,1830,-0.00237628031015,0.95,-0.0434763589015,0.0361806163225,500,weighted_rerank,identity-cluster-weighted-rerank-v1,20260810-R001-49ce74ce,C:\ronbun\runs\rfw_custom_20260810\20260810-R001-49ce74ce_step4_rfw_custom_edgeface-a348c305af33c223b337
geometry,rfw_custom,edgeface-a348c305af33c223b337,pq,pq_512_m128_b8,saliency_entropy,angular_error_rad,2037,1830,-0.012836750164,0.95,-0.0522619200206,0.028494766034,500,weighted_rerank,identity-cluster-weighted-rerank-v1,20260810-R001-49ce74ce,C:\ronbun\runs\rfw_custom_20260810\20260810-R001-49ce74ce_step4_rfw_custom_edgeface-a348c305af33c223b337
geometry,rfw_custom,edgeface-a348c305af33c223b337,pq,pq_512_m128_b8,saliency_entropy,reconstruction_mse,2037,1830,-0.0132963329768,0.95,-0.0521477659498,0.0282653403481,500,weighted_rerank,identity-cluster-weighted-rerank-v1,20260810-R001-49ce74ce,C:\ronbun\runs\rfw_custom_20260810\20260810-R001-49ce74ce_step4_rfw_custom_edgeface-a348c305af33c223b337
geometry,rfw_custom,edgeface-a348c305af33c223b337,pq,pq_512_m128_b8,saliency_entropy,cosine_to_origin,2037,1830,0.012836750164,0.95,-0.028494766034,0.0522619200206,500,weighted_rerank,identity-cluster-weighted-rerank-v1,20260810-R001-49ce74ce,C:\ronbun\runs\rfw_custom_20260810\20260810-R001-49ce74ce_step4_rfw_custom_edgeface-a348c305af33c223b337
geometry,rfw_custom,edgeface-a348c305af33c223b337,pq,pq_512_m128_b8,maximum_region_concentration,angular_error_rad,2037,1830,-0.00666533085321,0.95,-0.0503864943645,0.0401594918534,500,weighted_rerank,identity-cluster-weighted-rerank-v1,20260810-R001-49ce74ce,C:\ronbun\runs\rfw_custom_20260810\20260810-R001-49ce74ce_step4_rfw_custom_edgeface-a348c305af33c223b337
geometry,rfw_custom,edgeface-a348c305af33c223b337,pq,pq_512_m128_b8,maximum_region_concentration,reconstruction_mse,2037,1830,-0.00666132293012,0.95,-0.0502901614998,0.0401035624255,500,weighted_rerank,identity-cluster-weighted-rerank-v1,20260810-R001-49ce74ce,C:\ronbun\runs\rfw_custom_20260810\20260810-R001-49ce74ce_step4_rfw_custom_edgeface-a348c305af33c223b337
geometry,rfw_custom,edgeface-a348c305af33c223b337,pq,pq_512_m128_b8,maximum_region_concentration,cosine_to_origin,2037,1830,0.00666533085321,0.95,-0.0401594918534,0.0503864943645,500,weighted_rerank,identity-cluster-weighted-rerank-v1,20260810-R001-49ce74ce,C:\ronbun\runs\rfw_custom_20260810\20260810-R001-49ce74ce_step4_rfw_custom_edgeface-a348c305af33c223b337
geometry,rfw_custom,edgeface-a348c305af33c223b337,pq,pq_512_m128_b8,left_right_asymmetry,angular_error_rad,2037,1830,0.00428250754453,0.95,-0.0382355707473,0.0512631606862,500,weighted_rerank,identity-cluster-weighted-rerank-v1,20260810-R001-49ce74ce,C:\ronbun\runs\rfw_custom_20260810\20260810-R001-49ce74ce_step4_rfw_custom_edgeface-a348c305af33c223b337
geometry,rfw_custom,edgeface-a348c305af33c223b337,pq,pq_512_m128_b8,left_right_asymmetry,reconstruction_mse,2037,1830,0.00510180899287,0.95,-0.037890879134,0.0517173185007,500,weighted_rerank,identity-cluster-weighted-rerank-v1,20260810-R001-49ce74ce,C:\ronbun\runs\rfw_custom_20260810\20260810-R001-49ce74ce_step4_rfw_custom_edgeface-a348c305af33c223b337
geometry,rfw_custom,edgeface-a348c305af33c223b337,pq,pq_512_m128_b8,left_right_asymmetry,cosine_to_origin,2037,1830,-0.00428250754453,0.95,-0.0512631606862,0.0382355707473,500,weighted_rerank,identity-cluster-weighted-rerank-v1,20260810-R001-49ce74ce,C:\ronbun\runs\rfw_custom_20260810\20260810-R001-49ce74ce_step4_rfw_custom_edgeface-a348c305af33c223b337
geometry,rfw_custom,edgeface-a348c305af33c223b337,pq,pq_512_m128_b8,saliency_center_x,angular_error_rad,2037,1830,-0.00457155996293,0.95,-0.0493543528957,0.0360087406301,500,weighted_rerank,identity-cluster-weighted-rerank-v1,20260810-R001-49ce74ce,C:\ronbun\runs\rfw_custom_20260810\20260810-R001-49ce74ce_step4_rfw_custom_edgeface-a348c305af33c223b337
geometry,rfw_custom,edgeface-a348c305af33c223b337,pq,pq_512_m128_b8,saliency_center_x,reconstruction_mse,2037,1830,-0.00471881805236,0.95,-0.0495365791234,0.035713812547,500,weighted_rerank,identity-cluster-weighted-rerank-v1,20260810-R001-49ce74ce,C:\ronbun\runs\rfw_custom_20260810\20260810-R001-49ce74ce_step4_rfw_custom_edgeface-a348c305af33c223b337
geometry,rfw_custom,edgeface-a348c305af33c223b337,pq,pq_512_m128_b8,saliency_center_x,cosine_to_origin,2037,1830,0.00457155996293,0.95,-0.0360087406301,0.0493543528957,500,weighted_rerank,identity-cluster-weighted-rerank-v1,20260810-R001-49ce74ce,C:\ronbun\runs\rfw_custom_20260810\20260810-R001-49ce74ce_step4_rfw_custom_edgeface-a348c305af33c223b337
geometry,rfw_custom,edgeface-a348c305af33c223b337,pq,pq_512_m128_b8,saliency_center_y,angular_error_rad,2037,1830,0.0225663981419,0.95,-0.0214777652688,0.0626099034228,500,weighted_rerank,identity-cluster-weighted-rerank-v1,20260810-R001-49ce74ce,C:\ronbun\runs\rfw_custom_20260810\20260810-R001-49ce74ce_step4_rfw_custom_edgeface-a348c305af33c223b337
geometry,rfw_custom,edgeface-a348c305af33c223b337,pq,pq_512_m128_b8,saliency_center_y,reconstruction_mse,2037,1830,0.0240054704847,0.95,-0.0191669441641,0.0644035746052,500,weighted_rerank,identity-cluster-weighted-rerank-v1,20260810-R001-49ce74ce,C:\ronbun\runs\rfw_custom_20260810\20260810-R001-49ce74ce_step4_rfw_custom_edgeface-a348c305af33c223b337
geometry,rfw_custom,edgeface-a348c305af33c223b337,pq,pq_512_m128_b8,saliency_center_y,cosine_to_origin,2037,1830,-0.0225663981419,0.95,-0.0626099034228,0.0214777652688,500,weighted_rerank,identity-cluster-weighted-rerank-v1,20260810-R001-49ce74ce,C:\ronbun\runs\rfw_custom_20260810\20260810-R001-49ce74ce_step4_rfw_custom_edgeface-a348c305af33c223b337
geometry,rfw_custom,edgeface-a348c305af33c223b337,pq,pq_512_m128_b8,saliency_spread,angular_error_rad,2037,1830,0.0169554269259,0.95,-0.0263722994575,0.0611362668952,500,weighted_rerank,identity-cluster-weighted-rerank-v1,20260810-R001-49ce74ce,C:\ronbun\runs\rfw_custom_20260810\20260810-R001-49ce74ce_step4_rfw_custom_edgeface-a348c305af33c223b337
geometry,rfw_custom,edgeface-a348c305af33c223b337,pq,pq_512_m128_b8,saliency_spread,reconstruction_mse,2037,1830,0.0156886631946,0.95,-0.0278602853058,0.0601915762854,500,weighted_rerank,identity-cluster-weighted-rerank-v1,20260810-R001-49ce74ce,C:\ronbun\runs\rfw_custom_20260810\20260810-R001-49ce74ce_step4_rfw_custom_edgeface-a348c305af33c223b337
geometry,rfw_custom,edgeface-a348c305af33c223b337,pq,pq_512_m128_b8,saliency_spread,cosine_to_origin,2037,1830,-0.0169554269259,0.95,-0.0611362668952,0.0263722994575,500,weighted_rerank,identity-cluster-weighted-rerank-v1,20260810-R001-49ce74ce,C:\ronbun\runs\rfw_custom_20260810\20260810-R001-49ce74ce_step4_rfw_custom_edgeface-a348c305af33c223b337
geometry,rfw_custom,edgeface-a348c305af33c223b337,pq,pq_512_m16_b8,quadrant_top_left,angular_error_rad,2037,1830,0.00166100729146,0.95,-0.0418493399572,0.045242555351,500,weighted_rerank,identity-cluster-weighted-rerank-v1,20260810-R001-49ce74ce,C:\ronbun\runs\rfw_custom_20260810\20260810-R001-49ce74ce_step4_rfw_custom_edgeface-a348c305af33c223b337
geometry,rfw_custom,edgeface-a348c305af33c223b337,pq,pq_512_m16_b8,quadrant_top_left,reconstruction_mse,2037,1830,0.00175060338952,0.95,-0.0427634396568,0.0449874113744,500,weighted_rerank,identity-cluster-weighted-rerank-v1,20260810-R001-49ce74ce,C:\ronbun\runs\rfw_custom_20260810\20260810-R001-49ce74ce_step4_rfw_custom_edgeface-a348c305af33c223b337
geometry,rfw_custom,edgeface-a348c305af33c223b337,pq,pq_512_m16_b8,quadrant_top_left,cosine_to_origin,2037,1830,-0.00166100729146,0.95,-0.045242555351,0.0418493399572,500,weighted_rerank,identity-cluster-weighted-rerank-v1,20260810-R001-49ce74ce,C:\ronbun\runs\rfw_custom_20260810\20260810-R001-49ce74ce_step4_rfw_custom_edgeface-a348c305af33c223b337
geometry,rfw_custom,edgeface-a348c305af33c223b337,pq,pq_512_m16_b8,quadrant_top_right,angular_error_rad,2037,1830,0.0198465542653,0.95,-0.0217087573931,0.0652920942646,500,weighted_rerank,identity-cluster-weighted-rerank-v1,20260810-R001-49ce74ce,C:\ronbun\runs\rfw_custom_20260810\20260810-R001-49ce74ce_step4_rfw_custom_edgeface-a348c305af33c223b337
geometry,rfw_custom,edgeface-a348c305af33c223b337,pq,pq_512_m16_b8,quadrant_top_right,reconstruction_mse,2037,1830,0.0192217317087,0.95,-0.0214998761804,0.0641926809017,500,weighted_rerank,identity-cluster-weighted-rerank-v1,20260810-R001-49ce74ce,C:\ronbun\runs\rfw_custom_20260810\20260810-R001-49ce74ce_step4_rfw_custom_edgeface-a348c305af33c223b337
geometry,rfw_custom,edgeface-a348c305af33c223b337,pq,pq_512_m16_b8,quadrant_top_right,cosine_to_origin,2037,1830,-0.0198465542653,0.95,-0.0652920942646,0.0217087573931,500,weighted_rerank,identity-cluster-weighted-rerank-v1,20260810-R001-49ce74ce,C:\ronbun\runs\rfw_custom_20260810\20260810-R001-49ce74ce_step4_rfw_custom_edgeface-a348c305af33c223b337
geometry,rfw_custom,edgeface-a348c305af33c223b337,pq,pq_512_m16_b8,quadrant_bottom_left,angular_error_rad,2037,1830,-0.00827698148365,0.95,-0.0533097232597,0.0317109594813,500,weighted_rerank,identity-cluster-weighted-rerank-v1,20260810-R001-49ce74ce,C:\ronbun\runs\rfw_custom_20260810\20260810-R001-49ce74ce_step4_rfw_custom_edgeface-a348c305af33c223b337
geometry,rfw_custom,edgeface-a348c305af33c223b337,pq,pq_512_m16_b8,quadrant_bottom_left,reconstruction_mse,2037,1830,-0.00884076713588,0.95,-0.0534214757942,0.0316857085372,500,weighted_rerank,identity-cluster-weighted-rerank-v1,20260810-R001-49ce74ce,C:\ronbun\runs\rfw_custom_20260810\20260810-R001-49ce74ce_step4_rfw_custom_edgeface-a348c305af33c223b337
geometry,rfw_custom,edgeface-a348c305af33c223b337,pq,pq_512_m16_b8,quadrant_bottom_left,cosine_to_origin,2037,1830,0.00827698148365,0.95,-0.0317109594813,0.0533097232597,500,weighted_rerank,identity-cluster-weighted-rerank-v1,20260810-R001-49ce74ce,C:\ronbun\runs\rfw_custom_20260810\20260810-R001-49ce74ce_step4_rfw_custom_edgeface-a348c305af33c223b337
geometry,rfw_custom,edgeface-a348c305af33c223b337,pq,pq_512_m16_b8,quadrant_bottom_right,angular_error_rad,2037,1830,-0.0151686772893,0.95,-0.059313084175,0.0296474839299,500,weighted_rerank,identity-cluster-weighted-rerank-v1,20260810-R001-49ce74ce,C:\ronbun\runs\rfw_custom_20260810\20260810-R001-49ce74ce_step4_rfw_custom_edgeface-a348c305af33c223b337
geometry,rfw_custom,edgeface-a348c305af33c223b337,pq,pq_512_m16_b8,quadrant_bottom_right,reconstruction_mse,2037,1830,-0.0144326421845,0.95,-0.0585832319708,0.0312266478,500,weighted_rerank,identity-cluster-weighted-rerank-v1,20260810-R001-49ce74ce,C:\ronbun\runs\rfw_custom_20260810\20260810-R001-49ce74ce_step4_rfw_custom_edgeface-a348c305af33c223b337
geometry,rfw_custom,edgeface-a348c305af33c223b337,pq,pq_512_m16_b8,quadrant_bottom_right,cosine_to_origin,2037,1830,0.0151686772893,0.95,-0.0296474839299,0.059313084175,500,weighted_rerank,identity-cluster-weighted-rerank-v1,20260810-R001-49ce74ce,C:\ronbun\runs\rfw_custom_20260810\20260810-R001-49ce74ce_step4_rfw_custom_edgeface-a348c305af33c223b337
geometry,rfw_custom,edgeface-a348c305af33c223b337,pq,pq_512_m16_b8,left_eye_attention,angular_error_rad,2037,1830,-0.0173533237537,0.95,-0.0570630280636,0.0267494912722,500,weighted_rerank,identity-cluster-weighted-rerank-v1,20260810-R001-49ce74ce,C:\ronbun\runs\rfw_custom_20260810\20260810-R001-49ce74ce_step4_rfw_custom_edgeface-a348c305af33c223b337
geometry,rfw_custom,edgeface-a348c305af33c223b337,pq,pq_512_m16_b8,left_eye_attention,reconstruction_mse,2037,1830,-0.0165388366563,0.95,-0.0559047686134,0.0273617196164,500,weighted_rerank,identity-cluster-weighted-rerank-v1,20260810-R001-49ce74ce,C:\ronbun\runs\rfw_custom_20260810\20260810-R001-49ce74ce_step4_rfw_custom_edgeface-a348c305af33c223b337
geometry,rfw_custom,edgeface-a348c305af33c223b337,pq,pq_512_m16_b8,left_eye_attention,cosine_to_origin,2037,1830,0.0173533237537,0.95,-0.0267494912722,0.0570630280636,500,weighted_rerank,identity-cluster-weighted-rerank-v1,20260810-R001-49ce74ce,C:\ronbun\runs\rfw_custom_20260810\20260810-R001-49ce74ce_step4_rfw_custom_edgeface-a348c305af33c223b337
geometry,rfw_custom,edgeface-a348c305af33c223b337,pq,pq_512_m16_b8,right_eye_attention,angular_error_rad,2037,1830,-0.0348851914941,0.95,-0.0774662208383,0.00564079380236,500,weighted_rerank,identity-cluster-weighted-rerank-v1,20260810-R001-49ce74ce,C:\ronbun\runs\rfw_custom_20260810\20260810-R001-49ce74ce_step4_rfw_custom_edgeface-a348c305af33c223b337
geometry,rfw_custom,edgeface-a348c305af33c223b337,pq,pq_512_m16_b8,right_eye_attention,reconstruction_mse,2037,1830,-0.0350643503265,0.95,-0.0781793422649,0.00544902559288,500,weighted_rerank,identity-cluster-weighted-rerank-v1,20260810-R001-49ce74ce,C:\ronbun\runs\rfw_custom_20260810\20260810-R001-49ce74ce_step4_rfw_custom_edgeface-a348c305af33c223b337
geometry,rfw_custom,edgeface-a348c305af33c223b337,pq,pq_512_m16_b8,right_eye_attention,cosine_to_origin,2037,1830,0.0348851914941,0.95,-0.00564079380236,0.0774662208383,500,weighted_rerank,identity-cluster-weighted-rerank-v1,20260810-R001-49ce74ce,C:\ronbun\runs\rfw_custom_20260810\20260810-R001-49ce74ce_step4_rfw_custom_edgeface-a348c305af33c223b337
geometry,rfw_custom,edgeface-a348c305af33c223b337,pq,pq_512_m16_b8,nose_attention,angular_error_rad,2037,1830,0.0132554974853,0.95,-0.0282806720776,0.0515612173728,500,weighted_rerank,identity-cluster-weighted-rerank-v1,20260810-R001-49ce74ce,C:\ronbun\runs\rfw_custom_20260810\20260810-R001-49ce74ce_step4_rfw_custom_edgeface-a348c305af33c223b337
geometry,rfw_custom,edgeface-a348c305af33c223b337,pq,pq_512_m16_b8,nose_attention,reconstruction_mse,2037,1830,0.0125573221114,0.95,-0.0289921147517,0.0505153461967,500,weighted_rerank,identity-cluster-weighted-rerank-v1,20260810-R001-49ce74ce,C:\ronbun\runs\rfw_custom_20260810\20260810-R001-49ce74ce_step4_rfw_custom_edgeface-a348c305af33c223b337
geometry,rfw_custom,edgeface-a348c305af33c223b337,pq,pq_512_m16_b8,nose_attention,cosine_to_origin,2037,1830,-0.0132554974853,0.95,-0.0515612173728,0.0282806720776,500,weighted_rerank,identity-cluster-weighted-rerank-v1,20260810-R001-49ce74ce,C:\ronbun\runs\rfw_custom_20260810\20260810-R001-49ce74ce_step4_rfw_custom_edgeface-a348c305af33c223b337
geometry,rfw_custom,edgeface-a348c305af33c223b337,pq,pq_512_m16_b8,mouth_attention,angular_error_rad,2037,1830,-0.0470683242853,0.95,-0.0914031794173,-0.00555042749898,500,weighted_rerank,identity-cluster-weighted-rerank-v1,20260810-R001-49ce74ce,C:\ronbun\runs\rfw_custom_20260810\20260810-R001-49ce74ce_step4_rfw_custom_edgeface-a348c305af33c223b337
geometry,rfw_custom,edgeface-a348c305af33c223b337,pq,pq_512_m16_b8,mouth_attention,reconstruction_mse,2037,1830,-0.0463081687096,0.95,-0.0896286243107,-0.00479149732086,500,weighted_rerank,identity-cluster-weighted-rerank-v1,20260810-R001-49ce74ce,C:\ronbun\runs\rfw_custom_20260810\20260810-R001-49ce74ce_step4_rfw_custom_edgeface-a348c305af33c223b337
geometry,rfw_custom,edgeface-a348c305af33c223b337,pq,pq_512_m16_b8,mouth_attention,cosine_to_origin,2037,1830,0.0470683242853,0.95,0.00555042749898,0.0914031794173,500,weighted_rerank,identity-cluster-weighted-rerank-v1,20260810-R001-49ce74ce,C:\ronbun\runs\rfw_custom_20260810\20260810-R001-49ce74ce_step4_rfw_custom_edgeface-a348c305af33c223b337
geometry,rfw_custom,edgeface-a348c305af33c223b337,pq,pq_512_m16_b8,left_cheek_attention,angular_error_rad,2031,1825,-0.0143139203786,0.95,-0.0605188898936,0.0258285136371,500,weighted_rerank,identity-cluster-weighted-rerank-v1,20260810-R001-49ce74ce,C:\ronbun\runs\rfw_custom_20260810\20260810-R001-49ce74ce_step4_rfw_custom_edgeface-a348c305af33c223b337
geometry,rfw_custom,edgeface-a348c305af33c223b337,pq,pq_512_m16_b8,left_cheek_attention,reconstruction_mse,2031,1825,-0.0150055686395,0.95,-0.0600994941089,0.0247685711047,500,weighted_rerank,identity-cluster-weighted-rerank-v1,20260810-R001-49ce74ce,C:\ronbun\runs\rfw_custom_20260810\20260810-R001-49ce74ce_step4_rfw_custom_edgeface-a348c305af33c223b337
geometry,rfw_custom,edgeface-a348c305af33c223b337,pq,pq_512_m16_b8,left_cheek_attention,cosine_to_origin,2031,1825,0.0143139203786,0.95,-0.0258285136371,0.0605188898936,500,weighted_rerank,identity-cluster-weighted-rerank-v1,20260810-R001-49ce74ce,C:\ronbun\runs\rfw_custom_20260810\20260810-R001-49ce74ce_step4_rfw_custom_edgeface-a348c305af33c223b337
geometry,rfw_custom,edgeface-a348c305af33c223b337,pq,pq_512_m16_b8,right_cheek_attention,angular_error_rad,2024,1818,0.0114865486682,0.95,-0.0311931145429,0.0606746522934,500,weighted_rerank,identity-cluster-weighted-rerank-v1,20260810-R001-49ce74ce,C:\ronbun\runs\rfw_custom_20260810\20260810-R001-49ce74ce_step4_rfw_custom_edgeface-a348c305af33c223b337
geometry,rfw_custom,edgeface-a348c305af33c223b337,pq,pq_512_m16_b8,right_cheek_attention,reconstruction_mse,2024,1818,0.0120807388257,0.95,-0.0310352086927,0.0616661657007,500,weighted_rerank,identity-cluster-weighted-rerank-v1,20260810-R001-49ce74ce,C:\ronbun\runs\rfw_custom_20260810\20260810-R001-49ce74ce_step4_rfw_custom_edgeface-a348c305af33c223b337
geometry,rfw_custom,edgeface-a348c305af33c223b337,pq,pq_512_m16_b8,right_cheek_attention,cosine_to_origin,2024,1818,-0.0114865486682,0.95,-0.0606746522934,0.0311931145429,500,weighted_rerank,identity-cluster-weighted-rerank-v1,20260810-R001-49ce74ce,C:\ronbun\runs\rfw_custom_20260810\20260810-R001-49ce74ce_step4_rfw_custom_edgeface-a348c305af33c223b337
geometry,rfw_custom,edgeface-a348c305af33c223b337,pq,pq_512_m16_b8,jaw_attention,angular_error_rad,2037,1830,-0.0448119764906,0.95,-0.0875587296032,-0.000884586379405,500,weighted_rerank,identity-cluster-weighted-rerank-v1,20260810-R001-49ce74ce,C:\ronbun\runs\rfw_custom_20260810\20260810-R001-49ce74ce_step4_rfw_custom_edgeface-a348c305af33c223b337
geometry,rfw_custom,edgeface-a348c305af33c223b337,pq,pq_512_m16_b8,jaw_attention,reconstruction_mse,2037,1830,-0.0453308685143,0.95,-0.0879716824526,-0.00144176835554,500,weighted_rerank,identity-cluster-weighted-rerank-v1,20260810-R001-49ce74ce,C:\ronbun\runs\rfw_custom_20260810\20260810-R001-49ce74ce_step4_rfw_custom_edgeface-a348c305af33c223b337
geometry,rfw_custom,edgeface-a348c305af33c223b337,pq,pq_512_m16_b8,jaw_attention,cosine_to_origin,2037,1830,0.0448119764906,0.95,0.000884586379405,0.0875587296032,500,weighted_rerank,identity-cluster-weighted-rerank-v1,20260810-R001-49ce74ce,C:\ronbun\runs\rfw_custom_20260810\20260810-R001-49ce74ce_step4_rfw_custom_edgeface-a348c305af33c223b337
geometry,rfw_custom,edgeface-a348c305af33c223b337,pq,pq_512_m16_b8,face_attention,angular_error_rad,2037,1830,-0.0414266227049,0.95,-0.0871552196661,-7.8439613901e-05,500,weighted_rerank,identity-cluster-weighted-rerank-v1,20260810-R001-49ce74ce,C:\ronbun\runs\rfw_custom_20260810\20260810-R001-49ce74ce_step4_rfw_custom_edgeface-a348c305af33c223b337
geometry,rfw_custom,edgeface-a348c305af33c223b337,pq,pq_512_m16_b8,face_attention,reconstruction_mse,2037,1830,-0.0419026570727,0.95,-0.0874465968414,-9.7442499655e-05,500,weighted_rerank,identity-cluster-weighted-rerank-v1,20260810-R001-49ce74ce,C:\ronbun\runs\rfw_custom_20260810\20260810-R001-49ce74ce_step4_rfw_custom_edgeface-a348c305af33c223b337
geometry,rfw_custom,edgeface-a348c305af33c223b337,pq,pq_512_m16_b8,face_attention,cosine_to_origin,2037,1830,0.0414266227049,0.95,7.8439613901e-05,0.0871552196661,500,weighted_rerank,identity-cluster-weighted-rerank-v1,20260810-R001-49ce74ce,C:\ronbun\runs\rfw_custom_20260810\20260810-R001-49ce74ce_step4_rfw_custom_edgeface-a348c305af33c223b337
geometry,rfw_custom,edgeface-a348c305af33c223b337,pq,pq_512_m16_b8,outside_face_attention,angular_error_rad,2037,1830,0.0414266227049,0.95,7.8439613901e-05,0.0871552196661,500,weighted_rerank,identity-cluster-weighted-rerank-v1,20260810-R001-49ce74ce,C:\ronbun\runs\rfw_custom_20260810\20260810-R001-49ce74ce_step4_rfw_custom_edgeface-a348c305af33c223b337
geometry,rfw_custom,edgeface-a348c305af33c223b337,pq,pq_512_m16_b8,outside_face_attention,reconstruction_mse,2037,1830,0.0419026570727,0.95,9.7442499655e-05,0.0874465968414,500,weighted_rerank,identity-cluster-weighted-rerank-v1,20260810-R001-49ce74ce,C:\ronbun\runs\rfw_custom_20260810\20260810-R001-49ce74ce_step4_rfw_custom_edgeface-a348c305af33c223b337
geometry,rfw_custom,edgeface-a348c305af33c223b337,pq,pq_512_m16_b8,outside_face_attention,cosine_to_origin,2037,1830,-0.0414266227049,0.95,-0.0871552196661,-7.8439613901e-05,500,weighted_rerank,identity-cluster-weighted-rerank-v1,20260810-R001-49ce74ce,C:\ronbun\runs\rfw_custom_20260810\20260810-R001-49ce74ce_step4_rfw_custom_edgeface-a348c305af33c223b337
geometry,rfw_custom,edgeface-a348c305af33c223b337,pq,pq_512_m16_b8,saliency_entropy,angular_error_rad,2037,1830,-0.00424015454986,0.95,-0.0400101495086,0.034453446724,500,weighted_rerank,identity-cluster-weighted-rerank-v1,20260810-R001-49ce74ce,C:\ronbun\runs\rfw_custom_20260810\20260810-R001-49ce74ce_step4_rfw_custom_edgeface-a348c305af33c223b337
geometry,rfw_custom,edgeface-a348c305af33c223b337,pq,pq_512_m16_b8,saliency_entropy,reconstruction_mse,2037,1830,-0.00427481107446,0.95,-0.0398531828899,0.0332315249913,500,weighted_rerank,identity-cluster-weighted-rerank-v1,20260810-R001-49ce74ce,C:\ronbun\runs\rfw_custom_20260810\20260810-R001-49ce74ce_step4_rfw_custom_edgeface-a348c305af33c223b337
geometry,rfw_custom,edgeface-a348c305af33c223b337,pq,pq_512_m16_b8,saliency_entropy,cosine_to_origin,2037,1830,0.00424015454986,0.95,-0.034453446724,0.0400101495086,500,weighted_rerank,identity-cluster-weighted-rerank-v1,20260810-R001-49ce74ce,C:\ronbun\runs\rfw_custom_20260810\20260810-R001-49ce74ce_step4_rfw_custom_edgeface-a348c305af33c223b337
geometry,rfw_custom,edgeface-a348c305af33c223b337,pq,pq_512_m16_b8,maximum_region_concentration,angular_error_rad,2037,1830,0.0169285144949,0.95,-0.0233754408258,0.0548474060139,500,weighted_rerank,identity-cluster-weighted-rerank-v1,20260810-R001-49ce74ce,C:\ronbun\runs\rfw_custom_20260810\20260810-R001-49ce74ce_step4_rfw_custom_edgeface-a348c305af33c223b337
geometry,rfw_custom,edgeface-a348c305af33c223b337,pq,pq_512_m16_b8,maximum_region_concentration,reconstruction_mse,2037,1830,0.0161366877424,0.95,-0.02404783746,0.0531553477746,500,weighted_rerank,identity-cluster-weighted-rerank-v1,20260810-R001-49ce74ce,C:\ronbun\runs\rfw_custom_20260810\20260810-R001-49ce74ce_step4_rfw_custom_edgeface-a348c305af33c223b337
geometry,rfw_custom,edgeface-a348c305af33c223b337,pq,pq_512_m16_b8,maximum_region_concentration,cosine_to_origin,2037,1830,-0.0169285144949,0.95,-0.0548474060139,0.0233754408258,500,weighted_rerank,identity-cluster-weighted-rerank-v1,20260810-R001-49ce74ce,C:\ronbun\runs\rfw_custom_20260810\20260810-R001-49ce74ce_step4_rfw_custom_edgeface-a348c305af33c223b337
geometry,rfw_custom,edgeface-a348c305af33c223b337,pq,pq_512_m16_b8,left_right_asymmetry,angular_error_rad,2037,1830,0.00932902045471,0.95,-0.0340677225842,0.0511675740134,500,weighted_rerank,identity-cluster-weighted-rerank-v1,20260810-R001-49ce74ce,C:\ronbun\runs\rfw_custom_20260810\20260810-R001-49ce74ce_step4_rfw_custom_edgeface-a348c305af33c223b337
geometry,rfw_custom,edgeface-a348c305af33c223b337,pq,pq_512_m16_b8,left_right_asymmetry,reconstruction_mse,2037,1830,0.00951704388882,0.95,-0.0345025619998,0.0514574693459,500,weighted_rerank,identity-cluster-weighted-rerank-v1,20260810-R001-49ce74ce,C:\ronbun\runs\rfw_custom_20260810\20260810-R001-49ce74ce_step4_rfw_custom_edgeface-a348c305af33c223b337
geometry,rfw_custom,edgeface-a348c305af33c223b337,pq,pq_512_m16_b8,left_right_asymmetry,cosine_to_origin,2037,1830,-0.00932902045471,0.95,-0.0511675740134,0.0340677225842,500,weighted_rerank,identity-cluster-weighted-rerank-v1,20260810-R001-49ce74ce,C:\ronbun\runs\rfw_custom_20260810\20260810-R001-49ce74ce_step4_rfw_custom_edgeface-a348c305af33c223b337
geometry,rfw_custom,edgeface-a348c305af33c223b337,pq,pq_512_m16_b8,saliency_center_x,angular_error_rad,2037,1830,-0.0149435527765,0.95,-0.0595444074466,0.0275704087425,500,weighted_rerank,identity-cluster-weighted-rerank-v1,20260810-R001-49ce74ce,C:\ronbun\runs\rfw_custom_20260810\20260810-R001-49ce74ce_step4_rfw_custom_edgeface-a348c305af33c223b337
geometry,rfw_custom,edgeface-a348c305af33c223b337,pq,pq_512_m16_b8,saliency_center_x,reconstruction_mse,2037,1830,-0.0149748203816,0.95,-0.0598792881009,0.0272360206754,500,weighted_rerank,identity-cluster-weighted-rerank-v1,20260810-R001-49ce74ce,C:\ronbun\runs\rfw_custom_20260810\20260810-R001-49ce74ce_step4_rfw_custom_edgeface-a348c305af33c223b337
geometry,rfw_custom,edgeface-a348c305af33c223b337,pq,pq_512_m16_b8,saliency_center_x,cosine_to_origin,2037,1830,0.0149435527765,0.95,-0.0275704087425,0.0595444074466,500,weighted_rerank,identity-cluster-weighted-rerank-v1,20260810-R001-49ce74ce,C:\ronbun\runs\rfw_custom_20260810\20260810-R001-49ce74ce_step4_rfw_custom_edgeface-a348c305af33c223b337
geometry,rfw_custom,edgeface-a348c305af33c223b337,pq,pq_512_m16_b8,saliency_center_y,angular_error_rad,2037,1830,-0.0282020920983,0.95,-0.0707284716485,0.0112340902866,500,weighted_rerank,identity-cluster-weighted-rerank-v1,20260810-R001-49ce74ce,C:\ronbun\runs\rfw_custom_20260810\20260810-R001-49ce74ce_step4_rfw_custom_edgeface-a348c305af33c223b337
geometry,rfw_custom,edgeface-a348c305af33c223b337,pq,pq_512_m16_b8,saliency_center_y,reconstruction_mse,2037,1830,-0.0287869078783,0.95,-0.0714344431084,0.0105801023142,500,weighted_rerank,identity-cluster-weighted-rerank-v1,20260810-R001-49ce74ce,C:\ronbun\runs\rfw_custom_20260810\20260810-R001-49ce74ce_step4_rfw_custom_edgeface-a348c305af33c223b337
geometry,rfw_custom,edgeface-a348c305af33c223b337,pq,pq_512_m16_b8,saliency_center_y,cosine_to_origin,2037,1830,0.0282020920983,0.95,-0.0112340902866,0.0707284716485,500,weighted_rerank,identity-cluster-weighted-rerank-v1,20260810-R001-49ce74ce,C:\ronbun\runs\rfw_custom_20260810\20260810-R001-49ce74ce_step4_rfw_custom_edgeface-a348c305af33c223b337
geometry,rfw_custom,edgeface-a348c305af33c223b337,pq,pq_512_m16_b8,saliency_spread,angular_error_rad,2037,1830,0.038432056979,0.95,0.000465739857995,0.0846596500343,500,weighted_rerank,identity-cluster-weighted-rerank-v1,20260810-R001-49ce74ce,C:\ronbun\runs\rfw_custom_20260810\20260810-R001-49ce74ce_step4_rfw_custom_edgeface-a348c305af33c223b337
geometry,rfw_custom,edgeface-a348c305af33c223b337,pq,pq_512_m16_b8,saliency_spread,reconstruction_mse,2037,1830,0.0394771030013,0.95,0.00198927654523,0.0856426117748,500,weighted_rerank,identity-cluster-weighted-rerank-v1,20260810-R001-49ce74ce,C:\ronbun\runs\rfw_custom_20260810\20260810-R001-49ce74ce_step4_rfw_custom_edgeface-a348c305af33c223b337
geometry,rfw_custom,edgeface-a348c305af33c223b337,pq,pq_512_m16_b8,saliency_spread,cosine_to_origin,2037,1830,-0.038432056979,0.95,-0.0846596500343,-0.000465739857995,500,weighted_rerank,identity-cluster-weighted-rerank-v1,20260810-R001-49ce74ce,C:\ronbun\runs\rfw_custom_20260810\20260810-R001-49ce74ce_step4_rfw_custom_edgeface-a348c305af33c223b337
geometry,rfw_custom,edgeface-a348c305af33c223b337,pq,pq_512_m32_b8,quadrant_top_left,angular_error_rad,2037,1830,0.0024516057368,0.95,-0.0434325547841,0.0443771777635,500,weighted_rerank,identity-cluster-weighted-rerank-v1,20260810-R001-49ce74ce,C:\ronbun\runs\rfw_custom_20260810\20260810-R001-49ce74ce_step4_rfw_custom_edgeface-a348c305af33c223b337
geometry,rfw_custom,edgeface-a348c305af33c223b337,pq,pq_512_m32_b8,quadrant_top_left,reconstruction_mse,2037,1830,0.0023072466477,0.95,-0.0441011534066,0.0442749586622,500,weighted_rerank,identity-cluster-weighted-rerank-v1,20260810-R001-49ce74ce,C:\ronbun\runs\rfw_custom_20260810\20260810-R001-49ce74ce_step4_rfw_custom_edgeface-a348c305af33c223b337
geometry,rfw_custom,edgeface-a348c305af33c223b337,pq,pq_512_m32_b8,quadrant_top_left,cosine_to_origin,2037,1830,-0.0024516057368,0.95,-0.0443771777635,0.0434325547841,500,weighted_rerank,identity-cluster-weighted-rerank-v1,20260810-R001-49ce74ce,C:\ronbun\runs\rfw_custom_20260810\20260810-R001-49ce74ce_step4_rfw_custom_edgeface-a348c305af33c223b337
geometry,rfw_custom,edgeface-a348c305af33c223b337,pq,pq_512_m32_b8,quadrant_top_right,angular_error_rad,2037,1830,0.0174531593564,0.95,-0.0289833506196,0.0587532089999,500,weighted_rerank,identity-cluster-weighted-rerank-v1,20260810-R001-49ce74ce,C:\ronbun\runs\rfw_custom_20260810\20260810-R001-49ce74ce_step4_rfw_custom_edgeface-a348c305af33c223b337
geometry,rfw_custom,edgeface-a348c305af33c223b337,pq,pq_512_m32_b8,quadrant_top_right,reconstruction_mse,2037,1830,0.0172056887954,0.95,-0.0297596177717,0.0577046903404,500,weighted_rerank,identity-cluster-weighted-rerank-v1,20260810-R001-49ce74ce,C:\ronbun\runs\rfw_custom_20260810\20260810-R001-49ce74ce_step4_rfw_custom_edgeface-a348c305af33c223b337
geometry,rfw_custom,edgeface-a348c305af33c223b337,pq,pq_512_m32_b8,quadrant_top_right,cosine_to_origin,2037,1830,-0.0174531593564,0.95,-0.0587532089999,0.0289833506196,500,weighted_rerank,identity-cluster-weighted-rerank-v1,20260810-R001-49ce74ce,C:\ronbun\runs\rfw_custom_20260810\20260810-R001-49ce74ce_step4_rfw_custom_edgeface-a348c305af33c223b337
geometry,rfw_custom,edgeface-a348c305af33c223b337,pq,pq_512_m32_b8,quadrant_bottom_left,angular_error_rad,2037,1830,0.00151674143729,0.95,-0.0418196235077,0.0458248614688,500,weighted_rerank,identity-cluster-weighted-rerank-v1,20260810-R001-49ce74ce,C:\ronbun\runs\rfw_custom_20260810\20260810-R001-49ce74ce_step4_rfw_custom_edgeface-a348c305af33c223b337
geometry,rfw_custom,edgeface-a348c305af33c223b337,pq,pq_512_m32_b8,quadrant_bottom_left,reconstruction_mse,2037,1830,0.000883632046699,0.95,-0.0425775070542,0.0461019124005,500,weighted_rerank,identity-cluster-weighted-rerank-v1,20260810-R001-49ce74ce,C:\ronbun\runs\rfw_custom_20260810\20260810-R001-49ce74ce_step4_rfw_custom_edgeface-a348c305af33c223b337
geometry,rfw_custom,edgeface-a348c305af33c223b337,pq,pq_512_m32_b8,quadrant_bottom_left,cosine_to_origin,2037,1830,-0.00151674143729,0.95,-0.0458248614688,0.0418196235077,500,weighted_rerank,identity-cluster-weighted-rerank-v1,20260810-R001-49ce74ce,C:\ronbun\runs\rfw_custom_20260810\20260810-R001-49ce74ce_step4_rfw_custom_edgeface-a348c305af33c223b337
geometry,rfw_custom,edgeface-a348c305af33c223b337,pq,pq_512_m32_b8,quadrant_bottom_right,angular_error_rad,2037,1830,-0.00138635838466,0.95,-0.0453966053123,0.0431184266163,500,weighted_rerank,identity-cluster-weighted-rerank-v1,20260810-R001-49ce74ce,C:\ronbun\runs\rfw_custom_20260810\20260810-R001-49ce74ce_step4_rfw_custom_edgeface-a348c305af33c223b337
geometry,rfw_custom,edgeface-a348c305af33c223b337,pq,pq_512_m32_b8,quadrant_bottom_right,reconstruction_mse,2037,1830,-0.000598042587773,0.95,-0.0443962815526,0.0442376752334,500,weighted_rerank,identity-cluster-weighted-rerank-v1,20260810-R001-49ce74ce,C:\ronbun\runs\rfw_custom_20260810\20260810-R001-49ce74ce_step4_rfw_custom_edgeface-a348c305af33c223b337
geometry,rfw_custom,edgeface-a348c305af33c223b337,pq,pq_512_m32_b8,quadrant_bottom_right,cosine_to_origin,2037,1830,0.00138635838466,0.95,-0.0431184266163,0.0453966053123,500,weighted_rerank,identity-cluster-weighted-rerank-v1,20260810-R001-49ce74ce,C:\ronbun\runs\rfw_custom_20260810\20260810-R001-49ce74ce_step4_rfw_custom_edgeface-a348c305af33c223b337
geometry,rfw_custom,edgeface-a348c305af33c223b337,pq,pq_512_m32_b8,left_eye_attention,angular_error_rad,2037,1830,0.00393021177227,0.95,-0.0418792958868,0.0493881693307,500,weighted_rerank,identity-cluster-weighted-rerank-v1,20260810-R001-49ce74ce,C:\ronbun\runs\rfw_custom_20260810\20260810-R001-49ce74ce_step4_rfw_custom_edgeface-a348c305af33c223b337
geometry,rfw_custom,edgeface-a348c305af33c223b337,pq,pq_512_m32_b8,left_eye_attention,reconstruction_mse,2037,1830,0.00506099883421,0.95,-0.0416005017855,0.0496143379796,500,weighted_rerank,identity-cluster-weighted-rerank-v1,20260810-R001-49ce74ce,C:\ronbun\runs\rfw_custom_20260810\20260810-R001-49ce74ce_step4_rfw_custom_edgeface-a348c305af33c223b337
geometry,rfw_custom,edgeface-a348c305af33c223b337,pq,pq_512_m32_b8,left_eye_attention,cosine_to_origin,2037,1830,-0.00393021177227,0.95,-0.0493881693307,0.0418792958868,500,weighted_rerank,identity-cluster-weighted-rerank-v1,20260810-R001-49ce74ce,C:\ronbun\runs\rfw_custom_20260810\20260810-R001-49ce74ce_step4_rfw_custom_edgeface-a348c305af33c223b337
geometry,rfw_custom,edgeface-a348c305af33c223b337,pq,pq_512_m32_b8,right_eye_attention,angular_error_rad,2037,1830,-0.000796424937631,0.95,-0.0441082495104,0.0458908903266,500,weighted_rerank,identity-cluster-weighted-rerank-v1,20260810-R001-49ce74ce,C:\ronbun\runs\rfw_custom_20260810\20260810-R001-49ce74ce_step4_rfw_custom_edgeface-a348c305af33c223b337
geometry,rfw_custom,edgeface-a348c305af33c223b337,pq,pq_512_m32_b8,right_eye_attention,reconstruction_mse,2037,1830,-0.00012591004652,0.95,-0.0435424335609,0.0462811677903,500,weighted_rerank,identity-cluster-weighted-rerank-v1,20260810-R001-49ce74ce,C:\ronbun\runs\rfw_custom_20260810\20260810-R001-49ce74ce_step4_rfw_custom_edgeface-a348c305af33c223b337
geometry,rfw_custom,edgeface-a348c305af33c223b337,pq,pq_512_m32_b8,right_eye_attention,cosine_to_origin,2037,1830,0.000796424937631,0.95,-0.0458908903266,0.0441082495104,500,weighted_rerank,identity-cluster-weighted-rerank-v1,20260810-R001-49ce74ce,C:\ronbun\runs\rfw_custom_20260810\20260810-R001-49ce74ce_step4_rfw_custom_edgeface-a348c305af33c223b337
geometry,rfw_custom,edgeface-a348c305af33c223b337,pq,pq_512_m32_b8,nose_attention,angular_error_rad,2037,1830,0.010418641705,0.95,-0.0375576759656,0.0508296647425,500,weighted_rerank,identity-cluster-weighted-rerank-v1,20260810-R001-49ce74ce,C:\ronbun\runs\rfw_custom_20260810\20260810-R001-49ce74ce_step4_rfw_custom_edgeface-a348c305af33c223b337
geometry,rfw_custom,edgeface-a348c305af33c223b337,pq,pq_512_m32_b8,nose_attention,reconstruction_mse,2037,1830,0.0110268888922,0.95,-0.0367356509315,0.0520427190458,500,weighted_rerank,identity-cluster-weighted-rerank-v1,20260810-R001-49ce74ce,C:\ronbun\runs\rfw_custom_20260810\20260810-R001-49ce74ce_step4_rfw_custom_edgeface-a348c305af33c223b337
geometry,rfw_custom,edgeface-a348c305af33c223b337,pq,pq_512_m32_b8,nose_attention,cosine_to_origin,2037,1830,-0.010418641705,0.95,-0.0508296647425,0.0375576759656,500,weighted_rerank,identity-cluster-weighted-rerank-v1,20260810-R001-49ce74ce,C:\ronbun\runs\rfw_custom_20260810\20260810-R001-49ce74ce_step4_rfw_custom_edgeface-a348c305af33c223b337
geometry,rfw_custom,edgeface-a348c305af33c223b337,pq,pq_512_m32_b8,mouth_attention,angular_error_rad,2037,1830,-0.0166936576607,0.95,-0.060199734656,0.027145033843,500,weighted_rerank,identity-cluster-weighted-rerank-v1,20260810-R001-49ce74ce,C:\ronbun\runs\rfw_custom_20260810\20260810-R001-49ce74ce_step4_rfw_custom_edgeface-a348c305af33c223b337
geometry,rfw_custom,edgeface-a348c305af33c223b337,pq,pq_512_m32_b8,mouth_attention,reconstruction_mse,2037,1830,-0.0166622138595,0.95,-0.059114959422,0.0274523295474,500,weighted_rerank,identity-cluster-weighted-rerank-v1,20260810-R001-49ce74ce,C:\ronbun\runs\rfw_custom_20260810\20260810-R001-49ce74ce_step4_rfw_custom_edgeface-a348c305af33c223b337
geometry,rfw_custom,edgeface-a348c305af33c223b337,pq,pq_512_m32_b8,mouth_attention,cosine_to_origin,2037,1830,0.0166936576607,0.95,-0.027145033843,0.060199734656,500,weighted_rerank,identity-cluster-weighted-rerank-v1,20260810-R001-49ce74ce,C:\ronbun\runs\rfw_custom_20260810\20260810-R001-49ce74ce_step4_rfw_custom_edgeface-a348c305af33c223b337
geometry,rfw_custom,edgeface-a348c305af33c223b337,pq,pq_512_m32_b8,left_cheek_attention,angular_error_rad,2031,1825,-0.0143851275646,0.95,-0.0595936986293,0.0310214213884,500,weighted_rerank,identity-cluster-weighted-rerank-v1,20260810-R001-49ce74ce,C:\ronbun\runs\rfw_custom_20260810\20260810-R001-49ce74ce_step4_rfw_custom_edgeface-a348c305af33c223b337
geometry,rfw_custom,edgeface-a348c305af33c223b337,pq,pq_512_m32_b8,left_cheek_attention,reconstruction_mse,2031,1825,-0.01553330043,0.95,-0.0610711300585,0.0294724929506,500,weighted_rerank,identity-cluster-weighted-rerank-v1,20260810-R001-49ce74ce,C:\ronbun\runs\rfw_custom_20260810\20260810-R001-49ce74ce_step4_rfw_custom_edgeface-a348c305af33c223b337
geometry,rfw_custom,edgeface-a348c305af33c223b337,pq,pq_512_m32_b8,left_cheek_attention,cosine_to_origin,2031,1825,0.0143851275646,0.95,-0.0310214213884,0.0595936986293,500,weighted_rerank,identity-cluster-weighted-rerank-v1,20260810-R001-49ce74ce,C:\ronbun\runs\rfw_custom_20260810\20260810-R001-49ce74ce_step4_rfw_custom_edgeface-a348c305af33c223b337
geometry,rfw_custom,edgeface-a348c305af33c223b337,pq,pq_512_m32_b8,right_cheek_attention,angular_error_rad,2024,1818,0.00247082329148,0.95,-0.0416173837391,0.0517233592114,500,weighted_rerank,identity-cluster-weighted-rerank-v1,20260810-R001-49ce74ce,C:\ronbun\runs\rfw_custom_20260810\20260810-R001-49ce74ce_step4_rfw_custom_edgeface-a348c305af33c223b337
geometry,rfw_custom,edgeface-a348c305af33c223b337,pq,pq_512_m32_b8,right_cheek_attention,reconstruction_mse,2024,1818,0.00248661636817,0.95,-0.0418390980068,0.0521325348074,500,weighted_rerank,identity-cluster-weighted-rerank-v1,20260810-R001-49ce74ce,C:\ronbun\runs\rfw_custom_20260810\20260810-R001-49ce74ce_step4_rfw_custom_edgeface-a348c305af33c223b337
geometry,rfw_custom,edgeface-a348c305af33c223b337,pq,pq_512_m32_b8,right_cheek_attention,cosine_to_origin,2024,1818,-0.00247082329148,0.95,-0.0517233592114,0.0416173837391,500,weighted_rerank,identity-cluster-weighted-rerank-v1,20260810-R001-49ce74ce,C:\ronbun\runs\rfw_custom_20260810\20260810-R001-49ce74ce_step4_rfw_custom_edgeface-a348c305af33c223b337
geometry,rfw_custom,edgeface-a348c305af33c223b337,pq,pq_512_m32_b8,jaw_attention,angular_error_rad,2037,1830,-0.0115198562026,0.95,-0.0574960166041,0.0329250861865,500,weighted_rerank,identity-cluster-weighted-rerank-v1,20260810-R001-49ce74ce,C:\ronbun\runs\rfw_custom_20260810\20260810-R001-49ce74ce_step4_rfw_custom_edgeface-a348c305af33c223b337
geometry,rfw_custom,edgeface-a348c305af33c223b337,pq,pq_512_m32_b8,jaw_attention,reconstruction_mse,2037,1830,-0.0118872845211,0.95,-0.0583540065227,0.0327777456029,500,weighted_rerank,identity-cluster-weighted-rerank-v1,20260810-R001-49ce74ce,C:\ronbun\runs\rfw_custom_20260810\20260810-R001-49ce74ce_step4_rfw_custom_edgeface-a348c305af33c223b337
geometry,rfw_custom,edgeface-a348c305af33c223b337,pq,pq_512_m32_b8,jaw_attention,cosine_to_origin,2037,1830,0.0115198562026,0.95,-0.0329250861865,0.0574960166041,500,weighted_rerank,identity-cluster-weighted-rerank-v1,20260810-R001-49ce74ce,C:\ronbun\runs\rfw_custom_20260810\20260810-R001-49ce74ce_step4_rfw_custom_edgeface-a348c305af33c223b337
geometry,rfw_custom,edgeface-a348c305af33c223b337,pq,pq_512_m32_b8,face_attention,angular_error_rad,2037,1830,-0.016209659157,0.95,-0.0594779165691,0.0271227286261,500,weighted_rerank,identity-cluster-weighted-rerank-v1,20260810-R001-49ce74ce,C:\ronbun\runs\rfw_custom_20260810\20260810-R001-49ce74ce_step4_rfw_custom_edgeface-a348c305af33c223b337
geometry,rfw_custom,edgeface-a348c305af33c223b337,pq,pq_512_m32_b8,face_attention,reconstruction_mse,2037,1830,-0.0155028752947,0.95,-0.0588368040813,0.0278897918503,500,weighted_rerank,identity-cluster-weighted-rerank-v1,20260810-R001-49ce74ce,C:\ronbun\runs\rfw_custom_20260810\20260810-R001-49ce74ce_step4_rfw_custom_edgeface-a348c305af33c223b337
geometry,rfw_custom,edgeface-a348c305af33c223b337,pq,pq_512_m32_b8,face_attention,cosine_to_origin,2037,1830,0.016209659157,0.95,-0.0271227286261,0.0594779165691,500,weighted_rerank,identity-cluster-weighted-rerank-v1,20260810-R001-49ce74ce,C:\ronbun\runs\rfw_custom_20260810\20260810-R001-49ce74ce_step4_rfw_custom_edgeface-a348c305af33c223b337
geometry,rfw_custom,edgeface-a348c305af33c223b337,pq,pq_512_m32_b8,outside_face_attention,angular_error_rad,2037,1830,0.016209659157,0.95,-0.0271227286261,0.0594779165691,500,weighted_rerank,identity-cluster-weighted-rerank-v1,20260810-R001-49ce74ce,C:\ronbun\runs\rfw_custom_20260810\20260810-R001-49ce74ce_step4_rfw_custom_edgeface-a348c305af33c223b337
geometry,rfw_custom,edgeface-a348c305af33c223b337,pq,pq_512_m32_b8,outside_face_attention,reconstruction_mse,2037,1830,0.0155028752947,0.95,-0.0278897918503,0.0588368040813,500,weighted_rerank,identity-cluster-weighted-rerank-v1,20260810-R001-49ce74ce,C:\ronbun\runs\rfw_custom_20260810\20260810-R001-49ce74ce_step4_rfw_custom_edgeface-a348c305af33c223b337
geometry,rfw_custom,edgeface-a348c305af33c223b337,pq,pq_512_m32_b8,outside_face_attention,cosine_to_origin,2037,1830,-0.016209659157,0.95,-0.0594779165691,0.0271227286261,500,weighted_rerank,identity-cluster-weighted-rerank-v1,20260810-R001-49ce74ce,C:\ronbun\runs\rfw_custom_20260810\20260810-R001-49ce74ce_step4_rfw_custom_edgeface-a348c305af33c223b337
geometry,rfw_custom,edgeface-a348c305af33c223b337,pq,pq_512_m32_b8,saliency_entropy,angular_error_rad,2037,1830,0.0150877390337,0.95,-0.0287636399263,0.0595449640555,500,weighted_rerank,identity-cluster-weighted-rerank-v1,20260810-R001-49ce74ce,C:\ronbun\runs\rfw_custom_20260810\20260810-R001-49ce74ce_step4_rfw_custom_edgeface-a348c305af33c223b337
geometry,rfw_custom,edgeface-a348c305af33c223b337,pq,pq_512_m32_b8,saliency_entropy,reconstruction_mse,2037,1830,0.013973646873,0.95,-0.0293529992069,0.0581166360514,500,weighted_rerank,identity-cluster-weighted-rerank-v1,20260810-R001-49ce74ce,C:\ronbun\runs\rfw_custom_20260810\20260810-R001-49ce74ce_step4_rfw_custom_edgeface-a348c305af33c223b337
geometry,rfw_custom,edgeface-a348c305af33c223b337,pq,pq_512_m32_b8,saliency_entropy,cosine_to_origin,2037,1830,-0.0150877390337,0.95,-0.0595449640555,0.0287636399263,500,weighted_rerank,identity-cluster-weighted-rerank-v1,20260810-R001-49ce74ce,C:\ronbun\runs\rfw_custom_20260810\20260810-R001-49ce74ce_step4_rfw_custom_edgeface-a348c305af33c223b337
geometry,rfw_custom,edgeface-a348c305af33c223b337,pq,pq_512_m32_b8,maximum_region_concentration,angular_error_rad,2037,1830,0.00361059068647,0.95,-0.0395667261071,0.0414199872252,500,weighted_rerank,identity-cluster-weighted-rerank-v1,20260810-R001-49ce74ce,C:\ronbun\runs\rfw_custom_20260810\20260810-R001-49ce74ce_step4_rfw_custom_edgeface-a348c305af33c223b337
geometry,rfw_custom,edgeface-a348c305af33c223b337,pq,pq_512_m32_b8,maximum_region_concentration,reconstruction_mse,2037,1830,0.00485725921043,0.95,-0.0379036880418,0.0420509233566,500,weighted_rerank,identity-cluster-weighted-rerank-v1,20260810-R001-49ce74ce,C:\ronbun\runs\rfw_custom_20260810\20260810-R001-49ce74ce_step4_rfw_custom_edgeface-a348c305af33c223b337
geometry,rfw_custom,edgeface-a348c305af33c223b337,pq,pq_512_m32_b8,maximum_region_concentration,cosine_to_origin,2037,1830,-0.00361059068647,0.95,-0.0414199872252,0.0395667261071,500,weighted_rerank,identity-cluster-weighted-rerank-v1,20260810-R001-49ce74ce,C:\ronbun\runs\rfw_custom_20260810\20260810-R001-49ce74ce_step4_rfw_custom_edgeface-a348c305af33c223b337
geometry,rfw_custom,edgeface-a348c305af33c223b337,pq,pq_512_m32_b8,left_right_asymmetry,angular_error_rad,2037,1830,-0.0167738014782,0.95,-0.0610040536699,0.0244044028593,500,weighted_rerank,identity-cluster-weighted-rerank-v1,20260810-R001-49ce74ce,C:\ronbun\runs\rfw_custom_20260810\20260810-R001-49ce74ce_step4_rfw_custom_edgeface-a348c305af33c223b337
geometry,rfw_custom,edgeface-a348c305af33c223b337,pq,pq_512_m32_b8,left_right_asymmetry,reconstruction_mse,2037,1830,-0.0161781575499,0.95,-0.060561082826,0.0240719919401,500,weighted_rerank,identity-cluster-weighted-rerank-v1,20260810-R001-49ce74ce,C:\ronbun\runs\rfw_custom_20260810\20260810-R001-49ce74ce_step4_rfw_custom_edgeface-a348c305af33c223b337
geometry,rfw_custom,edgeface-a348c305af33c223b337,pq,pq_512_m32_b8,left_right_asymmetry,cosine_to_origin,2037,1830,0.0167738014782,0.95,-0.0244044028593,0.0610040536699,500,weighted_rerank,identity-cluster-weighted-rerank-v1,20260810-R001-49ce74ce,C:\ronbun\runs\rfw_custom_20260810\20260810-R001-49ce74ce_step4_rfw_custom_edgeface-a348c305af33c223b337
geometry,rfw_custom,edgeface-a348c305af33c223b337,pq,pq_512_m32_b8,saliency_center_x,angular_error_rad,2037,1830,-0.0129458433623,0.95,-0.0597459470684,0.0288430701524,500,weighted_rerank,identity-cluster-weighted-rerank-v1,20260810-R001-49ce74ce,C:\ronbun\runs\rfw_custom_20260810\20260810-R001-49ce74ce_step4_rfw_custom_edgeface-a348c305af33c223b337
geometry,rfw_custom,edgeface-a348c305af33c223b337,pq,pq_512_m32_b8,saliency_center_x,reconstruction_mse,2037,1830,-0.0122147647742,0.95,-0.0591521473363,0.029498130945,500,weighted_rerank,identity-cluster-weighted-rerank-v1,20260810-R001-49ce74ce,C:\ronbun\runs\rfw_custom_20260810\20260810-R001-49ce74ce_step4_rfw_custom_edgeface-a348c305af33c223b337
geometry,rfw_custom,edgeface-a348c305af33c223b337,pq,pq_512_m32_b8,saliency_center_x,cosine_to_origin,2037,1830,0.0129458433623,0.95,-0.0288430701524,0.0597459470684,500,weighted_rerank,identity-cluster-weighted-rerank-v1,20260810-R001-49ce74ce,C:\ronbun\runs\rfw_custom_20260810\20260810-R001-49ce74ce_step4_rfw_custom_edgeface-a348c305af33c223b337
geometry,rfw_custom,edgeface-a348c305af33c223b337,pq,pq_512_m32_b8,saliency_center_y,angular_error_rad,2037,1830,-0.0085273730075,0.95,-0.0533473370596,0.0355679909137,500,weighted_rerank,identity-cluster-weighted-rerank-v1,20260810-R001-49ce74ce,C:\ronbun\runs\rfw_custom_20260810\20260810-R001-49ce74ce_step4_rfw_custom_edgeface-a348c305af33c223b337
geometry,rfw_custom,edgeface-a348c305af33c223b337,pq,pq_512_m32_b8,saliency_center_y,reconstruction_mse,2037,1830,-0.00833742479445,0.95,-0.053487150328,0.0361236904359,500,weighted_rerank,identity-cluster-weighted-rerank-v1,20260810-R001-49ce74ce,C:\ronbun\runs\rfw_custom_20260810\20260810-R001-49ce74ce_step4_rfw_custom_edgeface-a348c305af33c223b337
geometry,rfw_custom,edgeface-a348c305af33c223b337,pq,pq_512_m32_b8,saliency_center_y,cosine_to_origin,2037,1830,0.0085273730075,0.95,-0.0355679909137,0.0533473370596,500,weighted_rerank,identity-cluster-weighted-rerank-v1,20260810-R001-49ce74ce,C:\ronbun\runs\rfw_custom_20260810\20260810-R001-49ce74ce_step4_rfw_custom_edgeface-a348c305af33c223b337
geometry,rfw_custom,edgeface-a348c305af33c223b337,pq,pq_512_m32_b8,saliency_spread,angular_error_rad,2037,1830,0.0378024704291,0.95,-0.00616605456378,0.0765886897458,500,weighted_rerank,identity-cluster-weighted-rerank-v1,20260810-R001-49ce74ce,C:\ronbun\runs\rfw_custom_20260810\20260810-R001-49ce74ce_step4_rfw_custom_edgeface-a348c305af33c223b337
geometry,rfw_custom,edgeface-a348c305af33c223b337,pq,pq_512_m32_b8,saliency_spread,reconstruction_mse,2037,1830,0.0378692201406,0.95,-0.00581425877842,0.0767119162742,500,weighted_rerank,identity-cluster-weighted-rerank-v1,20260810-R001-49ce74ce,C:\ronbun\runs\rfw_custom_20260810\20260810-R001-49ce74ce_step4_rfw_custom_edgeface-a348c305af33c223b337
geometry,rfw_custom,edgeface-a348c305af33c223b337,pq,pq_512_m32_b8,saliency_spread,cosine_to_origin,2037,1830,-0.0378024704291,0.95,-0.0765886897458,0.00616605456378,500,weighted_rerank,identity-cluster-weighted-rerank-v1,20260810-R001-49ce74ce,C:\ronbun\runs\rfw_custom_20260810\20260810-R001-49ce74ce_step4_rfw_custom_edgeface-a348c305af33c223b337
geometry,rfw_custom,edgeface-a348c305af33c223b337,pq,pq_512_m64_b8,quadrant_top_left,angular_error_rad,2037,1830,0.000969767215419,0.95,-0.0399893518503,0.0407663728441,500,weighted_rerank,identity-cluster-weighted-rerank-v1,20260810-R001-49ce74ce,C:\ronbun\runs\rfw_custom_20260810\20260810-R001-49ce74ce_step4_rfw_custom_edgeface-a348c305af33c223b337
geometry,rfw_custom,edgeface-a348c305af33c223b337,pq,pq_512_m64_b8,quadrant_top_left,reconstruction_mse,2037,1830,0.00115502675682,0.95,-0.0398281128578,0.0412345806597,500,weighted_rerank,identity-cluster-weighted-rerank-v1,20260810-R001-49ce74ce,C:\ronbun\runs\rfw_custom_20260810\20260810-R001-49ce74ce_step4_rfw_custom_edgeface-a348c305af33c223b337
geometry,rfw_custom,edgeface-a348c305af33c223b337,pq,pq_512_m64_b8,quadrant_top_left,cosine_to_origin,2037,1830,-0.000969767215419,0.95,-0.0407663728441,0.0399893518503,500,weighted_rerank,identity-cluster-weighted-rerank-v1,20260810-R001-49ce74ce,C:\ronbun\runs\rfw_custom_20260810\20260810-R001-49ce74ce_step4_rfw_custom_edgeface-a348c305af33c223b337
geometry,rfw_custom,edgeface-a348c305af33c223b337,pq,pq_512_m64_b8,quadrant_top_right,angular_error_rad,2037,1830,-0.0308566307607,0.95,-0.0747055343821,0.0116545467733,500,weighted_rerank,identity-cluster-weighted-rerank-v1,20260810-R001-49ce74ce,C:\ronbun\runs\rfw_custom_20260810\20260810-R001-49ce74ce_step4_rfw_custom_edgeface-a348c305af33c223b337
geometry,rfw_custom,edgeface-a348c305af33c223b337,pq,pq_512_m64_b8,quadrant_top_right,reconstruction_mse,2037,1830,-0.0300269155748,0.95,-0.0734281715394,0.0127840273422,500,weighted_rerank,identity-cluster-weighted-rerank-v1,20260810-R001-49ce74ce,C:\ronbun\runs\rfw_custom_20260810\20260810-R001-49ce74ce_step4_rfw_custom_edgeface-a348c305af33c223b337
geometry,rfw_custom,edgeface-a348c305af33c223b337,pq,pq_512_m64_b8,quadrant_top_right,cosine_to_origin,2037,1830,0.0308566307607,0.95,-0.0116545467733,0.0747055343821,500,weighted_rerank,identity-cluster-weighted-rerank-v1,20260810-R001-49ce74ce,C:\ronbun\runs\rfw_custom_20260810\20260810-R001-49ce74ce_step4_rfw_custom_edgeface-a348c305af33c223b337
geometry,rfw_custom,edgeface-a348c305af33c223b337,pq,pq_512_m64_b8,quadrant_bottom_left,angular_error_rad,2037,1830,0.027282945862,0.95,-0.0146660721827,0.0699295624056,500,weighted_rerank,identity-cluster-weighted-rerank-v1,20260810-R001-49ce74ce,C:\ronbun\runs\rfw_custom_20260810\20260810-R001-49ce74ce_step4_rfw_custom_edgeface-a348c305af33c223b337
geometry,rfw_custom,edgeface-a348c305af33c223b337,pq,pq_512_m64_b8,quadrant_bottom_left,reconstruction_mse,2037,1830,0.0267159430476,0.95,-0.0145766224544,0.069418696263,500,weighted_rerank,identity-cluster-weighted-rerank-v1,20260810-R001-49ce74ce,C:\ronbun\runs\rfw_custom_20260810\20260810-R001-49ce74ce_step4_rfw_custom_edgeface-a348c305af33c223b337
geometry,rfw_custom,edgeface-a348c305af33c223b337,pq,pq_512_m64_b8,quadrant_bottom_left,cosine_to_origin,2037,1830,-0.027282945862,0.95,-0.0699295624056,0.0146660721827,500,weighted_rerank,identity-cluster-weighted-rerank-v1,20260810-R001-49ce74ce,C:\ronbun\runs\rfw_custom_20260810\20260810-R001-49ce74ce_step4_rfw_custom_edgeface-a348c305af33c223b337
geometry,rfw_custom,edgeface-a348c305af33c223b337,pq,pq_512_m64_b8,quadrant_bottom_right,angular_error_rad,2037,1830,0.0178801372508,0.95,-0.0240952675228,0.062395686807,500,weighted_rerank,identity-cluster-weighted-rerank-v1,20260810-R001-49ce74ce,C:\ronbun\runs\rfw_custom_20260810\20260810-R001-49ce74ce_step4_rfw_custom_edgeface-a348c305af33c223b337
geometry,rfw_custom,edgeface-a348c305af33c223b337,pq,pq_512_m64_b8,quadrant_bottom_right,reconstruction_mse,2037,1830,0.0172851061058,0.95,-0.0235256705087,0.0621066004145,500,weighted_rerank,identity-cluster-weighted-rerank-v1,20260810-R001-49ce74ce,C:\ronbun\runs\rfw_custom_20260810\20260810-R001-49ce74ce_step4_rfw_custom_edgeface-a348c305af33c223b337
geometry,rfw_custom,edgeface-a348c305af33c223b337,pq,pq_512_m64_b8,quadrant_bottom_right,cosine_to_origin,2037,1830,-0.0178801372508,0.95,-0.062395686807,0.0240952675228,500,weighted_rerank,identity-cluster-weighted-rerank-v1,20260810-R001-49ce74ce,C:\ronbun\runs\rfw_custom_20260810\20260810-R001-49ce74ce_step4_rfw_custom_edgeface-a348c305af33c223b337
geometry,rfw_custom,edgeface-a348c305af33c223b337,pq,pq_512_m64_b8,left_eye_attention,angular_error_rad,2037,1830,0.0395343584122,0.95,-0.00581154224641,0.0821660008248,500,weighted_rerank,identity-cluster-weighted-rerank-v1,20260810-R001-49ce74ce,C:\ronbun\runs\rfw_custom_20260810\20260810-R001-49ce74ce_step4_rfw_custom_edgeface-a348c305af33c223b337
geometry,rfw_custom,edgeface-a348c305af33c223b337,pq,pq_512_m64_b8,left_eye_attention,reconstruction_mse,2037,1830,0.0402916750346,0.95,-0.00513048127385,0.0826920248062,500,weighted_rerank,identity-cluster-weighted-rerank-v1,20260810-R001-49ce74ce,C:\ronbun\runs\rfw_custom_20260810\20260810-R001-49ce74ce_step4_rfw_custom_edgeface-a348c305af33c223b337
geometry,rfw_custom,edgeface-a348c305af33c223b337,pq,pq_512_m64_b8,left_eye_attention,cosine_to_origin,2037,1830,-0.0395343584122,0.95,-0.0821660008248,0.00581154224641,500,weighted_rerank,identity-cluster-weighted-rerank-v1,20260810-R001-49ce74ce,C:\ronbun\runs\rfw_custom_20260810\20260810-R001-49ce74ce_step4_rfw_custom_edgeface-a348c305af33c223b337
geometry,rfw_custom,edgeface-a348c305af33c223b337,pq,pq_512_m64_b8,right_eye_attention,angular_error_rad,2037,1830,0.00111179935311,0.95,-0.0402809162183,0.0429714266574,500,weighted_rerank,identity-cluster-weighted-rerank-v1,20260810-R001-49ce74ce,C:\ronbun\runs\rfw_custom_20260810\20260810-R001-49ce74ce_step4_rfw_custom_edgeface-a348c305af33c223b337
geometry,rfw_custom,edgeface-a348c305af33c223b337,pq,pq_512_m64_b8,right_eye_attention,reconstruction_mse,2037,1830,0.0013549747814,0.95,-0.0401761569091,0.0436702460281,500,weighted_rerank,identity-cluster-weighted-rerank-v1,20260810-R001-49ce74ce,C:\ronbun\runs\rfw_custom_20260810\20260810-R001-49ce74ce_step4_rfw_custom_edgeface-a348c305af33c223b337
geometry,rfw_custom,edgeface-a348c305af33c223b337,pq,pq_512_m64_b8,right_eye_attention,cosine_to_origin,2037,1830,-0.00111179935311,0.95,-0.0429714266574,0.0402809162183,500,weighted_rerank,identity-cluster-weighted-rerank-v1,20260810-R001-49ce74ce,C:\ronbun\runs\rfw_custom_20260810\20260810-R001-49ce74ce_step4_rfw_custom_edgeface-a348c305af33c223b337
geometry,rfw_custom,edgeface-a348c305af33c223b337,pq,pq_512_m64_b8,nose_attention,angular_error_rad,2037,1830,0.0166160669244,0.95,-0.024589076253,0.0580697427341,500,weighted_rerank,identity-cluster-weighted-rerank-v1,20260810-R001-49ce74ce,C:\ronbun\runs\rfw_custom_20260810\20260810-R001-49ce74ce_step4_rfw_custom_edgeface-a348c305af33c223b337
geometry,rfw_custom,edgeface-a348c305af33c223b337,pq,pq_512_m64_b8,nose_attention,reconstruction_mse,2037,1830,0.0173575839056,0.95,-0.023260604931,0.0585556482306,500,weighted_rerank,identity-cluster-weighted-rerank-v1,20260810-R001-49ce74ce,C:\ronbun\runs\rfw_custom_20260810\20260810-R001-49ce74ce_step4_rfw_custom_edgeface-a348c305af33c223b337
geometry,rfw_custom,edgeface-a348c305af33c223b337,pq,pq_512_m64_b8,nose_attention,cosine_to_origin,2037,1830,-0.0166160669244,0.95,-0.0580697427341,0.024589076253,500,weighted_rerank,identity-cluster-weighted-rerank-v1,20260810-R001-49ce74ce,C:\ronbun\runs\rfw_custom_20260810\20260810-R001-49ce74ce_step4_rfw_custom_edgeface-a348c305af33c223b337
geometry,rfw_custom,edgeface-a348c305af33c223b337,pq,pq_512_m64_b8,mouth_attention,angular_error_rad,2037,1830,-0.0145327635116,0.95,-0.057087224656,0.0228324030721,500,weighted_rerank,identity-cluster-weighted-rerank-v1,20260810-R001-49ce74ce,C:\ronbun\runs\rfw_custom_20260810\20260810-R001-49ce74ce_step4_rfw_custom_edgeface-a348c305af33c223b337
geometry,rfw_custom,edgeface-a348c305af33c223b337,pq,pq_512_m64_b8,mouth_attention,reconstruction_mse,2037,1830,-0.0156417921708,0.95,-0.0580364166475,0.0223369676322,500,weighted_rerank,identity-cluster-weighted-rerank-v1,20260810-R001-49ce74ce,C:\ronbun\runs\rfw_custom_20260810\20260810-R001-49ce74ce_step4_rfw_custom_edgeface-a348c305af33c223b337
geometry,rfw_custom,edgeface-a348c305af33c223b337,pq,pq_512_m64_b8,mouth_attention,cosine_to_origin,2037,1830,0.0145327635116,0.95,-0.0228324030721,0.057087224656,500,weighted_rerank,identity-cluster-weighted-rerank-v1,20260810-R001-49ce74ce,C:\ronbun\runs\rfw_custom_20260810\20260810-R001-49ce74ce_step4_rfw_custom_edgeface-a348c305af33c223b337
geometry,rfw_custom,edgeface-a348c305af33c223b337,pq,pq_512_m64_b8,left_cheek_attention,angular_error_rad,2031,1825,-0.00772574592892,0.95,-0.0518946967555,0.0396118248425,500,weighted_rerank,identity-cluster-weighted-rerank-v1,20260810-R001-49ce74ce,C:\ronbun\runs\rfw_custom_20260810\20260810-R001-49ce74ce_step4_rfw_custom_edgeface-a348c305af33c223b337
geometry,rfw_custom,edgeface-a348c305af33c223b337,pq,pq_512_m64_b8,left_cheek_attention,reconstruction_mse,2031,1825,-0.0067971911704,0.95,-0.0509469935223,0.0403361290765,500,weighted_rerank,identity-cluster-weighted-rerank-v1,20260810-R001-49ce74ce,C:\ronbun\runs\rfw_custom_20260810\20260810-R001-49ce74ce_step4_rfw_custom_edgeface-a348c305af33c223b337
geometry,rfw_custom,edgeface-a348c305af33c223b337,pq,pq_512_m64_b8,left_cheek_attention,cosine_to_origin,2031,1825,0.00772574592892,0.95,-0.0396118248425,0.0518946967555,500,weighted_rerank,identity-cluster-weighted-rerank-v1,20260810-R001-49ce74ce,C:\ronbun\runs\rfw_custom_20260810\20260810-R001-49ce74ce_step4_rfw_custom_edgeface-a348c305af33c223b337
geometry,rfw_custom,edgeface-a348c305af33c223b337,pq,pq_512_m64_b8,right_cheek_attention,angular_error_rad,2024,1818,-0.000812724961979,0.95,-0.0422622401511,0.046424590557,500,weighted_rerank,identity-cluster-weighted-rerank-v1,20260810-R001-49ce74ce,C:\ronbun\runs\rfw_custom_20260810\20260810-R001-49ce74ce_step4_rfw_custom_edgeface-a348c305af33c223b337
geometry,rfw_custom,edgeface-a348c305af33c223b337,pq,pq_512_m64_b8,right_cheek_attention,reconstruction_mse,2024,1818,0.00131561864271,0.95,-0.0397601446889,0.0476515606002,500,weighted_rerank,identity-cluster-weighted-rerank-v1,20260810-R001-49ce74ce,C:\ronbun\runs\rfw_custom_20260810\20260810-R001-49ce74ce_step4_rfw_custom_edgeface-a348c305af33c223b337
geometry,rfw_custom,edgeface-a348c305af33c223b337,pq,pq_512_m64_b8,right_cheek_attention,cosine_to_origin,2024,1818,0.000812724961979,0.95,-0.046424590557,0.0422622401511,500,weighted_rerank,identity-cluster-weighted-rerank-v1,20260810-R001-49ce74ce,C:\ronbun\runs\rfw_custom_20260810\20260810-R001-49ce74ce_step4_rfw_custom_edgeface-a348c305af33c223b337
geometry,rfw_custom,edgeface-a348c305af33c223b337,pq,pq_512_m64_b8,jaw_attention,angular_error_rad,2037,1830,0.0219648319082,0.95,-0.0231883814804,0.0673795880901,500,weighted_rerank,identity-cluster-weighted-rerank-v1,20260810-R001-49ce74ce,C:\ronbun\runs\rfw_custom_20260810\20260810-R001-49ce74ce_step4_rfw_custom_edgeface-a348c305af33c223b337
geometry,rfw_custom,edgeface-a348c305af33c223b337,pq,pq_512_m64_b8,jaw_attention,reconstruction_mse,2037,1830,0.0217652189033,0.95,-0.0237196028297,0.0668779068014,500,weighted_rerank,identity-cluster-weighted-rerank-v1,20260810-R001-49ce74ce,C:\ronbun\runs\rfw_custom_20260810\20260810-R001-49ce74ce_step4_rfw_custom_edgeface-a348c305af33c223b337
geometry,rfw_custom,edgeface-a348c305af33c223b337,pq,pq_512_m64_b8,jaw_attention,cosine_to_origin,2037,1830,-0.0219648319082,0.95,-0.0673795880901,0.0231883814804,500,weighted_rerank,identity-cluster-weighted-rerank-v1,20260810-R001-49ce74ce,C:\ronbun\runs\rfw_custom_20260810\20260810-R001-49ce74ce_step4_rfw_custom_edgeface-a348c305af33c223b337
geometry,rfw_custom,edgeface-a348c305af33c223b337,pq,pq_512_m64_b8,face_attention,angular_error_rad,2037,1830,-0.00261624041905,0.95,-0.048393138494,0.04152301691,500,weighted_rerank,identity-cluster-weighted-rerank-v1,20260810-R001-49ce74ce,C:\ronbun\runs\rfw_custom_20260810\20260810-R001-49ce74ce_step4_rfw_custom_edgeface-a348c305af33c223b337
geometry,rfw_custom,edgeface-a348c305af33c223b337,pq,pq_512_m64_b8,face_attention,reconstruction_mse,2037,1830,-0.00179472814974,0.95,-0.0477260613868,0.042273638194,500,weighted_rerank,identity-cluster-weighted-rerank-v1,20260810-R001-49ce74ce,C:\ronbun\runs\rfw_custom_20260810\20260810-R001-49ce74ce_step4_rfw_custom_edgeface-a348c305af33c223b337
geometry,rfw_custom,edgeface-a348c305af33c223b337,pq,pq_512_m64_b8,face_attention,cosine_to_origin,2037,1830,0.00261624041905,0.95,-0.04152301691,0.048393138494,500,weighted_rerank,identity-cluster-weighted-rerank-v1,20260810-R001-49ce74ce,C:\ronbun\runs\rfw_custom_20260810\20260810-R001-49ce74ce_step4_rfw_custom_edgeface-a348c305af33c223b337
geometry,rfw_custom,edgeface-a348c305af33c223b337,pq,pq_512_m64_b8,outside_face_attention,angular_error_rad,2037,1830,0.00261624041905,0.95,-0.04152301691,0.048393138494,500,weighted_rerank,identity-cluster-weighted-rerank-v1,20260810-R001-49ce74ce,C:\ronbun\runs\rfw_custom_20260810\20260810-R001-49ce74ce_step4_rfw_custom_edgeface-a348c305af33c223b337
geometry,rfw_custom,edgeface-a348c305af33c223b337,pq,pq_512_m64_b8,outside_face_attention,reconstruction_mse,2037,1830,0.00179472814974,0.95,-0.042273638194,0.0477260613868,500,weighted_rerank,identity-cluster-weighted-rerank-v1,20260810-R001-49ce74ce,C:\ronbun\runs\rfw_custom_20260810\20260810-R001-49ce74ce_step4_rfw_custom_edgeface-a348c305af33c223b337
geometry,rfw_custom,edgeface-a348c305af33c223b337,pq,pq_512_m64_b8,outside_face_attention,cosine_to_origin,2037,1830,-0.00261624041905,0.95,-0.048393138494,0.04152301691,500,weighted_rerank,identity-cluster-weighted-rerank-v1,20260810-R001-49ce74ce,C:\ronbun\runs\rfw_custom_20260810\20260810-R001-49ce74ce_step4_rfw_custom_edgeface-a348c305af33c223b337
geometry,rfw_custom,edgeface-a348c305af33c223b337,pq,pq_512_m64_b8,saliency_entropy,angular_error_rad,2037,1830,0.0130798150598,0.95,-0.0299810660126,0.0577965202427,500,weighted_rerank,identity-cluster-weighted-rerank-v1,20260810-R001-49ce74ce,C:\ronbun\runs\rfw_custom_20260810\20260810-R001-49ce74ce_step4_rfw_custom_edgeface-a348c305af33c223b337
geometry,rfw_custom,edgeface-a348c305af33c223b337,pq,pq_512_m64_b8,saliency_entropy,reconstruction_mse,2037,1830,0.0133281464752,0.95,-0.0301071951983,0.0576079459648,500,weighted_rerank,identity-cluster-weighted-rerank-v1,20260810-R001-49ce74ce,C:\ronbun\runs\rfw_custom_20260810\20260810-R001-49ce74ce_step4_rfw_custom_edgeface-a348c305af33c223b337
geometry,rfw_custom,edgeface-a348c305af33c223b337,pq,pq_512_m64_b8,saliency_entropy,cosine_to_origin,2037,1830,-0.0130798150598,0.95,-0.0577965202427,0.0299810660126,500,weighted_rerank,identity-cluster-weighted-rerank-v1,20260810-R001-49ce74ce,C:\ronbun\runs\rfw_custom_20260810\20260810-R001-49ce74ce_step4_rfw_custom_edgeface-a348c305af33c223b337
geometry,rfw_custom,edgeface-a348c305af33c223b337,pq,pq_512_m64_b8,maximum_region_concentration,angular_error_rad,2037,1830,-0.0136317400693,0.95,-0.0572455997125,0.0316036847217,500,weighted_rerank,identity-cluster-weighted-rerank-v1,20260810-R001-49ce74ce,C:\ronbun\runs\rfw_custom_20260810\20260810-R001-49ce74ce_step4_rfw_custom_edgeface-a348c305af33c223b337
geometry,rfw_custom,edgeface-a348c305af33c223b337,pq,pq_512_m64_b8,maximum_region_concentration,reconstruction_mse,2037,1830,-0.0134601901709,0.95,-0.0574527230344,0.0311506682485,500,weighted_rerank,identity-cluster-weighted-rerank-v1,20260810-R001-49ce74ce,C:\ronbun\runs\rfw_custom_20260810\20260810-R001-49ce74ce_step4_rfw_custom_edgeface-a348c305af33c223b337
geometry,rfw_custom,edgeface-a348c305af33c223b337,pq,pq_512_m64_b8,maximum_region_concentration,cosine_to_origin,2037,1830,0.0136317400693,0.95,-0.0316036847217,0.0572455997125,500,weighted_rerank,identity-cluster-weighted-rerank-v1,20260810-R001-49ce74ce,C:\ronbun\runs\rfw_custom_20260810\20260810-R001-49ce74ce_step4_rfw_custom_edgeface-a348c305af33c223b337
geometry,rfw_custom,edgeface-a348c305af33c223b337,pq,pq_512_m64_b8,left_right_asymmetry,angular_error_rad,2037,1830,-0.0118798979761,0.95,-0.0556464517947,0.0298554491178,500,weighted_rerank,identity-cluster-weighted-rerank-v1,20260810-R001-49ce74ce,C:\ronbun\runs\rfw_custom_20260810\20260810-R001-49ce74ce_step4_rfw_custom_edgeface-a348c305af33c223b337
geometry,rfw_custom,edgeface-a348c305af33c223b337,pq,pq_512_m64_b8,left_right_asymmetry,reconstruction_mse,2037,1830,-0.0131140251055,0.95,-0.0569320718441,0.0285861449966,500,weighted_rerank,identity-cluster-weighted-rerank-v1,20260810-R001-49ce74ce,C:\ronbun\runs\rfw_custom_20260810\20260810-R001-49ce74ce_step4_rfw_custom_edgeface-a348c305af33c223b337
geometry,rfw_custom,edgeface-a348c305af33c223b337,pq,pq_512_m64_b8,left_right_asymmetry,cosine_to_origin,2037,1830,0.0118798979761,0.95,-0.0298554491178,0.0556464517947,500,weighted_rerank,identity-cluster-weighted-rerank-v1,20260810-R001-49ce74ce,C:\ronbun\runs\rfw_custom_20260810\20260810-R001-49ce74ce_step4_rfw_custom_edgeface-a348c305af33c223b337
geometry,rfw_custom,edgeface-a348c305af33c223b337,pq,pq_512_m64_b8,saliency_center_x,angular_error_rad,2037,1830,-0.0346524981182,0.95,-0.0737652350307,0.00553038186617,500,weighted_rerank,identity-cluster-weighted-rerank-v1,20260810-R001-49ce74ce,C:\ronbun\runs\rfw_custom_20260810\20260810-R001-49ce74ce_step4_rfw_custom_edgeface-a348c305af33c223b337
geometry,rfw_custom,edgeface-a348c305af33c223b337,pq,pq_512_m64_b8,saliency_center_x,reconstruction_mse,2037,1830,-0.0346638425366,0.95,-0.0737850619635,0.00521517356059,500,weighted_rerank,identity-cluster-weighted-rerank-v1,20260810-R001-49ce74ce,C:\ronbun\runs\rfw_custom_20260810\20260810-R001-49ce74ce_step4_rfw_custom_edgeface-a348c305af33c223b337
geometry,rfw_custom,edgeface-a348c305af33c223b337,pq,pq_512_m64_b8,saliency_center_x,cosine_to_origin,2037,1830,0.0346524981182,0.95,-0.00553038186617,0.0737652350307,500,weighted_rerank,identity-cluster-weighted-rerank-v1,20260810-R001-49ce74ce,C:\ronbun\runs\rfw_custom_20260810\20260810-R001-49ce74ce_step4_rfw_custom_edgeface-a348c305af33c223b337
geometry,rfw_custom,edgeface-a348c305af33c223b337,pq,pq_512_m64_b8,saliency_center_y,angular_error_rad,2037,1830,0.0122605096802,0.95,-0.030198144771,0.0578301180897,500,weighted_rerank,identity-cluster-weighted-rerank-v1,20260810-R001-49ce74ce,C:\ronbun\runs\rfw_custom_20260810\20260810-R001-49ce74ce_step4_rfw_custom_edgeface-a348c305af33c223b337
geometry,rfw_custom,edgeface-a348c305af33c223b337,pq,pq_512_m64_b8,saliency_center_y,reconstruction_mse,2037,1830,0.0114263126005,0.95,-0.0309728794806,0.0577127167569,500,weighted_rerank,identity-cluster-weighted-rerank-v1,20260810-R001-49ce74ce,C:\ronbun\runs\rfw_custom_20260810\20260810-R001-49ce74ce_step4_rfw_custom_edgeface-a348c305af33c223b337
geometry,rfw_custom,edgeface-a348c305af33c223b337,pq,pq_512_m64_b8,saliency_center_y,cosine_to_origin,2037,1830,-0.0122605096802,0.95,-0.0578301180897,0.030198144771,500,weighted_rerank,identity-cluster-weighted-rerank-v1,20260810-R001-49ce74ce,C:\ronbun\runs\rfw_custom_20260810\20260810-R001-49ce74ce_step4_rfw_custom_edgeface-a348c305af33c223b337
geometry,rfw_custom,edgeface-a348c305af33c223b337,pq,pq_512_m64_b8,saliency_spread,angular_error_rad,2037,1830,0.035268348806,0.95,-0.00812115795102,0.0830201562981,500,weighted_rerank,identity-cluster-weighted-rerank-v1,20260810-R001-49ce74ce,C:\ronbun\runs\rfw_custom_20260810\20260810-R001-49ce74ce_step4_rfw_custom_edgeface-a348c305af33c223b337
geometry,rfw_custom,edgeface-a348c305af33c223b337,pq,pq_512_m64_b8,saliency_spread,reconstruction_mse,2037,1830,0.0340829062715,0.95,-0.00869387268233,0.0817367152457,500,weighted_rerank,identity-cluster-weighted-rerank-v1,20260810-R001-49ce74ce,C:\ronbun\runs\rfw_custom_20260810\20260810-R001-49ce74ce_step4_rfw_custom_edgeface-a348c305af33c223b337
geometry,rfw_custom,edgeface-a348c305af33c223b337,pq,pq_512_m64_b8,saliency_spread,cosine_to_origin,2037,1830,-0.035268348806,0.95,-0.0830201562981,0.00812115795102,500,weighted_rerank,identity-cluster-weighted-rerank-v1,20260810-R001-49ce74ce,C:\ronbun\runs\rfw_custom_20260810\20260810-R001-49ce74ce_step4_rfw_custom_edgeface-a348c305af33c223b337
geometry,rfw_custom,edgeface-a348c305af33c223b337,pq,pq_512_m8_b8,quadrant_top_left,angular_error_rad,2037,1830,0.00543992555763,0.95,-0.0379228805673,0.0481460829007,500,weighted_rerank,identity-cluster-weighted-rerank-v1,20260810-R001-49ce74ce,C:\ronbun\runs\rfw_custom_20260810\20260810-R001-49ce74ce_step4_rfw_custom_edgeface-a348c305af33c223b337
geometry,rfw_custom,edgeface-a348c305af33c223b337,pq,pq_512_m8_b8,quadrant_top_left,reconstruction_mse,2037,1830,0.00566881362058,0.95,-0.0385032149887,0.0474240707171,500,weighted_rerank,identity-cluster-weighted-rerank-v1,20260810-R001-49ce74ce,C:\ronbun\runs\rfw_custom_20260810\20260810-R001-49ce74ce_step4_rfw_custom_edgeface-a348c305af33c223b337
geometry,rfw_custom,edgeface-a348c305af33c223b337,pq,pq_512_m8_b8,quadrant_top_left,cosine_to_origin,2037,1830,-0.00543992555763,0.95,-0.0481460829007,0.0379228805673,500,weighted_rerank,identity-cluster-weighted-rerank-v1,20260810-R001-49ce74ce,C:\ronbun\runs\rfw_custom_20260810\20260810-R001-49ce74ce_step4_rfw_custom_edgeface-a348c305af33c223b337
geometry,rfw_custom,edgeface-a348c305af33c223b337,pq,pq_512_m8_b8,quadrant_top_right,angular_error_rad,2037,1830,0.0401378722715,0.95,-0.00346106436004,0.0804360297035,500,weighted_rerank,identity-cluster-weighted-rerank-v1,20260810-R001-49ce74ce,C:\ronbun\runs\rfw_custom_20260810\20260810-R001-49ce74ce_step4_rfw_custom_edgeface-a348c305af33c223b337
geometry,rfw_custom,edgeface-a348c305af33c223b337,pq,pq_512_m8_b8,quadrant_top_right,reconstruction_mse,2037,1830,0.0405161564492,0.95,-0.00288158758824,0.0809015758653,500,weighted_rerank,identity-cluster-weighted-rerank-v1,20260810-R001-49ce74ce,C:\ronbun\runs\rfw_custom_20260810\20260810-R001-49ce74ce_step4_rfw_custom_edgeface-a348c305af33c223b337
geometry,rfw_custom,edgeface-a348c305af33c223b337,pq,pq_512_m8_b8,quadrant_top_right,cosine_to_origin,2037,1830,-0.0401378722715,0.95,-0.0804360297035,0.00346106436004,500,weighted_rerank,identity-cluster-weighted-rerank-v1,20260810-R001-49ce74ce,C:\ronbun\runs\rfw_custom_20260810\20260810-R001-49ce74ce_step4_rfw_custom_edgeface-a348c305af33c223b337
geometry,rfw_custom,edgeface-a348c305af33c223b337,pq,pq_512_m8_b8,quadrant_bottom_left,angular_error_rad,2037,1830,-0.0243207005539,0.95,-0.0676710516969,0.02086194234,500,weighted_rerank,identity-cluster-weighted-rerank-v1,20260810-R001-49ce74ce,C:\ronbun\runs\rfw_custom_20260810\20260810-R001-49ce74ce_step4_rfw_custom_edgeface-a348c305af33c223b337
geometry,rfw_custom,edgeface-a348c305af33c223b337,pq,pq_512_m8_b8,quadrant_bottom_left,reconstruction_mse,2037,1830,-0.0258832162733,0.95,-0.0698409804035,0.0205787375669,500,weighted_rerank,identity-cluster-weighted-rerank-v1,20260810-R001-49ce74ce,C:\ronbun\runs\rfw_custom_20260810\20260810-R001-49ce74ce_step4_rfw_custom_edgeface-a348c305af33c223b337
geometry,rfw_custom,edgeface-a348c305af33c223b337,pq,pq_512_m8_b8,quadrant_bottom_left,cosine_to_origin,2037,1830,0.0243207005539,0.95,-0.02086194234,0.0676710516969,500,weighted_rerank,identity-cluster-weighted-rerank-v1,20260810-R001-49ce74ce,C:\ronbun\runs\rfw_custom_20260810\20260810-R001-49ce74ce_step4_rfw_custom_edgeface-a348c305af33c223b337
geometry,rfw_custom,edgeface-a348c305af33c223b337,pq,pq_512_m8_b8,quadrant_bottom_right,angular_error_rad,2037,1830,-0.00557333020469,0.95,-0.0494952219824,0.0432955018119,500,weighted_rerank,identity-cluster-weighted-rerank-v1,20260810-R001-49ce74ce,C:\ronbun\runs\rfw_custom_20260810\20260810-R001-49ce74ce_step4_rfw_custom_edgeface-a348c305af33c223b337
geometry,rfw_custom,edgeface-a348c305af33c223b337,pq,pq_512_m8_b8,quadrant_bottom_right,reconstruction_mse,2037,1830,-0.00466918105543,0.95,-0.0486679924583,0.045073904431,500,weighted_rerank,identity-cluster-weighted-rerank-v1,20260810-R001-49ce74ce,C:\ronbun\runs\rfw_custom_20260810\20260810-R001-49ce74ce_step4_rfw_custom_edgeface-a348c305af33c223b337
geometry,rfw_custom,edgeface-a348c305af33c223b337,pq,pq_512_m8_b8,quadrant_bottom_right,cosine_to_origin,2037,1830,0.00557333020469,0.95,-0.0432955018119,0.0494952219824,500,weighted_rerank,identity-cluster-weighted-rerank-v1,20260810-R001-49ce74ce,C:\ronbun\runs\rfw_custom_20260810\20260810-R001-49ce74ce_step4_rfw_custom_edgeface-a348c305af33c223b337
geometry,rfw_custom,edgeface-a348c305af33c223b337,pq,pq_512_m8_b8,left_eye_attention,angular_error_rad,2037,1830,0.00268770642673,0.95,-0.0420071428761,0.0449287370186,500,weighted_rerank,identity-cluster-weighted-rerank-v1,20260810-R001-49ce74ce,C:\ronbun\runs\rfw_custom_20260810\20260810-R001-49ce74ce_step4_rfw_custom_edgeface-a348c305af33c223b337
geometry,rfw_custom,edgeface-a348c305af33c223b337,pq,pq_512_m8_b8,left_eye_attention,reconstruction_mse,2037,1830,0.00322591471871,0.95,-0.0413865691685,0.0449851965794,500,weighted_rerank,identity-cluster-weighted-rerank-v1,20260810-R001-49ce74ce,C:\ronbun\runs\rfw_custom_20260810\20260810-R001-49ce74ce_step4_rfw_custom_edgeface-a348c305af33c223b337
geometry,rfw_custom,edgeface-a348c305af33c223b337,pq,pq_512_m8_b8,left_eye_attention,cosine_to_origin,2037,1830,-0.00268770642673,0.95,-0.0449287370186,0.0420071428761,500,weighted_rerank,identity-cluster-weighted-rerank-v1,20260810-R001-49ce74ce,C:\ronbun\runs\rfw_custom_20260810\20260810-R001-49ce74ce_step4_rfw_custom_edgeface-a348c305af33c223b337
geometry,rfw_custom,edgeface-a348c305af33c223b337,pq,pq_512_m8_b8,right_eye_attention,angular_error_rad,2037,1830,0.0165061493754,0.95,-0.024276024679,0.0533652427576,500,weighted_rerank,identity-cluster-weighted-rerank-v1,20260810-R001-49ce74ce,C:\ronbun\runs\rfw_custom_20260810\20260810-R001-49ce74ce_step4_rfw_custom_edgeface-a348c305af33c223b337
geometry,rfw_custom,edgeface-a348c305af33c223b337,pq,pq_512_m8_b8,right_eye_attention,reconstruction_mse,2037,1830,0.0174451834245,0.95,-0.0235348055425,0.0547157001655,500,weighted_rerank,identity-cluster-weighted-rerank-v1,20260810-R001-49ce74ce,C:\ronbun\runs\rfw_custom_20260810\20260810-R001-49ce74ce_step4_rfw_custom_edgeface-a348c305af33c223b337
geometry,rfw_custom,edgeface-a348c305af33c223b337,pq,pq_512_m8_b8,right_eye_attention,cosine_to_origin,2037,1830,-0.0165061493754,0.95,-0.0533652427576,0.024276024679,500,weighted_rerank,identity-cluster-weighted-rerank-v1,20260810-R001-49ce74ce,C:\ronbun\runs\rfw_custom_20260810\20260810-R001-49ce74ce_step4_rfw_custom_edgeface-a348c305af33c223b337
geometry,rfw_custom,edgeface-a348c305af33c223b337,pq,pq_512_m8_b8,nose_attention,angular_error_rad,2037,1830,0.00663711820471,0.95,-0.035129742238,0.0478667475038,500,weighted_rerank,identity-cluster-weighted-rerank-v1,20260810-R001-49ce74ce,C:\ronbun\runs\rfw_custom_20260810\20260810-R001-49ce74ce_step4_rfw_custom_edgeface-a348c305af33c223b337
geometry,rfw_custom,edgeface-a348c305af33c223b337,pq,pq_512_m8_b8,nose_attention,reconstruction_mse,2037,1830,0.00616177786812,0.95,-0.0361253036289,0.0477217462294,500,weighted_rerank,identity-cluster-weighted-rerank-v1,20260810-R001-49ce74ce,C:\ronbun\runs\rfw_custom_20260810\20260810-R001-49ce74ce_step4_rfw_custom_edgeface-a348c305af33c223b337
geometry,rfw_custom,edgeface-a348c305af33c223b337,pq,pq_512_m8_b8,nose_attention,cosine_to_origin,2037,1830,-0.00663711820471,0.95,-0.0478667475038,0.035129742238,500,weighted_rerank,identity-cluster-weighted-rerank-v1,20260810-R001-49ce74ce,C:\ronbun\runs\rfw_custom_20260810\20260810-R001-49ce74ce_step4_rfw_custom_edgeface-a348c305af33c223b337
geometry,rfw_custom,edgeface-a348c305af33c223b337,pq,pq_512_m8_b8,mouth_attention,angular_error_rad,2037,1830,-0.0326600534832,0.95,-0.0741950472268,0.00926254229959,500,weighted_rerank,identity-cluster-weighted-rerank-v1,20260810-R001-49ce74ce,C:\ronbun\runs\rfw_custom_20260810\20260810-R001-49ce74ce_step4_rfw_custom_edgeface-a348c305af33c223b337
geometry,rfw_custom,edgeface-a348c305af33c223b337,pq,pq_512_m8_b8,mouth_attention,reconstruction_mse,2037,1830,-0.0334945374844,0.95,-0.074835016614,0.00917029966175,500,weighted_rerank,identity-cluster-weighted-rerank-v1,20260810-R001-49ce74ce,C:\ronbun\runs\rfw_custom_20260810\20260810-R001-49ce74ce_step4_rfw_custom_edgeface-a348c305af33c223b337
geometry,rfw_custom,edgeface-a348c305af33c223b337,pq,pq_512_m8_b8,mouth_attention,cosine_to_origin,2037,1830,0.0326600534832,0.95,-0.00926254229959,0.0741950472268,500,weighted_rerank,identity-cluster-weighted-rerank-v1,20260810-R001-49ce74ce,C:\ronbun\runs\rfw_custom_20260810\20260810-R001-49ce74ce_step4_rfw_custom_edgeface-a348c305af33c223b337
geometry,rfw_custom,edgeface-a348c305af33c223b337,pq,pq_512_m8_b8,left_cheek_attention,angular_error_rad,2031,1825,-0.0207925847152,0.95,-0.0631793155974,0.0228935220152,500,weighted_rerank,identity-cluster-weighted-rerank-v1,20260810-R001-49ce74ce,C:\ronbun\runs\rfw_custom_20260810\20260810-R001-49ce74ce_step4_rfw_custom_edgeface-a348c305af33c223b337
geometry,rfw_custom,edgeface-a348c305af33c223b337,pq,pq_512_m8_b8,left_cheek_attention,reconstruction_mse,2031,1825,-0.0207044038936,0.95,-0.0627592754181,0.0227908027087,500,weighted_rerank,identity-cluster-weighted-rerank-v1,20260810-R001-49ce74ce,C:\ronbun\runs\rfw_custom_20260810\20260810-R001-49ce74ce_step4_rfw_custom_edgeface-a348c305af33c223b337
geometry,rfw_custom,edgeface-a348c305af33c223b337,pq,pq_512_m8_b8,left_cheek_attention,cosine_to_origin,2031,1825,0.0207925847152,0.95,-0.0228935220152,0.0631793155974,500,weighted_rerank,identity-cluster-weighted-rerank-v1,20260810-R001-49ce74ce,C:\ronbun\runs\rfw_custom_20260810\20260810-R001-49ce74ce_step4_rfw_custom_edgeface-a348c305af33c223b337
geometry,rfw_custom,edgeface-a348c305af33c223b337,pq,pq_512_m8_b8,right_cheek_attention,angular_error_rad,2024,1818,-0.0167163933882,0.95,-0.0584680485655,0.0259870852,500,weighted_rerank,identity-cluster-weighted-rerank-v1,20260810-R001-49ce74ce,C:\ronbun\runs\rfw_custom_20260810\20260810-R001-49ce74ce_step4_rfw_custom_edgeface-a348c305af33c223b337
geometry,rfw_custom,edgeface-a348c305af33c223b337,pq,pq_512_m8_b8,right_cheek_attention,reconstruction_mse,2024,1818,-0.0158511913134,0.95,-0.0587025975587,0.0272053577096,500,weighted_rerank,identity-cluster-weighted-rerank-v1,20260810-R001-49ce74ce,C:\ronbun\runs\rfw_custom_20260810\20260810-R001-49ce74ce_step4_rfw_custom_edgeface-a348c305af33c223b337
geometry,rfw_custom,edgeface-a348c305af33c223b337,pq,pq_512_m8_b8,right_cheek_attention,cosine_to_origin,2024,1818,0.0167163933882,0.95,-0.0259870852,0.0584680485655,500,weighted_rerank,identity-cluster-weighted-rerank-v1,20260810-R001-49ce74ce,C:\ronbun\runs\rfw_custom_20260810\20260810-R001-49ce74ce_step4_rfw_custom_edgeface-a348c305af33c223b337
geometry,rfw_custom,edgeface-a348c305af33c223b337,pq,pq_512_m8_b8,jaw_attention,angular_error_rad,2037,1830,-0.0295413447698,0.95,-0.0729771828271,0.01504652242,500,weighted_rerank,identity-cluster-weighted-rerank-v1,20260810-R001-49ce74ce,C:\ronbun\runs\rfw_custom_20260810\20260810-R001-49ce74ce_step4_rfw_custom_edgeface-a348c305af33c223b337
geometry,rfw_custom,edgeface-a348c305af33c223b337,pq,pq_512_m8_b8,jaw_attention,reconstruction_mse,2037,1830,-0.0303324196545,0.95,-0.073756708125,0.0136068564662,500,weighted_rerank,identity-cluster-weighted-rerank-v1,20260810-R001-49ce74ce,C:\ronbun\runs\rfw_custom_20260810\20260810-R001-49ce74ce_step4_rfw_custom_edgeface-a348c305af33c223b337
geometry,rfw_custom,edgeface-a348c305af33c223b337,pq,pq_512_m8_b8,jaw_attention,cosine_to_origin,2037,1830,0.0295413447698,0.95,-0.01504652242,0.0729771828271,500,weighted_rerank,identity-cluster-weighted-rerank-v1,20260810-R001-49ce74ce,C:\ronbun\runs\rfw_custom_20260810\20260810-R001-49ce74ce_step4_rfw_custom_edgeface-a348c305af33c223b337
geometry,rfw_custom,edgeface-a348c305af33c223b337,pq,pq_512_m8_b8,face_attention,angular_error_rad,2037,1830,0.000891866456112,0.95,-0.0407015591262,0.0403221897529,500,weighted_rerank,identity-cluster-weighted-rerank-v1,20260810-R001-49ce74ce,C:\ronbun\runs\rfw_custom_20260810\20260810-R001-49ce74ce_step4_rfw_custom_edgeface-a348c305af33c223b337
geometry,rfw_custom,edgeface-a348c305af33c223b337,pq,pq_512_m8_b8,face_attention,reconstruction_mse,2037,1830,0.00121001492065,0.95,-0.0402807194424,0.0408727301951,500,weighted_rerank,identity-cluster-weighted-rerank-v1,20260810-R001-49ce74ce,C:\ronbun\runs\rfw_custom_20260810\20260810-R001-49ce74ce_step4_rfw_custom_edgeface-a348c305af33c223b337
geometry,rfw_custom,edgeface-a348c305af33c223b337,pq,pq_512_m8_b8,face_attention,cosine_to_origin,2037,1830,-0.000891866456112,0.95,-0.0403221897529,0.0407015591262,500,weighted_rerank,identity-cluster-weighted-rerank-v1,20260810-R001-49ce74ce,C:\ronbun\runs\rfw_custom_20260810\20260810-R001-49ce74ce_step4_rfw_custom_edgeface-a348c305af33c223b337
geometry,rfw_custom,edgeface-a348c305af33c223b337,pq,pq_512_m8_b8,outside_face_attention,angular_error_rad,2037,1830,-0.000891866456112,0.95,-0.0403221897529,0.0407015591262,500,weighted_rerank,identity-cluster-weighted-rerank-v1,20260810-R001-49ce74ce,C:\ronbun\runs\rfw_custom_20260810\20260810-R001-49ce74ce_step4_rfw_custom_edgeface-a348c305af33c223b337
geometry,rfw_custom,edgeface-a348c305af33c223b337,pq,pq_512_m8_b8,outside_face_attention,reconstruction_mse,2037,1830,-0.00121001492065,0.95,-0.0408727301951,0.0402807194424,500,weighted_rerank,identity-cluster-weighted-rerank-v1,20260810-R001-49ce74ce,C:\ronbun\runs\rfw_custom_20260810\20260810-R001-49ce74ce_step4_rfw_custom_edgeface-a348c305af33c223b337
geometry,rfw_custom,edgeface-a348c305af33c223b337,pq,pq_512_m8_b8,outside_face_attention,cosine_to_origin,2037,1830,0.000891866456112,0.95,-0.0407015591262,0.0403221897529,500,weighted_rerank,identity-cluster-weighted-rerank-v1,20260810-R001-49ce74ce,C:\ronbun\runs\rfw_custom_20260810\20260810-R001-49ce74ce_step4_rfw_custom_edgeface-a348c305af33c223b337
geometry,rfw_custom,edgeface-a348c305af33c223b337,pq,pq_512_m8_b8,saliency_entropy,angular_error_rad,2037,1830,-0.00481282307681,0.95,-0.0493228215517,0.03344613799,500,weighted_rerank,identity-cluster-weighted-rerank-v1,20260810-R001-49ce74ce,C:\ronbun\runs\rfw_custom_20260810\20260810-R001-49ce74ce_step4_rfw_custom_edgeface-a348c305af33c223b337
geometry,rfw_custom,edgeface-a348c305af33c223b337,pq,pq_512_m8_b8,saliency_entropy,reconstruction_mse,2037,1830,-0.00542542600592,0.95,-0.0498547096705,0.0331097550447,500,weighted_rerank,identity-cluster-weighted-rerank-v1,20260810-R001-49ce74ce,C:\ronbun\runs\rfw_custom_20260810\20260810-R001-49ce74ce_step4_rfw_custom_edgeface-a348c305af33c223b337
geometry,rfw_custom,edgeface-a348c305af33c223b337,pq,pq_512_m8_b8,saliency_entropy,cosine_to_origin,2037,1830,0.00481282307681,0.95,-0.03344613799,0.0493228215517,500,weighted_rerank,identity-cluster-weighted-rerank-v1,20260810-R001-49ce74ce,C:\ronbun\runs\rfw_custom_20260810\20260810-R001-49ce74ce_step4_rfw_custom_edgeface-a348c305af33c223b337
geometry,rfw_custom,edgeface-a348c305af33c223b337,pq,pq_512_m8_b8,maximum_region_concentration,angular_error_rad,2037,1830,0.0119955633214,0.95,-0.0317214244799,0.0537986863641,500,weighted_rerank,identity-cluster-weighted-rerank-v1,20260810-R001-49ce74ce,C:\ronbun\runs\rfw_custom_20260810\20260810-R001-49ce74ce_step4_rfw_custom_edgeface-a348c305af33c223b337
geometry,rfw_custom,edgeface-a348c305af33c223b337,pq,pq_512_m8_b8,maximum_region_concentration,reconstruction_mse,2037,1830,0.0111215237448,0.95,-0.0319615393114,0.0525922074922,500,weighted_rerank,identity-cluster-weighted-rerank-v1,20260810-R001-49ce74ce,C:\ronbun\runs\rfw_custom_20260810\20260810-R001-49ce74ce_step4_rfw_custom_edgeface-a348c305af33c223b337
geometry,rfw_custom,edgeface-a348c305af33c223b337,pq,pq_512_m8_b8,maximum_region_concentration,cosine_to_origin,2037,1830,-0.0119955633214,0.95,-0.0537986863641,0.0317214244799,500,weighted_rerank,identity-cluster-weighted-rerank-v1,20260810-R001-49ce74ce,C:\ronbun\runs\rfw_custom_20260810\20260810-R001-49ce74ce_step4_rfw_custom_edgeface-a348c305af33c223b337
geometry,rfw_custom,edgeface-a348c305af33c223b337,pq,pq_512_m8_b8,left_right_asymmetry,angular_error_rad,2037,1830,0.0326899202227,0.95,-0.0112934007526,0.0834603107286,500,weighted_rerank,identity-cluster-weighted-rerank-v1,20260810-R001-49ce74ce,C:\ronbun\runs\rfw_custom_20260810\20260810-R001-49ce74ce_step4_rfw_custom_edgeface-a348c305af33c223b337
geometry,rfw_custom,edgeface-a348c305af33c223b337,pq,pq_512_m8_b8,left_right_asymmetry,reconstruction_mse,2037,1830,0.033115066003,0.95,-0.0106748874953,0.0845288348557,500,weighted_rerank,identity-cluster-weighted-rerank-v1,20260810-R001-49ce74ce,C:\ronbun\runs\rfw_custom_20260810\20260810-R001-49ce74ce_step4_rfw_custom_edgeface-a348c305af33c223b337
geometry,rfw_custom,edgeface-a348c305af33c223b337,pq,pq_512_m8_b8,left_right_asymmetry,cosine_to_origin,2037,1830,-0.0326899202227,0.95,-0.0834603107286,0.0112934007526,500,weighted_rerank,identity-cluster-weighted-rerank-v1,20260810-R001-49ce74ce,C:\ronbun\runs\rfw_custom_20260810\20260810-R001-49ce74ce_step4_rfw_custom_edgeface-a348c305af33c223b337
geometry,rfw_custom,edgeface-a348c305af33c223b337,pq,pq_512_m8_b8,saliency_center_x,angular_error_rad,2037,1830,0.0177837731935,0.95,-0.0267642608705,0.0649033343245,500,weighted_rerank,identity-cluster-weighted-rerank-v1,20260810-R001-49ce74ce,C:\ronbun\runs\rfw_custom_20260810\20260810-R001-49ce74ce_step4_rfw_custom_edgeface-a348c305af33c223b337
geometry,rfw_custom,edgeface-a348c305af33c223b337,pq,pq_512_m8_b8,saliency_center_x,reconstruction_mse,2037,1830,0.0181718231472,0.95,-0.025605695603,0.0659293167843,500,weighted_rerank,identity-cluster-weighted-rerank-v1,20260810-R001-49ce74ce,C:\ronbun\runs\rfw_custom_20260810\20260810-R001-49ce74ce_step4_rfw_custom_edgeface-a348c305af33c223b337
geometry,rfw_custom,edgeface-a348c305af33c223b337,pq,pq_512_m8_b8,saliency_center_x,cosine_to_origin,2037,1830,-0.0177837731935,0.95,-0.0649033343245,0.0267642608705,500,weighted_rerank,identity-cluster-weighted-rerank-v1,20260810-R001-49ce74ce,C:\ronbun\runs\rfw_custom_20260810\20260810-R001-49ce74ce_step4_rfw_custom_edgeface-a348c305af33c223b337
geometry,rfw_custom,edgeface-a348c305af33c223b337,pq,pq_512_m8_b8,saliency_center_y,angular_error_rad,2037,1830,-0.0281749296643,0.95,-0.0697610461151,0.0173756115951,500,weighted_rerank,identity-cluster-weighted-rerank-v1,20260810-R001-49ce74ce,C:\ronbun\runs\rfw_custom_20260810\20260810-R001-49ce74ce_step4_rfw_custom_edgeface-a348c305af33c223b337
geometry,rfw_custom,edgeface-a348c305af33c223b337,pq,pq_512_m8_b8,saliency_center_y,reconstruction_mse,2037,1830,-0.0285839733186,0.95,-0.0697965880455,0.0180902382103,500,weighted_rerank,identity-cluster-weighted-rerank-v1,20260810-R001-49ce74ce,C:\ronbun\runs\rfw_custom_20260810\20260810-R001-49ce74ce_step4_rfw_custom_edgeface-a348c305af33c223b337
geometry,rfw_custom,edgeface-a348c305af33c223b337,pq,pq_512_m8_b8,saliency_center_y,cosine_to_origin,2037,1830,0.0281749296643,0.95,-0.0173756115951,0.0697610461151,500,weighted_rerank,identity-cluster-weighted-rerank-v1,20260810-R001-49ce74ce,C:\ronbun\runs\rfw_custom_20260810\20260810-R001-49ce74ce_step4_rfw_custom_edgeface-a348c305af33c223b337
geometry,rfw_custom,edgeface-a348c305af33c223b337,pq,pq_512_m8_b8,saliency_spread,angular_error_rad,2037,1830,0.00099029523005,0.95,-0.0406878340891,0.0435566242737,500,weighted_rerank,identity-cluster-weighted-rerank-v1,20260810-R001-49ce74ce,C:\ronbun\runs\rfw_custom_20260810\20260810-R001-49ce74ce_step4_rfw_custom_edgeface-a348c305af33c223b337
geometry,rfw_custom,edgeface-a348c305af33c223b337,pq,pq_512_m8_b8,saliency_spread,reconstruction_mse,2037,1830,0.00131827042127,0.95,-0.0411488699157,0.0432383017291,500,weighted_rerank,identity-cluster-weighted-rerank-v1,20260810-R001-49ce74ce,C:\ronbun\runs\rfw_custom_20260810\20260810-R001-49ce74ce_step4_rfw_custom_edgeface-a348c305af33c223b337
geometry,rfw_custom,edgeface-a348c305af33c223b337,pq,pq_512_m8_b8,saliency_spread,cosine_to_origin,2037,1830,-0.00099029523005,0.95,-0.0435566242737,0.0406878340891,500,weighted_rerank,identity-cluster-weighted-rerank-v1,20260810-R001-49ce74ce,C:\ronbun\runs\rfw_custom_20260810\20260810-R001-49ce74ce_step4_rfw_custom_edgeface-a348c305af33c223b337
