analysis_scope,dataset_id,model_uid,compression_family,compression_profile,saliency_feature,sensitivity_metric,sample_count,identity_count,spearman_rho,bootstrap_confidence_level,bootstrap_ci_low,bootstrap_ci_high,bootstrap_valid_repeats,bootstrap_rank_strategy,association_algorithm_version
geometry,survface,magface-6931178ad2025e1b3799,pca,pca_128,quadrant_top_left,angular_error_rad,182148,124729,0.02266365225622942,0.95,0.016572224365475074,0.02928447057645723,500,weighted_rerank,identity-cluster-weighted-rerank-v1
geometry,survface,magface-6931178ad2025e1b3799,pca,pca_128,quadrant_top_left,reconstruction_mse,182148,124729,0.02266746717010026,0.95,0.01657515090535644,0.02928944950656561,500,weighted_rerank,identity-cluster-weighted-rerank-v1
geometry,survface,magface-6931178ad2025e1b3799,pca,pca_128,quadrant_top_left,cosine_to_origin,182148,124729,-0.02266365225622942,0.95,-0.029284470576457233,-0.016572224365475074,500,weighted_rerank,identity-cluster-weighted-rerank-v1
geometry,survface,magface-6931178ad2025e1b3799,pca,pca_128,quadrant_top_right,angular_error_rad,182148,124729,-0.04770571054485585,0.95,-0.05373318338919455,-0.04120262700274291,500,weighted_rerank,identity-cluster-weighted-rerank-v1
geometry,survface,magface-6931178ad2025e1b3799,pca,pca_128,quadrant_top_right,reconstruction_mse,182148,124729,-0.04770545954289023,0.95,-0.053735487979841845,-0.04120123404776793,500,weighted_rerank,identity-cluster-weighted-rerank-v1
geometry,survface,magface-6931178ad2025e1b3799,pca,pca_128,quadrant_top_right,cosine_to_origin,182148,124729,0.04770571054485585,0.95,0.04120262700274291,0.05373318338919455,500,weighted_rerank,identity-cluster-weighted-rerank-v1
geometry,survface,magface-6931178ad2025e1b3799,pca,pca_128,quadrant_bottom_left,angular_error_rad,182148,124729,0.06919184945475114,0.95,0.0628500199989502,0.07576807699032662,500,weighted_rerank,identity-cluster-weighted-rerank-v1
geometry,survface,magface-6931178ad2025e1b3799,pca,pca_128,quadrant_bottom_left,reconstruction_mse,182148,124729,0.06919001013290434,0.95,0.06285049317010274,0.07576618585035982,500,weighted_rerank,identity-cluster-weighted-rerank-v1
geometry,survface,magface-6931178ad2025e1b3799,pca,pca_128,quadrant_bottom_left,cosine_to_origin,182148,124729,-0.06919184945475114,0.95,-0.07576807699032662,-0.0628500199989502,500,weighted_rerank,identity-cluster-weighted-rerank-v1
geometry,survface,magface-6931178ad2025e1b3799,pca,pca_128,quadrant_bottom_right,angular_error_rad,182148,124729,0.019343558169233444,0.95,0.013099207532195727,0.02481941358742775,500,weighted_rerank,identity-cluster-weighted-rerank-v1
geometry,survface,magface-6931178ad2025e1b3799,pca,pca_128,quadrant_bottom_right,reconstruction_mse,182148,124729,0.01934092484174337,0.95,0.013099151267786638,0.02481552180448676,500,weighted_rerank,identity-cluster-weighted-rerank-v1
geometry,survface,magface-6931178ad2025e1b3799,pca,pca_128,quadrant_bottom_right,cosine_to_origin,182148,124729,-0.019343558169233444,0.95,-0.02481941358742775,-0.013099207532195728,500,weighted_rerank,identity-cluster-weighted-rerank-v1
geometry,survface,magface-6931178ad2025e1b3799,pca,pca_128,left_eye_attention,angular_error_rad,182148,124729,0.02311599515876812,0.95,0.0170138382005297,0.02897250373862355,500,weighted_rerank,identity-cluster-weighted-rerank-v1
geometry,survface,magface-6931178ad2025e1b3799,pca,pca_128,left_eye_attention,reconstruction_mse,182148,124729,0.02311164428122184,0.95,0.01701201140892827,0.02896598905360567,500,weighted_rerank,identity-cluster-weighted-rerank-v1
geometry,survface,magface-6931178ad2025e1b3799,pca,pca_128,left_eye_attention,cosine_to_origin,182148,124729,-0.02311599515876812,0.95,-0.02897250373862355,-0.0170138382005297,500,weighted_rerank,identity-cluster-weighted-rerank-v1
geometry,survface,magface-6931178ad2025e1b3799,pca,pca_128,right_eye_attention,angular_error_rad,182148,124729,0.0447771132208425,0.95,0.03864225142806695,0.050754861071737184,500,weighted_rerank,identity-cluster-weighted-rerank-v1
geometry,survface,magface-6931178ad2025e1b3799,pca,pca_128,right_eye_attention,reconstruction_mse,182148,124729,0.04477148534886999,0.95,0.03863622151767714,0.050748874629991565,500,weighted_rerank,identity-cluster-weighted-rerank-v1
geometry,survface,magface-6931178ad2025e1b3799,pca,pca_128,right_eye_attention,cosine_to_origin,182148,124729,-0.0447771132208425,0.95,-0.05075486107173719,-0.03864225142806695,500,weighted_rerank,identity-cluster-weighted-rerank-v1
geometry,survface,magface-6931178ad2025e1b3799,pca,pca_128,nose_attention,angular_error_rad,182148,124729,0.0802740239924721,0.95,0.07359187037031231,0.08789369125681452,500,weighted_rerank,identity-cluster-weighted-rerank-v1
geometry,survface,magface-6931178ad2025e1b3799,pca,pca_128,nose_attention,reconstruction_mse,182148,124729,0.08027017367696852,0.95,0.07358792503048887,0.08788813259710292,500,weighted_rerank,identity-cluster-weighted-rerank-v1
geometry,survface,magface-6931178ad2025e1b3799,pca,pca_128,nose_attention,cosine_to_origin,182148,124729,-0.0802740239924721,0.95,-0.08789369125681452,-0.07359187037031231,500,weighted_rerank,identity-cluster-weighted-rerank-v1
geometry,survface,magface-6931178ad2025e1b3799,pca,pca_128,mouth_attention,angular_error_rad,182148,124729,0.20881520243612842,0.95,0.2021599820089451,0.21482343609428528,500,weighted_rerank,identity-cluster-weighted-rerank-v1
geometry,survface,magface-6931178ad2025e1b3799,pca,pca_128,mouth_attention,reconstruction_mse,182148,124729,0.20881457523039704,0.95,0.20215940978909278,0.21482271022535246,500,weighted_rerank,identity-cluster-weighted-rerank-v1
geometry,survface,magface-6931178ad2025e1b3799,pca,pca_128,mouth_attention,cosine_to_origin,182148,124729,-0.20881520243612842,0.95,-0.21482343609428578,-0.2021599820089451,500,weighted_rerank,identity-cluster-weighted-rerank-v1
geometry,survface,magface-6931178ad2025e1b3799,pca,pca_128,left_cheek_attention,angular_error_rad,180850,123634,0.1163298760409872,0.95,0.11088084634077189,0.12196798434208943,500,weighted_rerank,identity-cluster-weighted-rerank-v1
geometry,survface,magface-6931178ad2025e1b3799,pca,pca_128,left_cheek_attention,reconstruction_mse,180850,123634,0.11632647036993582,0.95,0.1108776889183642,0.12196810723647082,500,weighted_rerank,identity-cluster-weighted-rerank-v1
geometry,survface,magface-6931178ad2025e1b3799,pca,pca_128,left_cheek_attention,cosine_to_origin,180850,123634,-0.1163298760409872,0.95,-0.12196798434208943,-0.11088084634077189,500,weighted_rerank,identity-cluster-weighted-rerank-v1
geometry,survface,magface-6931178ad2025e1b3799,pca,pca_128,right_cheek_attention,angular_error_rad,180782,123696,0.10276145093476068,0.95,0.09641563923221358,0.10862860296619901,500,weighted_rerank,identity-cluster-weighted-rerank-v1
geometry,survface,magface-6931178ad2025e1b3799,pca,pca_128,right_cheek_attention,reconstruction_mse,180782,123696,0.10276153279151035,0.95,0.09641589180434995,0.10863010844003514,500,weighted_rerank,identity-cluster-weighted-rerank-v1
geometry,survface,magface-6931178ad2025e1b3799,pca,pca_128,right_cheek_attention,cosine_to_origin,180782,123696,-0.10276145093476068,0.95,-0.10862860296619901,-0.09641563923221358,500,weighted_rerank,identity-cluster-weighted-rerank-v1
geometry,survface,magface-6931178ad2025e1b3799,pca,pca_128,jaw_attention,angular_error_rad,182148,124729,0.22917162151921422,0.95,0.22286994147050193,0.23534662124279015,500,weighted_rerank,identity-cluster-weighted-rerank-v1
geometry,survface,magface-6931178ad2025e1b3799,pca,pca_128,jaw_attention,reconstruction_mse,182148,124729,0.22917146405384026,0.95,0.2228686844906814,0.23534616131871378,500,weighted_rerank,identity-cluster-weighted-rerank-v1
geometry,survface,magface-6931178ad2025e1b3799,pca,pca_128,jaw_attention,cosine_to_origin,182148,124729,-0.22917162151921422,0.95,-0.23534662124279015,-0.22286994147050193,500,weighted_rerank,identity-cluster-weighted-rerank-v1
geometry,survface,magface-6931178ad2025e1b3799,pca,pca_128,face_attention,angular_error_rad,182148,124729,0.27291847448317763,0.95,0.264157687818659,0.281518183406352,500,weighted_rerank,identity-cluster-weighted-rerank-v1
geometry,survface,magface-6931178ad2025e1b3799,pca,pca_128,face_attention,reconstruction_mse,182148,124729,0.27291578822502865,0.95,0.2641575118080091,0.2815146308959339,500,weighted_rerank,identity-cluster-weighted-rerank-v1
geometry,survface,magface-6931178ad2025e1b3799,pca,pca_128,face_attention,cosine_to_origin,182148,124729,-0.27291847448317763,0.95,-0.281518183406352,-0.264157687818659,500,weighted_rerank,identity-cluster-weighted-rerank-v1
geometry,survface,magface-6931178ad2025e1b3799,pca,pca_128,outside_face_attention,angular_error_rad,182148,124729,-0.27291847448317763,0.95,-0.281518183406352,-0.264157687818659,500,weighted_rerank,identity-cluster-weighted-rerank-v1
geometry,survface,magface-6931178ad2025e1b3799,pca,pca_128,outside_face_attention,reconstruction_mse,182148,124729,-0.27291578822502865,0.95,-0.2815146308959339,-0.2641575118080091,500,weighted_rerank,identity-cluster-weighted-rerank-v1
geometry,survface,magface-6931178ad2025e1b3799,pca,pca_128,outside_face_attention,cosine_to_origin,182148,124729,0.27291847448317763,0.95,0.264157687818659,0.281518183406352,500,weighted_rerank,identity-cluster-weighted-rerank-v1
geometry,survface,magface-6931178ad2025e1b3799,pca,pca_128,saliency_entropy,angular_error_rad,182148,124729,0.21862165147699839,0.95,0.21244869432814983,0.22546189227803903,500,weighted_rerank,identity-cluster-weighted-rerank-v1
geometry,survface,magface-6931178ad2025e1b3799,pca,pca_128,saliency_entropy,reconstruction_mse,182148,124729,0.2186220421814628,0.95,0.2124484638549644,0.22545963180669965,500,weighted_rerank,identity-cluster-weighted-rerank-v1
geometry,survface,magface-6931178ad2025e1b3799,pca,pca_128,saliency_entropy,cosine_to_origin,182148,124729,-0.21862165147699839,0.95,-0.22546189227803906,-0.21244869432814986,500,weighted_rerank,identity-cluster-weighted-rerank-v1
geometry,survface,magface-6931178ad2025e1b3799,pca,pca_128,maximum_region_concentration,angular_error_rad,182148,124729,-0.1107050877270463,0.95,-0.11602356136578769,-0.105300243828099,500,weighted_rerank,identity-cluster-weighted-rerank-v1
geometry,survface,magface-6931178ad2025e1b3799,pca,pca_128,maximum_region_concentration,reconstruction_mse,182148,124729,-0.11070228233947339,0.95,-0.11602278105072686,-0.10529735018866211,500,weighted_rerank,identity-cluster-weighted-rerank-v1
geometry,survface,magface-6931178ad2025e1b3799,pca,pca_128,maximum_region_concentration,cosine_to_origin,182148,124729,0.1107050877270463,0.95,0.105300243828099,0.11602356136578768,500,weighted_rerank,identity-cluster-weighted-rerank-v1
geometry,survface,magface-6931178ad2025e1b3799,pca,pca_128,left_right_asymmetry,angular_error_rad,182148,124729,-0.08762216463694732,0.95,-0.09406560709770954,-0.08142091653267612,500,weighted_rerank,identity-cluster-weighted-rerank-v1
geometry,survface,magface-6931178ad2025e1b3799,pca,pca_128,left_right_asymmetry,reconstruction_mse,182148,124729,-0.08762208152287704,0.95,-0.09406645556375619,-0.0814197394635838,500,weighted_rerank,identity-cluster-weighted-rerank-v1
geometry,survface,magface-6931178ad2025e1b3799,pca,pca_128,left_right_asymmetry,cosine_to_origin,182148,124729,0.08762216463694732,0.95,0.08142091653267612,0.09406560709770954,500,weighted_rerank,identity-cluster-weighted-rerank-v1
geometry,survface,magface-6931178ad2025e1b3799,pca,pca_128,saliency_center_x,angular_error_rad,182148,124729,-0.04800377876005261,0.95,-0.05485483089402622,-0.04132564808541399,500,weighted_rerank,identity-cluster-weighted-rerank-v1
geometry,survface,magface-6931178ad2025e1b3799,pca,pca_128,saliency_center_x,reconstruction_mse,182148,124729,-0.04800722015978455,0.95,-0.05486113449660094,-0.041330712755047135,500,weighted_rerank,identity-cluster-weighted-rerank-v1
geometry,survface,magface-6931178ad2025e1b3799,pca,pca_128,saliency_center_x,cosine_to_origin,182148,124729,0.04800377876005261,0.95,0.04132564808541399,0.05485483089402573,500,weighted_rerank,identity-cluster-weighted-rerank-v1
geometry,survface,magface-6931178ad2025e1b3799,pca,pca_128,saliency_center_y,angular_error_rad,182148,124729,0.06763288108906029,0.95,0.061514784338156304,0.07317756036470141,500,weighted_rerank,identity-cluster-weighted-rerank-v1
geometry,survface,magface-6931178ad2025e1b3799,pca,pca_128,saliency_center_y,reconstruction_mse,182148,124729,0.06763242116604432,0.95,0.06151495205375721,0.07317753382731033,500,weighted_rerank,identity-cluster-weighted-rerank-v1
geometry,survface,magface-6931178ad2025e1b3799,pca,pca_128,saliency_center_y,cosine_to_origin,182148,124729,-0.06763288108906029,0.95,-0.07317756036470141,-0.06151478433815631,500,weighted_rerank,identity-cluster-weighted-rerank-v1
geometry,survface,magface-6931178ad2025e1b3799,pca,pca_128,saliency_spread,angular_error_rad,182148,124729,0.049900075898057235,0.95,0.04408120650676792,0.05658211280086894,500,weighted_rerank,identity-cluster-weighted-rerank-v1
geometry,survface,magface-6931178ad2025e1b3799,pca,pca_128,saliency_spread,reconstruction_mse,182148,124729,0.049901287529519285,0.95,0.044082826047818935,0.05658383596429985,500,weighted_rerank,identity-cluster-weighted-rerank-v1
geometry,survface,magface-6931178ad2025e1b3799,pca,pca_128,saliency_spread,cosine_to_origin,182148,124729,-0.049900075898057235,0.95,-0.05658211280086894,-0.04408120650676792,500,weighted_rerank,identity-cluster-weighted-rerank-v1
geometry,survface,magface-6931178ad2025e1b3799,pca,pca_256,quadrant_top_left,angular_error_rad,182148,124729,0.03610429511181035,0.95,0.02983132806281989,0.04212317531324109,500,weighted_rerank,identity-cluster-weighted-rerank-v1
geometry,survface,magface-6931178ad2025e1b3799,pca,pca_256,quadrant_top_left,reconstruction_mse,182148,124729,0.036107422816481265,0.95,0.029834119146612704,0.04213176992797442,500,weighted_rerank,identity-cluster-weighted-rerank-v1
geometry,survface,magface-6931178ad2025e1b3799,pca,pca_256,quadrant_top_left,cosine_to_origin,182148,124729,-0.03610429511181035,0.95,-0.04212317531324109,-0.029831328062819892,500,weighted_rerank,identity-cluster-weighted-rerank-v1
geometry,survface,magface-6931178ad2025e1b3799,pca,pca_256,quadrant_top_right,angular_error_rad,182148,124729,-0.05513053414988472,0.95,-0.06150401145854064,-0.04915714568485756,500,weighted_rerank,identity-cluster-weighted-rerank-v1
geometry,survface,magface-6931178ad2025e1b3799,pca,pca_256,quadrant_top_right,reconstruction_mse,182148,124729,-0.055132665758809075,0.95,-0.061502494750702026,-0.04915954479674691,500,weighted_rerank,identity-cluster-weighted-rerank-v1
geometry,survface,magface-6931178ad2025e1b3799,pca,pca_256,quadrant_top_right,cosine_to_origin,182148,124729,0.05513053414988472,0.95,0.04915714568485756,0.06150401145854064,500,weighted_rerank,identity-cluster-weighted-rerank-v1
geometry,survface,magface-6931178ad2025e1b3799,pca,pca_256,quadrant_bottom_left,angular_error_rad,182148,124729,0.048459136921609386,0.95,0.04226214195897414,0.05491222823853033,500,weighted_rerank,identity-cluster-weighted-rerank-v1
geometry,survface,magface-6931178ad2025e1b3799,pca,pca_256,quadrant_bottom_left,reconstruction_mse,182148,124729,0.04846495897207226,0.95,0.04226991362149953,0.05491613460553185,500,weighted_rerank,identity-cluster-weighted-rerank-v1
geometry,survface,magface-6931178ad2025e1b3799,pca,pca_256,quadrant_bottom_left,cosine_to_origin,182148,124729,-0.048459136921609386,0.95,-0.054912228238530335,-0.04226214195897462,500,weighted_rerank,identity-cluster-weighted-rerank-v1
geometry,survface,magface-6931178ad2025e1b3799,pca,pca_256,quadrant_bottom_right,angular_error_rad,182148,124729,0.007166097826117232,0.95,0.0011632882706983242,0.013388955443554382,500,weighted_rerank,identity-cluster-weighted-rerank-v1
geometry,survface,magface-6931178ad2025e1b3799,pca,pca_256,quadrant_bottom_right,reconstruction_mse,182148,124729,0.007161656194397429,0.95,0.0011565016303702314,0.013385893213607721,500,weighted_rerank,identity-cluster-weighted-rerank-v1
geometry,survface,magface-6931178ad2025e1b3799,pca,pca_256,quadrant_bottom_right,cosine_to_origin,182148,124729,-0.007166097826117232,0.95,-0.013388955443554383,-0.0011632882706983242,500,weighted_rerank,identity-cluster-weighted-rerank-v1
geometry,survface,magface-6931178ad2025e1b3799,pca,pca_256,left_eye_attention,angular_error_rad,182148,124729,0.006408971563435948,0.95,0.0010976134461790508,0.01156940802360955,500,weighted_rerank,identity-cluster-weighted-rerank-v1
geometry,survface,magface-6931178ad2025e1b3799,pca,pca_256,left_eye_attention,reconstruction_mse,182148,124729,0.006416032505356877,0.95,0.0011016278439519623,0.011578704689345064,500,weighted_rerank,identity-cluster-weighted-rerank-v1
geometry,survface,magface-6931178ad2025e1b3799,pca,pca_256,left_eye_attention,cosine_to_origin,182148,124729,-0.006408971563435948,0.95,-0.01156940802360955,-0.0010976134461790521,500,weighted_rerank,identity-cluster-weighted-rerank-v1
geometry,survface,magface-6931178ad2025e1b3799,pca,pca_256,right_eye_attention,angular_error_rad,182148,124729,0.01667061579789824,0.95,0.011281076475729013,0.0228501198926483,500,weighted_rerank,identity-cluster-weighted-rerank-v1
geometry,survface,magface-6931178ad2025e1b3799,pca,pca_256,right_eye_attention,reconstruction_mse,182148,124729,0.016670104877543255,0.95,0.011281480253323371,0.022854104023433446,500,weighted_rerank,identity-cluster-weighted-rerank-v1
geometry,survface,magface-6931178ad2025e1b3799,pca,pca_256,right_eye_attention,cosine_to_origin,182148,124729,-0.01667061579789824,0.95,-0.0228501198926483,-0.011281076475729014,500,weighted_rerank,identity-cluster-weighted-rerank-v1
geometry,survface,magface-6931178ad2025e1b3799,pca,pca_256,nose_attention,angular_error_rad,182148,124729,0.036786998672409504,0.95,0.02915951041230976,0.0439474376347542,500,weighted_rerank,identity-cluster-weighted-rerank-v1
geometry,survface,magface-6931178ad2025e1b3799,pca,pca_256,nose_attention,reconstruction_mse,182148,124729,0.036789492267868866,0.95,0.029168297326389443,0.04394655651764357,500,weighted_rerank,identity-cluster-weighted-rerank-v1
geometry,survface,magface-6931178ad2025e1b3799,pca,pca_256,nose_attention,cosine_to_origin,182148,124729,-0.036786998672409504,0.95,-0.04394743763475376,-0.029159510412309762,500,weighted_rerank,identity-cluster-weighted-rerank-v1
geometry,survface,magface-6931178ad2025e1b3799,pca,pca_256,mouth_attention,angular_error_rad,182148,124729,0.1653993350644475,0.95,0.15977024600740508,0.17102437372034252,500,weighted_rerank,identity-cluster-weighted-rerank-v1
geometry,survface,magface-6931178ad2025e1b3799,pca,pca_256,mouth_attention,reconstruction_mse,182148,124729,0.16540288265634034,0.95,0.1597742448092175,0.17102487574348968,500,weighted_rerank,identity-cluster-weighted-rerank-v1
geometry,survface,magface-6931178ad2025e1b3799,pca,pca_256,mouth_attention,cosine_to_origin,182148,124729,-0.1653993350644475,0.95,-0.17102437372034252,-0.15977024600740508,500,weighted_rerank,identity-cluster-weighted-rerank-v1
geometry,survface,magface-6931178ad2025e1b3799,pca,pca_256,left_cheek_attention,angular_error_rad,180850,123634,0.09003077285174756,0.95,0.08473188671912639,0.09568288641258782,500,weighted_rerank,identity-cluster-weighted-rerank-v1
geometry,survface,magface-6931178ad2025e1b3799,pca,pca_256,left_cheek_attention,reconstruction_mse,180850,123634,0.0900298713438161,0.95,0.08472935257057866,0.09567880391181535,500,weighted_rerank,identity-cluster-weighted-rerank-v1
geometry,survface,magface-6931178ad2025e1b3799,pca,pca_256,left_cheek_attention,cosine_to_origin,180850,123634,-0.09003077285174756,0.95,-0.09568288641258782,-0.08473188671912639,500,weighted_rerank,identity-cluster-weighted-rerank-v1
geometry,survface,magface-6931178ad2025e1b3799,pca,pca_256,right_cheek_attention,angular_error_rad,180782,123696,0.07478306252661836,0.95,0.06896184393132132,0.07959853722728269,500,weighted_rerank,identity-cluster-weighted-rerank-v1
geometry,survface,magface-6931178ad2025e1b3799,pca,pca_256,right_cheek_attention,reconstruction_mse,180782,123696,0.07478236860181225,0.95,0.06896127900823258,0.07960147755099327,500,weighted_rerank,identity-cluster-weighted-rerank-v1
geometry,survface,magface-6931178ad2025e1b3799,pca,pca_256,right_cheek_attention,cosine_to_origin,180782,123696,-0.07478306252661836,0.95,-0.07959853722728269,-0.06896184393132132,500,weighted_rerank,identity-cluster-weighted-rerank-v1
geometry,survface,magface-6931178ad2025e1b3799,pca,pca_256,jaw_attention,angular_error_rad,182148,124729,0.17293572777908398,0.95,0.16685133362985646,0.1791021644337606,500,weighted_rerank,identity-cluster-weighted-rerank-v1
geometry,survface,magface-6931178ad2025e1b3799,pca,pca_256,jaw_attention,reconstruction_mse,182148,124729,0.1729361292568535,0.95,0.16685036528604014,0.1791016663813458,500,weighted_rerank,identity-cluster-weighted-rerank-v1
geometry,survface,magface-6931178ad2025e1b3799,pca,pca_256,jaw_attention,cosine_to_origin,182148,124729,-0.17293572777908398,0.95,-0.1791021644337606,-0.16685133362985646,500,weighted_rerank,identity-cluster-weighted-rerank-v1
geometry,survface,magface-6931178ad2025e1b3799,pca,pca_256,face_attention,angular_error_rad,182148,124729,0.191679304566383,0.95,0.18405274036749641,0.20008915278536502,500,weighted_rerank,identity-cluster-weighted-rerank-v1
geometry,survface,magface-6931178ad2025e1b3799,pca,pca_256,face_attention,reconstruction_mse,182148,124729,0.19167555138626385,0.95,0.18405110105557626,0.2000876466728376,500,weighted_rerank,identity-cluster-weighted-rerank-v1
geometry,survface,magface-6931178ad2025e1b3799,pca,pca_256,face_attention,cosine_to_origin,182148,124729,-0.191679304566383,0.95,-0.20008915278536502,-0.18405274036749641,500,weighted_rerank,identity-cluster-weighted-rerank-v1
geometry,survface,magface-6931178ad2025e1b3799,pca,pca_256,outside_face_attention,angular_error_rad,182148,124729,-0.191679304566383,0.95,-0.20008915278536502,-0.18405274036749641,500,weighted_rerank,identity-cluster-weighted-rerank-v1
geometry,survface,magface-6931178ad2025e1b3799,pca,pca_256,outside_face_attention,reconstruction_mse,182148,124729,-0.19167555138626385,0.95,-0.2000876466728376,-0.18405110105557626,500,weighted_rerank,identity-cluster-weighted-rerank-v1
geometry,survface,magface-6931178ad2025e1b3799,pca,pca_256,outside_face_attention,cosine_to_origin,182148,124729,0.191679304566383,0.95,0.18405274036749641,0.20008915278536502,500,weighted_rerank,identity-cluster-weighted-rerank-v1
geometry,survface,magface-6931178ad2025e1b3799,pca,pca_256,saliency_entropy,angular_error_rad,182148,124729,0.15747891185902055,0.95,0.15233377394699277,0.1641389353364519,500,weighted_rerank,identity-cluster-weighted-rerank-v1
geometry,survface,magface-6931178ad2025e1b3799,pca,pca_256,saliency_entropy,reconstruction_mse,182148,124729,0.15748574499437434,0.95,0.15233315311348172,0.16414735520457174,500,weighted_rerank,identity-cluster-weighted-rerank-v1
geometry,survface,magface-6931178ad2025e1b3799,pca,pca_256,saliency_entropy,cosine_to_origin,182148,124729,-0.15747891185902055,0.95,-0.1641389353364519,-0.15233377394699277,500,weighted_rerank,identity-cluster-weighted-rerank-v1
geometry,survface,magface-6931178ad2025e1b3799,pca,pca_256,maximum_region_concentration,angular_error_rad,182148,124729,-0.06479534416234557,0.95,-0.06981939919689736,-0.059640378028979785,500,weighted_rerank,identity-cluster-weighted-rerank-v1
geometry,survface,magface-6931178ad2025e1b3799,pca,pca_256,maximum_region_concentration,reconstruction_mse,182148,124729,-0.06479625268269379,0.95,-0.0698242083968852,-0.05963579599687685,500,weighted_rerank,identity-cluster-weighted-rerank-v1
geometry,survface,magface-6931178ad2025e1b3799,pca,pca_256,maximum_region_concentration,cosine_to_origin,182148,124729,0.06479534416234557,0.95,0.05964037802897935,0.06981939919689736,500,weighted_rerank,identity-cluster-weighted-rerank-v1
geometry,survface,magface-6931178ad2025e1b3799,pca,pca_256,left_right_asymmetry,angular_error_rad,182148,124729,-0.04575327963071984,0.95,-0.051589829423689414,-0.04030497769228105,500,weighted_rerank,identity-cluster-weighted-rerank-v1
geometry,survface,magface-6931178ad2025e1b3799,pca,pca_256,left_right_asymmetry,reconstruction_mse,182148,124729,-0.045761395099466695,0.95,-0.0515989228168173,-0.040316989217682175,500,weighted_rerank,identity-cluster-weighted-rerank-v1
geometry,survface,magface-6931178ad2025e1b3799,pca,pca_256,left_right_asymmetry,cosine_to_origin,182148,124729,0.04575327963071984,0.95,0.04030497769228105,0.051589829423689414,500,weighted_rerank,identity-cluster-weighted-rerank-v1
geometry,survface,magface-6931178ad2025e1b3799,pca,pca_256,saliency_center_x,angular_error_rad,182148,124729,-0.05545136843512717,0.95,-0.06152382972024915,-0.048516617581487606,500,weighted_rerank,identity-cluster-weighted-rerank-v1
geometry,survface,magface-6931178ad2025e1b3799,pca,pca_256,saliency_center_x,reconstruction_mse,182148,124729,-0.05545463826149269,0.95,-0.0615245354468498,-0.0485192394131558,500,weighted_rerank,identity-cluster-weighted-rerank-v1
geometry,survface,magface-6931178ad2025e1b3799,pca,pca_256,saliency_center_x,cosine_to_origin,182148,124729,0.05545136843512717,0.95,0.048516617581487606,0.06152382972024915,500,weighted_rerank,identity-cluster-weighted-rerank-v1
geometry,survface,magface-6931178ad2025e1b3799,pca,pca_256,saliency_center_y,angular_error_rad,182148,124729,0.05101818476669426,0.95,0.04512659832415727,0.05699196184838359,500,weighted_rerank,identity-cluster-weighted-rerank-v1
geometry,survface,magface-6931178ad2025e1b3799,pca,pca_256,saliency_center_y,reconstruction_mse,182148,124729,0.051016822692604026,0.95,0.04512465849402044,0.056988628971505306,500,weighted_rerank,identity-cluster-weighted-rerank-v1
geometry,survface,magface-6931178ad2025e1b3799,pca,pca_256,saliency_center_y,cosine_to_origin,182148,124729,-0.05101818476669426,0.95,-0.05699196184838359,-0.04512659832415727,500,weighted_rerank,identity-cluster-weighted-rerank-v1
geometry,survface,magface-6931178ad2025e1b3799,pca,pca_256,saliency_spread,angular_error_rad,182148,124729,0.03062129305828628,0.95,0.02506410335653567,0.03653287423600818,500,weighted_rerank,identity-cluster-weighted-rerank-v1
geometry,survface,magface-6931178ad2025e1b3799,pca,pca_256,saliency_spread,reconstruction_mse,182148,124729,0.030623226488863373,0.95,0.025068346995543764,0.03653967989085035,500,weighted_rerank,identity-cluster-weighted-rerank-v1
geometry,survface,magface-6931178ad2025e1b3799,pca,pca_256,saliency_spread,cosine_to_origin,182148,124729,-0.03062129305828628,0.95,-0.036532874236008185,-0.025064103356535673,500,weighted_rerank,identity-cluster-weighted-rerank-v1
geometry,survface,magface-6931178ad2025e1b3799,pca,pca_32,quadrant_top_left,angular_error_rad,182148,124729,0.020831563705969603,0.95,0.013552423204904043,0.027694470114037598,500,weighted_rerank,identity-cluster-weighted-rerank-v1
geometry,survface,magface-6931178ad2025e1b3799,pca,pca_32,quadrant_top_left,reconstruction_mse,182148,124729,0.020729476432750204,0.95,0.013439398368430052,0.027588995658649914,500,weighted_rerank,identity-cluster-weighted-rerank-v1
geometry,survface,magface-6931178ad2025e1b3799,pca,pca_32,quadrant_top_left,cosine_to_origin,182148,124729,-0.020831563705969603,0.95,-0.027694470114037598,-0.013552423204904044,500,weighted_rerank,identity-cluster-weighted-rerank-v1
geometry,survface,magface-6931178ad2025e1b3799,pca,pca_32,quadrant_top_right,angular_error_rad,182148,124729,-0.07121518173490217,0.95,-0.07787177663853101,-0.06515867938674078,500,weighted_rerank,identity-cluster-weighted-rerank-v1
geometry,survface,magface-6931178ad2025e1b3799,pca,pca_32,quadrant_top_right,reconstruction_mse,182148,124729,-0.07126457759013034,0.95,-0.07791287797823301,-0.06520064600747494,500,weighted_rerank,identity-cluster-weighted-rerank-v1
geometry,survface,magface-6931178ad2025e1b3799,pca,pca_32,quadrant_top_right,cosine_to_origin,182148,124729,0.07121518173490217,0.95,0.06515867938674078,0.07787177663853101,500,weighted_rerank,identity-cluster-weighted-rerank-v1
geometry,survface,magface-6931178ad2025e1b3799,pca,pca_32,quadrant_bottom_left,angular_error_rad,182148,124729,0.08388680409649837,0.95,0.07809770656482615,0.09029456584474102,500,weighted_rerank,identity-cluster-weighted-rerank-v1
geometry,survface,magface-6931178ad2025e1b3799,pca,pca_32,quadrant_bottom_left,reconstruction_mse,182148,124729,0.08396910855518522,0.95,0.07819177605260336,0.09039386993745482,500,weighted_rerank,identity-cluster-weighted-rerank-v1
geometry,survface,magface-6931178ad2025e1b3799,pca,pca_32,quadrant_bottom_left,cosine_to_origin,182148,124729,-0.08388680409649837,0.95,-0.09029456584474102,-0.07809770656482616,500,weighted_rerank,identity-cluster-weighted-rerank-v1
geometry,survface,magface-6931178ad2025e1b3799,pca,pca_32,quadrant_bottom_right,angular_error_rad,182148,124729,0.034878661581548884,0.95,0.028364090990522783,0.041621168730422056,500,weighted_rerank,identity-cluster-weighted-rerank-v1
geometry,survface,magface-6931178ad2025e1b3799,pca,pca_32,quadrant_bottom_right,reconstruction_mse,182148,124729,0.0349466566403324,0.95,0.028421931276762163,0.041676009050408025,500,weighted_rerank,identity-cluster-weighted-rerank-v1
geometry,survface,magface-6931178ad2025e1b3799,pca,pca_32,quadrant_bottom_right,cosine_to_origin,182148,124729,-0.034878661581548884,0.95,-0.041621168730422056,-0.028364090990522783,500,weighted_rerank,identity-cluster-weighted-rerank-v1
geometry,survface,magface-6931178ad2025e1b3799,pca,pca_32,left_eye_attention,angular_error_rad,182148,124729,0.02442327665233985,0.95,0.01849967571307527,0.030002898518590036,500,weighted_rerank,identity-cluster-weighted-rerank-v1
geometry,survface,magface-6931178ad2025e1b3799,pca,pca_32,left_eye_attention,reconstruction_mse,182148,124729,0.02448796578966043,0.95,0.018545261513860187,0.030058109272602312,500,weighted_rerank,identity-cluster-weighted-rerank-v1
geometry,survface,magface-6931178ad2025e1b3799,pca,pca_32,left_eye_attention,cosine_to_origin,182148,124729,-0.02442327665233985,0.95,-0.03000289851859004,-0.018499675713075273,500,weighted_rerank,identity-cluster-weighted-rerank-v1
geometry,survface,magface-6931178ad2025e1b3799,pca,pca_32,right_eye_attention,angular_error_rad,182148,124729,0.043713126588592006,0.95,0.037513855236644196,0.05023811043073004,500,weighted_rerank,identity-cluster-weighted-rerank-v1
geometry,survface,magface-6931178ad2025e1b3799,pca,pca_32,right_eye_attention,reconstruction_mse,182148,124729,0.04376945149655969,0.95,0.037570366332885366,0.050293936708976764,500,weighted_rerank,identity-cluster-weighted-rerank-v1
geometry,survface,magface-6931178ad2025e1b3799,pca,pca_32,right_eye_attention,cosine_to_origin,182148,124729,-0.043713126588592006,0.95,-0.05023811043073004,-0.037513855236645195,500,weighted_rerank,identity-cluster-weighted-rerank-v1
geometry,survface,magface-6931178ad2025e1b3799,pca,pca_32,nose_attention,angular_error_rad,182148,124729,0.08677830149709582,0.95,0.07830921180733189,0.09530015092926201,500,weighted_rerank,identity-cluster-weighted-rerank-v1
geometry,survface,magface-6931178ad2025e1b3799,pca,pca_32,nose_attention,reconstruction_mse,182148,124729,0.08683731870746697,0.95,0.07835010263700153,0.09535372630872468,500,weighted_rerank,identity-cluster-weighted-rerank-v1
geometry,survface,magface-6931178ad2025e1b3799,pca,pca_32,nose_attention,cosine_to_origin,182148,124729,-0.08677830149709582,0.95,-0.09530015092926201,-0.07830921180733189,500,weighted_rerank,identity-cluster-weighted-rerank-v1
geometry,survface,magface-6931178ad2025e1b3799,pca,pca_32,mouth_attention,angular_error_rad,182148,124729,0.22811742674656726,0.95,0.22206363967137183,0.23430114354502746,500,weighted_rerank,identity-cluster-weighted-rerank-v1
geometry,survface,magface-6931178ad2025e1b3799,pca,pca_32,mouth_attention,reconstruction_mse,182148,124729,0.22820442406996197,0.95,0.22214702919491114,0.23438306592411615,500,weighted_rerank,identity-cluster-weighted-rerank-v1
geometry,survface,magface-6931178ad2025e1b3799,pca,pca_32,mouth_attention,cosine_to_origin,182148,124729,-0.22811742674656726,0.95,-0.23430114354502746,-0.22206363967137183,500,weighted_rerank,identity-cluster-weighted-rerank-v1
geometry,survface,magface-6931178ad2025e1b3799,pca,pca_32,left_cheek_attention,angular_error_rad,180850,123634,0.12751289509484806,0.95,0.12186654978215519,0.1337549022526617,500,weighted_rerank,identity-cluster-weighted-rerank-v1
geometry,survface,magface-6931178ad2025e1b3799,pca,pca_32,left_cheek_attention,reconstruction_mse,180850,123634,0.12761242957549535,0.95,0.12196851814432627,0.1338600779709892,500,weighted_rerank,identity-cluster-weighted-rerank-v1
geometry,survface,magface-6931178ad2025e1b3799,pca,pca_32,left_cheek_attention,cosine_to_origin,180850,123634,-0.12751289509484806,0.95,-0.1337549022526617,-0.12186654978215519,500,weighted_rerank,identity-cluster-weighted-rerank-v1
geometry,survface,magface-6931178ad2025e1b3799,pca,pca_32,right_cheek_attention,angular_error_rad,180782,123696,0.120116863891463,0.95,0.11408256062600061,0.1257392547477329,500,weighted_rerank,identity-cluster-weighted-rerank-v1
geometry,survface,magface-6931178ad2025e1b3799,pca,pca_32,right_cheek_attention,reconstruction_mse,180782,123696,0.12016916158357709,0.95,0.11413479476202883,0.1257721120677996,500,weighted_rerank,identity-cluster-weighted-rerank-v1
geometry,survface,magface-6931178ad2025e1b3799,pca,pca_32,right_cheek_attention,cosine_to_origin,180782,123696,-0.120116863891463,0.95,-0.1257392547477329,-0.11408256062600061,500,weighted_rerank,identity-cluster-weighted-rerank-v1
geometry,survface,magface-6931178ad2025e1b3799,pca,pca_32,jaw_attention,angular_error_rad,182148,124729,0.25087387013419155,0.95,0.2447883312283078,0.25690505444978806,500,weighted_rerank,identity-cluster-weighted-rerank-v1
geometry,survface,magface-6931178ad2025e1b3799,pca,pca_32,jaw_attention,reconstruction_mse,182148,124729,0.2509254129811272,0.95,0.2448378245240612,0.2569554058101433,500,weighted_rerank,identity-cluster-weighted-rerank-v1
geometry,survface,magface-6931178ad2025e1b3799,pca,pca_32,jaw_attention,cosine_to_origin,182148,124729,-0.25087387013419155,0.95,-0.25690505444978806,-0.2447883312283078,500,weighted_rerank,identity-cluster-weighted-rerank-v1
geometry,survface,magface-6931178ad2025e1b3799,pca,pca_32,face_attention,angular_error_rad,182148,124729,0.2857491268632927,0.95,0.27595004525649686,0.29693868201876755,500,weighted_rerank,identity-cluster-weighted-rerank-v1
geometry,survface,magface-6931178ad2025e1b3799,pca,pca_32,face_attention,reconstruction_mse,182148,124729,0.2858319092964452,0.95,0.27604517652004146,0.2970241891909572,500,weighted_rerank,identity-cluster-weighted-rerank-v1
geometry,survface,magface-6931178ad2025e1b3799,pca,pca_32,face_attention,cosine_to_origin,182148,124729,-0.2857491268632927,0.95,-0.296938682018768,-0.27595004525649686,500,weighted_rerank,identity-cluster-weighted-rerank-v1
geometry,survface,magface-6931178ad2025e1b3799,pca,pca_32,outside_face_attention,angular_error_rad,182148,124729,-0.2857491268632927,0.95,-0.296938682018768,-0.27595004525649686,500,weighted_rerank,identity-cluster-weighted-rerank-v1
geometry,survface,magface-6931178ad2025e1b3799,pca,pca_32,outside_face_attention,reconstruction_mse,182148,124729,-0.2858319092964452,0.95,-0.29702418919095763,-0.27604517652004146,500,weighted_rerank,identity-cluster-weighted-rerank-v1
geometry,survface,magface-6931178ad2025e1b3799,pca,pca_32,outside_face_attention,cosine_to_origin,182148,124729,0.2857491268632927,0.95,0.27595004525649686,0.29693868201876755,500,weighted_rerank,identity-cluster-weighted-rerank-v1
geometry,survface,magface-6931178ad2025e1b3799,pca,pca_32,saliency_entropy,angular_error_rad,182148,124729,0.2412632631611604,0.95,0.23500143365850185,0.2481499598654852,500,weighted_rerank,identity-cluster-weighted-rerank-v1
geometry,survface,magface-6931178ad2025e1b3799,pca,pca_32,saliency_entropy,reconstruction_mse,182148,124729,0.24119750167840598,0.95,0.23492871592159464,0.2480871710368222,500,weighted_rerank,identity-cluster-weighted-rerank-v1
geometry,survface,magface-6931178ad2025e1b3799,pca,pca_32,saliency_entropy,cosine_to_origin,182148,124729,-0.2412632631611604,0.95,-0.2481499598654852,-0.23500143365850185,500,weighted_rerank,identity-cluster-weighted-rerank-v1
geometry,survface,magface-6931178ad2025e1b3799,pca,pca_32,maximum_region_concentration,angular_error_rad,182148,124729,-0.11884423480046143,0.95,-0.12500536976100804,-0.11282031031015123,500,weighted_rerank,identity-cluster-weighted-rerank-v1
geometry,survface,magface-6931178ad2025e1b3799,pca,pca_32,maximum_region_concentration,reconstruction_mse,182148,124729,-0.1188189768887129,0.95,-0.1249720325490768,-0.11281185374968637,500,weighted_rerank,identity-cluster-weighted-rerank-v1
geometry,survface,magface-6931178ad2025e1b3799,pca,pca_32,maximum_region_concentration,cosine_to_origin,182148,124729,0.11884423480046143,0.95,0.11282031031015123,0.12500536976100804,500,weighted_rerank,identity-cluster-weighted-rerank-v1
geometry,survface,magface-6931178ad2025e1b3799,pca,pca_32,left_right_asymmetry,angular_error_rad,182148,124729,-0.09906232718130663,0.95,-0.10535447843661777,-0.09318203915587019,500,weighted_rerank,identity-cluster-weighted-rerank-v1
geometry,survface,magface-6931178ad2025e1b3799,pca,pca_32,left_right_asymmetry,reconstruction_mse,182148,124729,-0.09907236163839554,0.95,-0.10537027226449225,-0.09317587877290708,500,weighted_rerank,identity-cluster-weighted-rerank-v1
geometry,survface,magface-6931178ad2025e1b3799,pca,pca_32,left_right_asymmetry,cosine_to_origin,182148,124729,0.09906232718130663,0.95,0.09318203915587019,0.10535447843661777,500,weighted_rerank,identity-cluster-weighted-rerank-v1
geometry,survface,magface-6931178ad2025e1b3799,pca,pca_32,saliency_center_x,angular_error_rad,182148,124729,-0.058810990095437984,0.95,-0.06546964754711623,-0.051633870135972586,500,weighted_rerank,identity-cluster-weighted-rerank-v1
geometry,survface,magface-6931178ad2025e1b3799,pca,pca_32,saliency_center_x,reconstruction_mse,182148,124729,-0.058752506429383435,0.95,-0.06540611399632477,-0.05157724471933023,500,weighted_rerank,identity-cluster-weighted-rerank-v1
geometry,survface,magface-6931178ad2025e1b3799,pca,pca_32,saliency_center_x,cosine_to_origin,182148,124729,0.058810990095437984,0.95,0.051633870135972586,0.06546964754711623,500,weighted_rerank,identity-cluster-weighted-rerank-v1
geometry,survface,magface-6931178ad2025e1b3799,pca,pca_32,saliency_center_y,angular_error_rad,182148,124729,0.0805917652271712,0.95,0.07489976531860915,0.08729860540428448,500,weighted_rerank,identity-cluster-weighted-rerank-v1
geometry,survface,magface-6931178ad2025e1b3799,pca,pca_32,saliency_center_y,reconstruction_mse,182148,124729,0.0806953975502911,0.95,0.07499590605804815,0.08740599942087114,500,weighted_rerank,identity-cluster-weighted-rerank-v1
geometry,survface,magface-6931178ad2025e1b3799,pca,pca_32,saliency_center_y,cosine_to_origin,182148,124729,-0.0805917652271712,0.95,-0.08729860540428448,-0.07489976531860915,500,weighted_rerank,identity-cluster-weighted-rerank-v1
geometry,survface,magface-6931178ad2025e1b3799,pca,pca_32,saliency_spread,angular_error_rad,182148,124729,0.08250186659261613,0.95,0.07628052580908182,0.08905991294135251,500,weighted_rerank,identity-cluster-weighted-rerank-v1
geometry,survface,magface-6931178ad2025e1b3799,pca,pca_32,saliency_spread,reconstruction_mse,182148,124729,0.08236283658802807,0.95,0.07612017618984632,0.0889255768793415,500,weighted_rerank,identity-cluster-weighted-rerank-v1
geometry,survface,magface-6931178ad2025e1b3799,pca,pca_32,saliency_spread,cosine_to_origin,182148,124729,-0.08250186659261613,0.95,-0.08905991294135251,-0.07628052580908182,500,weighted_rerank,identity-cluster-weighted-rerank-v1
geometry,survface,magface-6931178ad2025e1b3799,pca,pca_384,quadrant_top_left,angular_error_rad,182148,124729,0.04496560965140783,0.95,0.039807386044672356,0.050703570667994705,500,weighted_rerank,identity-cluster-weighted-rerank-v1
geometry,survface,magface-6931178ad2025e1b3799,pca,pca_384,quadrant_top_left,reconstruction_mse,182148,124729,0.04497587171173113,0.95,0.039808852231723285,0.050699306564399575,500,weighted_rerank,identity-cluster-weighted-rerank-v1
geometry,survface,magface-6931178ad2025e1b3799,pca,pca_384,quadrant_top_left,cosine_to_origin,182148,124729,-0.04496560965140783,0.95,-0.050703570667994705,-0.039807386044672356,500,weighted_rerank,identity-cluster-weighted-rerank-v1
geometry,survface,magface-6931178ad2025e1b3799,pca,pca_384,quadrant_top_right,angular_error_rad,182148,124729,-0.0676860984560787,0.95,-0.07326278507888137,-0.062030365950664204,500,weighted_rerank,identity-cluster-weighted-rerank-v1
geometry,survface,magface-6931178ad2025e1b3799,pca,pca_384,quadrant_top_right,reconstruction_mse,182148,124729,-0.06771533118456256,0.95,-0.0733034151295544,-0.06203779367041172,500,weighted_rerank,identity-cluster-weighted-rerank-v1
geometry,survface,magface-6931178ad2025e1b3799,pca,pca_384,quadrant_top_right,cosine_to_origin,182148,124729,0.0676860984560787,0.95,0.062030365950664204,0.07326278507888136,500,weighted_rerank,identity-cluster-weighted-rerank-v1
geometry,survface,magface-6931178ad2025e1b3799,pca,pca_384,quadrant_bottom_left,angular_error_rad,182148,124729,0.045798139590963474,0.95,0.04048450488449876,0.05112514699768244,500,weighted_rerank,identity-cluster-weighted-rerank-v1
geometry,survface,magface-6931178ad2025e1b3799,pca,pca_384,quadrant_bottom_left,reconstruction_mse,182148,124729,0.04583543336822569,0.95,0.04053048180547171,0.05114902415103381,500,weighted_rerank,identity-cluster-weighted-rerank-v1
geometry,survface,magface-6931178ad2025e1b3799,pca,pca_384,quadrant_bottom_left,cosine_to_origin,182148,124729,-0.045798139590963474,0.95,-0.05112514699768244,-0.04048450488449876,500,weighted_rerank,identity-cluster-weighted-rerank-v1
geometry,survface,magface-6931178ad2025e1b3799,pca,pca_384,quadrant_bottom_right,angular_error_rad,182148,124729,0.005107916146697446,0.95,-0.001103983041057162,0.010183706928787723,500,weighted_rerank,identity-cluster-weighted-rerank-v1
geometry,survface,magface-6931178ad2025e1b3799,pca,pca_384,quadrant_bottom_right,reconstruction_mse,182148,124729,0.005107309531096632,0.95,-0.0010965081198779391,0.010183180482613043,500,weighted_rerank,identity-cluster-weighted-rerank-v1
geometry,survface,magface-6931178ad2025e1b3799,pca,pca_384,quadrant_bottom_right,cosine_to_origin,182148,124729,-0.005107916146697446,0.95,-0.010183706928787725,0.0011039830410571596,500,weighted_rerank,identity-cluster-weighted-rerank-v1
geometry,survface,magface-6931178ad2025e1b3799,pca,pca_384,left_eye_attention,angular_error_rad,182148,124729,-0.0030638576032568166,0.95,-0.008594588929007342,0.00292466723004042,500,weighted_rerank,identity-cluster-weighted-rerank-v1
geometry,survface,magface-6931178ad2025e1b3799,pca,pca_384,left_eye_attention,reconstruction_mse,182148,124729,-0.0030297854046662277,0.95,-0.008583539978173581,0.0029558779347833315,500,weighted_rerank,identity-cluster-weighted-rerank-v1
geometry,survface,magface-6931178ad2025e1b3799,pca,pca_384,left_eye_attention,cosine_to_origin,182148,124729,0.0030638576032568166,0.95,-0.0029246672300404205,0.008594588929007342,500,weighted_rerank,identity-cluster-weighted-rerank-v1
geometry,survface,magface-6931178ad2025e1b3799,pca,pca_384,right_eye_attention,angular_error_rad,182148,124729,-0.0003220281841604212,0.95,-0.006400671725397546,0.004860182778369068,500,weighted_rerank,identity-cluster-weighted-rerank-v1
geometry,survface,magface-6931178ad2025e1b3799,pca,pca_384,right_eye_attention,reconstruction_mse,182148,124729,-0.00034018463337258967,0.95,-0.006399524232384426,0.004862854357420175,500,weighted_rerank,identity-cluster-weighted-rerank-v1
geometry,survface,magface-6931178ad2025e1b3799,pca,pca_384,right_eye_attention,cosine_to_origin,182148,124729,0.0003220281841604212,0.95,-0.004860182778369069,0.006400671725397545,500,weighted_rerank,identity-cluster-weighted-rerank-v1
geometry,survface,magface-6931178ad2025e1b3799,pca,pca_384,nose_attention,angular_error_rad,182148,124729,0.009247062753855752,0.95,0.0026558534844037564,0.015564556575537975,500,weighted_rerank,identity-cluster-weighted-rerank-v1
geometry,survface,magface-6931178ad2025e1b3799,pca,pca_384,nose_attention,reconstruction_mse,182148,124729,0.009264050830384181,0.95,0.0026836289904780186,0.015570967532803827,500,weighted_rerank,identity-cluster-weighted-rerank-v1
geometry,survface,magface-6931178ad2025e1b3799,pca,pca_384,nose_attention,cosine_to_origin,182148,124729,-0.009247062753855752,0.95,-0.015564556575537975,-0.0026558534844037577,500,weighted_rerank,identity-cluster-weighted-rerank-v1
geometry,survface,magface-6931178ad2025e1b3799,pca,pca_384,mouth_attention,angular_error_rad,182148,124729,0.15521971271675328,0.95,0.1492633449036383,0.16031179634233167,500,weighted_rerank,identity-cluster-weighted-rerank-v1
geometry,survface,magface-6931178ad2025e1b3799,pca,pca_384,mouth_attention,reconstruction_mse,182148,124729,0.1552581830538706,0.95,0.14931047093574099,0.16034329795460928,500,weighted_rerank,identity-cluster-weighted-rerank-v1
geometry,survface,magface-6931178ad2025e1b3799,pca,pca_384,mouth_attention,cosine_to_origin,182148,124729,-0.15521971271675328,0.95,-0.16031179634233167,-0.1492633449036383,500,weighted_rerank,identity-cluster-weighted-rerank-v1
geometry,survface,magface-6931178ad2025e1b3799,pca,pca_384,left_cheek_attention,angular_error_rad,180850,123634,0.08603562846783785,0.95,0.08016480008549831,0.09167425130890243,500,weighted_rerank,identity-cluster-weighted-rerank-v1
geometry,survface,magface-6931178ad2025e1b3799,pca,pca_384,left_cheek_attention,reconstruction_mse,180850,123634,0.08605106644640667,0.95,0.08013506850357131,0.09168071199440919,500,weighted_rerank,identity-cluster-weighted-rerank-v1
geometry,survface,magface-6931178ad2025e1b3799,pca,pca_384,left_cheek_attention,cosine_to_origin,180850,123634,-0.08603562846783785,0.95,-0.09167425130890243,-0.08016480008549831,500,weighted_rerank,identity-cluster-weighted-rerank-v1
geometry,survface,magface-6931178ad2025e1b3799,pca,pca_384,right_cheek_attention,angular_error_rad,180782,123696,0.06952766702055936,0.95,0.06368287630300248,0.0750033197262371,500,weighted_rerank,identity-cluster-weighted-rerank-v1
geometry,survface,magface-6931178ad2025e1b3799,pca,pca_384,right_cheek_attention,reconstruction_mse,180782,123696,0.069526044003373,0.95,0.06371125663883291,0.07499513981078824,500,weighted_rerank,identity-cluster-weighted-rerank-v1
geometry,survface,magface-6931178ad2025e1b3799,pca,pca_384,right_cheek_attention,cosine_to_origin,180782,123696,-0.06952766702055936,0.95,-0.0750033197262371,-0.06368287630300248,500,weighted_rerank,identity-cluster-weighted-rerank-v1
geometry,survface,magface-6931178ad2025e1b3799,pca,pca_384,jaw_attention,angular_error_rad,182148,124729,0.1605419011188631,0.95,0.15408869065092662,0.16613656309702401,500,weighted_rerank,identity-cluster-weighted-rerank-v1
geometry,survface,magface-6931178ad2025e1b3799,pca,pca_384,jaw_attention,reconstruction_mse,182148,124729,0.16056749355957917,0.95,0.15411314579513574,0.1661899824544367,500,weighted_rerank,identity-cluster-weighted-rerank-v1
geometry,survface,magface-6931178ad2025e1b3799,pca,pca_384,jaw_attention,cosine_to_origin,182148,124729,-0.1605419011188631,0.95,-0.16613656309702401,-0.15408869065092662,500,weighted_rerank,identity-cluster-weighted-rerank-v1
geometry,survface,magface-6931178ad2025e1b3799,pca,pca_384,face_attention,angular_error_rad,182148,124729,0.1496363920333042,0.95,0.14197457741022654,0.15654737006401429,500,weighted_rerank,identity-cluster-weighted-rerank-v1
geometry,survface,magface-6931178ad2025e1b3799,pca,pca_384,face_attention,reconstruction_mse,182148,124729,0.14963265619836316,0.95,0.14191685435602053,0.15650900622190772,500,weighted_rerank,identity-cluster-weighted-rerank-v1
geometry,survface,magface-6931178ad2025e1b3799,pca,pca_384,face_attention,cosine_to_origin,182148,124729,-0.1496363920333042,0.95,-0.15654737006401429,-0.14197457741022654,500,weighted_rerank,identity-cluster-weighted-rerank-v1
geometry,survface,magface-6931178ad2025e1b3799,pca,pca_384,outside_face_attention,angular_error_rad,182148,124729,-0.1496363920333042,0.95,-0.15654737006401429,-0.14197457741022654,500,weighted_rerank,identity-cluster-weighted-rerank-v1
geometry,survface,magface-6931178ad2025e1b3799,pca,pca_384,outside_face_attention,reconstruction_mse,182148,124729,-0.14963265619836316,0.95,-0.15650900622190772,-0.14191685435602053,500,weighted_rerank,identity-cluster-weighted-rerank-v1
geometry,survface,magface-6931178ad2025e1b3799,pca,pca_384,outside_face_attention,cosine_to_origin,182148,124729,0.1496363920333042,0.95,0.14197457741022654,0.15654737006401429,500,weighted_rerank,identity-cluster-weighted-rerank-v1
geometry,survface,magface-6931178ad2025e1b3799,pca,pca_384,saliency_entropy,angular_error_rad,182148,124729,0.1354667824384953,0.95,0.12853917245520824,0.140754879320899,500,weighted_rerank,identity-cluster-weighted-rerank-v1
geometry,survface,magface-6931178ad2025e1b3799,pca,pca_384,saliency_entropy,reconstruction_mse,182148,124729,0.13549126945934037,0.95,0.1285382286525501,0.1407500152273347,500,weighted_rerank,identity-cluster-weighted-rerank-v1
geometry,survface,magface-6931178ad2025e1b3799,pca,pca_384,saliency_entropy,cosine_to_origin,182148,124729,-0.1354667824384953,0.95,-0.140754879320899,-0.12853917245520824,500,weighted_rerank,identity-cluster-weighted-rerank-v1
geometry,survface,magface-6931178ad2025e1b3799,pca,pca_384,maximum_region_concentration,angular_error_rad,182148,124729,-0.04691206365993353,0.95,-0.051768299416106334,-0.0417646754059781,500,weighted_rerank,identity-cluster-weighted-rerank-v1
geometry,survface,magface-6931178ad2025e1b3799,pca,pca_384,maximum_region_concentration,reconstruction_mse,182148,124729,-0.04693331102783075,0.95,-0.05175573859078437,-0.04176281799955463,500,weighted_rerank,identity-cluster-weighted-rerank-v1
geometry,survface,magface-6931178ad2025e1b3799,pca,pca_384,maximum_region_concentration,cosine_to_origin,182148,124729,0.04691206365993353,0.95,0.04176467540597809,0.05176829941610633,500,weighted_rerank,identity-cluster-weighted-rerank-v1
geometry,survface,magface-6931178ad2025e1b3799,pca,pca_384,left_right_asymmetry,angular_error_rad,182148,124729,-0.030628665940502637,0.95,-0.03582738934743597,-0.02465788083982106,500,weighted_rerank,identity-cluster-weighted-rerank-v1
geometry,survface,magface-6931178ad2025e1b3799,pca,pca_384,left_right_asymmetry,reconstruction_mse,182148,124729,-0.03061105964940259,0.95,-0.035809705502192056,-0.02464376676512486,500,weighted_rerank,identity-cluster-weighted-rerank-v1
geometry,survface,magface-6931178ad2025e1b3799,pca,pca_384,left_right_asymmetry,cosine_to_origin,182148,124729,0.030628665940502637,0.95,0.024657880839821057,0.03582738934743597,500,weighted_rerank,identity-cluster-weighted-rerank-v1
geometry,survface,magface-6931178ad2025e1b3799,pca,pca_384,saliency_center_x,angular_error_rad,182148,124729,-0.06602800865789885,0.95,-0.07209786842674623,-0.06006424455059739,500,weighted_rerank,identity-cluster-weighted-rerank-v1
geometry,survface,magface-6931178ad2025e1b3799,pca,pca_384,saliency_center_x,reconstruction_mse,182148,124729,-0.06603394397049071,0.95,-0.07212369085333008,-0.06002894845089128,500,weighted_rerank,identity-cluster-weighted-rerank-v1
geometry,survface,magface-6931178ad2025e1b3799,pca,pca_384,saliency_center_x,cosine_to_origin,182148,124729,0.06602800865789885,0.95,0.06006424455059739,0.07209786842674623,500,weighted_rerank,identity-cluster-weighted-rerank-v1
geometry,survface,magface-6931178ad2025e1b3799,pca,pca_384,saliency_center_y,angular_error_rad,182148,124729,0.04585153000557175,0.95,0.04052985878721607,0.050961978686255384,500,weighted_rerank,identity-cluster-weighted-rerank-v1
geometry,survface,magface-6931178ad2025e1b3799,pca,pca_384,saliency_center_y,reconstruction_mse,182148,124729,0.04586137317673978,0.95,0.04050580435635906,0.0509545885958517,500,weighted_rerank,identity-cluster-weighted-rerank-v1
geometry,survface,magface-6931178ad2025e1b3799,pca,pca_384,saliency_center_y,cosine_to_origin,182148,124729,-0.04585153000557175,0.95,-0.050961978686255384,-0.04052985878721607,500,weighted_rerank,identity-cluster-weighted-rerank-v1
geometry,survface,magface-6931178ad2025e1b3799,pca,pca_384,saliency_spread,angular_error_rad,182148,124729,0.03790740298840852,0.95,0.03209171769934035,0.04386779978352526,500,weighted_rerank,identity-cluster-weighted-rerank-v1
geometry,survface,magface-6931178ad2025e1b3799,pca,pca_384,saliency_spread,reconstruction_mse,182148,124729,0.03794812196941259,0.95,0.032125772125969634,0.04394242391611529,500,weighted_rerank,identity-cluster-weighted-rerank-v1
geometry,survface,magface-6931178ad2025e1b3799,pca,pca_384,saliency_spread,cosine_to_origin,182148,124729,-0.03790740298840852,0.95,-0.043867799783525264,-0.032091717699340355,500,weighted_rerank,identity-cluster-weighted-rerank-v1
geometry,survface,magface-6931178ad2025e1b3799,pca,pca_64,quadrant_top_left,angular_error_rad,182148,124729,0.024046829674685116,0.95,0.017306897601755356,0.03142923730314812,500,weighted_rerank,identity-cluster-weighted-rerank-v1
geometry,survface,magface-6931178ad2025e1b3799,pca,pca_64,quadrant_top_left,reconstruction_mse,182148,124729,0.024034262979878034,0.95,0.017292440739718893,0.03141478561612723,500,weighted_rerank,identity-cluster-weighted-rerank-v1
geometry,survface,magface-6931178ad2025e1b3799,pca,pca_64,quadrant_top_left,cosine_to_origin,182148,124729,-0.024046829674685116,0.95,-0.03142923730314812,-0.017306897601755356,500,weighted_rerank,identity-cluster-weighted-rerank-v1
geometry,survface,magface-6931178ad2025e1b3799,pca,pca_64,quadrant_top_right,angular_error_rad,182148,124729,-0.05704012425762275,0.95,-0.06325349406911591,-0.05109554207223014,500,weighted_rerank,identity-cluster-weighted-rerank-v1
geometry,survface,magface-6931178ad2025e1b3799,pca,pca_64,quadrant_top_right,reconstruction_mse,182148,124729,-0.05702747427728866,0.95,-0.06324354001514595,-0.05108830708204923,500,weighted_rerank,identity-cluster-weighted-rerank-v1
geometry,survface,magface-6931178ad2025e1b3799,pca,pca_64,quadrant_top_right,cosine_to_origin,182148,124729,0.05704012425762275,0.95,0.05109554207223013,0.06325349406911591,500,weighted_rerank,identity-cluster-weighted-rerank-v1
geometry,survface,magface-6931178ad2025e1b3799,pca,pca_64,quadrant_bottom_left,angular_error_rad,182148,124729,0.07452759804506814,0.95,0.06819364980200905,0.08112663261004134,500,weighted_rerank,identity-cluster-weighted-rerank-v1
geometry,survface,magface-6931178ad2025e1b3799,pca,pca_64,quadrant_bottom_left,reconstruction_mse,182148,124729,0.07453916603987865,0.95,0.06820249224556471,0.08115186051177355,500,weighted_rerank,identity-cluster-weighted-rerank-v1
geometry,survface,magface-6931178ad2025e1b3799,pca,pca_64,quadrant_bottom_left,cosine_to_origin,182148,124729,-0.07452759804506814,0.95,-0.08112663261004134,-0.06819364980200907,500,weighted_rerank,identity-cluster-weighted-rerank-v1
geometry,survface,magface-6931178ad2025e1b3799,pca,pca_64,quadrant_bottom_right,angular_error_rad,182148,124729,0.02462866623705688,0.95,0.01927842870597358,0.03040653608453431,500,weighted_rerank,identity-cluster-weighted-rerank-v1
geometry,survface,magface-6931178ad2025e1b3799,pca,pca_64,quadrant_bottom_right,reconstruction_mse,182148,124729,0.024621600867998146,0.95,0.019277814791375154,0.030394893301155676,500,weighted_rerank,identity-cluster-weighted-rerank-v1
geometry,survface,magface-6931178ad2025e1b3799,pca,pca_64,quadrant_bottom_right,cosine_to_origin,182148,124729,-0.02462866623705688,0.95,-0.03040653608453431,-0.019278428705973582,500,weighted_rerank,identity-cluster-weighted-rerank-v1
geometry,survface,magface-6931178ad2025e1b3799,pca,pca_64,left_eye_attention,angular_error_rad,182148,124729,0.02175899092413463,0.95,0.015032919306845463,0.027902416924321414,500,weighted_rerank,identity-cluster-weighted-rerank-v1
geometry,survface,magface-6931178ad2025e1b3799,pca,pca_64,left_eye_attention,reconstruction_mse,182148,124729,0.021772717722731413,0.95,0.015048063000656552,0.0279060254349218,500,weighted_rerank,identity-cluster-weighted-rerank-v1
geometry,survface,magface-6931178ad2025e1b3799,pca,pca_64,left_eye_attention,cosine_to_origin,182148,124729,-0.02175899092413463,0.95,-0.027902416924321417,-0.015032919306845464,500,weighted_rerank,identity-cluster-weighted-rerank-v1
geometry,survface,magface-6931178ad2025e1b3799,pca,pca_64,right_eye_attention,angular_error_rad,182148,124729,0.045235568223719796,0.95,0.03970722301891312,0.05076438485386287,500,weighted_rerank,identity-cluster-weighted-rerank-v1
geometry,survface,magface-6931178ad2025e1b3799,pca,pca_64,right_eye_attention,reconstruction_mse,182148,124729,0.04525297496087763,0.95,0.03972214989305416,0.05077901820509451,500,weighted_rerank,identity-cluster-weighted-rerank-v1
geometry,survface,magface-6931178ad2025e1b3799,pca,pca_64,right_eye_attention,cosine_to_origin,182148,124729,-0.045235568223719796,0.95,-0.05076438485386287,-0.03970722301891312,500,weighted_rerank,identity-cluster-weighted-rerank-v1
geometry,survface,magface-6931178ad2025e1b3799,pca,pca_64,nose_attention,angular_error_rad,182148,124729,0.08450930665202865,0.95,0.07654489400288826,0.09227815167662609,500,weighted_rerank,identity-cluster-weighted-rerank-v1
geometry,survface,magface-6931178ad2025e1b3799,pca,pca_64,nose_attention,reconstruction_mse,182148,124729,0.08453864394386713,0.95,0.07657074354957638,0.09232126712358614,500,weighted_rerank,identity-cluster-weighted-rerank-v1
geometry,survface,magface-6931178ad2025e1b3799,pca,pca_64,nose_attention,cosine_to_origin,182148,124729,-0.08450930665202865,0.95,-0.09227815167662609,-0.07654489400288826,500,weighted_rerank,identity-cluster-weighted-rerank-v1
geometry,survface,magface-6931178ad2025e1b3799,pca,pca_64,mouth_attention,angular_error_rad,182148,124729,0.21977688375602464,0.95,0.2135152604444943,0.2264705042873947,500,weighted_rerank,identity-cluster-weighted-rerank-v1
geometry,survface,magface-6931178ad2025e1b3799,pca,pca_64,mouth_attention,reconstruction_mse,182148,124729,0.21980355987522404,0.95,0.21354008282804154,0.22649462910497714,500,weighted_rerank,identity-cluster-weighted-rerank-v1
geometry,survface,magface-6931178ad2025e1b3799,pca,pca_64,mouth_attention,cosine_to_origin,182148,124729,-0.21977688375602464,0.95,-0.2264705042873947,-0.21351526044449431,500,weighted_rerank,identity-cluster-weighted-rerank-v1
geometry,survface,magface-6931178ad2025e1b3799,pca,pca_64,left_cheek_attention,angular_error_rad,180850,123634,0.12341340605355568,0.95,0.11735725136996879,0.12979489476769074,500,weighted_rerank,identity-cluster-weighted-rerank-v1
geometry,survface,magface-6931178ad2025e1b3799,pca,pca_64,left_cheek_attention,reconstruction_mse,180850,123634,0.12344981995291804,0.95,0.11738227386672073,0.12983090919576254,500,weighted_rerank,identity-cluster-weighted-rerank-v1
geometry,survface,magface-6931178ad2025e1b3799,pca,pca_64,left_cheek_attention,cosine_to_origin,180850,123634,-0.12341340605355568,0.95,-0.12979489476769074,-0.1173572513699688,500,weighted_rerank,identity-cluster-weighted-rerank-v1
geometry,survface,magface-6931178ad2025e1b3799,pca,pca_64,right_cheek_attention,angular_error_rad,180782,123696,0.11114818458333865,0.95,0.10520026354166204,0.1170237942801041,500,weighted_rerank,identity-cluster-weighted-rerank-v1
geometry,survface,magface-6931178ad2025e1b3799,pca,pca_64,right_cheek_attention,reconstruction_mse,180782,123696,0.11115393253693093,0.95,0.1052090028726599,0.11702586123698142,500,weighted_rerank,identity-cluster-weighted-rerank-v1
geometry,survface,magface-6931178ad2025e1b3799,pca,pca_64,right_cheek_attention,cosine_to_origin,180782,123696,-0.11114818458333865,0.95,-0.1170237942801041,-0.10520026354166204,500,weighted_rerank,identity-cluster-weighted-rerank-v1
geometry,survface,magface-6931178ad2025e1b3799,pca,pca_64,jaw_attention,angular_error_rad,182148,124729,0.24152555368431355,0.95,0.2355697512901355,0.24804800208160516,500,weighted_rerank,identity-cluster-weighted-rerank-v1
geometry,survface,magface-6931178ad2025e1b3799,pca,pca_64,jaw_attention,reconstruction_mse,182148,124729,0.24155045600873273,0.95,0.23560112783113052,0.24807452024257046,500,weighted_rerank,identity-cluster-weighted-rerank-v1
geometry,survface,magface-6931178ad2025e1b3799,pca,pca_64,jaw_attention,cosine_to_origin,182148,124729,-0.24152555368431355,0.95,-0.24804800208160516,-0.2355697512901355,500,weighted_rerank,identity-cluster-weighted-rerank-v1
geometry,survface,magface-6931178ad2025e1b3799,pca,pca_64,face_attention,angular_error_rad,182148,124729,0.2825542962840023,0.95,0.272231437503706,0.292967648960473,500,weighted_rerank,identity-cluster-weighted-rerank-v1
geometry,survface,magface-6931178ad2025e1b3799,pca,pca_64,face_attention,reconstruction_mse,182148,124729,0.2825783481713004,0.95,0.2722562883310396,0.2929868512483112,500,weighted_rerank,identity-cluster-weighted-rerank-v1
geometry,survface,magface-6931178ad2025e1b3799,pca,pca_64,face_attention,cosine_to_origin,182148,124729,-0.2825542962840023,0.95,-0.29296764896047306,-0.272231437503706,500,weighted_rerank,identity-cluster-weighted-rerank-v1
geometry,survface,magface-6931178ad2025e1b3799,pca,pca_64,outside_face_attention,angular_error_rad,182148,124729,-0.2825542962840023,0.95,-0.29296764896047306,-0.272231437503706,500,weighted_rerank,identity-cluster-weighted-rerank-v1
geometry,survface,magface-6931178ad2025e1b3799,pca,pca_64,outside_face_attention,reconstruction_mse,182148,124729,-0.2825783481713004,0.95,-0.2929868512483112,-0.2722562883310396,500,weighted_rerank,identity-cluster-weighted-rerank-v1
geometry,survface,magface-6931178ad2025e1b3799,pca,pca_64,outside_face_attention,cosine_to_origin,182148,124729,0.2825542962840023,0.95,0.272231437503706,0.292967648960473,500,weighted_rerank,identity-cluster-weighted-rerank-v1
geometry,survface,magface-6931178ad2025e1b3799,pca,pca_64,saliency_entropy,angular_error_rad,182148,124729,0.2337995227251248,0.95,0.22783464792634814,0.24102173674749636,500,weighted_rerank,identity-cluster-weighted-rerank-v1
geometry,survface,magface-6931178ad2025e1b3799,pca,pca_64,saliency_entropy,reconstruction_mse,182148,124729,0.23379872379230907,0.95,0.2278329076808188,0.24102180101143997,500,weighted_rerank,identity-cluster-weighted-rerank-v1
geometry,survface,magface-6931178ad2025e1b3799,pca,pca_64,saliency_entropy,cosine_to_origin,182148,124729,-0.2337995227251248,0.95,-0.24102173674749636,-0.22783464792634814,500,weighted_rerank,identity-cluster-weighted-rerank-v1
geometry,survface,magface-6931178ad2025e1b3799,pca,pca_64,maximum_region_concentration,angular_error_rad,182148,124729,-0.11550821580115875,0.95,-0.1212821503253294,-0.11023243590336415,500,weighted_rerank,identity-cluster-weighted-rerank-v1
geometry,survface,magface-6931178ad2025e1b3799,pca,pca_64,maximum_region_concentration,reconstruction_mse,182148,124729,-0.11550989706669744,0.95,-0.12128303248459012,-0.11023616539023987,500,weighted_rerank,identity-cluster-weighted-rerank-v1
geometry,survface,magface-6931178ad2025e1b3799,pca,pca_64,maximum_region_concentration,cosine_to_origin,182148,124729,0.11550821580115875,0.95,0.11023243590336415,0.1212821503253294,500,weighted_rerank,identity-cluster-weighted-rerank-v1
geometry,survface,magface-6931178ad2025e1b3799,pca,pca_64,left_right_asymmetry,angular_error_rad,182148,124729,-0.09558413642276752,0.95,-0.10209953963403615,-0.08968815649856775,500,weighted_rerank,identity-cluster-weighted-rerank-v1
geometry,survface,magface-6931178ad2025e1b3799,pca,pca_64,left_right_asymmetry,reconstruction_mse,182148,124729,-0.09558860440694505,0.95,-0.10210276055169301,-0.08969296652227589,500,weighted_rerank,identity-cluster-weighted-rerank-v1
geometry,survface,magface-6931178ad2025e1b3799,pca,pca_64,left_right_asymmetry,cosine_to_origin,182148,124729,0.09558413642276752,0.95,0.08968815649856775,0.10209953963403615,500,weighted_rerank,identity-cluster-weighted-rerank-v1
geometry,survface,magface-6931178ad2025e1b3799,pca,pca_64,saliency_center_x,angular_error_rad,182148,124729,-0.05392510176938605,0.95,-0.06104863068041454,-0.04673603760481076,500,weighted_rerank,identity-cluster-weighted-rerank-v1
geometry,survface,magface-6931178ad2025e1b3799,pca,pca_64,saliency_center_x,reconstruction_mse,182148,124729,-0.05391422274305531,0.95,-0.06104321751675316,-0.046724566706503934,500,weighted_rerank,identity-cluster-weighted-rerank-v1
geometry,survface,magface-6931178ad2025e1b3799,pca,pca_64,saliency_center_x,cosine_to_origin,182148,124729,0.05392510176938605,0.95,0.04673603760481076,0.06104863068041454,500,weighted_rerank,identity-cluster-weighted-rerank-v1
geometry,survface,magface-6931178ad2025e1b3799,pca,pca_64,saliency_center_y,angular_error_rad,182148,124729,0.0710471919108025,0.95,0.06479965995810011,0.07666088107546572,500,weighted_rerank,identity-cluster-weighted-rerank-v1
geometry,survface,magface-6931178ad2025e1b3799,pca,pca_64,saliency_center_y,reconstruction_mse,182148,124729,0.0710544413622386,0.95,0.06481201642767564,0.0766666798060548,500,weighted_rerank,identity-cluster-weighted-rerank-v1
geometry,survface,magface-6931178ad2025e1b3799,pca,pca_64,saliency_center_y,cosine_to_origin,182148,124729,-0.0710471919108025,0.95,-0.07666088107546572,-0.06479965995810011,500,weighted_rerank,identity-cluster-weighted-rerank-v1
geometry,survface,magface-6931178ad2025e1b3799,pca,pca_64,saliency_spread,angular_error_rad,182148,124729,0.06727059627176274,0.95,0.061218793365383606,0.07436800610191342,500,weighted_rerank,identity-cluster-weighted-rerank-v1
geometry,survface,magface-6931178ad2025e1b3799,pca,pca_64,saliency_spread,reconstruction_mse,182148,124729,0.0672227629439538,0.95,0.061166815322634654,0.07432343889018578,500,weighted_rerank,identity-cluster-weighted-rerank-v1
geometry,survface,magface-6931178ad2025e1b3799,pca,pca_64,saliency_spread,cosine_to_origin,182148,124729,-0.06727059627176274,0.95,-0.07436800610191342,-0.061218793365383606,500,weighted_rerank,identity-cluster-weighted-rerank-v1
geometry,survface,magface-6931178ad2025e1b3799,pq,pq_512_m128_b8,quadrant_top_left,angular_error_rad,182148,124729,0.01855877509644101,0.95,0.012806617585929218,0.02449189873844217,500,weighted_rerank,identity-cluster-weighted-rerank-v1
geometry,survface,magface-6931178ad2025e1b3799,pq,pq_512_m128_b8,quadrant_top_left,reconstruction_mse,182148,124729,0.018687413484032682,0.95,0.01295088955228001,0.02461070942490934,500,weighted_rerank,identity-cluster-weighted-rerank-v1
geometry,survface,magface-6931178ad2025e1b3799,pq,pq_512_m128_b8,quadrant_top_left,cosine_to_origin,182148,124729,-0.01855877509644101,0.95,-0.024491898738442663,-0.01280661758592922,500,weighted_rerank,identity-cluster-weighted-rerank-v1
geometry,survface,magface-6931178ad2025e1b3799,pq,pq_512_m128_b8,quadrant_top_right,angular_error_rad,182148,124729,-0.024035240918089427,0.95,-0.030690411603973372,-0.01780577514078583,500,weighted_rerank,identity-cluster-weighted-rerank-v1
geometry,survface,magface-6931178ad2025e1b3799,pq,pq_512_m128_b8,quadrant_top_right,reconstruction_mse,182148,124729,-0.02400254589867716,0.95,-0.030641392148948194,-0.0177533743021044,500,weighted_rerank,identity-cluster-weighted-rerank-v1
geometry,survface,magface-6931178ad2025e1b3799,pq,pq_512_m128_b8,quadrant_top_right,cosine_to_origin,182148,124729,0.024035240918089427,0.95,0.01780577514078583,0.03069041160397337,500,weighted_rerank,identity-cluster-weighted-rerank-v1
geometry,survface,magface-6931178ad2025e1b3799,pq,pq_512_m128_b8,quadrant_bottom_left,angular_error_rad,182148,124729,0.06972562224701172,0.95,0.0639079385373939,0.07541708551065714,500,weighted_rerank,identity-cluster-weighted-rerank-v1
geometry,survface,magface-6931178ad2025e1b3799,pq,pq_512_m128_b8,quadrant_bottom_left,reconstruction_mse,182148,124729,0.06964362785917191,0.95,0.06379778555505378,0.07528132190780121,500,weighted_rerank,identity-cluster-weighted-rerank-v1
geometry,survface,magface-6931178ad2025e1b3799,pq,pq_512_m128_b8,quadrant_bottom_left,cosine_to_origin,182148,124729,-0.06972562224701172,0.95,-0.07541708551065714,-0.0639079385373939,500,weighted_rerank,identity-cluster-weighted-rerank-v1
geometry,survface,magface-6931178ad2025e1b3799,pq,pq_512_m128_b8,quadrant_bottom_right,angular_error_rad,182148,124729,0.007750551152388156,0.95,0.0019239060276735468,0.013953282606765103,500,weighted_rerank,identity-cluster-weighted-rerank-v1
geometry,survface,magface-6931178ad2025e1b3799,pq,pq_512_m128_b8,quadrant_bottom_right,reconstruction_mse,182148,124729,0.007625439998435924,0.95,0.0018031222967796901,0.01383537210151262,500,weighted_rerank,identity-cluster-weighted-rerank-v1
geometry,survface,magface-6931178ad2025e1b3799,pq,pq_512_m128_b8,quadrant_bottom_right,cosine_to_origin,182148,124729,-0.007750551152388156,0.95,-0.013953282606765103,-0.0019239060276735494,500,weighted_rerank,identity-cluster-weighted-rerank-v1
geometry,survface,magface-6931178ad2025e1b3799,pq,pq_512_m128_b8,left_eye_attention,angular_error_rad,182148,124729,0.04117525942809144,0.95,0.03478106528741737,0.04729598380217071,500,weighted_rerank,identity-cluster-weighted-rerank-v1
geometry,survface,magface-6931178ad2025e1b3799,pq,pq_512_m128_b8,left_eye_attention,reconstruction_mse,182148,124729,0.04111227074326655,0.95,0.03471089659111367,0.04723481526478382,500,weighted_rerank,identity-cluster-weighted-rerank-v1
geometry,survface,magface-6931178ad2025e1b3799,pq,pq_512_m128_b8,left_eye_attention,cosine_to_origin,182148,124729,-0.04117525942809144,0.95,-0.04729598380217071,-0.034781065287416854,500,weighted_rerank,identity-cluster-weighted-rerank-v1
geometry,survface,magface-6931178ad2025e1b3799,pq,pq_512_m128_b8,right_eye_attention,angular_error_rad,182148,124729,0.06760304589855197,0.95,0.06177533575613837,0.07365526370244849,500,weighted_rerank,identity-cluster-weighted-rerank-v1
geometry,survface,magface-6931178ad2025e1b3799,pq,pq_512_m128_b8,right_eye_attention,reconstruction_mse,182148,124729,0.06758450731096217,0.95,0.061753216489390396,0.07361740797585613,500,weighted_rerank,identity-cluster-weighted-rerank-v1
geometry,survface,magface-6931178ad2025e1b3799,pq,pq_512_m128_b8,right_eye_attention,cosine_to_origin,182148,124729,-0.06760304589855197,0.95,-0.07365526370244849,-0.061775335756137896,500,weighted_rerank,identity-cluster-weighted-rerank-v1
geometry,survface,magface-6931178ad2025e1b3799,pq,pq_512_m128_b8,nose_attention,angular_error_rad,182148,124729,0.09323206926367479,0.95,0.08533431826969914,0.10008948975586492,500,weighted_rerank,identity-cluster-weighted-rerank-v1
geometry,survface,magface-6931178ad2025e1b3799,pq,pq_512_m128_b8,nose_attention,reconstruction_mse,182148,124729,0.09311655311361201,0.95,0.08521644169385971,0.09991178714542392,500,weighted_rerank,identity-cluster-weighted-rerank-v1
geometry,survface,magface-6931178ad2025e1b3799,pq,pq_512_m128_b8,nose_attention,cosine_to_origin,182148,124729,-0.09323206926367479,0.95,-0.10008948975586492,-0.08533431826969914,500,weighted_rerank,identity-cluster-weighted-rerank-v1
geometry,survface,magface-6931178ad2025e1b3799,pq,pq_512_m128_b8,mouth_attention,angular_error_rad,182148,124729,0.20335891800868477,0.95,0.19721305690202096,0.2102755140984492,500,weighted_rerank,identity-cluster-weighted-rerank-v1
geometry,survface,magface-6931178ad2025e1b3799,pq,pq_512_m128_b8,mouth_attention,reconstruction_mse,182148,124729,0.20328932017602055,0.95,0.1971277768112438,0.2101932522923238,500,weighted_rerank,identity-cluster-weighted-rerank-v1
geometry,survface,magface-6931178ad2025e1b3799,pq,pq_512_m128_b8,mouth_attention,cosine_to_origin,182148,124729,-0.20335891800868477,0.95,-0.2102755140984492,-0.19721305690202096,500,weighted_rerank,identity-cluster-weighted-rerank-v1
geometry,survface,magface-6931178ad2025e1b3799,pq,pq_512_m128_b8,left_cheek_attention,angular_error_rad,180850,123634,0.11709334065165754,0.95,0.11117058062903659,0.12253077518809319,500,weighted_rerank,identity-cluster-weighted-rerank-v1
geometry,survface,magface-6931178ad2025e1b3799,pq,pq_512_m128_b8,left_cheek_attention,reconstruction_mse,180850,123634,0.11697975200682628,0.95,0.11103867329098825,0.12241755548677893,500,weighted_rerank,identity-cluster-weighted-rerank-v1
geometry,survface,magface-6931178ad2025e1b3799,pq,pq_512_m128_b8,left_cheek_attention,cosine_to_origin,180850,123634,-0.11709334065165754,0.95,-0.12253077518809319,-0.11117058062903659,500,weighted_rerank,identity-cluster-weighted-rerank-v1
geometry,survface,magface-6931178ad2025e1b3799,pq,pq_512_m128_b8,right_cheek_attention,angular_error_rad,180782,123696,0.10617624706060427,0.95,0.0995111033193571,0.11211228932798621,500,weighted_rerank,identity-cluster-weighted-rerank-v1
geometry,survface,magface-6931178ad2025e1b3799,pq,pq_512_m128_b8,right_cheek_attention,reconstruction_mse,180782,123696,0.10608638534881393,0.95,0.09943174485433338,0.11200695404174502,500,weighted_rerank,identity-cluster-weighted-rerank-v1
geometry,survface,magface-6931178ad2025e1b3799,pq,pq_512_m128_b8,right_cheek_attention,cosine_to_origin,180782,123696,-0.10617624706060427,0.95,-0.11211228932798621,-0.0995111033193571,500,weighted_rerank,identity-cluster-weighted-rerank-v1
geometry,survface,magface-6931178ad2025e1b3799,pq,pq_512_m128_b8,jaw_attention,angular_error_rad,182148,124729,0.22457534040046814,0.95,0.21902425386829125,0.23090946131612258,500,weighted_rerank,identity-cluster-weighted-rerank-v1
geometry,survface,magface-6931178ad2025e1b3799,pq,pq_512_m128_b8,jaw_attention,reconstruction_mse,182148,124729,0.22447302557786472,0.95,0.21890639716535656,0.2308030903261677,500,weighted_rerank,identity-cluster-weighted-rerank-v1
geometry,survface,magface-6931178ad2025e1b3799,pq,pq_512_m128_b8,jaw_attention,cosine_to_origin,182148,124729,-0.22457534040046814,0.95,-0.23090946131612208,-0.21902425386829125,500,weighted_rerank,identity-cluster-weighted-rerank-v1
geometry,survface,magface-6931178ad2025e1b3799,pq,pq_512_m128_b8,face_attention,angular_error_rad,182148,124729,0.2787500581309507,0.95,0.26958891549792824,0.2887513049056296,500,weighted_rerank,identity-cluster-weighted-rerank-v1
geometry,survface,magface-6931178ad2025e1b3799,pq,pq_512_m128_b8,face_attention,reconstruction_mse,182148,124729,0.2785691887073854,0.95,0.2693813541817064,0.2886271138087829,500,weighted_rerank,identity-cluster-weighted-rerank-v1
geometry,survface,magface-6931178ad2025e1b3799,pq,pq_512_m128_b8,face_attention,cosine_to_origin,182148,124729,-0.2787500581309507,0.95,-0.2887513049056296,-0.26958891549792824,500,weighted_rerank,identity-cluster-weighted-rerank-v1
geometry,survface,magface-6931178ad2025e1b3799,pq,pq_512_m128_b8,outside_face_attention,angular_error_rad,182148,124729,-0.2787500581309507,0.95,-0.2887513049056296,-0.26958891549792824,500,weighted_rerank,identity-cluster-weighted-rerank-v1
geometry,survface,magface-6931178ad2025e1b3799,pq,pq_512_m128_b8,outside_face_attention,reconstruction_mse,182148,124729,-0.2785691887073854,0.95,-0.2886271138087829,-0.2693813541817064,500,weighted_rerank,identity-cluster-weighted-rerank-v1
geometry,survface,magface-6931178ad2025e1b3799,pq,pq_512_m128_b8,outside_face_attention,cosine_to_origin,182148,124729,0.2787500581309507,0.95,0.26958891549792824,0.2887513049056296,500,weighted_rerank,identity-cluster-weighted-rerank-v1
geometry,survface,magface-6931178ad2025e1b3799,pq,pq_512_m128_b8,saliency_entropy,angular_error_rad,182148,124729,0.24919654767762234,0.95,0.24280680235660482,0.25595254679555574,500,weighted_rerank,identity-cluster-weighted-rerank-v1
geometry,survface,magface-6931178ad2025e1b3799,pq,pq_512_m128_b8,saliency_entropy,reconstruction_mse,182148,124729,0.24917895344682503,0.95,0.24277800510274708,0.25589335269299296,500,weighted_rerank,identity-cluster-weighted-rerank-v1
geometry,survface,magface-6931178ad2025e1b3799,pq,pq_512_m128_b8,saliency_entropy,cosine_to_origin,182148,124729,-0.24919654767762234,0.95,-0.25595254679555574,-0.24280680235660482,500,weighted_rerank,identity-cluster-weighted-rerank-v1
geometry,survface,magface-6931178ad2025e1b3799,pq,pq_512_m128_b8,maximum_region_concentration,angular_error_rad,182148,124729,-0.12585369957307796,0.95,-0.1310577354367841,-0.12054535568970177,500,weighted_rerank,identity-cluster-weighted-rerank-v1
geometry,survface,magface-6931178ad2025e1b3799,pq,pq_512_m128_b8,maximum_region_concentration,reconstruction_mse,182148,124729,-0.12577949130914196,0.95,-0.1310005269391277,-0.1204760454682632,500,weighted_rerank,identity-cluster-weighted-rerank-v1
geometry,survface,magface-6931178ad2025e1b3799,pq,pq_512_m128_b8,maximum_region_concentration,cosine_to_origin,182148,124729,0.12585369957307796,0.95,0.12054535568970177,0.1310577354367841,500,weighted_rerank,identity-cluster-weighted-rerank-v1
geometry,survface,magface-6931178ad2025e1b3799,pq,pq_512_m128_b8,left_right_asymmetry,angular_error_rad,182148,124729,-0.11593916087648383,0.95,-0.12218492882288222,-0.1095774260564208,500,weighted_rerank,identity-cluster-weighted-rerank-v1
geometry,survface,magface-6931178ad2025e1b3799,pq,pq_512_m128_b8,left_right_asymmetry,reconstruction_mse,182148,124729,-0.11593417754542185,0.95,-0.12219322911255846,-0.1095810560659124,500,weighted_rerank,identity-cluster-weighted-rerank-v1
geometry,survface,magface-6931178ad2025e1b3799,pq,pq_512_m128_b8,left_right_asymmetry,cosine_to_origin,182148,124729,0.11593916087648383,0.95,0.1095774260564208,0.12218492882288222,500,weighted_rerank,identity-cluster-weighted-rerank-v1
geometry,survface,magface-6931178ad2025e1b3799,pq,pq_512_m128_b8,saliency_center_x,angular_error_rad,182148,124729,-0.041116714743211887,0.95,-0.048083672569921784,-0.034060920117212866,500,weighted_rerank,identity-cluster-weighted-rerank-v1
geometry,survface,magface-6931178ad2025e1b3799,pq,pq_512_m128_b8,saliency_center_x,reconstruction_mse,182148,124729,-0.041218710429576734,0.95,-0.048160074180085374,-0.03416995371322685,500,weighted_rerank,identity-cluster-weighted-rerank-v1
geometry,survface,magface-6931178ad2025e1b3799,pq,pq_512_m128_b8,saliency_center_x,cosine_to_origin,182148,124729,0.041116714743211887,0.95,0.034060920117212866,0.048083672569921784,500,weighted_rerank,identity-cluster-weighted-rerank-v1
geometry,survface,magface-6931178ad2025e1b3799,pq,pq_512_m128_b8,saliency_center_y,angular_error_rad,182148,124729,0.061727317871887996,0.95,0.055723333225532724,0.0682396938089307,500,weighted_rerank,identity-cluster-weighted-rerank-v1
geometry,survface,magface-6931178ad2025e1b3799,pq,pq_512_m128_b8,saliency_center_y,reconstruction_mse,182148,124729,0.061600513640540006,0.95,0.05557859003958029,0.06811370641591206,500,weighted_rerank,identity-cluster-weighted-rerank-v1
geometry,survface,magface-6931178ad2025e1b3799,pq,pq_512_m128_b8,saliency_center_y,cosine_to_origin,182148,124729,-0.061727317871887996,0.95,-0.0682396938089307,-0.055723333225532724,500,weighted_rerank,identity-cluster-weighted-rerank-v1
geometry,survface,magface-6931178ad2025e1b3799,pq,pq_512_m128_b8,saliency_spread,angular_error_rad,182148,124729,0.052143922794509405,0.95,0.04621317746626799,0.0581156747147555,500,weighted_rerank,identity-cluster-weighted-rerank-v1
geometry,survface,magface-6931178ad2025e1b3799,pq,pq_512_m128_b8,saliency_spread,reconstruction_mse,182148,124729,0.052183705313613764,0.95,0.04622899140425409,0.05818143292602288,500,weighted_rerank,identity-cluster-weighted-rerank-v1
geometry,survface,magface-6931178ad2025e1b3799,pq,pq_512_m128_b8,saliency_spread,cosine_to_origin,182148,124729,-0.052143922794509405,0.95,-0.0581156747147555,-0.046213177466268,500,weighted_rerank,identity-cluster-weighted-rerank-v1
geometry,survface,magface-6931178ad2025e1b3799,pq,pq_512_m16_b8,quadrant_top_left,angular_error_rad,182148,124729,0.019293146875780483,0.95,0.011954280571131804,0.02553314094134618,500,weighted_rerank,identity-cluster-weighted-rerank-v1
geometry,survface,magface-6931178ad2025e1b3799,pq,pq_512_m16_b8,quadrant_top_left,reconstruction_mse,182148,124729,0.019348477215014415,0.95,0.012032881401371617,0.025584261427709972,500,weighted_rerank,identity-cluster-weighted-rerank-v1
geometry,survface,magface-6931178ad2025e1b3799,pq,pq_512_m16_b8,quadrant_top_left,cosine_to_origin,182148,124729,-0.019293146875780483,0.95,-0.02553314094134618,-0.011954280571131804,500,weighted_rerank,identity-cluster-weighted-rerank-v1
geometry,survface,magface-6931178ad2025e1b3799,pq,pq_512_m16_b8,quadrant_top_right,angular_error_rad,182148,124729,-0.05869953969585569,0.95,-0.06522868715423798,-0.05175269588446067,500,weighted_rerank,identity-cluster-weighted-rerank-v1
geometry,survface,magface-6931178ad2025e1b3799,pq,pq_512_m16_b8,quadrant_top_right,reconstruction_mse,182148,124729,-0.058443726387344686,0.95,-0.0649550822833653,-0.05150171597080785,500,weighted_rerank,identity-cluster-weighted-rerank-v1
geometry,survface,magface-6931178ad2025e1b3799,pq,pq_512_m16_b8,quadrant_top_right,cosine_to_origin,182148,124729,0.05869953969585569,0.95,0.05175269588446112,0.06522868715423798,500,weighted_rerank,identity-cluster-weighted-rerank-v1
geometry,survface,magface-6931178ad2025e1b3799,pq,pq_512_m16_b8,quadrant_bottom_left,angular_error_rad,182148,124729,0.08673188121786019,0.95,0.08074837493981622,0.09274680474054896,500,weighted_rerank,identity-cluster-weighted-rerank-v1
geometry,survface,magface-6931178ad2025e1b3799,pq,pq_512_m16_b8,quadrant_bottom_left,reconstruction_mse,182148,124729,0.0864369093547042,0.95,0.08046797252311502,0.09244496446323293,500,weighted_rerank,identity-cluster-weighted-rerank-v1
geometry,survface,magface-6931178ad2025e1b3799,pq,pq_512_m16_b8,quadrant_bottom_left,cosine_to_origin,182148,124729,-0.08673188121786019,0.95,-0.09274680474054896,-0.08074837493981622,500,weighted_rerank,identity-cluster-weighted-rerank-v1
geometry,survface,magface-6931178ad2025e1b3799,pq,pq_512_m16_b8,quadrant_bottom_right,angular_error_rad,182148,124729,0.027021040496815536,0.95,0.02164998270861079,0.03334561302744457,500,weighted_rerank,identity-cluster-weighted-rerank-v1
geometry,survface,magface-6931178ad2025e1b3799,pq,pq_512_m16_b8,quadrant_bottom_right,reconstruction_mse,182148,124729,0.0268871631074118,0.95,0.021515710668944237,0.03319142259820779,500,weighted_rerank,identity-cluster-weighted-rerank-v1
geometry,survface,magface-6931178ad2025e1b3799,pq,pq_512_m16_b8,quadrant_bottom_right,cosine_to_origin,182148,124729,-0.027021040496815536,0.95,-0.03334561302744457,-0.02164998270861079,500,weighted_rerank,identity-cluster-weighted-rerank-v1
geometry,survface,magface-6931178ad2025e1b3799,pq,pq_512_m16_b8,left_eye_attention,angular_error_rad,182148,124729,0.03499446187642762,0.95,0.02920176163076802,0.04120519583952104,500,weighted_rerank,identity-cluster-weighted-rerank-v1
geometry,survface,magface-6931178ad2025e1b3799,pq,pq_512_m16_b8,left_eye_attention,reconstruction_mse,182148,124729,0.03494318765339221,0.95,0.029168448197386565,0.04116314761479149,500,weighted_rerank,identity-cluster-weighted-rerank-v1
geometry,survface,magface-6931178ad2025e1b3799,pq,pq_512_m16_b8,left_eye_attention,cosine_to_origin,182148,124729,-0.03499446187642762,0.95,-0.04120519583952104,-0.02920176163076802,500,weighted_rerank,identity-cluster-weighted-rerank-v1
geometry,survface,magface-6931178ad2025e1b3799,pq,pq_512_m16_b8,right_eye_attention,angular_error_rad,182148,124729,0.05195324102629791,0.95,0.04567006269447247,0.05847642698903536,500,weighted_rerank,identity-cluster-weighted-rerank-v1
geometry,survface,magface-6931178ad2025e1b3799,pq,pq_512_m16_b8,right_eye_attention,reconstruction_mse,182148,124729,0.05182265598226251,0.95,0.04554536897560747,0.05833029303335203,500,weighted_rerank,identity-cluster-weighted-rerank-v1
geometry,survface,magface-6931178ad2025e1b3799,pq,pq_512_m16_b8,right_eye_attention,cosine_to_origin,182148,124729,-0.05195324102629791,0.95,-0.058476426989035366,-0.04567006269447248,500,weighted_rerank,identity-cluster-weighted-rerank-v1
geometry,survface,magface-6931178ad2025e1b3799,pq,pq_512_m16_b8,nose_attention,angular_error_rad,182148,124729,0.08480102829224016,0.95,0.07718624206660937,0.0924173146142949,500,weighted_rerank,identity-cluster-weighted-rerank-v1
geometry,survface,magface-6931178ad2025e1b3799,pq,pq_512_m16_b8,nose_attention,reconstruction_mse,182148,124729,0.08458509043035063,0.95,0.07695570503385375,0.0922238425728345,500,weighted_rerank,identity-cluster-weighted-rerank-v1
geometry,survface,magface-6931178ad2025e1b3799,pq,pq_512_m16_b8,nose_attention,cosine_to_origin,182148,124729,-0.08480102829224016,0.95,-0.0924173146142949,-0.07718624206660937,500,weighted_rerank,identity-cluster-weighted-rerank-v1
geometry,survface,magface-6931178ad2025e1b3799,pq,pq_512_m16_b8,mouth_attention,angular_error_rad,182148,124729,0.22247456841483992,0.95,0.21639909009129815,0.2292191030750178,500,weighted_rerank,identity-cluster-weighted-rerank-v1
geometry,survface,magface-6931178ad2025e1b3799,pq,pq_512_m16_b8,mouth_attention,reconstruction_mse,182148,124729,0.22208570058373037,0.95,0.21600066197751439,0.22880422933216474,500,weighted_rerank,identity-cluster-weighted-rerank-v1
geometry,survface,magface-6931178ad2025e1b3799,pq,pq_512_m16_b8,mouth_attention,cosine_to_origin,182148,124729,-0.22247456841483992,0.95,-0.2292191030750178,-0.21639909009129815,500,weighted_rerank,identity-cluster-weighted-rerank-v1
geometry,survface,magface-6931178ad2025e1b3799,pq,pq_512_m16_b8,left_cheek_attention,angular_error_rad,180850,123634,0.12327320272486707,0.95,0.11756340527401914,0.12899618270586236,500,weighted_rerank,identity-cluster-weighted-rerank-v1
geometry,survface,magface-6931178ad2025e1b3799,pq,pq_512_m16_b8,left_cheek_attention,reconstruction_mse,180850,123634,0.12309377759541937,0.95,0.11739297286434777,0.12882122065582263,500,weighted_rerank,identity-cluster-weighted-rerank-v1
geometry,survface,magface-6931178ad2025e1b3799,pq,pq_512_m16_b8,left_cheek_attention,cosine_to_origin,180850,123634,-0.12327320272486707,0.95,-0.12899618270586236,-0.11756340527401914,500,weighted_rerank,identity-cluster-weighted-rerank-v1
geometry,survface,magface-6931178ad2025e1b3799,pq,pq_512_m16_b8,right_cheek_attention,angular_error_rad,180782,123696,0.11790199073862356,0.95,0.11173049068402466,0.12429841691119022,500,weighted_rerank,identity-cluster-weighted-rerank-v1
geometry,survface,magface-6931178ad2025e1b3799,pq,pq_512_m16_b8,right_cheek_attention,reconstruction_mse,180782,123696,0.1177532068909057,0.95,0.11156591278469856,0.12413085015078869,500,weighted_rerank,identity-cluster-weighted-rerank-v1
geometry,survface,magface-6931178ad2025e1b3799,pq,pq_512_m16_b8,right_cheek_attention,cosine_to_origin,180782,123696,-0.11790199073862356,0.95,-0.12429841691119022,-0.11173049068402466,500,weighted_rerank,identity-cluster-weighted-rerank-v1
geometry,survface,magface-6931178ad2025e1b3799,pq,pq_512_m16_b8,jaw_attention,angular_error_rad,182148,124729,0.2497610438807852,0.95,0.24383951140289326,0.25652687770014965,500,weighted_rerank,identity-cluster-weighted-rerank-v1
geometry,survface,magface-6931178ad2025e1b3799,pq,pq_512_m16_b8,jaw_attention,reconstruction_mse,182148,124729,0.24934621573924956,0.95,0.2434340832210035,0.2560725329769687,500,weighted_rerank,identity-cluster-weighted-rerank-v1
geometry,survface,magface-6931178ad2025e1b3799,pq,pq_512_m16_b8,jaw_attention,cosine_to_origin,182148,124729,-0.2497610438807852,0.95,-0.25652687770014965,-0.24383951140289326,500,weighted_rerank,identity-cluster-weighted-rerank-v1
geometry,survface,magface-6931178ad2025e1b3799,pq,pq_512_m16_b8,face_attention,angular_error_rad,182148,124729,0.27907431706338076,0.95,0.27026693318254663,0.28869770370611997,500,weighted_rerank,identity-cluster-weighted-rerank-v1
geometry,survface,magface-6931178ad2025e1b3799,pq,pq_512_m16_b8,face_attention,reconstruction_mse,182148,124729,0.27853663857580035,0.95,0.2697716316318436,0.2881318281193363,500,weighted_rerank,identity-cluster-weighted-rerank-v1
geometry,survface,magface-6931178ad2025e1b3799,pq,pq_512_m16_b8,face_attention,cosine_to_origin,182148,124729,-0.27907431706338076,0.95,-0.28869770370611997,-0.27026693318254663,500,weighted_rerank,identity-cluster-weighted-rerank-v1
geometry,survface,magface-6931178ad2025e1b3799,pq,pq_512_m16_b8,outside_face_attention,angular_error_rad,182148,124729,-0.27907431706338076,0.95,-0.28869770370611997,-0.27026693318254663,500,weighted_rerank,identity-cluster-weighted-rerank-v1
geometry,survface,magface-6931178ad2025e1b3799,pq,pq_512_m16_b8,outside_face_attention,reconstruction_mse,182148,124729,-0.27853663857580035,0.95,-0.2881318281193363,-0.2697716316318436,500,weighted_rerank,identity-cluster-weighted-rerank-v1
geometry,survface,magface-6931178ad2025e1b3799,pq,pq_512_m16_b8,outside_face_attention,cosine_to_origin,182148,124729,0.27907431706338076,0.95,0.27026693318254663,0.28869770370611997,500,weighted_rerank,identity-cluster-weighted-rerank-v1
geometry,survface,magface-6931178ad2025e1b3799,pq,pq_512_m16_b8,saliency_entropy,angular_error_rad,182148,124729,0.2543762023995053,0.95,0.24833787427382548,0.26107666393284545,500,weighted_rerank,identity-cluster-weighted-rerank-v1
geometry,survface,magface-6931178ad2025e1b3799,pq,pq_512_m16_b8,saliency_entropy,reconstruction_mse,182148,124729,0.2540197810093893,0.95,0.24799027428379275,0.2607349366159721,500,weighted_rerank,identity-cluster-weighted-rerank-v1
geometry,survface,magface-6931178ad2025e1b3799,pq,pq_512_m16_b8,saliency_entropy,cosine_to_origin,182148,124729,-0.2543762023995053,0.95,-0.26107666393284545,-0.24833787427382548,500,weighted_rerank,identity-cluster-weighted-rerank-v1
geometry,survface,magface-6931178ad2025e1b3799,pq,pq_512_m16_b8,maximum_region_concentration,angular_error_rad,182148,124729,-0.12797359596484376,0.95,-0.13347166273870978,-0.12179486599849884,500,weighted_rerank,identity-cluster-weighted-rerank-v1
geometry,survface,magface-6931178ad2025e1b3799,pq,pq_512_m16_b8,maximum_region_concentration,reconstruction_mse,182148,124729,-0.12777577056310524,0.95,-0.13328252405725757,-0.1215755291095405,500,weighted_rerank,identity-cluster-weighted-rerank-v1
geometry,survface,magface-6931178ad2025e1b3799,pq,pq_512_m16_b8,maximum_region_concentration,cosine_to_origin,182148,124729,0.12797359596484376,0.95,0.12179486599849884,0.13347166273870978,500,weighted_rerank,identity-cluster-weighted-rerank-v1
geometry,survface,magface-6931178ad2025e1b3799,pq,pq_512_m16_b8,left_right_asymmetry,angular_error_rad,182148,124729,-0.10570220174170576,0.95,-0.11219346458440413,-0.09998790282590234,500,weighted_rerank,identity-cluster-weighted-rerank-v1
geometry,survface,magface-6931178ad2025e1b3799,pq,pq_512_m16_b8,left_right_asymmetry,reconstruction_mse,182148,124729,-0.10545087185977814,0.95,-0.11196089586487155,-0.09974099670318405,500,weighted_rerank,identity-cluster-weighted-rerank-v1
geometry,survface,magface-6931178ad2025e1b3799,pq,pq_512_m16_b8,left_right_asymmetry,cosine_to_origin,182148,124729,0.10570220174170576,0.95,0.09998790282590232,0.11219346458440412,500,weighted_rerank,identity-cluster-weighted-rerank-v1
geometry,survface,magface-6931178ad2025e1b3799,pq,pq_512_m16_b8,saliency_center_x,angular_error_rad,182148,124729,-0.0572984966221246,0.95,-0.06405660905830454,-0.04915234830698355,500,weighted_rerank,identity-cluster-weighted-rerank-v1
geometry,survface,magface-6931178ad2025e1b3799,pq,pq_512_m16_b8,saliency_center_x,reconstruction_mse,182148,124729,-0.057098193675564866,0.95,-0.06385394057417507,-0.048943398672329705,500,weighted_rerank,identity-cluster-weighted-rerank-v1
geometry,survface,magface-6931178ad2025e1b3799,pq,pq_512_m16_b8,saliency_center_x,cosine_to_origin,182148,124729,0.0572984966221246,0.95,0.04915234830698404,0.06405660905830454,500,weighted_rerank,identity-cluster-weighted-rerank-v1
geometry,survface,magface-6931178ad2025e1b3799,pq,pq_512_m16_b8,saliency_center_y,angular_error_rad,182148,124729,0.0769151893625914,0.95,0.07079850093906694,0.08281648133037459,500,weighted_rerank,identity-cluster-weighted-rerank-v1
geometry,survface,magface-6931178ad2025e1b3799,pq,pq_512_m16_b8,saliency_center_y,reconstruction_mse,182148,124729,0.07667817936842761,0.95,0.07057417978043158,0.08258693691061908,500,weighted_rerank,identity-cluster-weighted-rerank-v1
geometry,survface,magface-6931178ad2025e1b3799,pq,pq_512_m16_b8,saliency_center_y,cosine_to_origin,182148,124729,-0.0769151893625914,0.95,-0.08281648133037459,-0.07079850093906694,500,weighted_rerank,identity-cluster-weighted-rerank-v1
geometry,survface,magface-6931178ad2025e1b3799,pq,pq_512_m16_b8,saliency_spread,angular_error_rad,182148,124729,0.09072342832279,0.95,0.0835512378526409,0.09784766865579626,500,weighted_rerank,identity-cluster-weighted-rerank-v1
geometry,survface,magface-6931178ad2025e1b3799,pq,pq_512_m16_b8,saliency_spread,reconstruction_mse,182148,124729,0.09054472369423773,0.95,0.08336552905147446,0.09765393905257046,500,weighted_rerank,identity-cluster-weighted-rerank-v1
geometry,survface,magface-6931178ad2025e1b3799,pq,pq_512_m16_b8,saliency_spread,cosine_to_origin,182148,124729,-0.09072342832279,0.95,-0.09784766865579626,-0.0835512378526409,500,weighted_rerank,identity-cluster-weighted-rerank-v1
geometry,survface,magface-6931178ad2025e1b3799,pq,pq_512_m32_b8,quadrant_top_left,angular_error_rad,182148,124729,0.021102531549510174,0.95,0.014244285534699542,0.028353156220014566,500,weighted_rerank,identity-cluster-weighted-rerank-v1
geometry,survface,magface-6931178ad2025e1b3799,pq,pq_512_m32_b8,quadrant_top_left,reconstruction_mse,182148,124729,0.02106562226849431,0.95,0.01421249376336072,0.02831541917363119,500,weighted_rerank,identity-cluster-weighted-rerank-v1
geometry,survface,magface-6931178ad2025e1b3799,pq,pq_512_m32_b8,quadrant_top_left,cosine_to_origin,182148,124729,-0.021102531549510174,0.95,-0.02835315622001457,-0.014244285534699542,500,weighted_rerank,identity-cluster-weighted-rerank-v1
geometry,survface,magface-6931178ad2025e1b3799,pq,pq_512_m32_b8,quadrant_top_right,angular_error_rad,182148,124729,-0.0530065667086777,0.95,-0.059613208957466336,-0.04635701274349531,500,weighted_rerank,identity-cluster-weighted-rerank-v1
geometry,survface,magface-6931178ad2025e1b3799,pq,pq_512_m32_b8,quadrant_top_right,reconstruction_mse,182148,124729,-0.05296504777103552,0.95,-0.05955153944615555,-0.046311446435382105,500,weighted_rerank,identity-cluster-weighted-rerank-v1
geometry,survface,magface-6931178ad2025e1b3799,pq,pq_512_m32_b8,quadrant_top_right,cosine_to_origin,182148,124729,0.0530065667086777,0.95,0.04635701274349531,0.05961320895746633,500,weighted_rerank,identity-cluster-weighted-rerank-v1
geometry,survface,magface-6931178ad2025e1b3799,pq,pq_512_m32_b8,quadrant_bottom_left,angular_error_rad,182148,124729,0.08351164938883367,0.95,0.0770170164607169,0.08990705202251882,500,weighted_rerank,identity-cluster-weighted-rerank-v1
geometry,survface,magface-6931178ad2025e1b3799,pq,pq_512_m32_b8,quadrant_bottom_left,reconstruction_mse,182148,124729,0.08346568470264076,0.95,0.07697175043289813,0.08986991348065297,500,weighted_rerank,identity-cluster-weighted-rerank-v1
geometry,survface,magface-6931178ad2025e1b3799,pq,pq_512_m32_b8,quadrant_bottom_left,cosine_to_origin,182148,124729,-0.08351164938883367,0.95,-0.08990705202251882,-0.0770170164607169,500,weighted_rerank,identity-cluster-weighted-rerank-v1
geometry,survface,magface-6931178ad2025e1b3799,pq,pq_512_m32_b8,quadrant_bottom_right,angular_error_rad,182148,124729,0.022745103409396342,0.95,0.015990054335412736,0.02862795317389075,500,weighted_rerank,identity-cluster-weighted-rerank-v1
geometry,survface,magface-6931178ad2025e1b3799,pq,pq_512_m32_b8,quadrant_bottom_right,reconstruction_mse,182148,124729,0.022769386381985095,0.95,0.016004914299920507,0.028656644568183703,500,weighted_rerank,identity-cluster-weighted-rerank-v1
geometry,survface,magface-6931178ad2025e1b3799,pq,pq_512_m32_b8,quadrant_bottom_right,cosine_to_origin,182148,124729,-0.022745103409396342,0.95,-0.02862795317389075,-0.015990054335412736,500,weighted_rerank,identity-cluster-weighted-rerank-v1
geometry,survface,magface-6931178ad2025e1b3799,pq,pq_512_m32_b8,left_eye_attention,angular_error_rad,182148,124729,0.03694403182493162,0.95,0.03070248314596669,0.043222783317351916,500,weighted_rerank,identity-cluster-weighted-rerank-v1
geometry,survface,magface-6931178ad2025e1b3799,pq,pq_512_m32_b8,left_eye_attention,reconstruction_mse,182148,124729,0.03691133675181068,0.95,0.030684925580847077,0.043181909658447266,500,weighted_rerank,identity-cluster-weighted-rerank-v1
geometry,survface,magface-6931178ad2025e1b3799,pq,pq_512_m32_b8,left_eye_attention,cosine_to_origin,182148,124729,-0.03694403182493162,0.95,-0.04322278331735192,-0.030702483145966693,500,weighted_rerank,identity-cluster-weighted-rerank-v1
geometry,survface,magface-6931178ad2025e1b3799,pq,pq_512_m32_b8,right_eye_attention,angular_error_rad,182148,124729,0.05625926185794862,0.95,0.049837674203319506,0.06289289846952191,500,weighted_rerank,identity-cluster-weighted-rerank-v1
geometry,survface,magface-6931178ad2025e1b3799,pq,pq_512_m32_b8,right_eye_attention,reconstruction_mse,182148,124729,0.05622586237637147,0.95,0.04981365229107895,0.06285519511924102,500,weighted_rerank,identity-cluster-weighted-rerank-v1
geometry,survface,magface-6931178ad2025e1b3799,pq,pq_512_m32_b8,right_eye_attention,cosine_to_origin,182148,124729,-0.05625926185794862,0.95,-0.06289289846952191,-0.049837674203319506,500,weighted_rerank,identity-cluster-weighted-rerank-v1
geometry,survface,magface-6931178ad2025e1b3799,pq,pq_512_m32_b8,nose_attention,angular_error_rad,182148,124729,0.08651184974154821,0.95,0.07815491318153833,0.09416140878756658,500,weighted_rerank,identity-cluster-weighted-rerank-v1
geometry,survface,magface-6931178ad2025e1b3799,pq,pq_512_m32_b8,nose_attention,reconstruction_mse,182148,124729,0.08650644801197738,0.95,0.07815000827816815,0.0941504130168492,500,weighted_rerank,identity-cluster-weighted-rerank-v1
geometry,survface,magface-6931178ad2025e1b3799,pq,pq_512_m32_b8,nose_attention,cosine_to_origin,182148,124729,-0.08651184974154821,0.95,-0.09416140878756658,-0.07815491318153835,500,weighted_rerank,identity-cluster-weighted-rerank-v1
geometry,survface,magface-6931178ad2025e1b3799,pq,pq_512_m32_b8,mouth_attention,angular_error_rad,182148,124729,0.2205490350767581,0.95,0.2138130112599666,0.22733911500875664,500,weighted_rerank,identity-cluster-weighted-rerank-v1
geometry,survface,magface-6931178ad2025e1b3799,pq,pq_512_m32_b8,mouth_attention,reconstruction_mse,182148,124729,0.22046878967664776,0.95,0.2137460786460433,0.22724080287252335,500,weighted_rerank,identity-cluster-weighted-rerank-v1
geometry,survface,magface-6931178ad2025e1b3799,pq,pq_512_m32_b8,mouth_attention,cosine_to_origin,182148,124729,-0.2205490350767581,0.95,-0.22733911500875664,-0.2138130112599666,500,weighted_rerank,identity-cluster-weighted-rerank-v1
geometry,survface,magface-6931178ad2025e1b3799,pq,pq_512_m32_b8,left_cheek_attention,angular_error_rad,180850,123634,0.12252181605777188,0.95,0.11705493193826495,0.12815144721494967,500,weighted_rerank,identity-cluster-weighted-rerank-v1
geometry,survface,magface-6931178ad2025e1b3799,pq,pq_512_m32_b8,left_cheek_attention,reconstruction_mse,180850,123634,0.12246710314747787,0.95,0.11699359828113638,0.12810463926643081,500,weighted_rerank,identity-cluster-weighted-rerank-v1
geometry,survface,magface-6931178ad2025e1b3799,pq,pq_512_m32_b8,left_cheek_attention,cosine_to_origin,180850,123634,-0.12252181605777188,0.95,-0.12815144721494967,-0.11705493193826495,500,weighted_rerank,identity-cluster-weighted-rerank-v1
geometry,survface,magface-6931178ad2025e1b3799,pq,pq_512_m32_b8,right_cheek_attention,angular_error_rad,180782,123696,0.11508649553309082,0.95,0.108926930881042,0.12171874881639642,500,weighted_rerank,identity-cluster-weighted-rerank-v1
geometry,survface,magface-6931178ad2025e1b3799,pq,pq_512_m32_b8,right_cheek_attention,reconstruction_mse,180782,123696,0.1150923482301328,0.95,0.1089345972779266,0.12171593837945734,500,weighted_rerank,identity-cluster-weighted-rerank-v1
geometry,survface,magface-6931178ad2025e1b3799,pq,pq_512_m32_b8,right_cheek_attention,cosine_to_origin,180782,123696,-0.11508649553309082,0.95,-0.12171874881639642,-0.108926930881042,500,weighted_rerank,identity-cluster-weighted-rerank-v1
geometry,survface,magface-6931178ad2025e1b3799,pq,pq_512_m32_b8,jaw_attention,angular_error_rad,182148,124729,0.2461968521491929,0.95,0.2398028001620358,0.2521436735103455,500,weighted_rerank,identity-cluster-weighted-rerank-v1
geometry,survface,magface-6931178ad2025e1b3799,pq,pq_512_m32_b8,jaw_attention,reconstruction_mse,182148,124729,0.24612407730424649,0.95,0.2397242390972661,0.2520892891333081,500,weighted_rerank,identity-cluster-weighted-rerank-v1
geometry,survface,magface-6931178ad2025e1b3799,pq,pq_512_m32_b8,jaw_attention,cosine_to_origin,182148,124729,-0.2461968521491929,0.95,-0.2521436735103455,-0.2398028001620358,500,weighted_rerank,identity-cluster-weighted-rerank-v1
geometry,survface,magface-6931178ad2025e1b3799,pq,pq_512_m32_b8,face_attention,angular_error_rad,182148,124729,0.2809360840917544,0.95,0.27004955302354117,0.29073392969448786,500,weighted_rerank,identity-cluster-weighted-rerank-v1
geometry,survface,magface-6931178ad2025e1b3799,pq,pq_512_m32_b8,face_attention,reconstruction_mse,182148,124729,0.28082589983684414,0.95,0.26993692449961004,0.29061240932122867,500,weighted_rerank,identity-cluster-weighted-rerank-v1
geometry,survface,magface-6931178ad2025e1b3799,pq,pq_512_m32_b8,face_attention,cosine_to_origin,182148,124729,-0.2809360840917544,0.95,-0.29073392969448786,-0.27004955302354117,500,weighted_rerank,identity-cluster-weighted-rerank-v1
geometry,survface,magface-6931178ad2025e1b3799,pq,pq_512_m32_b8,outside_face_attention,angular_error_rad,182148,124729,-0.2809360840917544,0.95,-0.29073392969448786,-0.27004955302354117,500,weighted_rerank,identity-cluster-weighted-rerank-v1
geometry,survface,magface-6931178ad2025e1b3799,pq,pq_512_m32_b8,outside_face_attention,reconstruction_mse,182148,124729,-0.28082589983684414,0.95,-0.29061240932122867,-0.26993692449961004,500,weighted_rerank,identity-cluster-weighted-rerank-v1
geometry,survface,magface-6931178ad2025e1b3799,pq,pq_512_m32_b8,outside_face_attention,cosine_to_origin,182148,124729,0.2809360840917544,0.95,0.27004955302354117,0.29073392969448786,500,weighted_rerank,identity-cluster-weighted-rerank-v1
geometry,survface,magface-6931178ad2025e1b3799,pq,pq_512_m32_b8,saliency_entropy,angular_error_rad,182148,124729,0.2552851832746642,0.95,0.24800211547752085,0.26170815403509096,500,weighted_rerank,identity-cluster-weighted-rerank-v1
geometry,survface,magface-6931178ad2025e1b3799,pq,pq_512_m32_b8,saliency_entropy,reconstruction_mse,182148,124729,0.2551843944351579,0.95,0.24791343123615564,0.2615937478692149,500,weighted_rerank,identity-cluster-weighted-rerank-v1
geometry,survface,magface-6931178ad2025e1b3799,pq,pq_512_m32_b8,saliency_entropy,cosine_to_origin,182148,124729,-0.2552851832746642,0.95,-0.26170815403509096,-0.24800211547752035,500,weighted_rerank,identity-cluster-weighted-rerank-v1
geometry,survface,magface-6931178ad2025e1b3799,pq,pq_512_m32_b8,maximum_region_concentration,angular_error_rad,182148,124729,-0.12862003939285066,0.95,-0.13438213701260474,-0.12277738841639162,500,weighted_rerank,identity-cluster-weighted-rerank-v1
geometry,survface,magface-6931178ad2025e1b3799,pq,pq_512_m32_b8,maximum_region_concentration,reconstruction_mse,182148,124729,-0.1285832939943907,0.95,-0.13435150770843118,-0.12272333959701727,500,weighted_rerank,identity-cluster-weighted-rerank-v1
geometry,survface,magface-6931178ad2025e1b3799,pq,pq_512_m32_b8,maximum_region_concentration,cosine_to_origin,182148,124729,0.12862003939285066,0.95,0.12277738841639162,0.13438213701260474,500,weighted_rerank,identity-cluster-weighted-rerank-v1
geometry,survface,magface-6931178ad2025e1b3799,pq,pq_512_m32_b8,left_right_asymmetry,angular_error_rad,182148,124729,-0.10935865330478918,0.95,-0.11568172925723434,-0.10291807552241082,500,weighted_rerank,identity-cluster-weighted-rerank-v1
geometry,survface,magface-6931178ad2025e1b3799,pq,pq_512_m32_b8,left_right_asymmetry,reconstruction_mse,182148,124729,-0.10925928969532657,0.95,-0.11556607066264471,-0.1028366465567938,500,weighted_rerank,identity-cluster-weighted-rerank-v1
geometry,survface,magface-6931178ad2025e1b3799,pq,pq_512_m32_b8,left_right_asymmetry,cosine_to_origin,182148,124729,0.10935865330478918,0.95,0.10291807552241132,0.11568172925723434,500,weighted_rerank,identity-cluster-weighted-rerank-v1
geometry,survface,magface-6931178ad2025e1b3799,pq,pq_512_m32_b8,saliency_center_x,angular_error_rad,182148,124729,-0.05581166906374087,0.95,-0.06329065819831205,-0.04833397203988069,500,weighted_rerank,identity-cluster-weighted-rerank-v1
geometry,survface,magface-6931178ad2025e1b3799,pq,pq_512_m32_b8,saliency_center_x,reconstruction_mse,182148,124729,-0.055738138304010386,0.95,-0.06320576979787747,-0.04825219189885412,500,weighted_rerank,identity-cluster-weighted-rerank-v1
geometry,survface,magface-6931178ad2025e1b3799,pq,pq_512_m32_b8,saliency_center_x,cosine_to_origin,182148,124729,0.05581166906374087,0.95,0.04833397203988069,0.06329065819831205,500,weighted_rerank,identity-cluster-weighted-rerank-v1
geometry,survface,magface-6931178ad2025e1b3799,pq,pq_512_m32_b8,saliency_center_y,angular_error_rad,182148,124729,0.07426948691971588,0.95,0.06755645919002742,0.08042160410315537,500,weighted_rerank,identity-cluster-weighted-rerank-v1
geometry,survface,magface-6931178ad2025e1b3799,pq,pq_512_m32_b8,saliency_center_y,reconstruction_mse,182148,124729,0.07426527073906032,0.95,0.06755705463912329,0.08042150475514553,500,weighted_rerank,identity-cluster-weighted-rerank-v1
geometry,survface,magface-6931178ad2025e1b3799,pq,pq_512_m32_b8,saliency_center_y,cosine_to_origin,182148,124729,-0.07426948691971588,0.95,-0.08042160410315581,-0.06755645919002742,500,weighted_rerank,identity-cluster-weighted-rerank-v1
geometry,survface,magface-6931178ad2025e1b3799,pq,pq_512_m32_b8,saliency_spread,angular_error_rad,182148,124729,0.08297825511260334,0.95,0.07589453277271546,0.09015483677103307,500,weighted_rerank,identity-cluster-weighted-rerank-v1
geometry,survface,magface-6931178ad2025e1b3799,pq,pq_512_m32_b8,saliency_spread,reconstruction_mse,182148,124729,0.08294324939788489,0.95,0.07587834990236483,0.09012646858115063,500,weighted_rerank,identity-cluster-weighted-rerank-v1
geometry,survface,magface-6931178ad2025e1b3799,pq,pq_512_m32_b8,saliency_spread,cosine_to_origin,182148,124729,-0.08297825511260334,0.95,-0.09015483677103307,-0.07589453277271546,500,weighted_rerank,identity-cluster-weighted-rerank-v1
geometry,survface,magface-6931178ad2025e1b3799,pq,pq_512_m64_b8,quadrant_top_left,angular_error_rad,182148,124729,0.02023168570103671,0.95,0.01376426623655992,0.027136660463384137,500,weighted_rerank,identity-cluster-weighted-rerank-v1
geometry,survface,magface-6931178ad2025e1b3799,pq,pq_512_m64_b8,quadrant_top_left,reconstruction_mse,182148,124729,0.02033592405891985,0.95,0.013894280443594007,0.027263665641671337,500,weighted_rerank,identity-cluster-weighted-rerank-v1
geometry,survface,magface-6931178ad2025e1b3799,pq,pq_512_m64_b8,quadrant_top_left,cosine_to_origin,182148,124729,-0.02023168570103671,0.95,-0.027136660463384137,-0.01376426623655992,500,weighted_rerank,identity-cluster-weighted-rerank-v1
geometry,survface,magface-6931178ad2025e1b3799,pq,pq_512_m64_b8,quadrant_top_right,angular_error_rad,182148,124729,-0.03901249148833182,0.95,-0.046628477047134465,-0.032820630343149165,500,weighted_rerank,identity-cluster-weighted-rerank-v1
geometry,survface,magface-6931178ad2025e1b3799,pq,pq_512_m64_b8,quadrant_top_right,reconstruction_mse,182148,124729,-0.03901914891781909,0.95,-0.046636796162070386,-0.032788194788614757,500,weighted_rerank,identity-cluster-weighted-rerank-v1
geometry,survface,magface-6931178ad2025e1b3799,pq,pq_512_m64_b8,quadrant_top_right,cosine_to_origin,182148,124729,0.03901249148833182,0.95,0.032820630343149165,0.046628477047134465,500,weighted_rerank,identity-cluster-weighted-rerank-v1
geometry,survface,magface-6931178ad2025e1b3799,pq,pq_512_m64_b8,quadrant_bottom_left,angular_error_rad,182148,124729,0.07640971942845433,0.95,0.07037521410629298,0.08322659315304465,500,weighted_rerank,identity-cluster-weighted-rerank-v1
geometry,survface,magface-6931178ad2025e1b3799,pq,pq_512_m64_b8,quadrant_bottom_left,reconstruction_mse,182148,124729,0.0764135708224093,0.95,0.0703848287208202,0.08320604423117292,500,weighted_rerank,identity-cluster-weighted-rerank-v1
geometry,survface,magface-6931178ad2025e1b3799,pq,pq_512_m64_b8,quadrant_bottom_left,cosine_to_origin,182148,124729,-0.07640971942845433,0.95,-0.08322659315304465,-0.07037521410629347,500,weighted_rerank,identity-cluster-weighted-rerank-v1
geometry,survface,magface-6931178ad2025e1b3799,pq,pq_512_m64_b8,quadrant_bottom_right,angular_error_rad,182148,124729,0.015952649559293368,0.95,0.009514678319907632,0.02195129061951742,500,weighted_rerank,identity-cluster-weighted-rerank-v1
geometry,survface,magface-6931178ad2025e1b3799,pq,pq_512_m64_b8,quadrant_bottom_right,reconstruction_mse,182148,124729,0.015812310483456046,0.95,0.00935857745133735,0.021810744772373603,500,weighted_rerank,identity-cluster-weighted-rerank-v1
geometry,survface,magface-6931178ad2025e1b3799,pq,pq_512_m64_b8,quadrant_bottom_right,cosine_to_origin,182148,124729,-0.015952649559293368,0.95,-0.02195129061951742,-0.009514678319907632,500,weighted_rerank,identity-cluster-weighted-rerank-v1
geometry,survface,magface-6931178ad2025e1b3799,pq,pq_512_m64_b8,left_eye_attention,angular_error_rad,182148,124729,0.03996606973584343,0.95,0.034431373650965325,0.04572721294651336,500,weighted_rerank,identity-cluster-weighted-rerank-v1
geometry,survface,magface-6931178ad2025e1b3799,pq,pq_512_m64_b8,left_eye_attention,reconstruction_mse,182148,124729,0.039891101773220854,0.95,0.034345081921941294,0.045658855014364494,500,weighted_rerank,identity-cluster-weighted-rerank-v1
geometry,survface,magface-6931178ad2025e1b3799,pq,pq_512_m64_b8,left_eye_attention,cosine_to_origin,182148,124729,-0.03996606973584343,0.95,-0.045727212946513364,-0.034431373650965325,500,weighted_rerank,identity-cluster-weighted-rerank-v1
geometry,survface,magface-6931178ad2025e1b3799,pq,pq_512_m64_b8,right_eye_attention,angular_error_rad,182148,124729,0.06194633092539331,0.95,0.05564081046048929,0.06883145857591563,500,weighted_rerank,identity-cluster-weighted-rerank-v1
geometry,survface,magface-6931178ad2025e1b3799,pq,pq_512_m64_b8,right_eye_attention,reconstruction_mse,182148,124729,0.061829310957694145,0.95,0.055516970486294406,0.06871392710966533,500,weighted_rerank,identity-cluster-weighted-rerank-v1
geometry,survface,magface-6931178ad2025e1b3799,pq,pq_512_m64_b8,right_eye_attention,cosine_to_origin,182148,124729,-0.06194633092539331,0.95,-0.06883145857591563,-0.05564081046048929,500,weighted_rerank,identity-cluster-weighted-rerank-v1
geometry,survface,magface-6931178ad2025e1b3799,pq,pq_512_m64_b8,nose_attention,angular_error_rad,182148,124729,0.09014769926143966,0.95,0.082208768417351,0.09872590940410758,500,weighted_rerank,identity-cluster-weighted-rerank-v1
geometry,survface,magface-6931178ad2025e1b3799,pq,pq_512_m64_b8,nose_attention,reconstruction_mse,182148,124729,0.09005043438548195,0.95,0.08211377974116083,0.09864638062867043,500,weighted_rerank,identity-cluster-weighted-rerank-v1
geometry,survface,magface-6931178ad2025e1b3799,pq,pq_512_m64_b8,nose_attention,cosine_to_origin,182148,124729,-0.09014769926143966,0.95,-0.09872590940410758,-0.082208768417351,500,weighted_rerank,identity-cluster-weighted-rerank-v1
geometry,survface,magface-6931178ad2025e1b3799,pq,pq_512_m64_b8,mouth_attention,angular_error_rad,182148,124729,0.21296326799751444,0.95,0.20677753212893113,0.21957616532346744,500,weighted_rerank,identity-cluster-weighted-rerank-v1
geometry,survface,magface-6931178ad2025e1b3799,pq,pq_512_m64_b8,mouth_attention,reconstruction_mse,182148,124729,0.2129221347130496,0.95,0.20672987978490742,0.21953818906994102,500,weighted_rerank,identity-cluster-weighted-rerank-v1
geometry,survface,magface-6931178ad2025e1b3799,pq,pq_512_m64_b8,mouth_attention,cosine_to_origin,182148,124729,-0.21296326799751444,0.95,-0.21957616532346744,-0.20677753212893113,500,weighted_rerank,identity-cluster-weighted-rerank-v1
geometry,survface,magface-6931178ad2025e1b3799,pq,pq_512_m64_b8,left_cheek_attention,angular_error_rad,180850,123634,0.12033121763204126,0.95,0.11453510173871133,0.12555771029289559,500,weighted_rerank,identity-cluster-weighted-rerank-v1
geometry,survface,magface-6931178ad2025e1b3799,pq,pq_512_m64_b8,left_cheek_attention,reconstruction_mse,180850,123634,0.12027091349331158,0.95,0.11446543910900742,0.12552516621105986,500,weighted_rerank,identity-cluster-weighted-rerank-v1
geometry,survface,magface-6931178ad2025e1b3799,pq,pq_512_m64_b8,left_cheek_attention,cosine_to_origin,180850,123634,-0.12033121763204126,0.95,-0.12555771029289559,-0.11453510173871133,500,weighted_rerank,identity-cluster-weighted-rerank-v1
geometry,survface,magface-6931178ad2025e1b3799,pq,pq_512_m64_b8,right_cheek_attention,angular_error_rad,180782,123696,0.1110393336621666,0.95,0.10391344772565982,0.11738754524527387,500,weighted_rerank,identity-cluster-weighted-rerank-v1
geometry,survface,magface-6931178ad2025e1b3799,pq,pq_512_m64_b8,right_cheek_attention,reconstruction_mse,180782,123696,0.11097308730421862,0.95,0.10382282580393618,0.11733417167707959,500,weighted_rerank,identity-cluster-weighted-rerank-v1
geometry,survface,magface-6931178ad2025e1b3799,pq,pq_512_m64_b8,right_cheek_attention,cosine_to_origin,180782,123696,-0.1110393336621666,0.95,-0.11738754524527388,-0.10391344772565983,500,weighted_rerank,identity-cluster-weighted-rerank-v1
geometry,survface,magface-6931178ad2025e1b3799,pq,pq_512_m64_b8,jaw_attention,angular_error_rad,182148,124729,0.23680078765264115,0.95,0.23050945881606338,0.24317525509189147,500,weighted_rerank,identity-cluster-weighted-rerank-v1
geometry,survface,magface-6931178ad2025e1b3799,pq,pq_512_m64_b8,jaw_attention,reconstruction_mse,182148,124729,0.23676078165191577,0.95,0.23046481592427645,0.24313540145462045,500,weighted_rerank,identity-cluster-weighted-rerank-v1
geometry,survface,magface-6931178ad2025e1b3799,pq,pq_512_m64_b8,jaw_attention,cosine_to_origin,182148,124729,-0.23680078765264115,0.95,-0.24317525509189147,-0.23050945881606338,500,weighted_rerank,identity-cluster-weighted-rerank-v1
geometry,survface,magface-6931178ad2025e1b3799,pq,pq_512_m64_b8,face_attention,angular_error_rad,182148,124729,0.28154180451832217,0.95,0.27290142613168417,0.2912275777854865,500,weighted_rerank,identity-cluster-weighted-rerank-v1
geometry,survface,magface-6931178ad2025e1b3799,pq,pq_512_m64_b8,face_attention,reconstruction_mse,182148,124729,0.28140540548544024,0.95,0.27275496383272024,0.2910787755438353,500,weighted_rerank,identity-cluster-weighted-rerank-v1
geometry,survface,magface-6931178ad2025e1b3799,pq,pq_512_m64_b8,face_attention,cosine_to_origin,182148,124729,-0.28154180451832217,0.95,-0.2912275777854865,-0.27290142613168417,500,weighted_rerank,identity-cluster-weighted-rerank-v1
geometry,survface,magface-6931178ad2025e1b3799,pq,pq_512_m64_b8,outside_face_attention,angular_error_rad,182148,124729,-0.28154180451832217,0.95,-0.2912275777854865,-0.27290142613168417,500,weighted_rerank,identity-cluster-weighted-rerank-v1
geometry,survface,magface-6931178ad2025e1b3799,pq,pq_512_m64_b8,outside_face_attention,reconstruction_mse,182148,124729,-0.28140540548544024,0.95,-0.2910787755438353,-0.27275496383272024,500,weighted_rerank,identity-cluster-weighted-rerank-v1
geometry,survface,magface-6931178ad2025e1b3799,pq,pq_512_m64_b8,outside_face_attention,cosine_to_origin,182148,124729,0.28154180451832217,0.95,0.27290142613168417,0.2912275777854865,500,weighted_rerank,identity-cluster-weighted-rerank-v1
geometry,survface,magface-6931178ad2025e1b3799,pq,pq_512_m64_b8,saliency_entropy,angular_error_rad,182148,124729,0.2545168596685469,0.95,0.24823359342081344,0.2611240248843073,500,weighted_rerank,identity-cluster-weighted-rerank-v1
geometry,survface,magface-6931178ad2025e1b3799,pq,pq_512_m64_b8,saliency_entropy,reconstruction_mse,182148,124729,0.2544592188507361,0.95,0.24818441703570537,0.26107983247498495,500,weighted_rerank,identity-cluster-weighted-rerank-v1
geometry,survface,magface-6931178ad2025e1b3799,pq,pq_512_m64_b8,saliency_entropy,cosine_to_origin,182148,124729,-0.2545168596685469,0.95,-0.2611240248843073,-0.24823359342081344,500,weighted_rerank,identity-cluster-weighted-rerank-v1
geometry,survface,magface-6931178ad2025e1b3799,pq,pq_512_m64_b8,maximum_region_concentration,angular_error_rad,182148,124729,-0.12802963912050025,0.95,-0.1338896615958959,-0.12247996725092829,500,weighted_rerank,identity-cluster-weighted-rerank-v1
geometry,survface,magface-6931178ad2025e1b3799,pq,pq_512_m64_b8,maximum_region_concentration,reconstruction_mse,182148,124729,-0.12795305147669148,0.95,-0.13381964112351713,-0.12239692091611035,500,weighted_rerank,identity-cluster-weighted-rerank-v1
geometry,survface,magface-6931178ad2025e1b3799,pq,pq_512_m64_b8,maximum_region_concentration,cosine_to_origin,182148,124729,0.12802963912050025,0.95,0.12247996725092829,0.1338896615958959,500,weighted_rerank,identity-cluster-weighted-rerank-v1
geometry,survface,magface-6931178ad2025e1b3799,pq,pq_512_m64_b8,left_right_asymmetry,angular_error_rad,182148,124729,-0.11361911757343729,0.95,-0.11984387613032395,-0.10764027835206678,500,weighted_rerank,identity-cluster-weighted-rerank-v1
geometry,survface,magface-6931178ad2025e1b3799,pq,pq_512_m64_b8,left_right_asymmetry,reconstruction_mse,182148,124729,-0.1136097305879373,0.95,-0.11983940071497802,-0.10761698443439408,500,weighted_rerank,identity-cluster-weighted-rerank-v1
geometry,survface,magface-6931178ad2025e1b3799,pq,pq_512_m64_b8,left_right_asymmetry,cosine_to_origin,182148,124729,0.11361911757343729,0.95,0.10764027835206723,0.11984387613032395,500,weighted_rerank,identity-cluster-weighted-rerank-v1
geometry,survface,magface-6931178ad2025e1b3799,pq,pq_512_m64_b8,saliency_center_x,angular_error_rad,182148,124729,-0.04828796859677756,0.95,-0.05635535773349728,-0.04120129245397781,500,weighted_rerank,identity-cluster-weighted-rerank-v1
geometry,survface,magface-6931178ad2025e1b3799,pq,pq_512_m64_b8,saliency_center_x,reconstruction_mse,182148,124729,-0.048436792828883656,0.95,-0.056534567276008064,-0.041356644811349666,500,weighted_rerank,identity-cluster-weighted-rerank-v1
geometry,survface,magface-6931178ad2025e1b3799,pq,pq_512_m64_b8,saliency_center_x,cosine_to_origin,182148,124729,0.04828796859677756,0.95,0.04120129245397781,0.05635535773349728,500,weighted_rerank,identity-cluster-weighted-rerank-v1
geometry,survface,magface-6931178ad2025e1b3799,pq,pq_512_m64_b8,saliency_center_y,angular_error_rad,182148,124729,0.0686279316080683,0.95,0.06290751466650042,0.07507203783246681,500,weighted_rerank,identity-cluster-weighted-rerank-v1
geometry,survface,magface-6931178ad2025e1b3799,pq,pq_512_m64_b8,saliency_center_y,reconstruction_mse,182148,124729,0.06852913697014552,0.95,0.06278795526334291,0.07499306245931024,500,weighted_rerank,identity-cluster-weighted-rerank-v1
geometry,survface,magface-6931178ad2025e1b3799,pq,pq_512_m64_b8,saliency_center_y,cosine_to_origin,182148,124729,-0.0686279316080683,0.95,-0.07507203783246633,-0.06290751466650044,500,weighted_rerank,identity-cluster-weighted-rerank-v1
geometry,survface,magface-6931178ad2025e1b3799,pq,pq_512_m64_b8,saliency_spread,angular_error_rad,182148,124729,0.06759710493395293,0.95,0.06115381163826873,0.07417166016924578,500,weighted_rerank,identity-cluster-weighted-rerank-v1
geometry,survface,magface-6931178ad2025e1b3799,pq,pq_512_m64_b8,saliency_spread,reconstruction_mse,182148,124729,0.06765976626472146,0.95,0.061213227505711516,0.07421623633889271,500,weighted_rerank,identity-cluster-weighted-rerank-v1
geometry,survface,magface-6931178ad2025e1b3799,pq,pq_512_m64_b8,saliency_spread,cosine_to_origin,182148,124729,-0.06759710493395293,0.95,-0.07417166016924578,-0.06115381163826873,500,weighted_rerank,identity-cluster-weighted-rerank-v1
geometry,survface,magface-6931178ad2025e1b3799,pq,pq_512_m8_b8,quadrant_top_left,angular_error_rad,182148,124729,0.018153816880840157,0.95,0.011383886310818088,0.024746667824735613,500,weighted_rerank,identity-cluster-weighted-rerank-v1
geometry,survface,magface-6931178ad2025e1b3799,pq,pq_512_m8_b8,quadrant_top_left,reconstruction_mse,182148,124729,0.01834895787796292,0.95,0.011606632453838884,0.0249298583264209,500,weighted_rerank,identity-cluster-weighted-rerank-v1
geometry,survface,magface-6931178ad2025e1b3799,pq,pq_512_m8_b8,quadrant_top_left,cosine_to_origin,182148,124729,-0.018153816880840157,0.95,-0.024746667824735613,-0.011383886310817597,500,weighted_rerank,identity-cluster-weighted-rerank-v1
geometry,survface,magface-6931178ad2025e1b3799,pq,pq_512_m8_b8,quadrant_top_right,angular_error_rad,182148,124729,-0.06439561587289654,0.95,-0.07175798133600493,-0.05781507323572774,500,weighted_rerank,identity-cluster-weighted-rerank-v1
geometry,survface,magface-6931178ad2025e1b3799,pq,pq_512_m8_b8,quadrant_top_right,reconstruction_mse,182148,124729,-0.0639290243083673,0.95,-0.0712573564144173,-0.05735847109301439,500,weighted_rerank,identity-cluster-weighted-rerank-v1
geometry,survface,magface-6931178ad2025e1b3799,pq,pq_512_m8_b8,quadrant_top_right,cosine_to_origin,182148,124729,0.06439561587289654,0.95,0.05781507323572774,0.07175798133600493,500,weighted_rerank,identity-cluster-weighted-rerank-v1
geometry,survface,magface-6931178ad2025e1b3799,pq,pq_512_m8_b8,quadrant_bottom_left,angular_error_rad,182148,124729,0.08921127256174605,0.95,0.0832187649821167,0.09520460694603945,500,weighted_rerank,identity-cluster-weighted-rerank-v1
geometry,survface,magface-6931178ad2025e1b3799,pq,pq_512_m8_b8,quadrant_bottom_left,reconstruction_mse,182148,124729,0.0886558955742977,0.95,0.08261442595483391,0.09466632476991342,500,weighted_rerank,identity-cluster-weighted-rerank-v1
geometry,survface,magface-6931178ad2025e1b3799,pq,pq_512_m8_b8,quadrant_bottom_left,cosine_to_origin,182148,124729,-0.08921127256174605,0.95,-0.09520460694603945,-0.0832187649821167,500,weighted_rerank,identity-cluster-weighted-rerank-v1
geometry,survface,magface-6931178ad2025e1b3799,pq,pq_512_m8_b8,quadrant_bottom_right,angular_error_rad,182148,124729,0.0307991199773323,0.95,0.024616588334180033,0.036295114325914715,500,weighted_rerank,identity-cluster-weighted-rerank-v1
geometry,survface,magface-6931178ad2025e1b3799,pq,pq_512_m8_b8,quadrant_bottom_right,reconstruction_mse,182148,124729,0.030508936905346794,0.95,0.024305884168120424,0.03599546701446482,500,weighted_rerank,identity-cluster-weighted-rerank-v1
geometry,survface,magface-6931178ad2025e1b3799,pq,pq_512_m8_b8,quadrant_bottom_right,cosine_to_origin,182148,124729,-0.0307991199773323,0.95,-0.036295114325914715,-0.024616588334180036,500,weighted_rerank,identity-cluster-weighted-rerank-v1
geometry,survface,magface-6931178ad2025e1b3799,pq,pq_512_m8_b8,left_eye_attention,angular_error_rad,182148,124729,0.033491600005015665,0.95,0.026780342278923175,0.03926601829979348,500,weighted_rerank,identity-cluster-weighted-rerank-v1
geometry,survface,magface-6931178ad2025e1b3799,pq,pq_512_m8_b8,left_eye_attention,reconstruction_mse,182148,124729,0.0333790036353139,0.95,0.026651506741084807,0.03914991795126854,500,weighted_rerank,identity-cluster-weighted-rerank-v1
geometry,survface,magface-6931178ad2025e1b3799,pq,pq_512_m8_b8,left_eye_attention,cosine_to_origin,182148,124729,-0.033491600005015665,0.95,-0.03926601829979348,-0.026780342278923175,500,weighted_rerank,identity-cluster-weighted-rerank-v1
geometry,survface,magface-6931178ad2025e1b3799,pq,pq_512_m8_b8,right_eye_attention,angular_error_rad,182148,124729,0.04819979110646824,0.95,0.04157408549257249,0.05470988609061787,500,weighted_rerank,identity-cluster-weighted-rerank-v1
geometry,survface,magface-6931178ad2025e1b3799,pq,pq_512_m8_b8,right_eye_attention,reconstruction_mse,182148,124729,0.0480383854901303,0.95,0.04140718518574588,0.05451836692130079,500,weighted_rerank,identity-cluster-weighted-rerank-v1
geometry,survface,magface-6931178ad2025e1b3799,pq,pq_512_m8_b8,right_eye_attention,cosine_to_origin,182148,124729,-0.04819979110646824,0.95,-0.054709886090617874,-0.04157408549257249,500,weighted_rerank,identity-cluster-weighted-rerank-v1
geometry,survface,magface-6931178ad2025e1b3799,pq,pq_512_m8_b8,nose_attention,angular_error_rad,182148,124729,0.0825625205317974,0.95,0.07385040724284787,0.09082967632150685,500,weighted_rerank,identity-cluster-weighted-rerank-v1
geometry,survface,magface-6931178ad2025e1b3799,pq,pq_512_m8_b8,nose_attention,reconstruction_mse,182148,124729,0.08219085166319934,0.95,0.07348315699616285,0.09042983307988069,500,weighted_rerank,identity-cluster-weighted-rerank-v1
geometry,survface,magface-6931178ad2025e1b3799,pq,pq_512_m8_b8,nose_attention,cosine_to_origin,182148,124729,-0.0825625205317974,0.95,-0.09082967632150685,-0.07385040724284787,500,weighted_rerank,identity-cluster-weighted-rerank-v1
geometry,survface,magface-6931178ad2025e1b3799,pq,pq_512_m8_b8,mouth_attention,angular_error_rad,182148,124729,0.2209361061131062,0.95,0.21421802899685755,0.22689380834539508,500,weighted_rerank,identity-cluster-weighted-rerank-v1
geometry,survface,magface-6931178ad2025e1b3799,pq,pq_512_m8_b8,mouth_attention,reconstruction_mse,182148,124729,0.22025769151832403,0.95,0.21356809852261885,0.22621401278944406,500,weighted_rerank,identity-cluster-weighted-rerank-v1
geometry,survface,magface-6931178ad2025e1b3799,pq,pq_512_m8_b8,mouth_attention,cosine_to_origin,182148,124729,-0.2209361061131062,0.95,-0.22689380834539508,-0.21421802899685755,500,weighted_rerank,identity-cluster-weighted-rerank-v1
geometry,survface,magface-6931178ad2025e1b3799,pq,pq_512_m8_b8,left_cheek_attention,angular_error_rad,180850,123634,0.12167880909568868,0.95,0.11632655695274974,0.12816611188715926,500,weighted_rerank,identity-cluster-weighted-rerank-v1
geometry,survface,magface-6931178ad2025e1b3799,pq,pq_512_m8_b8,left_cheek_attention,reconstruction_mse,180850,123634,0.12139025347608626,0.95,0.11604297935161476,0.12786610702009654,500,weighted_rerank,identity-cluster-weighted-rerank-v1
geometry,survface,magface-6931178ad2025e1b3799,pq,pq_512_m8_b8,left_cheek_attention,cosine_to_origin,180850,123634,-0.12167880909568868,0.95,-0.12816611188715926,-0.11632655695274974,500,weighted_rerank,identity-cluster-weighted-rerank-v1
geometry,survface,magface-6931178ad2025e1b3799,pq,pq_512_m8_b8,right_cheek_attention,angular_error_rad,180782,123696,0.11913138259464058,0.95,0.11279477396631815,0.12518478572368777,500,weighted_rerank,identity-cluster-weighted-rerank-v1
geometry,survface,magface-6931178ad2025e1b3799,pq,pq_512_m8_b8,right_cheek_attention,reconstruction_mse,180782,123696,0.11886364135041012,0.95,0.11254112574731934,0.1249504146364539,500,weighted_rerank,identity-cluster-weighted-rerank-v1
geometry,survface,magface-6931178ad2025e1b3799,pq,pq_512_m8_b8,right_cheek_attention,cosine_to_origin,180782,123696,-0.11913138259464058,0.95,-0.12518478572368777,-0.11279477396631815,500,weighted_rerank,identity-cluster-weighted-rerank-v1
geometry,survface,magface-6931178ad2025e1b3799,pq,pq_512_m8_b8,jaw_attention,angular_error_rad,182148,124729,0.24979272816919887,0.95,0.24348302617301695,0.25515082688469976,500,weighted_rerank,identity-cluster-weighted-rerank-v1
geometry,survface,magface-6931178ad2025e1b3799,pq,pq_512_m8_b8,jaw_attention,reconstruction_mse,182148,124729,0.2490580232285005,0.95,0.242773506900924,0.2544061536136982,500,weighted_rerank,identity-cluster-weighted-rerank-v1
geometry,survface,magface-6931178ad2025e1b3799,pq,pq_512_m8_b8,jaw_attention,cosine_to_origin,182148,124729,-0.24979272816919887,0.95,-0.25515082688469976,-0.24348302617301695,500,weighted_rerank,identity-cluster-weighted-rerank-v1
geometry,survface,magface-6931178ad2025e1b3799,pq,pq_512_m8_b8,face_attention,angular_error_rad,182148,124729,0.2749259431494358,0.95,0.26384917585771,0.2844181702001629,500,weighted_rerank,identity-cluster-weighted-rerank-v1
geometry,survface,magface-6931178ad2025e1b3799,pq,pq_512_m8_b8,face_attention,reconstruction_mse,182148,124729,0.27393432188693834,0.95,0.2629168804298098,0.2833747469904231,500,weighted_rerank,identity-cluster-weighted-rerank-v1
geometry,survface,magface-6931178ad2025e1b3799,pq,pq_512_m8_b8,face_attention,cosine_to_origin,182148,124729,-0.2749259431494358,0.95,-0.28441817020016297,-0.26384917585771,500,weighted_rerank,identity-cluster-weighted-rerank-v1
geometry,survface,magface-6931178ad2025e1b3799,pq,pq_512_m8_b8,outside_face_attention,angular_error_rad,182148,124729,-0.2749259431494358,0.95,-0.28441817020016297,-0.26384917585771,500,weighted_rerank,identity-cluster-weighted-rerank-v1
geometry,survface,magface-6931178ad2025e1b3799,pq,pq_512_m8_b8,outside_face_attention,reconstruction_mse,182148,124729,-0.27393432188693834,0.95,-0.2833747469904231,-0.2629168804298098,500,weighted_rerank,identity-cluster-weighted-rerank-v1
geometry,survface,magface-6931178ad2025e1b3799,pq,pq_512_m8_b8,outside_face_attention,cosine_to_origin,182148,124729,0.2749259431494358,0.95,0.26384917585771,0.2844181702001629,500,weighted_rerank,identity-cluster-weighted-rerank-v1
geometry,survface,magface-6931178ad2025e1b3799,pq,pq_512_m8_b8,saliency_entropy,angular_error_rad,182148,124729,0.2503596366800914,0.95,0.24403277181604438,0.2570225348533947,500,weighted_rerank,identity-cluster-weighted-rerank-v1
geometry,survface,magface-6931178ad2025e1b3799,pq,pq_512_m8_b8,saliency_entropy,reconstruction_mse,182148,124729,0.2497752075706269,0.95,0.24343160208034106,0.2564246685809764,500,weighted_rerank,identity-cluster-weighted-rerank-v1
geometry,survface,magface-6931178ad2025e1b3799,pq,pq_512_m8_b8,saliency_entropy,cosine_to_origin,182148,124729,-0.2503596366800914,0.95,-0.25702253485339477,-0.24403277181604438,500,weighted_rerank,identity-cluster-weighted-rerank-v1
geometry,survface,magface-6931178ad2025e1b3799,pq,pq_512_m8_b8,maximum_region_concentration,angular_error_rad,182148,124729,-0.1268529022563657,0.95,-0.1320701202156196,-0.12122788649388332,500,weighted_rerank,identity-cluster-weighted-rerank-v1
geometry,survface,magface-6931178ad2025e1b3799,pq,pq_512_m8_b8,maximum_region_concentration,reconstruction_mse,182148,124729,-0.126536326538781,0.95,-0.13173547753239806,-0.12091205261574388,500,weighted_rerank,identity-cluster-weighted-rerank-v1
geometry,survface,magface-6931178ad2025e1b3799,pq,pq_512_m8_b8,maximum_region_concentration,cosine_to_origin,182148,124729,0.1268529022563657,0.95,0.12122788649388332,0.1320701202156196,500,weighted_rerank,identity-cluster-weighted-rerank-v1
geometry,survface,magface-6931178ad2025e1b3799,pq,pq_512_m8_b8,left_right_asymmetry,angular_error_rad,182148,124729,-0.10129721336004792,0.95,-0.10773305029222673,-0.09491580482269273,500,weighted_rerank,identity-cluster-weighted-rerank-v1
geometry,survface,magface-6931178ad2025e1b3799,pq,pq_512_m8_b8,left_right_asymmetry,reconstruction_mse,182148,124729,-0.10097933144863461,0.95,-0.10740964441483955,-0.09462332240239932,500,weighted_rerank,identity-cluster-weighted-rerank-v1
geometry,survface,magface-6931178ad2025e1b3799,pq,pq_512_m8_b8,left_right_asymmetry,cosine_to_origin,182148,124729,0.10129721336004792,0.95,0.09491580482269317,0.10773305029222673,500,weighted_rerank,identity-cluster-weighted-rerank-v1
geometry,survface,magface-6931178ad2025e1b3799,pq,pq_512_m8_b8,saliency_center_x,angular_error_rad,182148,124729,-0.05925939157054209,0.95,-0.06584202683826312,-0.05289053327776696,500,weighted_rerank,identity-cluster-weighted-rerank-v1
geometry,survface,magface-6931178ad2025e1b3799,pq,pq_512_m8_b8,saliency_center_x,reconstruction_mse,182148,124729,-0.05899202084925549,0.95,-0.06557002539251525,-0.052594119288515234,500,weighted_rerank,identity-cluster-weighted-rerank-v1
geometry,survface,magface-6931178ad2025e1b3799,pq,pq_512_m8_b8,saliency_center_x,cosine_to_origin,182148,124729,0.05925939157054209,0.95,0.05289053327776696,0.06584202683826312,500,weighted_rerank,identity-cluster-weighted-rerank-v1
geometry,survface,magface-6931178ad2025e1b3799,pq,pq_512_m8_b8,saliency_center_y,angular_error_rad,182148,124729,0.07906611839232514,0.95,0.07215966256653072,0.08534643020187702,500,weighted_rerank,identity-cluster-weighted-rerank-v1
geometry,survface,magface-6931178ad2025e1b3799,pq,pq_512_m8_b8,saliency_center_y,reconstruction_mse,182148,124729,0.07857047596271934,0.95,0.07166737614662476,0.08483659934003099,500,weighted_rerank,identity-cluster-weighted-rerank-v1
geometry,survface,magface-6931178ad2025e1b3799,pq,pq_512_m8_b8,saliency_center_y,cosine_to_origin,182148,124729,-0.07906611839232514,0.95,-0.08534643020187702,-0.07215966256653072,500,weighted_rerank,identity-cluster-weighted-rerank-v1
geometry,survface,magface-6931178ad2025e1b3799,pq,pq_512_m8_b8,saliency_spread,angular_error_rad,182148,124729,0.0967641412362951,0.95,0.0893670271291179,0.1039661732861523,500,weighted_rerank,identity-cluster-weighted-rerank-v1
geometry,survface,magface-6931178ad2025e1b3799,pq,pq_512_m8_b8,saliency_spread,reconstruction_mse,182148,124729,0.09649957912741931,0.95,0.08908832614769727,0.10370285158593875,500,weighted_rerank,identity-cluster-weighted-rerank-v1
geometry,survface,magface-6931178ad2025e1b3799,pq,pq_512_m8_b8,saliency_spread,cosine_to_origin,182148,124729,-0.0967641412362951,0.95,-0.1039661732861523,-0.0893670271291179,500,weighted_rerank,identity-cluster-weighted-rerank-v1
