dataset,model_uid,run_id,extraction_uid,origin_embedding_artifact_uid,compression_family,compression_profile,sample_count,origin_dimension,search_dimension,reconstruction_available,metric_vector_source,mean_reconstruction_mse,p95_reconstruction_mse,mean_angular_error_rad,p95_angular_error_rad,mean_cosine_to_origin,p05_cosine_to_origin,compression_origin_fallback_count,storage_bytes_per_embedding,codebook_bytes,codebook_bytes_source,codec_parameter_bytes_x,codec_parameter_bytes_source_x,summary_artifact_type,summary_claim_status,derived_evaluation_paper_eligible,protocol_uid,search_mode,origin_score_space,compressed_score_space,score_spaces_comparable,frozen_origin_threshold_applicable,latency_measurement_repeats,latency_timer,compressed_index_build_latency_ms,compressed_gallery_add_latency_ms,compressed_gallery_encode_latency_ms,origin_search_latency_ms_total,compressed_search_latency_ms_total,compressed_search_latency_ms_per_query,compressed_search_queries_per_second,gallery_template_count,origin_storage_bytes_per_embedding,origin_gallery_storage_bytes,compressed_gallery_storage_bytes,amortized_storage_bytes_per_gallery_template,threshold_policy,target_fpir,threshold_source_split,evaluation_split,top_k,query_count,mated_count,non_mated_count,decision_threshold,origin_decision_threshold,compressed_decision_threshold,origin_rank1_correct_count,origin_rank1_rate,compressed_rank1_correct_count,compressed_rank1_rate,origin_top_k_correct_count,origin_top_k_rate,compressed_top_k_correct_count,compressed_top_k_rate,origin_accepted_count,compressed_accepted_count,origin_dir_rank1_count,origin_dir_rank1_denominator,origin_dir_rank1,origin_dir_rank1_wilson95_low,origin_dir_rank1_wilson95_high,compressed_dir_rank1_count,compressed_dir_rank1_denominator,compressed_dir_rank1,compressed_dir_rank1_wilson95_low,compressed_dir_rank1_wilson95_high,both_dir_rank1_count,compressed_minus_origin_dir_rank1,compressed_minus_origin_dir_rank1_paired_bootstrap95_low,compressed_minus_origin_dir_rank1_paired_bootstrap95_high,origin_false_accept_count,origin_fpir_denominator,origin_fpir,origin_realized_fpir,origin_fpir_wilson95_low,origin_fpir_wilson95_high,compressed_false_accept_count,compressed_fpir_denominator,compressed_fpir,compressed_realized_fpir,compressed_fpir_wilson95_low,compressed_fpir_wilson95_high,both_false_accept_count,compressed_minus_origin_fpir,compressed_minus_origin_fpir_paired_bootstrap95_low,compressed_minus_origin_fpir_paired_bootstrap95_high,confidence_interval_unit,rate_confidence_interval_method,difference_confidence_interval_method,difference_confidence_interval_resamples,difference_confidence_interval_random_seed,agreement_with_origin_count,agreement_with_origin_rate,mean_top_k_identity_jaccard,mean_top1_score_drift,mean_abs_top1_score_drift,threshold_crossing_count,threshold_crossing_rate,accept_to_reject_count,accept_to_reject_rate,reject_to_accept_count,reject_to_accept_rate,origin_decision_correct_count,origin_decision_correct_rate,compressed_decision_correct_count,compressed_decision_correct_rate,retrieval_origin_fallback_count,codec_parameter_bytes_y,codec_parameter_bytes_source_y
survface,adaface-4df25b75e065b0b9ed43,20260811-R001-cb329ad5,population-8caf41f0460cebd86e1607bc,origin-embedding-13c5d2e2fa370ebd645dcf58,pca,pca_32,463341,512,32,True,reconstruction,0.00070170219046,0.00126938810567,0.637154099689,0.937184778001,0.794545552284,0.592059140184,0,128,0,not_applicable,67584,pca_components_and_mean,step4_search_space_multi_fpir_v4,validation_required,True,qmul-survface-v1-training-derived-3000-watchlist-calibration-v2,pca_direct_cosine,cosine_similarity,cosine_similarity,True,True,1,time.perf_counter,,,,34472.881,34202.3626,0.187761036238,5325.91862528,3000,2048,6144000,451584,150.528,frozen_origin,0.01,calibration,test,20,182159,60423,121736,0.821411192417,0.821411192417,0.821411192417,2748,0.0454793704384,936,0.015490789931,10742,0.177779984443,4719,0.0780993992354,1705,1914,78,60423,0.00129089916092,0.00103456784494,0.00161063840715,64,60423,0.00105919931152,0.000829632268809,0.00135220374376,7,-0.000231699849395,-0.00059579961273,0.00013239991394,1021,121736,0.00838700138004,0.00838700138004,0.00789000066834,0.00891502744986,1279,121736,0.0105063415916,0.0105063415916,0.00994883062291,0.0110947441684,255,0.00211934021161,0.00145396595912,0.00278471446409,probe,wilson_score,paired_nonparametric_bootstrap_percentile,2000,42,33339,0.183021426336,0.188537606853,0.0423096917967,0.0871392438029,2799,0.015365697001,1295,0.00710917385361,1504,0.00825652314736,120793,0.663118484401,120521,0.661625283406,0,67584,pca_components_and_mean
survface,adaface-4df25b75e065b0b9ed43,20260811-R001-cb329ad5,population-8caf41f0460cebd86e1607bc,origin-embedding-13c5d2e2fa370ebd645dcf58,pca,pca_64,463341,512,64,True,reconstruction,0.000455577513957,0.000934397842428,0.494137671754,0.763610221972,0.872852836757,0.722344133162,0,256,0,not_applicable,133120,pca_components_and_mean,step4_search_space_multi_fpir_v4,validation_required,True,qmul-survface-v1-training-derived-3000-watchlist-calibration-v2,pca_direct_cosine,cosine_similarity,cosine_similarity,True,True,1,time.perf_counter,,,,34621.2102,32725.7902,0.179655082648,5566.22159119,3000,2048,6144000,901120,300.373333333,frozen_origin,0.01,calibration,test,20,182159,60423,121736,0.821411192417,0.821411192417,0.821411192417,2748,0.0454793704384,1407,0.0232858348642,10742,0.177779984443,5898,0.0976118365523,1705,170,78,60423,0.00129089916092,0.00103456784494,0.00161063840715,13,60423,0.000215149860153,0.000125744411256,0.000368100014503,2,-0.00107574930076,-0.00137406285686,-0.000777849494398,1021,121736,0.00838700138004,0.00838700138004,0.00789000066834,0.00891502744986,108,121736,0.000887165669974,0.000887165669974,0.000734934607417,0.00107089540013,34,-0.00749983571006,-0.00802556351449,-0.0069903315371,probe,wilson_score,paired_nonparametric_bootstrap_percentile,2000,42,51878,0.284795151489,0.250700734939,-0.0586195994298,0.102087369812,1765,0.00968933733716,1650,0.00905802074012,115,0.000631316597039,120793,0.663118484401,121641,0.66777375809,0,133120,pca_components_and_mean
survface,adaface-4df25b75e065b0b9ed43,20260811-R001-cb329ad5,population-8caf41f0460cebd86e1607bc,origin-embedding-13c5d2e2fa370ebd645dcf58,pca,pca_128,463341,512,128,True,reconstruction,0.000225709858858,0.000525809907195,0.335297535182,0.545483902988,0.939634295991,0.854876326608,0,512,0,not_applicable,264192,pca_components_and_mean,step4_search_space_multi_fpir_v4,validation_required,True,qmul-survface-v1-training-derived-3000-watchlist-calibration-v2,pca_direct_cosine,cosine_similarity,cosine_similarity,True,True,1,time.perf_counter,,,,36319.7685,34150.5986,0.187476866913,5333.99142233,3000,2048,6144000,1800192,600.064,frozen_origin,0.01,calibration,test,20,182159,60423,121736,0.821411192417,0.821411192417,0.821411192417,2748,0.0454793704384,1743,0.0288466312497,10742,0.177779984443,6728,0.111348327624,1705,44,78,60423,0.00129089916092,0.00103456784494,0.00161063840715,2,60423,3.3099978485e-05,9.07725491843e-06,0.000120690554078,0,-0.00125779918243,-0.0015556989888,-0.000976449365308,1021,121736,0.00838700138004,0.00838700138004,0.00789000066834,0.00891502744986,26,121736,0.000213576920549,0.000213576920549,0.000145761515415,0.000312933503007,11,-0.00817342445949,-0.00870736676086,-0.007655911152,probe,wilson_score,paired_nonparametric_bootstrap_percentile,2000,42,65597,0.36010847666,0.293461458472,-0.125754736584,0.140705842936,1709,0.00938191360295,1685,0.009250160574,24,0.000131753028947,120793,0.663118484401,121712,0.668163527468,0,264192,pca_components_and_mean
survface,adaface-4df25b75e065b0b9ed43,20260811-R001-cb329ad5,population-8caf41f0460cebd86e1607bc,origin-embedding-13c5d2e2fa370ebd645dcf58,pca,pca_256,463341,512,256,True,reconstruction,5.37000113438e-05,0.000137178113648,0.158693073894,0.26821918485,0.986101536763,0.964244367294,0,1024,0,not_applicable,526336,pca_components_and_mean,step4_search_space_multi_fpir_v4,validation_required,True,qmul-survface-v1-training-derived-3000-watchlist-calibration-v2,pca_direct_cosine,cosine_similarity,cosine_similarity,True,True,1,time.perf_counter,,,,34441.9004,33776.0358,0.185420625937,5393.1432652,3000,2048,6144000,3598336,1199.44533333,frozen_origin,0.01,calibration,test,20,182159,60423,121736,0.821411192417,0.821411192417,0.821411192417,2748,0.0454793704384,1936,0.0320407791735,10742,0.177779984443,7206,0.119259222482,1705,13,78,60423,0.00129089916092,0.00103456784494,0.00161063840715,0,60423,0,0,6.35720604942e-05,0,-0.00129089916092,-0.00157224897804,-0.00100954934379,1021,121736,0.00838700138004,0.00838700138004,0.00789000066834,0.00891502744986,9,121736,7.39304724979e-05,7.39304724979e-05,3.88967220277e-05,0.000140514213283,6,-0.00831307090754,-0.00883058421502,-0.00779555760005,probe,wilson_score,paired_nonparametric_bootstrap_percentile,2000,42,74255,0.407638381853,0.322632081299,-0.164623282948,0.169741499283,1700,0.0093325062171,1696,0.00931054737894,4,2.19588381579e-05,120793,0.663118484401,121727,0.668245873111,0,526336,pca_components_and_mean
survface,adaface-4df25b75e065b0b9ed43,20260811-R001-cb329ad5,population-8caf41f0460cebd86e1607bc,origin-embedding-13c5d2e2fa370ebd645dcf58,pca,pca_384,463341,512,384,True,reconstruction,1.36309189002e-07,2.72512454769e-07,0.0081229252825,0.0118094997514,0.999965138297,0.999930268668,0,1536,0,not_applicable,788480,pca_components_and_mean,step4_search_space_multi_fpir_v4,validation_required,True,qmul-survface-v1-training-derived-3000-watchlist-calibration-v2,pca_direct_cosine,cosine_similarity,cosine_similarity,True,True,1,time.perf_counter,,,,34421.3053,34202.838,0.187763646045,5325.84459804,3000,2048,6144000,5396480,1798.82666667,frozen_origin,0.01,calibration,test,20,182159,60423,121736,0.821411192417,0.821411192417,0.821411192417,2748,0.0454793704384,2004,0.033166178442,10742,0.177779984443,7346,0.121576220975,1705,11,78,60423,0.00129089916092,0.00103456784494,0.00161063840715,0,60423,0,0,6.35720604942e-05,0,-0.00129089916092,-0.00157224897804,-0.00100954934379,1021,121736,0.00838700138004,0.00838700138004,0.00789000066834,0.00891502744986,7,121736,5.75014786094e-05,5.75014786094e-05,2.78545101527e-05,0.000118699474204,5,-0.00832949990143,-0.00883058421502,-0.00782020109089,probe,wilson_score,paired_nonparametric_bootstrap_percentile,2000,42,76468,0.419787109064,0.331123270398,-0.175504305145,0.178695700006,1700,0.0093325062171,1697,0.00931603708848,3,1.64691286184e-05,120793,0.663118484401,121729,0.66825685253,0,788480,pca_components_and_mean
survface,adaface-4df25b75e065b0b9ed43,20260811-R001-cb329ad5,population-8caf41f0460cebd86e1607bc,origin-embedding-13c5d2e2fa370ebd645dcf58,pca,pca_32,463341,512,32,True,reconstruction,0.00070170219046,0.00126938810567,0.637154099689,0.937184778001,0.794545552284,0.592059140184,0,128,0,not_applicable,67584,pca_components_and_mean,step4_search_space_multi_fpir_v4,validation_required,True,qmul-survface-v1-training-derived-3000-watchlist-calibration-v2,pca_direct_cosine,cosine_similarity,cosine_similarity,True,True,1,time.perf_counter,,,,34472.881,34202.3626,0.187761036238,5325.91862528,3000,2048,6144000,451584,150.528,recalibrated_compressed,0.01,calibration,test,20,182159,60423,121736,,0.821411192417,0.814554274082,2748,0.0454793704384,936,0.015490789931,10742,0.177779984443,4719,0.0780993992354,1705,2533,78,60423,0.00129089916092,0.00103456784494,0.00161063840715,80,60423,0.0013239991394,0.00106404551652,0.00164735648407,10,3.3099978485e-05,-0.000364099763335,0.000430299720305,1021,121736,0.00838700138004,0.00838700138004,0.00789000066834,0.00891502744986,1710,121736,0.0140467897746,0.0140467897746,0.0134008745647,0.0147233731573,316,0.00565978839456,0.00493691266347,0.00637465499113,probe,wilson_score,paired_nonparametric_bootstrap_percentile,2000,42,33339,0.183021426336,0.188537606853,0.0423096917967,0.0871392438029,3206,0.0176000087835,1189,0.00652726464243,2017,0.0110727441411,120793,0.663118484401,120106,0.659347053947,0,67584,pca_components_and_mean
survface,adaface-4df25b75e065b0b9ed43,20260811-R001-cb329ad5,population-8caf41f0460cebd86e1607bc,origin-embedding-13c5d2e2fa370ebd645dcf58,pca,pca_64,463341,512,64,True,reconstruction,0.000455577513957,0.000934397842428,0.494137671754,0.763610221972,0.872852836757,0.722344133162,0,256,0,not_applicable,133120,pca_components_and_mean,step4_search_space_multi_fpir_v4,validation_required,True,qmul-survface-v1-training-derived-3000-watchlist-calibration-v2,pca_direct_cosine,cosine_similarity,cosine_similarity,True,True,1,time.perf_counter,,,,34621.2102,32725.7902,0.179655082648,5566.22159119,3000,2048,6144000,901120,300.373333333,recalibrated_compressed,0.01,calibration,test,20,182159,60423,121736,,0.821411192417,0.739783704281,2748,0.0454793704384,1407,0.0232858348642,10742,0.177779984443,5898,0.0976118365523,1705,2629,78,60423,0.00129089916092,0.00103456784494,0.00161063840715,128,60423,0.00211839862304,0.00178209959549,0.00251800036916,33,0.000827499462125,0.000446849709548,0.00124124919319,1021,121736,0.00838700138004,0.00838700138004,0.00789000066834,0.00891502744986,1691,121736,0.0138907143327,0.0138907143327,0.0132484337992,0.0145636728887,496,0.00550371295262,0.00483012420319,0.00615265821121,probe,wilson_score,paired_nonparametric_bootstrap_percentile,2000,42,51878,0.284795151489,0.250700734939,-0.0586195994298,0.102087369812,2698,0.0148112363375,887,0.00486937236151,1811,0.00994186397598,120793,0.663118484401,120173,0.659714864487,0,133120,pca_components_and_mean
survface,adaface-4df25b75e065b0b9ed43,20260811-R001-cb329ad5,population-8caf41f0460cebd86e1607bc,origin-embedding-13c5d2e2fa370ebd645dcf58,pca,pca_128,463341,512,128,True,reconstruction,0.000225709858858,0.000525809907195,0.335297535182,0.545483902988,0.939634295991,0.854876326608,0,512,0,not_applicable,264192,pca_components_and_mean,step4_search_space_multi_fpir_v4,validation_required,True,qmul-survface-v1-training-derived-3000-watchlist-calibration-v2,pca_direct_cosine,cosine_similarity,cosine_similarity,True,True,1,time.perf_counter,,,,36319.7685,34150.5986,0.187476866913,5333.99142233,3000,2048,6144000,1800192,600.064,recalibrated_compressed,0.01,calibration,test,20,182159,60423,121736,,0.821411192417,0.688186049461,2748,0.0454793704384,1743,0.0288466312497,10742,0.177779984443,6728,0.111348327624,1705,2710,78,60423,0.00129089916092,0.00103456784494,0.00161063840715,155,60423,0.00256524833259,0.00219232240336,0.00300142016606,49,0.00127434917167,0.000910249408338,0.00165541267398,1021,121736,0.00838700138004,0.00838700138004,0.00789000066834,0.00891502744986,1726,121736,0.0141782217257,0.0141782217257,0.0135292620161,0.0148578413135,591,0.00579122034567,0.00517513307485,0.00644016560426,probe,wilson_score,paired_nonparametric_bootstrap_percentile,2000,42,65597,0.36010847666,0.293461458472,-0.125754736584,0.140705842936,2469,0.0135540928529,732,0.00401846738289,1737,0.00953562547006,120793,0.663118484401,120165,0.65967094681,0,264192,pca_components_and_mean
survface,adaface-4df25b75e065b0b9ed43,20260811-R001-cb329ad5,population-8caf41f0460cebd86e1607bc,origin-embedding-13c5d2e2fa370ebd645dcf58,pca,pca_256,463341,512,256,True,reconstruction,5.37000113438e-05,0.000137178113648,0.158693073894,0.26821918485,0.986101536763,0.964244367294,0,1024,0,not_applicable,526336,pca_components_and_mean,step4_search_space_multi_fpir_v4,validation_required,True,qmul-survface-v1-training-derived-3000-watchlist-calibration-v2,pca_direct_cosine,cosine_similarity,cosine_similarity,True,True,1,time.perf_counter,,,,34441.9004,33776.0358,0.185420625937,5393.1432652,3000,2048,6144000,3598336,1199.44533333,recalibrated_compressed,0.01,calibration,test,20,182159,60423,121736,,0.821411192417,0.656810104847,2748,0.0454793704384,1936,0.0320407791735,10742,0.177779984443,7206,0.119259222482,1705,2647,78,60423,0.00129089916092,0.00103456784494,0.00161063840715,160,60423,0.0026479982788,0.00226865049177,0.00309058144892,57,0.00135709911789,0.00099299935455,0.00172119888122,1021,121736,0.00838700138004,0.00838700138004,0.00789000066834,0.00891502744986,1656,121736,0.0136032069396,0.0136032069396,0.0129676779399,0.0142694321063,638,0.00521620555957,0.00463297627653,0.00579964020503,probe,wilson_score,paired_nonparametric_bootstrap_percentile,2000,42,74255,0.407638381853,0.322632081299,-0.164623282948,0.169741499283,2234,0.0122640111112,646,0.0035463523625,1588,0.00871765874868,120793,0.663118484401,120240,0.660082675026,0,526336,pca_components_and_mean
survface,adaface-4df25b75e065b0b9ed43,20260811-R001-cb329ad5,population-8caf41f0460cebd86e1607bc,origin-embedding-13c5d2e2fa370ebd645dcf58,pca,pca_384,463341,512,384,True,reconstruction,1.36309189002e-07,2.72512454769e-07,0.0081229252825,0.0118094997514,0.999965138297,0.999930268668,0,1536,0,not_applicable,788480,pca_components_and_mean,step4_search_space_multi_fpir_v4,validation_required,True,qmul-survface-v1-training-derived-3000-watchlist-calibration-v2,pca_direct_cosine,cosine_similarity,cosine_similarity,True,True,1,time.perf_counter,,,,34421.3053,34202.838,0.187763646045,5325.84459804,3000,2048,6144000,5396480,1798.82666667,recalibrated_compressed,0.01,calibration,test,20,182159,60423,121736,,0.821411192417,0.647671580315,2748,0.0454793704384,2004,0.033166178442,10742,0.177779984443,7346,0.121576220975,1705,2619,78,60423,0.00129089916092,0.00103456784494,0.00161063840715,156,60423,0.00258179832183,0.00220757981911,0.00301926062456,61,0.00129089916092,0.000943349386823,0.0016223126955,1021,121736,0.00838700138004,0.00838700138004,0.00789000066834,0.00891502744986,1633,121736,0.0134142735099,0.0134142735099,0.0127832217213,0.0140760333889,647,0.00502727212985,0.0044604718407,0.00562713576921,probe,wilson_score,paired_nonparametric_bootstrap_percentile,2000,42,76468,0.419787109064,0.331123270398,-0.175504305145,0.178695700006,2162,0.0118687520243,624,0.00342557875263,1538,0.0084431732717,120793,0.663118484401,120259,0.660186979507,0,788480,pca_components_and_mean
survface,adaface-4df25b75e065b0b9ed43,20260811-R001-cb329ad5,population-8caf41f0460cebd86e1607bc,origin-embedding-13c5d2e2fa370ebd645dcf58,pca,pca_32,463341,512,32,True,reconstruction,0.00070170219046,0.00126938810567,0.637154099689,0.937184778001,0.794545552284,0.592059140184,0,128,0,not_applicable,67584,pca_components_and_mean,step4_search_space_multi_fpir_v4,validation_required,True,qmul-survface-v1-training-derived-3000-watchlist-calibration-v2,pca_reconstruction_cosine,cosine_similarity,cosine_similarity,True,True,1,time.perf_counter,,,,38074.8455,34586.3971,0.189869274096,5266.78160415,3000,2048,6144000,451584,150.528,frozen_origin,0.01,calibration,test,20,182159,60423,121736,0.821411192417,0.821411192417,0.821411192417,2748,0.0454793704384,1357,0.0224583354021,10742,0.177779984443,6935,0.114774175397,1705,66125,78,60423,0.00129089916092,0.00103456784494,0.00161063840715,633,60423,0.0104761431905,0.00969487080164,0.0113196556598,57,0.00918524402959,0.00837429455671,0.00997964351323,1021,121736,0.00838700138004,0.00838700138004,0.00789000066834,0.00891502744986,43387,121736,0.356402378918,0.356402378918,0.353716553462,0.359097266722,1021,0.348015377538,0.345361889663,0.350685294408,probe,wilson_score,paired_nonparametric_bootstrap_percentile,2000,42,59315,0.325622121334,0.378194417072,0.172546502825,0.172547255319,64420,0.353647088533,0,0,64420,0.353647088533,120793,0.663118484401,78982,0.433588238846,0,67584,pca_components_and_mean
survface,adaface-4df25b75e065b0b9ed43,20260811-R001-cb329ad5,population-8caf41f0460cebd86e1607bc,origin-embedding-13c5d2e2fa370ebd645dcf58,pca,pca_64,463341,512,64,True,reconstruction,0.000455577513957,0.000934397842428,0.494137671754,0.763610221972,0.872852836757,0.722344133162,0,256,0,not_applicable,133120,pca_components_and_mean,step4_search_space_multi_fpir_v4,validation_required,True,qmul-survface-v1-training-derived-3000-watchlist-calibration-v2,pca_reconstruction_cosine,cosine_similarity,cosine_similarity,True,True,1,time.perf_counter,,,,34372.9006,34515.8987,0.189482258357,5277.53895627,3000,2048,6144000,901120,300.373333333,frozen_origin,0.01,calibration,test,20,182159,60423,121736,0.821411192417,0.821411192417,0.821411192417,2748,0.0454793704384,2017,0.0333813283021,10742,0.177779984443,8891,0.147145954355,1705,17080,78,60423,0.00129089916092,0.00103456784494,0.00161063840715,325,60423,0.00537874650381,0.00482616360076,0.00599421759137,72,0.0040878473429,0.00355824768714,0.00461744699866,1021,121736,0.00838700138004,0.00838700138004,0.00789000066834,0.00891502744986,11154,121736,0.0916244989157,0.0916244989157,0.0900167547172,0.0932580154111,1020,0.0832374975357,0.0817011812447,0.0848311099428,probe,wilson_score,paired_nonparametric_bootstrap_percentile,2000,42,103923,0.57050708447,0.589452638399,0.0935871354932,0.0935891728763,15379,0.0844262430075,2,1.09794190789e-05,15377,0.0844152635884,120793,0.663118484401,110907,0.608847215894,0,133120,pca_components_and_mean
survface,adaface-4df25b75e065b0b9ed43,20260811-R001-cb329ad5,population-8caf41f0460cebd86e1607bc,origin-embedding-13c5d2e2fa370ebd645dcf58,pca,pca_128,463341,512,128,True,reconstruction,0.000225709858858,0.000525809907195,0.335297535182,0.545483902988,0.939634295991,0.854876326608,0,512,0,not_applicable,264192,pca_components_and_mean,step4_search_space_multi_fpir_v4,validation_required,True,qmul-survface-v1-training-derived-3000-watchlist-calibration-v2,pca_reconstruction_cosine,cosine_similarity,cosine_similarity,True,True,1,time.perf_counter,,,,34557.3952,37015.7168,0.203205533627,4921.12582837,3000,2048,6144000,1800192,600.064,frozen_origin,0.01,calibration,test,20,182159,60423,121736,0.821411192417,0.821411192417,0.821411192417,2748,0.0454793704384,2504,0.0414411730632,10742,0.177779984443,10113,0.167370041209,1705,5214,78,60423,0.00129089916092,0.00103456784494,0.00161063840715,159,60423,0.00263144828956,0.00225337674923,0.0030727573172,76,0.00134054912864,0.00105919931152,0.00165499892425,1021,121736,0.00838700138004,0.00838700138004,0.00789000066834,0.00891502744986,3318,121736,0.0272557008609,0.0272557008609,0.0263558363776,0.0281853999116,1021,0.0188686994808,0.0180965367681,0.0196739255438,probe,wilson_score,paired_nonparametric_bootstrap_percentile,2000,42,145175,0.796968582392,0.794136266419,0.0406757925911,0.0406789225635,3509,0.019263390774,0,0,3509,0.019263390774,120793,0.663118484401,118577,0.650953288062,0,264192,pca_components_and_mean
survface,adaface-4df25b75e065b0b9ed43,20260811-R001-cb329ad5,population-8caf41f0460cebd86e1607bc,origin-embedding-13c5d2e2fa370ebd645dcf58,pca,pca_256,463341,512,256,True,reconstruction,5.37000113438e-05,0.000137178113648,0.158693073894,0.26821918485,0.986101536763,0.964244367294,0,1024,0,not_applicable,526336,pca_components_and_mean,step4_search_space_multi_fpir_v4,validation_required,True,qmul-survface-v1-training-derived-3000-watchlist-calibration-v2,pca_reconstruction_cosine,cosine_similarity,cosine_similarity,True,True,1,time.perf_counter,,,,37996.601,34321.6324,0.188415792796,5307.41072794,3000,2048,6144000,3598336,1199.44533333,frozen_origin,0.01,calibration,test,20,182159,60423,121736,0.821411192417,0.821411192417,0.821411192417,2748,0.0454793704384,2713,0.0449001208149,10742,0.177779984443,10644,0.176158085497,1705,2232,78,60423,0.00129089916092,0.00103456784494,0.00161063840715,89,60423,0.00147294904258,0.00119722496001,0.00181205790884,78,0.000182049881668,8.27499462125e-05,0.000297899806365,1021,121736,0.00838700138004,0.00838700138004,0.00789000066834,0.00891502744986,1362,121736,0.011188144838,0.011188144838,0.0106125309485,0.0117946073074,1021,0.00280114345797,0.0025134307025,0.00311329434185,probe,wilson_score,paired_nonparametric_bootstrap_percentile,2000,42,172454,0.946722368919,0.937845468074,0.00892688769,0.00893169941229,527,0.0028930769273,0,0,527,0.0028930769273,120793,0.663118484401,120463,0.661306880253,0,526336,pca_components_and_mean
survface,adaface-4df25b75e065b0b9ed43,20260811-R001-cb329ad5,population-8caf41f0460cebd86e1607bc,origin-embedding-13c5d2e2fa370ebd645dcf58,pca,pca_384,463341,512,384,True,reconstruction,1.36309189002e-07,2.72512454769e-07,0.0081229252825,0.0118094997514,0.999965138297,0.999930268668,0,1536,0,not_applicable,788480,pca_components_and_mean,step4_search_space_multi_fpir_v4,validation_required,True,qmul-survface-v1-training-derived-3000-watchlist-calibration-v2,pca_reconstruction_cosine,cosine_similarity,cosine_similarity,True,True,1,time.perf_counter,,,,34282.5599,34289.8289,0.188241200819,5312.33330243,3000,2048,6144000,5396480,1798.82666667,frozen_origin,0.01,calibration,test,20,182159,60423,121736,0.821411192417,0.821411192417,0.821411192417,2748,0.0454793704384,2748,0.0454793704384,10742,0.177779984443,10743,0.177796534432,1705,1706,78,60423,0.00129089916092,0.00103456784494,0.00161063840715,78,60423,0.00129089916092,0.00103456784494,0.00161063840715,78,0,0,0,1021,121736,0.00838700138004,0.00838700138004,0.00789000066834,0.00891502744986,1022,121736,0.00839521587698,0.00839521587698,0.0078979663411,0.00892349025257,1021,8.21449694421e-06,0,2.46434908326e-05,probe,wilson_score,paired_nonparametric_bootstrap_percentile,2000,42,182125,0.999813349876,0.999724991694,2.2696997194e-05,2.27714005008e-05,1,5.48970953947e-06,0,0,1,5.48970953947e-06,120793,0.663118484401,120792,0.663112994691,0,788480,pca_components_and_mean
survface,adaface-4df25b75e065b0b9ed43,20260811-R001-cb329ad5,population-8caf41f0460cebd86e1607bc,origin-embedding-13c5d2e2fa370ebd645dcf58,pca,pca_32,463341,512,32,True,reconstruction,0.00070170219046,0.00126938810567,0.637154099689,0.937184778001,0.794545552284,0.592059140184,0,128,0,not_applicable,67584,pca_components_and_mean,step4_search_space_multi_fpir_v4,validation_required,True,qmul-survface-v1-training-derived-3000-watchlist-calibration-v2,pca_reconstruction_cosine,cosine_similarity,cosine_similarity,True,True,1,time.perf_counter,,,,38074.8455,34586.3971,0.189869274096,5266.78160415,3000,2048,6144000,451584,150.528,recalibrated_compressed,0.01,calibration,test,20,182159,60423,121736,,0.821411192417,0.912963628769,2748,0.0454793704384,1357,0.0224583354021,10742,0.177779984443,6935,0.114774175397,1705,1892,78,60423,0.00129089916092,0.00103456784494,0.00161063840715,39,60423,0.000645449580458,0.000472221847753,0.000882167308537,22,-0.000645449580458,-0.00092679939758,-0.000380649752578,1021,121736,0.00838700138004,0.00838700138004,0.00789000066834,0.00891502744986,1217,121736,0.0099970427811,0.0099970427811,0.00945345303382,0.0105715562779,507,0.00161004140106,0.00105946474338,0.00217725241506,probe,wilson_score,paired_nonparametric_bootstrap_percentile,2000,42,59315,0.325622121334,0.378194417072,0.172546502825,0.172547255319,1901,0.0104359378345,857,0.00470468107532,1044,0.0057312567592,120793,0.663118484401,120558,0.661828402659,0,67584,pca_components_and_mean
survface,adaface-4df25b75e065b0b9ed43,20260811-R001-cb329ad5,population-8caf41f0460cebd86e1607bc,origin-embedding-13c5d2e2fa370ebd645dcf58,pca,pca_64,463341,512,64,True,reconstruction,0.000455577513957,0.000934397842428,0.494137671754,0.763610221972,0.872852836757,0.722344133162,0,256,0,not_applicable,133120,pca_components_and_mean,step4_search_space_multi_fpir_v4,validation_required,True,qmul-survface-v1-training-derived-3000-watchlist-calibration-v2,pca_reconstruction_cosine,cosine_similarity,cosine_similarity,True,True,1,time.perf_counter,,,,34372.9006,34515.8987,0.189482258357,5277.53895627,3000,2048,6144000,901120,300.373333333,recalibrated_compressed,0.01,calibration,test,20,182159,60423,121736,,0.821411192417,0.872397601604,2748,0.0454793704384,2017,0.0333813283021,10742,0.177779984443,8891,0.147145954355,1705,1880,78,60423,0.00129089916092,0.00103456784494,0.00161063840715,55,60423,0.000910249408338,0.000699448328667,0.00118450681564,45,-0.000380649752578,-0.000579249623488,-0.000182049881668,1021,121736,0.00838700138004,0.00838700138004,0.00789000066834,0.00891502744986,1184,121736,0.00972596438194,0.00972596438194,0.00918993331327,0.0102929363077,789,0.00133896300191,0.000944667148584,0.00174147335217,probe,wilson_score,paired_nonparametric_bootstrap_percentile,2000,42,103923,0.57050708447,0.589452638399,0.0935871354932,0.0935891728763,993,0.00545128157269,409,0.00224529120164,584,0.00320599037105,120793,0.663118484401,120607,0.662097398427,0,133120,pca_components_and_mean
survface,adaface-4df25b75e065b0b9ed43,20260811-R001-cb329ad5,population-8caf41f0460cebd86e1607bc,origin-embedding-13c5d2e2fa370ebd645dcf58,pca,pca_128,463341,512,128,True,reconstruction,0.000225709858858,0.000525809907195,0.335297535182,0.545483902988,0.939634295991,0.854876326608,0,512,0,not_applicable,264192,pca_components_and_mean,step4_search_space_multi_fpir_v4,validation_required,True,qmul-survface-v1-training-derived-3000-watchlist-calibration-v2,pca_reconstruction_cosine,cosine_similarity,cosine_similarity,True,True,1,time.perf_counter,,,,34557.3952,37015.7168,0.203205533627,4921.12582837,3000,2048,6144000,1800192,600.064,recalibrated_compressed,0.01,calibration,test,20,182159,60423,121736,,0.821411192417,0.843882381916,2748,0.0454793704384,2504,0.0414411730632,10742,0.177779984443,10113,0.167370041209,1705,1792,78,60423,0.00129089916092,0.00103456784494,0.00161063840715,71,60423,0.00117504923622,0.000931773051823,0.00148174808051,64,-0.000115849924698,-0.00026479982788,3.3099978485e-05,1021,121736,0.00838700138004,0.00838700138004,0.00789000066834,0.00891502744986,1121,121736,0.00920845107446,0.00920845107446,0.00868715701111,0.00976071865481,937,0.000821449694421,0.000550371295262,0.00107630446211,probe,wilson_score,paired_nonparametric_bootstrap_percentile,2000,42,145175,0.796968582392,0.794136266419,0.0406757925911,0.0406789225635,415,0.00227822945888,164,0.000900312364473,251,0.00137791709441,120793,0.663118484401,120686,0.66253108548,0,264192,pca_components_and_mean
survface,adaface-4df25b75e065b0b9ed43,20260811-R001-cb329ad5,population-8caf41f0460cebd86e1607bc,origin-embedding-13c5d2e2fa370ebd645dcf58,pca,pca_256,463341,512,256,True,reconstruction,5.37000113438e-05,0.000137178113648,0.158693073894,0.26821918485,0.986101536763,0.964244367294,0,1024,0,not_applicable,526336,pca_components_and_mean,step4_search_space_multi_fpir_v4,validation_required,True,qmul-survface-v1-training-derived-3000-watchlist-calibration-v2,pca_reconstruction_cosine,cosine_similarity,cosine_similarity,True,True,1,time.perf_counter,,,,37996.601,34321.6324,0.188415792796,5307.41072794,3000,2048,6144000,3598336,1199.44533333,recalibrated_compressed,0.01,calibration,test,20,182159,60423,121736,,0.821411192417,0.826390385628,2748,0.0454793704384,2713,0.0449001208149,10742,0.177779984443,10644,0.176158085497,1705,1753,78,60423,0.00129089916092,0.00103456784494,0.00161063840715,78,60423,0.00129089916092,0.00103456784494,0.00161063840715,78,0,0,0,1021,121736,0.00838700138004,0.00838700138004,0.00789000066834,0.00891502744986,1060,121736,0.00870736676086,0.00870736676086,0.00820075260615,0.00924498605566,1009,0.000320365380824,0.000205362423605,0.000460011828876,probe,wilson_score,paired_nonparametric_bootstrap_percentile,2000,42,172454,0.946722368919,0.937845468074,0.00892688769,0.00893169941229,98,0.000537991534868,25,0.000137242738487,73,0.000400748796381,120793,0.663118484401,120754,0.662904385729,0,526336,pca_components_and_mean
survface,adaface-4df25b75e065b0b9ed43,20260811-R001-cb329ad5,population-8caf41f0460cebd86e1607bc,origin-embedding-13c5d2e2fa370ebd645dcf58,pca,pca_384,463341,512,384,True,reconstruction,1.36309189002e-07,2.72512454769e-07,0.0081229252825,0.0118094997514,0.999965138297,0.999930268668,0,1536,0,not_applicable,788480,pca_components_and_mean,step4_search_space_multi_fpir_v4,validation_required,True,qmul-survface-v1-training-derived-3000-watchlist-calibration-v2,pca_reconstruction_cosine,cosine_similarity,cosine_similarity,True,True,1,time.perf_counter,,,,34282.5599,34289.8289,0.188241200819,5312.33330243,3000,2048,6144000,5396480,1798.82666667,recalibrated_compressed,0.01,calibration,test,20,182159,60423,121736,,0.821411192417,0.821431994438,2748,0.0454793704384,2748,0.0454793704384,10742,0.177779984443,10743,0.177796534432,1705,1704,78,60423,0.00129089916092,0.00103456784494,0.00161063840715,78,60423,0.00129089916092,0.00103456784494,0.00161063840715,78,0,0,0,1021,121736,0.00838700138004,0.00838700138004,0.00789000066834,0.00891502744986,1020,121736,0.00837878688309,0.00837878688309,0.00788203512034,0.00890656452238,1020,-8.21449694421e-06,-2.46434908326e-05,0,probe,wilson_score,paired_nonparametric_bootstrap_percentile,2000,42,182125,0.999813349876,0.999724991694,2.2696997194e-05,2.27714005008e-05,1,5.48970953947e-06,1,5.48970953947e-06,0,0,120793,0.663118484401,120794,0.663123974111,0,788480,pca_components_and_mean
survface,adaface-4df25b75e065b0b9ed43,20260811-R001-cb329ad5,population-8caf41f0460cebd86e1607bc,origin-embedding-13c5d2e2fa370ebd645dcf58,pq,pq_512_m8_b8,463341,512,512,True,reconstruction,0.0010554444606,0.00150243524189,0.825162858558,1.06069281051,0.672713242756,0.488267587537,0,8,524288,faiss_centroids,524288,faiss_centroids,step4_search_space_multi_fpir_v4,validation_required,True,qmul-survface-v1-training-derived-3000-watchlist-calibration-v2,pq_adc_exhaustive,cosine_similarity,negative_squared_l2_adc,False,False,1,time.perf_counter,0.410100001318,0.0517999978911,17.2392000022,34561.475,1137.6319,0.00624526869384,160121.213197,3000,2048,6144000,548288,182.762666667,recalibrated_compressed,0.01,calibration,test,20,182159,60423,121736,,0.821411192417,-0.341250121593,2748,0.0454793704384,696,0.0115187925128,10742,0.177779984443,4219,0.0698244046141,1705,1677,78,60423,0.00129089916092,0.00103456784494,0.00161063840715,44,60423,0.00072819952667,0.00054252986971,0.000977348657836,18,-0.000562699634245,-0.000861013190341,-0.00026479982788,1021,121736,0.00838700138004,0.00838700138004,0.00789000066834,0.00891502744986,1032,121736,0.00847736084642,0.00847736084642,0.00797762989127,0.00900811145718,549,9.03594663863e-05,-0.000402510350266,0.000591443779983,probe,wilson_score,paired_nonparametric_bootstrap_percentile,2000,42,22290,0.122365625635,0.161966492953,,,1496,0.00821260547104,762,0.00418315866907,734,0.00402944680197,120793,0.663118484401,120748,0.662871447472,0,524288,faiss_centroids
survface,adaface-4df25b75e065b0b9ed43,20260811-R001-cb329ad5,population-8caf41f0460cebd86e1607bc,origin-embedding-13c5d2e2fa370ebd645dcf58,pq,pq_512_m16_b8,463341,512,512,True,reconstruction,0.000951099684845,0.00135033959352,0.770946962734,0.976997721861,0.712662279688,0.559513416712,0,16,524288,faiss_centroids,524288,faiss_centroids,step4_search_space_multi_fpir_v4,validation_required,True,qmul-survface-v1-training-derived-3000-watchlist-calibration-v2,pq_adc_exhaustive,cosine_similarity,negative_squared_l2_adc,False,False,1,time.perf_counter,0.408900003094,0.217299999349,21.8343000015,39364.8403,2001.6633,0.0109885501128,91003.8166758,3000,2048,6144000,572288,190.762666667,recalibrated_compressed,0.01,calibration,test,20,182159,60423,121736,,0.821411192417,-0.371794760227,2748,0.0454793704384,1050,0.0173774887046,10742,0.177779984443,5263,0.0871025933833,1705,1795,78,60423,0.00129089916092,0.00103456784494,0.00161063840715,41,60423,0.000678549558943,0.000500256421102,0.000920328483691,21,-0.000612349601973,-0.000893699419095,-0.00033099978485,1021,121736,0.00838700138004,0.00838700138004,0.00789000066834,0.00891502744986,1118,121736,0.00918380758362,0.00918380758362,0.00866322575852,0.00973536448097,619,0.000796806203588,0.000320365380824,0.0012814615233,probe,wilson_score,paired_nonparametric_bootstrap_percentile,2000,42,36268,0.199100785577,0.218183659048,,,1398,0.00767461393618,654,0.00359027003881,744,0.00408434389736,120793,0.663118484401,120659,0.662382863323,0,524288,faiss_centroids
survface,adaface-4df25b75e065b0b9ed43,20260811-R001-cb329ad5,population-8caf41f0460cebd86e1607bc,origin-embedding-13c5d2e2fa370ebd645dcf58,pq,pq_512_m32_b8,463341,512,512,True,reconstruction,0.000760907677652,0.00107435431708,0.672002114337,0.834388275508,0.779538837073,0.671631026284,0,32,524288,faiss_centroids,524288,faiss_centroids,step4_search_space_multi_fpir_v4,validation_required,True,qmul-survface-v1-training-derived-3000-watchlist-calibration-v2,pq_adc_exhaustive,cosine_similarity,negative_squared_l2_adc,False,False,1,time.perf_counter,0.425800000812,0.289100000373,47.5996999994,34773.5088,4147.9817,0.022771214708,43915.0924894,3000,2048,6144000,620288,206.762666667,recalibrated_compressed,0.01,calibration,test,20,182159,60423,121736,,0.821411192417,-0.407950341702,2748,0.0454793704384,1567,0.025933833143,10742,0.177779984443,6662,0.110256028334,1705,1816,78,60423,0.00129089916092,0.00103456784494,0.00161063840715,75,60423,0.00124124919319,0.000990438766708,0.00155547386262,37,-4.96499677275e-05,-0.00033099978485,0.000231699849395,1021,121736,0.00838700138004,0.00838700138004,0.00789000066834,0.00891502744986,1129,121736,0.00927416705001,0.00927416705001,0.00875097845254,0.0098283250172,734,0.000887165669974,0.000476440822764,0.00129789051718,probe,wilson_score,paired_nonparametric_bootstrap_percentile,2000,42,54683,0.300193786747,0.294069130019,,,1083,0.00594535543124,486,0.00266799883618,597,0.00327735659506,120793,0.663118484401,120682,0.662509126642,0,524288,faiss_centroids
survface,adaface-4df25b75e065b0b9ed43,20260811-R001-cb329ad5,population-8caf41f0460cebd86e1607bc,origin-embedding-13c5d2e2fa370ebd645dcf58,pq,pq_512_m64_b8,463341,512,512,True,reconstruction,0.000454524447564,0.000634008546729,0.501048751749,0.605684942461,0.875716657993,0.82211233543,0,64,524288,faiss_centroids,524288,faiss_centroids,step4_search_space_multi_fpir_v4,validation_required,True,qmul-survface-v1-training-derived-3000-watchlist-calibration-v2,pq_adc_exhaustive,cosine_similarity,negative_squared_l2_adc,False,False,1,time.perf_counter,0.421299999289,0.446899997769,64.0397000025,34656.3618,7314.5048,0.040154506777,24903.8048345,3000,2048,6144000,716288,238.762666667,recalibrated_compressed,0.01,calibration,test,20,182159,60423,121736,,0.821411192417,-0.432814717293,2748,0.0454793704384,2042,0.0337950780332,10742,0.177779984443,8184,0.135445111961,1705,1654,78,60423,0.00129089916092,0.00103456784494,0.00161063840715,64,60423,0.00105919931152,0.000829632268809,0.00135220374376,50,-0.000231699849395,-0.000446849709548,-3.3099978485e-05,1021,121736,0.00838700138004,0.00838700138004,0.00789000066834,0.00891502744986,1020,121736,0.00837878688309,0.00837878688309,0.00788203512034,0.00890656452238,820,-8.21449694421e-06,-0.000328579877768,0.00031215088388,probe,wilson_score,paired_nonparametric_bootstrap_percentile,2000,42,81577,0.447834035101,0.423009423451,,,649,0.00356282149111,350,0.00192139833881,299,0.0016414231523,120793,0.663118484401,120780,0.663047118177,0,524288,faiss_centroids
survface,adaface-4df25b75e065b0b9ed43,20260811-R001-cb329ad5,population-8caf41f0460cebd86e1607bc,origin-embedding-13c5d2e2fa370ebd645dcf58,pq,pq_512_m128_b8,463341,512,512,True,reconstruction,0.00014266331858,0.000199880714298,0.272009691512,0.324701979321,0.962871370021,0.947745844951,0,128,524288,faiss_centroids,524288,faiss_centroids,step4_search_space_multi_fpir_v4,validation_required,True,qmul-survface-v1-training-derived-3000-watchlist-calibration-v2,pq_adc_exhaustive,cosine_similarity,negative_squared_l2_adc,False,False,1,time.perf_counter,0.516700001754,0.170600000274,68.9051000008,39851.2268,14666.0673,0.0805124495633,12420.4393907,3000,2048,6144000,908288,302.762666667,recalibrated_compressed,0.01,calibration,test,20,182159,60423,121736,,0.821411192417,-0.387078881264,2748,0.0454793704384,2580,0.0426989722457,10742,0.177779984443,10188,0.168611290403,1705,1683,78,60423,0.00129089916092,0.00103456784494,0.00161063840715,73,60423,0.0012081492147,0.000961080359104,0.00151863652173,65,-8.27499462125e-05,-0.000232113599126,6.619995697e-05,1021,121736,0.00838700138004,0.00838700138004,0.00789000066834,0.00891502744986,1019,121736,0.00837057238615,0.00837057238615,0.00787406969729,0.00889810146996,906,-1.64289938884e-05,-0.00025464940527,0.000221791417494,probe,wilson_score,paired_nonparametric_bootstrap_percentile,2000,42,129344,0.710060990673,0.693755052139,,,352,0.00193237775789,187,0.00102657568388,165,0.000905802074012,120793,0.663118484401,120790,0.663102015272,0,524288,faiss_centroids
survface,adaface-4df25b75e065b0b9ed43,20260811-R001-cb329ad5,population-8caf41f0460cebd86e1607bc,origin-embedding-13c5d2e2fa370ebd645dcf58,pq,pq_512_m8_b8,463341,512,512,True,reconstruction,0.0010554444606,0.00150243524189,0.825162858558,1.06069281051,0.672713242756,0.488267587537,0,8,524288,faiss_centroids,524288,faiss_centroids,step4_search_space_multi_fpir_v4,validation_required,True,qmul-survface-v1-training-derived-3000-watchlist-calibration-v2,pq_reconstruction_cosine,cosine_similarity,cosine_similarity,True,True,1,time.perf_counter,,,,34561.475,35266.4785,0.193602723445,5165.21659513,3000,2048,6144000,548288,182.762666667,frozen_origin,0.01,calibration,test,20,182159,60423,121736,0.821411192417,0.821411192417,0.821411192417,2748,0.0454793704384,557,0.00921834400808,10742,0.177779984443,4248,0.0703043543022,1705,65613,78,60423,0.00129089916092,0.00103456784494,0.00161063840715,220,60423,0.00364099763335,0.0031912844489,0.00415381994685,24,0.00235009847244,0.00185359879516,0.00283004816047,1021,121736,0.00838700138004,0.00838700138004,0.00789000066834,0.00891502744986,43516,121736,0.357462049024,0.357462049024,0.354774412633,0.360158680887,1019,0.349075047644,0.346355638431,0.351794251495,probe,wilson_score,paired_nonparametric_bootstrap_percentile,2000,42,16772,0.092073408396,0.156806526525,0.162441651231,0.162503162057,63914,0.350869295506,3,1.64691286184e-05,63911,0.350852826377,120793,0.663118484401,78440,0.430612816276,0,524288,faiss_centroids
survface,adaface-4df25b75e065b0b9ed43,20260811-R001-cb329ad5,population-8caf41f0460cebd86e1607bc,origin-embedding-13c5d2e2fa370ebd645dcf58,pq,pq_512_m16_b8,463341,512,512,True,reconstruction,0.000951099684845,0.00135033959352,0.770946962734,0.976997721861,0.712662279688,0.559513416712,0,16,524288,faiss_centroids,524288,faiss_centroids,step4_search_space_multi_fpir_v4,validation_required,True,qmul-survface-v1-training-derived-3000-watchlist-calibration-v2,pq_reconstruction_cosine,cosine_similarity,cosine_similarity,True,True,1,time.perf_counter,,,,39364.8403,34777.5331,0.190918555218,5237.83557264,3000,2048,6144000,572288,190.762666667,frozen_origin,0.01,calibration,test,20,182159,60423,121736,0.821411192417,0.821411192417,0.821411192417,2748,0.0454793704384,954,0.0157886897374,10742,0.177779984443,6004,0.099366135412,1705,16304,78,60423,0.00129089916092,0.00103456784494,0.00161063840715,115,60423,0.00190324876289,0.00158596417665,0.00228386342273,31,0.000612349601973,0.000231286099664,0.00099299935455,1021,121736,0.00838700138004,0.00838700138004,0.00789000066834,0.00891502744986,10800,121736,0.0887165669974,0.0887165669974,0.0871322865719,0.0903268032375,957,0.0803295656174,0.0788098836827,0.0818658819084,probe,wilson_score,paired_nonparametric_bootstrap_percentile,2000,42,29104,0.159772506437,0.232961204664,0.092091154501,0.0926793846532,14797,0.0812312320555,99,0.000543481244407,14698,0.0806877508111,120793,0.663118484401,111051,0.609637734067,0,524288,faiss_centroids
survface,adaface-4df25b75e065b0b9ed43,20260811-R001-cb329ad5,population-8caf41f0460cebd86e1607bc,origin-embedding-13c5d2e2fa370ebd645dcf58,pq,pq_512_m32_b8,463341,512,512,True,reconstruction,0.000760907677652,0.00107435431708,0.672002114337,0.834388275508,0.779538837073,0.671631026284,0,32,524288,faiss_centroids,524288,faiss_centroids,step4_search_space_multi_fpir_v4,validation_required,True,qmul-survface-v1-training-derived-3000-watchlist-calibration-v2,pq_reconstruction_cosine,cosine_similarity,cosine_similarity,True,True,1,time.perf_counter,,,,34773.5088,34802.5563,0.191055925318,5234.06954448,3000,2048,6144000,620288,206.762666667,frozen_origin,0.01,calibration,test,20,182159,60423,121736,0.821411192417,0.821411192417,0.821411192417,2748,0.0454793704384,1613,0.0266951326482,10742,0.177779984443,8023,0.132780563693,1705,880,78,60423,0.00129089916092,0.00103456784494,0.00161063840715,50,60423,0.000827499462125,0.000627782406336,0.00109068336672,20,-0.00046339969879,-0.000777849494398,-0.000165499892425,1021,121736,0.00838700138004,0.00838700138004,0.00789000066834,0.00891502744986,550,121736,0.00451797331931,0.00451797331931,0.00415656240583,0.00491065376263,299,-0.00386902806072,-0.00437011237432,-0.00337595288165,probe,wilson_score,paired_nonparametric_bootstrap_percentile,2000,42,45453,0.249523767697,0.321693255978,0.0263504880061,0.0372558274709,1555,0.00853649833387,1190,0.00653275435197,365,0.00200374398191,120793,0.663118484401,121236,0.665550425727,0,524288,faiss_centroids
survface,adaface-4df25b75e065b0b9ed43,20260811-R001-cb329ad5,population-8caf41f0460cebd86e1607bc,origin-embedding-13c5d2e2fa370ebd645dcf58,pq,pq_512_m64_b8,463341,512,512,True,reconstruction,0.000454524447564,0.000634008546729,0.501048751749,0.605684942461,0.875716657993,0.82211233543,0,64,524288,faiss_centroids,524288,faiss_centroids,step4_search_space_multi_fpir_v4,validation_required,True,qmul-survface-v1-training-derived-3000-watchlist-calibration-v2,pq_reconstruction_cosine,cosine_similarity,cosine_similarity,True,True,1,time.perf_counter,,,,34656.3618,34606.4226,0.189979208274,5263.73390586,3000,2048,6144000,716288,238.762666667,frozen_origin,0.01,calibration,test,20,182159,60423,121736,0.821411192417,0.821411192417,0.821411192417,2748,0.0454793704384,2298,0.0380318752793,10742,0.177779984443,9760,0.161527895007,1705,23,78,60423,0.00129089916092,0.00103456784494,0.00161063840715,2,60423,3.3099978485e-05,9.07725491843e-06,0.000120690554078,2,-0.00125779918243,-0.00153914899955,-0.00099299935455,1021,121736,0.00838700138004,0.00838700138004,0.00789000066834,0.00891502744986,7,121736,5.75014786094e-05,5.75014786094e-05,2.78545101527e-05,0.000118699474204,7,-0.00832949990143,-0.00883879871197,-0.00783663008477,probe,wilson_score,paired_nonparametric_bootstrap_percentile,2000,42,72957,0.400512738871,0.446479915573,-0.0151101678755,0.0291676181109,1682,0.00923369144539,1682,0.00923369144539,0,0,120793,0.663118484401,121731,0.668267831949,0,524288,faiss_centroids
survface,adaface-4df25b75e065b0b9ed43,20260811-R001-cb329ad5,population-8caf41f0460cebd86e1607bc,origin-embedding-13c5d2e2fa370ebd645dcf58,pq,pq_512_m128_b8,463341,512,512,True,reconstruction,0.00014266331858,0.000199880714298,0.272009691512,0.324701979321,0.962871370021,0.947745844951,0,128,524288,faiss_centroids,524288,faiss_centroids,step4_search_space_multi_fpir_v4,validation_required,True,qmul-survface-v1-training-derived-3000-watchlist-calibration-v2,pq_reconstruction_cosine,cosine_similarity,cosine_similarity,True,True,1,time.perf_counter,,,,39851.2268,34907.1973,0.191630374014,5218.37941999,3000,2048,6144000,908288,302.762666667,frozen_origin,0.01,calibration,test,20,182159,60423,121736,0.821411192417,0.821411192417,0.821411192417,2748,0.0454793704384,2723,0.0450656207073,10742,0.177779984443,10696,0.177018684938,1705,363,78,60423,0.00129089916092,0.00103456784494,0.00161063840715,21,60423,0.000347549774093,0.000227340936147,0.000531286483622,20,-0.000943349386823,-0.0012081492147,-0.000711649537428,1021,121736,0.00838700138004,0.00838700138004,0.00789000066834,0.00891502744986,193,121736,0.00158539791023,0.00158539791023,0.00137708342637,0.00182516699674,193,-0.0068016034698,-0.00728625878951,-0.00634980613787,probe,wilson_score,paired_nonparametric_bootstrap_percentile,2000,42,123473,0.677830905967,0.680375776133,-0.0107106130734,0.0152888098433,1342,0.00736719020197,1342,0.00736719020197,0,0,120793,0.663118484401,121564,0.667351050456,0,524288,faiss_centroids
survface,adaface-4df25b75e065b0b9ed43,20260811-R001-cb329ad5,population-8caf41f0460cebd86e1607bc,origin-embedding-13c5d2e2fa370ebd645dcf58,pq,pq_512_m8_b8,463341,512,512,True,reconstruction,0.0010554444606,0.00150243524189,0.825162858558,1.06069281051,0.672713242756,0.488267587537,0,8,524288,faiss_centroids,524288,faiss_centroids,step4_search_space_multi_fpir_v4,validation_required,True,qmul-survface-v1-training-derived-3000-watchlist-calibration-v2,pq_reconstruction_cosine,cosine_similarity,cosine_similarity,True,True,1,time.perf_counter,,,,34561.475,35266.4785,0.193602723445,5165.21659513,3000,2048,6144000,548288,182.762666667,recalibrated_compressed,0.01,calibration,test,20,182159,60423,121736,,0.821411192417,0.933806121349,2748,0.0454793704384,557,0.00921834400808,10742,0.177779984443,4248,0.0703043543022,1705,1980,78,60423,0.00129089916092,0.00103456784494,0.00161063840715,23,60423,0.000380649752578,0.000253671885834,0.000571151282437,9,-0.000910249408338,-0.0012081492147,-0.000612349601973,1021,121736,0.00838700138004,0.00838700138004,0.00789000066834,0.00891502744986,1315,121736,0.0108020634816,0.0108020634816,0.010236628419,0.0113983714895,195,0.0024150621016,0.00170841000197,0.00312972333574,probe,wilson_score,paired_nonparametric_bootstrap_percentile,2000,42,16772,0.092073408396,0.156806526525,0.162441651231,0.162503162057,2975,0.0163318858799,1350,0.00741110787828,1625,0.00892077800164,120793,0.663118484401,120444,0.661202575772,0,524288,faiss_centroids
survface,adaface-4df25b75e065b0b9ed43,20260811-R001-cb329ad5,population-8caf41f0460cebd86e1607bc,origin-embedding-13c5d2e2fa370ebd645dcf58,pq,pq_512_m16_b8,463341,512,512,True,reconstruction,0.000951099684845,0.00135033959352,0.770946962734,0.976997721861,0.712662279688,0.559513416712,0,16,524288,faiss_centroids,524288,faiss_centroids,step4_search_space_multi_fpir_v4,validation_required,True,qmul-survface-v1-training-derived-3000-watchlist-calibration-v2,pq_reconstruction_cosine,cosine_similarity,cosine_similarity,True,True,1,time.perf_counter,,,,39364.8403,34777.5331,0.190918555218,5237.83557264,3000,2048,6144000,572288,190.762666667,recalibrated_compressed,0.01,calibration,test,20,182159,60423,121736,,0.821411192417,0.870965242386,2748,0.0454793704384,954,0.0157886897374,10742,0.177779984443,6004,0.099366135412,1705,2209,78,60423,0.00129089916092,0.00103456784494,0.00161063840715,31,60423,0.000513049666518,0.000361480495676,0.000728125666605,13,-0.000777849494398,-0.00109229929001,-0.000496499677275,1021,121736,0.00838700138004,0.00838700138004,0.00789000066834,0.00891502744986,1447,121736,0.0118863770783,0.0118863770783,0.0112928051658,0.0125107535057,365,0.00349937569823,0.00283400144575,0.00414852631925,probe,wilson_score,paired_nonparametric_bootstrap_percentile,2000,42,29104,0.159772506437,0.232961204664,0.092091154501,0.0926793846532,2650,0.0145477302796,1073,0.00589045833585,1577,0.00865727194374,120793,0.663118484401,120320,0.660521851789,0,524288,faiss_centroids
survface,adaface-4df25b75e065b0b9ed43,20260811-R001-cb329ad5,population-8caf41f0460cebd86e1607bc,origin-embedding-13c5d2e2fa370ebd645dcf58,pq,pq_512_m32_b8,463341,512,512,True,reconstruction,0.000760907677652,0.00107435431708,0.672002114337,0.834388275508,0.779538837073,0.671631026284,0,32,524288,faiss_centroids,524288,faiss_centroids,step4_search_space_multi_fpir_v4,validation_required,True,qmul-survface-v1-training-derived-3000-watchlist-calibration-v2,pq_reconstruction_cosine,cosine_similarity,cosine_similarity,True,True,1,time.perf_counter,,,,34773.5088,34802.5563,0.191055925318,5234.06954448,3000,2048,6144000,620288,206.762666667,recalibrated_compressed,0.01,calibration,test,20,182159,60423,121736,,0.821411192417,0.808720588684,2748,0.0454793704384,1613,0.0266951326482,10742,0.177779984443,8023,0.132780563693,1705,1941,78,60423,0.00129089916092,0.00103456784494,0.00161063840715,65,60423,0.00107574930076,0.00084417995063,0.00137075393619,25,-0.000215149860153,-0.00052959965576,9.9299935455e-05,1021,121736,0.00838700138004,0.00838700138004,0.00789000066834,0.00891502744986,1234,121736,0.0101366892292,0.0101366892292,0.00958924674512,0.0107150466497,537,0.00174968784912,0.00119110205691,0.00231648813827,probe,wilson_score,paired_nonparametric_bootstrap_percentile,2000,42,45453,0.249523767697,0.321693255978,0.0263504880061,0.0372558274709,1846,0.0101340038099,805,0.00441921617927,1041,0.00571478763059,120793,0.663118484401,120567,0.661877810045,0,524288,faiss_centroids
survface,adaface-4df25b75e065b0b9ed43,20260811-R001-cb329ad5,population-8caf41f0460cebd86e1607bc,origin-embedding-13c5d2e2fa370ebd645dcf58,pq,pq_512_m64_b8,463341,512,512,True,reconstruction,0.000454524447564,0.000634008546729,0.501048751749,0.605684942461,0.875716657993,0.82211233543,0,64,524288,faiss_centroids,524288,faiss_centroids,step4_search_space_multi_fpir_v4,validation_required,True,qmul-survface-v1-training-derived-3000-watchlist-calibration-v2,pq_reconstruction_cosine,cosine_similarity,cosine_similarity,True,True,1,time.perf_counter,,,,34656.3618,34606.4226,0.189979208274,5263.73390586,3000,2048,6144000,716288,238.762666667,recalibrated_compressed,0.01,calibration,test,20,182159,60423,121736,,0.821411192417,0.771149635315,2748,0.0454793704384,2298,0.0380318752793,10742,0.177779984443,9760,0.161527895007,1705,1597,78,60423,0.00129089916092,0.00103456784494,0.00161063840715,50,60423,0.000827499462125,0.000627782406336,0.00109068336672,37,-0.00046339969879,-0.000711649537428,-0.000231699849395,1021,121736,0.00838700138004,0.00838700138004,0.00789000066834,0.00891502744986,1000,121736,0.00821449694421,0.00821449694421,0.00772275064469,0.00873727948849,660,-0.000172504435828,-0.000591443779983,0.000238425773806,probe,wilson_score,paired_nonparametric_bootstrap_percentile,2000,42,72957,0.400512738871,0.446479915573,-0.0151101678755,0.0291676181109,1088,0.00597280397894,598,0.0032828463046,490,0.00268995767434,120793,0.663118484401,120786,0.663080056434,0,524288,faiss_centroids
survface,adaface-4df25b75e065b0b9ed43,20260811-R001-cb329ad5,population-8caf41f0460cebd86e1607bc,origin-embedding-13c5d2e2fa370ebd645dcf58,pq,pq_512_m128_b8,463341,512,512,True,reconstruction,0.00014266331858,0.000199880714298,0.272009691512,0.324701979321,0.962871370021,0.947745844951,0,128,524288,faiss_centroids,524288,faiss_centroids,step4_search_space_multi_fpir_v4,validation_required,True,qmul-survface-v1-training-derived-3000-watchlist-calibration-v2,pq_reconstruction_cosine,cosine_similarity,cosine_similarity,True,True,1,time.perf_counter,,,,39851.2268,34907.1973,0.191630374014,5218.37941999,3000,2048,6144000,908288,302.762666667,recalibrated_compressed,0.01,calibration,test,20,182159,60423,121736,,0.821411192417,0.796625614166,2748,0.0454793704384,2723,0.0450656207073,10742,0.177779984443,10696,0.177018684938,1705,1706,78,60423,0.00129089916092,0.00103456784494,0.00161063840715,74,60423,0.00122469920395,0.000975753303682,0.0015370614514,63,-6.619995697e-05,-0.000248249838638,9.9299935455e-05,1021,121736,0.00838700138004,0.00838700138004,0.00789000066834,0.00891502744986,1045,121736,0.0085841493067,0.0085841493067,0.00808121083879,0.00911810069086,850,0.000197147926661,-0.000106788460275,0.000501084313597,probe,wilson_score,paired_nonparametric_bootstrap_percentile,2000,42,123473,0.677830905967,0.680375776133,-0.0107106130734,0.0152888098433,579,0.00317854182335,289,0.00158652605691,290,0.00159201576645,120793,0.663118484401,120765,0.662964772534,0,524288,faiss_centroids
survface,adaface-4df25b75e065b0b9ed43,20260811-R001-cb329ad5,population-8caf41f0460cebd86e1607bc,origin-embedding-13c5d2e2fa370ebd645dcf58,pca,pca_32,463341,512,32,True,reconstruction,0.00070170219046,0.00126938810567,0.637154099689,0.937184778001,0.794545552284,0.592059140184,0,128,0,not_applicable,67584,pca_components_and_mean,step4_search_space_multi_fpir_v4,validation_required,True,qmul-survface-v1-training-derived-3000-watchlist-calibration-v2,pca_direct_cosine,cosine_similarity,cosine_similarity,True,True,1,time.perf_counter,,,,34472.881,34202.3626,0.187761036238,5325.91862528,3000,2048,6144000,451584,150.528,frozen_origin,0.1,calibration,test,20,182159,60423,121736,0.755183577538,0.755183577538,0.755183577538,2748,0.0454793704384,936,0.015490789931,10742,0.177779984443,4719,0.0780993992354,17528,15551,402,60423,0.00665309567549,0.00603552061437,0.0073333968951,259,60423,0.00428644721381,0.00379611466236,0.00483980682919,111,-0.00236664846168,-0.00307829799911,-0.00168809890274,11331,121736,0.0930784648748,0.0930784648748,0.0914591755912,0.0947234346965,10480,121736,0.0860879279753,0.0860879279753,0.0845253017274,0.0876766759293,4396,-0.00699053689952,-0.00890451468752,-0.00511722087139,probe,wilson_score,paired_nonparametric_bootstrap_percentile,2000,42,33339,0.183021426336,0.188537606853,0.0423096917967,0.0871392438029,19643,0.107834364484,10810,0.0593437601217,8833,0.0484906043621,110807,0.60829824494,111515,0.612184959294,0,67584,pca_components_and_mean
survface,adaface-4df25b75e065b0b9ed43,20260811-R001-cb329ad5,population-8caf41f0460cebd86e1607bc,origin-embedding-13c5d2e2fa370ebd645dcf58,pca,pca_64,463341,512,64,True,reconstruction,0.000455577513957,0.000934397842428,0.494137671754,0.763610221972,0.872852836757,0.722344133162,0,256,0,not_applicable,133120,pca_components_and_mean,step4_search_space_multi_fpir_v4,validation_required,True,qmul-survface-v1-training-derived-3000-watchlist-calibration-v2,pca_direct_cosine,cosine_similarity,cosine_similarity,True,True,1,time.perf_counter,,,,34621.2102,32725.7902,0.179655082648,5566.22159119,3000,2048,6144000,901120,300.373333333,frozen_origin,0.1,calibration,test,20,182159,60423,121736,0.755183577538,0.755183577538,0.755183577538,2748,0.0454793704384,1407,0.0232858348642,10742,0.177779984443,5898,0.0976118365523,17528,1635,402,60423,0.00665309567549,0.00603552061437,0.0073333968951,93,60423,0.00153914899955,0.00125667096361,0.00188500340224,42,-0.00511394667593,-0.00577594624563,-0.00443539711699,11331,121736,0.0930784648748,0.0930784648748,0.0914591755912,0.0947234346965,1036,121736,0.0085102188342,0.0085102188342,0.0080094987596,0.00904195649076,819,-0.0845682460406,-0.0861536439508,-0.0829335611487,probe,wilson_score,paired_nonparametric_bootstrap_percentile,2000,42,51878,0.284795151489,0.250700734939,-0.0586195994298,0.102087369812,16625,0.0912664210937,16259,0.0892571874022,366,0.00200923369145,110807,0.60829824494,120793,0.663118484401,0,133120,pca_components_and_mean
survface,adaface-4df25b75e065b0b9ed43,20260811-R001-cb329ad5,population-8caf41f0460cebd86e1607bc,origin-embedding-13c5d2e2fa370ebd645dcf58,pca,pca_128,463341,512,128,True,reconstruction,0.000225709858858,0.000525809907195,0.335297535182,0.545483902988,0.939634295991,0.854876326608,0,512,0,not_applicable,264192,pca_components_and_mean,step4_search_space_multi_fpir_v4,validation_required,True,qmul-survface-v1-training-derived-3000-watchlist-calibration-v2,pca_direct_cosine,cosine_similarity,cosine_similarity,True,True,1,time.perf_counter,,,,36319.7685,34150.5986,0.187476866913,5333.99142233,3000,2048,6144000,1800192,600.064,frozen_origin,0.1,calibration,test,20,182159,60423,121736,0.755183577538,0.755183577538,0.755183577538,2748,0.0454793704384,1743,0.0288466312497,10742,0.177779984443,6728,0.111348327624,17528,357,402,60423,0.00665309567549,0.00603552061437,0.0073333968951,30,60423,0.000496499677275,0.000347820825568,0.000708687462462,18,-0.00615659599821,-0.00680204557867,-0.005527696407,11331,121736,0.0930784648748,0.0930784648748,0.0914591755912,0.0947234346965,235,121736,0.00193040678189,0.00193040678189,0.00169905490607,0.00219319148708,216,-0.0911480580929,-0.0927585102188,-0.0895129624762,probe,wilson_score,paired_nonparametric_bootstrap_percentile,2000,42,65597,0.36010847666,0.293461458472,-0.125754736584,0.140705842936,17251,0.0947029792654,17211,0.0944833908838,40,0.000219588381579,110807,0.60829824494,121531,0.667169890041,0,264192,pca_components_and_mean
survface,adaface-4df25b75e065b0b9ed43,20260811-R001-cb329ad5,population-8caf41f0460cebd86e1607bc,origin-embedding-13c5d2e2fa370ebd645dcf58,pca,pca_256,463341,512,256,True,reconstruction,5.37000113438e-05,0.000137178113648,0.158693073894,0.26821918485,0.986101536763,0.964244367294,0,1024,0,not_applicable,526336,pca_components_and_mean,step4_search_space_multi_fpir_v4,validation_required,True,qmul-survface-v1-training-derived-3000-watchlist-calibration-v2,pca_direct_cosine,cosine_similarity,cosine_similarity,True,True,1,time.perf_counter,,,,34441.9004,33776.0358,0.185420625937,5393.1432652,3000,2048,6144000,3598336,1199.44533333,frozen_origin,0.1,calibration,test,20,182159,60423,121736,0.755183577538,0.755183577538,0.755183577538,2748,0.0454793704384,1936,0.0320407791735,10742,0.177779984443,7206,0.119259222482,17528,116,402,60423,0.00665309567549,0.00603552061437,0.0073333968951,5,60423,8.27499462125e-05,3.5346332353e-05,0.000193715099397,3,-0.00657034572928,-0.00723234529898,-0.00594144613806,11331,121736,0.0930784648748,0.0930784648748,0.0914591755912,0.0947234346965,74,121736,0.000607872773871,0.000607872773871,0.000484282882527,0.000762978958799,72,-0.0924705921009,-0.0940888479989,-0.090778200368,probe,wilson_score,paired_nonparametric_bootstrap_percentile,2000,42,74255,0.407638381853,0.322632081299,-0.164623282948,0.169741499283,17422,0.0956417195966,17417,0.0956142710489,5,2.74485476973e-05,110807,0.60829824494,121667,0.667916490538,0,526336,pca_components_and_mean
survface,adaface-4df25b75e065b0b9ed43,20260811-R001-cb329ad5,population-8caf41f0460cebd86e1607bc,origin-embedding-13c5d2e2fa370ebd645dcf58,pca,pca_384,463341,512,384,True,reconstruction,1.36309189002e-07,2.72512454769e-07,0.0081229252825,0.0118094997514,0.999965138297,0.999930268668,0,1536,0,not_applicable,788480,pca_components_and_mean,step4_search_space_multi_fpir_v4,validation_required,True,qmul-survface-v1-training-derived-3000-watchlist-calibration-v2,pca_direct_cosine,cosine_similarity,cosine_similarity,True,True,1,time.perf_counter,,,,34421.3053,34202.838,0.187763646045,5325.84459804,3000,2048,6144000,5396480,1798.82666667,frozen_origin,0.1,calibration,test,20,182159,60423,121736,0.755183577538,0.755183577538,0.755183577538,2748,0.0454793704384,2004,0.033166178442,10742,0.177779984443,7346,0.121576220975,17528,84,402,60423,0.00665309567549,0.00603552061437,0.0073333968951,3,60423,4.96499677275e-05,1.68856099845e-05,0.000145980073263,2,-0.00660344570776,-0.00724889528822,-0.00597454611655,11331,121736,0.0930784648748,0.0930784648748,0.0914591755912,0.0947234346965,55,121736,0.000451797331931,0.000451797331931,0.000347151338918,0.000587969468343,55,-0.0926266675429,-0.0943028356443,-0.0910246352763,probe,wilson_score,paired_nonparametric_bootstrap_percentile,2000,42,76468,0.419787109064,0.331123270398,-0.175504305145,0.178695700006,17446,0.0957734726256,17445,0.095767982916,1,5.48970953947e-06,110807,0.60829824494,121684,0.668009815601,0,788480,pca_components_and_mean
survface,adaface-4df25b75e065b0b9ed43,20260811-R001-cb329ad5,population-8caf41f0460cebd86e1607bc,origin-embedding-13c5d2e2fa370ebd645dcf58,pca,pca_32,463341,512,32,True,reconstruction,0.00070170219046,0.00126938810567,0.637154099689,0.937184778001,0.794545552284,0.592059140184,0,128,0,not_applicable,67584,pca_components_and_mean,step4_search_space_multi_fpir_v4,validation_required,True,qmul-survface-v1-training-derived-3000-watchlist-calibration-v2,pca_direct_cosine,cosine_similarity,cosine_similarity,True,True,1,time.perf_counter,,,,34472.881,34202.3626,0.187761036238,5325.91862528,3000,2048,6144000,451584,150.528,recalibrated_compressed,0.1,calibration,test,20,182159,60423,121736,,0.755183577538,0.744933366776,2748,0.0454793704384,936,0.015490789931,10742,0.177779984443,4719,0.0780993992354,17528,20100,402,60423,0.00665309567549,0.00603552061437,0.0073333968951,295,60423,0.00488224682654,0.00435708087171,0.00547036409288,124,-0.00177084884895,-0.00244939840789,-0.00107574930076,11331,121736,0.0930784648748,0.0930784648748,0.0914591755912,0.0947234346965,13550,121736,0.111306433594,0.111306433594,0.109551935496,0.113085461876,5309,0.0182279687192,0.0162891420779,0.0200189344155,probe,wilson_score,paired_nonparametric_bootstrap_percentile,2000,42,33339,0.183021426336,0.188537606853,0.0423096917967,0.0871392438029,21472,0.117875043231,9450,0.051877755148,12022,0.0659972880835,110807,0.60829824494,108481,0.595529180551,0,67584,pca_components_and_mean
survface,adaface-4df25b75e065b0b9ed43,20260811-R001-cb329ad5,population-8caf41f0460cebd86e1607bc,origin-embedding-13c5d2e2fa370ebd645dcf58,pca,pca_64,463341,512,64,True,reconstruction,0.000455577513957,0.000934397842428,0.494137671754,0.763610221972,0.872852836757,0.722344133162,0,256,0,not_applicable,133120,pca_components_and_mean,step4_search_space_multi_fpir_v4,validation_required,True,qmul-survface-v1-training-derived-3000-watchlist-calibration-v2,pca_direct_cosine,cosine_similarity,cosine_similarity,True,True,1,time.perf_counter,,,,34621.2102,32725.7902,0.179655082648,5566.22159119,3000,2048,6144000,901120,300.373333333,recalibrated_compressed,0.1,calibration,test,20,182159,60423,121736,,0.755183577538,0.653614342213,2748,0.0454793704384,1407,0.0232858348642,10742,0.177779984443,5898,0.0976118365523,17528,19991,402,60423,0.00665309567549,0.00603552061437,0.0073333968951,461,60423,0.0076295450408,0.00696636413407,0.00835532795622,218,0.000976449365308,0.000330586035119,0.0016223126955,11331,121736,0.0930784648748,0.0930784648748,0.0914591755912,0.0947234346965,13393,121736,0.110016757574,0.110016757574,0.108271290709,0.111786836013,6780,0.016938292699,0.0152048284813,0.0187703308799,probe,wilson_score,paired_nonparametric_bootstrap_percentile,2000,42,51878,0.284795151489,0.250700734939,-0.0586195994298,0.102087369812,16827,0.0923753424206,7182,0.0394270939125,9645,0.0529482485082,110807,0.60829824494,108804,0.597302356732,0,133120,pca_components_and_mean
survface,adaface-4df25b75e065b0b9ed43,20260811-R001-cb329ad5,population-8caf41f0460cebd86e1607bc,origin-embedding-13c5d2e2fa370ebd645dcf58,pca,pca_128,463341,512,128,True,reconstruction,0.000225709858858,0.000525809907195,0.335297535182,0.545483902988,0.939634295991,0.854876326608,0,512,0,not_applicable,264192,pca_components_and_mean,step4_search_space_multi_fpir_v4,validation_required,True,qmul-survface-v1-training-derived-3000-watchlist-calibration-v2,pca_direct_cosine,cosine_similarity,cosine_similarity,True,True,1,time.perf_counter,,,,36319.7685,34150.5986,0.187476866913,5333.99142233,3000,2048,6144000,1800192,600.064,recalibrated_compressed,0.1,calibration,test,20,182159,60423,121736,,0.755183577538,0.593766450882,2748,0.0454793704384,1743,0.0288466312497,10742,0.177779984443,6728,0.111348327624,17528,20191,402,60423,0.00665309567549,0.00603552061437,0.0073333968951,544,60423,0.00900319414792,0.00828063537805,0.00978818027509,268,0.00235009847244,0.00170423514225,0.00301251179187,11331,121736,0.0930784648748,0.0930784648748,0.0914591755912,0.0947234346965,13371,121736,0.109836038641,0.109836038641,0.108091843362,0.111604856899,7550,0.0167575737662,0.0150898255241,0.0184581799961,probe,wilson_score,paired_nonparametric_bootstrap_percentile,2000,42,65597,0.36010847666,0.293461458472,-0.125754736584,0.140705842936,14659,0.0804736521391,5998,0.0329272778177,8661,0.0475463743213,110807,0.60829824494,108909,0.597878776234,0,264192,pca_components_and_mean
survface,adaface-4df25b75e065b0b9ed43,20260811-R001-cb329ad5,population-8caf41f0460cebd86e1607bc,origin-embedding-13c5d2e2fa370ebd645dcf58,pca,pca_256,463341,512,256,True,reconstruction,5.37000113438e-05,0.000137178113648,0.158693073894,0.26821918485,0.986101536763,0.964244367294,0,1024,0,not_applicable,526336,pca_components_and_mean,step4_search_space_multi_fpir_v4,validation_required,True,qmul-survface-v1-training-derived-3000-watchlist-calibration-v2,pca_direct_cosine,cosine_similarity,cosine_similarity,True,True,1,time.perf_counter,,,,34441.9004,33776.0358,0.185420625937,5393.1432652,3000,2048,6144000,3598336,1199.44533333,recalibrated_compressed,0.1,calibration,test,20,182159,60423,121736,,0.755183577538,0.560568094254,2748,0.0454793704384,1936,0.0320407791735,10742,0.177779984443,7206,0.119259222482,17528,20183,402,60423,0.00665309567549,0.00603552061437,0.0073333968951,594,60423,0.00983069361005,0.00907459062541,0.0106491187403,294,0.00317759793456,0.00251518461513,0.00382346126475,11331,121736,0.0930784648748,0.0930784648748,0.0914591755912,0.0947234346965,13340,121736,0.109581389236,0.109581389236,0.107838988284,0.111348429238,7882,0.0165029243609,0.0149746172044,0.0180718932773,probe,wilson_score,paired_nonparametric_bootstrap_percentile,2000,42,74255,0.407638381853,0.322632081299,-0.164623282948,0.169741499283,13613,0.0747314159608,5479,0.0300781185667,8134,0.044653297394,110807,0.60829824494,108990,0.598323442707,0,526336,pca_components_and_mean
survface,adaface-4df25b75e065b0b9ed43,20260811-R001-cb329ad5,population-8caf41f0460cebd86e1607bc,origin-embedding-13c5d2e2fa370ebd645dcf58,pca,pca_384,463341,512,384,True,reconstruction,1.36309189002e-07,2.72512454769e-07,0.0081229252825,0.0118094997514,0.999965138297,0.999930268668,0,1536,0,not_applicable,788480,pca_components_and_mean,step4_search_space_multi_fpir_v4,validation_required,True,qmul-survface-v1-training-derived-3000-watchlist-calibration-v2,pca_direct_cosine,cosine_similarity,cosine_similarity,True,True,1,time.perf_counter,,,,34421.3053,34202.838,0.187763646045,5325.84459804,3000,2048,6144000,5396480,1798.82666667,recalibrated_compressed,0.1,calibration,test,20,182159,60423,121736,,0.755183577538,0.551196336746,2748,0.0454793704384,2004,0.033166178442,10742,0.177779984443,7346,0.121576220975,17528,20142,402,60423,0.00665309567549,0.00603552061437,0.0073333968951,602,60423,0.00996309352399,0.00920175989987,0.0107867324598,302,0.0033099978485,0.00266454826804,0.00393889743972,11331,121736,0.0930784648748,0.0930784648748,0.0914591755912,0.0947234346965,13293,121736,0.109195307879,0.109195307879,0.10745563306,0.110959646114,7954,0.0161168430045,0.0145803213511,0.0176780081488,probe,wilson_score,paired_nonparametric_bootstrap_percentile,2000,42,76468,0.419787109064,0.331123270398,-0.175504305145,0.178695700006,13348,0.0732766429328,5367,0.0294632710983,7981,0.0438133718345,110807,0.60829824494,109045,0.598625376731,0,788480,pca_components_and_mean
survface,adaface-4df25b75e065b0b9ed43,20260811-R001-cb329ad5,population-8caf41f0460cebd86e1607bc,origin-embedding-13c5d2e2fa370ebd645dcf58,pca,pca_32,463341,512,32,True,reconstruction,0.00070170219046,0.00126938810567,0.637154099689,0.937184778001,0.794545552284,0.592059140184,0,128,0,not_applicable,67584,pca_components_and_mean,step4_search_space_multi_fpir_v4,validation_required,True,qmul-survface-v1-training-derived-3000-watchlist-calibration-v2,pca_reconstruction_cosine,cosine_similarity,cosine_similarity,True,True,1,time.perf_counter,,,,38074.8455,34586.3971,0.189869274096,5266.78160415,3000,2048,6144000,451584,150.528,frozen_origin,0.1,calibration,test,20,182159,60423,121736,0.755183577538,0.755183577538,0.755183577538,2748,0.0454793704384,1357,0.0224583354021,10742,0.177779984443,6935,0.114774175397,17528,129268,402,60423,0.00665309567549,0.00603552061437,0.0073333968951,1046,60423,0.0173112887477,0.0163015875203,0.0183823610069,271,0.0106581930722,0.00976407990335,0.0116180924482,11331,121736,0.0930784648748,0.0930784648748,0.0914591755912,0.0947234346965,85628,121736,0.703390944339,0.703390944339,0.700818721253,0.705950331561,11331,0.610312479464,0.607659196951,0.613031683315,probe,wilson_score,paired_nonparametric_bootstrap_percentile,2000,42,59315,0.325622121334,0.378194417072,0.172546502825,0.172547255319,111740,0.61342014394,0,0,111740,0.61342014394,110807,0.60829824494,37154,0.203964668229,0,67584,pca_components_and_mean
survface,adaface-4df25b75e065b0b9ed43,20260811-R001-cb329ad5,population-8caf41f0460cebd86e1607bc,origin-embedding-13c5d2e2fa370ebd645dcf58,pca,pca_64,463341,512,64,True,reconstruction,0.000455577513957,0.000934397842428,0.494137671754,0.763610221972,0.872852836757,0.722344133162,0,256,0,not_applicable,133120,pca_components_and_mean,step4_search_space_multi_fpir_v4,validation_required,True,qmul-survface-v1-training-derived-3000-watchlist-calibration-v2,pca_reconstruction_cosine,cosine_similarity,cosine_similarity,True,True,1,time.perf_counter,,,,34372.9006,34515.8987,0.189482258357,5277.53895627,3000,2048,6144000,901120,300.373333333,frozen_origin,0.1,calibration,test,20,182159,60423,121736,0.755183577538,0.755183577538,0.755183577538,2748,0.0454793704384,2017,0.0333813283021,10742,0.177779984443,8891,0.147145954355,17528,63542,402,60423,0.00665309567549,0.00603552061437,0.0073333968951,838,60423,0.0138688909852,0.0129668423868,0.0148327482962,347,0.00721579530973,0.00648759578306,0.00797709481489,11331,121736,0.0930784648748,0.0930784648748,0.0914591755912,0.0947234346965,41544,121736,0.34126306105,0.34126306105,0.338604689887,0.343931449992,11331,0.248184596175,0.245703612736,0.250641141486,probe,wilson_score,paired_nonparametric_bootstrap_percentile,2000,42,103923,0.57050708447,0.589452638399,0.0935871354932,0.0935891728763,46014,0.252603494749,0,0,46014,0.252603494749,110807,0.60829824494,81030,0.444831163983,0,133120,pca_components_and_mean
survface,adaface-4df25b75e065b0b9ed43,20260811-R001-cb329ad5,population-8caf41f0460cebd86e1607bc,origin-embedding-13c5d2e2fa370ebd645dcf58,pca,pca_128,463341,512,128,True,reconstruction,0.000225709858858,0.000525809907195,0.335297535182,0.545483902988,0.939634295991,0.854876326608,0,512,0,not_applicable,264192,pca_components_and_mean,step4_search_space_multi_fpir_v4,validation_required,True,qmul-survface-v1-training-derived-3000-watchlist-calibration-v2,pca_reconstruction_cosine,cosine_similarity,cosine_similarity,True,True,1,time.perf_counter,,,,34557.3952,37015.7168,0.203205533627,4921.12582837,3000,2048,6144000,1800192,600.064,frozen_origin,0.1,calibration,test,20,182159,60423,121736,0.755183577538,0.755183577538,0.755183577538,2748,0.0454793704384,2504,0.0414411730632,10742,0.177779984443,10113,0.167370041209,17528,32447,402,60423,0.00665309567549,0.00603552061437,0.0073333968951,581,60423,0.0096155437499,0.00886801829788,0.0104254187025,382,0.00296244807441,0.00249863462589,0.00345894775168,11331,121736,0.0930784648748,0.0930784648748,0.0914591755912,0.0947234346965,21134,121736,0.173605178419,0.173605178419,0.171487770097,0.175743185293,11331,0.0805267135441,0.07899861175,0.0820463954787,probe,wilson_score,paired_nonparametric_bootstrap_percentile,2000,42,145175,0.796968582392,0.794136266419,0.0406757925911,0.0406789225635,14919,0.0819009766193,0,0,14919,0.0819009766193,110807,0.60829824494,101183,0.555465280332,0,264192,pca_components_and_mean
survface,adaface-4df25b75e065b0b9ed43,20260811-R001-cb329ad5,population-8caf41f0460cebd86e1607bc,origin-embedding-13c5d2e2fa370ebd645dcf58,pca,pca_256,463341,512,256,True,reconstruction,5.37000113438e-05,0.000137178113648,0.158693073894,0.26821918485,0.986101536763,0.964244367294,0,1024,0,not_applicable,526336,pca_components_and_mean,step4_search_space_multi_fpir_v4,validation_required,True,qmul-survface-v1-training-derived-3000-watchlist-calibration-v2,pca_reconstruction_cosine,cosine_similarity,cosine_similarity,True,True,1,time.perf_counter,,,,37996.601,34321.6324,0.188415792796,5307.41072794,3000,2048,6144000,3598336,1199.44533333,frozen_origin,0.1,calibration,test,20,182159,60423,121736,0.755183577538,0.755183577538,0.755183577538,2748,0.0454793704384,2713,0.0449001208149,10742,0.177779984443,10644,0.176158085497,17528,20273,402,60423,0.00665309567549,0.00603552061437,0.0073333968951,449,60423,0.00743094516989,0.0067767876791,0.00814772992018,400,0.000777849494398,0.000562285884514,0.00102609933304,11331,121736,0.0930784648748,0.0930784648748,0.0914591755912,0.0947234346965,13137,121736,0.107913846356,0.107913846356,0.106183269609,0.10966916739,11331,0.0148353814812,0.0141615873694,0.0155418282184,probe,wilson_score,paired_nonparametric_bootstrap_percentile,2000,42,172454,0.946722368919,0.937845468074,0.00892688769,0.00893169941229,2745,0.0150692526858,0,0,2745,0.0150692526858,110807,0.60829824494,109048,0.59864184586,0,526336,pca_components_and_mean
survface,adaface-4df25b75e065b0b9ed43,20260811-R001-cb329ad5,population-8caf41f0460cebd86e1607bc,origin-embedding-13c5d2e2fa370ebd645dcf58,pca,pca_384,463341,512,384,True,reconstruction,1.36309189002e-07,2.72512454769e-07,0.0081229252825,0.0118094997514,0.999965138297,0.999930268668,0,1536,0,not_applicable,788480,pca_components_and_mean,step4_search_space_multi_fpir_v4,validation_required,True,qmul-survface-v1-training-derived-3000-watchlist-calibration-v2,pca_reconstruction_cosine,cosine_similarity,cosine_similarity,True,True,1,time.perf_counter,,,,34282.5599,34289.8289,0.188241200819,5312.33330243,3000,2048,6144000,5396480,1798.82666667,frozen_origin,0.1,calibration,test,20,182159,60423,121736,0.755183577538,0.755183577538,0.755183577538,2748,0.0454793704384,2748,0.0454793704384,10742,0.177779984443,10743,0.177796534432,17528,17535,402,60423,0.00665309567549,0.00603552061437,0.0073333968951,402,60423,0.00665309567549,0.00603552061437,0.0073333968951,402,0,0,0,11331,121736,0.0930784648748,0.0930784648748,0.0914591755912,0.0947234346965,11335,121736,0.0931113228626,0.0931113228626,0.0914917740813,0.0947565501084,11331,3.28579877768e-05,8.21449694421e-06,6.57159755537e-05,probe,wilson_score,paired_nonparametric_bootstrap_percentile,2000,42,182125,0.999813349876,0.999724991694,2.2696997194e-05,2.27714005008e-05,7,3.84279667763e-05,0,0,7,3.84279667763e-05,110807,0.60829824494,110803,0.608276286102,0,788480,pca_components_and_mean
survface,adaface-4df25b75e065b0b9ed43,20260811-R001-cb329ad5,population-8caf41f0460cebd86e1607bc,origin-embedding-13c5d2e2fa370ebd645dcf58,pca,pca_32,463341,512,32,True,reconstruction,0.00070170219046,0.00126938810567,0.637154099689,0.937184778001,0.794545552284,0.592059140184,0,128,0,not_applicable,67584,pca_components_and_mean,step4_search_space_multi_fpir_v4,validation_required,True,qmul-survface-v1-training-derived-3000-watchlist-calibration-v2,pca_reconstruction_cosine,cosine_similarity,cosine_similarity,True,True,1,time.perf_counter,,,,38074.8455,34586.3971,0.189869274096,5266.78160415,3000,2048,6144000,451584,150.528,recalibrated_compressed,0.1,calibration,test,20,182159,60423,121736,,0.755183577538,0.872742593288,2748,0.0454793704384,1357,0.0224583354021,10742,0.177779984443,6935,0.114774175397,17528,18067,402,60423,0.00665309567549,0.00603552061437,0.0073333968951,227,60423,0.00375684755805,0.00329959161118,0.00427719790433,174,-0.00289624811744,-0.00345894775168,-0.00236623471195,11331,121736,0.0930784648748,0.0930784648748,0.0914591755912,0.0947234346965,11893,121736,0.0976950121575,0.0976950121575,0.0960398560203,0.0993755574856,7749,0.00461654728264,0.00310487448249,0.00608776368535,probe,wilson_score,paired_nonparametric_bootstrap_percentile,2000,42,59315,0.325622121334,0.378194417072,0.172546502825,0.172547255319,11775,0.0646413298272,5618,0.0308411881927,6157,0.0338001416345,110807,0.60829824494,110070,0.604252329009,0,67584,pca_components_and_mean
survface,adaface-4df25b75e065b0b9ed43,20260811-R001-cb329ad5,population-8caf41f0460cebd86e1607bc,origin-embedding-13c5d2e2fa370ebd645dcf58,pca,pca_64,463341,512,64,True,reconstruction,0.000455577513957,0.000934397842428,0.494137671754,0.763610221972,0.872852836757,0.722344133162,0,256,0,not_applicable,133120,pca_components_and_mean,step4_search_space_multi_fpir_v4,validation_required,True,qmul-survface-v1-training-derived-3000-watchlist-calibration-v2,pca_reconstruction_cosine,cosine_similarity,cosine_similarity,True,True,1,time.perf_counter,,,,34372.9006,34515.8987,0.189482258357,5277.53895627,3000,2048,6144000,901120,300.373333333,recalibrated_compressed,0.1,calibration,test,20,182159,60423,121736,,0.755183577538,0.819667220116,2748,0.0454793704384,2017,0.0333813283021,10742,0.177779984443,8891,0.147145954355,17528,17962,402,60423,0.00665309567549,0.00603552061437,0.0073333968951,335,60423,0.00554424639624,0.00498281141847,0.00616854851617,279,-0.00110884927925,-0.0015556989888,-0.000711649537428,11331,121736,0.0930784648748,0.0930784648748,0.0914591755912,0.0947234346965,11719,121736,0.0962656896892,0.0962656896892,0.0946215125486,0.0979353462243,9516,0.00318722481435,0.00216862719327,0.00423046592627,probe,wilson_score,paired_nonparametric_bootstrap_percentile,2000,42,103923,0.57050708447,0.589452638399,0.0935871354932,0.0935891728763,6150,0.0337617136677,2858,0.0156895898638,3292,0.0180721238039,110807,0.60829824494,110352,0.605800427099,0,133120,pca_components_and_mean
survface,adaface-4df25b75e065b0b9ed43,20260811-R001-cb329ad5,population-8caf41f0460cebd86e1607bc,origin-embedding-13c5d2e2fa370ebd645dcf58,pca,pca_128,463341,512,128,True,reconstruction,0.000225709858858,0.000525809907195,0.335297535182,0.545483902988,0.939634295991,0.854876326608,0,512,0,not_applicable,264192,pca_components_and_mean,step4_search_space_multi_fpir_v4,validation_required,True,qmul-survface-v1-training-derived-3000-watchlist-calibration-v2,pca_reconstruction_cosine,cosine_similarity,cosine_similarity,True,True,1,time.perf_counter,,,,34557.3952,37015.7168,0.203205533627,4921.12582837,3000,2048,6144000,1800192,600.064,recalibrated_compressed,0.1,calibration,test,20,182159,60423,121736,,0.755183577538,0.782965064049,2748,0.0454793704384,2504,0.0414411730632,10742,0.177779984443,10113,0.167370041209,17528,17870,402,60423,0.00665309567549,0.00603552061437,0.0073333968951,376,60423,0.00622279595518,0.00562639692848,0.00688197585045,343,-0.000430299720305,-0.000744749515913,-0.000115849924698,11331,121736,0.0930784648748,0.0930784648748,0.0914591755912,0.0947234346965,11612,121736,0.0953867385161,0.0953867385161,0.0937493681986,0.0970496436983,10567,0.00230827364132,0.0016346848919,0.00301472037852,probe,wilson_score,paired_nonparametric_bootstrap_percentile,2000,42,145175,0.796968582392,0.794136266419,0.0406757925911,0.0406789225635,2764,0.0151735571671,1211,0.0066480382523,1553,0.00852551891479,110807,0.60829824494,110500,0.606612904111,0,264192,pca_components_and_mean
survface,adaface-4df25b75e065b0b9ed43,20260811-R001-cb329ad5,population-8caf41f0460cebd86e1607bc,origin-embedding-13c5d2e2fa370ebd645dcf58,pca,pca_256,463341,512,256,True,reconstruction,5.37000113438e-05,0.000137178113648,0.158693073894,0.26821918485,0.986101536763,0.964244367294,0,1024,0,not_applicable,526336,pca_components_and_mean,step4_search_space_multi_fpir_v4,validation_required,True,qmul-survface-v1-training-derived-3000-watchlist-calibration-v2,pca_reconstruction_cosine,cosine_similarity,cosine_similarity,True,True,1,time.perf_counter,,,,37996.601,34321.6324,0.188415792796,5307.41072794,3000,2048,6144000,3598336,1199.44533333,recalibrated_compressed,0.1,calibration,test,20,182159,60423,121736,,0.755183577538,0.761392235756,2748,0.0454793704384,2713,0.0449001208149,10742,0.177779984443,10644,0.176158085497,17528,17587,402,60423,0.00665309567549,0.00603552061437,0.0073333968951,392,60423,0.00648759578306,0.00587808058162,0.00715985818534,389,-0.000165499892425,-0.000297899806365,-3.3099978485e-05,11331,121736,0.0930784648748,0.0930784648748,0.0914591755912,0.0947234346965,11388,121736,0.0935466912006,0.0935466912006,0.091923709896,0.0951953234939,11139,0.00046822632582,0.000139441085628,0.000805226062956,probe,wilson_score,paired_nonparametric_bootstrap_percentile,2000,42,172454,0.946722368919,0.937845468074,0.00892688769,0.00893169941229,641,0.0035189038148,291,0.00159750547599,350,0.00192139833881,110807,0.60829824494,110740,0.607930434401,0,526336,pca_components_and_mean
survface,adaface-4df25b75e065b0b9ed43,20260811-R001-cb329ad5,population-8caf41f0460cebd86e1607bc,origin-embedding-13c5d2e2fa370ebd645dcf58,pca,pca_384,463341,512,384,True,reconstruction,1.36309189002e-07,2.72512454769e-07,0.0081229252825,0.0118094997514,0.999965138297,0.999930268668,0,1536,0,not_applicable,788480,pca_components_and_mean,step4_search_space_multi_fpir_v4,validation_required,True,qmul-survface-v1-training-derived-3000-watchlist-calibration-v2,pca_reconstruction_cosine,cosine_similarity,cosine_similarity,True,True,1,time.perf_counter,,,,34282.5599,34289.8289,0.188241200819,5312.33330243,3000,2048,6144000,5396480,1798.82666667,recalibrated_compressed,0.1,calibration,test,20,182159,60423,121736,,0.755183577538,0.755203902721,2748,0.0454793704384,2748,0.0454793704384,10742,0.177779984443,10743,0.177796534432,17528,17526,402,60423,0.00665309567549,0.00603552061437,0.0073333968951,402,60423,0.00665309567549,0.00603552061437,0.0073333968951,402,0,0,0,11331,121736,0.0930784648748,0.0930784648748,0.0914591755912,0.0947234346965,11329,121736,0.0930620358809,0.0930620358809,0.0914428763694,0.0947068769674,11329,-1.64289938884e-05,-4.1072484721e-05,0,probe,wilson_score,paired_nonparametric_bootstrap_percentile,2000,42,182125,0.999813349876,0.999724991694,2.2696997194e-05,2.27714005008e-05,2,1.09794190789e-05,2,1.09794190789e-05,0,0,110807,0.60829824494,110809,0.608309224359,0,788480,pca_components_and_mean
survface,adaface-4df25b75e065b0b9ed43,20260811-R001-cb329ad5,population-8caf41f0460cebd86e1607bc,origin-embedding-13c5d2e2fa370ebd645dcf58,pq,pq_512_m8_b8,463341,512,512,True,reconstruction,0.0010554444606,0.00150243524189,0.825162858558,1.06069281051,0.672713242756,0.488267587537,0,8,524288,faiss_centroids,524288,faiss_centroids,step4_search_space_multi_fpir_v4,validation_required,True,qmul-survface-v1-training-derived-3000-watchlist-calibration-v2,pq_adc_exhaustive,cosine_similarity,negative_squared_l2_adc,False,False,1,time.perf_counter,0.410100001318,0.0517999978911,17.2392000022,34561.475,1137.6319,0.00624526869384,160121.213197,3000,2048,6144000,548288,182.762666667,recalibrated_compressed,0.1,calibration,test,20,182159,60423,121736,,0.755183577538,-0.449604392052,2748,0.0454793704384,696,0.0115187925128,10742,0.177779984443,4219,0.0698244046141,17528,16231,402,60423,0.00665309567549,0.00603552061437,0.0073333968951,131,60423,0.00216804859077,0.00182750046299,0.00257189312441,92,-0.00448504708472,-0.00508084669745,-0.00388924747199,11331,121736,0.0930784648748,0.0930784648748,0.0914591755912,0.0947234346965,10583,121736,0.0869340211605,0.0869340211605,0.0853643778525,0.0885297327784,8447,-0.00614444371427,-0.00727804429257,-0.00494512716041,probe,wilson_score,paired_nonparametric_bootstrap_percentile,2000,42,22290,0.122365625635,0.161966492953,,,7815,0.0429020800509,4556,0.0250111166618,3259,0.0178909633891,110807,0.60829824494,111284,0.61091683639,0,524288,faiss_centroids
survface,adaface-4df25b75e065b0b9ed43,20260811-R001-cb329ad5,population-8caf41f0460cebd86e1607bc,origin-embedding-13c5d2e2fa370ebd645dcf58,pq,pq_512_m16_b8,463341,512,512,True,reconstruction,0.000951099684845,0.00135033959352,0.770946962734,0.976997721861,0.712662279688,0.559513416712,0,16,524288,faiss_centroids,524288,faiss_centroids,step4_search_space_multi_fpir_v4,validation_required,True,qmul-survface-v1-training-derived-3000-watchlist-calibration-v2,pq_adc_exhaustive,cosine_similarity,negative_squared_l2_adc,False,False,1,time.perf_counter,0.408900003094,0.217299999349,21.8343000015,39364.8403,2001.6633,0.0109885501128,91003.8166758,3000,2048,6144000,572288,190.762666667,recalibrated_compressed,0.1,calibration,test,20,182159,60423,121736,,0.755183577538,-0.482886224985,2748,0.0454793704384,1050,0.0173774887046,10742,0.177779984443,5263,0.0871025933833,17528,16543,402,60423,0.00665309567549,0.00603552061437,0.0073333968951,167,60423,0.0027638482035,0.00237567630088,0.00321524075956,126,-0.00388924747199,-0.00450159707396,-0.00335964781623,11331,121736,0.0930784648748,0.0930784648748,0.0914591755912,0.0947234346965,10796,121736,0.0886837090097,0.0886837090097,0.0870996966204,0.0902936792871,8836,-0.00439475586515,-0.00549549845567,-0.00326115528685,probe,wilson_score,paired_nonparametric_bootstrap_percentile,2000,42,36268,0.199100785577,0.218183659048,,,6975,0.0382907240378,3980,0.0218490439671,2995,0.0164416800707,110807,0.60829824494,111107,0.609945157802,0,524288,faiss_centroids
survface,adaface-4df25b75e065b0b9ed43,20260811-R001-cb329ad5,population-8caf41f0460cebd86e1607bc,origin-embedding-13c5d2e2fa370ebd645dcf58,pq,pq_512_m32_b8,463341,512,512,True,reconstruction,0.000760907677652,0.00107435431708,0.672002114337,0.834388275508,0.779538837073,0.671631026284,0,32,524288,faiss_centroids,524288,faiss_centroids,step4_search_space_multi_fpir_v4,validation_required,True,qmul-survface-v1-training-derived-3000-watchlist-calibration-v2,pq_adc_exhaustive,cosine_similarity,negative_squared_l2_adc,False,False,1,time.perf_counter,0.425800000812,0.289100000373,47.5996999994,34773.5088,4147.9817,0.022771214708,43915.0924894,3000,2048,6144000,620288,206.762666667,recalibrated_compressed,0.1,calibration,test,20,182159,60423,121736,,0.755183577538,-0.524273514748,2748,0.0454793704384,1567,0.025933833143,10742,0.177779984443,6662,0.110256028334,17528,17235,402,60423,0.00665309567549,0.00603552061437,0.0073333968951,242,60423,0.00400509739669,0.00353206288508,0.0045411947442,184,-0.0026479982788,-0.00316104794532,-0.00211839862304,11331,121736,0.0930784648748,0.0930784648748,0.0914591755912,0.0947234346965,11262,121736,0.0925116645857,0.0925116645857,0.0908968613923,0.0941521840875,9409,-0.00056680028915,-0.00153611092857,0.000443582834987,probe,wilson_score,paired_nonparametric_bootstrap_percentile,2000,42,54683,0.300193786747,0.294069130019,,,5829,0.0319995169056,3061,0.0168040009003,2768,0.0151955160052,110807,0.60829824494,110716,0.607798681372,0,524288,faiss_centroids
survface,adaface-4df25b75e065b0b9ed43,20260811-R001-cb329ad5,population-8caf41f0460cebd86e1607bc,origin-embedding-13c5d2e2fa370ebd645dcf58,pq,pq_512_m64_b8,463341,512,512,True,reconstruction,0.000454524447564,0.000634008546729,0.501048751749,0.605684942461,0.875716657993,0.82211233543,0,64,524288,faiss_centroids,524288,faiss_centroids,step4_search_space_multi_fpir_v4,validation_required,True,qmul-survface-v1-training-derived-3000-watchlist-calibration-v2,pq_adc_exhaustive,cosine_similarity,negative_squared_l2_adc,False,False,1,time.perf_counter,0.421299999289,0.446899997769,64.0397000025,34656.3618,7314.5048,0.040154506777,24903.8048345,3000,2048,6144000,716288,238.762666667,recalibrated_compressed,0.1,calibration,test,20,182159,60423,121736,,0.755183577538,-0.556716680527,2748,0.0454793704384,2042,0.0337950780332,10742,0.177779984443,8184,0.135445111961,17528,17377,402,60423,0.00665309567549,0.00603552061437,0.0073333968951,323,60423,0.00534564652533,0.00479485050728,0.00595933493634,267,-0.00130744915016,-0.00175429885971,-0.000877149429853,11331,121736,0.0930784648748,0.0930784648748,0.0914591755912,0.0947234346965,11319,121736,0.0929798909115,0.0929798909115,0.091361380492,0.09462408809,9995,-9.85739633305e-05,-0.000944872511007,0.000772162712755,probe,wilson_score,paired_nonparametric_bootstrap_percentile,2000,42,81577,0.447834035101,0.423009423451,,,4095,0.0224803605641,2123,0.0116546533523,1972,0.0108257072118,110807,0.60829824494,110740,0.607930434401,0,524288,faiss_centroids
survface,adaface-4df25b75e065b0b9ed43,20260811-R001-cb329ad5,population-8caf41f0460cebd86e1607bc,origin-embedding-13c5d2e2fa370ebd645dcf58,pq,pq_512_m128_b8,463341,512,512,True,reconstruction,0.00014266331858,0.000199880714298,0.272009691512,0.324701979321,0.962871370021,0.947745844951,0,128,524288,faiss_centroids,524288,faiss_centroids,step4_search_space_multi_fpir_v4,validation_required,True,qmul-survface-v1-training-derived-3000-watchlist-calibration-v2,pq_adc_exhaustive,cosine_similarity,negative_squared_l2_adc,False,False,1,time.perf_counter,0.516700001754,0.170600000274,68.9051000008,39851.2268,14666.0673,0.0805124495633,12420.4393907,3000,2048,6144000,908288,302.762666667,recalibrated_compressed,0.1,calibration,test,20,182159,60423,121736,,0.755183577538,-0.515814065933,2748,0.0454793704384,2580,0.0426989722457,10742,0.177779984443,10188,0.168611290403,17528,17464,402,60423,0.00665309567549,0.00603552061437,0.0073333968951,369,60423,0.00610694603049,0.00551637433063,0.00676031332855,337,-0.000546149645003,-0.000861013190341,-0.000231699849395,11331,121736,0.0930784648748,0.0930784648748,0.0914591755912,0.0947234346965,11234,121736,0.0922816586712,0.0922816586712,0.0906686812013,0.0939203669652,10583,-0.000796806203588,-0.00139646448052,-0.000164289938884,probe,wilson_score,paired_nonparametric_bootstrap_percentile,2000,42,129344,0.710060990673,0.693755052139,,,2136,0.0117260195763,1100,0.00603868049342,1036,0.00568733908289,110807,0.60829824494,110871,0.60864958635,0,524288,faiss_centroids
survface,adaface-4df25b75e065b0b9ed43,20260811-R001-cb329ad5,population-8caf41f0460cebd86e1607bc,origin-embedding-13c5d2e2fa370ebd645dcf58,pq,pq_512_m8_b8,463341,512,512,True,reconstruction,0.0010554444606,0.00150243524189,0.825162858558,1.06069281051,0.672713242756,0.488267587537,0,8,524288,faiss_centroids,524288,faiss_centroids,step4_search_space_multi_fpir_v4,validation_required,True,qmul-survface-v1-training-derived-3000-watchlist-calibration-v2,pq_reconstruction_cosine,cosine_similarity,cosine_similarity,True,True,1,time.perf_counter,,,,34561.475,35266.4785,0.193602723445,5165.21659513,3000,2048,6144000,548288,182.762666667,frozen_origin,0.1,calibration,test,20,182159,60423,121736,0.755183577538,0.755183577538,0.755183577538,2748,0.0454793704384,557,0.00921834400808,10742,0.177779984443,4248,0.0703043543022,17528,120706,402,60423,0.00665309567549,0.00603552061437,0.0073333968951,389,60423,0.00643794581534,0.00583086889234,0.00710777625186,97,-0.000215149860153,-0.000943349386823,0.000563113383976,11331,121736,0.0930784648748,0.0930784648748,0.0914591755912,0.0947234346965,80216,121736,0.658934086877,0.658934086877,0.656266062724,0.661592080808,11323,0.565855622002,0.563021620556,0.568591665571,probe,wilson_score,paired_nonparametric_bootstrap_percentile,2000,42,16772,0.092073408396,0.156806526525,0.162441651231,0.162503162057,103212,0.566603900988,17,9.3325062171e-05,103195,0.566510575925,110807,0.60829824494,41909,0.23006823709,0,524288,faiss_centroids
survface,adaface-4df25b75e065b0b9ed43,20260811-R001-cb329ad5,population-8caf41f0460cebd86e1607bc,origin-embedding-13c5d2e2fa370ebd645dcf58,pq,pq_512_m16_b8,463341,512,512,True,reconstruction,0.000951099684845,0.00135033959352,0.770946962734,0.976997721861,0.712662279688,0.559513416712,0,16,524288,faiss_centroids,524288,faiss_centroids,step4_search_space_multi_fpir_v4,validation_required,True,qmul-survface-v1-training-derived-3000-watchlist-calibration-v2,pq_reconstruction_cosine,cosine_similarity,cosine_similarity,True,True,1,time.perf_counter,,,,39364.8403,34777.5331,0.190918555218,5237.83557264,3000,2048,6144000,572288,190.762666667,frozen_origin,0.1,calibration,test,20,182159,60423,121736,0.755183577538,0.755183577538,0.755183577538,2748,0.0454793704384,954,0.0157886897374,10742,0.177779984443,6004,0.099366135412,17528,63457,402,60423,0.00665309567549,0.00603552061437,0.0073333968951,322,60423,0.00532909653609,0.00477919606025,0.00594189150913,138,-0.0013239991394,-0.0019859987091,-0.000645449580458,11331,121736,0.0930784648748,0.0930784648748,0.0914591755912,0.0947234346965,41933,121736,0.344458500361,0.344458500361,0.341794086163,0.347132730677,11160,0.251380035487,0.249096405336,0.253845000657,probe,wilson_score,paired_nonparametric_bootstrap_percentile,2000,42,29104,0.159772506437,0.232961204664,0.092091154501,0.0926793846532,46501,0.255276983295,286,0.00157005692829,46215,0.253706926367,110807,0.60829824494,80125,0.43986297685,0,524288,faiss_centroids
survface,adaface-4df25b75e065b0b9ed43,20260811-R001-cb329ad5,population-8caf41f0460cebd86e1607bc,origin-embedding-13c5d2e2fa370ebd645dcf58,pq,pq_512_m32_b8,463341,512,512,True,reconstruction,0.000760907677652,0.00107435431708,0.672002114337,0.834388275508,0.779538837073,0.671631026284,0,32,524288,faiss_centroids,524288,faiss_centroids,step4_search_space_multi_fpir_v4,validation_required,True,qmul-survface-v1-training-derived-3000-watchlist-calibration-v2,pq_reconstruction_cosine,cosine_similarity,cosine_similarity,True,True,1,time.perf_counter,,,,34773.5088,34802.5563,0.191055925318,5234.06954448,3000,2048,6144000,620288,206.762666667,frozen_origin,0.1,calibration,test,20,182159,60423,121736,0.755183577538,0.755183577538,0.755183577538,2748,0.0454793704384,1613,0.0266951326482,10742,0.177779984443,8023,0.132780563693,17528,17298,402,60423,0.00665309567549,0.00603552061437,0.0073333968951,197,60423,0.00326034788077,0.00283630784679,0.00374754544119,130,-0.00339274779471,-0.00400509739669,-0.00279653443225,11331,121736,0.0930784648748,0.0930784648748,0.0914591755912,0.0947234346965,11327,121736,0.093045606887,0.093045606887,0.091426577163,0.0946903192229,8181,-3.28579877768e-05,-0.00129789051718,0.00123237990405,probe,wilson_score,paired_nonparametric_bootstrap_percentile,2000,42,45453,0.249523767697,0.321693255978,0.0263504880061,0.0372558274709,9708,0.0532941002092,4969,0.0272783667016,4739,0.0260157335075,110807,0.60829824494,110606,0.607194813322,0,524288,faiss_centroids
survface,adaface-4df25b75e065b0b9ed43,20260811-R001-cb329ad5,population-8caf41f0460cebd86e1607bc,origin-embedding-13c5d2e2fa370ebd645dcf58,pq,pq_512_m64_b8,463341,512,512,True,reconstruction,0.000454524447564,0.000634008546729,0.501048751749,0.605684942461,0.875716657993,0.82211233543,0,64,524288,faiss_centroids,524288,faiss_centroids,step4_search_space_multi_fpir_v4,validation_required,True,qmul-survface-v1-training-derived-3000-watchlist-calibration-v2,pq_reconstruction_cosine,cosine_similarity,cosine_similarity,True,True,1,time.perf_counter,,,,34656.3618,34606.4226,0.189979208274,5263.73390586,3000,2048,6144000,716288,238.762666667,frozen_origin,0.1,calibration,test,20,182159,60423,121736,0.755183577538,0.755183577538,0.755183577538,2748,0.0454793704384,2298,0.0380318752793,10742,0.177779984443,9760,0.161527895007,17528,3829,402,60423,0.00665309567549,0.00603552061437,0.0073333968951,97,60423,0.00160534895652,0.00131625983279,0.00195780603007,80,-0.00504774671896,-0.00564396008143,-0.00446849709548,11331,121736,0.0930784648748,0.0930784648748,0.0914591755912,0.0947234346965,2389,121736,0.0196244331997,0.0196244331997,0.0188602840747,0.0204188984962,2387,-0.0734540316751,-0.074940855622,-0.0719752168627,probe,wilson_score,paired_nonparametric_bootstrap_percentile,2000,42,72957,0.400512738871,0.446479915573,-0.0151101678755,0.0291676181109,13713,0.0752803869147,13706,0.075241958948,7,3.84279667763e-05,110807,0.60829824494,119444,0.655712866232,0,524288,faiss_centroids
survface,adaface-4df25b75e065b0b9ed43,20260811-R001-cb329ad5,population-8caf41f0460cebd86e1607bc,origin-embedding-13c5d2e2fa370ebd645dcf58,pq,pq_512_m128_b8,463341,512,512,True,reconstruction,0.00014266331858,0.000199880714298,0.272009691512,0.324701979321,0.962871370021,0.947745844951,0,128,524288,faiss_centroids,524288,faiss_centroids,step4_search_space_multi_fpir_v4,validation_required,True,qmul-survface-v1-training-derived-3000-watchlist-calibration-v2,pq_reconstruction_cosine,cosine_similarity,cosine_similarity,True,True,1,time.perf_counter,,,,39851.2268,34907.1973,0.191630374014,5218.37941999,3000,2048,6144000,908288,302.762666667,frozen_origin,0.1,calibration,test,20,182159,60423,121736,0.755183577538,0.755183577538,0.755183577538,2748,0.0454793704384,2723,0.0450656207073,10742,0.177779984443,10696,0.177018684938,17528,9786,402,60423,0.00665309567549,0.00603552061437,0.0073333968951,234,60423,0.00387269748275,0.00340801490814,0.00440045972713,213,-0.00278039819274,-0.00326034788077,-0.00233354848319,11331,121736,0.0930784648748,0.0930784648748,0.0914591755912,0.0947234346965,6282,121736,0.0516034698035,0.0516034698035,0.0503748386649,0.0528603989386,6273,-0.0414749950713,-0.0426578826313,-0.0403742524808,probe,wilson_score,paired_nonparametric_bootstrap_percentile,2000,42,123473,0.677830905967,0.680375776133,-0.0107106130734,0.0152888098433,7772,0.0426660225407,7757,0.0425836768977,15,8.2345643092e-05,110807,0.60829824494,115688,0.635093517202,0,524288,faiss_centroids
survface,adaface-4df25b75e065b0b9ed43,20260811-R001-cb329ad5,population-8caf41f0460cebd86e1607bc,origin-embedding-13c5d2e2fa370ebd645dcf58,pq,pq_512_m8_b8,463341,512,512,True,reconstruction,0.0010554444606,0.00150243524189,0.825162858558,1.06069281051,0.672713242756,0.488267587537,0,8,524288,faiss_centroids,524288,faiss_centroids,step4_search_space_multi_fpir_v4,validation_required,True,qmul-survface-v1-training-derived-3000-watchlist-calibration-v2,pq_reconstruction_cosine,cosine_similarity,cosine_similarity,True,True,1,time.perf_counter,,,,34561.475,35266.4785,0.193602723445,5165.21659513,3000,2048,6144000,548288,182.762666667,recalibrated_compressed,0.1,calibration,test,20,182159,60423,121736,,0.755183577538,0.882394611835,2748,0.0454793704384,557,0.00921834400808,10742,0.177779984443,4248,0.0703043543022,17528,17607,402,60423,0.00665309567549,0.00603552061437,0.0073333968951,82,60423,0.00135709911789,0.00109356781252,0.00168402993657,44,-0.0052959965576,-0.0059579961273,-0.00465054697714,11331,121736,0.0930784648748,0.0930784648748,0.0914591755912,0.0947234346965,11627,121736,0.0955099559703,0.0955099559703,0.093871628858,0.097173810171,5856,0.00243149109549,0.000706446737202,0.00426352927647,probe,wilson_score,paired_nonparametric_bootstrap_percentile,2000,42,16772,0.092073408396,0.156806526525,0.162441651231,0.162503162057,17031,0.0934952431667,8476,0.0465307780565,8555,0.0469644651102,110807,0.60829824494,110191,0.604916583864,0,524288,faiss_centroids
survface,adaface-4df25b75e065b0b9ed43,20260811-R001-cb329ad5,population-8caf41f0460cebd86e1607bc,origin-embedding-13c5d2e2fa370ebd645dcf58,pq,pq_512_m16_b8,463341,512,512,True,reconstruction,0.000951099684845,0.00135033959352,0.770946962734,0.976997721861,0.712662279688,0.559513416712,0,16,524288,faiss_centroids,524288,faiss_centroids,step4_search_space_multi_fpir_v4,validation_required,True,qmul-survface-v1-training-derived-3000-watchlist-calibration-v2,pq_reconstruction_cosine,cosine_similarity,cosine_similarity,True,True,1,time.perf_counter,,,,39364.8403,34777.5331,0.190918555218,5237.83557264,3000,2048,6144000,572288,190.762666667,recalibrated_compressed,0.1,calibration,test,20,182159,60423,121736,,0.755183577538,0.819511771202,2748,0.0454793704384,954,0.0157886897374,10742,0.177779984443,6004,0.099366135412,17528,17284,402,60423,0.00665309567549,0.00603552061437,0.0073333968951,117,60423,0.00193634874137,0.00161607153615,0.00231995181173,79,-0.00471674693411,-0.00532909653609,-0.00410439733214,11331,121736,0.0930784648748,0.0930784648748,0.0914591755912,0.0947234346965,11459,121736,0.0941299204837,0.0941299204837,0.0925023577728,0.095783097376,7096,0.00105145560886,-0.000460217191299,0.00258017349018,probe,wilson_score,paired_nonparametric_bootstrap_percentile,2000,42,29104,0.159772506437,0.232961204664,0.092091154501,0.0926793846532,13068,0.0717395242618,6656,0.0365395066947,6412,0.0352000175671,110807,0.60829824494,110394,0.6060309949,0,524288,faiss_centroids
survface,adaface-4df25b75e065b0b9ed43,20260811-R001-cb329ad5,population-8caf41f0460cebd86e1607bc,origin-embedding-13c5d2e2fa370ebd645dcf58,pq,pq_512_m32_b8,463341,512,512,True,reconstruction,0.000760907677652,0.00107435431708,0.672002114337,0.834388275508,0.779538837073,0.671631026284,0,32,524288,faiss_centroids,524288,faiss_centroids,step4_search_space_multi_fpir_v4,validation_required,True,qmul-survface-v1-training-derived-3000-watchlist-calibration-v2,pq_reconstruction_cosine,cosine_similarity,cosine_similarity,True,True,1,time.perf_counter,,,,34773.5088,34802.5563,0.191055925318,5234.06954448,3000,2048,6144000,620288,206.762666667,recalibrated_compressed,0.1,calibration,test,20,182159,60423,121736,,0.755183577538,0.755005657673,2748,0.0454793704384,1613,0.0266951326482,10742,0.177779984443,8023,0.132780563693,17528,17386,402,60423,0.00665309567549,0.00603552061437,0.0073333968951,197,60423,0.00326034788077,0.00283630784679,0.00374754544119,130,-0.00339274779471,-0.00400509739669,-0.00279653443225,11331,121736,0.0930784648748,0.0930784648748,0.0914591755912,0.0947234346965,11387,121736,0.0935384767037,0.0935384767037,0.0919155600637,0.0951870448508,8200,0.000460011828876,-0.000838084050733,0.00180718932773,probe,wilson_score,paired_nonparametric_bootstrap_percentile,2000,42,45453,0.249523767697,0.321693255978,0.0263504880061,0.0372558274709,9730,0.053414873819,4936,0.0270972062868,4794,0.0263176675322,110807,0.60829824494,110546,0.60686543075,0,524288,faiss_centroids
survface,adaface-4df25b75e065b0b9ed43,20260811-R001-cb329ad5,population-8caf41f0460cebd86e1607bc,origin-embedding-13c5d2e2fa370ebd645dcf58,pq,pq_512_m64_b8,463341,512,512,True,reconstruction,0.000454524447564,0.000634008546729,0.501048751749,0.605684942461,0.875716657993,0.82211233543,0,64,524288,faiss_centroids,524288,faiss_centroids,step4_search_space_multi_fpir_v4,validation_required,True,qmul-survface-v1-training-derived-3000-watchlist-calibration-v2,pq_reconstruction_cosine,cosine_similarity,cosine_similarity,True,True,1,time.perf_counter,,,,34656.3618,34606.4226,0.189979208274,5263.73390586,3000,2048,6144000,716288,238.762666667,recalibrated_compressed,0.1,calibration,test,20,182159,60423,121736,,0.755183577538,0.716004729271,2748,0.0454793704384,2298,0.0380318752793,10742,0.177779984443,9760,0.161527895007,17528,16697,402,60423,0.00665309567549,0.00603552061437,0.0073333968951,275,60423,0.00455124704169,0.0040451496809,0.00512033779867,208,-0.0021018486338,-0.00261489830032,-0.00160534895652,11331,121736,0.0930784648748,0.0930784648748,0.0914591755912,0.0947234346965,10831,121736,0.0889712164027,0.0889712164027,0.0873848609294,0.0905835116198,9044,-0.0041072484721,-0.00515069494644,-0.00310507984491,probe,wilson_score,paired_nonparametric_bootstrap_percentile,2000,42,72957,0.400512738871,0.446479915573,-0.0151101678755,0.0291676181109,6287,0.0345138038746,3559,0.019537876251,2728,0.0149759276237,110807,0.60829824494,111180,0.610345906598,0,524288,faiss_centroids
survface,adaface-4df25b75e065b0b9ed43,20260811-R001-cb329ad5,population-8caf41f0460cebd86e1607bc,origin-embedding-13c5d2e2fa370ebd645dcf58,pq,pq_512_m128_b8,463341,512,512,True,reconstruction,0.00014266331858,0.000199880714298,0.272009691512,0.324701979321,0.962871370021,0.947745844951,0,128,524288,faiss_centroids,524288,faiss_centroids,step4_search_space_multi_fpir_v4,validation_required,True,qmul-survface-v1-training-derived-3000-watchlist-calibration-v2,pq_reconstruction_cosine,cosine_similarity,cosine_similarity,True,True,1,time.perf_counter,,,,39851.2268,34907.1973,0.191630374014,5218.37941999,3000,2048,6144000,908288,302.762666667,recalibrated_compressed,0.1,calibration,test,20,182159,60423,121736,,0.755183577538,0.73557639122,2748,0.0454793704384,2723,0.0450656207073,10742,0.177779984443,10696,0.177018684938,17528,17258,402,60423,0.00665309567549,0.00603552061437,0.0073333968951,352,60423,0.00582559621336,0.00524941448336,0.00646460931355,309,-0.000827499462125,-0.0012081492147,-0.00046339969879,11331,121736,0.0930784648748,0.0930784648748,0.0914591755912,0.0947234346965,11150,121736,0.0915916409279,0.0915916409279,0.0899841590539,0.0932248971725,10186,-0.0014868239469,-0.0022263340343,-0.000739304724979,probe,wilson_score,paired_nonparametric_bootstrap_percentile,2000,42,123473,0.677830905967,0.680375776133,-0.0107106130734,0.0152888098433,3282,0.0180172267085,1776,0.0097497241421,1506,0.00826750256644,110807,0.60829824494,110938,0.60901739689,0,524288,faiss_centroids
