analysis_scope,dataset_id,model_uid,compression_family,compression_profile,saliency_feature,sensitivity_metric,sample_count,identity_count,event_count,non_event_count,event_rate,spearman_rho,bootstrap_confidence_level,bootstrap_ci_low,bootstrap_ci_high,bootstrap_valid_repeats,bootstrap_rank_strategy,association_algorithm_version,event_support_eligible,association_status
geometry,survface,magface-6931178ad2025e1b3799,pca,pca_128,quadrant_top_left,angular_error_rad,182148,124729,,,,0.021879715178685557,0.95,0.014540292851186817,0.02777416521505399,500,weighted_rerank,identity-cluster-weighted-rerank-v1,,continuous_outcome
geometry,survface,magface-6931178ad2025e1b3799,pca,pca_128,quadrant_top_left,reconstruction_mse,182148,124729,,,,0.021881592783650487,0.95,0.01454383749401919,0.027776969575090047,500,weighted_rerank,identity-cluster-weighted-rerank-v1,,continuous_outcome
geometry,survface,magface-6931178ad2025e1b3799,pca,pca_128,quadrant_top_left,cosine_to_origin,182148,124729,,,,-0.021879715178685557,0.95,-0.02777416521505356,-0.014540292851186817,500,weighted_rerank,identity-cluster-weighted-rerank-v1,,continuous_outcome
geometry,survface,magface-6931178ad2025e1b3799,pca,pca_128,quadrant_top_right,angular_error_rad,182148,124729,,,,-0.04898607056778659,0.95,-0.05523332417175863,-0.042035283645656944,500,weighted_rerank,identity-cluster-weighted-rerank-v1,,continuous_outcome
geometry,survface,magface-6931178ad2025e1b3799,pca,pca_128,quadrant_top_right,reconstruction_mse,182148,124729,,,,-0.04898248431453104,0.95,-0.055229511930315764,-0.04203096618784747,500,weighted_rerank,identity-cluster-weighted-rerank-v1,,continuous_outcome
geometry,survface,magface-6931178ad2025e1b3799,pca,pca_128,quadrant_top_right,cosine_to_origin,182148,124729,,,,0.04898607056778659,0.95,0.042035283645656944,0.05523332417175863,500,weighted_rerank,identity-cluster-weighted-rerank-v1,,continuous_outcome
geometry,survface,magface-6931178ad2025e1b3799,pca,pca_128,quadrant_bottom_left,angular_error_rad,182148,124729,,,,0.07035845514824692,0.95,0.0639508595145395,0.07674309909117794,500,weighted_rerank,identity-cluster-weighted-rerank-v1,,continuous_outcome
geometry,survface,magface-6931178ad2025e1b3799,pca,pca_128,quadrant_bottom_left,reconstruction_mse,182148,124729,,,,0.07035783689180165,0.95,0.06394982606327379,0.0767415096221967,500,weighted_rerank,identity-cluster-weighted-rerank-v1,,continuous_outcome
geometry,survface,magface-6931178ad2025e1b3799,pca,pca_128,quadrant_bottom_left,cosine_to_origin,182148,124729,,,,-0.07035845514824692,0.95,-0.07674309909117794,-0.0639508595145395,500,weighted_rerank,identity-cluster-weighted-rerank-v1,,continuous_outcome
geometry,survface,magface-6931178ad2025e1b3799,pca,pca_128,quadrant_bottom_right,angular_error_rad,182148,124729,,,,0.020686271966244972,0.95,0.014340791943406182,0.026707147600082436,500,weighted_rerank,identity-cluster-weighted-rerank-v1,,continuous_outcome
geometry,survface,magface-6931178ad2025e1b3799,pca,pca_128,quadrant_bottom_right,reconstruction_mse,182148,124729,,,,0.020681805753869905,0.95,0.014336330647270096,0.026702213930638145,500,weighted_rerank,identity-cluster-weighted-rerank-v1,,continuous_outcome
geometry,survface,magface-6931178ad2025e1b3799,pca,pca_128,quadrant_bottom_right,cosine_to_origin,182148,124729,,,,-0.020686271966244972,0.95,-0.026707147600082436,-0.014340791943406183,500,weighted_rerank,identity-cluster-weighted-rerank-v1,,continuous_outcome
geometry,survface,magface-6931178ad2025e1b3799,pca,pca_128,left_eye_attention,angular_error_rad,182148,124729,,,,0.022627572821851145,0.95,0.01686130582700068,0.029354570572115553,500,weighted_rerank,identity-cluster-weighted-rerank-v1,,continuous_outcome
geometry,survface,magface-6931178ad2025e1b3799,pca,pca_128,left_eye_attention,reconstruction_mse,182148,124729,,,,0.022625231482513854,0.95,0.016861010678607794,0.029355678055300774,500,weighted_rerank,identity-cluster-weighted-rerank-v1,,continuous_outcome
geometry,survface,magface-6931178ad2025e1b3799,pca,pca_128,left_eye_attention,cosine_to_origin,182148,124729,,,,-0.022627572821851145,0.95,-0.029354570572115553,-0.01686130582700068,500,weighted_rerank,identity-cluster-weighted-rerank-v1,,continuous_outcome
geometry,survface,magface-6931178ad2025e1b3799,pca,pca_128,right_eye_attention,angular_error_rad,182148,124729,,,,0.04503361608299213,0.95,0.0389219674441114,0.05167303395880282,500,weighted_rerank,identity-cluster-weighted-rerank-v1,,continuous_outcome
geometry,survface,magface-6931178ad2025e1b3799,pca,pca_128,right_eye_attention,reconstruction_mse,182148,124729,,,,0.0450317780912653,0.95,0.03891695644499221,0.05167117110051632,500,weighted_rerank,identity-cluster-weighted-rerank-v1,,continuous_outcome
geometry,survface,magface-6931178ad2025e1b3799,pca,pca_128,right_eye_attention,cosine_to_origin,182148,124729,,,,-0.04503361608299213,0.95,-0.05167303395880282,-0.0389219674441114,500,weighted_rerank,identity-cluster-weighted-rerank-v1,,continuous_outcome
geometry,survface,magface-6931178ad2025e1b3799,pca,pca_128,nose_attention,angular_error_rad,182148,124729,,,,0.08062579081426391,0.95,0.07374222483428625,0.08768282533808121,500,weighted_rerank,identity-cluster-weighted-rerank-v1,,continuous_outcome
geometry,survface,magface-6931178ad2025e1b3799,pca,pca_128,nose_attention,reconstruction_mse,182148,124729,,,,0.08062361794791126,0.95,0.07374327664853692,0.08767994444862524,500,weighted_rerank,identity-cluster-weighted-rerank-v1,,continuous_outcome
geometry,survface,magface-6931178ad2025e1b3799,pca,pca_128,nose_attention,cosine_to_origin,182148,124729,,,,-0.08062579081426391,0.95,-0.08768282533808122,-0.07374222483428625,500,weighted_rerank,identity-cluster-weighted-rerank-v1,,continuous_outcome
geometry,survface,magface-6931178ad2025e1b3799,pca,pca_128,mouth_attention,angular_error_rad,182148,124729,,,,0.21018395208419774,0.95,0.20306821123250574,0.21699492300335896,500,weighted_rerank,identity-cluster-weighted-rerank-v1,,continuous_outcome
geometry,survface,magface-6931178ad2025e1b3799,pca,pca_128,mouth_attention,reconstruction_mse,182148,124729,,,,0.2101806721416008,0.95,0.20306976495893994,0.21699346706413777,500,weighted_rerank,identity-cluster-weighted-rerank-v1,,continuous_outcome
geometry,survface,magface-6931178ad2025e1b3799,pca,pca_128,mouth_attention,cosine_to_origin,182148,124729,,,,-0.21018395208419774,0.95,-0.21699492300335896,-0.20306821123250574,500,weighted_rerank,identity-cluster-weighted-rerank-v1,,continuous_outcome
geometry,survface,magface-6931178ad2025e1b3799,pca,pca_128,left_cheek_attention,angular_error_rad,180850,123634,,,,0.11761593048484541,0.95,0.1117988905985973,0.12361881575639348,500,weighted_rerank,identity-cluster-weighted-rerank-v1,,continuous_outcome
geometry,survface,magface-6931178ad2025e1b3799,pca,pca_128,left_cheek_attention,reconstruction_mse,180850,123634,,,,0.11761520396333144,0.95,0.11180062780672884,0.12361902515890863,500,weighted_rerank,identity-cluster-weighted-rerank-v1,,continuous_outcome
geometry,survface,magface-6931178ad2025e1b3799,pca,pca_128,left_cheek_attention,cosine_to_origin,180850,123634,,,,-0.11761593048484541,0.95,-0.12361881575639348,-0.1117988905985973,500,weighted_rerank,identity-cluster-weighted-rerank-v1,,continuous_outcome
geometry,survface,magface-6931178ad2025e1b3799,pca,pca_128,right_cheek_attention,angular_error_rad,180782,123696,,,,0.10370452479025219,0.95,0.09703561378701132,0.1095476335969273,500,weighted_rerank,identity-cluster-weighted-rerank-v1,,continuous_outcome
geometry,survface,magface-6931178ad2025e1b3799,pca,pca_128,right_cheek_attention,reconstruction_mse,180782,123696,,,,0.10370167136936496,0.95,0.09703475807085957,0.10954442439738579,500,weighted_rerank,identity-cluster-weighted-rerank-v1,,continuous_outcome
geometry,survface,magface-6931178ad2025e1b3799,pca,pca_128,right_cheek_attention,cosine_to_origin,180782,123696,,,,-0.10370452479025219,0.95,-0.10954763359692773,-0.09703561378701132,500,weighted_rerank,identity-cluster-weighted-rerank-v1,,continuous_outcome
geometry,survface,magface-6931178ad2025e1b3799,pca,pca_128,jaw_attention,angular_error_rad,182148,124729,,,,0.23104134634596502,0.95,0.22453513149922125,0.23716960177910282,500,weighted_rerank,identity-cluster-weighted-rerank-v1,,continuous_outcome
geometry,survface,magface-6931178ad2025e1b3799,pca,pca_128,jaw_attention,reconstruction_mse,182148,124729,,,,0.23104102635355006,0.95,0.22453696789151997,0.23717211395023918,500,weighted_rerank,identity-cluster-weighted-rerank-v1,,continuous_outcome
geometry,survface,magface-6931178ad2025e1b3799,pca,pca_128,jaw_attention,cosine_to_origin,182148,124729,,,,-0.23104134634596502,0.95,-0.23716960177910282,-0.22453513149922125,500,weighted_rerank,identity-cluster-weighted-rerank-v1,,continuous_outcome
geometry,survface,magface-6931178ad2025e1b3799,pca,pca_128,face_attention,angular_error_rad,182148,124729,,,,0.27334220848131774,0.95,0.26424770925035546,0.2834007491965589,500,weighted_rerank,identity-cluster-weighted-rerank-v1,,continuous_outcome
geometry,survface,magface-6931178ad2025e1b3799,pca,pca_128,face_attention,reconstruction_mse,182148,124729,,,,0.2733393205131522,0.95,0.2642459896307527,0.283400614274519,500,weighted_rerank,identity-cluster-weighted-rerank-v1,,continuous_outcome
geometry,survface,magface-6931178ad2025e1b3799,pca,pca_128,face_attention,cosine_to_origin,182148,124729,,,,-0.27334220848131774,0.95,-0.2834007491965589,-0.26424770925035546,500,weighted_rerank,identity-cluster-weighted-rerank-v1,,continuous_outcome
geometry,survface,magface-6931178ad2025e1b3799,pca,pca_128,outside_face_attention,angular_error_rad,182148,124729,,,,-0.27334220848131774,0.95,-0.2834007491965589,-0.26424770925035546,500,weighted_rerank,identity-cluster-weighted-rerank-v1,,continuous_outcome
geometry,survface,magface-6931178ad2025e1b3799,pca,pca_128,outside_face_attention,reconstruction_mse,182148,124729,,,,-0.2733393205131522,0.95,-0.283400614274519,-0.2642459896307527,500,weighted_rerank,identity-cluster-weighted-rerank-v1,,continuous_outcome
geometry,survface,magface-6931178ad2025e1b3799,pca,pca_128,outside_face_attention,cosine_to_origin,182148,124729,,,,0.27334220848131774,0.95,0.26424770925035546,0.2834007491965589,500,weighted_rerank,identity-cluster-weighted-rerank-v1,,continuous_outcome
geometry,survface,magface-6931178ad2025e1b3799,pca,pca_128,saliency_entropy,angular_error_rad,182148,124729,,,,0.2190864084382438,0.95,0.21259658370019302,0.22513161775748794,500,weighted_rerank,identity-cluster-weighted-rerank-v1,,continuous_outcome
geometry,survface,magface-6931178ad2025e1b3799,pca,pca_128,saliency_entropy,reconstruction_mse,182148,124729,,,,0.2190891640826983,0.95,0.21259899059969295,0.22513433149380543,500,weighted_rerank,identity-cluster-weighted-rerank-v1,,continuous_outcome
geometry,survface,magface-6931178ad2025e1b3799,pca,pca_128,saliency_entropy,cosine_to_origin,182148,124729,,,,-0.2190864084382438,0.95,-0.22513161775748794,-0.21259658370019302,500,weighted_rerank,identity-cluster-weighted-rerank-v1,,continuous_outcome
geometry,survface,magface-6931178ad2025e1b3799,pca,pca_128,maximum_region_concentration,angular_error_rad,182148,124729,,,,-0.11114890404100655,0.95,-0.11639010439981898,-0.1054358035099499,500,weighted_rerank,identity-cluster-weighted-rerank-v1,,continuous_outcome
geometry,survface,magface-6931178ad2025e1b3799,pca,pca_128,maximum_region_concentration,reconstruction_mse,182148,124729,,,,-0.11114765527799408,0.95,-0.11638956541641005,-0.10543702706906212,500,weighted_rerank,identity-cluster-weighted-rerank-v1,,continuous_outcome
geometry,survface,magface-6931178ad2025e1b3799,pca,pca_128,maximum_region_concentration,cosine_to_origin,182148,124729,,,,0.11114890404100655,0.95,0.10543580350994988,0.11639010439981898,500,weighted_rerank,identity-cluster-weighted-rerank-v1,,continuous_outcome
geometry,survface,magface-6931178ad2025e1b3799,pca,pca_128,left_right_asymmetry,angular_error_rad,182148,124729,,,,-0.08810985964019502,0.95,-0.0937381706523476,-0.08155207847782904,500,weighted_rerank,identity-cluster-weighted-rerank-v1,,continuous_outcome
geometry,survface,magface-6931178ad2025e1b3799,pca,pca_128,left_right_asymmetry,reconstruction_mse,182148,124729,,,,-0.08811194244058734,0.95,-0.09374235040663333,-0.0815559446208716,500,weighted_rerank,identity-cluster-weighted-rerank-v1,,continuous_outcome
geometry,survface,magface-6931178ad2025e1b3799,pca,pca_128,left_right_asymmetry,cosine_to_origin,182148,124729,,,,0.08810985964019502,0.95,0.08155207847782904,0.09373817065234716,500,weighted_rerank,identity-cluster-weighted-rerank-v1,,continuous_outcome
geometry,survface,magface-6931178ad2025e1b3799,pca,pca_128,saliency_center_x,angular_error_rad,182148,124729,,,,-0.04816097145714305,0.95,-0.05465577680930372,-0.04118002857819638,500,weighted_rerank,identity-cluster-weighted-rerank-v1,,continuous_outcome
geometry,survface,magface-6931178ad2025e1b3799,pca,pca_128,saliency_center_x,reconstruction_mse,182148,124729,,,,-0.048162620529248225,0.95,-0.0546556971460231,-0.0411845519671619,500,weighted_rerank,identity-cluster-weighted-rerank-v1,,continuous_outcome
geometry,survface,magface-6931178ad2025e1b3799,pca,pca_128,saliency_center_x,cosine_to_origin,182148,124729,,,,0.04816097145714305,0.95,0.04118002857819638,0.05465577680930324,500,weighted_rerank,identity-cluster-weighted-rerank-v1,,continuous_outcome
geometry,survface,magface-6931178ad2025e1b3799,pca,pca_128,saliency_center_y,angular_error_rad,182148,124729,,,,0.0692000365142088,0.95,0.06323613159528867,0.07632815080114352,500,weighted_rerank,identity-cluster-weighted-rerank-v1,,continuous_outcome
geometry,survface,magface-6931178ad2025e1b3799,pca,pca_128,saliency_center_y,reconstruction_mse,182148,124729,,,,0.06919805132102617,0.95,0.06323215828885913,0.0763277885446415,500,weighted_rerank,identity-cluster-weighted-rerank-v1,,continuous_outcome
geometry,survface,magface-6931178ad2025e1b3799,pca,pca_128,saliency_center_y,cosine_to_origin,182148,124729,,,,-0.0692000365142088,0.95,-0.07632815080114352,-0.06323613159528867,500,weighted_rerank,identity-cluster-weighted-rerank-v1,,continuous_outcome
geometry,survface,magface-6931178ad2025e1b3799,pca,pca_128,saliency_spread,angular_error_rad,182148,124729,,,,0.050315878828785965,0.95,0.04433188791138034,0.055976836322709174,500,weighted_rerank,identity-cluster-weighted-rerank-v1,,continuous_outcome
geometry,survface,magface-6931178ad2025e1b3799,pca,pca_128,saliency_spread,reconstruction_mse,182148,124729,,,,0.05031550076098529,0.95,0.04433185379541922,0.05597539706765226,500,weighted_rerank,identity-cluster-weighted-rerank-v1,,continuous_outcome
geometry,survface,magface-6931178ad2025e1b3799,pca,pca_128,saliency_spread,cosine_to_origin,182148,124729,,,,-0.050315878828785965,0.95,-0.05597683632270918,-0.04433188791138034,500,weighted_rerank,identity-cluster-weighted-rerank-v1,,continuous_outcome
geometry,survface,magface-6931178ad2025e1b3799,pca,pca_256,quadrant_top_left,angular_error_rad,182148,124729,,,,0.034428833003203485,0.95,0.028439920276768556,0.04022311638754663,500,weighted_rerank,identity-cluster-weighted-rerank-v1,,continuous_outcome
geometry,survface,magface-6931178ad2025e1b3799,pca,pca_256,quadrant_top_left,reconstruction_mse,182148,124729,,,,0.03443104229373694,0.95,0.02844551205169597,0.04022574463565626,500,weighted_rerank,identity-cluster-weighted-rerank-v1,,continuous_outcome
geometry,survface,magface-6931178ad2025e1b3799,pca,pca_256,quadrant_top_left,cosine_to_origin,182148,124729,,,,-0.034428833003203485,0.95,-0.04022311638754663,-0.028439920276768556,500,weighted_rerank,identity-cluster-weighted-rerank-v1,,continuous_outcome
geometry,survface,magface-6931178ad2025e1b3799,pca,pca_256,quadrant_top_right,angular_error_rad,182148,124729,,,,-0.05535726279803532,0.95,-0.0614232637285307,-0.0494670477133413,500,weighted_rerank,identity-cluster-weighted-rerank-v1,,continuous_outcome
geometry,survface,magface-6931178ad2025e1b3799,pca,pca_256,quadrant_top_right,reconstruction_mse,182148,124729,,,,-0.05536117561216879,0.95,-0.061431100182094564,-0.049468466593584184,500,weighted_rerank,identity-cluster-weighted-rerank-v1,,continuous_outcome
geometry,survface,magface-6931178ad2025e1b3799,pca,pca_256,quadrant_top_right,cosine_to_origin,182148,124729,,,,0.05535726279803532,0.95,0.0494670477133413,0.0614232637285307,500,weighted_rerank,identity-cluster-weighted-rerank-v1,,continuous_outcome
geometry,survface,magface-6931178ad2025e1b3799,pca,pca_256,quadrant_bottom_left,angular_error_rad,182148,124729,,,,0.04921412324884923,0.95,0.0435775183857871,0.05494419261196763,500,weighted_rerank,identity-cluster-weighted-rerank-v1,,continuous_outcome
geometry,survface,magface-6931178ad2025e1b3799,pca,pca_256,quadrant_bottom_left,reconstruction_mse,182148,124729,,,,0.04921932404025763,0.95,0.04358335883575115,0.054952921958162794,500,weighted_rerank,identity-cluster-weighted-rerank-v1,,continuous_outcome
geometry,survface,magface-6931178ad2025e1b3799,pca,pca_256,quadrant_bottom_left,cosine_to_origin,182148,124729,,,,-0.04921412324884923,0.95,-0.05494419261196763,-0.0435775183857871,500,weighted_rerank,identity-cluster-weighted-rerank-v1,,continuous_outcome
geometry,survface,magface-6931178ad2025e1b3799,pca,pca_256,quadrant_bottom_right,angular_error_rad,182148,124729,,,,0.008519322092824508,0.95,0.0029314232800305845,0.0140658627228654,500,weighted_rerank,identity-cluster-weighted-rerank-v1,,continuous_outcome
geometry,survface,magface-6931178ad2025e1b3799,pca,pca_256,quadrant_bottom_right,reconstruction_mse,182148,124729,,,,0.00851480822562589,0.95,0.0029259673663363625,0.014058534409165635,500,weighted_rerank,identity-cluster-weighted-rerank-v1,,continuous_outcome
geometry,survface,magface-6931178ad2025e1b3799,pca,pca_256,quadrant_bottom_right,cosine_to_origin,182148,124729,,,,-0.008519322092824508,0.95,-0.0140658627228654,-0.002931423280030585,500,weighted_rerank,identity-cluster-weighted-rerank-v1,,continuous_outcome
geometry,survface,magface-6931178ad2025e1b3799,pca,pca_256,left_eye_attention,angular_error_rad,182148,124729,,,,0.006275403651416832,0.95,0.000530662346659817,0.011982483139711647,500,weighted_rerank,identity-cluster-weighted-rerank-v1,,continuous_outcome
geometry,survface,magface-6931178ad2025e1b3799,pca,pca_256,left_eye_attention,reconstruction_mse,182148,124729,,,,0.006281320389963007,0.95,0.0005363489291192233,0.011983820248900915,500,weighted_rerank,identity-cluster-weighted-rerank-v1,,continuous_outcome
geometry,survface,magface-6931178ad2025e1b3799,pca,pca_256,left_eye_attention,cosine_to_origin,182148,124729,,,,-0.006275403651416832,0.95,-0.011982483139711649,-0.0005306623466598178,500,weighted_rerank,identity-cluster-weighted-rerank-v1,,continuous_outcome
geometry,survface,magface-6931178ad2025e1b3799,pca,pca_256,right_eye_attention,angular_error_rad,182148,124729,,,,0.016713946245465138,0.95,0.01105258037078021,0.022498996315587345,500,weighted_rerank,identity-cluster-weighted-rerank-v1,,continuous_outcome
geometry,survface,magface-6931178ad2025e1b3799,pca,pca_256,right_eye_attention,reconstruction_mse,182148,124729,,,,0.016708063670517796,0.95,0.011050445765490748,0.02249355146506647,500,weighted_rerank,identity-cluster-weighted-rerank-v1,,continuous_outcome
geometry,survface,magface-6931178ad2025e1b3799,pca,pca_256,right_eye_attention,cosine_to_origin,182148,124729,,,,-0.016713946245465138,0.95,-0.022498996315587345,-0.011052580370779684,500,weighted_rerank,identity-cluster-weighted-rerank-v1,,continuous_outcome
geometry,survface,magface-6931178ad2025e1b3799,pca,pca_256,nose_attention,angular_error_rad,182148,124729,,,,0.0371638137946928,0.95,0.03052427302526325,0.04411754154135813,500,weighted_rerank,identity-cluster-weighted-rerank-v1,,continuous_outcome
geometry,survface,magface-6931178ad2025e1b3799,pca,pca_256,nose_attention,reconstruction_mse,182148,124729,,,,0.03716445908931003,0.95,0.03052161267667409,0.04411580116617727,500,weighted_rerank,identity-cluster-weighted-rerank-v1,,continuous_outcome
geometry,survface,magface-6931178ad2025e1b3799,pca,pca_256,nose_attention,cosine_to_origin,182148,124729,,,,-0.0371638137946928,0.95,-0.04411754154135813,-0.03052427302526325,500,weighted_rerank,identity-cluster-weighted-rerank-v1,,continuous_outcome
geometry,survface,magface-6931178ad2025e1b3799,pca,pca_256,mouth_attention,angular_error_rad,182148,124729,,,,0.1665763182465436,0.95,0.16145060848910803,0.17223550995733589,500,weighted_rerank,identity-cluster-weighted-rerank-v1,,continuous_outcome
geometry,survface,magface-6931178ad2025e1b3799,pca,pca_256,mouth_attention,reconstruction_mse,182148,124729,,,,0.16657756706035373,0.95,0.16145078451773892,0.17223581265080543,500,weighted_rerank,identity-cluster-weighted-rerank-v1,,continuous_outcome
geometry,survface,magface-6931178ad2025e1b3799,pca,pca_256,mouth_attention,cosine_to_origin,182148,124729,,,,-0.1665763182465436,0.95,-0.17223550995733589,-0.16145060848910803,500,weighted_rerank,identity-cluster-weighted-rerank-v1,,continuous_outcome
geometry,survface,magface-6931178ad2025e1b3799,pca,pca_256,left_cheek_attention,angular_error_rad,180850,123634,,,,0.09142807807701464,0.95,0.08652222442393588,0.09674895499737532,500,weighted_rerank,identity-cluster-weighted-rerank-v1,,continuous_outcome
geometry,survface,magface-6931178ad2025e1b3799,pca,pca_256,left_cheek_attention,reconstruction_mse,180850,123634,,,,0.09142563358323227,0.95,0.08651565094622506,0.096749959250713,500,weighted_rerank,identity-cluster-weighted-rerank-v1,,continuous_outcome
geometry,survface,magface-6931178ad2025e1b3799,pca,pca_256,left_cheek_attention,cosine_to_origin,180850,123634,,,,-0.09142807807701464,0.95,-0.09674895499737532,-0.0865222244239359,500,weighted_rerank,identity-cluster-weighted-rerank-v1,,continuous_outcome
geometry,survface,magface-6931178ad2025e1b3799,pca,pca_256,right_cheek_attention,angular_error_rad,180782,123696,,,,0.0757229716753201,0.95,0.0697999629108131,0.08138384076748804,500,weighted_rerank,identity-cluster-weighted-rerank-v1,,continuous_outcome
geometry,survface,magface-6931178ad2025e1b3799,pca,pca_256,right_cheek_attention,reconstruction_mse,180782,123696,,,,0.07572404036319502,0.95,0.06979334148286721,0.08138763292983509,500,weighted_rerank,identity-cluster-weighted-rerank-v1,,continuous_outcome
geometry,survface,magface-6931178ad2025e1b3799,pca,pca_256,right_cheek_attention,cosine_to_origin,180782,123696,,,,-0.0757229716753201,0.95,-0.08138384076748804,-0.0697999629108131,500,weighted_rerank,identity-cluster-weighted-rerank-v1,,continuous_outcome
geometry,survface,magface-6931178ad2025e1b3799,pca,pca_256,jaw_attention,angular_error_rad,182148,124729,,,,0.17439845797063078,0.95,0.16847908581337073,0.1809718144561987,500,weighted_rerank,identity-cluster-weighted-rerank-v1,,continuous_outcome
geometry,survface,magface-6931178ad2025e1b3799,pca,pca_256,jaw_attention,reconstruction_mse,182148,124729,,,,0.17439930103880896,0.95,0.1684783349078779,0.1809726141915922,500,weighted_rerank,identity-cluster-weighted-rerank-v1,,continuous_outcome
geometry,survface,magface-6931178ad2025e1b3799,pca,pca_256,jaw_attention,cosine_to_origin,182148,124729,,,,-0.17439845797063078,0.95,-0.1809718144561987,-0.16847908581337073,500,weighted_rerank,identity-cluster-weighted-rerank-v1,,continuous_outcome
geometry,survface,magface-6931178ad2025e1b3799,pca,pca_256,face_attention,angular_error_rad,182148,124729,,,,0.1915664308985921,0.95,0.18305906521792442,0.2008923788419714,500,weighted_rerank,identity-cluster-weighted-rerank-v1,,continuous_outcome
geometry,survface,magface-6931178ad2025e1b3799,pca,pca_256,face_attention,reconstruction_mse,182148,124729,,,,0.1915603799625338,0.95,0.18305184333635152,0.2008862857622574,500,weighted_rerank,identity-cluster-weighted-rerank-v1,,continuous_outcome
geometry,survface,magface-6931178ad2025e1b3799,pca,pca_256,face_attention,cosine_to_origin,182148,124729,,,,-0.1915664308985921,0.95,-0.2008923788419714,-0.18305906521792442,500,weighted_rerank,identity-cluster-weighted-rerank-v1,,continuous_outcome
geometry,survface,magface-6931178ad2025e1b3799,pca,pca_256,outside_face_attention,angular_error_rad,182148,124729,,,,-0.1915664308985921,0.95,-0.2008923788419714,-0.18305906521792442,500,weighted_rerank,identity-cluster-weighted-rerank-v1,,continuous_outcome
geometry,survface,magface-6931178ad2025e1b3799,pca,pca_256,outside_face_attention,reconstruction_mse,182148,124729,,,,-0.1915603799625338,0.95,-0.2008862857622574,-0.18305184333635152,500,weighted_rerank,identity-cluster-weighted-rerank-v1,,continuous_outcome
geometry,survface,magface-6931178ad2025e1b3799,pca,pca_256,outside_face_attention,cosine_to_origin,182148,124729,,,,0.1915664308985921,0.95,0.18305906521792442,0.2008923788419714,500,weighted_rerank,identity-cluster-weighted-rerank-v1,,continuous_outcome
geometry,survface,magface-6931178ad2025e1b3799,pca,pca_256,saliency_entropy,angular_error_rad,182148,124729,,,,0.15758198706690507,0.95,0.1518693858379892,0.1635852162856686,500,weighted_rerank,identity-cluster-weighted-rerank-v1,,continuous_outcome
geometry,survface,magface-6931178ad2025e1b3799,pca,pca_256,saliency_entropy,reconstruction_mse,182148,124729,,,,0.1575840437974938,0.95,0.15187832370770285,0.16358346537184085,500,weighted_rerank,identity-cluster-weighted-rerank-v1,,continuous_outcome
geometry,survface,magface-6931178ad2025e1b3799,pca,pca_256,saliency_entropy,cosine_to_origin,182148,124729,,,,-0.15758198706690507,0.95,-0.1635852162856686,-0.1518693858379892,500,weighted_rerank,identity-cluster-weighted-rerank-v1,,continuous_outcome
geometry,survface,magface-6931178ad2025e1b3799,pca,pca_256,maximum_region_concentration,angular_error_rad,182148,124729,,,,-0.06492113557332364,0.95,-0.06989057266443094,-0.059181076949442225,500,weighted_rerank,identity-cluster-weighted-rerank-v1,,continuous_outcome
geometry,survface,magface-6931178ad2025e1b3799,pca,pca_256,maximum_region_concentration,reconstruction_mse,182148,124729,,,,-0.06491761451230002,0.95,-0.06988538028607104,-0.059178764897807455,500,weighted_rerank,identity-cluster-weighted-rerank-v1,,continuous_outcome
geometry,survface,magface-6931178ad2025e1b3799,pca,pca_256,maximum_region_concentration,cosine_to_origin,182148,124729,,,,0.06492113557332364,0.95,0.059181076949442225,0.06989057266443094,500,weighted_rerank,identity-cluster-weighted-rerank-v1,,continuous_outcome
geometry,survface,magface-6931178ad2025e1b3799,pca,pca_256,left_right_asymmetry,angular_error_rad,182148,124729,,,,-0.04532611988473467,0.95,-0.051507217580188606,-0.0396686663180498,500,weighted_rerank,identity-cluster-weighted-rerank-v1,,continuous_outcome
geometry,survface,magface-6931178ad2025e1b3799,pca,pca_256,left_right_asymmetry,reconstruction_mse,182148,124729,,,,-0.045328810980902114,0.95,-0.05150686436950492,-0.039669607194148776,500,weighted_rerank,identity-cluster-weighted-rerank-v1,,continuous_outcome
geometry,survface,magface-6931178ad2025e1b3799,pca,pca_256,left_right_asymmetry,cosine_to_origin,182148,124729,,,,0.04532611988473467,0.95,0.039668666318049384,0.051507217580188606,500,weighted_rerank,identity-cluster-weighted-rerank-v1,,continuous_outcome
geometry,survface,magface-6931178ad2025e1b3799,pca,pca_256,saliency_center_x,angular_error_rad,182148,124729,,,,-0.05426277700715999,0.95,-0.060229008695274346,-0.04778977405505216,500,weighted_rerank,identity-cluster-weighted-rerank-v1,,continuous_outcome
geometry,survface,magface-6931178ad2025e1b3799,pca,pca_256,saliency_center_x,reconstruction_mse,182148,124729,,,,-0.054267278800085944,0.95,-0.0602271932648975,-0.04779591653850094,500,weighted_rerank,identity-cluster-weighted-rerank-v1,,continuous_outcome
geometry,survface,magface-6931178ad2025e1b3799,pca,pca_256,saliency_center_x,cosine_to_origin,182148,124729,,,,0.05426277700715999,0.95,0.04778977405505216,0.060229008695274346,500,weighted_rerank,identity-cluster-weighted-rerank-v1,,continuous_outcome
geometry,survface,magface-6931178ad2025e1b3799,pca,pca_256,saliency_center_y,angular_error_rad,182148,124729,,,,0.05282857335832455,0.95,0.04731214250848174,0.05815691609286575,500,weighted_rerank,identity-cluster-weighted-rerank-v1,,continuous_outcome
geometry,survface,magface-6931178ad2025e1b3799,pca,pca_256,saliency_center_y,reconstruction_mse,182148,124729,,,,0.052827874946286366,0.95,0.04731118148961884,0.058155501696709154,500,weighted_rerank,identity-cluster-weighted-rerank-v1,,continuous_outcome
geometry,survface,magface-6931178ad2025e1b3799,pca,pca_256,saliency_center_y,cosine_to_origin,182148,124729,,,,-0.05282857335832455,0.95,-0.05815691609286575,-0.04731214250848174,500,weighted_rerank,identity-cluster-weighted-rerank-v1,,continuous_outcome
geometry,survface,magface-6931178ad2025e1b3799,pca,pca_256,saliency_spread,angular_error_rad,182148,124729,,,,0.03004937105891315,0.95,0.023479108170607214,0.03620761970969045,500,weighted_rerank,identity-cluster-weighted-rerank-v1,,continuous_outcome
geometry,survface,magface-6931178ad2025e1b3799,pca,pca_256,saliency_spread,reconstruction_mse,182148,124729,,,,0.030051410974164233,0.95,0.023481201906361493,0.03620939944501866,500,weighted_rerank,identity-cluster-weighted-rerank-v1,,continuous_outcome
geometry,survface,magface-6931178ad2025e1b3799,pca,pca_256,saliency_spread,cosine_to_origin,182148,124729,,,,-0.03004937105891315,0.95,-0.03620761970969086,-0.023479108170607214,500,weighted_rerank,identity-cluster-weighted-rerank-v1,,continuous_outcome
geometry,survface,magface-6931178ad2025e1b3799,pca,pca_32,quadrant_top_left,angular_error_rad,182148,124729,,,,0.020713166101546297,0.95,0.012959726660839796,0.027034095968446466,500,weighted_rerank,identity-cluster-weighted-rerank-v1,,continuous_outcome
geometry,survface,magface-6931178ad2025e1b3799,pca,pca_32,quadrant_top_left,reconstruction_mse,182148,124729,,,,0.02060848324814119,0.95,0.012859098453311546,0.026925170634025733,500,weighted_rerank,identity-cluster-weighted-rerank-v1,,continuous_outcome
geometry,survface,magface-6931178ad2025e1b3799,pca,pca_32,quadrant_top_left,cosine_to_origin,182148,124729,,,,-0.020713166101546297,0.95,-0.027034095968446466,-0.012959726660839797,500,weighted_rerank,identity-cluster-weighted-rerank-v1,,continuous_outcome
geometry,survface,magface-6931178ad2025e1b3799,pca,pca_32,quadrant_top_right,angular_error_rad,182148,124729,,,,-0.07165140968344376,0.95,-0.07812036262793491,-0.06507113092944362,500,weighted_rerank,identity-cluster-weighted-rerank-v1,,continuous_outcome
geometry,survface,magface-6931178ad2025e1b3799,pca,pca_32,quadrant_top_right,reconstruction_mse,182148,124729,,,,-0.0717013538435749,0.95,-0.07817598636309488,-0.06511213918579602,500,weighted_rerank,identity-cluster-weighted-rerank-v1,,continuous_outcome
geometry,survface,magface-6931178ad2025e1b3799,pca,pca_32,quadrant_top_right,cosine_to_origin,182148,124729,,,,0.07165140968344376,0.95,0.06507113092944362,0.0781203626279349,500,weighted_rerank,identity-cluster-weighted-rerank-v1,,continuous_outcome
geometry,survface,magface-6931178ad2025e1b3799,pca,pca_32,quadrant_bottom_left,angular_error_rad,182148,124729,,,,0.08402195627886432,0.95,0.07811238300392065,0.09013533671416525,500,weighted_rerank,identity-cluster-weighted-rerank-v1,,continuous_outcome
geometry,survface,magface-6931178ad2025e1b3799,pca,pca_32,quadrant_bottom_left,reconstruction_mse,182148,124729,,,,0.08409850775105154,0.95,0.07819625448944835,0.09020173472034425,500,weighted_rerank,identity-cluster-weighted-rerank-v1,,continuous_outcome
geometry,survface,magface-6931178ad2025e1b3799,pca,pca_32,quadrant_bottom_left,cosine_to_origin,182148,124729,,,,-0.08402195627886432,0.95,-0.09013533671416525,-0.07811238300392065,500,weighted_rerank,identity-cluster-weighted-rerank-v1,,continuous_outcome
geometry,survface,magface-6931178ad2025e1b3799,pca,pca_32,quadrant_bottom_right,angular_error_rad,182148,124729,,,,0.03563884488242559,0.95,0.029715220804795012,0.04214972201590532,500,weighted_rerank,identity-cluster-weighted-rerank-v1,,continuous_outcome
geometry,survface,magface-6931178ad2025e1b3799,pca,pca_32,quadrant_bottom_right,reconstruction_mse,182148,124729,,,,0.035711985536164705,0.95,0.029778642213173306,0.04220301211363497,500,weighted_rerank,identity-cluster-weighted-rerank-v1,,continuous_outcome
geometry,survface,magface-6931178ad2025e1b3799,pca,pca_32,quadrant_bottom_right,cosine_to_origin,182148,124729,,,,-0.03563884488242559,0.95,-0.04214972201590532,-0.029715220804795012,500,weighted_rerank,identity-cluster-weighted-rerank-v1,,continuous_outcome
geometry,survface,magface-6931178ad2025e1b3799,pca,pca_32,left_eye_attention,angular_error_rad,182148,124729,,,,0.02440327325240886,0.95,0.018424527047587905,0.03053297332200495,500,weighted_rerank,identity-cluster-weighted-rerank-v1,,continuous_outcome
geometry,survface,magface-6931178ad2025e1b3799,pca,pca_32,left_eye_attention,reconstruction_mse,182148,124729,,,,0.024448972623340993,0.95,0.018458543063275545,0.03058850363815015,500,weighted_rerank,identity-cluster-weighted-rerank-v1,,continuous_outcome
geometry,survface,magface-6931178ad2025e1b3799,pca,pca_32,left_eye_attention,cosine_to_origin,182148,124729,,,,-0.02440327325240886,0.95,-0.030532973322004952,-0.018424527047587905,500,weighted_rerank,identity-cluster-weighted-rerank-v1,,continuous_outcome
geometry,survface,magface-6931178ad2025e1b3799,pca,pca_32,right_eye_attention,angular_error_rad,182148,124729,,,,0.04399162777496403,0.95,0.03810573384415737,0.05032324010553626,500,weighted_rerank,identity-cluster-weighted-rerank-v1,,continuous_outcome
geometry,survface,magface-6931178ad2025e1b3799,pca,pca_32,right_eye_attention,reconstruction_mse,182148,124729,,,,0.04403749672667512,0.95,0.03815663976798282,0.050382129030213836,500,weighted_rerank,identity-cluster-weighted-rerank-v1,,continuous_outcome
geometry,survface,magface-6931178ad2025e1b3799,pca,pca_32,right_eye_attention,cosine_to_origin,182148,124729,,,,-0.04399162777496403,0.95,-0.05032324010553677,-0.0381057338441579,500,weighted_rerank,identity-cluster-weighted-rerank-v1,,continuous_outcome
geometry,survface,magface-6931178ad2025e1b3799,pca,pca_32,nose_attention,angular_error_rad,182148,124729,,,,0.08682741131337696,0.95,0.0795277606474617,0.09391152020620873,500,weighted_rerank,identity-cluster-weighted-rerank-v1,,continuous_outcome
geometry,survface,magface-6931178ad2025e1b3799,pca,pca_32,nose_attention,reconstruction_mse,182148,124729,,,,0.08687751679391355,0.95,0.07956875385140229,0.09393933432003965,500,weighted_rerank,identity-cluster-weighted-rerank-v1,,continuous_outcome
geometry,survface,magface-6931178ad2025e1b3799,pca,pca_32,nose_attention,cosine_to_origin,182148,124729,,,,-0.08682741131337696,0.95,-0.09391152020620916,-0.07952776064746123,500,weighted_rerank,identity-cluster-weighted-rerank-v1,,continuous_outcome
geometry,survface,magface-6931178ad2025e1b3799,pca,pca_32,mouth_attention,angular_error_rad,182148,124729,,,,0.228810982565831,0.95,0.22282031046853265,0.23445231144523815,500,weighted_rerank,identity-cluster-weighted-rerank-v1,,continuous_outcome
geometry,survface,magface-6931178ad2025e1b3799,pca,pca_32,mouth_attention,reconstruction_mse,182148,124729,,,,0.22890670937886196,0.95,0.2229250812512078,0.2345454172413616,500,weighted_rerank,identity-cluster-weighted-rerank-v1,,continuous_outcome
geometry,survface,magface-6931178ad2025e1b3799,pca,pca_32,mouth_attention,cosine_to_origin,182148,124729,,,,-0.228810982565831,0.95,-0.23445231144523815,-0.22282031046853265,500,weighted_rerank,identity-cluster-weighted-rerank-v1,,continuous_outcome
geometry,survface,magface-6931178ad2025e1b3799,pca,pca_32,left_cheek_attention,angular_error_rad,180850,123634,,,,0.1277646664122331,0.95,0.12181736796734502,0.1329955835638916,500,weighted_rerank,identity-cluster-weighted-rerank-v1,,continuous_outcome
geometry,survface,magface-6931178ad2025e1b3799,pca,pca_32,left_cheek_attention,reconstruction_mse,180850,123634,,,,0.1278699841582115,0.95,0.12191856279136666,0.1331125659372883,500,weighted_rerank,identity-cluster-weighted-rerank-v1,,continuous_outcome
geometry,survface,magface-6931178ad2025e1b3799,pca,pca_32,left_cheek_attention,cosine_to_origin,180850,123634,,,,-0.1277646664122331,0.95,-0.1329955835638916,-0.12181736796734502,500,weighted_rerank,identity-cluster-weighted-rerank-v1,,continuous_outcome
geometry,survface,magface-6931178ad2025e1b3799,pca,pca_32,right_cheek_attention,angular_error_rad,180782,123696,,,,0.12077621848027892,0.95,0.11443888136512663,0.1270296737231936,500,weighted_rerank,identity-cluster-weighted-rerank-v1,,continuous_outcome
geometry,survface,magface-6931178ad2025e1b3799,pca,pca_32,right_cheek_attention,reconstruction_mse,180782,123696,,,,0.12083385263131097,0.95,0.11450674948544126,0.12709179278339786,500,weighted_rerank,identity-cluster-weighted-rerank-v1,,continuous_outcome
geometry,survface,magface-6931178ad2025e1b3799,pca,pca_32,right_cheek_attention,cosine_to_origin,180782,123696,,,,-0.12077621848027892,0.95,-0.1270296737231936,-0.11443888136512663,500,weighted_rerank,identity-cluster-weighted-rerank-v1,,continuous_outcome
geometry,survface,magface-6931178ad2025e1b3799,pca,pca_32,jaw_attention,angular_error_rad,182148,124729,,,,0.2514714487869005,0.95,0.24538739703752643,0.2576178527611561,500,weighted_rerank,identity-cluster-weighted-rerank-v1,,continuous_outcome
geometry,survface,magface-6931178ad2025e1b3799,pca,pca_32,jaw_attention,reconstruction_mse,182148,124729,,,,0.25153296720663043,0.95,0.24544656753259708,0.2576794063726567,500,weighted_rerank,identity-cluster-weighted-rerank-v1,,continuous_outcome
geometry,survface,magface-6931178ad2025e1b3799,pca,pca_32,jaw_attention,cosine_to_origin,182148,124729,,,,-0.2514714487869005,0.95,-0.2576178527611561,-0.24538739703752643,500,weighted_rerank,identity-cluster-weighted-rerank-v1,,continuous_outcome
geometry,survface,magface-6931178ad2025e1b3799,pca,pca_32,face_attention,angular_error_rad,182148,124729,,,,0.2858981918700458,0.95,0.27642386301147387,0.2956068224303941,500,weighted_rerank,identity-cluster-weighted-rerank-v1,,continuous_outcome
geometry,survface,magface-6931178ad2025e1b3799,pca,pca_32,face_attention,reconstruction_mse,182148,124729,,,,0.28598062442263206,0.95,0.276496684351705,0.29569054830451746,500,weighted_rerank,identity-cluster-weighted-rerank-v1,,continuous_outcome
geometry,survface,magface-6931178ad2025e1b3799,pca,pca_32,face_attention,cosine_to_origin,182148,124729,,,,-0.2858981918700458,0.95,-0.2956068224303941,-0.27642386301147387,500,weighted_rerank,identity-cluster-weighted-rerank-v1,,continuous_outcome
geometry,survface,magface-6931178ad2025e1b3799,pca,pca_32,outside_face_attention,angular_error_rad,182148,124729,,,,-0.2858981918700458,0.95,-0.2956068224303941,-0.27642386301147387,500,weighted_rerank,identity-cluster-weighted-rerank-v1,,continuous_outcome
geometry,survface,magface-6931178ad2025e1b3799,pca,pca_32,outside_face_attention,reconstruction_mse,182148,124729,,,,-0.28598062442263206,0.95,-0.29569054830451746,-0.276496684351705,500,weighted_rerank,identity-cluster-weighted-rerank-v1,,continuous_outcome
geometry,survface,magface-6931178ad2025e1b3799,pca,pca_32,outside_face_attention,cosine_to_origin,182148,124729,,,,0.2858981918700458,0.95,0.27642386301147387,0.2956068224303941,500,weighted_rerank,identity-cluster-weighted-rerank-v1,,continuous_outcome
geometry,survface,magface-6931178ad2025e1b3799,pca,pca_32,saliency_entropy,angular_error_rad,182148,124729,,,,0.240930747265542,0.95,0.2346161979166976,0.24767026878087575,500,weighted_rerank,identity-cluster-weighted-rerank-v1,,continuous_outcome
geometry,survface,magface-6931178ad2025e1b3799,pca,pca_32,saliency_entropy,reconstruction_mse,182148,124729,,,,0.24086369242911168,0.95,0.2345422458493414,0.24760175999187792,500,weighted_rerank,identity-cluster-weighted-rerank-v1,,continuous_outcome
geometry,survface,magface-6931178ad2025e1b3799,pca,pca_32,saliency_entropy,cosine_to_origin,182148,124729,,,,-0.240930747265542,0.95,-0.24767026878087575,-0.2346161979166976,500,weighted_rerank,identity-cluster-weighted-rerank-v1,,continuous_outcome
geometry,survface,magface-6931178ad2025e1b3799,pca,pca_32,maximum_region_concentration,angular_error_rad,182148,124729,,,,-0.1191577361204408,0.95,-0.12525546851996447,-0.11360372428597972,500,weighted_rerank,identity-cluster-weighted-rerank-v1,,continuous_outcome
geometry,survface,magface-6931178ad2025e1b3799,pca,pca_32,maximum_region_concentration,reconstruction_mse,182148,124729,,,,-0.11912651426014705,0.95,-0.12521816582528575,-0.11357704481446727,500,weighted_rerank,identity-cluster-weighted-rerank-v1,,continuous_outcome
geometry,survface,magface-6931178ad2025e1b3799,pca,pca_32,maximum_region_concentration,cosine_to_origin,182148,124729,,,,0.1191577361204408,0.95,0.11360372428597972,0.12525546851996447,500,weighted_rerank,identity-cluster-weighted-rerank-v1,,continuous_outcome
geometry,survface,magface-6931178ad2025e1b3799,pca,pca_32,left_right_asymmetry,angular_error_rad,182148,124729,,,,-0.09896214939945647,0.95,-0.10468498470711818,-0.0927934910556688,500,weighted_rerank,identity-cluster-weighted-rerank-v1,,continuous_outcome
geometry,survface,magface-6931178ad2025e1b3799,pca,pca_32,left_right_asymmetry,reconstruction_mse,182148,124729,,,,-0.09897112932129415,0.95,-0.10469070384111245,-0.0928065816642244,500,weighted_rerank,identity-cluster-weighted-rerank-v1,,continuous_outcome
geometry,survface,magface-6931178ad2025e1b3799,pca,pca_32,left_right_asymmetry,cosine_to_origin,182148,124729,,,,0.09896214939945647,0.95,0.0927934910556688,0.10468498470711773,500,weighted_rerank,identity-cluster-weighted-rerank-v1,,continuous_outcome
geometry,survface,magface-6931178ad2025e1b3799,pca,pca_32,saliency_center_x,angular_error_rad,182148,124729,,,,-0.05836195522112279,0.95,-0.06549944273122892,-0.050689427877440775,500,weighted_rerank,identity-cluster-weighted-rerank-v1,,continuous_outcome
geometry,survface,magface-6931178ad2025e1b3799,pca,pca_32,saliency_center_x,reconstruction_mse,182148,124729,,,,-0.058297952149914865,0.95,-0.06543951272634864,-0.05063559069469285,500,weighted_rerank,identity-cluster-weighted-rerank-v1,,continuous_outcome
geometry,survface,magface-6931178ad2025e1b3799,pca,pca_32,saliency_center_x,cosine_to_origin,182148,124729,,,,0.05836195522112279,0.95,0.050689427877440775,0.06549944273122892,500,weighted_rerank,identity-cluster-weighted-rerank-v1,,continuous_outcome
geometry,survface,magface-6931178ad2025e1b3799,pca,pca_32,saliency_center_y,angular_error_rad,182148,124729,,,,0.08151706524672941,0.95,0.07566613279776287,0.08778924890678556,500,weighted_rerank,identity-cluster-weighted-rerank-v1,,continuous_outcome
geometry,survface,magface-6931178ad2025e1b3799,pca,pca_32,saliency_center_y,reconstruction_mse,182148,124729,,,,0.08162030645932043,0.95,0.07576806255922533,0.08789403141808291,500,weighted_rerank,identity-cluster-weighted-rerank-v1,,continuous_outcome
geometry,survface,magface-6931178ad2025e1b3799,pca,pca_32,saliency_center_y,cosine_to_origin,182148,124729,,,,-0.08151706524672941,0.95,-0.08778924890678558,-0.07566613279776288,500,weighted_rerank,identity-cluster-weighted-rerank-v1,,continuous_outcome
geometry,survface,magface-6931178ad2025e1b3799,pca,pca_32,saliency_spread,angular_error_rad,182148,124729,,,,0.08132213122951547,0.95,0.07459772666930828,0.08813399631128219,500,weighted_rerank,identity-cluster-weighted-rerank-v1,,continuous_outcome
geometry,survface,magface-6931178ad2025e1b3799,pca,pca_32,saliency_spread,reconstruction_mse,182148,124729,,,,0.08118663187797602,0.95,0.07445850515091894,0.08800379336068434,500,weighted_rerank,identity-cluster-weighted-rerank-v1,,continuous_outcome
geometry,survface,magface-6931178ad2025e1b3799,pca,pca_32,saliency_spread,cosine_to_origin,182148,124729,,,,-0.08132213122951547,0.95,-0.08813399631128219,-0.07459772666930828,500,weighted_rerank,identity-cluster-weighted-rerank-v1,,continuous_outcome
geometry,survface,magface-6931178ad2025e1b3799,pca,pca_384,quadrant_top_left,angular_error_rad,182148,124729,,,,0.04350229250696165,0.95,0.03822934622303402,0.0493416341568243,500,weighted_rerank,identity-cluster-weighted-rerank-v1,,continuous_outcome
geometry,survface,magface-6931178ad2025e1b3799,pca,pca_384,quadrant_top_left,reconstruction_mse,182148,124729,,,,0.043506849557890706,0.95,0.03823287773044773,0.049347247956703776,500,weighted_rerank,identity-cluster-weighted-rerank-v1,,continuous_outcome
geometry,survface,magface-6931178ad2025e1b3799,pca,pca_384,quadrant_top_left,cosine_to_origin,182148,124729,,,,-0.04350229250696165,0.95,-0.049341634156824306,-0.038229346223034026,500,weighted_rerank,identity-cluster-weighted-rerank-v1,,continuous_outcome
geometry,survface,magface-6931178ad2025e1b3799,pca,pca_384,quadrant_top_right,angular_error_rad,182148,124729,,,,-0.06721750611834869,0.95,-0.0724632026870283,-0.061442486695286416,500,weighted_rerank,identity-cluster-weighted-rerank-v1,,continuous_outcome
geometry,survface,magface-6931178ad2025e1b3799,pca,pca_384,quadrant_top_right,reconstruction_mse,182148,124729,,,,-0.067233147190489,0.95,-0.07251625994733879,-0.06144581824328543,500,weighted_rerank,identity-cluster-weighted-rerank-v1,,continuous_outcome
geometry,survface,magface-6931178ad2025e1b3799,pca,pca_384,quadrant_top_right,cosine_to_origin,182148,124729,,,,0.06721750611834869,0.95,0.061442486695286416,0.0724632026870283,500,weighted_rerank,identity-cluster-weighted-rerank-v1,,continuous_outcome
geometry,survface,magface-6931178ad2025e1b3799,pca,pca_384,quadrant_bottom_left,angular_error_rad,182148,124729,,,,0.04626582247040658,0.95,0.0405604130759918,0.051580633871235154,500,weighted_rerank,identity-cluster-weighted-rerank-v1,,continuous_outcome
geometry,survface,magface-6931178ad2025e1b3799,pca,pca_384,quadrant_bottom_left,reconstruction_mse,182148,124729,,,,0.04629920399257243,0.95,0.040630142751292044,0.05159131533619664,500,weighted_rerank,identity-cluster-weighted-rerank-v1,,continuous_outcome
geometry,survface,magface-6931178ad2025e1b3799,pca,pca_384,quadrant_bottom_left,cosine_to_origin,182148,124729,,,,-0.04626582247040658,0.95,-0.051580633871235154,-0.04056041307599181,500,weighted_rerank,identity-cluster-weighted-rerank-v1,,continuous_outcome
geometry,survface,magface-6931178ad2025e1b3799,pca,pca_384,quadrant_bottom_right,angular_error_rad,182148,124729,,,,0.005917341126888193,0.95,0.0003568197210108492,0.011135787064665758,500,weighted_rerank,identity-cluster-weighted-rerank-v1,,continuous_outcome
geometry,survface,magface-6931178ad2025e1b3799,pca,pca_384,quadrant_bottom_right,reconstruction_mse,182148,124729,,,,0.00590523640327273,0.95,0.00035718191784578124,0.011094860210085445,500,weighted_rerank,identity-cluster-weighted-rerank-v1,,continuous_outcome
geometry,survface,magface-6931178ad2025e1b3799,pca,pca_384,quadrant_bottom_right,cosine_to_origin,182148,124729,,,,-0.005917341126888193,0.95,-0.011135787064665758,-0.0003568197210108502,500,weighted_rerank,identity-cluster-weighted-rerank-v1,,continuous_outcome
geometry,survface,magface-6931178ad2025e1b3799,pca,pca_384,left_eye_attention,angular_error_rad,182148,124729,,,,-0.002304941732115771,0.95,-0.00854650454416841,0.003373189723472497,500,weighted_rerank,identity-cluster-weighted-rerank-v1,,continuous_outcome
geometry,survface,magface-6931178ad2025e1b3799,pca,pca_384,left_eye_attention,reconstruction_mse,182148,124729,,,,-0.0022614473302785135,0.95,-0.008523055231297516,0.0034183977229765676,500,weighted_rerank,identity-cluster-weighted-rerank-v1,,continuous_outcome
geometry,survface,magface-6931178ad2025e1b3799,pca,pca_384,left_eye_attention,cosine_to_origin,182148,124729,,,,0.002304941732115771,0.95,-0.003373189723472499,0.00854650454416841,500,weighted_rerank,identity-cluster-weighted-rerank-v1,,continuous_outcome
geometry,survface,magface-6931178ad2025e1b3799,pca,pca_384,right_eye_attention,angular_error_rad,182148,124729,,,,3.9697876202881825e-05,0.95,-0.005927720370319636,0.005701298055026973,500,weighted_rerank,identity-cluster-weighted-rerank-v1,,continuous_outcome
geometry,survface,magface-6931178ad2025e1b3799,pca,pca_384,right_eye_attention,reconstruction_mse,182148,124729,,,,2.3540956310536034e-05,0.95,-0.005964165756582851,0.0056961030838778865,500,weighted_rerank,identity-cluster-weighted-rerank-v1,,continuous_outcome
geometry,survface,magface-6931178ad2025e1b3799,pca,pca_384,right_eye_attention,cosine_to_origin,182148,124729,,,,-3.9697876202881825e-05,0.95,-0.005701298055026975,0.005927720370319634,500,weighted_rerank,identity-cluster-weighted-rerank-v1,,continuous_outcome
geometry,survface,magface-6931178ad2025e1b3799,pca,pca_384,nose_attention,angular_error_rad,182148,124729,,,,0.009163899030897926,0.95,0.002829203882428424,0.015174280789162015,500,weighted_rerank,identity-cluster-weighted-rerank-v1,,continuous_outcome
geometry,survface,magface-6931178ad2025e1b3799,pca,pca_384,nose_attention,reconstruction_mse,182148,124729,,,,0.00921111747093005,0.95,0.002879874845136513,0.0152250734076906,500,weighted_rerank,identity-cluster-weighted-rerank-v1,,continuous_outcome
geometry,survface,magface-6931178ad2025e1b3799,pca,pca_384,nose_attention,cosine_to_origin,182148,124729,,,,-0.009163899030897926,0.95,-0.015174280789162015,-0.0028292038824284252,500,weighted_rerank,identity-cluster-weighted-rerank-v1,,continuous_outcome
geometry,survface,magface-6931178ad2025e1b3799,pca,pca_384,mouth_attention,angular_error_rad,182148,124729,,,,0.15552314427166378,0.95,0.15016079684988232,0.16155709915405475,500,weighted_rerank,identity-cluster-weighted-rerank-v1,,continuous_outcome
geometry,survface,magface-6931178ad2025e1b3799,pca,pca_384,mouth_attention,reconstruction_mse,182148,124729,,,,0.15552639361772416,0.95,0.15018161124408796,0.16153581872831935,500,weighted_rerank,identity-cluster-weighted-rerank-v1,,continuous_outcome
geometry,survface,magface-6931178ad2025e1b3799,pca,pca_384,mouth_attention,cosine_to_origin,182148,124729,,,,-0.15552314427166378,0.95,-0.16155709915405475,-0.15016079684988232,500,weighted_rerank,identity-cluster-weighted-rerank-v1,,continuous_outcome
geometry,survface,magface-6931178ad2025e1b3799,pca,pca_384,left_cheek_attention,angular_error_rad,180850,123634,,,,0.08621134723857644,0.95,0.08040371559994298,0.0916952096103425,500,weighted_rerank,identity-cluster-weighted-rerank-v1,,continuous_outcome
geometry,survface,magface-6931178ad2025e1b3799,pca,pca_384,left_cheek_attention,reconstruction_mse,180850,123634,,,,0.08623508229575662,0.95,0.08043573393302961,0.09169804495600435,500,weighted_rerank,identity-cluster-weighted-rerank-v1,,continuous_outcome
geometry,survface,magface-6931178ad2025e1b3799,pca,pca_384,left_cheek_attention,cosine_to_origin,180850,123634,,,,-0.08621134723857644,0.95,-0.0916952096103425,-0.08040371559994298,500,weighted_rerank,identity-cluster-weighted-rerank-v1,,continuous_outcome
geometry,survface,magface-6931178ad2025e1b3799,pca,pca_384,right_cheek_attention,angular_error_rad,180782,123696,,,,0.0697592043960065,0.95,0.0642990641454981,0.07541736330606251,500,weighted_rerank,identity-cluster-weighted-rerank-v1,,continuous_outcome
geometry,survface,magface-6931178ad2025e1b3799,pca,pca_384,right_cheek_attention,reconstruction_mse,180782,123696,,,,0.06978096465505847,0.95,0.0643009502135021,0.07544168855052431,500,weighted_rerank,identity-cluster-weighted-rerank-v1,,continuous_outcome
geometry,survface,magface-6931178ad2025e1b3799,pca,pca_384,right_cheek_attention,cosine_to_origin,180782,123696,,,,-0.0697592043960065,0.95,-0.07541736330606252,-0.06429906414549812,500,weighted_rerank,identity-cluster-weighted-rerank-v1,,continuous_outcome
geometry,survface,magface-6931178ad2025e1b3799,pca,pca_384,jaw_attention,angular_error_rad,182148,124729,,,,0.16123990058516832,0.95,0.15551682023466912,0.16684095109489394,500,weighted_rerank,identity-cluster-weighted-rerank-v1,,continuous_outcome
geometry,survface,magface-6931178ad2025e1b3799,pca,pca_384,jaw_attention,reconstruction_mse,182148,124729,,,,0.16126148255924513,0.95,0.15552323899390694,0.16687645728375305,500,weighted_rerank,identity-cluster-weighted-rerank-v1,,continuous_outcome
geometry,survface,magface-6931178ad2025e1b3799,pca,pca_384,jaw_attention,cosine_to_origin,182148,124729,,,,-0.16123990058516832,0.95,-0.16684095109489394,-0.15551682023466912,500,weighted_rerank,identity-cluster-weighted-rerank-v1,,continuous_outcome
geometry,survface,magface-6931178ad2025e1b3799,pca,pca_384,face_attention,angular_error_rad,182148,124729,,,,0.1493245209818641,0.95,0.1419364073290523,0.1567863210904492,500,weighted_rerank,identity-cluster-weighted-rerank-v1,,continuous_outcome
geometry,survface,magface-6931178ad2025e1b3799,pca,pca_384,face_attention,reconstruction_mse,182148,124729,,,,0.14932432121328243,0.95,0.14191682105661368,0.15678458177220927,500,weighted_rerank,identity-cluster-weighted-rerank-v1,,continuous_outcome
geometry,survface,magface-6931178ad2025e1b3799,pca,pca_384,face_attention,cosine_to_origin,182148,124729,,,,-0.1493245209818641,0.95,-0.1567863210904492,-0.1419364073290523,500,weighted_rerank,identity-cluster-weighted-rerank-v1,,continuous_outcome
geometry,survface,magface-6931178ad2025e1b3799,pca,pca_384,outside_face_attention,angular_error_rad,182148,124729,,,,-0.1493245209818641,0.95,-0.1567863210904492,-0.1419364073290523,500,weighted_rerank,identity-cluster-weighted-rerank-v1,,continuous_outcome
geometry,survface,magface-6931178ad2025e1b3799,pca,pca_384,outside_face_attention,reconstruction_mse,182148,124729,,,,-0.14932432121328243,0.95,-0.15678458177220927,-0.14191682105661368,500,weighted_rerank,identity-cluster-weighted-rerank-v1,,continuous_outcome
geometry,survface,magface-6931178ad2025e1b3799,pca,pca_384,outside_face_attention,cosine_to_origin,182148,124729,,,,0.1493245209818641,0.95,0.1419364073290523,0.1567863210904492,500,weighted_rerank,identity-cluster-weighted-rerank-v1,,continuous_outcome
geometry,survface,magface-6931178ad2025e1b3799,pca,pca_384,saliency_entropy,angular_error_rad,182148,124729,,,,0.13570453662782095,0.95,0.1299944631044276,0.14154882080708586,500,weighted_rerank,identity-cluster-weighted-rerank-v1,,continuous_outcome
geometry,survface,magface-6931178ad2025e1b3799,pca,pca_384,saliency_entropy,reconstruction_mse,182148,124729,,,,0.13573858602297875,0.95,0.13001429390223984,0.1415624937940937,500,weighted_rerank,identity-cluster-weighted-rerank-v1,,continuous_outcome
geometry,survface,magface-6931178ad2025e1b3799,pca,pca_384,saliency_entropy,cosine_to_origin,182148,124729,,,,-0.13570453662782095,0.95,-0.14154882080708586,-0.1299944631044276,500,weighted_rerank,identity-cluster-weighted-rerank-v1,,continuous_outcome
geometry,survface,magface-6931178ad2025e1b3799,pca,pca_384,maximum_region_concentration,angular_error_rad,182148,124729,,,,-0.047393646511823054,0.95,-0.0525677983883482,-0.04179993397284871,500,weighted_rerank,identity-cluster-weighted-rerank-v1,,continuous_outcome
geometry,survface,magface-6931178ad2025e1b3799,pca,pca_384,maximum_region_concentration,reconstruction_mse,182148,124729,,,,-0.04741097304536255,0.95,-0.05260875172494983,-0.041835433639380575,500,weighted_rerank,identity-cluster-weighted-rerank-v1,,continuous_outcome
geometry,survface,magface-6931178ad2025e1b3799,pca,pca_384,maximum_region_concentration,cosine_to_origin,182148,124729,,,,0.047393646511823054,0.95,0.0417999339728487,0.0525677983883482,500,weighted_rerank,identity-cluster-weighted-rerank-v1,,continuous_outcome
geometry,survface,magface-6931178ad2025e1b3799,pca,pca_384,left_right_asymmetry,angular_error_rad,182148,124729,,,,-0.030284106418318947,0.95,-0.03645334889233346,-0.024614708795260468,500,weighted_rerank,identity-cluster-weighted-rerank-v1,,continuous_outcome
geometry,survface,magface-6931178ad2025e1b3799,pca,pca_384,left_right_asymmetry,reconstruction_mse,182148,124729,,,,-0.03029574929763469,0.95,-0.03644974239219313,-0.024620246045994325,500,weighted_rerank,identity-cluster-weighted-rerank-v1,,continuous_outcome
geometry,survface,magface-6931178ad2025e1b3799,pca,pca_384,left_right_asymmetry,cosine_to_origin,182148,124729,,,,0.030284106418318947,0.95,0.024614708795260464,0.036453348892333454,500,weighted_rerank,identity-cluster-weighted-rerank-v1,,continuous_outcome
geometry,survface,magface-6931178ad2025e1b3799,pca,pca_384,saliency_center_x,angular_error_rad,182148,124729,,,,-0.06471826453193183,0.95,-0.07079854718342009,-0.05889402634404579,500,weighted_rerank,identity-cluster-weighted-rerank-v1,,continuous_outcome
geometry,survface,magface-6931178ad2025e1b3799,pca,pca_384,saliency_center_x,reconstruction_mse,182148,124729,,,,-0.06471670425709743,0.95,-0.07079132326619597,-0.05888857949994319,500,weighted_rerank,identity-cluster-weighted-rerank-v1,,continuous_outcome
geometry,survface,magface-6931178ad2025e1b3799,pca,pca_384,saliency_center_x,cosine_to_origin,182148,124729,,,,0.06471826453193183,0.95,0.05889402634404579,0.07079854718342009,500,weighted_rerank,identity-cluster-weighted-rerank-v1,,continuous_outcome
geometry,survface,magface-6931178ad2025e1b3799,pca,pca_384,saliency_center_y,angular_error_rad,182148,124729,,,,0.04681548002474173,0.95,0.04136348889705849,0.05177000855318749,500,weighted_rerank,identity-cluster-weighted-rerank-v1,,continuous_outcome
geometry,survface,magface-6931178ad2025e1b3799,pca,pca_384,saliency_center_y,reconstruction_mse,182148,124729,,,,0.04681675253464903,0.95,0.04134967963733755,0.05177433133498137,500,weighted_rerank,identity-cluster-weighted-rerank-v1,,continuous_outcome
geometry,survface,magface-6931178ad2025e1b3799,pca,pca_384,saliency_center_y,cosine_to_origin,182148,124729,,,,-0.04681548002474173,0.95,-0.051770008553187495,-0.04136348889705849,500,weighted_rerank,identity-cluster-weighted-rerank-v1,,continuous_outcome
geometry,survface,magface-6931178ad2025e1b3799,pca,pca_384,saliency_spread,angular_error_rad,182148,124729,,,,0.03760066546168182,0.95,0.03116683763405849,0.04338629420785327,500,weighted_rerank,identity-cluster-weighted-rerank-v1,,continuous_outcome
geometry,survface,magface-6931178ad2025e1b3799,pca,pca_384,saliency_spread,reconstruction_mse,182148,124729,,,,0.03760266023869287,0.95,0.031168029466944133,0.043363508504678114,500,weighted_rerank,identity-cluster-weighted-rerank-v1,,continuous_outcome
geometry,survface,magface-6931178ad2025e1b3799,pca,pca_384,saliency_spread,cosine_to_origin,182148,124729,,,,-0.03760066546168182,0.95,-0.04338629420785327,-0.03116683763405849,500,weighted_rerank,identity-cluster-weighted-rerank-v1,,continuous_outcome
geometry,survface,magface-6931178ad2025e1b3799,pca,pca_64,quadrant_top_left,angular_error_rad,182148,124729,,,,0.023833112834080607,0.95,0.01778979240851623,0.030889791543781454,500,weighted_rerank,identity-cluster-weighted-rerank-v1,,continuous_outcome
geometry,survface,magface-6931178ad2025e1b3799,pca,pca_64,quadrant_top_left,reconstruction_mse,182148,124729,,,,0.023818928833689253,0.95,0.0177736724849998,0.030882713651388317,500,weighted_rerank,identity-cluster-weighted-rerank-v1,,continuous_outcome
geometry,survface,magface-6931178ad2025e1b3799,pca,pca_64,quadrant_top_left,cosine_to_origin,182148,124729,,,,-0.023833112834080607,0.95,-0.030889791543781457,-0.01778979240851623,500,weighted_rerank,identity-cluster-weighted-rerank-v1,,continuous_outcome
geometry,survface,magface-6931178ad2025e1b3799,pca,pca_64,quadrant_top_right,angular_error_rad,182148,124729,,,,-0.05752104520920892,0.95,-0.06385579119905803,-0.05082887907234781,500,weighted_rerank,identity-cluster-weighted-rerank-v1,,continuous_outcome
geometry,survface,magface-6931178ad2025e1b3799,pca,pca_64,quadrant_top_right,reconstruction_mse,182148,124729,,,,-0.05750789602918965,0.95,-0.06383434053708661,-0.050819629416357204,500,weighted_rerank,identity-cluster-weighted-rerank-v1,,continuous_outcome
geometry,survface,magface-6931178ad2025e1b3799,pca,pca_64,quadrant_top_right,cosine_to_origin,182148,124729,,,,0.05752104520920892,0.95,0.05082887907234781,0.06385579119905803,500,weighted_rerank,identity-cluster-weighted-rerank-v1,,continuous_outcome
geometry,survface,magface-6931178ad2025e1b3799,pca,pca_64,quadrant_bottom_left,angular_error_rad,182148,124729,,,,0.07491322631847981,0.95,0.06817679379074726,0.08033903542085884,500,weighted_rerank,identity-cluster-weighted-rerank-v1,,continuous_outcome
geometry,survface,magface-6931178ad2025e1b3799,pca,pca_64,quadrant_bottom_left,reconstruction_mse,182148,124729,,,,0.07491900149105529,0.95,0.06817502669081547,0.08034803701590805,500,weighted_rerank,identity-cluster-weighted-rerank-v1,,continuous_outcome
geometry,survface,magface-6931178ad2025e1b3799,pca,pca_64,quadrant_bottom_left,cosine_to_origin,182148,124729,,,,-0.07491322631847981,0.95,-0.08033903542085884,-0.06817679379074726,500,weighted_rerank,identity-cluster-weighted-rerank-v1,,continuous_outcome
geometry,survface,magface-6931178ad2025e1b3799,pca,pca_64,quadrant_bottom_right,angular_error_rad,182148,124729,,,,0.024805246197023432,0.95,0.018502524990508522,0.03123144442398479,500,weighted_rerank,identity-cluster-weighted-rerank-v1,,continuous_outcome
geometry,survface,magface-6931178ad2025e1b3799,pca,pca_64,quadrant_bottom_right,reconstruction_mse,182148,124729,,,,0.024800934710982415,0.95,0.018504934916502257,0.031217819573664672,500,weighted_rerank,identity-cluster-weighted-rerank-v1,,continuous_outcome
geometry,survface,magface-6931178ad2025e1b3799,pca,pca_64,quadrant_bottom_right,cosine_to_origin,182148,124729,,,,-0.024805246197023432,0.95,-0.03123144442398479,-0.018502524990508522,500,weighted_rerank,identity-cluster-weighted-rerank-v1,,continuous_outcome
geometry,survface,magface-6931178ad2025e1b3799,pca,pca_64,left_eye_attention,angular_error_rad,182148,124729,,,,0.021348211696472972,0.95,0.015647982272287125,0.028117102327849683,500,weighted_rerank,identity-cluster-weighted-rerank-v1,,continuous_outcome
geometry,survface,magface-6931178ad2025e1b3799,pca,pca_64,left_eye_attention,reconstruction_mse,182148,124729,,,,0.02136086613137244,0.95,0.015660012017620562,0.02812703860164231,500,weighted_rerank,identity-cluster-weighted-rerank-v1,,continuous_outcome
geometry,survface,magface-6931178ad2025e1b3799,pca,pca_64,left_eye_attention,cosine_to_origin,182148,124729,,,,-0.021348211696472972,0.95,-0.028117102327849683,-0.01564798227228765,500,weighted_rerank,identity-cluster-weighted-rerank-v1,,continuous_outcome
geometry,survface,magface-6931178ad2025e1b3799,pca,pca_64,right_eye_attention,angular_error_rad,182148,124729,,,,0.044903517418009936,0.95,0.03893920415820714,0.05117014065735915,500,weighted_rerank,identity-cluster-weighted-rerank-v1,,continuous_outcome
geometry,survface,magface-6931178ad2025e1b3799,pca,pca_64,right_eye_attention,reconstruction_mse,182148,124729,,,,0.04492810397591259,0.95,0.03895123337711815,0.05119191319003449,500,weighted_rerank,identity-cluster-weighted-rerank-v1,,continuous_outcome
geometry,survface,magface-6931178ad2025e1b3799,pca,pca_64,right_eye_attention,cosine_to_origin,182148,124729,,,,-0.044903517418009936,0.95,-0.05117014065735915,-0.03893920415820714,500,weighted_rerank,identity-cluster-weighted-rerank-v1,,continuous_outcome
geometry,survface,magface-6931178ad2025e1b3799,pca,pca_64,nose_attention,angular_error_rad,182148,124729,,,,0.08409185684748303,0.95,0.0764138302492404,0.09177661972433018,500,weighted_rerank,identity-cluster-weighted-rerank-v1,,continuous_outcome
geometry,survface,magface-6931178ad2025e1b3799,pca,pca_64,nose_attention,reconstruction_mse,182148,124729,,,,0.08412188757832546,0.95,0.07644472112469866,0.09179741089647273,500,weighted_rerank,identity-cluster-weighted-rerank-v1,,continuous_outcome
geometry,survface,magface-6931178ad2025e1b3799,pca,pca_64,nose_attention,cosine_to_origin,182148,124729,,,,-0.08409185684748303,0.95,-0.09177661972433064,-0.0764138302492404,500,weighted_rerank,identity-cluster-weighted-rerank-v1,,continuous_outcome
geometry,survface,magface-6931178ad2025e1b3799,pca,pca_64,mouth_attention,angular_error_rad,182148,124729,,,,0.22064560997758828,0.95,0.21408347341717512,0.2262899363145026,500,weighted_rerank,identity-cluster-weighted-rerank-v1,,continuous_outcome
geometry,survface,magface-6931178ad2025e1b3799,pca,pca_64,mouth_attention,reconstruction_mse,182148,124729,,,,0.22067924698962807,0.95,0.21411644229656082,0.22632542410148587,500,weighted_rerank,identity-cluster-weighted-rerank-v1,,continuous_outcome
geometry,survface,magface-6931178ad2025e1b3799,pca,pca_64,mouth_attention,cosine_to_origin,182148,124729,,,,-0.22064560997758828,0.95,-0.2262899363145026,-0.21408347341717512,500,weighted_rerank,identity-cluster-weighted-rerank-v1,,continuous_outcome
geometry,survface,magface-6931178ad2025e1b3799,pca,pca_64,left_cheek_attention,angular_error_rad,180850,123634,,,,0.12393565327001695,0.95,0.11773464792397956,0.12983802630905977,500,weighted_rerank,identity-cluster-weighted-rerank-v1,,continuous_outcome
geometry,survface,magface-6931178ad2025e1b3799,pca,pca_64,left_cheek_attention,reconstruction_mse,180850,123634,,,,0.12397766991175116,0.95,0.1177702493906211,0.12988414192539507,500,weighted_rerank,identity-cluster-weighted-rerank-v1,,continuous_outcome
geometry,survface,magface-6931178ad2025e1b3799,pca,pca_64,left_cheek_attention,cosine_to_origin,180850,123634,,,,-0.12393565327001695,0.95,-0.12983802630905977,-0.11773464792397956,500,weighted_rerank,identity-cluster-weighted-rerank-v1,,continuous_outcome
geometry,survface,magface-6931178ad2025e1b3799,pca,pca_64,right_cheek_attention,angular_error_rad,180782,123696,,,,0.11131073007168607,0.95,0.1050041094160212,0.11761157962447939,500,weighted_rerank,identity-cluster-weighted-rerank-v1,,continuous_outcome
geometry,survface,magface-6931178ad2025e1b3799,pca,pca_64,right_cheek_attention,reconstruction_mse,180782,123696,,,,0.11131980694232259,0.95,0.10501820355751919,0.11762258061224598,500,weighted_rerank,identity-cluster-weighted-rerank-v1,,continuous_outcome
geometry,survface,magface-6931178ad2025e1b3799,pca,pca_64,right_cheek_attention,cosine_to_origin,180782,123696,,,,-0.11131073007168607,0.95,-0.11761157962447939,-0.1050041094160212,500,weighted_rerank,identity-cluster-weighted-rerank-v1,,continuous_outcome
geometry,survface,magface-6931178ad2025e1b3799,pca,pca_64,jaw_attention,angular_error_rad,182148,124729,,,,0.24270074914537454,0.95,0.23678854381493397,0.24800041394546218,500,weighted_rerank,identity-cluster-weighted-rerank-v1,,continuous_outcome
geometry,survface,magface-6931178ad2025e1b3799,pca,pca_64,jaw_attention,reconstruction_mse,182148,124729,,,,0.24272303451386232,0.95,0.2367960366596409,0.24801759261803943,500,weighted_rerank,identity-cluster-weighted-rerank-v1,,continuous_outcome
geometry,survface,magface-6931178ad2025e1b3799,pca,pca_64,jaw_attention,cosine_to_origin,182148,124729,,,,-0.24270074914537454,0.95,-0.24800041394546218,-0.23678854381493397,500,weighted_rerank,identity-cluster-weighted-rerank-v1,,continuous_outcome
geometry,survface,magface-6931178ad2025e1b3799,pca,pca_64,face_attention,angular_error_rad,182148,124729,,,,0.28237969824430864,0.95,0.27277282944287873,0.29236505450982414,500,weighted_rerank,identity-cluster-weighted-rerank-v1,,continuous_outcome
geometry,survface,magface-6931178ad2025e1b3799,pca,pca_64,face_attention,reconstruction_mse,182148,124729,,,,0.2824075942814185,0.95,0.27280377235960385,0.2923951621037708,500,weighted_rerank,identity-cluster-weighted-rerank-v1,,continuous_outcome
geometry,survface,magface-6931178ad2025e1b3799,pca,pca_64,face_attention,cosine_to_origin,182148,124729,,,,-0.28237969824430864,0.95,-0.29236505450982414,-0.27277282944287873,500,weighted_rerank,identity-cluster-weighted-rerank-v1,,continuous_outcome
geometry,survface,magface-6931178ad2025e1b3799,pca,pca_64,outside_face_attention,angular_error_rad,182148,124729,,,,-0.28237969824430864,0.95,-0.29236505450982414,-0.27277282944287873,500,weighted_rerank,identity-cluster-weighted-rerank-v1,,continuous_outcome
geometry,survface,magface-6931178ad2025e1b3799,pca,pca_64,outside_face_attention,reconstruction_mse,182148,124729,,,,-0.2824075942814185,0.95,-0.2923951621037708,-0.27280377235960385,500,weighted_rerank,identity-cluster-weighted-rerank-v1,,continuous_outcome
geometry,survface,magface-6931178ad2025e1b3799,pca,pca_64,outside_face_attention,cosine_to_origin,182148,124729,,,,0.28237969824430864,0.95,0.27277282944287873,0.29236505450982414,500,weighted_rerank,identity-cluster-weighted-rerank-v1,,continuous_outcome
geometry,survface,magface-6931178ad2025e1b3799,pca,pca_64,saliency_entropy,angular_error_rad,182148,124729,,,,0.23349066788382755,0.95,0.22733905275926752,0.24009781132939714,500,weighted_rerank,identity-cluster-weighted-rerank-v1,,continuous_outcome
geometry,survface,magface-6931178ad2025e1b3799,pca,pca_64,saliency_entropy,reconstruction_mse,182148,124729,,,,0.2334873505574917,0.95,0.22733680440331563,0.240092253756991,500,weighted_rerank,identity-cluster-weighted-rerank-v1,,continuous_outcome
geometry,survface,magface-6931178ad2025e1b3799,pca,pca_64,saliency_entropy,cosine_to_origin,182148,124729,,,,-0.23349066788382755,0.95,-0.24009781132939714,-0.22733905275926752,500,weighted_rerank,identity-cluster-weighted-rerank-v1,,continuous_outcome
geometry,survface,magface-6931178ad2025e1b3799,pca,pca_64,maximum_region_concentration,angular_error_rad,182148,124729,,,,-0.11527255971292998,0.95,-0.12157896728608471,-0.11025176582413344,500,weighted_rerank,identity-cluster-weighted-rerank-v1,,continuous_outcome
geometry,survface,magface-6931178ad2025e1b3799,pca,pca_64,maximum_region_concentration,reconstruction_mse,182148,124729,,,,-0.11526779119666693,0.95,-0.12157274626911345,-0.1102449775835572,500,weighted_rerank,identity-cluster-weighted-rerank-v1,,continuous_outcome
geometry,survface,magface-6931178ad2025e1b3799,pca,pca_64,maximum_region_concentration,cosine_to_origin,182148,124729,,,,0.11527255971292998,0.95,0.11025176582413344,0.12157896728608471,500,weighted_rerank,identity-cluster-weighted-rerank-v1,,continuous_outcome
geometry,survface,magface-6931178ad2025e1b3799,pca,pca_64,left_right_asymmetry,angular_error_rad,182148,124729,,,,-0.0954418500966556,0.95,-0.1020989528026889,-0.08914117717320441,500,weighted_rerank,identity-cluster-weighted-rerank-v1,,continuous_outcome
geometry,survface,magface-6931178ad2025e1b3799,pca,pca_64,left_right_asymmetry,reconstruction_mse,182148,124729,,,,-0.0954476574621183,0.95,-0.10210289253180327,-0.08915013444420791,500,weighted_rerank,identity-cluster-weighted-rerank-v1,,continuous_outcome
geometry,survface,magface-6931178ad2025e1b3799,pca,pca_64,left_right_asymmetry,cosine_to_origin,182148,124729,,,,0.0954418500966556,0.95,0.08914117717320441,0.1020989528026889,500,weighted_rerank,identity-cluster-weighted-rerank-v1,,continuous_outcome
geometry,survface,magface-6931178ad2025e1b3799,pca,pca_64,saliency_center_x,angular_error_rad,182148,124729,,,,-0.053950028430293465,0.95,-0.061340844139116626,-0.046371449181264936,500,weighted_rerank,identity-cluster-weighted-rerank-v1,,continuous_outcome
geometry,survface,magface-6931178ad2025e1b3799,pca,pca_64,saliency_center_x,reconstruction_mse,182148,124729,,,,-0.05393297536854047,0.95,-0.06131983759613462,-0.04636325469599804,500,weighted_rerank,identity-cluster-weighted-rerank-v1,,continuous_outcome
geometry,survface,magface-6931178ad2025e1b3799,pca,pca_64,saliency_center_x,cosine_to_origin,182148,124729,,,,0.053950028430293465,0.95,0.046371449181264936,0.0613408441391162,500,weighted_rerank,identity-cluster-weighted-rerank-v1,,continuous_outcome
geometry,survface,magface-6931178ad2025e1b3799,pca,pca_64,saliency_center_y,angular_error_rad,182148,124729,,,,0.07168726780527226,0.95,0.06541339232726673,0.07758514256462534,500,weighted_rerank,identity-cluster-weighted-rerank-v1,,continuous_outcome
geometry,survface,magface-6931178ad2025e1b3799,pca,pca_64,saliency_center_y,reconstruction_mse,182148,124729,,,,0.07169215809867731,0.95,0.06541367904351254,0.07758633650597016,500,weighted_rerank,identity-cluster-weighted-rerank-v1,,continuous_outcome
geometry,survface,magface-6931178ad2025e1b3799,pca,pca_64,saliency_center_y,cosine_to_origin,182148,124729,,,,-0.07168726780527226,0.95,-0.07758514256462534,-0.06541339232726673,500,weighted_rerank,identity-cluster-weighted-rerank-v1,,continuous_outcome
geometry,survface,magface-6931178ad2025e1b3799,pca,pca_64,saliency_spread,angular_error_rad,182148,124729,,,,0.066965922034747,0.95,0.060489543503495655,0.07376698366116985,500,weighted_rerank,identity-cluster-weighted-rerank-v1,,continuous_outcome
geometry,survface,magface-6931178ad2025e1b3799,pca,pca_64,saliency_spread,reconstruction_mse,182148,124729,,,,0.06690620581157355,0.95,0.06042960492110425,0.07371107330510927,500,weighted_rerank,identity-cluster-weighted-rerank-v1,,continuous_outcome
geometry,survface,magface-6931178ad2025e1b3799,pca,pca_64,saliency_spread,cosine_to_origin,182148,124729,,,,-0.066965922034747,0.95,-0.07376698366116985,-0.060489543503495655,500,weighted_rerank,identity-cluster-weighted-rerank-v1,,continuous_outcome
geometry,survface,magface-6931178ad2025e1b3799,pq,pq_512_m128_b8,quadrant_top_left,angular_error_rad,182148,124729,,,,0.01601058454555071,0.95,0.009833968262311683,0.02273729233447897,500,weighted_rerank,identity-cluster-weighted-rerank-v1,,continuous_outcome
geometry,survface,magface-6931178ad2025e1b3799,pq,pq_512_m128_b8,quadrant_top_left,reconstruction_mse,182148,124729,,,,0.016056587420577705,0.95,0.009847754973602425,0.022844138195470723,500,weighted_rerank,identity-cluster-weighted-rerank-v1,,continuous_outcome
geometry,survface,magface-6931178ad2025e1b3799,pq,pq_512_m128_b8,quadrant_top_left,cosine_to_origin,182148,124729,,,,-0.01601058454555071,0.95,-0.022737292334478975,-0.009833968262311685,500,weighted_rerank,identity-cluster-weighted-rerank-v1,,continuous_outcome
geometry,survface,magface-6931178ad2025e1b3799,pq,pq_512_m128_b8,quadrant_top_right,angular_error_rad,182148,124729,,,,-0.027777675162808747,0.95,-0.03491845344113488,-0.021115345056966762,500,weighted_rerank,identity-cluster-weighted-rerank-v1,,continuous_outcome
geometry,survface,magface-6931178ad2025e1b3799,pq,pq_512_m128_b8,quadrant_top_right,reconstruction_mse,182148,124729,,,,-0.027775808154678987,0.95,-0.034948548467580574,-0.021158492555909066,500,weighted_rerank,identity-cluster-weighted-rerank-v1,,continuous_outcome
geometry,survface,magface-6931178ad2025e1b3799,pq,pq_512_m128_b8,quadrant_top_right,cosine_to_origin,182148,124729,,,,0.027777675162808747,0.95,0.021115345056966762,0.03491845344113488,500,weighted_rerank,identity-cluster-weighted-rerank-v1,,continuous_outcome
geometry,survface,magface-6931178ad2025e1b3799,pq,pq_512_m128_b8,quadrant_bottom_left,angular_error_rad,182148,124729,,,,0.0719280381429365,0.95,0.06543465259010237,0.07850180917759707,500,weighted_rerank,identity-cluster-weighted-rerank-v1,,continuous_outcome
geometry,survface,magface-6931178ad2025e1b3799,pq,pq_512_m128_b8,quadrant_bottom_left,reconstruction_mse,182148,124729,,,,0.07189710977969793,0.95,0.0653712223964189,0.07845874487186547,500,weighted_rerank,identity-cluster-weighted-rerank-v1,,continuous_outcome
geometry,survface,magface-6931178ad2025e1b3799,pq,pq_512_m128_b8,quadrant_bottom_left,cosine_to_origin,182148,124729,,,,-0.0719280381429365,0.95,-0.07850180917759708,-0.06543465259010237,500,weighted_rerank,identity-cluster-weighted-rerank-v1,,continuous_outcome
geometry,survface,magface-6931178ad2025e1b3799,pq,pq_512_m128_b8,quadrant_bottom_right,angular_error_rad,182148,124729,,,,0.011698837917323821,0.95,0.005773668149060038,0.017541366004105094,500,weighted_rerank,identity-cluster-weighted-rerank-v1,,continuous_outcome
geometry,survface,magface-6931178ad2025e1b3799,pq,pq_512_m128_b8,quadrant_bottom_right,reconstruction_mse,182148,124729,,,,0.011621243423552606,0.95,0.005664601817817894,0.017421432068406156,500,weighted_rerank,identity-cluster-weighted-rerank-v1,,continuous_outcome
geometry,survface,magface-6931178ad2025e1b3799,pq,pq_512_m128_b8,quadrant_bottom_right,cosine_to_origin,182148,124729,,,,-0.011698837917323821,0.95,-0.017541366004105094,-0.005773668149060038,500,weighted_rerank,identity-cluster-weighted-rerank-v1,,continuous_outcome
geometry,survface,magface-6931178ad2025e1b3799,pq,pq_512_m128_b8,left_eye_attention,angular_error_rad,182148,124729,,,,0.04175277195977841,0.95,0.03487813602474359,0.04816661431080963,500,weighted_rerank,identity-cluster-weighted-rerank-v1,,continuous_outcome
geometry,survface,magface-6931178ad2025e1b3799,pq,pq_512_m128_b8,left_eye_attention,reconstruction_mse,182148,124729,,,,0.04172966483359342,0.95,0.03489564370494804,0.048139098368884366,500,weighted_rerank,identity-cluster-weighted-rerank-v1,,continuous_outcome
geometry,survface,magface-6931178ad2025e1b3799,pq,pq_512_m128_b8,left_eye_attention,cosine_to_origin,182148,124729,,,,-0.04175277195977841,0.95,-0.04816661431080963,-0.0348781360247436,500,weighted_rerank,identity-cluster-weighted-rerank-v1,,continuous_outcome
geometry,survface,magface-6931178ad2025e1b3799,pq,pq_512_m128_b8,right_eye_attention,angular_error_rad,182148,124729,,,,0.06931787633446632,0.95,0.06325495003442295,0.07543775500935708,500,weighted_rerank,identity-cluster-weighted-rerank-v1,,continuous_outcome
geometry,survface,magface-6931178ad2025e1b3799,pq,pq_512_m128_b8,right_eye_attention,reconstruction_mse,182148,124729,,,,0.06924551943127413,0.95,0.0631442299855304,0.07535808631446726,500,weighted_rerank,identity-cluster-weighted-rerank-v1,,continuous_outcome
geometry,survface,magface-6931178ad2025e1b3799,pq,pq_512_m128_b8,right_eye_attention,cosine_to_origin,182148,124729,,,,-0.06931787633446632,0.95,-0.07543775500935708,-0.06325495003442348,500,weighted_rerank,identity-cluster-weighted-rerank-v1,,continuous_outcome
geometry,survface,magface-6931178ad2025e1b3799,pq,pq_512_m128_b8,nose_attention,angular_error_rad,182148,124729,,,,0.09430106968852141,0.95,0.08707629605754466,0.10208330477419554,500,weighted_rerank,identity-cluster-weighted-rerank-v1,,continuous_outcome
geometry,survface,magface-6931178ad2025e1b3799,pq,pq_512_m128_b8,nose_attention,reconstruction_mse,182148,124729,,,,0.09423797576468376,0.95,0.0870308334730583,0.10201870105375256,500,weighted_rerank,identity-cluster-weighted-rerank-v1,,continuous_outcome
geometry,survface,magface-6931178ad2025e1b3799,pq,pq_512_m128_b8,nose_attention,cosine_to_origin,182148,124729,,,,-0.09430106968852141,0.95,-0.10208330477419554,-0.08707629605754466,500,weighted_rerank,identity-cluster-weighted-rerank-v1,,continuous_outcome
geometry,survface,magface-6931178ad2025e1b3799,pq,pq_512_m128_b8,mouth_attention,angular_error_rad,182148,124729,,,,0.20534428961242746,0.95,0.1997120486907366,0.2118547368630067,500,weighted_rerank,identity-cluster-weighted-rerank-v1,,continuous_outcome
geometry,survface,magface-6931178ad2025e1b3799,pq,pq_512_m128_b8,mouth_attention,reconstruction_mse,182148,124729,,,,0.20523305069188819,0.95,0.1995785883824713,0.21175588808667814,500,weighted_rerank,identity-cluster-weighted-rerank-v1,,continuous_outcome
geometry,survface,magface-6931178ad2025e1b3799,pq,pq_512_m128_b8,mouth_attention,cosine_to_origin,182148,124729,,,,-0.20534428961242746,0.95,-0.2118547368630067,-0.1997120486907366,500,weighted_rerank,identity-cluster-weighted-rerank-v1,,continuous_outcome
geometry,survface,magface-6931178ad2025e1b3799,pq,pq_512_m128_b8,left_cheek_attention,angular_error_rad,180850,123634,,,,0.11868342822923532,0.95,0.11310994806378197,0.12387892180082859,500,weighted_rerank,identity-cluster-weighted-rerank-v1,,continuous_outcome
geometry,survface,magface-6931178ad2025e1b3799,pq,pq_512_m128_b8,left_cheek_attention,reconstruction_mse,180850,123634,,,,0.11862054937056184,0.95,0.1130416053567584,0.12381611081280727,500,weighted_rerank,identity-cluster-weighted-rerank-v1,,continuous_outcome
geometry,survface,magface-6931178ad2025e1b3799,pq,pq_512_m128_b8,left_cheek_attention,cosine_to_origin,180850,123634,,,,-0.11868342822923532,0.95,-0.12387892180082859,-0.11310994806378197,500,weighted_rerank,identity-cluster-weighted-rerank-v1,,continuous_outcome
geometry,survface,magface-6931178ad2025e1b3799,pq,pq_512_m128_b8,right_cheek_attention,angular_error_rad,180782,123696,,,,0.10808834716283146,0.95,0.10178449800121915,0.11426851684285708,500,weighted_rerank,identity-cluster-weighted-rerank-v1,,continuous_outcome
geometry,survface,magface-6931178ad2025e1b3799,pq,pq_512_m128_b8,right_cheek_attention,reconstruction_mse,180782,123696,,,,0.10797550733256292,0.95,0.1016928846434829,0.11416598160844886,500,weighted_rerank,identity-cluster-weighted-rerank-v1,,continuous_outcome
geometry,survface,magface-6931178ad2025e1b3799,pq,pq_512_m128_b8,right_cheek_attention,cosine_to_origin,180782,123696,,,,-0.10808834716283146,0.95,-0.11426851684285708,-0.10178449800121915,500,weighted_rerank,identity-cluster-weighted-rerank-v1,,continuous_outcome
geometry,survface,magface-6931178ad2025e1b3799,pq,pq_512_m128_b8,jaw_attention,angular_error_rad,182148,124729,,,,0.22669065282595288,0.95,0.22034311857168346,0.23333409730001703,500,weighted_rerank,identity-cluster-weighted-rerank-v1,,continuous_outcome
geometry,survface,magface-6931178ad2025e1b3799,pq,pq_512_m128_b8,jaw_attention,reconstruction_mse,182148,124729,,,,0.22661591398974512,0.95,0.22028311153997274,0.23325699464465463,500,weighted_rerank,identity-cluster-weighted-rerank-v1,,continuous_outcome
geometry,survface,magface-6931178ad2025e1b3799,pq,pq_512_m128_b8,jaw_attention,cosine_to_origin,182148,124729,,,,-0.22669065282595288,0.95,-0.23333409730001703,-0.22034311857168346,500,weighted_rerank,identity-cluster-weighted-rerank-v1,,continuous_outcome
geometry,survface,magface-6931178ad2025e1b3799,pq,pq_512_m128_b8,face_attention,angular_error_rad,182148,124729,,,,0.2809176223813575,0.95,0.272074306101834,0.29020698072887174,500,weighted_rerank,identity-cluster-weighted-rerank-v1,,continuous_outcome
geometry,survface,magface-6931178ad2025e1b3799,pq,pq_512_m128_b8,face_attention,reconstruction_mse,182148,124729,,,,0.28081462739427093,0.95,0.27198916809190654,0.290110334469482,500,weighted_rerank,identity-cluster-weighted-rerank-v1,,continuous_outcome
geometry,survface,magface-6931178ad2025e1b3799,pq,pq_512_m128_b8,face_attention,cosine_to_origin,182148,124729,,,,-0.2809176223813575,0.95,-0.29020698072887174,-0.272074306101834,500,weighted_rerank,identity-cluster-weighted-rerank-v1,,continuous_outcome
geometry,survface,magface-6931178ad2025e1b3799,pq,pq_512_m128_b8,outside_face_attention,angular_error_rad,182148,124729,,,,-0.2809176223813575,0.95,-0.29020698072887174,-0.272074306101834,500,weighted_rerank,identity-cluster-weighted-rerank-v1,,continuous_outcome
geometry,survface,magface-6931178ad2025e1b3799,pq,pq_512_m128_b8,outside_face_attention,reconstruction_mse,182148,124729,,,,-0.28081462739427093,0.95,-0.290110334469482,-0.27198916809190654,500,weighted_rerank,identity-cluster-weighted-rerank-v1,,continuous_outcome
geometry,survface,magface-6931178ad2025e1b3799,pq,pq_512_m128_b8,outside_face_attention,cosine_to_origin,182148,124729,,,,0.2809176223813575,0.95,0.272074306101834,0.29020698072887174,500,weighted_rerank,identity-cluster-weighted-rerank-v1,,continuous_outcome
geometry,survface,magface-6931178ad2025e1b3799,pq,pq_512_m128_b8,saliency_entropy,angular_error_rad,182148,124729,,,,0.2483705525958414,0.95,0.2421092358811677,0.25527192030162765,500,weighted_rerank,identity-cluster-weighted-rerank-v1,,continuous_outcome
geometry,survface,magface-6931178ad2025e1b3799,pq,pq_512_m128_b8,saliency_entropy,reconstruction_mse,182148,124729,,,,0.24833042071527336,0.95,0.2420892743812567,0.2552275414430007,500,weighted_rerank,identity-cluster-weighted-rerank-v1,,continuous_outcome
geometry,survface,magface-6931178ad2025e1b3799,pq,pq_512_m128_b8,saliency_entropy,cosine_to_origin,182148,124729,,,,-0.2483705525958414,0.95,-0.25527192030162765,-0.2421092358811677,500,weighted_rerank,identity-cluster-weighted-rerank-v1,,continuous_outcome
geometry,survface,magface-6931178ad2025e1b3799,pq,pq_512_m128_b8,maximum_region_concentration,angular_error_rad,182148,124729,,,,-0.12537499842564193,0.95,-0.13177927977744236,-0.1198118201561766,500,weighted_rerank,identity-cluster-weighted-rerank-v1,,continuous_outcome
geometry,survface,magface-6931178ad2025e1b3799,pq,pq_512_m128_b8,maximum_region_concentration,reconstruction_mse,182148,124729,,,,-0.1252732390860007,0.95,-0.13167574134019094,-0.1197535767062454,500,weighted_rerank,identity-cluster-weighted-rerank-v1,,continuous_outcome
geometry,survface,magface-6931178ad2025e1b3799,pq,pq_512_m128_b8,maximum_region_concentration,cosine_to_origin,182148,124729,,,,0.12537499842564193,0.95,0.1198118201561766,0.13177927977744236,500,weighted_rerank,identity-cluster-weighted-rerank-v1,,continuous_outcome
geometry,survface,magface-6931178ad2025e1b3799,pq,pq_512_m128_b8,left_right_asymmetry,angular_error_rad,182148,124729,,,,-0.11287835417756133,0.95,-0.11930056020021947,-0.10668498341242211,500,weighted_rerank,identity-cluster-weighted-rerank-v1,,continuous_outcome
geometry,survface,magface-6931178ad2025e1b3799,pq,pq_512_m128_b8,left_right_asymmetry,reconstruction_mse,182148,124729,,,,-0.11290769135502637,0.95,-0.11930301069652184,-0.10668346579994989,500,weighted_rerank,identity-cluster-weighted-rerank-v1,,continuous_outcome
geometry,survface,magface-6931178ad2025e1b3799,pq,pq_512_m128_b8,left_right_asymmetry,cosine_to_origin,182148,124729,,,,0.11287835417756133,0.95,0.10668498341242211,0.11930056020021947,500,weighted_rerank,identity-cluster-weighted-rerank-v1,,continuous_outcome
geometry,survface,magface-6931178ad2025e1b3799,pq,pq_512_m128_b8,saliency_center_x,angular_error_rad,182148,124729,,,,-0.040990696773661725,0.95,-0.04818802857381263,-0.033740343355961835,500,weighted_rerank,identity-cluster-weighted-rerank-v1,,continuous_outcome
geometry,survface,magface-6931178ad2025e1b3799,pq,pq_512_m128_b8,saliency_center_x,reconstruction_mse,182148,124729,,,,-0.0410225580648018,0.95,-0.04824345682792695,-0.033737462055405974,500,weighted_rerank,identity-cluster-weighted-rerank-v1,,continuous_outcome
geometry,survface,magface-6931178ad2025e1b3799,pq,pq_512_m128_b8,saliency_center_x,cosine_to_origin,182148,124729,,,,0.040990696773661725,0.95,0.033740343355961835,0.04818802857381262,500,weighted_rerank,identity-cluster-weighted-rerank-v1,,continuous_outcome
geometry,survface,magface-6931178ad2025e1b3799,pq,pq_512_m128_b8,saliency_center_y,angular_error_rad,182148,124729,,,,0.06625425453689654,0.95,0.060236553949129565,0.07227235019675601,500,weighted_rerank,identity-cluster-weighted-rerank-v1,,continuous_outcome
geometry,survface,magface-6931178ad2025e1b3799,pq,pq_512_m128_b8,saliency_center_y,reconstruction_mse,182148,124729,,,,0.06621134709779027,0.95,0.06022106738095377,0.07221173883143135,500,weighted_rerank,identity-cluster-weighted-rerank-v1,,continuous_outcome
geometry,survface,magface-6931178ad2025e1b3799,pq,pq_512_m128_b8,saliency_center_y,cosine_to_origin,182148,124729,,,,-0.06625425453689654,0.95,-0.07227235019675601,-0.060236553949129565,500,weighted_rerank,identity-cluster-weighted-rerank-v1,,continuous_outcome
geometry,survface,magface-6931178ad2025e1b3799,pq,pq_512_m128_b8,saliency_spread,angular_error_rad,182148,124729,,,,0.052008636844944736,0.95,0.04575927671157281,0.058360664551737926,500,weighted_rerank,identity-cluster-weighted-rerank-v1,,continuous_outcome
geometry,survface,magface-6931178ad2025e1b3799,pq,pq_512_m128_b8,saliency_spread,reconstruction_mse,182148,124729,,,,0.05203289324055428,0.95,0.0458166390225137,0.05834204555995584,500,weighted_rerank,identity-cluster-weighted-rerank-v1,,continuous_outcome
geometry,survface,magface-6931178ad2025e1b3799,pq,pq_512_m128_b8,saliency_spread,cosine_to_origin,182148,124729,,,,-0.052008636844944736,0.95,-0.058360664551737926,-0.04575927671157281,500,weighted_rerank,identity-cluster-weighted-rerank-v1,,continuous_outcome
geometry,survface,magface-6931178ad2025e1b3799,pq,pq_512_m16_b8,quadrant_top_left,angular_error_rad,182148,124729,,,,0.018924653579138823,0.95,0.011861360510819575,0.026311054601128262,500,weighted_rerank,identity-cluster-weighted-rerank-v1,,continuous_outcome
geometry,survface,magface-6931178ad2025e1b3799,pq,pq_512_m16_b8,quadrant_top_left,reconstruction_mse,182148,124729,,,,0.018987834117520253,0.95,0.01193629579797244,0.026342369213963646,500,weighted_rerank,identity-cluster-weighted-rerank-v1,,continuous_outcome
geometry,survface,magface-6931178ad2025e1b3799,pq,pq_512_m16_b8,quadrant_top_left,cosine_to_origin,182148,124729,,,,-0.018924653579138823,0.95,-0.026311054601128262,-0.011861360510819575,500,weighted_rerank,identity-cluster-weighted-rerank-v1,,continuous_outcome
geometry,survface,magface-6931178ad2025e1b3799,pq,pq_512_m16_b8,quadrant_top_right,angular_error_rad,182148,124729,,,,-0.06077423958552467,0.95,-0.06775588208423211,-0.05398850296316883,500,weighted_rerank,identity-cluster-weighted-rerank-v1,,continuous_outcome
geometry,survface,magface-6931178ad2025e1b3799,pq,pq_512_m16_b8,quadrant_top_right,reconstruction_mse,182148,124729,,,,-0.06053019609902137,0.95,-0.06750464529554145,-0.05373322823804705,500,weighted_rerank,identity-cluster-weighted-rerank-v1,,continuous_outcome
geometry,survface,magface-6931178ad2025e1b3799,pq,pq_512_m16_b8,quadrant_top_right,cosine_to_origin,182148,124729,,,,0.06077423958552467,0.95,0.05398850296316882,0.06775588208423211,500,weighted_rerank,identity-cluster-weighted-rerank-v1,,continuous_outcome
geometry,survface,magface-6931178ad2025e1b3799,pq,pq_512_m16_b8,quadrant_bottom_left,angular_error_rad,182148,124729,,,,0.08770692110090222,0.95,0.08176700394154839,0.09435936090976149,500,weighted_rerank,identity-cluster-weighted-rerank-v1,,continuous_outcome
geometry,survface,magface-6931178ad2025e1b3799,pq,pq_512_m16_b8,quadrant_bottom_left,reconstruction_mse,182148,124729,,,,0.08741672251233763,0.95,0.08151206499793176,0.09408329435744164,500,weighted_rerank,identity-cluster-weighted-rerank-v1,,continuous_outcome
geometry,survface,magface-6931178ad2025e1b3799,pq,pq_512_m16_b8,quadrant_bottom_left,cosine_to_origin,182148,124729,,,,-0.08770692110090222,0.95,-0.09435936090976149,-0.08176700394154839,500,weighted_rerank,identity-cluster-weighted-rerank-v1,,continuous_outcome
geometry,survface,magface-6931178ad2025e1b3799,pq,pq_512_m16_b8,quadrant_bottom_right,angular_error_rad,182148,124729,,,,0.0277445723490148,0.95,0.022158932192998238,0.03438856883887843,500,weighted_rerank,identity-cluster-weighted-rerank-v1,,continuous_outcome
geometry,survface,magface-6931178ad2025e1b3799,pq,pq_512_m16_b8,quadrant_bottom_right,reconstruction_mse,182148,124729,,,,0.027628249714360707,0.95,0.022039228277498168,0.03428169531807983,500,weighted_rerank,identity-cluster-weighted-rerank-v1,,continuous_outcome
geometry,survface,magface-6931178ad2025e1b3799,pq,pq_512_m16_b8,quadrant_bottom_right,cosine_to_origin,182148,124729,,,,-0.0277445723490148,0.95,-0.03438856883887843,-0.02215893219299824,500,weighted_rerank,identity-cluster-weighted-rerank-v1,,continuous_outcome
geometry,survface,magface-6931178ad2025e1b3799,pq,pq_512_m16_b8,left_eye_attention,angular_error_rad,182148,124729,,,,0.03352284455992206,0.95,0.026809522401554264,0.0400388391338381,500,weighted_rerank,identity-cluster-weighted-rerank-v1,,continuous_outcome
geometry,survface,magface-6931178ad2025e1b3799,pq,pq_512_m16_b8,left_eye_attention,reconstruction_mse,182148,124729,,,,0.03344512465150849,0.95,0.026733036490926586,0.03996755165638632,500,weighted_rerank,identity-cluster-weighted-rerank-v1,,continuous_outcome
geometry,survface,magface-6931178ad2025e1b3799,pq,pq_512_m16_b8,left_eye_attention,cosine_to_origin,182148,124729,,,,-0.03352284455992206,0.95,-0.0400388391338381,-0.026809522401554268,500,weighted_rerank,identity-cluster-weighted-rerank-v1,,continuous_outcome
geometry,survface,magface-6931178ad2025e1b3799,pq,pq_512_m16_b8,right_eye_attention,angular_error_rad,182148,124729,,,,0.05170048541414623,0.95,0.04529154560472512,0.057670928876938185,500,weighted_rerank,identity-cluster-weighted-rerank-v1,,continuous_outcome
geometry,survface,magface-6931178ad2025e1b3799,pq,pq_512_m16_b8,right_eye_attention,reconstruction_mse,182148,124729,,,,0.05156595509151354,0.95,0.04515143510298182,0.05758125371788986,500,weighted_rerank,identity-cluster-weighted-rerank-v1,,continuous_outcome
geometry,survface,magface-6931178ad2025e1b3799,pq,pq_512_m16_b8,right_eye_attention,cosine_to_origin,182148,124729,,,,-0.05170048541414623,0.95,-0.057670928876938185,-0.04529154560472512,500,weighted_rerank,identity-cluster-weighted-rerank-v1,,continuous_outcome
geometry,survface,magface-6931178ad2025e1b3799,pq,pq_512_m16_b8,nose_attention,angular_error_rad,182148,124729,,,,0.08433099908074487,0.95,0.0761527795160694,0.09377658662800194,500,weighted_rerank,identity-cluster-weighted-rerank-v1,,continuous_outcome
geometry,survface,magface-6931178ad2025e1b3799,pq,pq_512_m16_b8,nose_attention,reconstruction_mse,182148,124729,,,,0.08409502050955338,0.95,0.07591775548740777,0.09352757725784065,500,weighted_rerank,identity-cluster-weighted-rerank-v1,,continuous_outcome
geometry,survface,magface-6931178ad2025e1b3799,pq,pq_512_m16_b8,nose_attention,cosine_to_origin,182148,124729,,,,-0.08433099908074487,0.95,-0.09377658662800194,-0.0761527795160694,500,weighted_rerank,identity-cluster-weighted-rerank-v1,,continuous_outcome
geometry,survface,magface-6931178ad2025e1b3799,pq,pq_512_m16_b8,mouth_attention,angular_error_rad,182148,124729,,,,0.22379592310063062,0.95,0.21815801457489997,0.22986939839940634,500,weighted_rerank,identity-cluster-weighted-rerank-v1,,continuous_outcome
geometry,survface,magface-6931178ad2025e1b3799,pq,pq_512_m16_b8,mouth_attention,reconstruction_mse,182148,124729,,,,0.22342935662981236,0.95,0.21779948675013816,0.22950090335738674,500,weighted_rerank,identity-cluster-weighted-rerank-v1,,continuous_outcome
geometry,survface,magface-6931178ad2025e1b3799,pq,pq_512_m16_b8,mouth_attention,cosine_to_origin,182148,124729,,,,-0.22379592310063062,0.95,-0.22986939839940634,-0.21815801457489997,500,weighted_rerank,identity-cluster-weighted-rerank-v1,,continuous_outcome
geometry,survface,magface-6931178ad2025e1b3799,pq,pq_512_m16_b8,left_cheek_attention,angular_error_rad,180850,123634,,,,0.12444621341230665,0.95,0.1186185427225646,0.1303973227947255,500,weighted_rerank,identity-cluster-weighted-rerank-v1,,continuous_outcome
geometry,survface,magface-6931178ad2025e1b3799,pq,pq_512_m16_b8,left_cheek_attention,reconstruction_mse,180850,123634,,,,0.12427504623286902,0.95,0.11843686654448808,0.13021609309030036,500,weighted_rerank,identity-cluster-weighted-rerank-v1,,continuous_outcome
geometry,survface,magface-6931178ad2025e1b3799,pq,pq_512_m16_b8,left_cheek_attention,cosine_to_origin,180850,123634,,,,-0.12444621341230665,0.95,-0.1303973227947255,-0.11861854272256461,500,weighted_rerank,identity-cluster-weighted-rerank-v1,,continuous_outcome
geometry,survface,magface-6931178ad2025e1b3799,pq,pq_512_m16_b8,right_cheek_attention,angular_error_rad,180782,123696,,,,0.11847091124431573,0.95,0.11173680143541347,0.12614079308612164,500,weighted_rerank,identity-cluster-weighted-rerank-v1,,continuous_outcome
geometry,survface,magface-6931178ad2025e1b3799,pq,pq_512_m16_b8,right_cheek_attention,reconstruction_mse,180782,123696,,,,0.11833254250480325,0.95,0.11157209750532339,0.12600678497067067,500,weighted_rerank,identity-cluster-weighted-rerank-v1,,continuous_outcome
geometry,survface,magface-6931178ad2025e1b3799,pq,pq_512_m16_b8,right_cheek_attention,cosine_to_origin,180782,123696,,,,-0.11847091124431573,0.95,-0.12614079308612164,-0.11173680143541347,500,weighted_rerank,identity-cluster-weighted-rerank-v1,,continuous_outcome
geometry,survface,magface-6931178ad2025e1b3799,pq,pq_512_m16_b8,jaw_attention,angular_error_rad,182148,124729,,,,0.25115856274430387,0.95,0.24547561050268293,0.25774333747453804,500,weighted_rerank,identity-cluster-weighted-rerank-v1,,continuous_outcome
geometry,survface,magface-6931178ad2025e1b3799,pq,pq_512_m16_b8,jaw_attention,reconstruction_mse,182148,124729,,,,0.25077055674996257,0.95,0.24510134548297394,0.2573606836996982,500,weighted_rerank,identity-cluster-weighted-rerank-v1,,continuous_outcome
geometry,survface,magface-6931178ad2025e1b3799,pq,pq_512_m16_b8,jaw_attention,cosine_to_origin,182148,124729,,,,-0.25115856274430387,0.95,-0.25774333747453804,-0.24547561050268293,500,weighted_rerank,identity-cluster-weighted-rerank-v1,,continuous_outcome
geometry,survface,magface-6931178ad2025e1b3799,pq,pq_512_m16_b8,face_attention,angular_error_rad,182148,124729,,,,0.278917870910167,0.95,0.26945421009296044,0.28886118208173633,500,weighted_rerank,identity-cluster-weighted-rerank-v1,,continuous_outcome
geometry,survface,magface-6931178ad2025e1b3799,pq,pq_512_m16_b8,face_attention,reconstruction_mse,182148,124729,,,,0.2783785870231847,0.95,0.2689416664266951,0.28830237522827024,500,weighted_rerank,identity-cluster-weighted-rerank-v1,,continuous_outcome
geometry,survface,magface-6931178ad2025e1b3799,pq,pq_512_m16_b8,face_attention,cosine_to_origin,182148,124729,,,,-0.278917870910167,0.95,-0.28886118208173633,-0.26945421009296044,500,weighted_rerank,identity-cluster-weighted-rerank-v1,,continuous_outcome
geometry,survface,magface-6931178ad2025e1b3799,pq,pq_512_m16_b8,outside_face_attention,angular_error_rad,182148,124729,,,,-0.278917870910167,0.95,-0.28886118208173633,-0.26945421009296044,500,weighted_rerank,identity-cluster-weighted-rerank-v1,,continuous_outcome
geometry,survface,magface-6931178ad2025e1b3799,pq,pq_512_m16_b8,outside_face_attention,reconstruction_mse,182148,124729,,,,-0.2783785870231847,0.95,-0.28830237522827024,-0.2689416664266951,500,weighted_rerank,identity-cluster-weighted-rerank-v1,,continuous_outcome
geometry,survface,magface-6931178ad2025e1b3799,pq,pq_512_m16_b8,outside_face_attention,cosine_to_origin,182148,124729,,,,0.278917870910167,0.95,0.26945421009296044,0.28886118208173633,500,weighted_rerank,identity-cluster-weighted-rerank-v1,,continuous_outcome
geometry,survface,magface-6931178ad2025e1b3799,pq,pq_512_m16_b8,saliency_entropy,angular_error_rad,182148,124729,,,,0.2530795966849244,0.95,0.24691949670076474,0.2598147407078657,500,weighted_rerank,identity-cluster-weighted-rerank-v1,,continuous_outcome
geometry,survface,magface-6931178ad2025e1b3799,pq,pq_512_m16_b8,saliency_entropy,reconstruction_mse,182148,124729,,,,0.25269016857578935,0.95,0.24654669137720606,0.2594338364187971,500,weighted_rerank,identity-cluster-weighted-rerank-v1,,continuous_outcome
geometry,survface,magface-6931178ad2025e1b3799,pq,pq_512_m16_b8,saliency_entropy,cosine_to_origin,182148,124729,,,,-0.2530795966849244,0.95,-0.2598147407078657,-0.24691949670076474,500,weighted_rerank,identity-cluster-weighted-rerank-v1,,continuous_outcome
geometry,survface,magface-6931178ad2025e1b3799,pq,pq_512_m16_b8,maximum_region_concentration,angular_error_rad,182148,124729,,,,-0.12648342620864433,0.95,-0.13252183959604766,-0.12076230119886451,500,weighted_rerank,identity-cluster-weighted-rerank-v1,,continuous_outcome
geometry,survface,magface-6931178ad2025e1b3799,pq,pq_512_m16_b8,maximum_region_concentration,reconstruction_mse,182148,124729,,,,-0.12630576015830436,0.95,-0.1323312927213551,-0.1206002841461104,500,weighted_rerank,identity-cluster-weighted-rerank-v1,,continuous_outcome
geometry,survface,magface-6931178ad2025e1b3799,pq,pq_512_m16_b8,maximum_region_concentration,cosine_to_origin,182148,124729,,,,0.12648342620864433,0.95,0.12076230119886451,0.13252183959604716,500,weighted_rerank,identity-cluster-weighted-rerank-v1,,continuous_outcome
geometry,survface,magface-6931178ad2025e1b3799,pq,pq_512_m16_b8,left_right_asymmetry,angular_error_rad,182148,124729,,,,-0.10467694897580837,0.95,-0.1110106615912115,-0.09819326937950976,500,weighted_rerank,identity-cluster-weighted-rerank-v1,,continuous_outcome
geometry,survface,magface-6931178ad2025e1b3799,pq,pq_512_m16_b8,left_right_asymmetry,reconstruction_mse,182148,124729,,,,-0.104421348512548,0.95,-0.11076536373837541,-0.09793562104412148,500,weighted_rerank,identity-cluster-weighted-rerank-v1,,continuous_outcome
geometry,survface,magface-6931178ad2025e1b3799,pq,pq_512_m16_b8,left_right_asymmetry,cosine_to_origin,182148,124729,,,,0.10467694897580837,0.95,0.09819326937950976,0.1110106615912115,500,weighted_rerank,identity-cluster-weighted-rerank-v1,,continuous_outcome
geometry,survface,magface-6931178ad2025e1b3799,pq,pq_512_m16_b8,saliency_center_x,angular_error_rad,182148,124729,,,,-0.058339002401811384,0.95,-0.06641379236861764,-0.05109893835226149,500,weighted_rerank,identity-cluster-weighted-rerank-v1,,continuous_outcome
geometry,survface,magface-6931178ad2025e1b3799,pq,pq_512_m16_b8,saliency_center_x,reconstruction_mse,182148,124729,,,,-0.05814441088873901,0.95,-0.06621535255853697,-0.05089336083232479,500,weighted_rerank,identity-cluster-weighted-rerank-v1,,continuous_outcome
geometry,survface,magface-6931178ad2025e1b3799,pq,pq_512_m16_b8,saliency_center_x,cosine_to_origin,182148,124729,,,,0.058339002401811384,0.95,0.05109893835226148,0.06641379236861764,500,weighted_rerank,identity-cluster-weighted-rerank-v1,,continuous_outcome
geometry,survface,magface-6931178ad2025e1b3799,pq,pq_512_m16_b8,saliency_center_y,angular_error_rad,182148,124729,,,,0.07875868209045805,0.95,0.07319842493680913,0.08541072710454585,500,weighted_rerank,identity-cluster-weighted-rerank-v1,,continuous_outcome
geometry,survface,magface-6931178ad2025e1b3799,pq,pq_512_m16_b8,saliency_center_y,reconstruction_mse,182148,124729,,,,0.07854230411998823,0.95,0.07299046215217594,0.08518166480182972,500,weighted_rerank,identity-cluster-weighted-rerank-v1,,continuous_outcome
geometry,survface,magface-6931178ad2025e1b3799,pq,pq_512_m16_b8,saliency_center_y,cosine_to_origin,182148,124729,,,,-0.07875868209045805,0.95,-0.08541072710454585,-0.07319842493680913,500,weighted_rerank,identity-cluster-weighted-rerank-v1,,continuous_outcome
geometry,survface,magface-6931178ad2025e1b3799,pq,pq_512_m16_b8,saliency_spread,angular_error_rad,182148,124729,,,,0.08936920949988404,0.95,0.08313576142668407,0.09622735979146532,500,weighted_rerank,identity-cluster-weighted-rerank-v1,,continuous_outcome
geometry,survface,magface-6931178ad2025e1b3799,pq,pq_512_m16_b8,saliency_spread,reconstruction_mse,182148,124729,,,,0.08921953658286874,0.95,0.08297673203635268,0.09608009014624665,500,weighted_rerank,identity-cluster-weighted-rerank-v1,,continuous_outcome
geometry,survface,magface-6931178ad2025e1b3799,pq,pq_512_m16_b8,saliency_spread,cosine_to_origin,182148,124729,,,,-0.08936920949988404,0.95,-0.09622735979146532,-0.08313576142668408,500,weighted_rerank,identity-cluster-weighted-rerank-v1,,continuous_outcome
geometry,survface,magface-6931178ad2025e1b3799,pq,pq_512_m32_b8,quadrant_top_left,angular_error_rad,182148,124729,,,,0.020743383512065547,0.95,0.01436429676302382,0.027439727342136483,500,weighted_rerank,identity-cluster-weighted-rerank-v1,,continuous_outcome
geometry,survface,magface-6931178ad2025e1b3799,pq,pq_512_m32_b8,quadrant_top_left,reconstruction_mse,182148,124729,,,,0.020689740706911295,0.95,0.014321932631200423,0.027373762416903907,500,weighted_rerank,identity-cluster-weighted-rerank-v1,,continuous_outcome
geometry,survface,magface-6931178ad2025e1b3799,pq,pq_512_m32_b8,quadrant_top_left,cosine_to_origin,182148,124729,,,,-0.020743383512065547,0.95,-0.027439727342136486,-0.014364296763023823,500,weighted_rerank,identity-cluster-weighted-rerank-v1,,continuous_outcome
geometry,survface,magface-6931178ad2025e1b3799,pq,pq_512_m32_b8,quadrant_top_right,angular_error_rad,182148,124729,,,,-0.053958000713199054,0.95,-0.060399079267898836,-0.04722752879638232,500,weighted_rerank,identity-cluster-weighted-rerank-v1,,continuous_outcome
geometry,survface,magface-6931178ad2025e1b3799,pq,pq_512_m32_b8,quadrant_top_right,reconstruction_mse,182148,124729,,,,-0.053889418124061644,0.95,-0.0603278328521556,-0.04716480696231035,500,weighted_rerank,identity-cluster-weighted-rerank-v1,,continuous_outcome
geometry,survface,magface-6931178ad2025e1b3799,pq,pq_512_m32_b8,quadrant_top_right,cosine_to_origin,182148,124729,,,,0.053958000713199054,0.95,0.04722752879638232,0.060399079267898836,500,weighted_rerank,identity-cluster-weighted-rerank-v1,,continuous_outcome
geometry,survface,magface-6931178ad2025e1b3799,pq,pq_512_m32_b8,quadrant_bottom_left,angular_error_rad,182148,124729,,,,0.08399320233431971,0.95,0.07764386699959766,0.0900363004616647,500,weighted_rerank,identity-cluster-weighted-rerank-v1,,continuous_outcome
geometry,survface,magface-6931178ad2025e1b3799,pq,pq_512_m32_b8,quadrant_bottom_left,reconstruction_mse,182148,124729,,,,0.0839312863022108,0.95,0.07758955013829331,0.08997639432359428,500,weighted_rerank,identity-cluster-weighted-rerank-v1,,continuous_outcome
geometry,survface,magface-6931178ad2025e1b3799,pq,pq_512_m32_b8,quadrant_bottom_left,cosine_to_origin,182148,124729,,,,-0.08399320233431971,0.95,-0.0900363004616647,-0.07764386699959766,500,weighted_rerank,identity-cluster-weighted-rerank-v1,,continuous_outcome
geometry,survface,magface-6931178ad2025e1b3799,pq,pq_512_m32_b8,quadrant_bottom_right,angular_error_rad,182148,124729,,,,0.023547695244636,0.95,0.017396922500467784,0.02968363920589203,500,weighted_rerank,identity-cluster-weighted-rerank-v1,,continuous_outcome
geometry,survface,magface-6931178ad2025e1b3799,pq,pq_512_m32_b8,quadrant_bottom_right,reconstruction_mse,182148,124729,,,,0.02357869382343979,0.95,0.017418493653638845,0.02970954854013603,500,weighted_rerank,identity-cluster-weighted-rerank-v1,,continuous_outcome
geometry,survface,magface-6931178ad2025e1b3799,pq,pq_512_m32_b8,quadrant_bottom_right,cosine_to_origin,182148,124729,,,,-0.023547695244636,0.95,-0.029683639205892034,-0.017396922500467784,500,weighted_rerank,identity-cluster-weighted-rerank-v1,,continuous_outcome
geometry,survface,magface-6931178ad2025e1b3799,pq,pq_512_m32_b8,left_eye_attention,angular_error_rad,182148,124729,,,,0.03574839209283723,0.95,0.029445927478976633,0.041627150882767874,500,weighted_rerank,identity-cluster-weighted-rerank-v1,,continuous_outcome
geometry,survface,magface-6931178ad2025e1b3799,pq,pq_512_m32_b8,left_eye_attention,reconstruction_mse,182148,124729,,,,0.035731485421098504,0.95,0.029436320560608405,0.04161645423207258,500,weighted_rerank,identity-cluster-weighted-rerank-v1,,continuous_outcome
geometry,survface,magface-6931178ad2025e1b3799,pq,pq_512_m32_b8,left_eye_attention,cosine_to_origin,182148,124729,,,,-0.03574839209283723,0.95,-0.041627150882767874,-0.029445927478976636,500,weighted_rerank,identity-cluster-weighted-rerank-v1,,continuous_outcome
geometry,survface,magface-6931178ad2025e1b3799,pq,pq_512_m32_b8,right_eye_attention,angular_error_rad,182148,124729,,,,0.05550835085140399,0.95,0.049065177504228986,0.06141810633142673,500,weighted_rerank,identity-cluster-weighted-rerank-v1,,continuous_outcome
geometry,survface,magface-6931178ad2025e1b3799,pq,pq_512_m32_b8,right_eye_attention,reconstruction_mse,182148,124729,,,,0.05548701618851794,0.95,0.04905525958124182,0.06138878995902795,500,weighted_rerank,identity-cluster-weighted-rerank-v1,,continuous_outcome
geometry,survface,magface-6931178ad2025e1b3799,pq,pq_512_m32_b8,right_eye_attention,cosine_to_origin,182148,124729,,,,-0.05550835085140399,0.95,-0.06141810633142673,-0.049065177504228986,500,weighted_rerank,identity-cluster-weighted-rerank-v1,,continuous_outcome
geometry,survface,magface-6931178ad2025e1b3799,pq,pq_512_m32_b8,nose_attention,angular_error_rad,182148,124729,,,,0.08598374310366966,0.95,0.07766788815337078,0.09387226230338454,500,weighted_rerank,identity-cluster-weighted-rerank-v1,,continuous_outcome
geometry,survface,magface-6931178ad2025e1b3799,pq,pq_512_m32_b8,nose_attention,reconstruction_mse,182148,124729,,,,0.08597413304484727,0.95,0.07765634219108883,0.09388003444761377,500,weighted_rerank,identity-cluster-weighted-rerank-v1,,continuous_outcome
geometry,survface,magface-6931178ad2025e1b3799,pq,pq_512_m32_b8,nose_attention,cosine_to_origin,182148,124729,,,,-0.08598374310366966,0.95,-0.09387226230338454,-0.07766788815337078,500,weighted_rerank,identity-cluster-weighted-rerank-v1,,continuous_outcome
geometry,survface,magface-6931178ad2025e1b3799,pq,pq_512_m32_b8,mouth_attention,angular_error_rad,182148,124729,,,,0.22225585402394235,0.95,0.21622540135164384,0.22843231134471437,500,weighted_rerank,identity-cluster-weighted-rerank-v1,,continuous_outcome
geometry,survface,magface-6931178ad2025e1b3799,pq,pq_512_m32_b8,mouth_attention,reconstruction_mse,182148,124729,,,,0.22217200704830964,0.95,0.21614967604975824,0.22836489443191926,500,weighted_rerank,identity-cluster-weighted-rerank-v1,,continuous_outcome
geometry,survface,magface-6931178ad2025e1b3799,pq,pq_512_m32_b8,mouth_attention,cosine_to_origin,182148,124729,,,,-0.22225585402394235,0.95,-0.22843231134471437,-0.21622540135164384,500,weighted_rerank,identity-cluster-weighted-rerank-v1,,continuous_outcome
geometry,survface,magface-6931178ad2025e1b3799,pq,pq_512_m32_b8,left_cheek_attention,angular_error_rad,180850,123634,,,,0.12406107182804633,0.95,0.1176820500027024,0.12967880561733924,500,weighted_rerank,identity-cluster-weighted-rerank-v1,,continuous_outcome
geometry,survface,magface-6931178ad2025e1b3799,pq,pq_512_m32_b8,left_cheek_attention,reconstruction_mse,180850,123634,,,,0.12403564670250392,0.95,0.11764135929820724,0.12964648100400752,500,weighted_rerank,identity-cluster-weighted-rerank-v1,,continuous_outcome
geometry,survface,magface-6931178ad2025e1b3799,pq,pq_512_m32_b8,left_cheek_attention,cosine_to_origin,180850,123634,,,,-0.12406107182804633,0.95,-0.12967880561733924,-0.1176820500027024,500,weighted_rerank,identity-cluster-weighted-rerank-v1,,continuous_outcome
geometry,survface,magface-6931178ad2025e1b3799,pq,pq_512_m32_b8,right_cheek_attention,angular_error_rad,180782,123696,,,,0.11615168908921454,0.95,0.10987670906075685,0.12240129215098985,500,weighted_rerank,identity-cluster-weighted-rerank-v1,,continuous_outcome
geometry,survface,magface-6931178ad2025e1b3799,pq,pq_512_m32_b8,right_cheek_attention,reconstruction_mse,180782,123696,,,,0.11615488362782334,0.95,0.10986140578048222,0.12241320242514023,500,weighted_rerank,identity-cluster-weighted-rerank-v1,,continuous_outcome
geometry,survface,magface-6931178ad2025e1b3799,pq,pq_512_m32_b8,right_cheek_attention,cosine_to_origin,180782,123696,,,,-0.11615168908921454,0.95,-0.12240129215098985,-0.10987670906075633,500,weighted_rerank,identity-cluster-weighted-rerank-v1,,continuous_outcome
geometry,survface,magface-6931178ad2025e1b3799,pq,pq_512_m32_b8,jaw_attention,angular_error_rad,182148,124729,,,,0.24777813135211418,0.95,0.2411776873602133,0.2532688270474075,500,weighted_rerank,identity-cluster-weighted-rerank-v1,,continuous_outcome
geometry,survface,magface-6931178ad2025e1b3799,pq,pq_512_m32_b8,jaw_attention,reconstruction_mse,182148,124729,,,,0.24769559127175797,0.95,0.24110233631056022,0.2531791253984939,500,weighted_rerank,identity-cluster-weighted-rerank-v1,,continuous_outcome
geometry,survface,magface-6931178ad2025e1b3799,pq,pq_512_m32_b8,jaw_attention,cosine_to_origin,182148,124729,,,,-0.24777813135211418,0.95,-0.2532688270474075,-0.2411776873602133,500,weighted_rerank,identity-cluster-weighted-rerank-v1,,continuous_outcome
geometry,survface,magface-6931178ad2025e1b3799,pq,pq_512_m32_b8,face_attention,angular_error_rad,182148,124729,,,,0.28081641696138443,0.95,0.2714906936346787,0.29025005036203083,500,weighted_rerank,identity-cluster-weighted-rerank-v1,,continuous_outcome
geometry,survface,magface-6931178ad2025e1b3799,pq,pq_512_m32_b8,face_attention,reconstruction_mse,182148,124729,,,,0.28071093913711603,0.95,0.271400993565715,0.2901645975344242,500,weighted_rerank,identity-cluster-weighted-rerank-v1,,continuous_outcome
geometry,survface,magface-6931178ad2025e1b3799,pq,pq_512_m32_b8,face_attention,cosine_to_origin,182148,124729,,,,-0.28081641696138443,0.95,-0.29025005036203083,-0.2714906936346787,500,weighted_rerank,identity-cluster-weighted-rerank-v1,,continuous_outcome
geometry,survface,magface-6931178ad2025e1b3799,pq,pq_512_m32_b8,outside_face_attention,angular_error_rad,182148,124729,,,,-0.28081641696138443,0.95,-0.29025005036203083,-0.2714906936346787,500,weighted_rerank,identity-cluster-weighted-rerank-v1,,continuous_outcome
geometry,survface,magface-6931178ad2025e1b3799,pq,pq_512_m32_b8,outside_face_attention,reconstruction_mse,182148,124729,,,,-0.28071093913711603,0.95,-0.2901645975344242,-0.271400993565715,500,weighted_rerank,identity-cluster-weighted-rerank-v1,,continuous_outcome
geometry,survface,magface-6931178ad2025e1b3799,pq,pq_512_m32_b8,outside_face_attention,cosine_to_origin,182148,124729,,,,0.28081641696138443,0.95,0.2714906936346787,0.29025005036203083,500,weighted_rerank,identity-cluster-weighted-rerank-v1,,continuous_outcome
geometry,survface,magface-6931178ad2025e1b3799,pq,pq_512_m32_b8,saliency_entropy,angular_error_rad,182148,124729,,,,0.25598359682223404,0.95,0.249680694802758,0.26178258843829216,500,weighted_rerank,identity-cluster-weighted-rerank-v1,,continuous_outcome
geometry,survface,magface-6931178ad2025e1b3799,pq,pq_512_m32_b8,saliency_entropy,reconstruction_mse,182148,124729,,,,0.2559066542556367,0.95,0.24959946042488254,0.26170150503825007,500,weighted_rerank,identity-cluster-weighted-rerank-v1,,continuous_outcome
geometry,survface,magface-6931178ad2025e1b3799,pq,pq_512_m32_b8,saliency_entropy,cosine_to_origin,182148,124729,,,,-0.25598359682223404,0.95,-0.2617825884382926,-0.249680694802758,500,weighted_rerank,identity-cluster-weighted-rerank-v1,,continuous_outcome
geometry,survface,magface-6931178ad2025e1b3799,pq,pq_512_m32_b8,maximum_region_concentration,angular_error_rad,182148,124729,,,,-0.12876171140391754,0.95,-0.1344176751395879,-0.12288903763223247,500,weighted_rerank,identity-cluster-weighted-rerank-v1,,continuous_outcome
geometry,survface,magface-6931178ad2025e1b3799,pq,pq_512_m32_b8,maximum_region_concentration,reconstruction_mse,182148,124729,,,,-0.12872220442040128,0.95,-0.13438628377045517,-0.12285919123016319,500,weighted_rerank,identity-cluster-weighted-rerank-v1,,continuous_outcome
geometry,survface,magface-6931178ad2025e1b3799,pq,pq_512_m32_b8,maximum_region_concentration,cosine_to_origin,182148,124729,,,,0.12876171140391754,0.95,0.12288903763223247,0.1344176751395879,500,weighted_rerank,identity-cluster-weighted-rerank-v1,,continuous_outcome
geometry,survface,magface-6931178ad2025e1b3799,pq,pq_512_m32_b8,left_right_asymmetry,angular_error_rad,182148,124729,,,,-0.10911367691712968,0.95,-0.11464403198419422,-0.10311621248562876,500,weighted_rerank,identity-cluster-weighted-rerank-v1,,continuous_outcome
geometry,survface,magface-6931178ad2025e1b3799,pq,pq_512_m32_b8,left_right_asymmetry,reconstruction_mse,182148,124729,,,,-0.10901791981452924,0.95,-0.11455913550037855,-0.10301542819501382,500,weighted_rerank,identity-cluster-weighted-rerank-v1,,continuous_outcome
geometry,survface,magface-6931178ad2025e1b3799,pq,pq_512_m32_b8,left_right_asymmetry,cosine_to_origin,182148,124729,,,,0.10911367691712968,0.95,0.10311621248562876,0.11464403198419422,500,weighted_rerank,identity-cluster-weighted-rerank-v1,,continuous_outcome
geometry,survface,magface-6931178ad2025e1b3799,pq,pq_512_m32_b8,saliency_center_x,angular_error_rad,182148,124729,,,,-0.05593927685082847,0.95,-0.06258064851872677,-0.0489412838604458,500,weighted_rerank,identity-cluster-weighted-rerank-v1,,continuous_outcome
geometry,survface,magface-6931178ad2025e1b3799,pq,pq_512_m32_b8,saliency_center_x,reconstruction_mse,182148,124729,,,,-0.055832660475979054,0.95,-0.06248026274360395,-0.04884113163061112,500,weighted_rerank,identity-cluster-weighted-rerank-v1,,continuous_outcome
geometry,survface,magface-6931178ad2025e1b3799,pq,pq_512_m32_b8,saliency_center_x,cosine_to_origin,182148,124729,,,,0.05593927685082847,0.95,0.0489412838604458,0.06258064851872677,500,weighted_rerank,identity-cluster-weighted-rerank-v1,,continuous_outcome
geometry,survface,magface-6931178ad2025e1b3799,pq,pq_512_m32_b8,saliency_center_y,angular_error_rad,182148,124729,,,,0.0757571513454805,0.95,0.0698006981040912,0.08170745080938731,500,weighted_rerank,identity-cluster-weighted-rerank-v1,,continuous_outcome
geometry,survface,magface-6931178ad2025e1b3799,pq,pq_512_m32_b8,saliency_center_y,reconstruction_mse,182148,124729,,,,0.07575357085791518,0.95,0.06979935384403717,0.08167981969760917,500,weighted_rerank,identity-cluster-weighted-rerank-v1,,continuous_outcome
geometry,survface,magface-6931178ad2025e1b3799,pq,pq_512_m32_b8,saliency_center_y,cosine_to_origin,182148,124729,,,,-0.0757571513454805,0.95,-0.08170745080938731,-0.0698006981040912,500,weighted_rerank,identity-cluster-weighted-rerank-v1,,continuous_outcome
geometry,survface,magface-6931178ad2025e1b3799,pq,pq_512_m32_b8,saliency_spread,angular_error_rad,182148,124729,,,,0.08245828413577866,0.95,0.07621339022548702,0.08893808476807531,500,weighted_rerank,identity-cluster-weighted-rerank-v1,,continuous_outcome
geometry,survface,magface-6931178ad2025e1b3799,pq,pq_512_m32_b8,saliency_spread,reconstruction_mse,182148,124729,,,,0.08239335220628467,0.95,0.07615925227782519,0.08887417694809649,500,weighted_rerank,identity-cluster-weighted-rerank-v1,,continuous_outcome
geometry,survface,magface-6931178ad2025e1b3799,pq,pq_512_m32_b8,saliency_spread,cosine_to_origin,182148,124729,,,,-0.08245828413577866,0.95,-0.08893808476807531,-0.07621339022548702,500,weighted_rerank,identity-cluster-weighted-rerank-v1,,continuous_outcome
geometry,survface,magface-6931178ad2025e1b3799,pq,pq_512_m64_b8,quadrant_top_left,angular_error_rad,182148,124729,,,,0.020240424775579337,0.95,0.013248077829811081,0.026770474251586417,500,weighted_rerank,identity-cluster-weighted-rerank-v1,,continuous_outcome
geometry,survface,magface-6931178ad2025e1b3799,pq,pq_512_m64_b8,quadrant_top_left,reconstruction_mse,182148,124729,,,,0.020327872223146852,0.95,0.013312159943105934,0.026843153204406313,500,weighted_rerank,identity-cluster-weighted-rerank-v1,,continuous_outcome
geometry,survface,magface-6931178ad2025e1b3799,pq,pq_512_m64_b8,quadrant_top_left,cosine_to_origin,182148,124729,,,,-0.020240424775579337,0.95,-0.02677047425158642,-0.013248077829811083,500,weighted_rerank,identity-cluster-weighted-rerank-v1,,continuous_outcome
geometry,survface,magface-6931178ad2025e1b3799,pq,pq_512_m64_b8,quadrant_top_right,angular_error_rad,182148,124729,,,,-0.04078190083880496,0.95,-0.047580932160578,-0.03427775661232499,500,weighted_rerank,identity-cluster-weighted-rerank-v1,,continuous_outcome
geometry,survface,magface-6931178ad2025e1b3799,pq,pq_512_m64_b8,quadrant_top_right,reconstruction_mse,182148,124729,,,,-0.04083566150588705,0.95,-0.04762877955327154,-0.034288884604352435,500,weighted_rerank,identity-cluster-weighted-rerank-v1,,continuous_outcome
geometry,survface,magface-6931178ad2025e1b3799,pq,pq_512_m64_b8,quadrant_top_right,cosine_to_origin,182148,124729,,,,0.04078190083880496,0.95,0.03427775661232499,0.047580932160578,500,weighted_rerank,identity-cluster-weighted-rerank-v1,,continuous_outcome
geometry,survface,magface-6931178ad2025e1b3799,pq,pq_512_m64_b8,quadrant_bottom_left,angular_error_rad,182148,124729,,,,0.07708372798163587,0.95,0.07121032731857956,0.08331360747117826,500,weighted_rerank,identity-cluster-weighted-rerank-v1,,continuous_outcome
geometry,survface,magface-6931178ad2025e1b3799,pq,pq_512_m64_b8,quadrant_bottom_left,reconstruction_mse,182148,124729,,,,0.07710482226721119,0.95,0.07124197332819555,0.08334785720415562,500,weighted_rerank,identity-cluster-weighted-rerank-v1,,continuous_outcome
geometry,survface,magface-6931178ad2025e1b3799,pq,pq_512_m64_b8,quadrant_bottom_left,cosine_to_origin,182148,124729,,,,-0.07708372798163587,0.95,-0.08331360747117826,-0.07121032731857956,500,weighted_rerank,identity-cluster-weighted-rerank-v1,,continuous_outcome
geometry,survface,magface-6931178ad2025e1b3799,pq,pq_512_m64_b8,quadrant_bottom_right,angular_error_rad,182148,124729,,,,0.017135250717529766,0.95,0.01107956664320161,0.023886699364488197,500,weighted_rerank,identity-cluster-weighted-rerank-v1,,continuous_outcome
geometry,survface,magface-6931178ad2025e1b3799,pq,pq_512_m64_b8,quadrant_bottom_right,reconstruction_mse,182148,124729,,,,0.017045808143986953,0.95,0.010967787852977324,0.023791653092166156,500,weighted_rerank,identity-cluster-weighted-rerank-v1,,continuous_outcome
geometry,survface,magface-6931178ad2025e1b3799,pq,pq_512_m64_b8,quadrant_bottom_right,cosine_to_origin,182148,124729,,,,-0.017135250717529766,0.95,-0.0238866993644882,-0.011079566643201614,500,weighted_rerank,identity-cluster-weighted-rerank-v1,,continuous_outcome
geometry,survface,magface-6931178ad2025e1b3799,pq,pq_512_m64_b8,left_eye_attention,angular_error_rad,182148,124729,,,,0.0386809145657416,0.95,0.03250982420912854,0.044511320006830495,500,weighted_rerank,identity-cluster-weighted-rerank-v1,,continuous_outcome
geometry,survface,magface-6931178ad2025e1b3799,pq,pq_512_m64_b8,left_eye_attention,reconstruction_mse,182148,124729,,,,0.03865239200256656,0.95,0.03247304134990388,0.044471226899100276,500,weighted_rerank,identity-cluster-weighted-rerank-v1,,continuous_outcome
geometry,survface,magface-6931178ad2025e1b3799,pq,pq_512_m64_b8,left_eye_attention,cosine_to_origin,182148,124729,,,,-0.0386809145657416,0.95,-0.0445113200068305,-0.03250982420912854,500,weighted_rerank,identity-cluster-weighted-rerank-v1,,continuous_outcome
geometry,survface,magface-6931178ad2025e1b3799,pq,pq_512_m64_b8,right_eye_attention,angular_error_rad,182148,124729,,,,0.06200237379074026,0.95,0.05630554069752037,0.0680832070294072,500,weighted_rerank,identity-cluster-weighted-rerank-v1,,continuous_outcome
geometry,survface,magface-6931178ad2025e1b3799,pq,pq_512_m64_b8,right_eye_attention,reconstruction_mse,182148,124729,,,,0.061904887991656464,0.95,0.056189959136345356,0.06798692402032061,500,weighted_rerank,identity-cluster-weighted-rerank-v1,,continuous_outcome
geometry,survface,magface-6931178ad2025e1b3799,pq,pq_512_m64_b8,right_eye_attention,cosine_to_origin,182148,124729,,,,-0.06200237379074026,0.95,-0.0680832070294072,-0.056305540697520376,500,weighted_rerank,identity-cluster-weighted-rerank-v1,,continuous_outcome
geometry,survface,magface-6931178ad2025e1b3799,pq,pq_512_m64_b8,nose_attention,angular_error_rad,182148,124729,,,,0.08929457214324013,0.95,0.08195583167795212,0.09652218596645219,500,weighted_rerank,identity-cluster-weighted-rerank-v1,,continuous_outcome
geometry,survface,magface-6931178ad2025e1b3799,pq,pq_512_m64_b8,nose_attention,reconstruction_mse,182148,124729,,,,0.08919637045400025,0.95,0.08182321297859785,0.09640712767343092,500,weighted_rerank,identity-cluster-weighted-rerank-v1,,continuous_outcome
geometry,survface,magface-6931178ad2025e1b3799,pq,pq_512_m64_b8,nose_attention,cosine_to_origin,182148,124729,,,,-0.08929457214324013,0.95,-0.09652218596645219,-0.08195583167795212,500,weighted_rerank,identity-cluster-weighted-rerank-v1,,continuous_outcome
geometry,survface,magface-6931178ad2025e1b3799,pq,pq_512_m64_b8,mouth_attention,angular_error_rad,182148,124729,,,,0.21511439230010865,0.95,0.2087574138816577,0.22227038446232417,500,weighted_rerank,identity-cluster-weighted-rerank-v1,,continuous_outcome
geometry,survface,magface-6931178ad2025e1b3799,pq,pq_512_m64_b8,mouth_attention,reconstruction_mse,182148,124729,,,,0.21511203002514093,0.95,0.20874963608476402,0.22225458721653224,500,weighted_rerank,identity-cluster-weighted-rerank-v1,,continuous_outcome
geometry,survface,magface-6931178ad2025e1b3799,pq,pq_512_m64_b8,mouth_attention,cosine_to_origin,182148,124729,,,,-0.21511439230010865,0.95,-0.22227038446232417,-0.2087574138816577,500,weighted_rerank,identity-cluster-weighted-rerank-v1,,continuous_outcome
geometry,survface,magface-6931178ad2025e1b3799,pq,pq_512_m64_b8,left_cheek_attention,angular_error_rad,180850,123634,,,,0.12113352092346183,0.95,0.11560609122136742,0.12701254975664544,500,weighted_rerank,identity-cluster-weighted-rerank-v1,,continuous_outcome
geometry,survface,magface-6931178ad2025e1b3799,pq,pq_512_m64_b8,left_cheek_attention,reconstruction_mse,180850,123634,,,,0.12107021965058751,0.95,0.11551292672538638,0.12695050602875488,500,weighted_rerank,identity-cluster-weighted-rerank-v1,,continuous_outcome
geometry,survface,magface-6931178ad2025e1b3799,pq,pq_512_m64_b8,left_cheek_attention,cosine_to_origin,180850,123634,,,,-0.12113352092346183,0.95,-0.12701254975664544,-0.11560609122136742,500,weighted_rerank,identity-cluster-weighted-rerank-v1,,continuous_outcome
geometry,survface,magface-6931178ad2025e1b3799,pq,pq_512_m64_b8,right_cheek_attention,angular_error_rad,180782,123696,,,,0.11261029285595182,0.95,0.10651346845725912,0.11848696973733958,500,weighted_rerank,identity-cluster-weighted-rerank-v1,,continuous_outcome
geometry,survface,magface-6931178ad2025e1b3799,pq,pq_512_m64_b8,right_cheek_attention,reconstruction_mse,180782,123696,,,,0.11254604622324967,0.95,0.10643955627809948,0.11843846573454186,500,weighted_rerank,identity-cluster-weighted-rerank-v1,,continuous_outcome
geometry,survface,magface-6931178ad2025e1b3799,pq,pq_512_m64_b8,right_cheek_attention,cosine_to_origin,180782,123696,,,,-0.11261029285595182,0.95,-0.11848696973733958,-0.10651346845725912,500,weighted_rerank,identity-cluster-weighted-rerank-v1,,continuous_outcome
geometry,survface,magface-6931178ad2025e1b3799,pq,pq_512_m64_b8,jaw_attention,angular_error_rad,182148,124729,,,,0.23947755787695346,0.95,0.23319578882693465,0.2457109890281081,500,weighted_rerank,identity-cluster-weighted-rerank-v1,,continuous_outcome
geometry,survface,magface-6931178ad2025e1b3799,pq,pq_512_m64_b8,jaw_attention,reconstruction_mse,182148,124729,,,,0.23946423745411724,0.95,0.23319276051669974,0.2456783714914827,500,weighted_rerank,identity-cluster-weighted-rerank-v1,,continuous_outcome
geometry,survface,magface-6931178ad2025e1b3799,pq,pq_512_m64_b8,jaw_attention,cosine_to_origin,182148,124729,,,,-0.23947755787695346,0.95,-0.2457109890281081,-0.23319578882693465,500,weighted_rerank,identity-cluster-weighted-rerank-v1,,continuous_outcome
geometry,survface,magface-6931178ad2025e1b3799,pq,pq_512_m64_b8,face_attention,angular_error_rad,182148,124729,,,,0.28142970351690877,0.95,0.2726021580485237,0.2897987915612255,500,weighted_rerank,identity-cluster-weighted-rerank-v1,,continuous_outcome
geometry,survface,magface-6931178ad2025e1b3799,pq,pq_512_m64_b8,face_attention,reconstruction_mse,182148,124729,,,,0.2813404741318884,0.95,0.27251801467393194,0.2897325259671284,500,weighted_rerank,identity-cluster-weighted-rerank-v1,,continuous_outcome
geometry,survface,magface-6931178ad2025e1b3799,pq,pq_512_m64_b8,face_attention,cosine_to_origin,182148,124729,,,,-0.28142970351690877,0.95,-0.2897987915612255,-0.2726021580485237,500,weighted_rerank,identity-cluster-weighted-rerank-v1,,continuous_outcome
geometry,survface,magface-6931178ad2025e1b3799,pq,pq_512_m64_b8,outside_face_attention,angular_error_rad,182148,124729,,,,-0.28142970351690877,0.95,-0.2897987915612255,-0.2726021580485237,500,weighted_rerank,identity-cluster-weighted-rerank-v1,,continuous_outcome
geometry,survface,magface-6931178ad2025e1b3799,pq,pq_512_m64_b8,outside_face_attention,reconstruction_mse,182148,124729,,,,-0.2813404741318884,0.95,-0.2897325259671284,-0.27251801467393194,500,weighted_rerank,identity-cluster-weighted-rerank-v1,,continuous_outcome
geometry,survface,magface-6931178ad2025e1b3799,pq,pq_512_m64_b8,outside_face_attention,cosine_to_origin,182148,124729,,,,0.28142970351690877,0.95,0.2726021580485237,0.2897987915612255,500,weighted_rerank,identity-cluster-weighted-rerank-v1,,continuous_outcome
geometry,survface,magface-6931178ad2025e1b3799,pq,pq_512_m64_b8,saliency_entropy,angular_error_rad,182148,124729,,,,0.25496214602494566,0.95,0.24804041670025104,0.26153126342442184,500,weighted_rerank,identity-cluster-weighted-rerank-v1,,continuous_outcome
geometry,survface,magface-6931178ad2025e1b3799,pq,pq_512_m64_b8,saliency_entropy,reconstruction_mse,182148,124729,,,,0.25491802777930284,0.95,0.24798461931952037,0.26151979830379896,500,weighted_rerank,identity-cluster-weighted-rerank-v1,,continuous_outcome
geometry,survface,magface-6931178ad2025e1b3799,pq,pq_512_m64_b8,saliency_entropy,cosine_to_origin,182148,124729,,,,-0.25496214602494566,0.95,-0.26153126342442184,-0.24804041670025104,500,weighted_rerank,identity-cluster-weighted-rerank-v1,,continuous_outcome
geometry,survface,magface-6931178ad2025e1b3799,pq,pq_512_m64_b8,maximum_region_concentration,angular_error_rad,182148,124729,,,,-0.12797352467158318,0.95,-0.1331528472139521,-0.12214928924253106,500,weighted_rerank,identity-cluster-weighted-rerank-v1,,continuous_outcome
geometry,survface,magface-6931178ad2025e1b3799,pq,pq_512_m64_b8,maximum_region_concentration,reconstruction_mse,182148,124729,,,,-0.12789718138725426,0.95,-0.1330458127740079,-0.12208399236251842,500,weighted_rerank,identity-cluster-weighted-rerank-v1,,continuous_outcome
geometry,survface,magface-6931178ad2025e1b3799,pq,pq_512_m64_b8,maximum_region_concentration,cosine_to_origin,182148,124729,,,,0.12797352467158318,0.95,0.12214928924253106,0.1331528472139521,500,weighted_rerank,identity-cluster-weighted-rerank-v1,,continuous_outcome
geometry,survface,magface-6931178ad2025e1b3799,pq,pq_512_m64_b8,left_right_asymmetry,angular_error_rad,182148,124729,,,,-0.11313519557888073,0.95,-0.11898391273386352,-0.10645632600750034,500,weighted_rerank,identity-cluster-weighted-rerank-v1,,continuous_outcome
geometry,survface,magface-6931178ad2025e1b3799,pq,pq_512_m64_b8,left_right_asymmetry,reconstruction_mse,182148,124729,,,,-0.11315671607676804,0.95,-0.11902052153796495,-0.10649298243508769,500,weighted_rerank,identity-cluster-weighted-rerank-v1,,continuous_outcome
geometry,survface,magface-6931178ad2025e1b3799,pq,pq_512_m64_b8,left_right_asymmetry,cosine_to_origin,182148,124729,,,,0.11313519557888073,0.95,0.10645632600750034,0.11898391273386352,500,weighted_rerank,identity-cluster-weighted-rerank-v1,,continuous_outcome
geometry,survface,magface-6931178ad2025e1b3799,pq,pq_512_m64_b8,saliency_center_x,angular_error_rad,182148,124729,,,,-0.048914129905206515,0.95,-0.055112647792989126,-0.04197619704363267,500,weighted_rerank,identity-cluster-weighted-rerank-v1,,continuous_outcome
geometry,survface,magface-6931178ad2025e1b3799,pq,pq_512_m64_b8,saliency_center_x,reconstruction_mse,182148,124729,,,,-0.04904872984080993,0.95,-0.05525638889546298,-0.042110010070267906,500,weighted_rerank,identity-cluster-weighted-rerank-v1,,continuous_outcome
geometry,survface,magface-6931178ad2025e1b3799,pq,pq_512_m64_b8,saliency_center_x,cosine_to_origin,182148,124729,,,,0.048914129905206515,0.95,0.04197619704363267,0.055112647792989126,500,weighted_rerank,identity-cluster-weighted-rerank-v1,,continuous_outcome
geometry,survface,magface-6931178ad2025e1b3799,pq,pq_512_m64_b8,saliency_center_y,angular_error_rad,182148,124729,,,,0.07041405570365376,0.95,0.06494578939673687,0.07734538608377003,500,weighted_rerank,identity-cluster-weighted-rerank-v1,,continuous_outcome
geometry,survface,magface-6931178ad2025e1b3799,pq,pq_512_m64_b8,saliency_center_y,reconstruction_mse,182148,124729,,,,0.07035432953051941,0.95,0.06486057745661972,0.07728103667449947,500,weighted_rerank,identity-cluster-weighted-rerank-v1,,continuous_outcome
geometry,survface,magface-6931178ad2025e1b3799,pq,pq_512_m64_b8,saliency_center_y,cosine_to_origin,182148,124729,,,,-0.07041405570365376,0.95,-0.07734538608377053,-0.06494578939673687,500,weighted_rerank,identity-cluster-weighted-rerank-v1,,continuous_outcome
geometry,survface,magface-6931178ad2025e1b3799,pq,pq_512_m64_b8,saliency_spread,angular_error_rad,182148,124729,,,,0.06721490063183369,0.95,0.061046866958215866,0.07401450562983626,500,weighted_rerank,identity-cluster-weighted-rerank-v1,,continuous_outcome
geometry,survface,magface-6931178ad2025e1b3799,pq,pq_512_m64_b8,saliency_spread,reconstruction_mse,182148,124729,,,,0.06729683914749893,0.95,0.06112145571495679,0.07411512898189326,500,weighted_rerank,identity-cluster-weighted-rerank-v1,,continuous_outcome
geometry,survface,magface-6931178ad2025e1b3799,pq,pq_512_m64_b8,saliency_spread,cosine_to_origin,182148,124729,,,,-0.06721490063183369,0.95,-0.07401450562983626,-0.061046866958215866,500,weighted_rerank,identity-cluster-weighted-rerank-v1,,continuous_outcome
geometry,survface,magface-6931178ad2025e1b3799,pq,pq_512_m8_b8,quadrant_top_left,angular_error_rad,182148,124729,,,,0.01832088853462959,0.95,0.012045564188677194,0.02544817663385015,500,weighted_rerank,identity-cluster-weighted-rerank-v1,,continuous_outcome
geometry,survface,magface-6931178ad2025e1b3799,pq,pq_512_m8_b8,quadrant_top_left,reconstruction_mse,182148,124729,,,,0.01845235442544977,0.95,0.012178116245216341,0.025597029509224732,500,weighted_rerank,identity-cluster-weighted-rerank-v1,,continuous_outcome
geometry,survface,magface-6931178ad2025e1b3799,pq,pq_512_m8_b8,quadrant_top_left,cosine_to_origin,182148,124729,,,,-0.01832088853462959,0.95,-0.025448176633850596,-0.012045564188677195,500,weighted_rerank,identity-cluster-weighted-rerank-v1,,continuous_outcome
geometry,survface,magface-6931178ad2025e1b3799,pq,pq_512_m8_b8,quadrant_top_right,angular_error_rad,182148,124729,,,,-0.06526150586752998,0.95,-0.07166356214437615,-0.05896844866157921,500,weighted_rerank,identity-cluster-weighted-rerank-v1,,continuous_outcome
geometry,survface,magface-6931178ad2025e1b3799,pq,pq_512_m8_b8,quadrant_top_right,reconstruction_mse,182148,124729,,,,-0.06485632358995785,0.95,-0.07126502095845347,-0.05860457947276993,500,weighted_rerank,identity-cluster-weighted-rerank-v1,,continuous_outcome
geometry,survface,magface-6931178ad2025e1b3799,pq,pq_512_m8_b8,quadrant_top_right,cosine_to_origin,182148,124729,,,,0.06526150586752998,0.95,0.05896844866157921,0.07166356214437572,500,weighted_rerank,identity-cluster-weighted-rerank-v1,,continuous_outcome
geometry,survface,magface-6931178ad2025e1b3799,pq,pq_512_m8_b8,quadrant_bottom_left,angular_error_rad,182148,124729,,,,0.08959657462720662,0.95,0.08330178385942406,0.09566810311730779,500,weighted_rerank,identity-cluster-weighted-rerank-v1,,continuous_outcome
geometry,survface,magface-6931178ad2025e1b3799,pq,pq_512_m8_b8,quadrant_bottom_left,reconstruction_mse,182148,124729,,,,0.08912152188990252,0.95,0.08284831492482406,0.09521109102153699,500,weighted_rerank,identity-cluster-weighted-rerank-v1,,continuous_outcome
geometry,survface,magface-6931178ad2025e1b3799,pq,pq_512_m8_b8,quadrant_bottom_left,cosine_to_origin,182148,124729,,,,-0.08959657462720662,0.95,-0.09566810311730779,-0.08330178385942406,500,weighted_rerank,identity-cluster-weighted-rerank-v1,,continuous_outcome
geometry,survface,magface-6931178ad2025e1b3799,pq,pq_512_m8_b8,quadrant_bottom_right,angular_error_rad,182148,124729,,,,0.030653626026688165,0.95,0.023960587481217717,0.03659729030808373,500,weighted_rerank,identity-cluster-weighted-rerank-v1,,continuous_outcome
geometry,survface,magface-6931178ad2025e1b3799,pq,pq_512_m8_b8,quadrant_bottom_right,reconstruction_mse,182148,124729,,,,0.03040388685414584,0.95,0.02371902700976136,0.03633488898363634,500,weighted_rerank,identity-cluster-weighted-rerank-v1,,continuous_outcome
geometry,survface,magface-6931178ad2025e1b3799,pq,pq_512_m8_b8,quadrant_bottom_right,cosine_to_origin,182148,124729,,,,-0.030653626026688165,0.95,-0.03659729030808373,-0.023960587481217717,500,weighted_rerank,identity-cluster-weighted-rerank-v1,,continuous_outcome
geometry,survface,magface-6931178ad2025e1b3799,pq,pq_512_m8_b8,left_eye_attention,angular_error_rad,182148,124729,,,,0.032093739538007114,0.95,0.02521361911646204,0.03841176959595743,500,weighted_rerank,identity-cluster-weighted-rerank-v1,,continuous_outcome
geometry,survface,magface-6931178ad2025e1b3799,pq,pq_512_m8_b8,left_eye_attention,reconstruction_mse,182148,124729,,,,0.03196654078811405,0.95,0.02510228985885002,0.0382511010120604,500,weighted_rerank,identity-cluster-weighted-rerank-v1,,continuous_outcome
geometry,survface,magface-6931178ad2025e1b3799,pq,pq_512_m8_b8,left_eye_attention,cosine_to_origin,182148,124729,,,,-0.032093739538007114,0.95,-0.03841176959595743,-0.025213619116462044,500,weighted_rerank,identity-cluster-weighted-rerank-v1,,continuous_outcome
geometry,survface,magface-6931178ad2025e1b3799,pq,pq_512_m8_b8,right_eye_attention,angular_error_rad,182148,124729,,,,0.047399786929465886,0.95,0.04089259120548499,0.05367274048175463,500,weighted_rerank,identity-cluster-weighted-rerank-v1,,continuous_outcome
geometry,survface,magface-6931178ad2025e1b3799,pq,pq_512_m8_b8,right_eye_attention,reconstruction_mse,182148,124729,,,,0.04721467221962017,0.95,0.040681417954077245,0.0534834743476511,500,weighted_rerank,identity-cluster-weighted-rerank-v1,,continuous_outcome
geometry,survface,magface-6931178ad2025e1b3799,pq,pq_512_m8_b8,right_eye_attention,cosine_to_origin,182148,124729,,,,-0.047399786929465886,0.95,-0.05367274048175463,-0.04089259120548499,500,weighted_rerank,identity-cluster-weighted-rerank-v1,,continuous_outcome
geometry,survface,magface-6931178ad2025e1b3799,pq,pq_512_m8_b8,nose_attention,angular_error_rad,182148,124729,,,,0.08152817030374887,0.95,0.07331318289807535,0.08862533488314188,500,weighted_rerank,identity-cluster-weighted-rerank-v1,,continuous_outcome
geometry,survface,magface-6931178ad2025e1b3799,pq,pq_512_m8_b8,nose_attention,reconstruction_mse,182148,124729,,,,0.0811502593513832,0.95,0.07291745958638134,0.08822831947947074,500,weighted_rerank,identity-cluster-weighted-rerank-v1,,continuous_outcome
geometry,survface,magface-6931178ad2025e1b3799,pq,pq_512_m8_b8,nose_attention,cosine_to_origin,182148,124729,,,,-0.08152817030374887,0.95,-0.08862533488314188,-0.07331318289807535,500,weighted_rerank,identity-cluster-weighted-rerank-v1,,continuous_outcome
geometry,survface,magface-6931178ad2025e1b3799,pq,pq_512_m8_b8,mouth_attention,angular_error_rad,182148,124729,,,,0.22243379079561432,0.95,0.21653004493191577,0.2284283322105381,500,weighted_rerank,identity-cluster-weighted-rerank-v1,,continuous_outcome
geometry,survface,magface-6931178ad2025e1b3799,pq,pq_512_m8_b8,mouth_attention,reconstruction_mse,182148,124729,,,,0.221824931288809,0.95,0.21590337410464183,0.22781239694380173,500,weighted_rerank,identity-cluster-weighted-rerank-v1,,continuous_outcome
geometry,survface,magface-6931178ad2025e1b3799,pq,pq_512_m8_b8,mouth_attention,cosine_to_origin,182148,124729,,,,-0.22243379079561432,0.95,-0.2284283322105381,-0.21653004493191577,500,weighted_rerank,identity-cluster-weighted-rerank-v1,,continuous_outcome
geometry,survface,magface-6931178ad2025e1b3799,pq,pq_512_m8_b8,left_cheek_attention,angular_error_rad,180850,123634,,,,0.1226276301647805,0.95,0.11653764569457656,0.12804322341247987,500,weighted_rerank,identity-cluster-weighted-rerank-v1,,continuous_outcome
geometry,survface,magface-6931178ad2025e1b3799,pq,pq_512_m8_b8,left_cheek_attention,reconstruction_mse,180850,123634,,,,0.12234979271874862,0.95,0.11625765469642241,0.1277730350454304,500,weighted_rerank,identity-cluster-weighted-rerank-v1,,continuous_outcome
geometry,survface,magface-6931178ad2025e1b3799,pq,pq_512_m8_b8,left_cheek_attention,cosine_to_origin,180850,123634,,,,-0.1226276301647805,0.95,-0.12804322341247987,-0.11653764569457656,500,weighted_rerank,identity-cluster-weighted-rerank-v1,,continuous_outcome
geometry,survface,magface-6931178ad2025e1b3799,pq,pq_512_m8_b8,right_cheek_attention,angular_error_rad,180782,123696,,,,0.1195296633714783,0.95,0.11293775626354557,0.1256151703516788,500,weighted_rerank,identity-cluster-weighted-rerank-v1,,continuous_outcome
geometry,survface,magface-6931178ad2025e1b3799,pq,pq_512_m8_b8,right_cheek_attention,reconstruction_mse,180782,123696,,,,0.11930669181651396,0.95,0.11269292497988964,0.1253658174208696,500,weighted_rerank,identity-cluster-weighted-rerank-v1,,continuous_outcome
geometry,survface,magface-6931178ad2025e1b3799,pq,pq_512_m8_b8,right_cheek_attention,cosine_to_origin,180782,123696,,,,-0.1195296633714783,0.95,-0.1256151703516788,-0.11293775626354557,500,weighted_rerank,identity-cluster-weighted-rerank-v1,,continuous_outcome
geometry,survface,magface-6931178ad2025e1b3799,pq,pq_512_m8_b8,jaw_attention,angular_error_rad,182148,124729,,,,0.2511162342816308,0.95,0.24505581368765794,0.25727324276577035,500,weighted_rerank,identity-cluster-weighted-rerank-v1,,continuous_outcome
geometry,survface,magface-6931178ad2025e1b3799,pq,pq_512_m8_b8,jaw_attention,reconstruction_mse,182148,124729,,,,0.25044558038502435,0.95,0.24441916093266808,0.2565830085663927,500,weighted_rerank,identity-cluster-weighted-rerank-v1,,continuous_outcome
geometry,survface,magface-6931178ad2025e1b3799,pq,pq_512_m8_b8,jaw_attention,cosine_to_origin,182148,124729,,,,-0.2511162342816308,0.95,-0.25727324276577035,-0.2450558136876575,500,weighted_rerank,identity-cluster-weighted-rerank-v1,,continuous_outcome
geometry,survface,magface-6931178ad2025e1b3799,pq,pq_512_m8_b8,face_attention,angular_error_rad,182148,124729,,,,0.2735774697050698,0.95,0.26412672850036434,0.28326643820644687,500,weighted_rerank,identity-cluster-weighted-rerank-v1,,continuous_outcome
geometry,survface,magface-6931178ad2025e1b3799,pq,pq_512_m8_b8,face_attention,reconstruction_mse,182148,124729,,,,0.272625681025574,0.95,0.26315363806716563,0.28230499271879284,500,weighted_rerank,identity-cluster-weighted-rerank-v1,,continuous_outcome
geometry,survface,magface-6931178ad2025e1b3799,pq,pq_512_m8_b8,face_attention,cosine_to_origin,182148,124729,,,,-0.2735774697050698,0.95,-0.28326643820644687,-0.26412672850036434,500,weighted_rerank,identity-cluster-weighted-rerank-v1,,continuous_outcome
geometry,survface,magface-6931178ad2025e1b3799,pq,pq_512_m8_b8,outside_face_attention,angular_error_rad,182148,124729,,,,-0.2735774697050698,0.95,-0.28326643820644687,-0.26412672850036434,500,weighted_rerank,identity-cluster-weighted-rerank-v1,,continuous_outcome
geometry,survface,magface-6931178ad2025e1b3799,pq,pq_512_m8_b8,outside_face_attention,reconstruction_mse,182148,124729,,,,-0.272625681025574,0.95,-0.28230499271879284,-0.26315363806716563,500,weighted_rerank,identity-cluster-weighted-rerank-v1,,continuous_outcome
geometry,survface,magface-6931178ad2025e1b3799,pq,pq_512_m8_b8,outside_face_attention,cosine_to_origin,182148,124729,,,,0.2735774697050698,0.95,0.26412672850036434,0.28326643820644687,500,weighted_rerank,identity-cluster-weighted-rerank-v1,,continuous_outcome
geometry,survface,magface-6931178ad2025e1b3799,pq,pq_512_m8_b8,saliency_entropy,angular_error_rad,182148,124729,,,,0.24948400066355347,0.95,0.24352940572970103,0.2559508564702638,500,weighted_rerank,identity-cluster-weighted-rerank-v1,,continuous_outcome
geometry,survface,magface-6931178ad2025e1b3799,pq,pq_512_m8_b8,saliency_entropy,reconstruction_mse,182148,124729,,,,0.24884322714426366,0.95,0.24290993881904016,0.255302448184674,500,weighted_rerank,identity-cluster-weighted-rerank-v1,,continuous_outcome
geometry,survface,magface-6931178ad2025e1b3799,pq,pq_512_m8_b8,saliency_entropy,cosine_to_origin,182148,124729,,,,-0.24948400066355347,0.95,-0.2559508564702638,-0.24352940572970103,500,weighted_rerank,identity-cluster-weighted-rerank-v1,,continuous_outcome
geometry,survface,magface-6931178ad2025e1b3799,pq,pq_512_m8_b8,maximum_region_concentration,angular_error_rad,182148,124729,,,,-0.12549056037300216,0.95,-0.13140736326484576,-0.11869944225850175,500,weighted_rerank,identity-cluster-weighted-rerank-v1,,continuous_outcome
geometry,survface,magface-6931178ad2025e1b3799,pq,pq_512_m8_b8,maximum_region_concentration,reconstruction_mse,182148,124729,,,,-0.12515556435904324,0.95,-0.13101795273165942,-0.11835284317256956,500,weighted_rerank,identity-cluster-weighted-rerank-v1,,continuous_outcome
geometry,survface,magface-6931178ad2025e1b3799,pq,pq_512_m8_b8,maximum_region_concentration,cosine_to_origin,182148,124729,,,,0.12549056037300216,0.95,0.11869944225850175,0.13140736326484576,500,weighted_rerank,identity-cluster-weighted-rerank-v1,,continuous_outcome
geometry,survface,magface-6931178ad2025e1b3799,pq,pq_512_m8_b8,left_right_asymmetry,angular_error_rad,182148,124729,,,,-0.10071712913449873,0.95,-0.10655000271015973,-0.0943020547540131,500,weighted_rerank,identity-cluster-weighted-rerank-v1,,continuous_outcome
geometry,survface,magface-6931178ad2025e1b3799,pq,pq_512_m8_b8,left_right_asymmetry,reconstruction_mse,182148,124729,,,,-0.10034883908878017,0.95,-0.10620182449551639,-0.0939234189486637,500,weighted_rerank,identity-cluster-weighted-rerank-v1,,continuous_outcome
geometry,survface,magface-6931178ad2025e1b3799,pq,pq_512_m8_b8,left_right_asymmetry,cosine_to_origin,182148,124729,,,,0.10071712913449873,0.95,0.09430205475401308,0.10655000271015973,500,weighted_rerank,identity-cluster-weighted-rerank-v1,,continuous_outcome
geometry,survface,magface-6931178ad2025e1b3799,pq,pq_512_m8_b8,saliency_center_x,angular_error_rad,182148,124729,,,,-0.060178410999126346,0.95,-0.06761607077910017,-0.05226326419887618,500,weighted_rerank,identity-cluster-weighted-rerank-v1,,continuous_outcome
geometry,survface,magface-6931178ad2025e1b3799,pq,pq_512_m8_b8,saliency_center_x,reconstruction_mse,182148,124729,,,,-0.05991856929640492,0.95,-0.06733564904564097,-0.05197784117284967,500,weighted_rerank,identity-cluster-weighted-rerank-v1,,continuous_outcome
geometry,survface,magface-6931178ad2025e1b3799,pq,pq_512_m8_b8,saliency_center_x,cosine_to_origin,182148,124729,,,,0.060178410999126346,0.95,0.05226326419887618,0.06761607077910017,500,weighted_rerank,identity-cluster-weighted-rerank-v1,,continuous_outcome
geometry,survface,magface-6931178ad2025e1b3799,pq,pq_512_m8_b8,saliency_center_y,angular_error_rad,182148,124729,,,,0.07977051391160099,0.95,0.0736493116090301,0.08582155439479011,500,weighted_rerank,identity-cluster-weighted-rerank-v1,,continuous_outcome
geometry,survface,magface-6931178ad2025e1b3799,pq,pq_512_m8_b8,saliency_center_y,reconstruction_mse,182148,124729,,,,0.07937181282574551,0.95,0.07326030741937026,0.08542201416626626,500,weighted_rerank,identity-cluster-weighted-rerank-v1,,continuous_outcome
geometry,survface,magface-6931178ad2025e1b3799,pq,pq_512_m8_b8,saliency_center_y,cosine_to_origin,182148,124729,,,,-0.07977051391160099,0.95,-0.08582155439479011,-0.0736493116090301,500,weighted_rerank,identity-cluster-weighted-rerank-v1,,continuous_outcome
geometry,survface,magface-6931178ad2025e1b3799,pq,pq_512_m8_b8,saliency_spread,angular_error_rad,182148,124729,,,,0.09657103278360185,0.95,0.0903084210264971,0.10399726531831024,500,weighted_rerank,identity-cluster-weighted-rerank-v1,,continuous_outcome
geometry,survface,magface-6931178ad2025e1b3799,pq,pq_512_m8_b8,saliency_spread,reconstruction_mse,182148,124729,,,,0.09629913985633114,0.95,0.09004303406127068,0.10371123293658105,500,weighted_rerank,identity-cluster-weighted-rerank-v1,,continuous_outcome
geometry,survface,magface-6931178ad2025e1b3799,pq,pq_512_m8_b8,saliency_spread,cosine_to_origin,182148,124729,,,,-0.09657103278360185,0.95,-0.10399726531830981,-0.09030842102649758,500,weighted_rerank,identity-cluster-weighted-rerank-v1,,continuous_outcome
