dataset,model_uid,run_id,summary_artifact_type,summary_claim_status,derived_evaluation_paper_eligible,compression_family,compression_profile,search_mode,query_representation,gallery_representation,distance_function,threshold_policy,target_fpir,compressed_score_space,compressed_dir_rank1,compressed_fpir,origin_decision_threshold,compressed_decision_threshold,origin_tpir20,compressed_tpir20,compressed_tpir20_retention,origin_closed_set_rank20_recall,compressed_closed_set_rank20_recall,origin_false_accept_count,origin_fpir_denominator,origin_realized_fpir,compressed_false_accept_count,compressed_fpir_denominator,compressed_realized_fpir,origin_fpir_wilson95_low,origin_fpir_wilson95_high,compressed_fpir_wilson95_low,compressed_fpir_wilson95_high,origin_dir_rank1_wilson95_low,origin_dir_rank1_wilson95_high,compressed_dir_rank1_wilson95_low,compressed_dir_rank1_wilson95_high,compressed_minus_origin_fpir,compressed_minus_origin_fpir_paired_bootstrap95_low,compressed_minus_origin_fpir_paired_bootstrap95_high,compressed_minus_origin_dir_rank1,compressed_minus_origin_dir_rank1_paired_bootstrap95_low,compressed_minus_origin_dir_rank1_paired_bootstrap95_high,storage_bytes_per_embedding,codebook_bytes,gallery_template_count,compressed_gallery_storage_bytes,amortized_storage_bytes_per_gallery_template,compressed_search_latency_ms_per_query,compressed_search_queries_per_second,accept_to_reject_count,accept_to_reject_rate,reject_to_accept_count,reject_to_accept_rate
lfw,arcface-7972a704552df378345f,20260829-R001-245d09db,step4_search_space_query_gallery_conditions_v6,validation_required,True,pca,pca_32,pca_direct_cosine,pca_projected_float32,pca_projected_float32,cosine_similarity,frozen_origin,0.01,cosine_similarity,0.974789915966,0.780805687204,0.346786439419,0.346786439419,0.978991596639,0.978991596639,1,0.991596638655,0.993697478992,3,1688,0.00177725118483,1318,1688,0.780805687204,0.000604605803334,0.00521240427724,0.760444712097,0.799891479605,0.961764485681,0.98854939741,0.956456737673,0.985521058724,0.779028436019,0.759463862559,0.798578199052,-0.00420168067227,-0.0105042016807,0,128,0,50,73984,1479.68,0.00202814232938,493062.042794,0,0,1324,0.611829944547
lfw,arcface-7972a704552df378345f,20260829-R001-245d09db,step4_search_space_query_gallery_conditions_v6,validation_required,True,pca,pca_64,pca_direct_cosine,pca_projected_float32,pca_projected_float32,cosine_similarity,frozen_origin,0.01,cosine_similarity,0.978991596639,0.173578199052,0.346786439419,0.346786439419,0.978991596639,0.978991596639,1,0.991596638655,0.991596638655,3,1688,0.00177725118483,293,1688,0.173578199052,0.000604605803334,0.00521240427724,0.156256666107,0.192382064636,0.961764485681,0.98854939741,0.961764485681,0.98854939741,0.171800947867,0.154620853081,0.190180687204,0,0,0,256,0,50,145920,2918.4,0.00274935304965,363721.93092,0,0,290,0.134011090573
lfw,arcface-7972a704552df378345f,20260829-R001-245d09db,step4_search_space_query_gallery_conditions_v6,validation_required,True,pca,pca_128,pca_direct_cosine,pca_projected_float32,pca_projected_float32,cosine_similarity,frozen_origin,0.01,cosine_similarity,0.978991596639,0.00888625592417,0.346786439419,0.346786439419,0.978991596639,0.978991596639,1,0.991596638655,0.995798319328,3,1688,0.00177725118483,15,1688,0.00888625592417,0.000604605803334,0.00521240427724,0.0053925593221,0.0146101771307,0.961764485681,0.98854939741,0.961764485681,0.98854939741,0.00710900473934,0.00355450236967,0.0118483412322,0,0,0,512,0,50,289792,5795.84,0.00292389094252,342010.020093,0,0,12,0.00554528650647
lfw,arcface-7972a704552df378345f,20260829-R001-245d09db,step4_search_space_query_gallery_conditions_v6,validation_required,True,pca,pca_256,pca_direct_cosine,pca_projected_float32,pca_projected_float32,cosine_similarity,frozen_origin,0.01,cosine_similarity,0.978991596639,0.00118483412322,0.346786439419,0.346786439419,0.978991596639,0.978991596639,1,0.991596638655,0.991596638655,3,1688,0.00177725118483,2,1688,0.00118483412322,0.000604605803334,0.00521240427724,0.000324984408263,0.00430988180796,0.961764485681,0.98854939741,0.961764485681,0.98854939741,-0.000592417061611,-0.00177725118483,0,0,0,0,1024,0,50,577536,11550.72,0.00270730129454,369371.52212,1,0.000462107208872,0,0
lfw,arcface-7972a704552df378345f,20260829-R001-245d09db,step4_search_space_query_gallery_conditions_v6,validation_required,True,pca,pca_384,pca_direct_cosine,pca_projected_float32,pca_projected_float32,cosine_similarity,frozen_origin,0.01,cosine_similarity,0.978991596639,0.00118483412322,0.346786439419,0.346786439419,0.978991596639,0.978991596639,1,0.991596638655,0.991596638655,3,1688,0.00177725118483,2,1688,0.00118483412322,0.000604605803334,0.00521240427724,0.000324984408263,0.00430988180796,0.961764485681,0.98854939741,0.961764485681,0.98854939741,-0.000592417061611,-0.00177725118483,0,0,0,0,1536,0,50,865280,17305.6,0.00372717190347,268299.940518,1,0.000462107208872,0,0
lfw,arcface-7972a704552df378345f,20260829-R001-245d09db,step4_search_space_query_gallery_conditions_v6,validation_required,True,pca,pca_32,pca_direct_cosine,pca_projected_float32,pca_projected_float32,cosine_similarity,recalibrated_compressed,0.01,cosine_similarity,0.953781512605,0.00947867298578,0.346786439419,0.608557164669,0.978991596639,0.953781512605,0.974248927039,0.991596638655,0.993697478992,3,1688,0.00177725118483,16,1688,0.00947867298578,0.000604605803334,0.00521240427724,0.0058428562174,0.0153420240997,0.961764485681,0.98854939741,0.931014766236,0.969282596693,0.00770142180095,0.00355450236967,0.0124407582938,-0.0252100840336,-0.0399159663866,-0.0126050420168,128,0,50,73984,1479.68,0.00202814232938,493062.042794,12,0.00554528650647,14,0.00646950092421
lfw,arcface-7972a704552df378345f,20260829-R001-245d09db,step4_search_space_query_gallery_conditions_v6,validation_required,True,pca,pca_64,pca_direct_cosine,pca_projected_float32,pca_projected_float32,cosine_similarity,recalibrated_compressed,0.01,cosine_similarity,0.976890756303,0.00236966824645,0.346786439419,0.514645636082,0.978991596639,0.976890756303,0.997854077253,0.991596638655,0.991596638655,3,1688,0.00177725118483,4,1688,0.00236966824645,0.000604605803334,0.00521240427724,0.000921891687168,0.00607726225776,0.961764485681,0.98854939741,0.959097733567,0.987048106177,0.000592417061611,-0.00177725118483,0.00296208530806,-0.00210084033613,-0.0063025210084,0,256,0,50,145920,2918.4,0.00274935304965,363721.93092,3,0.00138632162662,3,0.00138632162662
lfw,arcface-7972a704552df378345f,20260829-R001-245d09db,step4_search_space_query_gallery_conditions_v6,validation_required,True,pca,pca_128,pca_direct_cosine,pca_projected_float32,pca_projected_float32,cosine_similarity,recalibrated_compressed,0.01,cosine_similarity,0.978991596639,0.0207345971564,0.346786439419,0.326583862305,0.978991596639,0.978991596639,1,0.991596638655,0.995798319328,3,1688,0.00177725118483,35,1688,0.0207345971564,0.000604605803334,0.00521240427724,0.0149462121067,0.0286994016331,0.961764485681,0.98854939741,0.961764485681,0.98854939741,0.0189573459716,0.0130331753555,0.0254739336493,0,0,0,512,0,50,289792,5795.84,0.00292389094252,342010.020093,0,0,32,0.0147874306839
lfw,arcface-7972a704552df378345f,20260829-R001-245d09db,step4_search_space_query_gallery_conditions_v6,validation_required,True,pca,pca_256,pca_direct_cosine,pca_projected_float32,pca_projected_float32,cosine_similarity,recalibrated_compressed,0.01,cosine_similarity,0.978991596639,0.00118483412322,0.346786439419,0.351331949234,0.978991596639,0.978991596639,1,0.991596638655,0.991596638655,3,1688,0.00177725118483,2,1688,0.00118483412322,0.000604605803334,0.00521240427724,0.000324984408263,0.00430988180796,0.961764485681,0.98854939741,0.961764485681,0.98854939741,-0.000592417061611,-0.00177725118483,0,0,0,0,1024,0,50,577536,11550.72,0.00270730129454,369371.52212,1,0.000462107208872,0,0
lfw,arcface-7972a704552df378345f,20260829-R001-245d09db,step4_search_space_query_gallery_conditions_v6,validation_required,True,pca,pca_384,pca_direct_cosine,pca_projected_float32,pca_projected_float32,cosine_similarity,recalibrated_compressed,0.01,cosine_similarity,0.978991596639,0.00118483412322,0.346786439419,0.354011148214,0.978991596639,0.978991596639,1,0.991596638655,0.991596638655,3,1688,0.00177725118483,2,1688,0.00118483412322,0.000604605803334,0.00521240427724,0.000324984408263,0.00430988180796,0.961764485681,0.98854939741,0.961764485681,0.98854939741,-0.000592417061611,-0.00177725118483,0,0,0,0,1536,0,50,865280,17305.6,0.00372717190347,268299.940518,1,0.000462107208872,0,0
lfw,arcface-7972a704552df378345f,20260829-R001-245d09db,step4_search_space_query_gallery_conditions_v6,validation_required,True,pca,pca_32,pca_reconstruction_cosine,pca_reconstructed_float32,pca_reconstructed_float32,cosine_similarity,frozen_origin,0.01,cosine_similarity,0.974789915966,0.818720379147,0.346786439419,0.346786439419,0.978991596639,0.978991596639,1,0.991596638655,0.991596638655,3,1688,0.00177725118483,1382,1688,0.818720379147,0.000604605803334,0.00521240427724,0.799625066867,0.836368332154,0.961764485681,0.98854939741,0.956456737673,0.985521058724,0.816943127962,0.797985781991,0.83471563981,-0.00420168067227,-0.0105042016807,0,128,0,50,73984,1479.68,0.0124331330874,80430.2497988,0,0,1388,0.641404805915
lfw,arcface-7972a704552df378345f,20260829-R001-245d09db,step4_search_space_query_gallery_conditions_v6,validation_required,True,pca,pca_64,pca_reconstruction_cosine,pca_reconstructed_float32,pca_reconstructed_float32,cosine_similarity,frozen_origin,0.01,cosine_similarity,0.978991596639,0.193127962085,0.346786439419,0.346786439419,0.978991596639,0.978991596639,1,0.991596638655,0.991596638655,3,1688,0.00177725118483,326,1688,0.193127962085,0.000604605803334,0.00521240427724,0.175001648857,0.212647829409,0.961764485681,0.98854939741,0.961764485681,0.98854939741,0.1913507109,0.173578199052,0.20971563981,0,0,0,256,0,50,145920,2918.4,0.00373142329022,267994.253727,0,0,323,0.149260628466
lfw,arcface-7972a704552df378345f,20260829-R001-245d09db,step4_search_space_query_gallery_conditions_v6,validation_required,True,pca,pca_128,pca_reconstruction_cosine,pca_reconstructed_float32,pca_reconstructed_float32,cosine_similarity,frozen_origin,0.01,cosine_similarity,0.978991596639,0.00947867298578,0.346786439419,0.346786439419,0.978991596639,0.978991596639,1,0.991596638655,0.995798319328,3,1688,0.00177725118483,16,1688,0.00947867298578,0.000604605803334,0.00521240427724,0.0058428562174,0.0153420240997,0.961764485681,0.98854939741,0.961764485681,0.98854939741,0.00770142180095,0.00414691943128,0.0124407582938,0,0,0,512,0,50,289792,5795.84,0.00756876155225,132122.011388,0,0,13,0.00600739371534
lfw,arcface-7972a704552df378345f,20260829-R001-245d09db,step4_search_space_query_gallery_conditions_v6,validation_required,True,pca,pca_256,pca_reconstruction_cosine,pca_reconstructed_float32,pca_reconstructed_float32,cosine_similarity,frozen_origin,0.01,cosine_similarity,0.978991596639,0.00177725118483,0.346786439419,0.346786439419,0.978991596639,0.978991596639,1,0.991596638655,0.991596638655,3,1688,0.00177725118483,3,1688,0.00177725118483,0.000604605803334,0.00521240427724,0.000604605803334,0.00521240427724,0.961764485681,0.98854939741,0.961764485681,0.98854939741,0,0,0,0,0,0,1024,0,50,577536,11550.72,0.0124196395558,80517.6346305,0,0,0,0
lfw,arcface-7972a704552df378345f,20260829-R001-245d09db,step4_search_space_query_gallery_conditions_v6,validation_required,True,pca,pca_384,pca_reconstruction_cosine,pca_reconstructed_float32,pca_reconstructed_float32,cosine_similarity,frozen_origin,0.01,cosine_similarity,0.978991596639,0.00177725118483,0.346786439419,0.346786439419,0.978991596639,0.978991596639,1,0.991596638655,0.991596638655,3,1688,0.00177725118483,3,1688,0.00177725118483,0.000604605803334,0.00521240427724,0.000604605803334,0.00521240427724,0.961764485681,0.98854939741,0.961764485681,0.98854939741,0,0,0,0,0,0,1536,0,50,865280,17305.6,0.00456386321616,219112.614168,0,0,0,0
lfw,arcface-7972a704552df378345f,20260829-R001-245d09db,step4_search_space_query_gallery_conditions_v6,validation_required,True,pca,pca_32,pca_reconstruction_cosine,pca_reconstructed_float32,pca_reconstructed_float32,cosine_similarity,recalibrated_compressed,0.01,cosine_similarity,0.955882352941,0.00651658767773,0.346786439419,0.61317384243,0.978991596639,0.955882352941,0.976394849785,0.991596638655,0.991596638655,3,1688,0.00177725118483,11,1688,0.00651658767773,0.000604605803334,0.00521240427724,0.00364264614979,0.0116315148456,0.961764485681,0.98854939741,0.933499581032,0.970965825244,0.00473933649289,0.000592417061611,0.00888625592417,-0.0231092436975,-0.0378151260504,-0.0105042016807,128,0,50,73984,1479.68,0.0124331330874,80430.2497988,12,0.00554528650647,10,0.00462107208872
lfw,arcface-7972a704552df378345f,20260829-R001-245d09db,step4_search_space_query_gallery_conditions_v6,validation_required,True,pca,pca_64,pca_reconstruction_cosine,pca_reconstructed_float32,pca_reconstructed_float32,cosine_similarity,recalibrated_compressed,0.01,cosine_similarity,0.976890756303,0.00296208530806,0.346786439419,0.506793856621,0.978991596639,0.976890756303,0.997854077253,0.991596638655,0.991596638655,3,1688,0.00177725118483,5,1688,0.00296208530806,0.000604605803334,0.00521240427724,0.00126586908499,0.00691542872429,0.961764485681,0.98854939741,0.959097733567,0.987048106177,0.00118483412322,-0.00177725118483,0.00414691943128,-0.00210084033613,-0.0063025210084,0,256,0,50,145920,2918.4,0.00373142329022,267994.253727,3,0.00138632162662,4,0.00184842883549
lfw,arcface-7972a704552df378345f,20260829-R001-245d09db,step4_search_space_query_gallery_conditions_v6,validation_required,True,pca,pca_128,pca_reconstruction_cosine,pca_reconstructed_float32,pca_reconstructed_float32,cosine_similarity,recalibrated_compressed,0.01,cosine_similarity,0.978991596639,0.000592417061611,0.346786439419,0.420457363129,0.978991596639,0.978991596639,1,0.991596638655,0.995798319328,3,1688,0.00177725118483,1,1688,0.000592417061611,0.000604605803334,0.00521240427724,0.000104583813744,0.00334813853813,0.961764485681,0.98854939741,0.961764485681,0.98854939741,-0.00118483412322,-0.00296208530806,0,0,0,0,512,0,50,289792,5795.84,0.00756876155225,132122.011388,2,0.000924214417745,0,0
lfw,arcface-7972a704552df378345f,20260829-R001-245d09db,step4_search_space_query_gallery_conditions_v6,validation_required,True,pca,pca_256,pca_reconstruction_cosine,pca_reconstructed_float32,pca_reconstructed_float32,cosine_similarity,recalibrated_compressed,0.01,cosine_similarity,0.978991596639,0.00236966824645,0.346786439419,0.344007074833,0.978991596639,0.978991596639,1,0.991596638655,0.991596638655,3,1688,0.00177725118483,4,1688,0.00236966824645,0.000604605803334,0.00521240427724,0.000921891687168,0.00607726225776,0.961764485681,0.98854939741,0.961764485681,0.98854939741,0.000592417061611,0,0.00177725118483,0,0,0,1024,0,50,577536,11550.72,0.0124196395558,80517.6346305,0,0,1,0.000462107208872
lfw,arcface-7972a704552df378345f,20260829-R001-245d09db,step4_search_space_query_gallery_conditions_v6,validation_required,True,pca,pca_384,pca_reconstruction_cosine,pca_reconstructed_float32,pca_reconstructed_float32,cosine_similarity,recalibrated_compressed,0.01,cosine_similarity,0.978991596639,0.00177725118483,0.346786439419,0.346800774336,0.978991596639,0.978991596639,1,0.991596638655,0.991596638655,3,1688,0.00177725118483,3,1688,0.00177725118483,0.000604605803334,0.00521240427724,0.000604605803334,0.00521240427724,0.961764485681,0.98854939741,0.961764485681,0.98854939741,0,0,0,0,0,0,1536,0,50,865280,17305.6,0.00456386321616,219112.614168,0,0,0,0
lfw,arcface-7972a704552df378345f,20260829-R001-245d09db,step4_search_space_query_gallery_conditions_v6,validation_required,True,pq,pq_512_m8_b8,pq_adc_exhaustive,origin_float32,pq_code,squared_l2_asymmetric,recalibrated_compressed,0.01,negative_squared_l2_adc,0.966386554622,0.0165876777251,0.346786439419,-1.03965640068,0.978991596639,0.966386554622,0.987124463519,0.991596638655,0.993697478992,3,1688,0.00177725118483,28,1688,0.0165876777251,0.000604605803334,0.00521240427724,0.0115011579598,0.0238694487295,0.961764485681,0.98854939741,0.946100044078,0.979205578932,0.0148104265403,0.00888625592417,0.0207345971564,-0.0126050420168,-0.0231092436975,-0.00420168067227,8,524288,50,524688,10493.76,0.00493951016617,202449.223984,7,0.00323475046211,26,0.0120147874307
lfw,arcface-7972a704552df378345f,20260829-R001-245d09db,step4_search_space_query_gallery_conditions_v6,validation_required,True,pq,pq_512_m16_b8,pq_adc_exhaustive,origin_float32,pq_code,squared_l2_asymmetric,recalibrated_compressed,0.01,negative_squared_l2_adc,0.978991596639,0.042654028436,0.346786439419,-1.13705360889,0.978991596639,0.978991596639,1,0.991596638655,0.993697478992,3,1688,0.00177725118483,72,1688,0.042654028436,0.000604605803334,0.00521240427724,0.034007600616,0.0533773361048,0.961764485681,0.98854939741,0.961764485681,0.98854939741,0.0408767772512,0.031990521327,0.0497778436019,0,0,0,16,524288,50,525088,10501.76,0.0094545286508,105769.418755,0,0,69,0.0318853974122
lfw,arcface-7972a704552df378345f,20260829-R001-245d09db,step4_search_space_query_gallery_conditions_v6,validation_required,True,pq,pq_512_m32_b8,pq_adc_exhaustive,origin_float32,pq_code,squared_l2_asymmetric,recalibrated_compressed,0.01,negative_squared_l2_adc,0.978991596639,0.0136255924171,0.346786439419,-1.20511007309,0.978991596639,0.978991596639,1,0.991596638655,0.991596638655,3,1688,0.00177725118483,23,1688,0.0136255924171,0.000604605803334,0.00521240427724,0.00909647046764,0.0203634169,0.961764485681,0.98854939741,0.961764485681,0.98854939741,0.0118483412322,0.00710900473934,0.0177725118483,0,0,0,32,524288,50,525888,10517.76,0.0173387707944,57674.2153095,0,0,20,0.00924214417745
lfw,arcface-7972a704552df378345f,20260829-R001-245d09db,step4_search_space_query_gallery_conditions_v6,validation_required,True,pq,pq_512_m64_b8,pq_adc_exhaustive,origin_float32,pq_code,squared_l2_asymmetric,recalibrated_compressed,0.01,negative_squared_l2_adc,0.978991596639,0.00296208530806,0.346786439419,-1.2187114954,0.978991596639,0.978991596639,1,0.991596638655,0.995798319328,3,1688,0.00177725118483,5,1688,0.00296208530806,0.000604605803334,0.00521240427724,0.00126586908499,0.00691542872429,0.961764485681,0.98854939741,0.961764485681,0.98854939741,0.00118483412322,0,0.00296208530806,0,0,0,64,524288,50,527488,10549.76,0.0269804528651,37063.8700914,0,0,2,0.000924214417745
lfw,arcface-7972a704552df378345f,20260829-R001-245d09db,step4_search_space_query_gallery_conditions_v6,validation_required,True,pq,pq_512_m128_b8,pq_adc_exhaustive,origin_float32,pq_code,squared_l2_asymmetric,recalibrated_compressed,0.01,negative_squared_l2_adc,0.978991596639,0.000592417061611,0.346786439419,-1.2625079155,0.978991596639,0.978991596639,1,0.991596638655,0.991596638655,3,1688,0.00177725118483,1,1688,0.000592417061611,0.000604605803334,0.00521240427724,0.000104583813744,0.00334813853813,0.961764485681,0.98854939741,0.961764485681,0.98854939741,-0.00118483412322,-0.00296208530806,0,0,0,0,128,524288,50,530688,10613.76,0.0431522181146,23173.7797891,2,0.000924214417745,0,0
lfw,arcface-7972a704552df378345f,20260829-R001-245d09db,step4_search_space_query_gallery_conditions_v6,validation_required,True,pq,pq_512_m8_b8,pq_one_sided_cosine,origin_float32,pq_reconstructed_float32,cosine_similarity,frozen_origin,0.01,cosine_similarity,0.149159663866,0,0.346786439419,0.346786439419,0.978991596639,0.149159663866,0.152360515021,0.991596638655,0.993697478992,3,1688,0.00177725118483,0,1688,0,0.000604605803334,0.00521240427724,0,0.00227057848752,0.961764485681,0.98854939741,0.119969964183,0.183966796887,-0.00177725118483,-0.00414691943128,0,-0.829831932773,-0.861344537815,-0.798319327731,8,524288,50,524688,10493.76,0.00392024029614,255086.404011,398,0.183918669131,0,0
lfw,arcface-7972a704552df378345f,20260829-R001-245d09db,step4_search_space_query_gallery_conditions_v6,validation_required,True,pq,pq_512_m16_b8,pq_one_sided_cosine,origin_float32,pq_reconstructed_float32,cosine_similarity,frozen_origin,0.01,cosine_similarity,0.901260504202,0.000592417061611,0.346786439419,0.346786439419,0.978991596639,0.901260504202,0.920600858369,0.991596638655,0.993697478992,3,1688,0.00177725118483,1,1688,0.000592417061611,0.000604605803334,0.00521240427724,0.000104583813744,0.00334813853813,0.961764485681,0.98854939741,0.871164220314,0.924932058942,-0.00118483412322,-0.00296208530806,0,-0.077731092437,-0.100840336134,-0.0546218487395,16,524288,50,525088,10501.76,0.00433054528677,230917.802212,39,0.018022181146,0,0
lfw,arcface-7972a704552df378345f,20260829-R001-245d09db,step4_search_space_query_gallery_conditions_v6,validation_required,True,pq,pq_512_m32_b8,pq_one_sided_cosine,origin_float32,pq_reconstructed_float32,cosine_similarity,frozen_origin,0.01,cosine_similarity,0.97268907563,0.000592417061611,0.346786439419,0.346786439419,0.978991596639,0.97268907563,0.99356223176,0.991596638655,0.989495798319,3,1688,0.00177725118483,1,1688,0.000592417061611,0.000604605803334,0.00521240427724,0.000104583813744,0.00334813853813,0.961764485681,0.98854939741,0.953838641232,0.983971111818,-0.00118483412322,-0.00296208530806,0,-0.0063025210084,-0.0147058823529,0,32,524288,50,525888,10517.76,0.00892116451064,112092.98952,5,0.00231053604436,0,0
lfw,arcface-7972a704552df378345f,20260829-R001-245d09db,step4_search_space_query_gallery_conditions_v6,validation_required,True,pq,pq_512_m64_b8,pq_one_sided_cosine,origin_float32,pq_reconstructed_float32,cosine_similarity,frozen_origin,0.01,cosine_similarity,0.978991596639,0.000592417061611,0.346786439419,0.346786439419,0.978991596639,0.978991596639,1,0.991596638655,0.993697478992,3,1688,0.00177725118483,1,1688,0.000592417061611,0.000604605803334,0.00521240427724,0.000104583813744,0.00334813853813,0.961764485681,0.98854939741,0.961764485681,0.98854939741,-0.00118483412322,-0.00296208530806,0,0,0,0,64,524288,50,527488,10549.76,0.00400101663602,249936.476394,2,0.000924214417745,0,0
lfw,arcface-7972a704552df378345f,20260829-R001-245d09db,step4_search_space_query_gallery_conditions_v6,validation_required,True,pq,pq_512_m128_b8,pq_one_sided_cosine,origin_float32,pq_reconstructed_float32,cosine_similarity,frozen_origin,0.01,cosine_similarity,0.978991596639,0.000592417061611,0.346786439419,0.346786439419,0.978991596639,0.978991596639,1,0.991596638655,0.991596638655,3,1688,0.00177725118483,1,1688,0.000592417061611,0.000604605803334,0.00521240427724,0.000104583813744,0.00334813853813,0.961764485681,0.98854939741,0.961764485681,0.98854939741,-0.00118483412322,-0.00296208530806,0,0,0,0,128,524288,50,530688,10613.76,0.00420365064763,237888.465009,2,0.000924214417745,0,0
lfw,arcface-7972a704552df378345f,20260829-R001-245d09db,step4_search_space_query_gallery_conditions_v6,validation_required,True,pq,pq_512_m8_b8,pq_one_sided_cosine,origin_float32,pq_reconstructed_float32,cosine_similarity,recalibrated_compressed,0.01,cosine_similarity,0.974789915966,0.0225118483412,0.346786439419,0.194158092141,0.978991596639,0.974789915966,0.995708154506,0.991596638655,0.993697478992,3,1688,0.00177725118483,38,1688,0.0225118483412,0.000604605803334,0.00521240427724,0.0164448226811,0.0307472226518,0.961764485681,0.98854939741,0.956456737673,0.985521058724,0.0207345971564,0.0142180094787,0.0278436018957,-0.00420168067227,-0.0105042016807,0,8,524288,50,524688,10493.76,0.00392024029614,255086.404011,2,0.000924214417745,36,0.0166358595194
lfw,arcface-7972a704552df378345f,20260829-R001-245d09db,step4_search_space_query_gallery_conditions_v6,validation_required,True,pq,pq_512_m16_b8,pq_one_sided_cosine,origin_float32,pq_reconstructed_float32,cosine_similarity,recalibrated_compressed,0.01,cosine_similarity,0.978991596639,0.0284360189573,0.346786439419,0.191881656647,0.978991596639,0.978991596639,1,0.991596638655,0.993697478992,3,1688,0.00177725118483,48,1688,0.0284360189573,0.000604605803334,0.00521240427724,0.0215144547893,0.0374990291871,0.961764485681,0.98854939741,0.961764485681,0.98854939741,0.0266587677725,0.0195497630332,0.0349526066351,0,0,0,16,524288,50,525088,10501.76,0.00433054528677,230917.802212,0,0,45,0.0207948243993
lfw,arcface-7972a704552df378345f,20260829-R001-245d09db,step4_search_space_query_gallery_conditions_v6,validation_required,True,pq,pq_512_m32_b8,pq_one_sided_cosine,origin_float32,pq_reconstructed_float32,cosine_similarity,recalibrated_compressed,0.01,cosine_similarity,0.978991596639,0.000592417061611,0.346786439419,0.276271224022,0.978991596639,0.978991596639,1,0.991596638655,0.989495798319,3,1688,0.00177725118483,1,1688,0.000592417061611,0.000604605803334,0.00521240427724,0.000104583813744,0.00334813853813,0.961764485681,0.98854939741,0.961764485681,0.98854939741,-0.00118483412322,-0.00296208530806,0,0,0,0,32,524288,50,525888,10517.76,0.00892116451064,112092.98952,2,0.000924214417745,0,0
lfw,arcface-7972a704552df378345f,20260829-R001-245d09db,step4_search_space_query_gallery_conditions_v6,validation_required,True,pq,pq_512_m64_b8,pq_one_sided_cosine,origin_float32,pq_reconstructed_float32,cosine_similarity,recalibrated_compressed,0.01,cosine_similarity,0.978991596639,0.00355450236967,0.346786439419,0.28785443306,0.978991596639,0.978991596639,1,0.991596638655,0.993697478992,3,1688,0.00177725118483,6,1688,0.00355450236967,0.000604605803334,0.00521240427724,0.00163004744464,0.00773339422899,0.961764485681,0.98854939741,0.961764485681,0.98854939741,0.00177725118483,0,0.00414691943128,0,0,0,64,524288,50,527488,10549.76,0.00400101663602,249936.476394,0,0,3,0.00138632162662
lfw,arcface-7972a704552df378345f,20260829-R001-245d09db,step4_search_space_query_gallery_conditions_v6,validation_required,True,pq,pq_512_m128_b8,pq_one_sided_cosine,origin_float32,pq_reconstructed_float32,cosine_similarity,recalibrated_compressed,0.01,cosine_similarity,0.978991596639,0.00296208530806,0.346786439419,0.319215893745,0.978991596639,0.978991596639,1,0.991596638655,0.991596638655,3,1688,0.00177725118483,5,1688,0.00296208530806,0.000604605803334,0.00521240427724,0.00126586908499,0.00691542872429,0.961764485681,0.98854939741,0.961764485681,0.98854939741,0.00118483412322,0,0.00296208530806,0,0,0,128,524288,50,530688,10613.76,0.00420365064763,237888.465009,0,0,2,0.000924214417745
lfw,arcface-7972a704552df378345f,20260829-R001-245d09db,step4_search_space_query_gallery_conditions_v6,validation_required,True,pq,pq_512_m8_b8,pq_reconstruction_cosine,pq_reconstructed_float32,pq_reconstructed_float32,cosine_similarity,frozen_origin,0.01,cosine_similarity,0.607142857143,0.00592417061611,0.346786439419,0.346786439419,0.978991596639,0.607142857143,0.62017167382,0.991596638655,0.981092436975,3,1688,0.00177725118483,10,1688,0.00592417061611,0.000604605803334,0.00521240427724,0.00322107366682,0.0108709434642,0.961764485681,0.98854939741,0.562578645642,0.64999156505,0.00414691943128,0.000592417061611,0.00770142180095,-0.371848739496,-0.415966386555,-0.327731092437,8,524288,50,524688,10493.76,0.00348216266176,287177.853861,178,0.0822550831793,8,0.00369685767098
lfw,arcface-7972a704552df378345f,20260829-R001-245d09db,step4_search_space_query_gallery_conditions_v6,validation_required,True,pq,pq_512_m16_b8,pq_reconstruction_cosine,pq_reconstructed_float32,pq_reconstructed_float32,cosine_similarity,frozen_origin,0.01,cosine_similarity,0.689075630252,0.000592417061611,0.346786439419,0.346786439419,0.978991596639,0.689075630252,0.703862660944,0.991596638655,0.993697478992,3,1688,0.00177725118483,1,1688,0.000592417061611,0.000604605803334,0.00521240427724,0.000104583813744,0.00334813853813,0.961764485681,0.98854939741,0.646119072407,0.729004828813,-0.00118483412322,-0.00355450236967,0.00118483412322,-0.289915966387,-0.329884453782,-0.25,16,524288,50,525088,10501.76,0.00274597966739,364168.756191,141,0.065157116451,1,0.000462107208872
lfw,arcface-7972a704552df378345f,20260829-R001-245d09db,step4_search_space_query_gallery_conditions_v6,validation_required,True,pq,pq_512_m32_b8,pq_reconstruction_cosine,pq_reconstructed_float32,pq_reconstructed_float32,cosine_similarity,frozen_origin,0.01,cosine_similarity,0.920168067227,0.000592417061611,0.346786439419,0.346786439419,0.978991596639,0.920168067227,0.93991416309,0.991596638655,0.985294117647,3,1688,0.00177725118483,1,1688,0.000592417061611,0.000604605803334,0.00521240427724,0.000104583813744,0.00334813853813,0.961764485681,0.98854939741,0.892321635543,0.941287033836,-0.00118483412322,-0.00296208530806,0,-0.0588235294118,-0.0798319327731,-0.0399159663866,32,524288,50,525888,10517.76,0.00325970425209,306776.29707,30,0.0138632162662,0,0
lfw,arcface-7972a704552df378345f,20260829-R001-245d09db,step4_search_space_query_gallery_conditions_v6,validation_required,True,pq,pq_512_m64_b8,pq_reconstruction_cosine,pq_reconstructed_float32,pq_reconstructed_float32,cosine_similarity,frozen_origin,0.01,cosine_similarity,0.974789915966,0.000592417061611,0.346786439419,0.346786439419,0.978991596639,0.974789915966,0.995708154506,0.991596638655,0.995798319328,3,1688,0.00177725118483,1,1688,0.000592417061611,0.000604605803334,0.00521240427724,0.000104583813744,0.00334813853813,0.961764485681,0.98854939741,0.956456737673,0.985521058724,-0.00118483412322,-0.00296208530806,0,-0.00420168067227,-0.0105042016807,0,64,524288,50,527488,10549.76,0.00314995378897,317464.974725,4,0.00184842883549,0,0
lfw,arcface-7972a704552df378345f,20260829-R001-245d09db,step4_search_space_query_gallery_conditions_v6,validation_required,True,pq,pq_512_m128_b8,pq_reconstruction_cosine,pq_reconstructed_float32,pq_reconstructed_float32,cosine_similarity,frozen_origin,0.01,cosine_similarity,0.978991596639,0.000592417061611,0.346786439419,0.346786439419,0.978991596639,0.978991596639,1,0.991596638655,0.991596638655,3,1688,0.00177725118483,1,1688,0.000592417061611,0.000604605803334,0.00521240427724,0.000104583813744,0.00334813853813,0.961764485681,0.98854939741,0.961764485681,0.98854939741,-0.00118483412322,-0.00296208530806,0,0,0,0,128,524288,50,530688,10613.76,0.00299385397376,334017.627034,2,0.000924214417745,0,0
lfw,arcface-7972a704552df378345f,20260829-R001-245d09db,step4_search_space_query_gallery_conditions_v6,validation_required,True,pq,pq_512_m8_b8,pq_reconstruction_cosine,pq_reconstructed_float32,pq_reconstructed_float32,cosine_similarity,recalibrated_compressed,0.01,cosine_similarity,0.695378151261,0.0207345971564,0.346786439419,0.297776639462,0.978991596639,0.697478991597,0.712446351931,0.991596638655,0.981092436975,3,1688,0.00177725118483,35,1688,0.0207345971564,0.000604605803334,0.00521240427724,0.0149462121067,0.0286994016331,0.961764485681,0.98854939741,0.652603950688,0.735024080573,0.0189573459716,0.0130331753555,0.0254739336493,-0.283613445378,-0.323529411765,-0.243697478992,8,524288,50,524688,10493.76,0.00348216266176,287177.853861,134,0.0619223659889,33,0.0152495378928
lfw,arcface-7972a704552df378345f,20260829-R001-245d09db,step4_search_space_query_gallery_conditions_v6,validation_required,True,pq,pq_512_m16_b8,pq_reconstruction_cosine,pq_reconstructed_float32,pq_reconstructed_float32,cosine_similarity,recalibrated_compressed,0.01,cosine_similarity,0.951680672269,0.039691943128,0.346786439419,0.204176574945,0.978991596639,0.951680672269,0.972103004292,0.991596638655,0.993697478992,3,1688,0.00177725118483,67,1688,0.039691943128,0.000604605803334,0.00521240427724,0.0313755458175,0.0500986715816,0.961764485681,0.98854939741,0.928539971338,0.967589348244,0.0379146919431,0.029028436019,0.0473933649289,-0.0273109243697,-0.0420168067227,-0.0147058823529,16,524288,50,525088,10501.76,0.00274597966739,364168.756191,14,0.00646950092421,65,0.0300369685767
lfw,arcface-7972a704552df378345f,20260829-R001-245d09db,step4_search_space_query_gallery_conditions_v6,validation_required,True,pq,pq_512_m32_b8,pq_reconstruction_cosine,pq_reconstructed_float32,pq_reconstructed_float32,cosine_similarity,recalibrated_compressed,0.01,cosine_similarity,0.970588235294,0.00177725118483,0.346786439419,0.246704012156,0.978991596639,0.970588235294,0.991416309013,0.991596638655,0.985294117647,3,1688,0.00177725118483,3,1688,0.00177725118483,0.000604605803334,0.00521240427724,0.000604605803334,0.00521240427724,0.961764485681,0.98854939741,0.951241089085,0.982400620619,0,-0.00177725118483,0.00177725118483,-0.00840336134454,-0.0168067226891,-0.00210084033613,32,524288,50,525888,10517.76,0.00325970425209,306776.29707,5,0.00231053604436,1,0.000462107208872
lfw,arcface-7972a704552df378345f,20260829-R001-245d09db,step4_search_space_query_gallery_conditions_v6,validation_required,True,pq,pq_512_m64_b8,pq_reconstruction_cosine,pq_reconstructed_float32,pq_reconstructed_float32,cosine_similarity,recalibrated_compressed,0.01,cosine_similarity,0.978991596639,0.00355450236967,0.346786439419,0.252279132605,0.978991596639,0.978991596639,1,0.991596638655,0.995798319328,3,1688,0.00177725118483,6,1688,0.00355450236967,0.000604605803334,0.00521240427724,0.00163004744464,0.00773339422899,0.961764485681,0.98854939741,0.961764485681,0.98854939741,0.00177725118483,-0.000592417061611,0.00473933649289,0,0,0,64,524288,50,527488,10549.76,0.00314995378897,317464.974725,1,0.000462107208872,4,0.00184842883549
lfw,arcface-7972a704552df378345f,20260829-R001-245d09db,step4_search_space_query_gallery_conditions_v6,validation_required,True,pq,pq_512_m128_b8,pq_reconstruction_cosine,pq_reconstructed_float32,pq_reconstructed_float32,cosine_similarity,recalibrated_compressed,0.01,cosine_similarity,0.978991596639,0.00118483412322,0.346786439419,0.313377559185,0.978991596639,0.978991596639,1,0.991596638655,0.991596638655,3,1688,0.00177725118483,2,1688,0.00118483412322,0.000604605803334,0.00521240427724,0.000324984408263,0.00430988180796,0.961764485681,0.98854939741,0.961764485681,0.98854939741,-0.000592417061611,-0.00177725118483,0,0,0,0,128,524288,50,530688,10613.76,0.00299385397376,334017.627034,1,0.000462107208872,0,0
lfw,arcface-7972a704552df378345f,20260829-R001-245d09db,step4_search_space_query_gallery_conditions_v6,validation_required,True,pq,pq_512_m128_b8,pq_sdc_exhaustive,pq_code,pq_code,squared_l2_symmetric,recalibrated_compressed,0.01,negative_squared_l2_sdc,0.978991596639,0.000592417061611,0.346786439419,-1.18789255619,0.978991596639,0.978991596639,1,0.991596638655,0.991596638655,3,1688,0.00177725118483,1,1688,0.000592417061611,0.000604605803334,0.00521240427724,0.000104583813744,0.00334813853813,0.961764485681,0.98854939741,0.961764485681,0.98854939741,-0.00118483412322,-0.00296208530806,0,0,0,0,128,524288,50,530688,10613.76,0.0425194547135,23518.6459172,2,0.000924214417745,0,0
lfw,arcface-7972a704552df378345f,20260829-R001-245d09db,step4_search_space_query_gallery_conditions_v6,validation_required,True,pca,pca_32,pca_direct_cosine,pca_projected_float32,pca_projected_float32,cosine_similarity,frozen_origin,0.05,cosine_similarity,0.974789915966,0.780805687204,0.346786439419,0.346786439419,0.978991596639,0.978991596639,1,0.991596638655,0.993697478992,3,1688,0.00177725118483,1318,1688,0.780805687204,0.000604605803334,0.00521240427724,0.760444712097,0.799891479605,0.961764485681,0.98854939741,0.956456737673,0.985521058724,0.779028436019,0.759463862559,0.798578199052,-0.00420168067227,-0.0105042016807,0,128,0,50,73984,1479.68,0.00202814232938,493062.042794,0,0,1324,0.611829944547
lfw,arcface-7972a704552df378345f,20260829-R001-245d09db,step4_search_space_query_gallery_conditions_v6,validation_required,True,pca,pca_64,pca_direct_cosine,pca_projected_float32,pca_projected_float32,cosine_similarity,frozen_origin,0.05,cosine_similarity,0.978991596639,0.173578199052,0.346786439419,0.346786439419,0.978991596639,0.978991596639,1,0.991596638655,0.991596638655,3,1688,0.00177725118483,293,1688,0.173578199052,0.000604605803334,0.00521240427724,0.156256666107,0.192382064636,0.961764485681,0.98854939741,0.961764485681,0.98854939741,0.171800947867,0.154620853081,0.190180687204,0,0,0,256,0,50,145920,2918.4,0.00274935304965,363721.93092,0,0,290,0.134011090573
lfw,arcface-7972a704552df378345f,20260829-R001-245d09db,step4_search_space_query_gallery_conditions_v6,validation_required,True,pca,pca_128,pca_direct_cosine,pca_projected_float32,pca_projected_float32,cosine_similarity,frozen_origin,0.05,cosine_similarity,0.978991596639,0.00888625592417,0.346786439419,0.346786439419,0.978991596639,0.978991596639,1,0.991596638655,0.995798319328,3,1688,0.00177725118483,15,1688,0.00888625592417,0.000604605803334,0.00521240427724,0.0053925593221,0.0146101771307,0.961764485681,0.98854939741,0.961764485681,0.98854939741,0.00710900473934,0.00355450236967,0.0118483412322,0,0,0,512,0,50,289792,5795.84,0.00292389094252,342010.020093,0,0,12,0.00554528650647
lfw,arcface-7972a704552df378345f,20260829-R001-245d09db,step4_search_space_query_gallery_conditions_v6,validation_required,True,pca,pca_256,pca_direct_cosine,pca_projected_float32,pca_projected_float32,cosine_similarity,frozen_origin,0.05,cosine_similarity,0.978991596639,0.00118483412322,0.346786439419,0.346786439419,0.978991596639,0.978991596639,1,0.991596638655,0.991596638655,3,1688,0.00177725118483,2,1688,0.00118483412322,0.000604605803334,0.00521240427724,0.000324984408263,0.00430988180796,0.961764485681,0.98854939741,0.961764485681,0.98854939741,-0.000592417061611,-0.00177725118483,0,0,0,0,1024,0,50,577536,11550.72,0.00270730129454,369371.52212,1,0.000462107208872,0,0
lfw,arcface-7972a704552df378345f,20260829-R001-245d09db,step4_search_space_query_gallery_conditions_v6,validation_required,True,pca,pca_384,pca_direct_cosine,pca_projected_float32,pca_projected_float32,cosine_similarity,frozen_origin,0.05,cosine_similarity,0.978991596639,0.00118483412322,0.346786439419,0.346786439419,0.978991596639,0.978991596639,1,0.991596638655,0.991596638655,3,1688,0.00177725118483,2,1688,0.00118483412322,0.000604605803334,0.00521240427724,0.000324984408263,0.00430988180796,0.961764485681,0.98854939741,0.961764485681,0.98854939741,-0.000592417061611,-0.00177725118483,0,0,0,0,1536,0,50,865280,17305.6,0.00372717190347,268299.940518,1,0.000462107208872,0,0
lfw,arcface-7972a704552df378345f,20260829-R001-245d09db,step4_search_space_query_gallery_conditions_v6,validation_required,True,pca,pca_32,pca_direct_cosine,pca_projected_float32,pca_projected_float32,cosine_similarity,recalibrated_compressed,0.05,cosine_similarity,0.96218487395,0.0390995260664,0.346786439419,0.542952001095,0.978991596639,0.964285714286,0.984978540773,0.991596638655,0.993697478992,3,1688,0.00177725118483,66,1688,0.0390995260664,0.000604605803334,0.00521240427724,0.030850740728,0.0494413328067,0.961764485681,0.98854939741,0.941021128389,0.975948407927,0.0373222748815,0.0284360189573,0.0468009478673,-0.0168067226891,-0.0294117647059,-0.0063025210084,128,0,50,73984,1479.68,0.00202814232938,493062.042794,8,0.00369685767098,64,0.0295748613678
lfw,arcface-7972a704552df378345f,20260829-R001-245d09db,step4_search_space_query_gallery_conditions_v6,validation_required,True,pca,pca_64,pca_direct_cosine,pca_projected_float32,pca_projected_float32,cosine_similarity,recalibrated_compressed,0.05,cosine_similarity,0.978991596639,0.0971563981043,0.346786439419,0.372847080231,0.978991596639,0.978991596639,1,0.991596638655,0.991596638655,3,1688,0.00177725118483,164,1688,0.0971563981043,0.000604605803334,0.00521240427724,0.0839287715664,0.112213400675,0.961764485681,0.98854939741,0.961764485681,0.98854939741,0.0953791469194,0.0817535545024,0.109004739336,0,0,0,256,0,50,145920,2918.4,0.00274935304965,363721.93092,0,0,161,0.0743992606285
lfw,arcface-7972a704552df378345f,20260829-R001-245d09db,step4_search_space_query_gallery_conditions_v6,validation_required,True,pca,pca_128,pca_direct_cosine,pca_projected_float32,pca_projected_float32,cosine_similarity,recalibrated_compressed,0.05,cosine_similarity,0.978991596639,0.0207345971564,0.346786439419,0.326583862305,0.978991596639,0.978991596639,1,0.991596638655,0.995798319328,3,1688,0.00177725118483,35,1688,0.0207345971564,0.000604605803334,0.00521240427724,0.0149462121067,0.0286994016331,0.961764485681,0.98854939741,0.961764485681,0.98854939741,0.0189573459716,0.0130331753555,0.0254739336493,0,0,0,512,0,50,289792,5795.84,0.00292389094252,342010.020093,0,0,32,0.0147874306839
lfw,arcface-7972a704552df378345f,20260829-R001-245d09db,step4_search_space_query_gallery_conditions_v6,validation_required,True,pca,pca_256,pca_direct_cosine,pca_projected_float32,pca_projected_float32,cosine_similarity,recalibrated_compressed,0.05,cosine_similarity,0.978991596639,0.00118483412322,0.346786439419,0.351331949234,0.978991596639,0.978991596639,1,0.991596638655,0.991596638655,3,1688,0.00177725118483,2,1688,0.00118483412322,0.000604605803334,0.00521240427724,0.000324984408263,0.00430988180796,0.961764485681,0.98854939741,0.961764485681,0.98854939741,-0.000592417061611,-0.00177725118483,0,0,0,0,1024,0,50,577536,11550.72,0.00270730129454,369371.52212,1,0.000462107208872,0,0
lfw,arcface-7972a704552df378345f,20260829-R001-245d09db,step4_search_space_query_gallery_conditions_v6,validation_required,True,pca,pca_384,pca_direct_cosine,pca_projected_float32,pca_projected_float32,cosine_similarity,recalibrated_compressed,0.05,cosine_similarity,0.978991596639,0.00118483412322,0.346786439419,0.354011148214,0.978991596639,0.978991596639,1,0.991596638655,0.991596638655,3,1688,0.00177725118483,2,1688,0.00118483412322,0.000604605803334,0.00521240427724,0.000324984408263,0.00430988180796,0.961764485681,0.98854939741,0.961764485681,0.98854939741,-0.000592417061611,-0.00177725118483,0,0,0,0,1536,0,50,865280,17305.6,0.00372717190347,268299.940518,1,0.000462107208872,0,0
lfw,arcface-7972a704552df378345f,20260829-R001-245d09db,step4_search_space_query_gallery_conditions_v6,validation_required,True,pca,pca_32,pca_reconstruction_cosine,pca_reconstructed_float32,pca_reconstructed_float32,cosine_similarity,frozen_origin,0.05,cosine_similarity,0.974789915966,0.818720379147,0.346786439419,0.346786439419,0.978991596639,0.978991596639,1,0.991596638655,0.991596638655,3,1688,0.00177725118483,1382,1688,0.818720379147,0.000604605803334,0.00521240427724,0.799625066867,0.836368332154,0.961764485681,0.98854939741,0.956456737673,0.985521058724,0.816943127962,0.797985781991,0.83471563981,-0.00420168067227,-0.0105042016807,0,128,0,50,73984,1479.68,0.0124331330874,80430.2497988,0,0,1388,0.641404805915
lfw,arcface-7972a704552df378345f,20260829-R001-245d09db,step4_search_space_query_gallery_conditions_v6,validation_required,True,pca,pca_64,pca_reconstruction_cosine,pca_reconstructed_float32,pca_reconstructed_float32,cosine_similarity,frozen_origin,0.05,cosine_similarity,0.978991596639,0.193127962085,0.346786439419,0.346786439419,0.978991596639,0.978991596639,1,0.991596638655,0.991596638655,3,1688,0.00177725118483,326,1688,0.193127962085,0.000604605803334,0.00521240427724,0.175001648857,0.212647829409,0.961764485681,0.98854939741,0.961764485681,0.98854939741,0.1913507109,0.173578199052,0.20971563981,0,0,0,256,0,50,145920,2918.4,0.00373142329022,267994.253727,0,0,323,0.149260628466
lfw,arcface-7972a704552df378345f,20260829-R001-245d09db,step4_search_space_query_gallery_conditions_v6,validation_required,True,pca,pca_128,pca_reconstruction_cosine,pca_reconstructed_float32,pca_reconstructed_float32,cosine_similarity,frozen_origin,0.05,cosine_similarity,0.978991596639,0.00947867298578,0.346786439419,0.346786439419,0.978991596639,0.978991596639,1,0.991596638655,0.995798319328,3,1688,0.00177725118483,16,1688,0.00947867298578,0.000604605803334,0.00521240427724,0.0058428562174,0.0153420240997,0.961764485681,0.98854939741,0.961764485681,0.98854939741,0.00770142180095,0.00414691943128,0.0124407582938,0,0,0,512,0,50,289792,5795.84,0.00756876155225,132122.011388,0,0,13,0.00600739371534
lfw,arcface-7972a704552df378345f,20260829-R001-245d09db,step4_search_space_query_gallery_conditions_v6,validation_required,True,pca,pca_256,pca_reconstruction_cosine,pca_reconstructed_float32,pca_reconstructed_float32,cosine_similarity,frozen_origin,0.05,cosine_similarity,0.978991596639,0.00177725118483,0.346786439419,0.346786439419,0.978991596639,0.978991596639,1,0.991596638655,0.991596638655,3,1688,0.00177725118483,3,1688,0.00177725118483,0.000604605803334,0.00521240427724,0.000604605803334,0.00521240427724,0.961764485681,0.98854939741,0.961764485681,0.98854939741,0,0,0,0,0,0,1024,0,50,577536,11550.72,0.0124196395558,80517.6346305,0,0,0,0
lfw,arcface-7972a704552df378345f,20260829-R001-245d09db,step4_search_space_query_gallery_conditions_v6,validation_required,True,pca,pca_384,pca_reconstruction_cosine,pca_reconstructed_float32,pca_reconstructed_float32,cosine_similarity,frozen_origin,0.05,cosine_similarity,0.978991596639,0.00177725118483,0.346786439419,0.346786439419,0.978991596639,0.978991596639,1,0.991596638655,0.991596638655,3,1688,0.00177725118483,3,1688,0.00177725118483,0.000604605803334,0.00521240427724,0.000604605803334,0.00521240427724,0.961764485681,0.98854939741,0.961764485681,0.98854939741,0,0,0,0,0,0,1536,0,50,865280,17305.6,0.00456386321616,219112.614168,0,0,0,0
lfw,arcface-7972a704552df378345f,20260829-R001-245d09db,step4_search_space_query_gallery_conditions_v6,validation_required,True,pca,pca_32,pca_reconstruction_cosine,pca_reconstructed_float32,pca_reconstructed_float32,cosine_similarity,recalibrated_compressed,0.05,cosine_similarity,0.96218487395,0.0355450236967,0.346786439419,0.556778490543,0.978991596639,0.964285714286,0.984978540773,0.991596638655,0.991596638655,3,1688,0.00177725118483,60,1688,0.0355450236967,0.000604605803334,0.00521240427724,0.027714159278,0.0454850510706,0.961764485681,0.98854939741,0.941021128389,0.975948407927,0.0337677725118,0.0254739336493,0.042654028436,-0.0168067226891,-0.0294117647059,-0.0063025210084,128,0,50,73984,1479.68,0.0124331330874,80430.2497988,7,0.00323475046211,57,0.0263401109057
lfw,arcface-7972a704552df378345f,20260829-R001-245d09db,step4_search_space_query_gallery_conditions_v6,validation_required,True,pca,pca_64,pca_reconstruction_cosine,pca_reconstructed_float32,pca_reconstructed_float32,cosine_similarity,recalibrated_compressed,0.05,cosine_similarity,0.978991596639,0.0977488151659,0.346786439419,0.374345481396,0.978991596639,0.978991596639,1,0.991596638655,0.991596638655,3,1688,0.00177725118483,165,1688,0.0977488151659,0.000604605803334,0.00521240427724,0.084481694072,0.112842622033,0.961764485681,0.98854939741,0.961764485681,0.98854939741,0.095971563981,0.082345971564,0.109597156398,0,0,0,256,0,50,145920,2918.4,0.00373142329022,267994.253727,0,0,162,0.0748613678373
lfw,arcface-7972a704552df378345f,20260829-R001-245d09db,step4_search_space_query_gallery_conditions_v6,validation_required,True,pca,pca_128,pca_reconstruction_cosine,pca_reconstructed_float32,pca_reconstructed_float32,cosine_similarity,recalibrated_compressed,0.05,cosine_similarity,0.978991596639,0.0325829383886,0.346786439419,0.316773504019,0.978991596639,0.978991596639,1,0.991596638655,0.995798319328,3,1688,0.00177725118483,55,1688,0.0325829383886,0.000604605803334,0.00521240427724,0.0251179369948,0.042170554032,0.961764485681,0.98854939741,0.961764485681,0.98854939741,0.0308056872038,0.0231042654028,0.0390995260664,0,0,0,512,0,50,289792,5795.84,0.00756876155225,132122.011388,0,0,52,0.0240295748614
lfw,arcface-7972a704552df378345f,20260829-R001-245d09db,step4_search_space_query_gallery_conditions_v6,validation_required,True,pca,pca_256,pca_reconstruction_cosine,pca_reconstructed_float32,pca_reconstructed_float32,cosine_similarity,recalibrated_compressed,0.05,cosine_similarity,0.978991596639,0.00236966824645,0.346786439419,0.344007074833,0.978991596639,0.978991596639,1,0.991596638655,0.991596638655,3,1688,0.00177725118483,4,1688,0.00236966824645,0.000604605803334,0.00521240427724,0.000921891687168,0.00607726225776,0.961764485681,0.98854939741,0.961764485681,0.98854939741,0.000592417061611,0,0.00177725118483,0,0,0,1024,0,50,577536,11550.72,0.0124196395558,80517.6346305,0,0,1,0.000462107208872
lfw,arcface-7972a704552df378345f,20260829-R001-245d09db,step4_search_space_query_gallery_conditions_v6,validation_required,True,pca,pca_384,pca_reconstruction_cosine,pca_reconstructed_float32,pca_reconstructed_float32,cosine_similarity,recalibrated_compressed,0.05,cosine_similarity,0.978991596639,0.00177725118483,0.346786439419,0.346800774336,0.978991596639,0.978991596639,1,0.991596638655,0.991596638655,3,1688,0.00177725118483,3,1688,0.00177725118483,0.000604605803334,0.00521240427724,0.000604605803334,0.00521240427724,0.961764485681,0.98854939741,0.961764485681,0.98854939741,0,0,0,0,0,0,1536,0,50,865280,17305.6,0.00456386321616,219112.614168,0,0,0,0
lfw,arcface-7972a704552df378345f,20260829-R001-245d09db,step4_search_space_query_gallery_conditions_v6,validation_required,True,pq,pq_512_m8_b8,pq_adc_exhaustive,origin_float32,pq_code,squared_l2_asymmetric,recalibrated_compressed,0.05,negative_squared_l2_adc,0.97268907563,0.0545023696682,0.346786439419,-1.05647516251,0.978991596639,0.97268907563,0.99356223176,0.991596638655,0.993697478992,3,1688,0.00177725118483,92,1688,0.0545023696682,0.000604605803334,0.00521240427724,0.0446497299238,0.066378084084,0.961764485681,0.98854939741,0.953838641232,0.983971111818,0.0527251184834,0.0420616113744,0.0633886255924,-0.0063025210084,-0.0147058823529,0,8,524288,50,524688,10493.76,0.00493951016617,202449.223984,3,0.00138632162662,91,0.0420517560074
lfw,arcface-7972a704552df378345f,20260829-R001-245d09db,step4_search_space_query_gallery_conditions_v6,validation_required,True,pq,pq_512_m16_b8,pq_adc_exhaustive,origin_float32,pq_code,squared_l2_asymmetric,recalibrated_compressed,0.05,negative_squared_l2_adc,0.978991596639,0.042654028436,0.346786439419,-1.13705360889,0.978991596639,0.978991596639,1,0.991596638655,0.993697478992,3,1688,0.00177725118483,72,1688,0.042654028436,0.000604605803334,0.00521240427724,0.034007600616,0.0533773361048,0.961764485681,0.98854939741,0.961764485681,0.98854939741,0.0408767772512,0.031990521327,0.0497778436019,0,0,0,16,524288,50,525088,10501.76,0.0094545286508,105769.418755,0,0,69,0.0318853974122
lfw,arcface-7972a704552df378345f,20260829-R001-245d09db,step4_search_space_query_gallery_conditions_v6,validation_required,True,pq,pq_512_m32_b8,pq_adc_exhaustive,origin_float32,pq_code,squared_l2_asymmetric,recalibrated_compressed,0.05,negative_squared_l2_adc,0.978991596639,0.0136255924171,0.346786439419,-1.20511007309,0.978991596639,0.978991596639,1,0.991596638655,0.991596638655,3,1688,0.00177725118483,23,1688,0.0136255924171,0.000604605803334,0.00521240427724,0.00909647046764,0.0203634169,0.961764485681,0.98854939741,0.961764485681,0.98854939741,0.0118483412322,0.00710900473934,0.0177725118483,0,0,0,32,524288,50,525888,10517.76,0.0173387707944,57674.2153095,0,0,20,0.00924214417745
lfw,arcface-7972a704552df378345f,20260829-R001-245d09db,step4_search_space_query_gallery_conditions_v6,validation_required,True,pq,pq_512_m64_b8,pq_adc_exhaustive,origin_float32,pq_code,squared_l2_asymmetric,recalibrated_compressed,0.05,negative_squared_l2_adc,0.978991596639,0.00296208530806,0.346786439419,-1.2187114954,0.978991596639,0.978991596639,1,0.991596638655,0.995798319328,3,1688,0.00177725118483,5,1688,0.00296208530806,0.000604605803334,0.00521240427724,0.00126586908499,0.00691542872429,0.961764485681,0.98854939741,0.961764485681,0.98854939741,0.00118483412322,0,0.00296208530806,0,0,0,64,524288,50,527488,10549.76,0.0269804528651,37063.8700914,0,0,2,0.000924214417745
lfw,arcface-7972a704552df378345f,20260829-R001-245d09db,step4_search_space_query_gallery_conditions_v6,validation_required,True,pq,pq_512_m128_b8,pq_adc_exhaustive,origin_float32,pq_code,squared_l2_asymmetric,recalibrated_compressed,0.05,negative_squared_l2_adc,0.978991596639,0.000592417061611,0.346786439419,-1.2625079155,0.978991596639,0.978991596639,1,0.991596638655,0.991596638655,3,1688,0.00177725118483,1,1688,0.000592417061611,0.000604605803334,0.00521240427724,0.000104583813744,0.00334813853813,0.961764485681,0.98854939741,0.961764485681,0.98854939741,-0.00118483412322,-0.00296208530806,0,0,0,0,128,524288,50,530688,10613.76,0.0431522181146,23173.7797891,2,0.000924214417745,0,0
lfw,arcface-7972a704552df378345f,20260829-R001-245d09db,step4_search_space_query_gallery_conditions_v6,validation_required,True,pq,pq_512_m8_b8,pq_one_sided_cosine,origin_float32,pq_reconstructed_float32,cosine_similarity,frozen_origin,0.05,cosine_similarity,0.149159663866,0,0.346786439419,0.346786439419,0.978991596639,0.149159663866,0.152360515021,0.991596638655,0.993697478992,3,1688,0.00177725118483,0,1688,0,0.000604605803334,0.00521240427724,0,0.00227057848752,0.961764485681,0.98854939741,0.119969964183,0.183966796887,-0.00177725118483,-0.00414691943128,0,-0.829831932773,-0.861344537815,-0.798319327731,8,524288,50,524688,10493.76,0.00392024029614,255086.404011,398,0.183918669131,0,0
lfw,arcface-7972a704552df378345f,20260829-R001-245d09db,step4_search_space_query_gallery_conditions_v6,validation_required,True,pq,pq_512_m16_b8,pq_one_sided_cosine,origin_float32,pq_reconstructed_float32,cosine_similarity,frozen_origin,0.05,cosine_similarity,0.901260504202,0.000592417061611,0.346786439419,0.346786439419,0.978991596639,0.901260504202,0.920600858369,0.991596638655,0.993697478992,3,1688,0.00177725118483,1,1688,0.000592417061611,0.000604605803334,0.00521240427724,0.000104583813744,0.00334813853813,0.961764485681,0.98854939741,0.871164220314,0.924932058942,-0.00118483412322,-0.00296208530806,0,-0.077731092437,-0.100840336134,-0.0546218487395,16,524288,50,525088,10501.76,0.00433054528677,230917.802212,39,0.018022181146,0,0
lfw,arcface-7972a704552df378345f,20260829-R001-245d09db,step4_search_space_query_gallery_conditions_v6,validation_required,True,pq,pq_512_m32_b8,pq_one_sided_cosine,origin_float32,pq_reconstructed_float32,cosine_similarity,frozen_origin,0.05,cosine_similarity,0.97268907563,0.000592417061611,0.346786439419,0.346786439419,0.978991596639,0.97268907563,0.99356223176,0.991596638655,0.989495798319,3,1688,0.00177725118483,1,1688,0.000592417061611,0.000604605803334,0.00521240427724,0.000104583813744,0.00334813853813,0.961764485681,0.98854939741,0.953838641232,0.983971111818,-0.00118483412322,-0.00296208530806,0,-0.0063025210084,-0.0147058823529,0,32,524288,50,525888,10517.76,0.00892116451064,112092.98952,5,0.00231053604436,0,0
lfw,arcface-7972a704552df378345f,20260829-R001-245d09db,step4_search_space_query_gallery_conditions_v6,validation_required,True,pq,pq_512_m64_b8,pq_one_sided_cosine,origin_float32,pq_reconstructed_float32,cosine_similarity,frozen_origin,0.05,cosine_similarity,0.978991596639,0.000592417061611,0.346786439419,0.346786439419,0.978991596639,0.978991596639,1,0.991596638655,0.993697478992,3,1688,0.00177725118483,1,1688,0.000592417061611,0.000604605803334,0.00521240427724,0.000104583813744,0.00334813853813,0.961764485681,0.98854939741,0.961764485681,0.98854939741,-0.00118483412322,-0.00296208530806,0,0,0,0,64,524288,50,527488,10549.76,0.00400101663602,249936.476394,2,0.000924214417745,0,0
lfw,arcface-7972a704552df378345f,20260829-R001-245d09db,step4_search_space_query_gallery_conditions_v6,validation_required,True,pq,pq_512_m128_b8,pq_one_sided_cosine,origin_float32,pq_reconstructed_float32,cosine_similarity,frozen_origin,0.05,cosine_similarity,0.978991596639,0.000592417061611,0.346786439419,0.346786439419,0.978991596639,0.978991596639,1,0.991596638655,0.991596638655,3,1688,0.00177725118483,1,1688,0.000592417061611,0.000604605803334,0.00521240427724,0.000104583813744,0.00334813853813,0.961764485681,0.98854939741,0.961764485681,0.98854939741,-0.00118483412322,-0.00296208530806,0,0,0,0,128,524288,50,530688,10613.76,0.00420365064763,237888.465009,2,0.000924214417745,0,0
lfw,arcface-7972a704552df378345f,20260829-R001-245d09db,step4_search_space_query_gallery_conditions_v6,validation_required,True,pq,pq_512_m8_b8,pq_one_sided_cosine,origin_float32,pq_reconstructed_float32,cosine_similarity,recalibrated_compressed,0.05,cosine_similarity,0.974789915966,0.0539099526066,0.346786439419,0.179898172617,0.978991596639,0.974789915966,0.995708154506,0.991596638655,0.993697478992,3,1688,0.00177725118483,91,1688,0.0539099526066,0.000604605803334,0.00521240427724,0.0441138681505,0.065731801993,0.961764485681,0.98854939741,0.956456737673,0.985521058724,0.0521327014218,0.0420616113744,0.0627962085308,-0.00420168067227,-0.0105042016807,0,8,524288,50,524688,10493.76,0.00392024029614,255086.404011,2,0.000924214417745,90,0.0415896487985
lfw,arcface-7972a704552df378345f,20260829-R001-245d09db,step4_search_space_query_gallery_conditions_v6,validation_required,True,pq,pq_512_m16_b8,pq_one_sided_cosine,origin_float32,pq_reconstructed_float32,cosine_similarity,recalibrated_compressed,0.05,cosine_similarity,0.978991596639,0.0284360189573,0.346786439419,0.191881656647,0.978991596639,0.978991596639,1,0.991596638655,0.993697478992,3,1688,0.00177725118483,48,1688,0.0284360189573,0.000604605803334,0.00521240427724,0.0215144547893,0.0374990291871,0.961764485681,0.98854939741,0.961764485681,0.98854939741,0.0266587677725,0.0195497630332,0.0349526066351,0,0,0,16,524288,50,525088,10501.76,0.00433054528677,230917.802212,0,0,45,0.0207948243993
lfw,arcface-7972a704552df378345f,20260829-R001-245d09db,step4_search_space_query_gallery_conditions_v6,validation_required,True,pq,pq_512_m32_b8,pq_one_sided_cosine,origin_float32,pq_reconstructed_float32,cosine_similarity,recalibrated_compressed,0.05,cosine_similarity,0.978991596639,0.0195497630332,0.346786439419,0.215366095304,0.978991596639,0.978991596639,1,0.991596638655,0.989495798319,3,1688,0.00177725118483,33,1688,0.0195497630332,0.000604605803334,0.00521240427724,0.013953994598,0.0273273314131,0.961764485681,0.98854939741,0.961764485681,0.98854939741,0.0177725118483,0.0118483412322,0.0242890995261,0,0,0,32,524288,50,525888,10517.76,0.00892116451064,112092.98952,0,0,30,0.0138632162662
lfw,arcface-7972a704552df378345f,20260829-R001-245d09db,step4_search_space_query_gallery_conditions_v6,validation_required,True,pq,pq_512_m64_b8,pq_one_sided_cosine,origin_float32,pq_reconstructed_float32,cosine_similarity,recalibrated_compressed,0.05,cosine_similarity,0.978991596639,0.00355450236967,0.346786439419,0.28785443306,0.978991596639,0.978991596639,1,0.991596638655,0.993697478992,3,1688,0.00177725118483,6,1688,0.00355450236967,0.000604605803334,0.00521240427724,0.00163004744464,0.00773339422899,0.961764485681,0.98854939741,0.961764485681,0.98854939741,0.00177725118483,0,0.00414691943128,0,0,0,64,524288,50,527488,10549.76,0.00400101663602,249936.476394,0,0,3,0.00138632162662
lfw,arcface-7972a704552df378345f,20260829-R001-245d09db,step4_search_space_query_gallery_conditions_v6,validation_required,True,pq,pq_512_m128_b8,pq_one_sided_cosine,origin_float32,pq_reconstructed_float32,cosine_similarity,recalibrated_compressed,0.05,cosine_similarity,0.978991596639,0.00296208530806,0.346786439419,0.319215893745,0.978991596639,0.978991596639,1,0.991596638655,0.991596638655,3,1688,0.00177725118483,5,1688,0.00296208530806,0.000604605803334,0.00521240427724,0.00126586908499,0.00691542872429,0.961764485681,0.98854939741,0.961764485681,0.98854939741,0.00118483412322,0,0.00296208530806,0,0,0,128,524288,50,530688,10613.76,0.00420365064763,237888.465009,0,0,2,0.000924214417745
lfw,arcface-7972a704552df378345f,20260829-R001-245d09db,step4_search_space_query_gallery_conditions_v6,validation_required,True,pq,pq_512_m8_b8,pq_reconstruction_cosine,pq_reconstructed_float32,pq_reconstructed_float32,cosine_similarity,frozen_origin,0.05,cosine_similarity,0.607142857143,0.00592417061611,0.346786439419,0.346786439419,0.978991596639,0.607142857143,0.62017167382,0.991596638655,0.981092436975,3,1688,0.00177725118483,10,1688,0.00592417061611,0.000604605803334,0.00521240427724,0.00322107366682,0.0108709434642,0.961764485681,0.98854939741,0.562578645642,0.64999156505,0.00414691943128,0.000592417061611,0.00770142180095,-0.371848739496,-0.415966386555,-0.327731092437,8,524288,50,524688,10493.76,0.00348216266176,287177.853861,178,0.0822550831793,8,0.00369685767098
lfw,arcface-7972a704552df378345f,20260829-R001-245d09db,step4_search_space_query_gallery_conditions_v6,validation_required,True,pq,pq_512_m16_b8,pq_reconstruction_cosine,pq_reconstructed_float32,pq_reconstructed_float32,cosine_similarity,frozen_origin,0.05,cosine_similarity,0.689075630252,0.000592417061611,0.346786439419,0.346786439419,0.978991596639,0.689075630252,0.703862660944,0.991596638655,0.993697478992,3,1688,0.00177725118483,1,1688,0.000592417061611,0.000604605803334,0.00521240427724,0.000104583813744,0.00334813853813,0.961764485681,0.98854939741,0.646119072407,0.729004828813,-0.00118483412322,-0.00355450236967,0.00118483412322,-0.289915966387,-0.329884453782,-0.25,16,524288,50,525088,10501.76,0.00274597966739,364168.756191,141,0.065157116451,1,0.000462107208872
lfw,arcface-7972a704552df378345f,20260829-R001-245d09db,step4_search_space_query_gallery_conditions_v6,validation_required,True,pq,pq_512_m32_b8,pq_reconstruction_cosine,pq_reconstructed_float32,pq_reconstructed_float32,cosine_similarity,frozen_origin,0.05,cosine_similarity,0.920168067227,0.000592417061611,0.346786439419,0.346786439419,0.978991596639,0.920168067227,0.93991416309,0.991596638655,0.985294117647,3,1688,0.00177725118483,1,1688,0.000592417061611,0.000604605803334,0.00521240427724,0.000104583813744,0.00334813853813,0.961764485681,0.98854939741,0.892321635543,0.941287033836,-0.00118483412322,-0.00296208530806,0,-0.0588235294118,-0.0798319327731,-0.0399159663866,32,524288,50,525888,10517.76,0.00325970425209,306776.29707,30,0.0138632162662,0,0
lfw,arcface-7972a704552df378345f,20260829-R001-245d09db,step4_search_space_query_gallery_conditions_v6,validation_required,True,pq,pq_512_m64_b8,pq_reconstruction_cosine,pq_reconstructed_float32,pq_reconstructed_float32,cosine_similarity,frozen_origin,0.05,cosine_similarity,0.974789915966,0.000592417061611,0.346786439419,0.346786439419,0.978991596639,0.974789915966,0.995708154506,0.991596638655,0.995798319328,3,1688,0.00177725118483,1,1688,0.000592417061611,0.000604605803334,0.00521240427724,0.000104583813744,0.00334813853813,0.961764485681,0.98854939741,0.956456737673,0.985521058724,-0.00118483412322,-0.00296208530806,0,-0.00420168067227,-0.0105042016807,0,64,524288,50,527488,10549.76,0.00314995378897,317464.974725,4,0.00184842883549,0,0
lfw,arcface-7972a704552df378345f,20260829-R001-245d09db,step4_search_space_query_gallery_conditions_v6,validation_required,True,pq,pq_512_m128_b8,pq_reconstruction_cosine,pq_reconstructed_float32,pq_reconstructed_float32,cosine_similarity,frozen_origin,0.05,cosine_similarity,0.978991596639,0.000592417061611,0.346786439419,0.346786439419,0.978991596639,0.978991596639,1,0.991596638655,0.991596638655,3,1688,0.00177725118483,1,1688,0.000592417061611,0.000604605803334,0.00521240427724,0.000104583813744,0.00334813853813,0.961764485681,0.98854939741,0.961764485681,0.98854939741,-0.00118483412322,-0.00296208530806,0,0,0,0,128,524288,50,530688,10613.76,0.00299385397376,334017.627034,2,0.000924214417745,0,0
lfw,arcface-7972a704552df378345f,20260829-R001-245d09db,step4_search_space_query_gallery_conditions_v6,validation_required,True,pq,pq_512_m8_b8,pq_reconstruction_cosine,pq_reconstructed_float32,pq_reconstructed_float32,cosine_similarity,recalibrated_compressed,0.05,cosine_similarity,0.796218487395,0.0947867298578,0.346786439419,0.242793783545,0.978991596639,0.800420168067,0.817596566524,0.991596638655,0.981092436975,3,1688,0.00177725118483,160,1688,0.0947867298578,0.000604605803334,0.00521240427724,0.0817186902799,0.109694906504,0.961764485681,0.98854939741,0.757728048312,0.8299660636,0.093009478673,0.0793838862559,0.107227488152,-0.182773109244,-0.218487394958,-0.151207983193,8,524288,50,524688,10493.76,0.00348216266176,287177.853861,79,0.0365064695009,158,0.0730129390018
lfw,arcface-7972a704552df378345f,20260829-R001-245d09db,step4_search_space_query_gallery_conditions_v6,validation_required,True,pq,pq_512_m16_b8,pq_reconstruction_cosine,pq_reconstructed_float32,pq_reconstructed_float32,cosine_similarity,recalibrated_compressed,0.05,cosine_similarity,0.96218487395,0.12144549763,0.346786439419,0.17720374465,0.978991596639,0.96218487395,0.982832618026,0.991596638655,0.993697478992,3,1688,0.00177725118483,205,1688,0.12144549763,0.000604605803334,0.00521240427724,0.106716528128,0.137893542552,0.961764485681,0.98854939741,0.941021128389,0.975948407927,0.119668246445,0.10543542654,0.135663507109,-0.0168067226891,-0.0294117647059,-0.0063025210084,16,524288,50,525088,10501.76,0.00274597966739,364168.756191,9,0.00415896487985,204,0.09426987061
lfw,arcface-7972a704552df378345f,20260829-R001-245d09db,step4_search_space_query_gallery_conditions_v6,validation_required,True,pq,pq_512_m32_b8,pq_reconstruction_cosine,pq_reconstructed_float32,pq_reconstructed_float32,cosine_similarity,recalibrated_compressed,0.05,cosine_similarity,0.970588235294,0.00177725118483,0.346786439419,0.246704012156,0.978991596639,0.970588235294,0.991416309013,0.991596638655,0.985294117647,3,1688,0.00177725118483,3,1688,0.00177725118483,0.000604605803334,0.00521240427724,0.000604605803334,0.00521240427724,0.961764485681,0.98854939741,0.951241089085,0.982400620619,0,-0.00177725118483,0.00177725118483,-0.00840336134454,-0.0168067226891,-0.00210084033613,32,524288,50,525888,10517.76,0.00325970425209,306776.29707,5,0.00231053604436,1,0.000462107208872
lfw,arcface-7972a704552df378345f,20260829-R001-245d09db,step4_search_space_query_gallery_conditions_v6,validation_required,True,pq,pq_512_m64_b8,pq_reconstruction_cosine,pq_reconstructed_float32,pq_reconstructed_float32,cosine_similarity,recalibrated_compressed,0.05,cosine_similarity,0.978991596639,0.00355450236967,0.346786439419,0.252279132605,0.978991596639,0.978991596639,1,0.991596638655,0.995798319328,3,1688,0.00177725118483,6,1688,0.00355450236967,0.000604605803334,0.00521240427724,0.00163004744464,0.00773339422899,0.961764485681,0.98854939741,0.961764485681,0.98854939741,0.00177725118483,-0.000592417061611,0.00473933649289,0,0,0,64,524288,50,527488,10549.76,0.00314995378897,317464.974725,1,0.000462107208872,4,0.00184842883549
lfw,arcface-7972a704552df378345f,20260829-R001-245d09db,step4_search_space_query_gallery_conditions_v6,validation_required,True,pq,pq_512_m128_b8,pq_reconstruction_cosine,pq_reconstructed_float32,pq_reconstructed_float32,cosine_similarity,recalibrated_compressed,0.05,cosine_similarity,0.978991596639,0.00118483412322,0.346786439419,0.313377559185,0.978991596639,0.978991596639,1,0.991596638655,0.991596638655,3,1688,0.00177725118483,2,1688,0.00118483412322,0.000604605803334,0.00521240427724,0.000324984408263,0.00430988180796,0.961764485681,0.98854939741,0.961764485681,0.98854939741,-0.000592417061611,-0.00177725118483,0,0,0,0,128,524288,50,530688,10613.76,0.00299385397376,334017.627034,1,0.000462107208872,0,0
lfw,arcface-7972a704552df378345f,20260829-R001-245d09db,step4_search_space_query_gallery_conditions_v6,validation_required,True,pq,pq_512_m128_b8,pq_sdc_exhaustive,pq_code,pq_code,squared_l2_symmetric,recalibrated_compressed,0.05,negative_squared_l2_sdc,0.978991596639,0.000592417061611,0.346786439419,-1.18789255619,0.978991596639,0.978991596639,1,0.991596638655,0.991596638655,3,1688,0.00177725118483,1,1688,0.000592417061611,0.000604605803334,0.00521240427724,0.000104583813744,0.00334813853813,0.961764485681,0.98854939741,0.961764485681,0.98854939741,-0.00118483412322,-0.00296208530806,0,0,0,0,128,524288,50,530688,10613.76,0.0425194547135,23518.6459172,2,0.000924214417745,0,0
lfw,arcface-7972a704552df378345f,20260829-R001-245d09db,step4_search_space_query_gallery_conditions_v6,validation_required,True,pca,pca_32,pca_direct_cosine,pca_projected_float32,pca_projected_float32,cosine_similarity,frozen_origin,0.1,cosine_similarity,0.974789915966,0.780805687204,0.346786439419,0.346786439419,0.978991596639,0.978991596639,1,0.991596638655,0.993697478992,3,1688,0.00177725118483,1318,1688,0.780805687204,0.000604605803334,0.00521240427724,0.760444712097,0.799891479605,0.961764485681,0.98854939741,0.956456737673,0.985521058724,0.779028436019,0.759463862559,0.798578199052,-0.00420168067227,-0.0105042016807,0,128,0,50,73984,1479.68,0.00202814232938,493062.042794,0,0,1324,0.611829944547
lfw,arcface-7972a704552df378345f,20260829-R001-245d09db,step4_search_space_query_gallery_conditions_v6,validation_required,True,pca,pca_64,pca_direct_cosine,pca_projected_float32,pca_projected_float32,cosine_similarity,frozen_origin,0.1,cosine_similarity,0.978991596639,0.173578199052,0.346786439419,0.346786439419,0.978991596639,0.978991596639,1,0.991596638655,0.991596638655,3,1688,0.00177725118483,293,1688,0.173578199052,0.000604605803334,0.00521240427724,0.156256666107,0.192382064636,0.961764485681,0.98854939741,0.961764485681,0.98854939741,0.171800947867,0.154620853081,0.190180687204,0,0,0,256,0,50,145920,2918.4,0.00274935304965,363721.93092,0,0,290,0.134011090573
lfw,arcface-7972a704552df378345f,20260829-R001-245d09db,step4_search_space_query_gallery_conditions_v6,validation_required,True,pca,pca_128,pca_direct_cosine,pca_projected_float32,pca_projected_float32,cosine_similarity,frozen_origin,0.1,cosine_similarity,0.978991596639,0.00888625592417,0.346786439419,0.346786439419,0.978991596639,0.978991596639,1,0.991596638655,0.995798319328,3,1688,0.00177725118483,15,1688,0.00888625592417,0.000604605803334,0.00521240427724,0.0053925593221,0.0146101771307,0.961764485681,0.98854939741,0.961764485681,0.98854939741,0.00710900473934,0.00355450236967,0.0118483412322,0,0,0,512,0,50,289792,5795.84,0.00292389094252,342010.020093,0,0,12,0.00554528650647
lfw,arcface-7972a704552df378345f,20260829-R001-245d09db,step4_search_space_query_gallery_conditions_v6,validation_required,True,pca,pca_256,pca_direct_cosine,pca_projected_float32,pca_projected_float32,cosine_similarity,frozen_origin,0.1,cosine_similarity,0.978991596639,0.00118483412322,0.346786439419,0.346786439419,0.978991596639,0.978991596639,1,0.991596638655,0.991596638655,3,1688,0.00177725118483,2,1688,0.00118483412322,0.000604605803334,0.00521240427724,0.000324984408263,0.00430988180796,0.961764485681,0.98854939741,0.961764485681,0.98854939741,-0.000592417061611,-0.00177725118483,0,0,0,0,1024,0,50,577536,11550.72,0.00270730129454,369371.52212,1,0.000462107208872,0,0
lfw,arcface-7972a704552df378345f,20260829-R001-245d09db,step4_search_space_query_gallery_conditions_v6,validation_required,True,pca,pca_384,pca_direct_cosine,pca_projected_float32,pca_projected_float32,cosine_similarity,frozen_origin,0.1,cosine_similarity,0.978991596639,0.00118483412322,0.346786439419,0.346786439419,0.978991596639,0.978991596639,1,0.991596638655,0.991596638655,3,1688,0.00177725118483,2,1688,0.00118483412322,0.000604605803334,0.00521240427724,0.000324984408263,0.00430988180796,0.961764485681,0.98854939741,0.961764485681,0.98854939741,-0.000592417061611,-0.00177725118483,0,0,0,0,1536,0,50,865280,17305.6,0.00372717190347,268299.940518,1,0.000462107208872,0,0
lfw,arcface-7972a704552df378345f,20260829-R001-245d09db,step4_search_space_query_gallery_conditions_v6,validation_required,True,pca,pca_32,pca_direct_cosine,pca_projected_float32,pca_projected_float32,cosine_similarity,recalibrated_compressed,0.1,cosine_similarity,0.974789915966,0.0924170616114,0.346786439419,0.504764318466,0.978991596639,0.976890756303,0.997854077253,0.991596638655,0.993697478992,3,1688,0.00177725118483,156,1688,0.0924170616114,0.000604605803334,0.00521240427724,0.0795112477428,0.107173773584,0.961764485681,0.98854939741,0.956456737673,0.985521058724,0.0906398104265,0.0770142180095,0.104265402844,-0.00420168067227,-0.0105042016807,0,128,0,50,73984,1479.68,0.00202814232938,493062.042794,1,0.000462107208872,154,0.0711645101664
lfw,arcface-7972a704552df378345f,20260829-R001-245d09db,step4_search_space_query_gallery_conditions_v6,validation_required,True,pca,pca_64,pca_direct_cosine,pca_projected_float32,pca_projected_float32,cosine_similarity,recalibrated_compressed,0.1,cosine_similarity,0.978991596639,0.0971563981043,0.346786439419,0.372847080231,0.978991596639,0.978991596639,1,0.991596638655,0.991596638655,3,1688,0.00177725118483,164,1688,0.0971563981043,0.000604605803334,0.00521240427724,0.0839287715664,0.112213400675,0.961764485681,0.98854939741,0.961764485681,0.98854939741,0.0953791469194,0.0817535545024,0.109004739336,0,0,0,256,0,50,145920,2918.4,0.00274935304965,363721.93092,0,0,161,0.0743992606285
lfw,arcface-7972a704552df378345f,20260829-R001-245d09db,step4_search_space_query_gallery_conditions_v6,validation_required,True,pca,pca_128,pca_direct_cosine,pca_projected_float32,pca_projected_float32,cosine_similarity,recalibrated_compressed,0.1,cosine_similarity,0.978991596639,0.164691943128,0.346786439419,0.257835447788,0.978991596639,0.978991596639,1,0.991596638655,0.995798319328,3,1688,0.00177725118483,278,1688,0.164691943128,0.000604605803334,0.00521240427724,0.147763183616,0.183143389161,0.961764485681,0.98854939741,0.961764485681,0.98854939741,0.162914691943,0.145734597156,0.18009478673,0,0,0,512,0,50,289792,5795.84,0.00292389094252,342010.020093,0,0,275,0.12707948244
lfw,arcface-7972a704552df378345f,20260829-R001-245d09db,step4_search_space_query_gallery_conditions_v6,validation_required,True,pca,pca_256,pca_direct_cosine,pca_projected_float32,pca_projected_float32,cosine_similarity,recalibrated_compressed,0.1,cosine_similarity,0.978991596639,0.00118483412322,0.346786439419,0.351331949234,0.978991596639,0.978991596639,1,0.991596638655,0.991596638655,3,1688,0.00177725118483,2,1688,0.00118483412322,0.000604605803334,0.00521240427724,0.000324984408263,0.00430988180796,0.961764485681,0.98854939741,0.961764485681,0.98854939741,-0.000592417061611,-0.00177725118483,0,0,0,0,1024,0,50,577536,11550.72,0.00270730129454,369371.52212,1,0.000462107208872,0,0
lfw,arcface-7972a704552df378345f,20260829-R001-245d09db,step4_search_space_query_gallery_conditions_v6,validation_required,True,pca,pca_384,pca_direct_cosine,pca_projected_float32,pca_projected_float32,cosine_similarity,recalibrated_compressed,0.1,cosine_similarity,0.978991596639,0.00118483412322,0.346786439419,0.354011148214,0.978991596639,0.978991596639,1,0.991596638655,0.991596638655,3,1688,0.00177725118483,2,1688,0.00118483412322,0.000604605803334,0.00521240427724,0.000324984408263,0.00430988180796,0.961764485681,0.98854939741,0.961764485681,0.98854939741,-0.000592417061611,-0.00177725118483,0,0,0,0,1536,0,50,865280,17305.6,0.00372717190347,268299.940518,1,0.000462107208872,0,0
lfw,arcface-7972a704552df378345f,20260829-R001-245d09db,step4_search_space_query_gallery_conditions_v6,validation_required,True,pca,pca_32,pca_reconstruction_cosine,pca_reconstructed_float32,pca_reconstructed_float32,cosine_similarity,frozen_origin,0.1,cosine_similarity,0.974789915966,0.818720379147,0.346786439419,0.346786439419,0.978991596639,0.978991596639,1,0.991596638655,0.991596638655,3,1688,0.00177725118483,1382,1688,0.818720379147,0.000604605803334,0.00521240427724,0.799625066867,0.836368332154,0.961764485681,0.98854939741,0.956456737673,0.985521058724,0.816943127962,0.797985781991,0.83471563981,-0.00420168067227,-0.0105042016807,0,128,0,50,73984,1479.68,0.0124331330874,80430.2497988,0,0,1388,0.641404805915
lfw,arcface-7972a704552df378345f,20260829-R001-245d09db,step4_search_space_query_gallery_conditions_v6,validation_required,True,pca,pca_64,pca_reconstruction_cosine,pca_reconstructed_float32,pca_reconstructed_float32,cosine_similarity,frozen_origin,0.1,cosine_similarity,0.978991596639,0.193127962085,0.346786439419,0.346786439419,0.978991596639,0.978991596639,1,0.991596638655,0.991596638655,3,1688,0.00177725118483,326,1688,0.193127962085,0.000604605803334,0.00521240427724,0.175001648857,0.212647829409,0.961764485681,0.98854939741,0.961764485681,0.98854939741,0.1913507109,0.173578199052,0.20971563981,0,0,0,256,0,50,145920,2918.4,0.00373142329022,267994.253727,0,0,323,0.149260628466
lfw,arcface-7972a704552df378345f,20260829-R001-245d09db,step4_search_space_query_gallery_conditions_v6,validation_required,True,pca,pca_128,pca_reconstruction_cosine,pca_reconstructed_float32,pca_reconstructed_float32,cosine_similarity,frozen_origin,0.1,cosine_similarity,0.978991596639,0.00947867298578,0.346786439419,0.346786439419,0.978991596639,0.978991596639,1,0.991596638655,0.995798319328,3,1688,0.00177725118483,16,1688,0.00947867298578,0.000604605803334,0.00521240427724,0.0058428562174,0.0153420240997,0.961764485681,0.98854939741,0.961764485681,0.98854939741,0.00770142180095,0.00414691943128,0.0124407582938,0,0,0,512,0,50,289792,5795.84,0.00756876155225,132122.011388,0,0,13,0.00600739371534
lfw,arcface-7972a704552df378345f,20260829-R001-245d09db,step4_search_space_query_gallery_conditions_v6,validation_required,True,pca,pca_256,pca_reconstruction_cosine,pca_reconstructed_float32,pca_reconstructed_float32,cosine_similarity,frozen_origin,0.1,cosine_similarity,0.978991596639,0.00177725118483,0.346786439419,0.346786439419,0.978991596639,0.978991596639,1,0.991596638655,0.991596638655,3,1688,0.00177725118483,3,1688,0.00177725118483,0.000604605803334,0.00521240427724,0.000604605803334,0.00521240427724,0.961764485681,0.98854939741,0.961764485681,0.98854939741,0,0,0,0,0,0,1024,0,50,577536,11550.72,0.0124196395558,80517.6346305,0,0,0,0
lfw,arcface-7972a704552df378345f,20260829-R001-245d09db,step4_search_space_query_gallery_conditions_v6,validation_required,True,pca,pca_384,pca_reconstruction_cosine,pca_reconstructed_float32,pca_reconstructed_float32,cosine_similarity,frozen_origin,0.1,cosine_similarity,0.978991596639,0.00177725118483,0.346786439419,0.346786439419,0.978991596639,0.978991596639,1,0.991596638655,0.991596638655,3,1688,0.00177725118483,3,1688,0.00177725118483,0.000604605803334,0.00521240427724,0.000604605803334,0.00521240427724,0.961764485681,0.98854939741,0.961764485681,0.98854939741,0,0,0,0,0,0,1536,0,50,865280,17305.6,0.00456386321616,219112.614168,0,0,0,0
lfw,arcface-7972a704552df378345f,20260829-R001-245d09db,step4_search_space_query_gallery_conditions_v6,validation_required,True,pca,pca_32,pca_reconstruction_cosine,pca_reconstructed_float32,pca_reconstructed_float32,cosine_similarity,recalibrated_compressed,0.1,cosine_similarity,0.97268907563,0.0793838862559,0.346786439419,0.517265677452,0.978991596639,0.974789915966,0.995708154506,0.991596638655,0.991596638655,3,1688,0.00177725118483,134,1688,0.0793838862559,0.000604605803334,0.00521240427724,0.0674218574838,0.0932559988268,0.961764485681,0.98854939741,0.953838641232,0.983971111818,0.0776066350711,0.0651510663507,0.0906398104265,-0.0063025210084,-0.0147058823529,0,128,0,50,73984,1479.68,0.0124331330874,80430.2497988,2,0.000924214417745,131,0.0605360443623
lfw,arcface-7972a704552df378345f,20260829-R001-245d09db,step4_search_space_query_gallery_conditions_v6,validation_required,True,pca,pca_64,pca_reconstruction_cosine,pca_reconstructed_float32,pca_reconstructed_float32,cosine_similarity,recalibrated_compressed,0.1,cosine_similarity,0.978991596639,0.0977488151659,0.346786439419,0.374345481396,0.978991596639,0.978991596639,1,0.991596638655,0.991596638655,3,1688,0.00177725118483,165,1688,0.0977488151659,0.000604605803334,0.00521240427724,0.084481694072,0.112842622033,0.961764485681,0.98854939741,0.961764485681,0.98854939741,0.095971563981,0.082345971564,0.109597156398,0,0,0,256,0,50,145920,2918.4,0.00373142329022,267994.253727,0,0,162,0.0748613678373
lfw,arcface-7972a704552df378345f,20260829-R001-245d09db,step4_search_space_query_gallery_conditions_v6,validation_required,True,pca,pca_128,pca_reconstruction_cosine,pca_reconstructed_float32,pca_reconstructed_float32,cosine_similarity,recalibrated_compressed,0.1,cosine_similarity,0.978991596639,0.177725118483,0.346786439419,0.256782829762,0.978991596639,0.978991596639,1,0.991596638655,0.995798319328,3,1688,0.00177725118483,300,1688,0.177725118483,0.000604605803334,0.00521240427724,0.160226254456,0.196687483337,0.961764485681,0.98854939741,0.961764485681,0.98854939741,0.175947867299,0.15817535545,0.193720379147,0,0,0,512,0,50,289792,5795.84,0.00756876155225,132122.011388,0,0,298,0.137707948244
lfw,arcface-7972a704552df378345f,20260829-R001-245d09db,step4_search_space_query_gallery_conditions_v6,validation_required,True,pca,pca_256,pca_reconstruction_cosine,pca_reconstructed_float32,pca_reconstructed_float32,cosine_similarity,recalibrated_compressed,0.1,cosine_similarity,0.978991596639,0.00236966824645,0.346786439419,0.344007074833,0.978991596639,0.978991596639,1,0.991596638655,0.991596638655,3,1688,0.00177725118483,4,1688,0.00236966824645,0.000604605803334,0.00521240427724,0.000921891687168,0.00607726225776,0.961764485681,0.98854939741,0.961764485681,0.98854939741,0.000592417061611,0,0.00177725118483,0,0,0,1024,0,50,577536,11550.72,0.0124196395558,80517.6346305,0,0,1,0.000462107208872
lfw,arcface-7972a704552df378345f,20260829-R001-245d09db,step4_search_space_query_gallery_conditions_v6,validation_required,True,pca,pca_384,pca_reconstruction_cosine,pca_reconstructed_float32,pca_reconstructed_float32,cosine_similarity,recalibrated_compressed,0.1,cosine_similarity,0.978991596639,0.00177725118483,0.346786439419,0.346800774336,0.978991596639,0.978991596639,1,0.991596638655,0.991596638655,3,1688,0.00177725118483,3,1688,0.00177725118483,0.000604605803334,0.00521240427724,0.000604605803334,0.00521240427724,0.961764485681,0.98854939741,0.961764485681,0.98854939741,0,0,0,0,0,0,1536,0,50,865280,17305.6,0.00456386321616,219112.614168,0,0,0,0
lfw,arcface-7972a704552df378345f,20260829-R001-245d09db,step4_search_space_query_gallery_conditions_v6,validation_required,True,pq,pq_512_m8_b8,pq_adc_exhaustive,origin_float32,pq_code,squared_l2_asymmetric,recalibrated_compressed,0.1,negative_squared_l2_adc,0.97268907563,0.0545023696682,0.346786439419,-1.05647516251,0.978991596639,0.97268907563,0.99356223176,0.991596638655,0.993697478992,3,1688,0.00177725118483,92,1688,0.0545023696682,0.000604605803334,0.00521240427724,0.0446497299238,0.066378084084,0.961764485681,0.98854939741,0.953838641232,0.983971111818,0.0527251184834,0.0420616113744,0.0633886255924,-0.0063025210084,-0.0147058823529,0,8,524288,50,524688,10493.76,0.00493951016617,202449.223984,3,0.00138632162662,91,0.0420517560074
lfw,arcface-7972a704552df378345f,20260829-R001-245d09db,step4_search_space_query_gallery_conditions_v6,validation_required,True,pq,pq_512_m16_b8,pq_adc_exhaustive,origin_float32,pq_code,squared_l2_asymmetric,recalibrated_compressed,0.1,negative_squared_l2_adc,0.978991596639,0.190165876777,0.346786439419,-1.17481207848,0.978991596639,0.978991596639,1,0.991596638655,0.993697478992,3,1688,0.00177725118483,321,1688,0.190165876777,0.000604605803334,0.00521240427724,0.172156539034,0.20958221991,0.961764485681,0.98854939741,0.961764485681,0.98854939741,0.188388625592,0.170601303318,0.206753554502,0,0,0,16,524288,50,525088,10501.76,0.0094545286508,105769.418755,0,0,320,0.147874306839
lfw,arcface-7972a704552df378345f,20260829-R001-245d09db,step4_search_space_query_gallery_conditions_v6,validation_required,True,pq,pq_512_m32_b8,pq_adc_exhaustive,origin_float32,pq_code,squared_l2_asymmetric,recalibrated_compressed,0.1,negative_squared_l2_adc,0.978991596639,0.0136255924171,0.346786439419,-1.20511007309,0.978991596639,0.978991596639,1,0.991596638655,0.991596638655,3,1688,0.00177725118483,23,1688,0.0136255924171,0.000604605803334,0.00521240427724,0.00909647046764,0.0203634169,0.961764485681,0.98854939741,0.961764485681,0.98854939741,0.0118483412322,0.00710900473934,0.0177725118483,0,0,0,32,524288,50,525888,10517.76,0.0173387707944,57674.2153095,0,0,20,0.00924214417745
lfw,arcface-7972a704552df378345f,20260829-R001-245d09db,step4_search_space_query_gallery_conditions_v6,validation_required,True,pq,pq_512_m64_b8,pq_adc_exhaustive,origin_float32,pq_code,squared_l2_asymmetric,recalibrated_compressed,0.1,negative_squared_l2_adc,0.978991596639,0.00296208530806,0.346786439419,-1.2187114954,0.978991596639,0.978991596639,1,0.991596638655,0.995798319328,3,1688,0.00177725118483,5,1688,0.00296208530806,0.000604605803334,0.00521240427724,0.00126586908499,0.00691542872429,0.961764485681,0.98854939741,0.961764485681,0.98854939741,0.00118483412322,0,0.00296208530806,0,0,0,64,524288,50,527488,10549.76,0.0269804528651,37063.8700914,0,0,2,0.000924214417745
lfw,arcface-7972a704552df378345f,20260829-R001-245d09db,step4_search_space_query_gallery_conditions_v6,validation_required,True,pq,pq_512_m128_b8,pq_adc_exhaustive,origin_float32,pq_code,squared_l2_asymmetric,recalibrated_compressed,0.1,negative_squared_l2_adc,0.978991596639,0.000592417061611,0.346786439419,-1.2625079155,0.978991596639,0.978991596639,1,0.991596638655,0.991596638655,3,1688,0.00177725118483,1,1688,0.000592417061611,0.000604605803334,0.00521240427724,0.000104583813744,0.00334813853813,0.961764485681,0.98854939741,0.961764485681,0.98854939741,-0.00118483412322,-0.00296208530806,0,0,0,0,128,524288,50,530688,10613.76,0.0431522181146,23173.7797891,2,0.000924214417745,0,0
lfw,arcface-7972a704552df378345f,20260829-R001-245d09db,step4_search_space_query_gallery_conditions_v6,validation_required,True,pq,pq_512_m8_b8,pq_one_sided_cosine,origin_float32,pq_reconstructed_float32,cosine_similarity,frozen_origin,0.1,cosine_similarity,0.149159663866,0,0.346786439419,0.346786439419,0.978991596639,0.149159663866,0.152360515021,0.991596638655,0.993697478992,3,1688,0.00177725118483,0,1688,0,0.000604605803334,0.00521240427724,0,0.00227057848752,0.961764485681,0.98854939741,0.119969964183,0.183966796887,-0.00177725118483,-0.00414691943128,0,-0.829831932773,-0.861344537815,-0.798319327731,8,524288,50,524688,10493.76,0.00392024029614,255086.404011,398,0.183918669131,0,0
lfw,arcface-7972a704552df378345f,20260829-R001-245d09db,step4_search_space_query_gallery_conditions_v6,validation_required,True,pq,pq_512_m16_b8,pq_one_sided_cosine,origin_float32,pq_reconstructed_float32,cosine_similarity,frozen_origin,0.1,cosine_similarity,0.901260504202,0.000592417061611,0.346786439419,0.346786439419,0.978991596639,0.901260504202,0.920600858369,0.991596638655,0.993697478992,3,1688,0.00177725118483,1,1688,0.000592417061611,0.000604605803334,0.00521240427724,0.000104583813744,0.00334813853813,0.961764485681,0.98854939741,0.871164220314,0.924932058942,-0.00118483412322,-0.00296208530806,0,-0.077731092437,-0.100840336134,-0.0546218487395,16,524288,50,525088,10501.76,0.00433054528677,230917.802212,39,0.018022181146,0,0
lfw,arcface-7972a704552df378345f,20260829-R001-245d09db,step4_search_space_query_gallery_conditions_v6,validation_required,True,pq,pq_512_m32_b8,pq_one_sided_cosine,origin_float32,pq_reconstructed_float32,cosine_similarity,frozen_origin,0.1,cosine_similarity,0.97268907563,0.000592417061611,0.346786439419,0.346786439419,0.978991596639,0.97268907563,0.99356223176,0.991596638655,0.989495798319,3,1688,0.00177725118483,1,1688,0.000592417061611,0.000604605803334,0.00521240427724,0.000104583813744,0.00334813853813,0.961764485681,0.98854939741,0.953838641232,0.983971111818,-0.00118483412322,-0.00296208530806,0,-0.0063025210084,-0.0147058823529,0,32,524288,50,525888,10517.76,0.00892116451064,112092.98952,5,0.00231053604436,0,0
lfw,arcface-7972a704552df378345f,20260829-R001-245d09db,step4_search_space_query_gallery_conditions_v6,validation_required,True,pq,pq_512_m64_b8,pq_one_sided_cosine,origin_float32,pq_reconstructed_float32,cosine_similarity,frozen_origin,0.1,cosine_similarity,0.978991596639,0.000592417061611,0.346786439419,0.346786439419,0.978991596639,0.978991596639,1,0.991596638655,0.993697478992,3,1688,0.00177725118483,1,1688,0.000592417061611,0.000604605803334,0.00521240427724,0.000104583813744,0.00334813853813,0.961764485681,0.98854939741,0.961764485681,0.98854939741,-0.00118483412322,-0.00296208530806,0,0,0,0,64,524288,50,527488,10549.76,0.00400101663602,249936.476394,2,0.000924214417745,0,0
lfw,arcface-7972a704552df378345f,20260829-R001-245d09db,step4_search_space_query_gallery_conditions_v6,validation_required,True,pq,pq_512_m128_b8,pq_one_sided_cosine,origin_float32,pq_reconstructed_float32,cosine_similarity,frozen_origin,0.1,cosine_similarity,0.978991596639,0.000592417061611,0.346786439419,0.346786439419,0.978991596639,0.978991596639,1,0.991596638655,0.991596638655,3,1688,0.00177725118483,1,1688,0.000592417061611,0.000604605803334,0.00521240427724,0.000104583813744,0.00334813853813,0.961764485681,0.98854939741,0.961764485681,0.98854939741,-0.00118483412322,-0.00296208530806,0,0,0,0,128,524288,50,530688,10613.76,0.00420365064763,237888.465009,2,0.000924214417745,0,0
lfw,arcface-7972a704552df378345f,20260829-R001-245d09db,step4_search_space_query_gallery_conditions_v6,validation_required,True,pq,pq_512_m8_b8,pq_one_sided_cosine,origin_float32,pq_reconstructed_float32,cosine_similarity,recalibrated_compressed,0.1,cosine_similarity,0.974789915966,0.0539099526066,0.346786439419,0.179898172617,0.978991596639,0.974789915966,0.995708154506,0.991596638655,0.993697478992,3,1688,0.00177725118483,91,1688,0.0539099526066,0.000604605803334,0.00521240427724,0.0441138681505,0.065731801993,0.961764485681,0.98854939741,0.956456737673,0.985521058724,0.0521327014218,0.0420616113744,0.0627962085308,-0.00420168067227,-0.0105042016807,0,8,524288,50,524688,10493.76,0.00392024029614,255086.404011,2,0.000924214417745,90,0.0415896487985
lfw,arcface-7972a704552df378345f,20260829-R001-245d09db,step4_search_space_query_gallery_conditions_v6,validation_required,True,pq,pq_512_m16_b8,pq_one_sided_cosine,origin_float32,pq_reconstructed_float32,cosine_similarity,recalibrated_compressed,0.1,cosine_similarity,0.978991596639,0.135663507109,0.346786439419,0.160874024034,0.978991596639,0.978991596639,1,0.991596638655,0.993697478992,3,1688,0.00177725118483,229,1688,0.135663507109,0.000604605803334,0.00521240427724,0.120152771282,0.152828752142,0.961764485681,0.98854939741,0.961764485681,0.98854939741,0.133886255924,0.117890995261,0.150473933649,0,0,0,16,524288,50,525088,10501.76,0.00433054528677,230917.802212,0,0,226,0.104436229205
lfw,arcface-7972a704552df378345f,20260829-R001-245d09db,step4_search_space_query_gallery_conditions_v6,validation_required,True,pq,pq_512_m32_b8,pq_one_sided_cosine,origin_float32,pq_reconstructed_float32,cosine_similarity,recalibrated_compressed,0.1,cosine_similarity,0.978991596639,0.0195497630332,0.346786439419,0.215366095304,0.978991596639,0.978991596639,1,0.991596638655,0.989495798319,3,1688,0.00177725118483,33,1688,0.0195497630332,0.000604605803334,0.00521240427724,0.013953994598,0.0273273314131,0.961764485681,0.98854939741,0.961764485681,0.98854939741,0.0177725118483,0.0118483412322,0.0242890995261,0,0,0,32,524288,50,525888,10517.76,0.00892116451064,112092.98952,0,0,30,0.0138632162662
lfw,arcface-7972a704552df378345f,20260829-R001-245d09db,step4_search_space_query_gallery_conditions_v6,validation_required,True,pq,pq_512_m64_b8,pq_one_sided_cosine,origin_float32,pq_reconstructed_float32,cosine_similarity,recalibrated_compressed,0.1,cosine_similarity,0.978991596639,0.00355450236967,0.346786439419,0.28785443306,0.978991596639,0.978991596639,1,0.991596638655,0.993697478992,3,1688,0.00177725118483,6,1688,0.00355450236967,0.000604605803334,0.00521240427724,0.00163004744464,0.00773339422899,0.961764485681,0.98854939741,0.961764485681,0.98854939741,0.00177725118483,0,0.00414691943128,0,0,0,64,524288,50,527488,10549.76,0.00400101663602,249936.476394,0,0,3,0.00138632162662
lfw,arcface-7972a704552df378345f,20260829-R001-245d09db,step4_search_space_query_gallery_conditions_v6,validation_required,True,pq,pq_512_m128_b8,pq_one_sided_cosine,origin_float32,pq_reconstructed_float32,cosine_similarity,recalibrated_compressed,0.1,cosine_similarity,0.978991596639,0.00296208530806,0.346786439419,0.319215893745,0.978991596639,0.978991596639,1,0.991596638655,0.991596638655,3,1688,0.00177725118483,5,1688,0.00296208530806,0.000604605803334,0.00521240427724,0.00126586908499,0.00691542872429,0.961764485681,0.98854939741,0.961764485681,0.98854939741,0.00118483412322,0,0.00296208530806,0,0,0,128,524288,50,530688,10613.76,0.00420365064763,237888.465009,0,0,2,0.000924214417745
lfw,arcface-7972a704552df378345f,20260829-R001-245d09db,step4_search_space_query_gallery_conditions_v6,validation_required,True,pq,pq_512_m8_b8,pq_reconstruction_cosine,pq_reconstructed_float32,pq_reconstructed_float32,cosine_similarity,frozen_origin,0.1,cosine_similarity,0.607142857143,0.00592417061611,0.346786439419,0.346786439419,0.978991596639,0.607142857143,0.62017167382,0.991596638655,0.981092436975,3,1688,0.00177725118483,10,1688,0.00592417061611,0.000604605803334,0.00521240427724,0.00322107366682,0.0108709434642,0.961764485681,0.98854939741,0.562578645642,0.64999156505,0.00414691943128,0.000592417061611,0.00770142180095,-0.371848739496,-0.415966386555,-0.327731092437,8,524288,50,524688,10493.76,0.00348216266176,287177.853861,178,0.0822550831793,8,0.00369685767098
lfw,arcface-7972a704552df378345f,20260829-R001-245d09db,step4_search_space_query_gallery_conditions_v6,validation_required,True,pq,pq_512_m16_b8,pq_reconstruction_cosine,pq_reconstructed_float32,pq_reconstructed_float32,cosine_similarity,frozen_origin,0.1,cosine_similarity,0.689075630252,0.000592417061611,0.346786439419,0.346786439419,0.978991596639,0.689075630252,0.703862660944,0.991596638655,0.993697478992,3,1688,0.00177725118483,1,1688,0.000592417061611,0.000604605803334,0.00521240427724,0.000104583813744,0.00334813853813,0.961764485681,0.98854939741,0.646119072407,0.729004828813,-0.00118483412322,-0.00355450236967,0.00118483412322,-0.289915966387,-0.329884453782,-0.25,16,524288,50,525088,10501.76,0.00274597966739,364168.756191,141,0.065157116451,1,0.000462107208872
lfw,arcface-7972a704552df378345f,20260829-R001-245d09db,step4_search_space_query_gallery_conditions_v6,validation_required,True,pq,pq_512_m32_b8,pq_reconstruction_cosine,pq_reconstructed_float32,pq_reconstructed_float32,cosine_similarity,frozen_origin,0.1,cosine_similarity,0.920168067227,0.000592417061611,0.346786439419,0.346786439419,0.978991596639,0.920168067227,0.93991416309,0.991596638655,0.985294117647,3,1688,0.00177725118483,1,1688,0.000592417061611,0.000604605803334,0.00521240427724,0.000104583813744,0.00334813853813,0.961764485681,0.98854939741,0.892321635543,0.941287033836,-0.00118483412322,-0.00296208530806,0,-0.0588235294118,-0.0798319327731,-0.0399159663866,32,524288,50,525888,10517.76,0.00325970425209,306776.29707,30,0.0138632162662,0,0
lfw,arcface-7972a704552df378345f,20260829-R001-245d09db,step4_search_space_query_gallery_conditions_v6,validation_required,True,pq,pq_512_m64_b8,pq_reconstruction_cosine,pq_reconstructed_float32,pq_reconstructed_float32,cosine_similarity,frozen_origin,0.1,cosine_similarity,0.974789915966,0.000592417061611,0.346786439419,0.346786439419,0.978991596639,0.974789915966,0.995708154506,0.991596638655,0.995798319328,3,1688,0.00177725118483,1,1688,0.000592417061611,0.000604605803334,0.00521240427724,0.000104583813744,0.00334813853813,0.961764485681,0.98854939741,0.956456737673,0.985521058724,-0.00118483412322,-0.00296208530806,0,-0.00420168067227,-0.0105042016807,0,64,524288,50,527488,10549.76,0.00314995378897,317464.974725,4,0.00184842883549,0,0
lfw,arcface-7972a704552df378345f,20260829-R001-245d09db,step4_search_space_query_gallery_conditions_v6,validation_required,True,pq,pq_512_m128_b8,pq_reconstruction_cosine,pq_reconstructed_float32,pq_reconstructed_float32,cosine_similarity,frozen_origin,0.1,cosine_similarity,0.978991596639,0.000592417061611,0.346786439419,0.346786439419,0.978991596639,0.978991596639,1,0.991596638655,0.991596638655,3,1688,0.00177725118483,1,1688,0.000592417061611,0.000604605803334,0.00521240427724,0.000104583813744,0.00334813853813,0.961764485681,0.98854939741,0.961764485681,0.98854939741,-0.00118483412322,-0.00296208530806,0,0,0,0,128,524288,50,530688,10613.76,0.00299385397376,334017.627034,2,0.000924214417745,0,0
lfw,arcface-7972a704552df378345f,20260829-R001-245d09db,step4_search_space_query_gallery_conditions_v6,validation_required,True,pq,pq_512_m8_b8,pq_reconstruction_cosine,pq_reconstructed_float32,pq_reconstructed_float32,cosine_similarity,recalibrated_compressed,0.1,cosine_similarity,0.836134453782,0.200236966825,0.346786439419,0.214925825596,0.978991596639,0.848739495798,0.8669527897,0.991596638655,0.981092436975,3,1688,0.00177725118483,338,1688,0.200236966825,0.000604605803334,0.00521240427724,0.181836760455,0.219998444183,0.961764485681,0.98854939741,0.800215028932,0.866671906571,0.19845971564,0.178909952607,0.217417061611,-0.142857142857,-0.174369747899,-0.113445378151,8,524288,50,524688,10493.76,0.00348216266176,287177.853861,55,0.025415896488,336,0.155268022181
lfw,arcface-7972a704552df378345f,20260829-R001-245d09db,step4_search_space_query_gallery_conditions_v6,validation_required,True,pq,pq_512_m16_b8,pq_reconstruction_cosine,pq_reconstructed_float32,pq_reconstructed_float32,cosine_similarity,recalibrated_compressed,0.1,cosine_similarity,0.970588235294,0.186611374408,0.346786439419,0.16469605267,0.978991596639,0.970588235294,0.991416309013,0.991596638655,0.993697478992,3,1688,0.00177725118483,315,1688,0.186611374408,0.000604605803334,0.00521240427724,0.168744682986,0.205901212772,0.961764485681,0.98854939741,0.951241089085,0.982400620619,0.184834123223,0.165876777251,0.203213862559,-0.00840336134454,-0.0189075630252,0,16,524288,50,525088,10501.76,0.00274597966739,364168.756191,6,0.00277264325323,315,0.145563770795
lfw,arcface-7972a704552df378345f,20260829-R001-245d09db,step4_search_space_query_gallery_conditions_v6,validation_required,True,pq,pq_512_m32_b8,pq_reconstruction_cosine,pq_reconstructed_float32,pq_reconstructed_float32,cosine_similarity,recalibrated_compressed,0.1,cosine_similarity,0.978991596639,0.0568720379147,0.346786439419,0.178769677877,0.978991596639,0.978991596639,1,0.991596638655,0.985294117647,3,1688,0.00177725118483,96,1688,0.0568720379147,0.000604605803334,0.00521240427724,0.0467966446084,0.0689597448568,0.961764485681,0.98854939741,0.961764485681,0.98854939741,0.0550947867299,0.0438388625592,0.0657582938389,0,0,0,32,524288,50,525888,10517.76,0.00325970425209,306776.29707,1,0.000462107208872,94,0.043438077634
lfw,arcface-7972a704552df378345f,20260829-R001-245d09db,step4_search_space_query_gallery_conditions_v6,validation_required,True,pq,pq_512_m64_b8,pq_reconstruction_cosine,pq_reconstructed_float32,pq_reconstructed_float32,cosine_similarity,recalibrated_compressed,0.1,cosine_similarity,0.978991596639,0.00355450236967,0.346786439419,0.252279132605,0.978991596639,0.978991596639,1,0.991596638655,0.995798319328,3,1688,0.00177725118483,6,1688,0.00355450236967,0.000604605803334,0.00521240427724,0.00163004744464,0.00773339422899,0.961764485681,0.98854939741,0.961764485681,0.98854939741,0.00177725118483,-0.000592417061611,0.00473933649289,0,0,0,64,524288,50,527488,10549.76,0.00314995378897,317464.974725,1,0.000462107208872,4,0.00184842883549
lfw,arcface-7972a704552df378345f,20260829-R001-245d09db,step4_search_space_query_gallery_conditions_v6,validation_required,True,pq,pq_512_m128_b8,pq_reconstruction_cosine,pq_reconstructed_float32,pq_reconstructed_float32,cosine_similarity,recalibrated_compressed,0.1,cosine_similarity,0.978991596639,0.00118483412322,0.346786439419,0.313377559185,0.978991596639,0.978991596639,1,0.991596638655,0.991596638655,3,1688,0.00177725118483,2,1688,0.00118483412322,0.000604605803334,0.00521240427724,0.000324984408263,0.00430988180796,0.961764485681,0.98854939741,0.961764485681,0.98854939741,-0.000592417061611,-0.00177725118483,0,0,0,0,128,524288,50,530688,10613.76,0.00299385397376,334017.627034,1,0.000462107208872,0,0
lfw,arcface-7972a704552df378345f,20260829-R001-245d09db,step4_search_space_query_gallery_conditions_v6,validation_required,True,pq,pq_512_m128_b8,pq_sdc_exhaustive,pq_code,pq_code,squared_l2_symmetric,recalibrated_compressed,0.1,negative_squared_l2_sdc,0.978991596639,0.000592417061611,0.346786439419,-1.18789255619,0.978991596639,0.978991596639,1,0.991596638655,0.991596638655,3,1688,0.00177725118483,1,1688,0.000592417061611,0.000604605803334,0.00521240427724,0.000104583813744,0.00334813853813,0.961764485681,0.98854939741,0.961764485681,0.98854939741,-0.00118483412322,-0.00296208530806,0,0,0,0,128,524288,50,530688,10613.76,0.0425194547135,23518.6459172,2,0.000924214417745,0,0
lfw,arcface-7972a704552df378345f,20260829-R001-245d09db,step4_search_space_query_gallery_conditions_v6,validation_required,True,pca,pca_32,pca_direct_cosine,pca_projected_float32,pca_projected_float32,cosine_similarity,frozen_origin,0.2,cosine_similarity,0.974789915966,0.780805687204,0.346786439419,0.346786439419,0.978991596639,0.978991596639,1,0.991596638655,0.993697478992,3,1688,0.00177725118483,1318,1688,0.780805687204,0.000604605803334,0.00521240427724,0.760444712097,0.799891479605,0.961764485681,0.98854939741,0.956456737673,0.985521058724,0.779028436019,0.759463862559,0.798578199052,-0.00420168067227,-0.0105042016807,0,128,0,50,73984,1479.68,0.00202814232938,493062.042794,0,0,1324,0.611829944547
lfw,arcface-7972a704552df378345f,20260829-R001-245d09db,step4_search_space_query_gallery_conditions_v6,validation_required,True,pca,pca_64,pca_direct_cosine,pca_projected_float32,pca_projected_float32,cosine_similarity,frozen_origin,0.2,cosine_similarity,0.978991596639,0.173578199052,0.346786439419,0.346786439419,0.978991596639,0.978991596639,1,0.991596638655,0.991596638655,3,1688,0.00177725118483,293,1688,0.173578199052,0.000604605803334,0.00521240427724,0.156256666107,0.192382064636,0.961764485681,0.98854939741,0.961764485681,0.98854939741,0.171800947867,0.154620853081,0.190180687204,0,0,0,256,0,50,145920,2918.4,0.00274935304965,363721.93092,0,0,290,0.134011090573
lfw,arcface-7972a704552df378345f,20260829-R001-245d09db,step4_search_space_query_gallery_conditions_v6,validation_required,True,pca,pca_128,pca_direct_cosine,pca_projected_float32,pca_projected_float32,cosine_similarity,frozen_origin,0.2,cosine_similarity,0.978991596639,0.00888625592417,0.346786439419,0.346786439419,0.978991596639,0.978991596639,1,0.991596638655,0.995798319328,3,1688,0.00177725118483,15,1688,0.00888625592417,0.000604605803334,0.00521240427724,0.0053925593221,0.0146101771307,0.961764485681,0.98854939741,0.961764485681,0.98854939741,0.00710900473934,0.00355450236967,0.0118483412322,0,0,0,512,0,50,289792,5795.84,0.00292389094252,342010.020093,0,0,12,0.00554528650647
lfw,arcface-7972a704552df378345f,20260829-R001-245d09db,step4_search_space_query_gallery_conditions_v6,validation_required,True,pca,pca_256,pca_direct_cosine,pca_projected_float32,pca_projected_float32,cosine_similarity,frozen_origin,0.2,cosine_similarity,0.978991596639,0.00118483412322,0.346786439419,0.346786439419,0.978991596639,0.978991596639,1,0.991596638655,0.991596638655,3,1688,0.00177725118483,2,1688,0.00118483412322,0.000604605803334,0.00521240427724,0.000324984408263,0.00430988180796,0.961764485681,0.98854939741,0.961764485681,0.98854939741,-0.000592417061611,-0.00177725118483,0,0,0,0,1024,0,50,577536,11550.72,0.00270730129454,369371.52212,1,0.000462107208872,0,0
lfw,arcface-7972a704552df378345f,20260829-R001-245d09db,step4_search_space_query_gallery_conditions_v6,validation_required,True,pca,pca_384,pca_direct_cosine,pca_projected_float32,pca_projected_float32,cosine_similarity,frozen_origin,0.2,cosine_similarity,0.978991596639,0.00118483412322,0.346786439419,0.346786439419,0.978991596639,0.978991596639,1,0.991596638655,0.991596638655,3,1688,0.00177725118483,2,1688,0.00118483412322,0.000604605803334,0.00521240427724,0.000324984408263,0.00430988180796,0.961764485681,0.98854939741,0.961764485681,0.98854939741,-0.000592417061611,-0.00177725118483,0,0,0,0,1536,0,50,865280,17305.6,0.00372717190347,268299.940518,1,0.000462107208872,0,0
lfw,arcface-7972a704552df378345f,20260829-R001-245d09db,step4_search_space_query_gallery_conditions_v6,validation_required,True,pca,pca_32,pca_direct_cosine,pca_projected_float32,pca_projected_float32,cosine_similarity,recalibrated_compressed,0.2,cosine_similarity,0.974789915966,0.159360189573,0.346786439419,0.475541591644,0.978991596639,0.976890756303,0.997854077253,0.991596638655,0.993697478992,3,1688,0.00177725118483,269,1688,0.159360189573,0.000604605803334,0.00521240427724,0.142675827561,0.177591450437,0.961764485681,0.98854939741,0.956456737673,0.985521058724,0.157582938389,0.140402843602,0.17418542654,-0.00420168067227,-0.0105042016807,0,128,0,50,73984,1479.68,0.00202814232938,493062.042794,0,0,268,0.123844731978
lfw,arcface-7972a704552df378345f,20260829-R001-245d09db,step4_search_space_query_gallery_conditions_v6,validation_required,True,pca,pca_64,pca_direct_cosine,pca_projected_float32,pca_projected_float32,cosine_similarity,recalibrated_compressed,0.2,cosine_similarity,0.978991596639,0.0971563981043,0.346786439419,0.372847080231,0.978991596639,0.978991596639,1,0.991596638655,0.991596638655,3,1688,0.00177725118483,164,1688,0.0971563981043,0.000604605803334,0.00521240427724,0.0839287715664,0.112213400675,0.961764485681,0.98854939741,0.961764485681,0.98854939741,0.0953791469194,0.0817535545024,0.109004739336,0,0,0,256,0,50,145920,2918.4,0.00274935304965,363721.93092,0,0,161,0.0743992606285
lfw,arcface-7972a704552df378345f,20260829-R001-245d09db,step4_search_space_query_gallery_conditions_v6,validation_required,True,pca,pca_128,pca_direct_cosine,pca_projected_float32,pca_projected_float32,cosine_similarity,recalibrated_compressed,0.2,cosine_similarity,0.978991596639,0.164691943128,0.346786439419,0.257835447788,0.978991596639,0.978991596639,1,0.991596638655,0.995798319328,3,1688,0.00177725118483,278,1688,0.164691943128,0.000604605803334,0.00521240427724,0.147763183616,0.183143389161,0.961764485681,0.98854939741,0.961764485681,0.98854939741,0.162914691943,0.145734597156,0.18009478673,0,0,0,512,0,50,289792,5795.84,0.00292389094252,342010.020093,0,0,275,0.12707948244
lfw,arcface-7972a704552df378345f,20260829-R001-245d09db,step4_search_space_query_gallery_conditions_v6,validation_required,True,pca,pca_256,pca_direct_cosine,pca_projected_float32,pca_projected_float32,cosine_similarity,recalibrated_compressed,0.2,cosine_similarity,0.978991596639,0.00118483412322,0.346786439419,0.351331949234,0.978991596639,0.978991596639,1,0.991596638655,0.991596638655,3,1688,0.00177725118483,2,1688,0.00118483412322,0.000604605803334,0.00521240427724,0.000324984408263,0.00430988180796,0.961764485681,0.98854939741,0.961764485681,0.98854939741,-0.000592417061611,-0.00177725118483,0,0,0,0,1024,0,50,577536,11550.72,0.00270730129454,369371.52212,1,0.000462107208872,0,0
lfw,arcface-7972a704552df378345f,20260829-R001-245d09db,step4_search_space_query_gallery_conditions_v6,validation_required,True,pca,pca_384,pca_direct_cosine,pca_projected_float32,pca_projected_float32,cosine_similarity,recalibrated_compressed,0.2,cosine_similarity,0.978991596639,0.00118483412322,0.346786439419,0.354011148214,0.978991596639,0.978991596639,1,0.991596638655,0.991596638655,3,1688,0.00177725118483,2,1688,0.00118483412322,0.000604605803334,0.00521240427724,0.000324984408263,0.00430988180796,0.961764485681,0.98854939741,0.961764485681,0.98854939741,-0.000592417061611,-0.00177725118483,0,0,0,0,1536,0,50,865280,17305.6,0.00372717190347,268299.940518,1,0.000462107208872,0,0
lfw,arcface-7972a704552df378345f,20260829-R001-245d09db,step4_search_space_query_gallery_conditions_v6,validation_required,True,pca,pca_32,pca_reconstruction_cosine,pca_reconstructed_float32,pca_reconstructed_float32,cosine_similarity,frozen_origin,0.2,cosine_similarity,0.974789915966,0.818720379147,0.346786439419,0.346786439419,0.978991596639,0.978991596639,1,0.991596638655,0.991596638655,3,1688,0.00177725118483,1382,1688,0.818720379147,0.000604605803334,0.00521240427724,0.799625066867,0.836368332154,0.961764485681,0.98854939741,0.956456737673,0.985521058724,0.816943127962,0.797985781991,0.83471563981,-0.00420168067227,-0.0105042016807,0,128,0,50,73984,1479.68,0.0124331330874,80430.2497988,0,0,1388,0.641404805915
lfw,arcface-7972a704552df378345f,20260829-R001-245d09db,step4_search_space_query_gallery_conditions_v6,validation_required,True,pca,pca_64,pca_reconstruction_cosine,pca_reconstructed_float32,pca_reconstructed_float32,cosine_similarity,frozen_origin,0.2,cosine_similarity,0.978991596639,0.193127962085,0.346786439419,0.346786439419,0.978991596639,0.978991596639,1,0.991596638655,0.991596638655,3,1688,0.00177725118483,326,1688,0.193127962085,0.000604605803334,0.00521240427724,0.175001648857,0.212647829409,0.961764485681,0.98854939741,0.961764485681,0.98854939741,0.1913507109,0.173578199052,0.20971563981,0,0,0,256,0,50,145920,2918.4,0.00373142329022,267994.253727,0,0,323,0.149260628466
lfw,arcface-7972a704552df378345f,20260829-R001-245d09db,step4_search_space_query_gallery_conditions_v6,validation_required,True,pca,pca_128,pca_reconstruction_cosine,pca_reconstructed_float32,pca_reconstructed_float32,cosine_similarity,frozen_origin,0.2,cosine_similarity,0.978991596639,0.00947867298578,0.346786439419,0.346786439419,0.978991596639,0.978991596639,1,0.991596638655,0.995798319328,3,1688,0.00177725118483,16,1688,0.00947867298578,0.000604605803334,0.00521240427724,0.0058428562174,0.0153420240997,0.961764485681,0.98854939741,0.961764485681,0.98854939741,0.00770142180095,0.00414691943128,0.0124407582938,0,0,0,512,0,50,289792,5795.84,0.00756876155225,132122.011388,0,0,13,0.00600739371534
lfw,arcface-7972a704552df378345f,20260829-R001-245d09db,step4_search_space_query_gallery_conditions_v6,validation_required,True,pca,pca_256,pca_reconstruction_cosine,pca_reconstructed_float32,pca_reconstructed_float32,cosine_similarity,frozen_origin,0.2,cosine_similarity,0.978991596639,0.00177725118483,0.346786439419,0.346786439419,0.978991596639,0.978991596639,1,0.991596638655,0.991596638655,3,1688,0.00177725118483,3,1688,0.00177725118483,0.000604605803334,0.00521240427724,0.000604605803334,0.00521240427724,0.961764485681,0.98854939741,0.961764485681,0.98854939741,0,0,0,0,0,0,1024,0,50,577536,11550.72,0.0124196395558,80517.6346305,0,0,0,0
lfw,arcface-7972a704552df378345f,20260829-R001-245d09db,step4_search_space_query_gallery_conditions_v6,validation_required,True,pca,pca_384,pca_reconstruction_cosine,pca_reconstructed_float32,pca_reconstructed_float32,cosine_similarity,frozen_origin,0.2,cosine_similarity,0.978991596639,0.00177725118483,0.346786439419,0.346786439419,0.978991596639,0.978991596639,1,0.991596638655,0.991596638655,3,1688,0.00177725118483,3,1688,0.00177725118483,0.000604605803334,0.00521240427724,0.000604605803334,0.00521240427724,0.961764485681,0.98854939741,0.961764485681,0.98854939741,0,0,0,0,0,0,1536,0,50,865280,17305.6,0.00456386321616,219112.614168,0,0,0,0
lfw,arcface-7972a704552df378345f,20260829-R001-245d09db,step4_search_space_query_gallery_conditions_v6,validation_required,True,pca,pca_32,pca_reconstruction_cosine,pca_reconstructed_float32,pca_reconstructed_float32,cosine_similarity,recalibrated_compressed,0.2,cosine_similarity,0.974789915966,0.202606635071,0.346786439419,0.468188107014,0.978991596639,0.976890756303,0.997854077253,0.991596638655,0.991596638655,3,1688,0.00177725118483,342,1688,0.202606635071,0.000604605803334,0.00521240427724,0.184117228782,0.222446551314,0.961764485681,0.98854939741,0.956456737673,0.985521058724,0.200829383886,0.183056872038,0.219786729858,-0.00420168067227,-0.0105042016807,0,128,0,50,73984,1479.68,0.0124331330874,80430.2497988,0,0,342,0.158040665434
lfw,arcface-7972a704552df378345f,20260829-R001-245d09db,step4_search_space_query_gallery_conditions_v6,validation_required,True,pca,pca_64,pca_reconstruction_cosine,pca_reconstructed_float32,pca_reconstructed_float32,cosine_similarity,recalibrated_compressed,0.2,cosine_similarity,0.978991596639,0.0977488151659,0.346786439419,0.374345481396,0.978991596639,0.978991596639,1,0.991596638655,0.991596638655,3,1688,0.00177725118483,165,1688,0.0977488151659,0.000604605803334,0.00521240427724,0.084481694072,0.112842622033,0.961764485681,0.98854939741,0.961764485681,0.98854939741,0.095971563981,0.082345971564,0.109597156398,0,0,0,256,0,50,145920,2918.4,0.00373142329022,267994.253727,0,0,162,0.0748613678373
lfw,arcface-7972a704552df378345f,20260829-R001-245d09db,step4_search_space_query_gallery_conditions_v6,validation_required,True,pca,pca_128,pca_reconstruction_cosine,pca_reconstructed_float32,pca_reconstructed_float32,cosine_similarity,recalibrated_compressed,0.2,cosine_similarity,0.978991596639,0.177725118483,0.346786439419,0.256782829762,0.978991596639,0.978991596639,1,0.991596638655,0.995798319328,3,1688,0.00177725118483,300,1688,0.177725118483,0.000604605803334,0.00521240427724,0.160226254456,0.196687483337,0.961764485681,0.98854939741,0.961764485681,0.98854939741,0.175947867299,0.15817535545,0.193720379147,0,0,0,512,0,50,289792,5795.84,0.00756876155225,132122.011388,0,0,298,0.137707948244
lfw,arcface-7972a704552df378345f,20260829-R001-245d09db,step4_search_space_query_gallery_conditions_v6,validation_required,True,pca,pca_256,pca_reconstruction_cosine,pca_reconstructed_float32,pca_reconstructed_float32,cosine_similarity,recalibrated_compressed,0.2,cosine_similarity,0.978991596639,0.00236966824645,0.346786439419,0.344007074833,0.978991596639,0.978991596639,1,0.991596638655,0.991596638655,3,1688,0.00177725118483,4,1688,0.00236966824645,0.000604605803334,0.00521240427724,0.000921891687168,0.00607726225776,0.961764485681,0.98854939741,0.961764485681,0.98854939741,0.000592417061611,0,0.00177725118483,0,0,0,1024,0,50,577536,11550.72,0.0124196395558,80517.6346305,0,0,1,0.000462107208872
lfw,arcface-7972a704552df378345f,20260829-R001-245d09db,step4_search_space_query_gallery_conditions_v6,validation_required,True,pca,pca_384,pca_reconstruction_cosine,pca_reconstructed_float32,pca_reconstructed_float32,cosine_similarity,recalibrated_compressed,0.2,cosine_similarity,0.978991596639,0.00177725118483,0.346786439419,0.346800774336,0.978991596639,0.978991596639,1,0.991596638655,0.991596638655,3,1688,0.00177725118483,3,1688,0.00177725118483,0.000604605803334,0.00521240427724,0.000604605803334,0.00521240427724,0.961764485681,0.98854939741,0.961764485681,0.98854939741,0,0,0,0,0,0,1536,0,50,865280,17305.6,0.00456386321616,219112.614168,0,0,0,0
lfw,arcface-7972a704552df378345f,20260829-R001-245d09db,step4_search_space_query_gallery_conditions_v6,validation_required,True,pq,pq_512_m8_b8,pq_adc_exhaustive,origin_float32,pq_code,squared_l2_asymmetric,recalibrated_compressed,0.2,negative_squared_l2_adc,0.976890756303,0.3163507109,0.346786439419,-1.09610962868,0.978991596639,0.978991596639,1,0.991596638655,0.993697478992,3,1688,0.00177725118483,534,1688,0.3163507109,0.000604605803334,0.00521240427724,0.294603798783,0.338931603268,0.961764485681,0.98854939741,0.959097733567,0.987048106177,0.314573459716,0.292654028436,0.336492890995,-0.00210084033613,-0.0063025210084,0,8,524288,50,524688,10493.76,0.00493951016617,202449.223984,0,0,534,0.246765249538
lfw,arcface-7972a704552df378345f,20260829-R001-245d09db,step4_search_space_query_gallery_conditions_v6,validation_required,True,pq,pq_512_m16_b8,pq_adc_exhaustive,origin_float32,pq_code,squared_l2_asymmetric,recalibrated_compressed,0.2,negative_squared_l2_adc,0.978991596639,0.190165876777,0.346786439419,-1.17481207848,0.978991596639,0.978991596639,1,0.991596638655,0.993697478992,3,1688,0.00177725118483,321,1688,0.190165876777,0.000604605803334,0.00521240427724,0.172156539034,0.20958221991,0.961764485681,0.98854939741,0.961764485681,0.98854939741,0.188388625592,0.170601303318,0.206753554502,0,0,0,16,524288,50,525088,10501.76,0.0094545286508,105769.418755,0,0,320,0.147874306839
lfw,arcface-7972a704552df378345f,20260829-R001-245d09db,step4_search_space_query_gallery_conditions_v6,validation_required,True,pq,pq_512_m32_b8,pq_adc_exhaustive,origin_float32,pq_code,squared_l2_asymmetric,recalibrated_compressed,0.2,negative_squared_l2_adc,0.978991596639,0.0136255924171,0.346786439419,-1.20511007309,0.978991596639,0.978991596639,1,0.991596638655,0.991596638655,3,1688,0.00177725118483,23,1688,0.0136255924171,0.000604605803334,0.00521240427724,0.00909647046764,0.0203634169,0.961764485681,0.98854939741,0.961764485681,0.98854939741,0.0118483412322,0.00710900473934,0.0177725118483,0,0,0,32,524288,50,525888,10517.76,0.0173387707944,57674.2153095,0,0,20,0.00924214417745
lfw,arcface-7972a704552df378345f,20260829-R001-245d09db,step4_search_space_query_gallery_conditions_v6,validation_required,True,pq,pq_512_m64_b8,pq_adc_exhaustive,origin_float32,pq_code,squared_l2_asymmetric,recalibrated_compressed,0.2,negative_squared_l2_adc,0.978991596639,0.00296208530806,0.346786439419,-1.2187114954,0.978991596639,0.978991596639,1,0.991596638655,0.995798319328,3,1688,0.00177725118483,5,1688,0.00296208530806,0.000604605803334,0.00521240427724,0.00126586908499,0.00691542872429,0.961764485681,0.98854939741,0.961764485681,0.98854939741,0.00118483412322,0,0.00296208530806,0,0,0,64,524288,50,527488,10549.76,0.0269804528651,37063.8700914,0,0,2,0.000924214417745
lfw,arcface-7972a704552df378345f,20260829-R001-245d09db,step4_search_space_query_gallery_conditions_v6,validation_required,True,pq,pq_512_m128_b8,pq_adc_exhaustive,origin_float32,pq_code,squared_l2_asymmetric,recalibrated_compressed,0.2,negative_squared_l2_adc,0.978991596639,0.000592417061611,0.346786439419,-1.2625079155,0.978991596639,0.978991596639,1,0.991596638655,0.991596638655,3,1688,0.00177725118483,1,1688,0.000592417061611,0.000604605803334,0.00521240427724,0.000104583813744,0.00334813853813,0.961764485681,0.98854939741,0.961764485681,0.98854939741,-0.00118483412322,-0.00296208530806,0,0,0,0,128,524288,50,530688,10613.76,0.0431522181146,23173.7797891,2,0.000924214417745,0,0
lfw,arcface-7972a704552df378345f,20260829-R001-245d09db,step4_search_space_query_gallery_conditions_v6,validation_required,True,pq,pq_512_m8_b8,pq_one_sided_cosine,origin_float32,pq_reconstructed_float32,cosine_similarity,frozen_origin,0.2,cosine_similarity,0.149159663866,0,0.346786439419,0.346786439419,0.978991596639,0.149159663866,0.152360515021,0.991596638655,0.993697478992,3,1688,0.00177725118483,0,1688,0,0.000604605803334,0.00521240427724,0,0.00227057848752,0.961764485681,0.98854939741,0.119969964183,0.183966796887,-0.00177725118483,-0.00414691943128,0,-0.829831932773,-0.861344537815,-0.798319327731,8,524288,50,524688,10493.76,0.00392024029614,255086.404011,398,0.183918669131,0,0
lfw,arcface-7972a704552df378345f,20260829-R001-245d09db,step4_search_space_query_gallery_conditions_v6,validation_required,True,pq,pq_512_m16_b8,pq_one_sided_cosine,origin_float32,pq_reconstructed_float32,cosine_similarity,frozen_origin,0.2,cosine_similarity,0.901260504202,0.000592417061611,0.346786439419,0.346786439419,0.978991596639,0.901260504202,0.920600858369,0.991596638655,0.993697478992,3,1688,0.00177725118483,1,1688,0.000592417061611,0.000604605803334,0.00521240427724,0.000104583813744,0.00334813853813,0.961764485681,0.98854939741,0.871164220314,0.924932058942,-0.00118483412322,-0.00296208530806,0,-0.077731092437,-0.100840336134,-0.0546218487395,16,524288,50,525088,10501.76,0.00433054528677,230917.802212,39,0.018022181146,0,0
lfw,arcface-7972a704552df378345f,20260829-R001-245d09db,step4_search_space_query_gallery_conditions_v6,validation_required,True,pq,pq_512_m32_b8,pq_one_sided_cosine,origin_float32,pq_reconstructed_float32,cosine_similarity,frozen_origin,0.2,cosine_similarity,0.97268907563,0.000592417061611,0.346786439419,0.346786439419,0.978991596639,0.97268907563,0.99356223176,0.991596638655,0.989495798319,3,1688,0.00177725118483,1,1688,0.000592417061611,0.000604605803334,0.00521240427724,0.000104583813744,0.00334813853813,0.961764485681,0.98854939741,0.953838641232,0.983971111818,-0.00118483412322,-0.00296208530806,0,-0.0063025210084,-0.0147058823529,0,32,524288,50,525888,10517.76,0.00892116451064,112092.98952,5,0.00231053604436,0,0
lfw,arcface-7972a704552df378345f,20260829-R001-245d09db,step4_search_space_query_gallery_conditions_v6,validation_required,True,pq,pq_512_m64_b8,pq_one_sided_cosine,origin_float32,pq_reconstructed_float32,cosine_similarity,frozen_origin,0.2,cosine_similarity,0.978991596639,0.000592417061611,0.346786439419,0.346786439419,0.978991596639,0.978991596639,1,0.991596638655,0.993697478992,3,1688,0.00177725118483,1,1688,0.000592417061611,0.000604605803334,0.00521240427724,0.000104583813744,0.00334813853813,0.961764485681,0.98854939741,0.961764485681,0.98854939741,-0.00118483412322,-0.00296208530806,0,0,0,0,64,524288,50,527488,10549.76,0.00400101663602,249936.476394,2,0.000924214417745,0,0
lfw,arcface-7972a704552df378345f,20260829-R001-245d09db,step4_search_space_query_gallery_conditions_v6,validation_required,True,pq,pq_512_m128_b8,pq_one_sided_cosine,origin_float32,pq_reconstructed_float32,cosine_similarity,frozen_origin,0.2,cosine_similarity,0.978991596639,0.000592417061611,0.346786439419,0.346786439419,0.978991596639,0.978991596639,1,0.991596638655,0.991596638655,3,1688,0.00177725118483,1,1688,0.000592417061611,0.000604605803334,0.00521240427724,0.000104583813744,0.00334813853813,0.961764485681,0.98854939741,0.961764485681,0.98854939741,-0.00118483412322,-0.00296208530806,0,0,0,0,128,524288,50,530688,10613.76,0.00420365064763,237888.465009,2,0.000924214417745,0,0
lfw,arcface-7972a704552df378345f,20260829-R001-245d09db,step4_search_space_query_gallery_conditions_v6,validation_required,True,pq,pq_512_m8_b8,pq_one_sided_cosine,origin_float32,pq_reconstructed_float32,cosine_similarity,recalibrated_compressed,0.2,cosine_similarity,0.974789915966,0.0539099526066,0.346786439419,0.179898172617,0.978991596639,0.974789915966,0.995708154506,0.991596638655,0.993697478992,3,1688,0.00177725118483,91,1688,0.0539099526066,0.000604605803334,0.00521240427724,0.0441138681505,0.065731801993,0.961764485681,0.98854939741,0.956456737673,0.985521058724,0.0521327014218,0.0420616113744,0.0627962085308,-0.00420168067227,-0.0105042016807,0,8,524288,50,524688,10493.76,0.00392024029614,255086.404011,2,0.000924214417745,90,0.0415896487985
lfw,arcface-7972a704552df378345f,20260829-R001-245d09db,step4_search_space_query_gallery_conditions_v6,validation_required,True,pq,pq_512_m16_b8,pq_one_sided_cosine,origin_float32,pq_reconstructed_float32,cosine_similarity,recalibrated_compressed,0.2,cosine_similarity,0.978991596639,0.135663507109,0.346786439419,0.160874024034,0.978991596639,0.978991596639,1,0.991596638655,0.993697478992,3,1688,0.00177725118483,229,1688,0.135663507109,0.000604605803334,0.00521240427724,0.120152771282,0.152828752142,0.961764485681,0.98854939741,0.961764485681,0.98854939741,0.133886255924,0.117890995261,0.150473933649,0,0,0,16,524288,50,525088,10501.76,0.00433054528677,230917.802212,0,0,226,0.104436229205
lfw,arcface-7972a704552df378345f,20260829-R001-245d09db,step4_search_space_query_gallery_conditions_v6,validation_required,True,pq,pq_512_m32_b8,pq_one_sided_cosine,origin_float32,pq_reconstructed_float32,cosine_similarity,recalibrated_compressed,0.2,cosine_similarity,0.978991596639,0.0195497630332,0.346786439419,0.215366095304,0.978991596639,0.978991596639,1,0.991596638655,0.989495798319,3,1688,0.00177725118483,33,1688,0.0195497630332,0.000604605803334,0.00521240427724,0.013953994598,0.0273273314131,0.961764485681,0.98854939741,0.961764485681,0.98854939741,0.0177725118483,0.0118483412322,0.0242890995261,0,0,0,32,524288,50,525888,10517.76,0.00892116451064,112092.98952,0,0,30,0.0138632162662
lfw,arcface-7972a704552df378345f,20260829-R001-245d09db,step4_search_space_query_gallery_conditions_v6,validation_required,True,pq,pq_512_m64_b8,pq_one_sided_cosine,origin_float32,pq_reconstructed_float32,cosine_similarity,recalibrated_compressed,0.2,cosine_similarity,0.978991596639,0.00355450236967,0.346786439419,0.28785443306,0.978991596639,0.978991596639,1,0.991596638655,0.993697478992,3,1688,0.00177725118483,6,1688,0.00355450236967,0.000604605803334,0.00521240427724,0.00163004744464,0.00773339422899,0.961764485681,0.98854939741,0.961764485681,0.98854939741,0.00177725118483,0,0.00414691943128,0,0,0,64,524288,50,527488,10549.76,0.00400101663602,249936.476394,0,0,3,0.00138632162662
lfw,arcface-7972a704552df378345f,20260829-R001-245d09db,step4_search_space_query_gallery_conditions_v6,validation_required,True,pq,pq_512_m128_b8,pq_one_sided_cosine,origin_float32,pq_reconstructed_float32,cosine_similarity,recalibrated_compressed,0.2,cosine_similarity,0.978991596639,0.00296208530806,0.346786439419,0.319215893745,0.978991596639,0.978991596639,1,0.991596638655,0.991596638655,3,1688,0.00177725118483,5,1688,0.00296208530806,0.000604605803334,0.00521240427724,0.00126586908499,0.00691542872429,0.961764485681,0.98854939741,0.961764485681,0.98854939741,0.00118483412322,0,0.00296208530806,0,0,0,128,524288,50,530688,10613.76,0.00420365064763,237888.465009,0,0,2,0.000924214417745
lfw,arcface-7972a704552df378345f,20260829-R001-245d09db,step4_search_space_query_gallery_conditions_v6,validation_required,True,pq,pq_512_m8_b8,pq_reconstruction_cosine,pq_reconstructed_float32,pq_reconstructed_float32,cosine_similarity,frozen_origin,0.2,cosine_similarity,0.607142857143,0.00592417061611,0.346786439419,0.346786439419,0.978991596639,0.607142857143,0.62017167382,0.991596638655,0.981092436975,3,1688,0.00177725118483,10,1688,0.00592417061611,0.000604605803334,0.00521240427724,0.00322107366682,0.0108709434642,0.961764485681,0.98854939741,0.562578645642,0.64999156505,0.00414691943128,0.000592417061611,0.00770142180095,-0.371848739496,-0.415966386555,-0.327731092437,8,524288,50,524688,10493.76,0.00348216266176,287177.853861,178,0.0822550831793,8,0.00369685767098
lfw,arcface-7972a704552df378345f,20260829-R001-245d09db,step4_search_space_query_gallery_conditions_v6,validation_required,True,pq,pq_512_m16_b8,pq_reconstruction_cosine,pq_reconstructed_float32,pq_reconstructed_float32,cosine_similarity,frozen_origin,0.2,cosine_similarity,0.689075630252,0.000592417061611,0.346786439419,0.346786439419,0.978991596639,0.689075630252,0.703862660944,0.991596638655,0.993697478992,3,1688,0.00177725118483,1,1688,0.000592417061611,0.000604605803334,0.00521240427724,0.000104583813744,0.00334813853813,0.961764485681,0.98854939741,0.646119072407,0.729004828813,-0.00118483412322,-0.00355450236967,0.00118483412322,-0.289915966387,-0.329884453782,-0.25,16,524288,50,525088,10501.76,0.00274597966739,364168.756191,141,0.065157116451,1,0.000462107208872
lfw,arcface-7972a704552df378345f,20260829-R001-245d09db,step4_search_space_query_gallery_conditions_v6,validation_required,True,pq,pq_512_m32_b8,pq_reconstruction_cosine,pq_reconstructed_float32,pq_reconstructed_float32,cosine_similarity,frozen_origin,0.2,cosine_similarity,0.920168067227,0.000592417061611,0.346786439419,0.346786439419,0.978991596639,0.920168067227,0.93991416309,0.991596638655,0.985294117647,3,1688,0.00177725118483,1,1688,0.000592417061611,0.000604605803334,0.00521240427724,0.000104583813744,0.00334813853813,0.961764485681,0.98854939741,0.892321635543,0.941287033836,-0.00118483412322,-0.00296208530806,0,-0.0588235294118,-0.0798319327731,-0.0399159663866,32,524288,50,525888,10517.76,0.00325970425209,306776.29707,30,0.0138632162662,0,0
lfw,arcface-7972a704552df378345f,20260829-R001-245d09db,step4_search_space_query_gallery_conditions_v6,validation_required,True,pq,pq_512_m64_b8,pq_reconstruction_cosine,pq_reconstructed_float32,pq_reconstructed_float32,cosine_similarity,frozen_origin,0.2,cosine_similarity,0.974789915966,0.000592417061611,0.346786439419,0.346786439419,0.978991596639,0.974789915966,0.995708154506,0.991596638655,0.995798319328,3,1688,0.00177725118483,1,1688,0.000592417061611,0.000604605803334,0.00521240427724,0.000104583813744,0.00334813853813,0.961764485681,0.98854939741,0.956456737673,0.985521058724,-0.00118483412322,-0.00296208530806,0,-0.00420168067227,-0.0105042016807,0,64,524288,50,527488,10549.76,0.00314995378897,317464.974725,4,0.00184842883549,0,0
lfw,arcface-7972a704552df378345f,20260829-R001-245d09db,step4_search_space_query_gallery_conditions_v6,validation_required,True,pq,pq_512_m128_b8,pq_reconstruction_cosine,pq_reconstructed_float32,pq_reconstructed_float32,cosine_similarity,frozen_origin,0.2,cosine_similarity,0.978991596639,0.000592417061611,0.346786439419,0.346786439419,0.978991596639,0.978991596639,1,0.991596638655,0.991596638655,3,1688,0.00177725118483,1,1688,0.000592417061611,0.000604605803334,0.00521240427724,0.000104583813744,0.00334813853813,0.961764485681,0.98854939741,0.961764485681,0.98854939741,-0.00118483412322,-0.00296208530806,0,0,0,0,128,524288,50,530688,10613.76,0.00299385397376,334017.627034,2,0.000924214417745,0,0
lfw,arcface-7972a704552df378345f,20260829-R001-245d09db,step4_search_space_query_gallery_conditions_v6,validation_required,True,pq,pq_512_m8_b8,pq_reconstruction_cosine,pq_reconstructed_float32,pq_reconstructed_float32,cosine_similarity,recalibrated_compressed,0.2,cosine_similarity,0.855042016807,0.351303317536,0.346786439419,0.191244632006,0.978991596639,0.88025210084,0.899141630901,0.991596638655,0.981092436975,3,1688,0.00177725118483,593,1688,0.351303317536,0.000604605803334,0.00521240427724,0.32889112026,0.374390769787,0.961764485681,0.98854939741,0.820571435838,0.883827889787,0.349526066351,0.326421800948,0.372630331754,-0.123949579832,-0.153361344538,-0.0945378151261,8,524288,50,524688,10493.76,0.00348216266176,287177.853861,34,0.0157116451017,592,0.273567467652
lfw,arcface-7972a704552df378345f,20260829-R001-245d09db,step4_search_space_query_gallery_conditions_v6,validation_required,True,pq,pq_512_m16_b8,pq_reconstruction_cosine,pq_reconstructed_float32,pq_reconstructed_float32,cosine_similarity,recalibrated_compressed,0.2,cosine_similarity,0.97268907563,0.383293838863,0.346786439419,0.14355546236,0.978991596639,0.976890756303,0.997854077253,0.991596638655,0.993697478992,3,1688,0.00177725118483,647,1688,0.383293838863,0.000604605803334,0.00521240427724,0.360390125945,0.406727532778,0.961764485681,0.98854939741,0.953838641232,0.983971111818,0.381516587678,0.358412322275,0.404043246445,-0.0063025210084,-0.0168067226891,0.00210084033613,16,524288,50,525088,10501.76,0.00274597966739,364168.756191,1,0.000462107208872,650,0.300369685767
lfw,arcface-7972a704552df378345f,20260829-R001-245d09db,step4_search_space_query_gallery_conditions_v6,validation_required,True,pq,pq_512_m32_b8,pq_reconstruction_cosine,pq_reconstructed_float32,pq_reconstructed_float32,cosine_similarity,recalibrated_compressed,0.2,cosine_similarity,0.978991596639,0.148696682464,0.346786439419,0.15646506846,0.978991596639,0.978991596639,1,0.991596638655,0.985294117647,3,1688,0.00177725118483,251,1688,0.148696682464,0.000604605803334,0.00521240427724,0.132522023659,0.166466664781,0.961764485681,0.98854939741,0.961764485681,0.98854939741,0.14691943128,0.129739336493,0.164099526066,0,0,0,32,524288,50,525888,10517.76,0.00325970425209,306776.29707,1,0.000462107208872,249,0.115064695009
lfw,arcface-7972a704552df378345f,20260829-R001-245d09db,step4_search_space_query_gallery_conditions_v6,validation_required,True,pq,pq_512_m64_b8,pq_reconstruction_cosine,pq_reconstructed_float32,pq_reconstructed_float32,cosine_similarity,recalibrated_compressed,0.2,cosine_similarity,0.978991596639,0.00355450236967,0.346786439419,0.252279132605,0.978991596639,0.978991596639,1,0.991596638655,0.995798319328,3,1688,0.00177725118483,6,1688,0.00355450236967,0.000604605803334,0.00521240427724,0.00163004744464,0.00773339422899,0.961764485681,0.98854939741,0.961764485681,0.98854939741,0.00177725118483,-0.000592417061611,0.00473933649289,0,0,0,64,524288,50,527488,10549.76,0.00314995378897,317464.974725,1,0.000462107208872,4,0.00184842883549
lfw,arcface-7972a704552df378345f,20260829-R001-245d09db,step4_search_space_query_gallery_conditions_v6,validation_required,True,pq,pq_512_m128_b8,pq_reconstruction_cosine,pq_reconstructed_float32,pq_reconstructed_float32,cosine_similarity,recalibrated_compressed,0.2,cosine_similarity,0.978991596639,0.00118483412322,0.346786439419,0.313377559185,0.978991596639,0.978991596639,1,0.991596638655,0.991596638655,3,1688,0.00177725118483,2,1688,0.00118483412322,0.000604605803334,0.00521240427724,0.000324984408263,0.00430988180796,0.961764485681,0.98854939741,0.961764485681,0.98854939741,-0.000592417061611,-0.00177725118483,0,0,0,0,128,524288,50,530688,10613.76,0.00299385397376,334017.627034,1,0.000462107208872,0,0
lfw,arcface-7972a704552df378345f,20260829-R001-245d09db,step4_search_space_query_gallery_conditions_v6,validation_required,True,pq,pq_512_m128_b8,pq_sdc_exhaustive,pq_code,pq_code,squared_l2_symmetric,recalibrated_compressed,0.2,negative_squared_l2_sdc,0.978991596639,0.000592417061611,0.346786439419,-1.18789255619,0.978991596639,0.978991596639,1,0.991596638655,0.991596638655,3,1688,0.00177725118483,1,1688,0.000592417061611,0.000604605803334,0.00521240427724,0.000104583813744,0.00334813853813,0.961764485681,0.98854939741,0.961764485681,0.98854939741,-0.00118483412322,-0.00296208530806,0,0,0,0,128,524288,50,530688,10613.76,0.0425194547135,23518.6459172,2,0.000924214417745,0,0
lfw,arcface-7972a704552df378345f,20260829-R001-245d09db,step4_search_space_query_gallery_conditions_v6,validation_required,True,pca,pca_32,pca_direct_cosine,pca_projected_float32,pca_projected_float32,cosine_similarity,frozen_origin,0.3,cosine_similarity,0.974789915966,0.780805687204,0.346786439419,0.346786439419,0.978991596639,0.978991596639,1,0.991596638655,0.993697478992,3,1688,0.00177725118483,1318,1688,0.780805687204,0.000604605803334,0.00521240427724,0.760444712097,0.799891479605,0.961764485681,0.98854939741,0.956456737673,0.985521058724,0.779028436019,0.759463862559,0.798578199052,-0.00420168067227,-0.0105042016807,0,128,0,50,73984,1479.68,0.00202814232938,493062.042794,0,0,1324,0.611829944547
lfw,arcface-7972a704552df378345f,20260829-R001-245d09db,step4_search_space_query_gallery_conditions_v6,validation_required,True,pca,pca_64,pca_direct_cosine,pca_projected_float32,pca_projected_float32,cosine_similarity,frozen_origin,0.3,cosine_similarity,0.978991596639,0.173578199052,0.346786439419,0.346786439419,0.978991596639,0.978991596639,1,0.991596638655,0.991596638655,3,1688,0.00177725118483,293,1688,0.173578199052,0.000604605803334,0.00521240427724,0.156256666107,0.192382064636,0.961764485681,0.98854939741,0.961764485681,0.98854939741,0.171800947867,0.154620853081,0.190180687204,0,0,0,256,0,50,145920,2918.4,0.00274935304965,363721.93092,0,0,290,0.134011090573
lfw,arcface-7972a704552df378345f,20260829-R001-245d09db,step4_search_space_query_gallery_conditions_v6,validation_required,True,pca,pca_128,pca_direct_cosine,pca_projected_float32,pca_projected_float32,cosine_similarity,frozen_origin,0.3,cosine_similarity,0.978991596639,0.00888625592417,0.346786439419,0.346786439419,0.978991596639,0.978991596639,1,0.991596638655,0.995798319328,3,1688,0.00177725118483,15,1688,0.00888625592417,0.000604605803334,0.00521240427724,0.0053925593221,0.0146101771307,0.961764485681,0.98854939741,0.961764485681,0.98854939741,0.00710900473934,0.00355450236967,0.0118483412322,0,0,0,512,0,50,289792,5795.84,0.00292389094252,342010.020093,0,0,12,0.00554528650647
lfw,arcface-7972a704552df378345f,20260829-R001-245d09db,step4_search_space_query_gallery_conditions_v6,validation_required,True,pca,pca_256,pca_direct_cosine,pca_projected_float32,pca_projected_float32,cosine_similarity,frozen_origin,0.3,cosine_similarity,0.978991596639,0.00118483412322,0.346786439419,0.346786439419,0.978991596639,0.978991596639,1,0.991596638655,0.991596638655,3,1688,0.00177725118483,2,1688,0.00118483412322,0.000604605803334,0.00521240427724,0.000324984408263,0.00430988180796,0.961764485681,0.98854939741,0.961764485681,0.98854939741,-0.000592417061611,-0.00177725118483,0,0,0,0,1024,0,50,577536,11550.72,0.00270730129454,369371.52212,1,0.000462107208872,0,0
lfw,arcface-7972a704552df378345f,20260829-R001-245d09db,step4_search_space_query_gallery_conditions_v6,validation_required,True,pca,pca_384,pca_direct_cosine,pca_projected_float32,pca_projected_float32,cosine_similarity,frozen_origin,0.3,cosine_similarity,0.978991596639,0.00118483412322,0.346786439419,0.346786439419,0.978991596639,0.978991596639,1,0.991596638655,0.991596638655,3,1688,0.00177725118483,2,1688,0.00118483412322,0.000604605803334,0.00521240427724,0.000324984408263,0.00430988180796,0.961764485681,0.98854939741,0.961764485681,0.98854939741,-0.000592417061611,-0.00177725118483,0,0,0,0,1536,0,50,865280,17305.6,0.00372717190347,268299.940518,1,0.000462107208872,0,0
lfw,arcface-7972a704552df378345f,20260829-R001-245d09db,step4_search_space_query_gallery_conditions_v6,validation_required,True,pca,pca_32,pca_direct_cosine,pca_projected_float32,pca_projected_float32,cosine_similarity,recalibrated_compressed,0.3,cosine_similarity,0.974789915966,0.159360189573,0.346786439419,0.475541591644,0.978991596639,0.976890756303,0.997854077253,0.991596638655,0.993697478992,3,1688,0.00177725118483,269,1688,0.159360189573,0.000604605803334,0.00521240427724,0.142675827561,0.177591450437,0.961764485681,0.98854939741,0.956456737673,0.985521058724,0.157582938389,0.140402843602,0.17418542654,-0.00420168067227,-0.0105042016807,0,128,0,50,73984,1479.68,0.00202814232938,493062.042794,0,0,268,0.123844731978
lfw,arcface-7972a704552df378345f,20260829-R001-245d09db,step4_search_space_query_gallery_conditions_v6,validation_required,True,pca,pca_64,pca_direct_cosine,pca_projected_float32,pca_projected_float32,cosine_similarity,recalibrated_compressed,0.3,cosine_similarity,0.978991596639,0.0971563981043,0.346786439419,0.372847080231,0.978991596639,0.978991596639,1,0.991596638655,0.991596638655,3,1688,0.00177725118483,164,1688,0.0971563981043,0.000604605803334,0.00521240427724,0.0839287715664,0.112213400675,0.961764485681,0.98854939741,0.961764485681,0.98854939741,0.0953791469194,0.0817535545024,0.109004739336,0,0,0,256,0,50,145920,2918.4,0.00274935304965,363721.93092,0,0,161,0.0743992606285
lfw,arcface-7972a704552df378345f,20260829-R001-245d09db,step4_search_space_query_gallery_conditions_v6,validation_required,True,pca,pca_128,pca_direct_cosine,pca_projected_float32,pca_projected_float32,cosine_similarity,recalibrated_compressed,0.3,cosine_similarity,0.978991596639,0.164691943128,0.346786439419,0.257835447788,0.978991596639,0.978991596639,1,0.991596638655,0.995798319328,3,1688,0.00177725118483,278,1688,0.164691943128,0.000604605803334,0.00521240427724,0.147763183616,0.183143389161,0.961764485681,0.98854939741,0.961764485681,0.98854939741,0.162914691943,0.145734597156,0.18009478673,0,0,0,512,0,50,289792,5795.84,0.00292389094252,342010.020093,0,0,275,0.12707948244
lfw,arcface-7972a704552df378345f,20260829-R001-245d09db,step4_search_space_query_gallery_conditions_v6,validation_required,True,pca,pca_256,pca_direct_cosine,pca_projected_float32,pca_projected_float32,cosine_similarity,recalibrated_compressed,0.3,cosine_similarity,0.978991596639,0.00118483412322,0.346786439419,0.351331949234,0.978991596639,0.978991596639,1,0.991596638655,0.991596638655,3,1688,0.00177725118483,2,1688,0.00118483412322,0.000604605803334,0.00521240427724,0.000324984408263,0.00430988180796,0.961764485681,0.98854939741,0.961764485681,0.98854939741,-0.000592417061611,-0.00177725118483,0,0,0,0,1024,0,50,577536,11550.72,0.00270730129454,369371.52212,1,0.000462107208872,0,0
lfw,arcface-7972a704552df378345f,20260829-R001-245d09db,step4_search_space_query_gallery_conditions_v6,validation_required,True,pca,pca_384,pca_direct_cosine,pca_projected_float32,pca_projected_float32,cosine_similarity,recalibrated_compressed,0.3,cosine_similarity,0.978991596639,0.00118483412322,0.346786439419,0.354011148214,0.978991596639,0.978991596639,1,0.991596638655,0.991596638655,3,1688,0.00177725118483,2,1688,0.00118483412322,0.000604605803334,0.00521240427724,0.000324984408263,0.00430988180796,0.961764485681,0.98854939741,0.961764485681,0.98854939741,-0.000592417061611,-0.00177725118483,0,0,0,0,1536,0,50,865280,17305.6,0.00372717190347,268299.940518,1,0.000462107208872,0,0
lfw,arcface-7972a704552df378345f,20260829-R001-245d09db,step4_search_space_query_gallery_conditions_v6,validation_required,True,pca,pca_32,pca_reconstruction_cosine,pca_reconstructed_float32,pca_reconstructed_float32,cosine_similarity,frozen_origin,0.3,cosine_similarity,0.974789915966,0.818720379147,0.346786439419,0.346786439419,0.978991596639,0.978991596639,1,0.991596638655,0.991596638655,3,1688,0.00177725118483,1382,1688,0.818720379147,0.000604605803334,0.00521240427724,0.799625066867,0.836368332154,0.961764485681,0.98854939741,0.956456737673,0.985521058724,0.816943127962,0.797985781991,0.83471563981,-0.00420168067227,-0.0105042016807,0,128,0,50,73984,1479.68,0.0124331330874,80430.2497988,0,0,1388,0.641404805915
lfw,arcface-7972a704552df378345f,20260829-R001-245d09db,step4_search_space_query_gallery_conditions_v6,validation_required,True,pca,pca_64,pca_reconstruction_cosine,pca_reconstructed_float32,pca_reconstructed_float32,cosine_similarity,frozen_origin,0.3,cosine_similarity,0.978991596639,0.193127962085,0.346786439419,0.346786439419,0.978991596639,0.978991596639,1,0.991596638655,0.991596638655,3,1688,0.00177725118483,326,1688,0.193127962085,0.000604605803334,0.00521240427724,0.175001648857,0.212647829409,0.961764485681,0.98854939741,0.961764485681,0.98854939741,0.1913507109,0.173578199052,0.20971563981,0,0,0,256,0,50,145920,2918.4,0.00373142329022,267994.253727,0,0,323,0.149260628466
lfw,arcface-7972a704552df378345f,20260829-R001-245d09db,step4_search_space_query_gallery_conditions_v6,validation_required,True,pca,pca_128,pca_reconstruction_cosine,pca_reconstructed_float32,pca_reconstructed_float32,cosine_similarity,frozen_origin,0.3,cosine_similarity,0.978991596639,0.00947867298578,0.346786439419,0.346786439419,0.978991596639,0.978991596639,1,0.991596638655,0.995798319328,3,1688,0.00177725118483,16,1688,0.00947867298578,0.000604605803334,0.00521240427724,0.0058428562174,0.0153420240997,0.961764485681,0.98854939741,0.961764485681,0.98854939741,0.00770142180095,0.00414691943128,0.0124407582938,0,0,0,512,0,50,289792,5795.84,0.00756876155225,132122.011388,0,0,13,0.00600739371534
lfw,arcface-7972a704552df378345f,20260829-R001-245d09db,step4_search_space_query_gallery_conditions_v6,validation_required,True,pca,pca_256,pca_reconstruction_cosine,pca_reconstructed_float32,pca_reconstructed_float32,cosine_similarity,frozen_origin,0.3,cosine_similarity,0.978991596639,0.00177725118483,0.346786439419,0.346786439419,0.978991596639,0.978991596639,1,0.991596638655,0.991596638655,3,1688,0.00177725118483,3,1688,0.00177725118483,0.000604605803334,0.00521240427724,0.000604605803334,0.00521240427724,0.961764485681,0.98854939741,0.961764485681,0.98854939741,0,0,0,0,0,0,1024,0,50,577536,11550.72,0.0124196395558,80517.6346305,0,0,0,0
lfw,arcface-7972a704552df378345f,20260829-R001-245d09db,step4_search_space_query_gallery_conditions_v6,validation_required,True,pca,pca_384,pca_reconstruction_cosine,pca_reconstructed_float32,pca_reconstructed_float32,cosine_similarity,frozen_origin,0.3,cosine_similarity,0.978991596639,0.00177725118483,0.346786439419,0.346786439419,0.978991596639,0.978991596639,1,0.991596638655,0.991596638655,3,1688,0.00177725118483,3,1688,0.00177725118483,0.000604605803334,0.00521240427724,0.000604605803334,0.00521240427724,0.961764485681,0.98854939741,0.961764485681,0.98854939741,0,0,0,0,0,0,1536,0,50,865280,17305.6,0.00456386321616,219112.614168,0,0,0,0
lfw,arcface-7972a704552df378345f,20260829-R001-245d09db,step4_search_space_query_gallery_conditions_v6,validation_required,True,pca,pca_32,pca_reconstruction_cosine,pca_reconstructed_float32,pca_reconstructed_float32,cosine_similarity,recalibrated_compressed,0.3,cosine_similarity,0.974789915966,0.202606635071,0.346786439419,0.468188107014,0.978991596639,0.976890756303,0.997854077253,0.991596638655,0.991596638655,3,1688,0.00177725118483,342,1688,0.202606635071,0.000604605803334,0.00521240427724,0.184117228782,0.222446551314,0.961764485681,0.98854939741,0.956456737673,0.985521058724,0.200829383886,0.183056872038,0.219786729858,-0.00420168067227,-0.0105042016807,0,128,0,50,73984,1479.68,0.0124331330874,80430.2497988,0,0,342,0.158040665434
lfw,arcface-7972a704552df378345f,20260829-R001-245d09db,step4_search_space_query_gallery_conditions_v6,validation_required,True,pca,pca_64,pca_reconstruction_cosine,pca_reconstructed_float32,pca_reconstructed_float32,cosine_similarity,recalibrated_compressed,0.3,cosine_similarity,0.978991596639,0.0977488151659,0.346786439419,0.374345481396,0.978991596639,0.978991596639,1,0.991596638655,0.991596638655,3,1688,0.00177725118483,165,1688,0.0977488151659,0.000604605803334,0.00521240427724,0.084481694072,0.112842622033,0.961764485681,0.98854939741,0.961764485681,0.98854939741,0.095971563981,0.082345971564,0.109597156398,0,0,0,256,0,50,145920,2918.4,0.00373142329022,267994.253727,0,0,162,0.0748613678373
lfw,arcface-7972a704552df378345f,20260829-R001-245d09db,step4_search_space_query_gallery_conditions_v6,validation_required,True,pca,pca_128,pca_reconstruction_cosine,pca_reconstructed_float32,pca_reconstructed_float32,cosine_similarity,recalibrated_compressed,0.3,cosine_similarity,0.978991596639,0.177725118483,0.346786439419,0.256782829762,0.978991596639,0.978991596639,1,0.991596638655,0.995798319328,3,1688,0.00177725118483,300,1688,0.177725118483,0.000604605803334,0.00521240427724,0.160226254456,0.196687483337,0.961764485681,0.98854939741,0.961764485681,0.98854939741,0.175947867299,0.15817535545,0.193720379147,0,0,0,512,0,50,289792,5795.84,0.00756876155225,132122.011388,0,0,298,0.137707948244
lfw,arcface-7972a704552df378345f,20260829-R001-245d09db,step4_search_space_query_gallery_conditions_v6,validation_required,True,pca,pca_256,pca_reconstruction_cosine,pca_reconstructed_float32,pca_reconstructed_float32,cosine_similarity,recalibrated_compressed,0.3,cosine_similarity,0.978991596639,0.00236966824645,0.346786439419,0.344007074833,0.978991596639,0.978991596639,1,0.991596638655,0.991596638655,3,1688,0.00177725118483,4,1688,0.00236966824645,0.000604605803334,0.00521240427724,0.000921891687168,0.00607726225776,0.961764485681,0.98854939741,0.961764485681,0.98854939741,0.000592417061611,0,0.00177725118483,0,0,0,1024,0,50,577536,11550.72,0.0124196395558,80517.6346305,0,0,1,0.000462107208872
lfw,arcface-7972a704552df378345f,20260829-R001-245d09db,step4_search_space_query_gallery_conditions_v6,validation_required,True,pca,pca_384,pca_reconstruction_cosine,pca_reconstructed_float32,pca_reconstructed_float32,cosine_similarity,recalibrated_compressed,0.3,cosine_similarity,0.978991596639,0.00177725118483,0.346786439419,0.346800774336,0.978991596639,0.978991596639,1,0.991596638655,0.991596638655,3,1688,0.00177725118483,3,1688,0.00177725118483,0.000604605803334,0.00521240427724,0.000604605803334,0.00521240427724,0.961764485681,0.98854939741,0.961764485681,0.98854939741,0,0,0,0,0,0,1536,0,50,865280,17305.6,0.00456386321616,219112.614168,0,0,0,0
lfw,arcface-7972a704552df378345f,20260829-R001-245d09db,step4_search_space_query_gallery_conditions_v6,validation_required,True,pq,pq_512_m8_b8,pq_adc_exhaustive,origin_float32,pq_code,squared_l2_asymmetric,recalibrated_compressed,0.3,negative_squared_l2_adc,0.976890756303,0.3163507109,0.346786439419,-1.09610962868,0.978991596639,0.978991596639,1,0.991596638655,0.993697478992,3,1688,0.00177725118483,534,1688,0.3163507109,0.000604605803334,0.00521240427724,0.294603798783,0.338931603268,0.961764485681,0.98854939741,0.959097733567,0.987048106177,0.314573459716,0.292654028436,0.336492890995,-0.00210084033613,-0.0063025210084,0,8,524288,50,524688,10493.76,0.00493951016617,202449.223984,0,0,534,0.246765249538
lfw,arcface-7972a704552df378345f,20260829-R001-245d09db,step4_search_space_query_gallery_conditions_v6,validation_required,True,pq,pq_512_m16_b8,pq_adc_exhaustive,origin_float32,pq_code,squared_l2_asymmetric,recalibrated_compressed,0.3,negative_squared_l2_adc,0.978991596639,0.190165876777,0.346786439419,-1.17481207848,0.978991596639,0.978991596639,1,0.991596638655,0.993697478992,3,1688,0.00177725118483,321,1688,0.190165876777,0.000604605803334,0.00521240427724,0.172156539034,0.20958221991,0.961764485681,0.98854939741,0.961764485681,0.98854939741,0.188388625592,0.170601303318,0.206753554502,0,0,0,16,524288,50,525088,10501.76,0.0094545286508,105769.418755,0,0,320,0.147874306839
lfw,arcface-7972a704552df378345f,20260829-R001-245d09db,step4_search_space_query_gallery_conditions_v6,validation_required,True,pq,pq_512_m32_b8,pq_adc_exhaustive,origin_float32,pq_code,squared_l2_asymmetric,recalibrated_compressed,0.3,negative_squared_l2_adc,0.978991596639,0.0136255924171,0.346786439419,-1.20511007309,0.978991596639,0.978991596639,1,0.991596638655,0.991596638655,3,1688,0.00177725118483,23,1688,0.0136255924171,0.000604605803334,0.00521240427724,0.00909647046764,0.0203634169,0.961764485681,0.98854939741,0.961764485681,0.98854939741,0.0118483412322,0.00710900473934,0.0177725118483,0,0,0,32,524288,50,525888,10517.76,0.0173387707944,57674.2153095,0,0,20,0.00924214417745
lfw,arcface-7972a704552df378345f,20260829-R001-245d09db,step4_search_space_query_gallery_conditions_v6,validation_required,True,pq,pq_512_m64_b8,pq_adc_exhaustive,origin_float32,pq_code,squared_l2_asymmetric,recalibrated_compressed,0.3,negative_squared_l2_adc,0.978991596639,0.00296208530806,0.346786439419,-1.2187114954,0.978991596639,0.978991596639,1,0.991596638655,0.995798319328,3,1688,0.00177725118483,5,1688,0.00296208530806,0.000604605803334,0.00521240427724,0.00126586908499,0.00691542872429,0.961764485681,0.98854939741,0.961764485681,0.98854939741,0.00118483412322,0,0.00296208530806,0,0,0,64,524288,50,527488,10549.76,0.0269804528651,37063.8700914,0,0,2,0.000924214417745
lfw,arcface-7972a704552df378345f,20260829-R001-245d09db,step4_search_space_query_gallery_conditions_v6,validation_required,True,pq,pq_512_m128_b8,pq_adc_exhaustive,origin_float32,pq_code,squared_l2_asymmetric,recalibrated_compressed,0.3,negative_squared_l2_adc,0.978991596639,0.000592417061611,0.346786439419,-1.2625079155,0.978991596639,0.978991596639,1,0.991596638655,0.991596638655,3,1688,0.00177725118483,1,1688,0.000592417061611,0.000604605803334,0.00521240427724,0.000104583813744,0.00334813853813,0.961764485681,0.98854939741,0.961764485681,0.98854939741,-0.00118483412322,-0.00296208530806,0,0,0,0,128,524288,50,530688,10613.76,0.0431522181146,23173.7797891,2,0.000924214417745,0,0
lfw,arcface-7972a704552df378345f,20260829-R001-245d09db,step4_search_space_query_gallery_conditions_v6,validation_required,True,pq,pq_512_m8_b8,pq_one_sided_cosine,origin_float32,pq_reconstructed_float32,cosine_similarity,frozen_origin,0.3,cosine_similarity,0.149159663866,0,0.346786439419,0.346786439419,0.978991596639,0.149159663866,0.152360515021,0.991596638655,0.993697478992,3,1688,0.00177725118483,0,1688,0,0.000604605803334,0.00521240427724,0,0.00227057848752,0.961764485681,0.98854939741,0.119969964183,0.183966796887,-0.00177725118483,-0.00414691943128,0,-0.829831932773,-0.861344537815,-0.798319327731,8,524288,50,524688,10493.76,0.00392024029614,255086.404011,398,0.183918669131,0,0
lfw,arcface-7972a704552df378345f,20260829-R001-245d09db,step4_search_space_query_gallery_conditions_v6,validation_required,True,pq,pq_512_m16_b8,pq_one_sided_cosine,origin_float32,pq_reconstructed_float32,cosine_similarity,frozen_origin,0.3,cosine_similarity,0.901260504202,0.000592417061611,0.346786439419,0.346786439419,0.978991596639,0.901260504202,0.920600858369,0.991596638655,0.993697478992,3,1688,0.00177725118483,1,1688,0.000592417061611,0.000604605803334,0.00521240427724,0.000104583813744,0.00334813853813,0.961764485681,0.98854939741,0.871164220314,0.924932058942,-0.00118483412322,-0.00296208530806,0,-0.077731092437,-0.100840336134,-0.0546218487395,16,524288,50,525088,10501.76,0.00433054528677,230917.802212,39,0.018022181146,0,0
lfw,arcface-7972a704552df378345f,20260829-R001-245d09db,step4_search_space_query_gallery_conditions_v6,validation_required,True,pq,pq_512_m32_b8,pq_one_sided_cosine,origin_float32,pq_reconstructed_float32,cosine_similarity,frozen_origin,0.3,cosine_similarity,0.97268907563,0.000592417061611,0.346786439419,0.346786439419,0.978991596639,0.97268907563,0.99356223176,0.991596638655,0.989495798319,3,1688,0.00177725118483,1,1688,0.000592417061611,0.000604605803334,0.00521240427724,0.000104583813744,0.00334813853813,0.961764485681,0.98854939741,0.953838641232,0.983971111818,-0.00118483412322,-0.00296208530806,0,-0.0063025210084,-0.0147058823529,0,32,524288,50,525888,10517.76,0.00892116451064,112092.98952,5,0.00231053604436,0,0
lfw,arcface-7972a704552df378345f,20260829-R001-245d09db,step4_search_space_query_gallery_conditions_v6,validation_required,True,pq,pq_512_m64_b8,pq_one_sided_cosine,origin_float32,pq_reconstructed_float32,cosine_similarity,frozen_origin,0.3,cosine_similarity,0.978991596639,0.000592417061611,0.346786439419,0.346786439419,0.978991596639,0.978991596639,1,0.991596638655,0.993697478992,3,1688,0.00177725118483,1,1688,0.000592417061611,0.000604605803334,0.00521240427724,0.000104583813744,0.00334813853813,0.961764485681,0.98854939741,0.961764485681,0.98854939741,-0.00118483412322,-0.00296208530806,0,0,0,0,64,524288,50,527488,10549.76,0.00400101663602,249936.476394,2,0.000924214417745,0,0
lfw,arcface-7972a704552df378345f,20260829-R001-245d09db,step4_search_space_query_gallery_conditions_v6,validation_required,True,pq,pq_512_m128_b8,pq_one_sided_cosine,origin_float32,pq_reconstructed_float32,cosine_similarity,frozen_origin,0.3,cosine_similarity,0.978991596639,0.000592417061611,0.346786439419,0.346786439419,0.978991596639,0.978991596639,1,0.991596638655,0.991596638655,3,1688,0.00177725118483,1,1688,0.000592417061611,0.000604605803334,0.00521240427724,0.000104583813744,0.00334813853813,0.961764485681,0.98854939741,0.961764485681,0.98854939741,-0.00118483412322,-0.00296208530806,0,0,0,0,128,524288,50,530688,10613.76,0.00420365064763,237888.465009,2,0.000924214417745,0,0
lfw,arcface-7972a704552df378345f,20260829-R001-245d09db,step4_search_space_query_gallery_conditions_v6,validation_required,True,pq,pq_512_m8_b8,pq_one_sided_cosine,origin_float32,pq_reconstructed_float32,cosine_similarity,recalibrated_compressed,0.3,cosine_similarity,0.976890756303,0.43009478673,0.346786439419,0.131749823689,0.978991596639,0.978991596639,1,0.991596638655,0.993697478992,3,1688,0.00177725118483,726,1688,0.43009478673,0.000604605803334,0.00521240427724,0.406661689448,0.453845334559,0.961764485681,0.98854939741,0.959097733567,0.987048106177,0.428317535545,0.405213270142,0.451421800948,-0.00210084033613,-0.0063025210084,0,8,524288,50,524688,10493.76,0.00392024029614,255086.404011,0,0,725,0.335027726433
lfw,arcface-7972a704552df378345f,20260829-R001-245d09db,step4_search_space_query_gallery_conditions_v6,validation_required,True,pq,pq_512_m16_b8,pq_one_sided_cosine,origin_float32,pq_reconstructed_float32,cosine_similarity,recalibrated_compressed,0.3,cosine_similarity,0.978991596639,0.135663507109,0.346786439419,0.160874024034,0.978991596639,0.978991596639,1,0.991596638655,0.993697478992,3,1688,0.00177725118483,229,1688,0.135663507109,0.000604605803334,0.00521240427724,0.120152771282,0.152828752142,0.961764485681,0.98854939741,0.961764485681,0.98854939741,0.133886255924,0.117890995261,0.150473933649,0,0,0,16,524288,50,525088,10501.76,0.00433054528677,230917.802212,0,0,226,0.104436229205
lfw,arcface-7972a704552df378345f,20260829-R001-245d09db,step4_search_space_query_gallery_conditions_v6,validation_required,True,pq,pq_512_m32_b8,pq_one_sided_cosine,origin_float32,pq_reconstructed_float32,cosine_similarity,recalibrated_compressed,0.3,cosine_similarity,0.978991596639,0.0195497630332,0.346786439419,0.215366095304,0.978991596639,0.978991596639,1,0.991596638655,0.989495798319,3,1688,0.00177725118483,33,1688,0.0195497630332,0.000604605803334,0.00521240427724,0.013953994598,0.0273273314131,0.961764485681,0.98854939741,0.961764485681,0.98854939741,0.0177725118483,0.0118483412322,0.0242890995261,0,0,0,32,524288,50,525888,10517.76,0.00892116451064,112092.98952,0,0,30,0.0138632162662
lfw,arcface-7972a704552df378345f,20260829-R001-245d09db,step4_search_space_query_gallery_conditions_v6,validation_required,True,pq,pq_512_m64_b8,pq_one_sided_cosine,origin_float32,pq_reconstructed_float32,cosine_similarity,recalibrated_compressed,0.3,cosine_similarity,0.978991596639,0.00355450236967,0.346786439419,0.28785443306,0.978991596639,0.978991596639,1,0.991596638655,0.993697478992,3,1688,0.00177725118483,6,1688,0.00355450236967,0.000604605803334,0.00521240427724,0.00163004744464,0.00773339422899,0.961764485681,0.98854939741,0.961764485681,0.98854939741,0.00177725118483,0,0.00414691943128,0,0,0,64,524288,50,527488,10549.76,0.00400101663602,249936.476394,0,0,3,0.00138632162662
lfw,arcface-7972a704552df378345f,20260829-R001-245d09db,step4_search_space_query_gallery_conditions_v6,validation_required,True,pq,pq_512_m128_b8,pq_one_sided_cosine,origin_float32,pq_reconstructed_float32,cosine_similarity,recalibrated_compressed,0.3,cosine_similarity,0.978991596639,0.00296208530806,0.346786439419,0.319215893745,0.978991596639,0.978991596639,1,0.991596638655,0.991596638655,3,1688,0.00177725118483,5,1688,0.00296208530806,0.000604605803334,0.00521240427724,0.00126586908499,0.00691542872429,0.961764485681,0.98854939741,0.961764485681,0.98854939741,0.00118483412322,0,0.00296208530806,0,0,0,128,524288,50,530688,10613.76,0.00420365064763,237888.465009,0,0,2,0.000924214417745
lfw,arcface-7972a704552df378345f,20260829-R001-245d09db,step4_search_space_query_gallery_conditions_v6,validation_required,True,pq,pq_512_m8_b8,pq_reconstruction_cosine,pq_reconstructed_float32,pq_reconstructed_float32,cosine_similarity,frozen_origin,0.3,cosine_similarity,0.607142857143,0.00592417061611,0.346786439419,0.346786439419,0.978991596639,0.607142857143,0.62017167382,0.991596638655,0.981092436975,3,1688,0.00177725118483,10,1688,0.00592417061611,0.000604605803334,0.00521240427724,0.00322107366682,0.0108709434642,0.961764485681,0.98854939741,0.562578645642,0.64999156505,0.00414691943128,0.000592417061611,0.00770142180095,-0.371848739496,-0.415966386555,-0.327731092437,8,524288,50,524688,10493.76,0.00348216266176,287177.853861,178,0.0822550831793,8,0.00369685767098
lfw,arcface-7972a704552df378345f,20260829-R001-245d09db,step4_search_space_query_gallery_conditions_v6,validation_required,True,pq,pq_512_m16_b8,pq_reconstruction_cosine,pq_reconstructed_float32,pq_reconstructed_float32,cosine_similarity,frozen_origin,0.3,cosine_similarity,0.689075630252,0.000592417061611,0.346786439419,0.346786439419,0.978991596639,0.689075630252,0.703862660944,0.991596638655,0.993697478992,3,1688,0.00177725118483,1,1688,0.000592417061611,0.000604605803334,0.00521240427724,0.000104583813744,0.00334813853813,0.961764485681,0.98854939741,0.646119072407,0.729004828813,-0.00118483412322,-0.00355450236967,0.00118483412322,-0.289915966387,-0.329884453782,-0.25,16,524288,50,525088,10501.76,0.00274597966739,364168.756191,141,0.065157116451,1,0.000462107208872
lfw,arcface-7972a704552df378345f,20260829-R001-245d09db,step4_search_space_query_gallery_conditions_v6,validation_required,True,pq,pq_512_m32_b8,pq_reconstruction_cosine,pq_reconstructed_float32,pq_reconstructed_float32,cosine_similarity,frozen_origin,0.3,cosine_similarity,0.920168067227,0.000592417061611,0.346786439419,0.346786439419,0.978991596639,0.920168067227,0.93991416309,0.991596638655,0.985294117647,3,1688,0.00177725118483,1,1688,0.000592417061611,0.000604605803334,0.00521240427724,0.000104583813744,0.00334813853813,0.961764485681,0.98854939741,0.892321635543,0.941287033836,-0.00118483412322,-0.00296208530806,0,-0.0588235294118,-0.0798319327731,-0.0399159663866,32,524288,50,525888,10517.76,0.00325970425209,306776.29707,30,0.0138632162662,0,0
lfw,arcface-7972a704552df378345f,20260829-R001-245d09db,step4_search_space_query_gallery_conditions_v6,validation_required,True,pq,pq_512_m64_b8,pq_reconstruction_cosine,pq_reconstructed_float32,pq_reconstructed_float32,cosine_similarity,frozen_origin,0.3,cosine_similarity,0.974789915966,0.000592417061611,0.346786439419,0.346786439419,0.978991596639,0.974789915966,0.995708154506,0.991596638655,0.995798319328,3,1688,0.00177725118483,1,1688,0.000592417061611,0.000604605803334,0.00521240427724,0.000104583813744,0.00334813853813,0.961764485681,0.98854939741,0.956456737673,0.985521058724,-0.00118483412322,-0.00296208530806,0,-0.00420168067227,-0.0105042016807,0,64,524288,50,527488,10549.76,0.00314995378897,317464.974725,4,0.00184842883549,0,0
lfw,arcface-7972a704552df378345f,20260829-R001-245d09db,step4_search_space_query_gallery_conditions_v6,validation_required,True,pq,pq_512_m128_b8,pq_reconstruction_cosine,pq_reconstructed_float32,pq_reconstructed_float32,cosine_similarity,frozen_origin,0.3,cosine_similarity,0.978991596639,0.000592417061611,0.346786439419,0.346786439419,0.978991596639,0.978991596639,1,0.991596638655,0.991596638655,3,1688,0.00177725118483,1,1688,0.000592417061611,0.000604605803334,0.00521240427724,0.000104583813744,0.00334813853813,0.961764485681,0.98854939741,0.961764485681,0.98854939741,-0.00118483412322,-0.00296208530806,0,0,0,0,128,524288,50,530688,10613.76,0.00299385397376,334017.627034,2,0.000924214417745,0,0
lfw,arcface-7972a704552df378345f,20260829-R001-245d09db,step4_search_space_query_gallery_conditions_v6,validation_required,True,pq,pq_512_m8_b8,pq_reconstruction_cosine,pq_reconstructed_float32,pq_reconstructed_float32,cosine_similarity,recalibrated_compressed,0.3,cosine_similarity,0.861344537815,0.452606635071,0.346786439419,0.17881667614,0.978991596639,0.897058823529,0.916309012876,0.991596638655,0.981092436975,3,1688,0.00177725118483,764,1688,0.452606635071,0.000604605803334,0.00521240427724,0.428995978519,0.476432512333,0.961764485681,0.98854939741,0.827395518736,0.88950793693,0.450829383886,0.427132701422,0.475118483412,-0.117647058824,-0.147058823529,-0.0903361344538,8,524288,50,524688,10493.76,0.00348216266176,287177.853861,26,0.0120147874307,766,0.353974121996
lfw,arcface-7972a704552df378345f,20260829-R001-245d09db,step4_search_space_query_gallery_conditions_v6,validation_required,True,pq,pq_512_m16_b8,pq_reconstruction_cosine,pq_reconstructed_float32,pq_reconstructed_float32,cosine_similarity,recalibrated_compressed,0.3,cosine_similarity,0.974789915966,0.459123222749,0.346786439419,0.137268364429,0.978991596639,0.981092436975,1.00214592275,0.991596638655,0.993697478992,3,1688,0.00177725118483,775,1688,0.459123222749,0.000604605803334,0.00521240427724,0.43547031492,0.48296175844,0.961764485681,0.98854939741,0.956456737673,0.985521058724,0.457345971564,0.434241706161,0.481042654028,-0.00420168067227,-0.0147058823529,0.0063025210084,16,524288,50,525088,10501.76,0.00274597966739,364168.756191,1,0.000462107208872,780,0.360443622921
lfw,arcface-7972a704552df378345f,20260829-R001-245d09db,step4_search_space_query_gallery_conditions_v6,validation_required,True,pq,pq_512_m32_b8,pq_reconstruction_cosine,pq_reconstructed_float32,pq_reconstructed_float32,cosine_similarity,recalibrated_compressed,0.3,cosine_similarity,0.978991596639,0.310426540284,0.346786439419,0.139829546213,0.978991596639,0.981092436975,1.00214592275,0.991596638655,0.985294117647,3,1688,0.00177725118483,524,1688,0.310426540284,0.000604605803334,0.00521240427724,0.28880636646,0.332907596947,0.961764485681,0.98854939741,0.961764485681,0.98854939741,0.3086492891,0.28672985782,0.330568720379,0,0,0,32,524288,50,525888,10517.76,0.00325970425209,306776.29707,0,0,522,0.241219963031
lfw,arcface-7972a704552df378345f,20260829-R001-245d09db,step4_search_space_query_gallery_conditions_v6,validation_required,True,pq,pq_512_m64_b8,pq_reconstruction_cosine,pq_reconstructed_float32,pq_reconstructed_float32,cosine_similarity,recalibrated_compressed,0.3,cosine_similarity,0.978991596639,0.00355450236967,0.346786439419,0.252279132605,0.978991596639,0.978991596639,1,0.991596638655,0.995798319328,3,1688,0.00177725118483,6,1688,0.00355450236967,0.000604605803334,0.00521240427724,0.00163004744464,0.00773339422899,0.961764485681,0.98854939741,0.961764485681,0.98854939741,0.00177725118483,-0.000592417061611,0.00473933649289,0,0,0,64,524288,50,527488,10549.76,0.00314995378897,317464.974725,1,0.000462107208872,4,0.00184842883549
lfw,arcface-7972a704552df378345f,20260829-R001-245d09db,step4_search_space_query_gallery_conditions_v6,validation_required,True,pq,pq_512_m128_b8,pq_reconstruction_cosine,pq_reconstructed_float32,pq_reconstructed_float32,cosine_similarity,recalibrated_compressed,0.3,cosine_similarity,0.978991596639,0.00118483412322,0.346786439419,0.313377559185,0.978991596639,0.978991596639,1,0.991596638655,0.991596638655,3,1688,0.00177725118483,2,1688,0.00118483412322,0.000604605803334,0.00521240427724,0.000324984408263,0.00430988180796,0.961764485681,0.98854939741,0.961764485681,0.98854939741,-0.000592417061611,-0.00177725118483,0,0,0,0,128,524288,50,530688,10613.76,0.00299385397376,334017.627034,1,0.000462107208872,0,0
lfw,arcface-7972a704552df378345f,20260829-R001-245d09db,step4_search_space_query_gallery_conditions_v6,validation_required,True,pq,pq_512_m128_b8,pq_sdc_exhaustive,pq_code,pq_code,squared_l2_symmetric,recalibrated_compressed,0.3,negative_squared_l2_sdc,0.978991596639,0.000592417061611,0.346786439419,-1.18789255619,0.978991596639,0.978991596639,1,0.991596638655,0.991596638655,3,1688,0.00177725118483,1,1688,0.000592417061611,0.000604605803334,0.00521240427724,0.000104583813744,0.00334813853813,0.961764485681,0.98854939741,0.961764485681,0.98854939741,-0.00118483412322,-0.00296208530806,0,0,0,0,128,524288,50,530688,10613.76,0.0425194547135,23518.6459172,2,0.000924214417745,0,0
rfw_custom,arcface-7972a704552df378345f,20260829-R001-f57bd24c,step4_search_space_query_gallery_conditions_v6,validation_required,True,pca,pca_32,pca_direct_cosine,pca_projected_float32,pca_projected_float32,cosine_similarity,frozen_origin,0.01,cosine_similarity,0.856636597938,1,0.380722105503,0.380722105503,0.991945876289,0.977448453608,0.985384865216,1,0.978737113402,115,11959,0.00961618864454,11959,11959,1,0.00801780729606,0.0115295100888,0.999678884082,1,0.988137039468,0.994538570104,0.843867171381,0.868524380549,0.990383811355,0.988625721214,0.992056191989,-0.135309278351,-0.147229381443,-0.123389175258,128,0,1200,221184,184.32,0.0815934076879,12255.8920915,0,0,11869,0.787957246232
rfw_custom,arcface-7972a704552df378345f,20260829-R001-f57bd24c,step4_search_space_query_gallery_conditions_v6,validation_required,True,pca,pca_64,pca_direct_cosine,pca_projected_float32,pca_projected_float32,cosine_similarity,frozen_origin,0.01,cosine_similarity,0.981958762887,0.761351283552,0.380722105503,0.380722105503,0.991945876289,0.990012886598,0.998051315362,1,0.998389175258,115,11959,0.00961618864454,9105,11959,0.761351283552,0.00801780729606,0.0115295100888,0.753628487674,0.768906231316,0.988137039468,0.994538570104,0.976645779448,0.986080292536,0.751735094908,0.744125763024,0.759430136299,-0.00998711340206,-0.0144974226804,-0.00547680412371,256,0,1200,440320,366.933333333,0.0784534355707,12746.4143887,14,0.000929429728474,9022,0.598951072164
rfw_custom,arcface-7972a704552df378345f,20260829-R001-f57bd24c,step4_search_space_query_gallery_conditions_v6,validation_required,True,pca,pca_128,pca_direct_cosine,pca_projected_float32,pca_projected_float32,cosine_similarity,frozen_origin,0.01,cosine_similarity,0.993234536082,0.0571954176771,0.380722105503,0.380722105503,0.991945876289,0.993556701031,1.00162390386,1,0.999677835052,115,11959,0.00961618864454,684,11959,0.0571954176771,0.00801780729606,0.0115295100888,0.0531739443118,0.0615012742425,0.988137039468,0.994538570104,0.989679096608,0.995570646847,0.0475792290325,0.043649134543,0.0515929425537,0.00128865979381,-0.000966494845361,0.00354381443299,512,0,1200,878592,732.16,0.0788857730862,12676.5570125,15,0.000995817566222,591,0.0392352121091
rfw_custom,arcface-7972a704552df378345f,20260829-R001-f57bd24c,step4_search_space_query_gallery_conditions_v6,validation_required,True,pca,pca_256,pca_direct_cosine,pca_projected_float32,pca_projected_float32,cosine_similarity,frozen_origin,0.01,cosine_similarity,0.99162371134,0.00986704573961,0.380722105503,0.380722105503,0.991945876289,0.99162371134,0.999675219227,1,1,115,11959,0.00961618864454,118,11959,0.00986704573961,0.00801780729606,0.0115295100888,0.00824624134262,0.011802629124,0.988137039468,0.994538570104,0.987754736953,0.994277339149,0.000250857095075,-0.000418095158458,0.000836190316916,-0.000322164948454,-0.00161082474227,0.000644329896907,1024,0,1200,1755136,1462.61333333,0.0805800371771,12410.0215765,7,0.000464714864237,9,0.000597490539733
rfw_custom,arcface-7972a704552df378345f,20260829-R001-f57bd24c,step4_search_space_query_gallery_conditions_v6,validation_required,True,pca,pca_384,pca_direct_cosine,pca_projected_float32,pca_projected_float32,cosine_similarity,frozen_origin,0.01,cosine_similarity,0.99162371134,0.00928171251777,0.380722105503,0.380722105503,0.991945876289,0.99162371134,0.999675219227,1,1,115,11959,0.00961618864454,111,11959,0.00928171251777,0.00801780729606,0.0115295100888,0.00771369671214,0.0111648832304,0.988137039468,0.994538570104,0.987754736953,0.994277339149,-0.000334476126766,-0.0010034283803,0.000250857095075,-0.000322164948454,-0.00161082474227,0.000644329896907,1536,0,1200,2631680,2193.06666667,0.084203226449,11876.0294845,11,0.000730266215229,6,0.000398327026489
rfw_custom,arcface-7972a704552df378345f,20260829-R001-f57bd24c,step4_search_space_query_gallery_conditions_v6,validation_required,True,pca,pca_32,pca_direct_cosine,pca_projected_float32,pca_projected_float32,cosine_similarity,recalibrated_compressed,0.01,cosine_similarity,0.605992268041,0.0105359979931,0.380722105503,0.680251836777,0.991945876289,0.605992268041,0.610912633972,1,0.978737113402,115,11959,0.00961618864454,126,11959,0.0105359979931,0.00801780729606,0.0115295100888,0.00885678100839,0.0125295643429,0.988137039468,0.994538570104,0.588681491444,0.623041020376,0.000919809348608,-0.00159085207793,0.00342838029936,-0.385953608247,-0.402714239691,-0.368556701031,128,0,1200,221184,184.32,0.0815934076879,12255.8920915,1301,0.0863705769103,124,0.00823209188077
rfw_custom,arcface-7972a704552df378345f,20260829-R001-f57bd24c,step4_search_space_query_gallery_conditions_v6,validation_required,True,pca,pca_64,pca_direct_cosine,pca_projected_float32,pca_projected_float32,cosine_similarity,recalibrated_compressed,0.01,cosine_similarity,0.923324742268,0.00877999832762,0.380722105503,0.526638090611,0.991945876289,0.923969072165,0.931471256902,1,0.998389175258,115,11959,0.00961618864454,105,11959,0.00877999832762,0.00801780729606,0.0115295100888,0.00725859294791,0.0106168808312,0.988137039468,0.994538570104,0.913432304032,0.932170676307,-0.000836190316916,-0.00317752320428,0.00150514257045,-0.0686211340206,-0.077649806701,-0.0599226804124,256,0,1200,440320,366.933333333,0.0784534355707,12746.4143887,314,0.0208457810529,95,0.00630684458607
rfw_custom,arcface-7972a704552df378345f,20260829-R001-f57bd24c,step4_search_space_query_gallery_conditions_v6,validation_required,True,pca,pca_128,pca_direct_cosine,pca_projected_float32,pca_projected_float32,cosine_similarity,recalibrated_compressed,0.01,cosine_similarity,0.987113402062,0.0142988544193,0.380722105503,0.419520556927,0.991945876289,0.987113402062,0.995128288405,1,0.999677835052,115,11959,0.00961618864454,171,11959,0.0142988544193,0.00801780729606,0.0115295100888,0.0123216867557,0.0165879548216,0.988137039468,0.994538570104,0.982500595036,0.990522012477,0.00468266577473,0.00267580901413,0.00660590350364,-0.0048324742268,-0.00773195876289,-0.00225515463918,512,0,1200,878592,732.16,0.0788857730862,12676.5570125,66,0.00438159729138,107,0.00710349863905
rfw_custom,arcface-7972a704552df378345f,20260829-R001-f57bd24c,step4_search_space_query_gallery_conditions_v6,validation_required,True,pca,pca_256,pca_direct_cosine,pca_projected_float32,pca_projected_float32,cosine_similarity,recalibrated_compressed,0.01,cosine_similarity,0.991945876289,0.0101179028347,0.380722105503,0.380212783813,0.991945876289,0.991945876289,1,1,1,115,11959,0.00961618864454,121,11959,0.0101179028347,0.00801780729606,0.0115295100888,0.00847496387531,0.0120754596731,0.988137039468,0.994538570104,0.988137039468,0.994538570104,0.00050171419015,-8.36190316916e-05,0.00117066644368,0,-0.000966494845361,0.000966494845361,1024,0,1200,1755136,1462.61333333,0.0805800371771,12410.0215765,5,0.000331939188741,11,0.000730266215229
rfw_custom,arcface-7972a704552df378345f,20260829-R001-f57bd24c,step4_search_space_query_gallery_conditions_v6,validation_required,True,pca,pca_384,pca_direct_cosine,pca_projected_float32,pca_projected_float32,cosine_similarity,recalibrated_compressed,0.01,cosine_similarity,0.99162371134,0.00953256961284,0.380722105503,0.379526823759,0.991945876289,0.99162371134,0.999675219227,1,1,115,11959,0.00961618864454,114,11959,0.00953256961284,0.00801780729606,0.0115295100888,0.00794172862938,0.0114384043949,0.988137039468,0.994538570104,0.987754736953,0.994277339149,-8.36190316916e-05,-0.000752571285225,0.000585333221841,-0.000322164948454,-0.00161082474227,0.000644329896907,1536,0,1200,2631680,2193.06666667,0.084203226449,11876.0294845,10,0.000663878377481,8,0.000531102701985
rfw_custom,arcface-7972a704552df378345f,20260829-R001-f57bd24c,step4_search_space_query_gallery_conditions_v6,validation_required,True,pca,pca_32,pca_reconstruction_cosine,pca_reconstructed_float32,pca_reconstructed_float32,cosine_similarity,frozen_origin,0.01,cosine_similarity,0.854703608247,1,0.380722105503,0.380722105503,0.991945876289,0.977770618557,0.985709645989,1,0.978414948454,115,11959,0.00961618864454,11959,11959,1,0.00801780729606,0.0115295100888,0.999678884082,1,0.988137039468,0.994538570104,0.841867918582,0.866662432524,0.990383811355,0.988625721214,0.992056191989,-0.137242268041,-0.149162371134,-0.125,128,0,1200,221184,184.32,0.0846227378346,11817.1548876,0,0,11869,0.787957246232
rfw_custom,arcface-7972a704552df378345f,20260829-R001-f57bd24c,step4_search_space_query_gallery_conditions_v6,validation_required,True,pca,pca_64,pca_reconstruction_cosine,pca_reconstructed_float32,pca_reconstructed_float32,cosine_similarity,frozen_origin,0.01,cosine_similarity,0.982280927835,0.777656994732,0.380722105503,0.380722105503,0.991945876289,0.990657216495,0.998700876908,1,0.998389175258,115,11959,0.00961618864454,9300,11959,0.777656994732,0.00801780729606,0.0115295100888,0.770115921541,0.785019747761,0.988137039468,0.994538570104,0.977008371291,0.986361234164,0.768040806087,0.76026423614,0.775733757003,-0.00966494845361,-0.014175257732,-0.00547680412371,256,0,1200,440320,366.933333333,0.0898152824801,11133.9626441,13,0.000863041890726,9217,0.611896700524
rfw_custom,arcface-7972a704552df378345f,20260829-R001-f57bd24c,step4_search_space_query_gallery_conditions_v6,validation_required,True,pca,pca_128,pca_reconstruction_cosine,pca_reconstructed_float32,pca_reconstructed_float32,cosine_similarity,frozen_origin,0.01,cosine_similarity,0.993234536082,0.0617108453884,0.380722105503,0.380722105503,0.991945876289,0.993878865979,1.00194868464,1,0.999355670103,115,11959,0.00961618864454,738,11959,0.0617108453884,0.00801780729606,0.0115295100888,0.0575372782362,0.0661658957893,0.988137039468,0.994538570104,0.989679096608,0.995570646847,0.0520946567439,0.0478300861276,0.0562756083285,0.00128865979381,-0.000966494845361,0.00354381443299,512,0,1200,878592,732.16,0.0864636128264,11565.5588208,13,0.000863041890726,643,0.042687379672
rfw_custom,arcface-7972a704552df378345f,20260829-R001-f57bd24c,step4_search_space_query_gallery_conditions_v6,validation_required,True,pca,pca_256,pca_reconstruction_cosine,pca_reconstructed_float32,pca_reconstructed_float32,cosine_similarity,frozen_origin,0.01,cosine_similarity,0.991945876289,0.0108704741199,0.380722105503,0.380722105503,0.991945876289,0.991945876289,1,1,1,115,11959,0.00961618864454,130,11959,0.0108704741199,0.00801780729606,0.0115295100888,0.00916276070255,0.012892322091,0.988137039468,0.994538570104,0.988137039468,0.994538570104,0.00125428547537,0.000668952253533,0.00192323772891,0,0,0,1024,0,1200,1755136,1462.61333333,0.0832245037508,12015.6919529,0,0,15,0.000995817566222
rfw_custom,arcface-7972a704552df378345f,20260829-R001-f57bd24c,step4_search_space_query_gallery_conditions_v6,validation_required,True,pca,pca_384,pca_reconstruction_cosine,pca_reconstructed_float32,pca_reconstructed_float32,cosine_similarity,frozen_origin,0.01,cosine_similarity,0.991945876289,0.00961618864454,0.380722105503,0.380722105503,0.991945876289,0.991945876289,1,1,1,115,11959,0.00961618864454,115,11959,0.00961618864454,0.00801780729606,0.0115295100888,0.00801780729606,0.0115295100888,0.988137039468,0.994538570104,0.988137039468,0.994538570104,0,0,0,0,0,0,1536,0,1200,2631680,2193.06666667,0.0901085374757,11097.7275629,0,0,0,0
rfw_custom,arcface-7972a704552df378345f,20260829-R001-f57bd24c,step4_search_space_query_gallery_conditions_v6,validation_required,True,pca,pca_32,pca_reconstruction_cosine,pca_reconstructed_float32,pca_reconstructed_float32,cosine_similarity,recalibrated_compressed,0.01,cosine_similarity,0.610824742268,0.0112049502467,0.380722105503,0.680992126465,0.991945876289,0.610824742268,0.615784345567,1,0.978414948454,115,11959,0.00961618864454,134,11959,0.0112049502467,0.00801780729606,0.0115295100888,0.00946918512642,0.0132546351095,0.988137039468,0.994538570104,0.593545679553,0.627829834325,0.00158876160214,-0.000919809348608,0.00426457061627,-0.381121134021,-0.39787371134,-0.363724226804,128,0,1200,221184,184.32,0.0846227378346,11817.1548876,1283,0.0851755958308,130,0.00863041890726
rfw_custom,arcface-7972a704552df378345f,20260829-R001-f57bd24c,step4_search_space_query_gallery_conditions_v6,validation_required,True,pca,pca_64,pca_reconstruction_cosine,pca_reconstructed_float32,pca_reconstructed_float32,cosine_similarity,recalibrated_compressed,0.01,cosine_similarity,0.919136597938,0.00819466510578,0.380722105503,0.530505895615,0.991945876289,0.919458762887,0.92692432608,1,0.998389175258,115,11959,0.00961618864454,98,11959,0.00819466510578,0.00801780729606,0.0115295100888,0.00672938047408,0.00997580278097,0.988137039468,0.994538570104,0.909019695197,0.928217350025,-0.00142152353876,-0.00367923739443,0.000919809348608,-0.0728092783505,-0.0821520618557,-0.0641027706186,256,0,1200,440320,366.933333333,0.0898152824801,11133.9626441,327,0.0217088229436,88,0.00584212972183
rfw_custom,arcface-7972a704552df378345f,20260829-R001-f57bd24c,step4_search_space_query_gallery_conditions_v6,validation_required,True,pca,pca_128,pca_reconstruction_cosine,pca_reconstructed_float32,pca_reconstructed_float32,cosine_similarity,recalibrated_compressed,0.01,cosine_similarity,0.986469072165,0.0138807592608,0.380722105503,0.422513961792,0.991945876289,0.986469072165,0.994478726859,1,0.999355670103,115,11959,0.00961618864454,166,11959,0.0138807592608,0.00801780729606,0.0115295100888,0.0119345209517,0.0161391988227,0.988137039468,0.994538570104,0.981761651347,0.989973889225,0.00426457061627,0.00242495191906,0.00618780834518,-0.00547680412371,-0.00869845360825,-0.00289948453608,512,0,1200,878592,732.16,0.0864636128264,11565.5588208,67,0.00444798512912,102,0.00677155945031
rfw_custom,arcface-7972a704552df378345f,20260829-R001-f57bd24c,step4_search_space_query_gallery_conditions_v6,validation_required,True,pca,pca_256,pca_reconstruction_cosine,pca_reconstructed_float32,pca_reconstructed_float32,cosine_similarity,recalibrated_compressed,0.01,cosine_similarity,0.991945876289,0.0102015218664,0.380722105503,0.381186246872,0.991945876289,0.991945876289,1,1,1,115,11959,0.00961618864454,122,11959,0.0102015218664,0.00801780729606,0.0115295100888,0.00855126699848,0.0121663409105,0.988137039468,0.994538570104,0.988137039468,0.994538570104,0.000585333221841,8.36190316916e-05,0.00117066644368,0,0,0,1024,0,1200,1755136,1462.61333333,0.0832245037508,12015.6919529,2,0.000132775675496,9,0.000597490539733
rfw_custom,arcface-7972a704552df378345f,20260829-R001-f57bd24c,step4_search_space_query_gallery_conditions_v6,validation_required,True,pca,pca_384,pca_reconstruction_cosine,pca_reconstructed_float32,pca_reconstructed_float32,cosine_similarity,recalibrated_compressed,0.01,cosine_similarity,0.991945876289,0.00961618864454,0.380722105503,0.380735248327,0.991945876289,0.991945876289,1,1,1,115,11959,0.00961618864454,115,11959,0.00961618864454,0.00801780729606,0.0115295100888,0.00801780729606,0.0115295100888,0.988137039468,0.994538570104,0.988137039468,0.994538570104,0,0,0,0,0,0,1536,0,1200,2631680,2193.06666667,0.0901085374757,11097.7275629,0,0,0,0
rfw_custom,arcface-7972a704552df378345f,20260829-R001-f57bd24c,step4_search_space_query_gallery_conditions_v6,validation_required,True,pq,pq_512_m8_b8,pq_adc_exhaustive,origin_float32,pq_code,squared_l2_asymmetric,recalibrated_compressed,0.01,negative_squared_l2_adc,0.592139175258,0.00869637929593,0.380722105503,-0.979612469673,0.991945876289,0.592783505155,0.59759662228,1,0.993556701031,115,11959,0.00961618864454,104,11959,0.00869637929593,0.00801780729606,0.0115295100888,0.00718287252569,0.0105254168928,0.988137039468,0.994538570104,0.574747185956,0.609303386629,-0.000919809348608,-0.00342838029936,0.00142152353876,-0.399806701031,-0.416881443299,-0.382409793814,8,524288,1200,533888,444.906666667,0.00578151762596,172964.966069,1345,0.0892916417712,99,0.00657239593706
rfw_custom,arcface-7972a704552df378345f,20260829-R001-f57bd24c,step4_search_space_query_gallery_conditions_v6,validation_required,True,pq,pq_512_m16_b8,pq_adc_exhaustive,origin_float32,pq_code,squared_l2_asymmetric,recalibrated_compressed,0.01,negative_squared_l2_adc,0.920425257732,0.010034283803,0.380722105503,-1.03380441666,0.991945876289,0.920425257732,0.927898668399,1,0.997422680412,115,11959,0.00961618864454,120,11959,0.010034283803,0.00801780729606,0.0115295100888,0.00839869163707,0.0119845475507,0.988137039468,0.994538570104,0.910376589481,0.929434589623,0.000418095158458,-0.00175599966552,0.00267580901413,-0.0715206185567,-0.0808634020619,-0.0621778350515,16,524288,1200,543488,452.906666667,0.0105538936467,94751.7602012,311,0.0206466175397,94,0.00624045674832
rfw_custom,arcface-7972a704552df378345f,20260829-R001-f57bd24c,step4_search_space_query_gallery_conditions_v6,validation_required,True,pq,pq_512_m32_b8,pq_adc_exhaustive,origin_float32,pq_code,squared_l2_asymmetric,recalibrated_compressed,0.01,negative_squared_l2_adc,0.975837628866,0.00643866544025,0.380722105503,-1.08668482304,0.991945876289,0.975837628866,0.983760961351,1,1,115,11959,0.00961618864454,77,11959,0.00643866544025,0.00801780729606,0.0115295100888,0.00515515554366,0.00803915613923,0.988137039468,0.994538570104,0.969818971961,0.980679964082,-0.00317752320428,-0.0050171419015,-0.00133790450707,-0.0161082474227,-0.0206266108247,-0.0119120489691,32,524288,1200,562688,468.906666667,0.0221703578306,45105.2710851,136,0.00902874593374,49,0.00325300404966
rfw_custom,arcface-7972a704552df378345f,20260829-R001-f57bd24c,step4_search_space_query_gallery_conditions_v6,validation_required,True,pq,pq_512_m64_b8,pq_adc_exhaustive,origin_float32,pq_code,squared_l2_asymmetric,recalibrated_compressed,0.01,negative_squared_l2_adc,0.987757731959,0.00944895058115,0.380722105503,-1.15128684044,0.991945876289,0.987757731959,0.995777849951,1,1,115,11959,0.00961618864454,113,11959,0.00944895058115,0.00801780729606,0.0115295100888,0.00786568368122,0.0113472649825,0.988137039468,0.994538570104,0.983241995409,0.991067679045,-0.000167238063383,-0.0020068567606,0.00167238063383,-0.0041881443299,-0.00708762886598,-0.00161082474227,64,524288,1200,601088,500.906666667,0.0239819358692,41698.0516275,75,0.00497908783111,61,0.00404965810264
rfw_custom,arcface-7972a704552df378345f,20260829-R001-f57bd24c,step4_search_space_query_gallery_conditions_v6,validation_required,True,pq,pq_512_m128_b8,pq_adc_exhaustive,origin_float32,pq_code,squared_l2_asymmetric,recalibrated_compressed,0.01,negative_squared_l2_adc,0.990979381443,0.00919809348608,0.380722105503,-1.19786381721,0.991945876289,0.990979381443,0.999025657681,1,1,115,11959,0.00961618864454,110,11959,0.00919809348608,0.00801780729606,0.0115295100888,0.00763775560173,0.0110736399803,0.988137039468,0.994538570104,0.986993497547,0.993751511613,-0.000418095158458,-0.00175599966552,0.000919809348608,-0.000966494845361,-0.00289948453608,0.000966494845361,128,524288,1200,677888,564.906666667,0.0578138883359,17296.881922,43,0.00285467702317,35,0.00232357432118
rfw_custom,arcface-7972a704552df378345f,20260829-R001-f57bd24c,step4_search_space_query_gallery_conditions_v6,validation_required,True,pq,pq_512_m8_b8,pq_one_sided_cosine,origin_float32,pq_reconstructed_float32,cosine_similarity,frozen_origin,0.01,cosine_similarity,0.017074742268,0,0.380722105503,0.380722105503,0.991945876289,0.017074742268,0.0172133809678,1,0.993556701031,115,11959,0.00961618864454,0,11959,0,0.00801780729606,0.0115295100888,0,0.000321115918314,0.988137039468,0.994538570104,0.0130780545967,0.0222652730074,-0.00961618864454,-0.0113721883101,-0.0079438080107,-0.974871134021,-0.98003382732,-0.969394329897,8,524288,1200,533888,444.906666667,0.0832861979682,12006.7913339,3141,0.208524198367,0,0
rfw_custom,arcface-7972a704552df378345f,20260829-R001-f57bd24c,step4_search_space_query_gallery_conditions_v6,validation_required,True,pq,pq_512_m16_b8,pq_one_sided_cosine,origin_float32,pq_reconstructed_float32,cosine_similarity,frozen_origin,0.01,cosine_similarity,0.276095360825,0,0.380722105503,0.380722105503,0.991945876289,0.276095360825,0.278337122442,1,0.997744845361,115,11959,0.00961618864454,0,11959,0,0.00801780729606,0.0115295100888,0,0.000321115918314,0.988137039468,0.994538570104,0.260651986108,0.292092251841,-0.00961618864454,-0.0113721883101,-0.0079438080107,-0.715850515464,-0.731000322165,-0.700386597938,16,524288,1200,543488,452.906666667,0.0933366195311,10713.9084855,2337,0.155148376817,0,0
rfw_custom,arcface-7972a704552df378345f,20260829-R001-f57bd24c,step4_search_space_query_gallery_conditions_v6,validation_required,True,pq,pq_512_m32_b8,pq_one_sided_cosine,origin_float32,pq_reconstructed_float32,cosine_similarity,frozen_origin,0.01,cosine_similarity,0.794780927835,0,0.380722105503,0.380722105503,0.991945876289,0.794780927835,0.801234166937,1,0.999677835052,115,11959,0.00961618864454,0,11959,0,0.00801780729606,0.0115295100888,0,0.000321115918314,0.988137039468,0.994538570104,0.780213101539,0.80862002404,-0.00961618864454,-0.0113721883101,-0.0079438080107,-0.197164948454,-0.210695876289,-0.18331185567,32,524288,1200,562688,468.906666667,0.107105901879,9336.55365817,727,0.0482639580429,0,0
rfw_custom,arcface-7972a704552df378345f,20260829-R001-f57bd24c,step4_search_space_query_gallery_conditions_v6,validation_required,True,pq,pq_512_m64_b8,pq_one_sided_cosine,origin_float32,pq_reconstructed_float32,cosine_similarity,frozen_origin,0.01,cosine_similarity,0.96875,0.000752571285225,0.380722105503,0.380722105503,0.991945876289,0.96875,0.976615784346,1,0.999677835052,115,11959,0.00961618864454,9,11959,0.000752571285225,0.00801780729606,0.0115295100888,0.000395991009962,0.00142978415356,0.988137039468,0.994538570104,0.962026065862,0.974315133828,-0.00886361735931,-0.0106196170248,-0.00719123672548,-0.0231958762887,-0.0283505154639,-0.0180412371134,64,524288,1200,601088,500.906666667,0.082561096727,12112.2422018,179,0.0118834229569,1,6.63878377481e-05
rfw_custom,arcface-7972a704552df378345f,20260829-R001-f57bd24c,step4_search_space_query_gallery_conditions_v6,validation_required,True,pq,pq_512_m128_b8,pq_one_sided_cosine,origin_float32,pq_reconstructed_float32,cosine_similarity,frozen_origin,0.01,cosine_similarity,0.988079896907,0.00510076093319,0.380722105503,0.380722105503,0.991945876289,0.988079896907,0.996102630724,1,1,115,11959,0.00961618864454,61,11959,0.00510076093319,0.00801780729606,0.0115295100888,0.00397327651516,0.00654608539847,0.988137039468,0.994538570104,0.983613675019,0.991339532906,-0.00451542771135,-0.00576971318672,-0.00326114223597,-0.00386597938144,-0.00612113402062,-0.00193298969072,128,524288,1200,677888,564.906666667,0.0868582885216,11513.0060357,70,0.00464714864237,4,0.000265551350992
rfw_custom,arcface-7972a704552df378345f,20260829-R001-f57bd24c,step4_search_space_query_gallery_conditions_v6,validation_required,True,pq,pq_512_m8_b8,pq_one_sided_cosine,origin_float32,pq_reconstructed_float32,cosine_similarity,recalibrated_compressed,0.01,cosine_similarity,0.591817010309,0.010034283803,0.380722105503,0.259539932013,0.991945876289,0.592783505155,0.59759662228,1,0.993556701031,115,11959,0.00961618864454,120,11959,0.010034283803,0.00801780729606,0.0115295100888,0.00839869163707,0.0119845475507,0.988137039468,0.994538570104,0.574423302126,0.608983736989,0.000418095158458,-0.0020068567606,0.00284304707751,-0.400128865979,-0.417211662371,-0.382731958763,8,524288,1200,533888,444.906666667,0.0832861979682,12006.7913339,1342,0.089092478258,113,0.00750182566554
rfw_custom,arcface-7972a704552df378345f,20260829-R001-f57bd24c,step4_search_space_query_gallery_conditions_v6,validation_required,True,pq,pq_512_m16_b8,pq_one_sided_cosine,origin_float32,pq_reconstructed_float32,cosine_similarity,recalibrated_compressed,0.01,cosine_similarity,0.918492268041,0.00986704573961,0.380722105503,0.258228808641,0.991945876289,0.918492268041,0.925949983761,1,0.997744845361,115,11959,0.00961618864454,118,11959,0.00986704573961,0.00801780729606,0.0115295100888,0.00824624134262,0.011802629124,0.988137039468,0.994538570104,0.908341517657,0.927608460624,0.000250857095075,-0.00192323772891,0.00250857095075,-0.0734536082474,-0.0827963917526,-0.064424935567,16,524288,1200,543488,452.906666667,0.0933366195311,10713.9084855,318,0.0211113324039,94,0.00624045674832
rfw_custom,arcface-7972a704552df378345f,20260829-R001-f57bd24c,step4_search_space_query_gallery_conditions_v6,validation_required,True,pq,pq_512_m32_b8,pq_one_sided_cosine,origin_float32,pq_reconstructed_float32,cosine_similarity,recalibrated_compressed,0.01,cosine_similarity,0.97712628866,0.0070239986621,0.380722105503,0.286901056767,0.991945876289,0.97712628866,0.985060084443,1,0.999677835052,115,11959,0.00961618864454,84,11959,0.0070239986621,0.00801780729606,0.0115295100888,0.00567739755517,0.00868720465177,0.988137039468,0.994538570104,0.971247467691,0.981825602234,-0.00259218998244,-0.00451542771135,-0.000750480809432,-0.0148195876289,-0.0193298969072,-0.010631443299,32,524288,1200,562688,468.906666667,0.107105901879,9336.55365817,130,0.00863041890726,54,0.0035849432384
rfw_custom,arcface-7972a704552df378345f,20260829-R001-f57bd24c,step4_search_space_query_gallery_conditions_v6,validation_required,True,pq,pq_512_m64_b8,pq_one_sided_cosine,origin_float32,pq_reconstructed_float32,cosine_similarity,recalibrated_compressed,0.01,cosine_similarity,0.986791237113,0.00836190316916,0.380722105503,0.330423921347,0.991945876289,0.986791237113,0.994803507632,1,0.999677835052,115,11959,0.00961618864454,100,11959,0.00836190316916,0.00801780729606,0.0115295100888,0.00688038245405,0.0101591695222,0.988137039468,0.994538570104,0.982130827039,0.990248247004,-0.00125428547537,-0.00292666610921,0.000334476126766,-0.00515463917526,-0.00805412371134,-0.00257731958763,64,524288,1200,601088,500.906666667,0.082561096727,12112.2422018,76,0.00504547566886,45,0.00298745269867
rfw_custom,arcface-7972a704552df378345f,20260829-R001-f57bd24c,step4_search_space_query_gallery_conditions_v6,validation_required,True,pq,pq_512_m128_b8,pq_one_sided_cosine,origin_float32,pq_reconstructed_float32,cosine_similarity,recalibrated_compressed,0.01,cosine_similarity,0.990335051546,0.00861276026424,0.380722105503,0.369426697493,0.991945876289,0.990335051546,0.998376096135,1,1,115,11959,0.00961618864454,103,11959,0.00861276026424,0.00801780729606,0.0115295100888,0.00710719070506,0.0104339143529,0.988137039468,0.994538570104,0.986236369336,0.993221572883,-0.0010034283803,-0.00209047579229,8.36190316916e-05,-0.00161082474227,-0.00354381443299,0,128,524288,1200,677888,564.906666667,0.0868582885216,11513.0060357,36,0.00238996215893,19,0.00126136891721
rfw_custom,arcface-7972a704552df378345f,20260829-R001-f57bd24c,step4_search_space_query_gallery_conditions_v6,validation_required,True,pq,pq_512_m8_b8,pq_reconstruction_cosine,pq_reconstructed_float32,pq_reconstructed_float32,cosine_similarity,frozen_origin,0.01,cosine_similarity,0.190721649485,0.0141316163559,0.380722105503,0.380722105503,0.991945876289,0.19168814433,0.193244559922,1,0.760631443299,115,11959,0.00961618864454,169,11959,0.0141316163559,0.00801780729606,0.0115295100888,0.012166763601,0.0164085092552,0.988137039468,0.994538570104,0.177286293402,0.204921574843,0.00451542771135,0.00175390918973,0.00719123672548,-0.801224226804,-0.815399484536,-0.787048969072,8,524288,1200,533888,444.906666667,0.0821577773352,12171.7022105,2556,0.169687313284,168,0.0111531567417
rfw_custom,arcface-7972a704552df378345f,20260829-R001-f57bd24c,step4_search_space_query_gallery_conditions_v6,validation_required,True,pq,pq_512_m16_b8,pq_reconstruction_cosine,pq_reconstructed_float32,pq_reconstructed_float32,cosine_similarity,frozen_origin,0.01,cosine_similarity,0.214884020619,0,0.380722105503,0.380722105503,0.991945876289,0.214884020619,0.216628775576,1,0.95199742268,115,11959,0.00961618864454,0,11959,0,0.00801780729606,0.0115295100888,0,0.000321115918314,0.988137039468,0.994538570104,0.200791460004,0.229681418535,-0.00961618864454,-0.0113721883101,-0.0079438080107,-0.77706185567,-0.791881443299,-0.762886597938,16,524288,1200,543488,452.906666667,0.0872733651992,11458.2495784,2527,0.16776206599,0,0
rfw_custom,arcface-7972a704552df378345f,20260829-R001-f57bd24c,step4_search_space_query_gallery_conditions_v6,validation_required,True,pq,pq_512_m32_b8,pq_reconstruction_cosine,pq_reconstructed_float32,pq_reconstructed_float32,cosine_similarity,frozen_origin,0.01,cosine_similarity,0.346005154639,0,0.380722105503,0.380722105503,0.991945876289,0.346005154639,0.348814550179,1,0.996456185567,115,11959,0.00961618864454,0,11959,0,0.00801780729606,0.0115295100888,0,0.000321115918314,0.988137039468,0.994538570104,0.32947014968,0.362920851383,-0.00961618864454,-0.0113721883101,-0.0079438080107,-0.645940721649,-0.662048969072,-0.629832474227,32,524288,1200,562688,468.906666667,0.087219537941,11465.3210004,2120,0.140742216026,0,0
rfw_custom,arcface-7972a704552df378345f,20260829-R001-f57bd24c,step4_search_space_query_gallery_conditions_v6,validation_required,True,pq,pq_512_m64_b8,pq_reconstruction_cosine,pq_reconstructed_float32,pq_reconstructed_float32,cosine_similarity,frozen_origin,0.01,cosine_similarity,0.855992268041,0,0.380722105503,0.380722105503,0.991945876289,0.855992268041,0.862942513803,1,0.999677835052,115,11959,0.00961618864454,0,11959,0,0.00801780729606,0.0115295100888,0,0.000321115918314,0.988137039468,0.994538570104,0.843200669888,0.867903815101,-0.00961618864454,-0.0113721883101,-0.0079438080107,-0.135953608247,-0.14787371134,-0.124677835052,64,524288,1200,601088,500.906666667,0.0875007966543,11428.4673767,537,0.0356502688707,0,0
rfw_custom,arcface-7972a704552df378345f,20260829-R001-f57bd24c,step4_search_space_query_gallery_conditions_v6,validation_required,True,pq,pq_512_m128_b8,pq_reconstruction_cosine,pq_reconstructed_float32,pq_reconstructed_float32,cosine_similarity,frozen_origin,0.01,cosine_similarity,0.981636597938,0.00242495191906,0.380722105503,0.380722105503,0.991945876289,0.981636597938,0.989607015265,1,0.999677835052,115,11959,0.00961618864454,29,11959,0.00242495191906,0.00801780729606,0.0115295100888,0.00168900143501,0.00348046094009,0.988137039468,0.994538570104,0.976283564835,0.985798973679,-0.00719123672548,-0.00877999832762,-0.00568609415503,-0.0103092783505,-0.0138611469072,-0.00676546391753,128,524288,1200,677888,564.906666667,0.0962861514973,10385.7095174,118,0.00783376485428,0,0
rfw_custom,arcface-7972a704552df378345f,20260829-R001-f57bd24c,step4_search_space_query_gallery_conditions_v6,validation_required,True,pq,pq_512_m8_b8,pq_reconstruction_cosine,pq_reconstructed_float32,pq_reconstructed_float32,cosine_similarity,recalibrated_compressed,0.01,cosine_similarity,0.172358247423,0.00969980767623,0.380722105503,0.391982555389,0.991945876289,0.17300257732,0.174407275089,1,0.760631443299,115,11959,0.00961618864454,116,11959,0.00969980767623,0.00801780729606,0.0115295100888,0.00809391925024,0.0116205824952,0.988137039468,0.994538570104,0.159478345706,0.186048114716,8.36190316916e-05,-0.00242495191906,0.00250857095075,-0.819587628866,-0.833118556701,-0.805412371134,8,524288,1200,533888,444.906666667,0.0821577773352,12171.7022105,2630,0.174600013278,114,0.00756821350329
rfw_custom,arcface-7972a704552df378345f,20260829-R001-f57bd24c,step4_search_space_query_gallery_conditions_v6,validation_required,True,pq,pq_512_m16_b8,pq_reconstruction_cosine,pq_reconstructed_float32,pq_reconstructed_float32,cosine_similarity,recalibrated_compressed,0.01,cosine_similarity,0.490012886598,0.008947236391,0.380722105503,0.289703845978,0.991945876289,0.490657216495,0.494641117246,1,0.95199742268,115,11959,0.00961618864454,107,11959,0.008947236391,0.00801780729606,0.0115295100888,0.0074101474482,0.0107996950521,0.988137039468,0.994538570104,0.472449956492,0.50760050592,-0.000668952253533,-0.00317752320428,0.00175599966552,-0.501932989691,-0.519329896907,-0.484858247423,16,524288,1200,543488,452.906666667,0.0872733651992,11458.2495784,1661,0.1102701985,105,0.00697072296355
rfw_custom,arcface-7972a704552df378345f,20260829-R001-f57bd24c,step4_search_space_query_gallery_conditions_v6,validation_required,True,pq,pq_512_m32_b8,pq_reconstruction_cosine,pq_reconstructed_float32,pq_reconstructed_float32,cosine_similarity,recalibrated_compressed,0.01,cosine_similarity,0.857603092784,0.00769295091563,0.380722105503,0.257823258638,0.991945876289,0.857603092784,0.864566417668,1,0.996456185567,115,11959,0.00961618864454,92,11959,0.00769295091563,0.00801780729606,0.0115295100888,0.00627740689356,0.00942467019802,0.988137039468,0.994538570104,0.844867082242,0.869455070099,-0.00192323772891,-0.00409733255289,0.000334476126766,-0.134342783505,-0.145948775773,-0.123067010309,32,524288,1200,562688,468.906666667,0.087219537941,11465.3210004,520,0.034521675629,82,0.00544380269535
rfw_custom,arcface-7972a704552df378345f,20260829-R001-f57bd24c,step4_search_space_query_gallery_conditions_v6,validation_required,True,pq,pq_512_m64_b8,pq_reconstruction_cosine,pq_reconstructed_float32,pq_reconstructed_float32,cosine_similarity,recalibrated_compressed,0.01,cosine_similarity,0.97712628866,0.00836190316916,0.380722105503,0.291883975267,0.991945876289,0.97712628866,0.985060084443,1,0.999677835052,115,11959,0.00961618864454,100,11959,0.00836190316916,0.00801780729606,0.0115295100888,0.00688038245405,0.0101591695222,0.988137039468,0.994538570104,0.971247467691,0.981825602234,-0.00125428547537,-0.00326114223597,0.000752571285225,-0.0148195876289,-0.0193298969072,-0.010631443299,64,524288,1200,601088,500.906666667,0.0875007966543,11428.4673767,123,0.00816570404302,63,0.00418243377813
rfw_custom,arcface-7972a704552df378345f,20260829-R001-f57bd24c,step4_search_space_query_gallery_conditions_v6,validation_required,True,pq,pq_512_m128_b8,pq_reconstruction_cosine,pq_reconstructed_float32,pq_reconstructed_float32,cosine_similarity,recalibrated_compressed,0.01,cosine_similarity,0.989368556701,0.00944895058115,0.380722105503,0.352964758873,0.991945876289,0.989368556701,0.997401753816,1,0.999677835052,115,11959,0.00961618864454,113,11959,0.00944895058115,0.00801780729606,0.0115295100888,0.00786568368122,0.0113472649825,0.988137039468,0.994538570104,0.985107550952,0.992419790856,-0.000167238063383,-0.00150514257045,0.00117066644368,-0.00257731958763,-0.00515463917526,-0.000322164948454,128,524288,1200,677888,564.906666667,0.0962861514973,10385.7095174,46,0.00305384053641,36,0.00238996215893
rfw_custom,arcface-7972a704552df378345f,20260829-R001-f57bd24c,step4_search_space_query_gallery_conditions_v6,validation_required,True,pq,pq_512_m128_b8,pq_sdc_exhaustive,pq_code,pq_code,squared_l2_symmetric,recalibrated_compressed,0.01,negative_squared_l2_sdc,0.990335051546,0.00911447445439,0.380722105503,-1.15614509583,0.991945876289,0.990335051546,0.998376096135,1,1,115,11959,0.00961618864454,109,11959,0.00911447445439,0.00801780729606,0.0115295100888,0.00756185003152,0.0109823611899,0.988137039468,0.994538570104,0.986236369336,0.993221572883,-0.00050171419015,-0.00209047579229,0.00108704741199,-0.00161082474227,-0.00386597938144,0.000644329896907,128,524288,1200,677888,564.906666667,0.0549737436101,18190.5021257,60,0.00398327026489,49,0.00325300404966
rfw_custom,arcface-7972a704552df378345f,20260829-R001-f57bd24c,step4_search_space_query_gallery_conditions_v6,validation_required,True,pca,pca_32,pca_direct_cosine,pca_projected_float32,pca_projected_float32,cosine_similarity,frozen_origin,0.05,cosine_similarity,0.856636597938,1,0.337016701698,0.337016701698,0.996778350515,0.978737113402,0.981900452489,1,0.978737113402,602,11959,0.0503386570784,11959,11959,1,0.0465623755374,0.0544037254494,0.999678884082,1,0.994079514816,0.998249096814,0.843867171381,0.868524380549,0.949661342922,0.945564010369,0.953591437411,-0.140141752577,-0.152384020619,-0.128221649485,128,0,1200,221184,184.32,0.0815934076879,12255.8920915,0,0,11365,0.754497776007
rfw_custom,arcface-7972a704552df378345f,20260829-R001-f57bd24c,step4_search_space_query_gallery_conditions_v6,validation_required,True,pca,pca_64,pca_direct_cosine,pca_projected_float32,pca_projected_float32,cosine_similarity,frozen_origin,0.05,cosine_similarity,0.982925257732,0.988376954595,0.337016701698,0.337016701698,0.996778350515,0.995489690722,0.998707175178,1,0.998389175258,602,11959,0.0503386570784,11820,11959,0.988376954595,0.0465623755374,0.0544037254494,0.986293069574,0.990147188388,0.994079514816,0.998249096814,0.977734726993,0.986921945403,0.938038297517,0.933690107869,0.942386487164,-0.0138530927835,-0.0183634020619,-0.00966494845361,256,0,1200,440320,366.933333333,0.0784534355707,12746.4143887,0,0,11226,0.74526986656
rfw_custom,arcface-7972a704552df378345f,20260829-R001-f57bd24c,step4_search_space_query_gallery_conditions_v6,validation_required,True,pca,pca_128,pca_direct_cosine,pca_projected_float32,pca_projected_float32,cosine_similarity,frozen_origin,0.05,cosine_similarity,0.996134020619,0.244502048666,0.337016701698,0.337016701698,0.996778350515,0.997100515464,1.00032320621,1,0.999677835052,602,11959,0.0503386570784,2924,11959,0.244502048666,0.0465623755374,0.0544037254494,0.236881916835,0.252286269416,0.994079514816,0.998249096814,0.993254463095,0.997787081595,0.194163391588,0.186888535831,0.201440337821,-0.000644329896907,-0.00257731958763,0.000966494845361,512,0,1200,878592,732.16,0.0788857730862,12676.5570125,46,0.00305384053641,2370,0.157339175463
rfw_custom,arcface-7972a704552df378345f,20260829-R001-f57bd24c,step4_search_space_query_gallery_conditions_v6,validation_required,True,pca,pca_256,pca_direct_cosine,pca_projected_float32,pca_projected_float32,cosine_similarity,frozen_origin,0.05,cosine_similarity,0.997422680412,0.0509239903002,0.337016701698,0.337016701698,0.996778350515,0.997422680412,1.00064641241,1,1,602,11959,0.0503386570784,609,11959,0.0509239903002,0.0465623755374,0.0544037254494,0.0471260435042,0.0550103480067,0.994079514816,0.998249096814,0.994922229478,0.998693449094,0.000585333221841,-0.000752571285225,0.00184170917301,0.000644329896907,0,0.00161082474227,1024,0,1200,1755136,1462.61333333,0.0805800371771,12410.0215765,30,0.00199163513244,39,0.00258912567218
rfw_custom,arcface-7972a704552df378345f,20260829-R001-f57bd24c,step4_search_space_query_gallery_conditions_v6,validation_required,True,pca,pca_384,pca_direct_cosine,pca_projected_float32,pca_projected_float32,cosine_similarity,frozen_origin,0.05,cosine_similarity,0.997100515464,0.0487498954762,0.337016701698,0.337016701698,0.996778350515,0.997100515464,1.00032320621,1,1,602,11959,0.0503386570784,583,11959,0.0487498954762,0.0465623755374,0.0544037254494,0.0450331652521,0.0527564328837,0.994079514816,0.998249096814,0.994498343429,0.998473801672,-0.00158876160214,-0.00275942804582,-0.000418095158458,0.000322164948454,0,0.000966494845361,1536,0,1200,2631680,2193.06666667,0.084203226449,11876.0294845,37,0.00245634999668,19,0.00126136891721
rfw_custom,arcface-7972a704552df378345f,20260829-R001-f57bd24c,step4_search_space_query_gallery_conditions_v6,validation_required,True,pca,pca_32,pca_direct_cosine,pca_projected_float32,pca_projected_float32,cosine_similarity,recalibrated_compressed,0.05,cosine_similarity,0.704896907216,0.0410569445606,0.337016701698,0.642095386982,0.996778350515,0.707474226804,0.709760827408,1,0.978737113402,602,11959,0.0503386570784,491,11959,0.0410569445606,0.0465623755374,0.0544037254494,0.0376456022532,0.0447630347094,0.994079514816,0.998249096814,0.688606666512,0.720680620776,-0.00928171251777,-0.0143845639267,-0.00409733255289,-0.291881443299,-0.307667525773,-0.276095360825,128,0,1200,221184,184.32,0.0815934076879,12255.8920915,1436,0.0953329350063,451,0.0299409148244
rfw_custom,arcface-7972a704552df378345f,20260829-R001-f57bd24c,step4_search_space_query_gallery_conditions_v6,validation_required,True,pca,pca_64,pca_direct_cosine,pca_projected_float32,pca_projected_float32,cosine_similarity,recalibrated_compressed,0.05,cosine_similarity,0.953930412371,0.0455723722719,0.337016701698,0.486773222685,0.996778350515,0.955219072165,0.958306399483,1,0.998389175258,602,11959,0.0503386570784,545,11959,0.0455723722719,0.0465623755374,0.0544037254494,0.0419781891024,0.0494584033314,0.994079514816,0.998249096814,0.945977720783,0.960760939261,-0.00476628480642,-0.00969980767623,2.09047579228e-06,-0.0428479381443,-0.0502577319588,-0.0357603092784,256,0,1200,440320,366.933333333,0.0784534355707,12746.4143887,628,0.0416915621058,446,0.0296089756357
rfw_custom,arcface-7972a704552df378345f,20260829-R001-f57bd24c,step4_search_space_query_gallery_conditions_v6,validation_required,True,pca,pca_128,pca_direct_cosine,pca_projected_float32,pca_projected_float32,cosine_similarity,recalibrated_compressed,0.05,cosine_similarity,0.992268041237,0.0486662764445,0.337016701698,0.385070890188,0.996778350515,0.992590206186,0.995798319328,1,0.999677835052,602,11959,0.0503386570784,582,11959,0.0486662764445,0.0465623755374,0.0544037254494,0.0449527113429,0.0526697024323,0.994079514816,0.998249096814,0.988520549998,0.994798593045,-0.00167238063383,-0.00551885609165,0.00217409482398,-0.00451030927835,-0.00740979381443,-0.00225515463918,512,0,1200,878592,732.16,0.0788857730862,12676.5570125,292,0.0193852486225,258,0.017128062139
rfw_custom,arcface-7972a704552df378345f,20260829-R001-f57bd24c,step4_search_space_query_gallery_conditions_v6,validation_required,True,pca,pca_256,pca_direct_cosine,pca_projected_float32,pca_projected_float32,cosine_similarity,recalibrated_compressed,0.05,cosine_similarity,0.997422680412,0.0539342754411,0.337016701698,0.335442185402,0.996778350515,0.997422680412,1.00064641241,1,1,602,11959,0.0503386570784,645,11959,0.0539342754411,0.0465623755374,0.0544037254494,0.0500271345477,0.058127893944,0.994079514816,0.998249096814,0.994922229478,0.998693449094,0.00359561836274,0.00225771385567,0.00510076093319,0.000644329896907,0,0.00161082474227,1024,0,1200,1755136,1462.61333333,0.0805800371771,12410.0215765,15,0.000995817566222,60,0.00398327026489
rfw_custom,arcface-7972a704552df378345f,20260829-R001-f57bd24c,step4_search_space_query_gallery_conditions_v6,validation_required,True,pca,pca_384,pca_direct_cosine,pca_projected_float32,pca_projected_float32,cosine_similarity,recalibrated_compressed,0.05,cosine_similarity,0.997100515464,0.0519274186805,0.337016701698,0.335083723068,0.996778350515,0.997100515464,1.00032320621,1,1,602,11959,0.0503386570784,621,11959,0.0519274186805,0.0465623755374,0.0544037254494,0.0480926654796,0.0560499383583,0.994079514816,0.998249096814,0.994498343429,0.998473801672,0.00158876160214,0.000418095158458,0.00284304707751,0.000322164948454,0,0.000966494845361,1536,0,1200,2631680,2193.06666667,0.084203226449,11876.0294845,18,0.00119498107947,38,0.00252273783443
rfw_custom,arcface-7972a704552df378345f,20260829-R001-f57bd24c,step4_search_space_query_gallery_conditions_v6,validation_required,True,pca,pca_32,pca_reconstruction_cosine,pca_reconstructed_float32,pca_reconstructed_float32,cosine_similarity,frozen_origin,0.05,cosine_similarity,0.854703608247,1,0.337016701698,0.337016701698,0.996778350515,0.978414948454,0.981577246283,1,0.978414948454,602,11959,0.0503386570784,11959,11959,1,0.0465623755374,0.0544037254494,0.999678884082,1,0.994079514816,0.998249096814,0.841867918582,0.866662432524,0.949661342922,0.945564010369,0.953591437411,-0.142074742268,-0.154317010309,-0.130154639175,128,0,1200,221184,184.32,0.0846227378346,11817.1548876,0,0,11365,0.754497776007
rfw_custom,arcface-7972a704552df378345f,20260829-R001-f57bd24c,step4_search_space_query_gallery_conditions_v6,validation_required,True,pca,pca_64,pca_reconstruction_cosine,pca_reconstructed_float32,pca_reconstructed_float32,cosine_similarity,frozen_origin,0.05,cosine_similarity,0.982925257732,0.990383811355,0.337016701698,0.337016701698,0.996778350515,0.99581185567,0.999030381383,1,0.998389175258,602,11959,0.0503386570784,11844,11959,0.990383811355,0.0465623755374,0.0544037254494,0.988470489911,0.991982192704,0.994079514816,0.998249096814,0.977734726993,0.986921945403,0.940045154277,0.935613345597,0.944226105862,-0.0138530927835,-0.0183634020619,-0.00966494845361,256,0,1200,440320,366.933333333,0.0898152824801,11133.9626441,1,6.63878377481e-05,11251,0.746929562504
rfw_custom,arcface-7972a704552df378345f,20260829-R001-f57bd24c,step4_search_space_query_gallery_conditions_v6,validation_required,True,pca,pca_128,pca_reconstruction_cosine,pca_reconstructed_float32,pca_reconstructed_float32,cosine_similarity,frozen_origin,0.05,cosine_similarity,0.996134020619,0.2580483318,0.337016701698,0.337016701698,0.996778350515,0.997100515464,1.00032320621,1,0.999355670103,602,11959,0.0503386570784,3086,11959,0.2580483318,0.0465623755374,0.0544037254494,0.250284681144,0.265967371521,0.994079514816,0.998249096814,0.993254463095,0.997787081595,0.207709674722,0.20018396187,0.215151768543,-0.000644329896907,-0.00257731958763,0.000966494845361,512,0,1200,878592,732.16,0.0864636128264,11565.5588208,45,0.00298745269867,2531,0.168027617341
rfw_custom,arcface-7972a704552df378345f,20260829-R001-f57bd24c,step4_search_space_query_gallery_conditions_v6,validation_required,True,pca,pca_256,pca_reconstruction_cosine,pca_reconstructed_float32,pca_reconstructed_float32,cosine_similarity,frozen_origin,0.05,cosine_similarity,0.997422680412,0.0537670373777,0.337016701698,0.337016701698,0.996778350515,0.997422680412,1.00064641241,1,1,602,11959,0.0503386570784,643,11959,0.0537670373777,0.0465623755374,0.0544037254494,0.0498658679749,0.0579547917957,0.994079514816,0.998249096814,0.994922229478,0.998693449094,0.00342838029936,0.00225771385567,0.00468266577473,0.000644329896907,0,0.00161082474227,1024,0,1200,1755136,1462.61333333,0.0832245037508,12015.6919529,5,0.000331939188741,48,0.00318661621191
rfw_custom,arcface-7972a704552df378345f,20260829-R001-f57bd24c,step4_search_space_query_gallery_conditions_v6,validation_required,True,pca,pca_384,pca_reconstruction_cosine,pca_reconstructed_float32,pca_reconstructed_float32,cosine_similarity,frozen_origin,0.05,cosine_similarity,0.996778350515,0.05042227611,0.337016701698,0.337016701698,0.996778350515,0.996778350515,1,1,1,602,11959,0.0503386570784,603,11959,0.05042227611,0.0465623755374,0.0544037254494,0.046642890619,0.0544903947284,0.994079514816,0.998249096814,0.994079514816,0.998249096814,8.36190316916e-05,0,0.000250857095075,0,0,0,1536,0,1200,2631680,2193.06666667,0.0901085374757,11097.7275629,0,0,1,6.63878377481e-05
rfw_custom,arcface-7972a704552df378345f,20260829-R001-f57bd24c,step4_search_space_query_gallery_conditions_v6,validation_required,True,pca,pca_32,pca_reconstruction_cosine,pca_reconstructed_float32,pca_reconstructed_float32,cosine_similarity,recalibrated_compressed,0.05,cosine_similarity,0.700708762887,0.040137135212,0.337016701698,0.645537376404,0.996778350515,0.702963917526,0.70523594053,1,0.978414948454,602,11959,0.0503386570784,480,11959,0.040137135212,0.0465623755374,0.0544037254494,0.0367644117873,0.0438051972089,0.994079514816,0.998249096814,0.684358447423,0.716562904747,-0.0102015218664,-0.0152207542437,-0.00510076093319,-0.296069587629,-0.311533505155,-0.280283505155,128,0,1200,221184,184.32,0.0846227378346,11817.1548876,1453,0.096461528248,443,0.0294098121224
rfw_custom,arcface-7972a704552df378345f,20260829-R001-f57bd24c,step4_search_space_query_gallery_conditions_v6,validation_required,True,pca,pca_64,pca_reconstruction_cosine,pca_reconstructed_float32,pca_reconstructed_float32,cosine_similarity,recalibrated_compressed,0.05,cosine_similarity,0.954574742268,0.0434818964796,0.337016701698,0.490250468254,0.996778350515,0.95618556701,0.9592760181,1,0.998389175258,602,11959,0.0503386570784,520,11959,0.0434818964796,0.0465623755374,0.0544037254494,0.0399710208161,0.0472859626033,0.994079514816,0.998249096814,0.946670300992,0.961355425993,-0.00685676059871,-0.0118739025002,-0.00192114725311,-0.0422036082474,-0.0499355670103,-0.0351159793814,256,0,1200,440320,366.933333333,0.0898152824801,11133.9626441,628,0.0416915621058,422,0.0280156675297
rfw_custom,arcface-7972a704552df378345f,20260829-R001-f57bd24c,step4_search_space_query_gallery_conditions_v6,validation_required,True,pca,pca_128,pca_reconstruction_cosine,pca_reconstructed_float32,pca_reconstructed_float32,cosine_similarity,recalibrated_compressed,0.05,cosine_similarity,0.991945876289,0.049084371603,0.337016701698,0.387078166008,0.996778350515,0.992268041237,0.995475113122,1,0.999355670103,602,11959,0.0503386570784,587,11959,0.049084371603,0.0465623755374,0.0544037254494,0.0453550121041,0.0531033234741,0.994079514816,0.998249096814,0.988137039468,0.994538570104,-0.00125428547537,-0.00493352286981,0.00267580901413,-0.0048324742268,-0.00773195876289,-0.00257731958763,512,0,1200,878592,732.16,0.0864636128264,11565.5588208,296,0.0196507999734,266,0.017659164841
rfw_custom,arcface-7972a704552df378345f,20260829-R001-f57bd24c,step4_search_space_query_gallery_conditions_v6,validation_required,True,pca,pca_256,pca_reconstruction_cosine,pca_reconstructed_float32,pca_reconstructed_float32,cosine_similarity,recalibrated_compressed,0.05,cosine_similarity,0.997100515464,0.0515929425537,0.337016701698,0.33791321516,0.996778350515,0.997100515464,1.00032320621,1,1,602,11959,0.0503386570784,617,11959,0.0515929425537,0.0465623755374,0.0544037254494,0.0477704118131,0.0557034545824,0.994079514816,0.998249096814,0.994498343429,0.998473801672,0.00125428547537,0.000248766619283,0.00234133288737,0.000322164948454,0,0.000966494845361,1024,0,1200,1755136,1462.61333333,0.0832245037508,12015.6919529,13,0.000863041890726,29,0.0019252472947
rfw_custom,arcface-7972a704552df378345f,20260829-R001-f57bd24c,step4_search_space_query_gallery_conditions_v6,validation_required,True,pca,pca_384,pca_reconstruction_cosine,pca_reconstructed_float32,pca_reconstructed_float32,cosine_similarity,recalibrated_compressed,0.05,cosine_similarity,0.996778350515,0.0503386570784,0.337016701698,0.337027847767,0.996778350515,0.996778350515,1,1,1,602,11959,0.0503386570784,602,11959,0.0503386570784,0.0465623755374,0.0544037254494,0.0465623755374,0.0544037254494,0.994079514816,0.998249096814,0.994079514816,0.998249096814,0,0,0,0,0,0,1536,0,1200,2631680,2193.06666667,0.0901085374757,11097.7275629,0,0,0,0
rfw_custom,arcface-7972a704552df378345f,20260829-R001-f57bd24c,step4_search_space_query_gallery_conditions_v6,validation_required,True,pq,pq_512_m8_b8,pq_adc_exhaustive,origin_float32,pq_code,squared_l2_asymmetric,recalibrated_compressed,0.05,negative_squared_l2_adc,0.749033505155,0.0452378961452,0.337016701698,-1.00481379032,0.996778350515,0.751610824742,0.754040077569,1,0.993556701031,602,11959,0.0503386570784,541,11959,0.0452378961452,0.0465623755374,0.0544037254494,0.0416568937544,0.0491109612371,0.994079514816,0.998249096814,0.733479343229,0.763972029528,-0.00510076093319,-0.0102851408981,-8.15285558993e-05,-0.247744845361,-0.262886597938,-0.232917203608,8,524288,1200,533888,444.906666667,0.00578151762596,172964.966069,1266,0.0840470025891,465,0.0308703445529
rfw_custom,arcface-7972a704552df378345f,20260829-R001-f57bd24c,step4_search_space_query_gallery_conditions_v6,validation_required,True,pq,pq_512_m16_b8,pq_adc_exhaustive,origin_float32,pq_code,squared_l2_asymmetric,recalibrated_compressed,0.05,negative_squared_l2_adc,0.954896907216,0.0490007525713,0.337016701698,-1.0616042614,0.996778350515,0.955219072165,0.958306399483,1,0.997422680412,602,11959,0.0503386570784,586,11959,0.0490007525713,0.0465623755374,0.0544037254494,0.045274545724,0.0530166054936,0.994079514816,0.998249096814,0.947016740632,0.961652519824,-0.00133790450707,-0.00610418931349,0.00351199933105,-0.041881443299,-0.0496134020619,-0.034793814433,16,524288,1200,543488,452.906666667,0.0105538936467,94751.7602012,574,0.0381066188674,431,0.0286131580694
rfw_custom,arcface-7972a704552df378345f,20260829-R001-f57bd24c,step4_search_space_query_gallery_conditions_v6,validation_required,True,pq,pq_512_m32_b8,pq_adc_exhaustive,origin_float32,pq_code,squared_l2_asymmetric,recalibrated_compressed,0.05,negative_squared_l2_adc,0.988402061856,0.0515929425537,0.337016701698,-1.1344871521,0.996778350515,0.988402061856,0.991596638655,1,1,602,11959,0.0503386570784,617,11959,0.0515929425537,0.0465623755374,0.0544037254494,0.0477704118131,0.0557034545824,0.994079514816,0.998249096814,0.983986041661,0.991610699735,0.00125428547537,-0.00292666610921,0.00560247512334,-0.00837628865979,-0.0115979381443,-0.00547680412371,32,524288,1200,562688,468.906666667,0.0221703578306,45105.2710851,369,0.0244971121291,360,0.0238996215893
rfw_custom,arcface-7972a704552df378345f,20260829-R001-f57bd24c,step4_search_space_query_gallery_conditions_v6,validation_required,True,pq,pq_512_m64_b8,pq_adc_exhaustive,origin_float32,pq_code,squared_l2_asymmetric,recalibrated_compressed,0.05,negative_squared_l2_adc,0.993878865979,0.0490007525713,0.337016701698,-1.2153377533,0.996778350515,0.993878865979,0.99709114415,1,1,602,11959,0.0503386570784,586,11959,0.0490007525713,0.0465623755374,0.0544037254494,0.045274545724,0.0530166054936,0.994079514816,0.998249096814,0.990459063693,0.996077746702,-0.00133790450707,-0.00468266577473,0.00225771385567,-0.00289948453608,-0.00547680412371,-0.000644329896907,64,524288,1200,601088,500.906666667,0.0239819358692,41698.0516275,250,0.016596959437,226,0.0150036513311
rfw_custom,arcface-7972a704552df378345f,20260829-R001-f57bd24c,step4_search_space_query_gallery_conditions_v6,validation_required,True,pq,pq_512_m128_b8,pq_adc_exhaustive,origin_float32,pq_code,squared_l2_asymmetric,recalibrated_compressed,0.05,negative_squared_l2_adc,0.996134020619,0.0459068483987,0.337016701698,-1.27686989307,0.996778350515,0.996134020619,0.999353587589,1,1,602,11959,0.0503386570784,549,11959,0.0459068483987,0.0465623755374,0.0544037254494,0.0422995395577,0.0498057903184,0.994079514816,0.998249096814,0.993254463095,0.997787081595,-0.00443180867966,-0.0069403796304,-0.00183961869722,-0.000644329896907,-0.00193298969072,0.000644329896907,128,524288,1200,677888,564.906666667,0.0578138883359,17296.881922,158,0.0104892783642,103,0.00683794728806
rfw_custom,arcface-7972a704552df378345f,20260829-R001-f57bd24c,step4_search_space_query_gallery_conditions_v6,validation_required,True,pq,pq_512_m8_b8,pq_one_sided_cosine,origin_float32,pq_reconstructed_float32,cosine_similarity,frozen_origin,0.05,cosine_similarity,0.118234536082,0,0.337016701698,0.337016701698,0.996778350515,0.118234536082,0.11861667744,1,0.993556701031,602,11959,0.0503386570784,0,11959,0,0.0465623755374,0.0544037254494,0,0.000321115918314,0.994079514816,0.998249096814,0.107344745863,0.130068091502,-0.0503386570784,-0.0541851325362,-0.0464921816205,-0.878543814433,-0.889819587629,-0.866945876289,8,524288,1200,533888,444.906666667,0.0832861979682,12006.7913339,3331,0.221137887539,0,0
rfw_custom,arcface-7972a704552df378345f,20260829-R001-f57bd24c,step4_search_space_query_gallery_conditions_v6,validation_required,True,pq,pq_512_m16_b8,pq_one_sided_cosine,origin_float32,pq_reconstructed_float32,cosine_similarity,frozen_origin,0.05,cosine_similarity,0.557989690722,0,0.337016701698,0.337016701698,0.996778350515,0.557989690722,0.559793148028,1,0.997744845361,602,11959,0.0503386570784,0,11959,0,0.0465623755374,0.0544037254494,0,0.000321115918314,0.994079514816,0.998249096814,0.540457716044,0.57537830866,-0.0503386570784,-0.0541851325362,-0.0464921816205,-0.438788659794,-0.455549291237,-0.421391752577,16,524288,1200,543488,452.906666667,0.0933366195311,10713.9084855,1966,0.130518489013,0,0
rfw_custom,arcface-7972a704552df378345f,20260829-R001-f57bd24c,step4_search_space_query_gallery_conditions_v6,validation_required,True,pq,pq_512_m32_b8,pq_one_sided_cosine,origin_float32,pq_reconstructed_float32,cosine_similarity,frozen_origin,0.05,cosine_similarity,0.913981958763,0.000334476126766,0.337016701698,0.337016701698,0.996778350515,0.913981958763,0.916936005171,1,0.999677835052,602,11959,0.0503386570784,4,11959,0.000334476126766,0.0465623755374,0.0544037254494,0.000130078678919,0.000859774681711,0.994079514816,0.998249096814,0.903599131961,0.923341377731,-0.0500041809516,-0.0538506564094,-0.0460740864621,-0.0827963917526,-0.0924613402062,-0.0734455541237,32,524288,1200,562688,468.906666667,0.107105901879,9336.55365817,857,0.0568943769501,0,0
rfw_custom,arcface-7972a704552df378345f,20260829-R001-f57bd24c,step4_search_space_query_gallery_conditions_v6,validation_required,True,pq,pq_512_m64_b8,pq_one_sided_cosine,origin_float32,pq_reconstructed_float32,cosine_similarity,frozen_origin,0.05,cosine_similarity,0.985824742268,0.00543523705995,0.337016701698,0.337016701698,0.996778350515,0.985824742268,0.989010989011,1,0.999677835052,602,11959,0.0503386570784,65,11959,0.00543523705995,0.0465623755374,0.0544037254494,0.00426699419889,0.00692110515705,0.994079514816,0.998249096814,0.981024996886,0.989423476745,-0.0449034200184,-0.0486662764445,-0.0410569445606,-0.0109536082474,-0.0144974226804,-0.00740979381443,64,524288,1200,601088,500.906666667,0.082561096727,12112.2422018,573,0.0380402310297,0,0
rfw_custom,arcface-7972a704552df378345f,20260829-R001-f57bd24c,step4_search_space_query_gallery_conditions_v6,validation_required,True,pq,pq_512_m128_b8,pq_one_sided_cosine,origin_float32,pq_reconstructed_float32,cosine_similarity,frozen_origin,0.05,cosine_similarity,0.995167525773,0.0315243749477,0.337016701698,0.337016701698,0.996778350515,0.995167525773,0.998383968972,1,1,602,11959,0.0503386570784,377,11959,0.0315243749477,0.0465623755374,0.0544037254494,0.0285400868591,0.0348095329975,0.994079514816,0.998249096814,0.992041721594,0.997069222683,-0.0188142821306,-0.0214900911447,-0.0161384731165,-0.00161082474227,-0.00322164948454,-0.000322164948454,128,524288,1200,677888,564.906666667,0.0868582885216,11513.0060357,251,0.0166633472748,20,0.00132775675496
rfw_custom,arcface-7972a704552df378345f,20260829-R001-f57bd24c,step4_search_space_query_gallery_conditions_v6,validation_required,True,pq,pq_512_m8_b8,pq_one_sided_cosine,origin_float32,pq_reconstructed_float32,cosine_similarity,recalibrated_compressed,0.05,cosine_similarity,0.746134020619,0.0471611338741,0.337016701698,0.233616396785,0.996778350515,0.749677835052,0.752100840336,1,0.993556701031,602,11959,0.0503386570784,564,11959,0.0471611338741,0.0465623755374,0.0544037254494,0.0435050849284,0.0511080103565,0.994079514816,0.998249096814,0.730525426057,0.761134145464,-0.00317752320428,-0.00852914123254,0.00192323772891,-0.250644329897,-0.265463917526,-0.235824742268,8,524288,1200,533888,444.906666667,0.0832861979682,12006.7913339,1268,0.0841797782646,483,0.0320653256323
rfw_custom,arcface-7972a704552df378345f,20260829-R001-f57bd24c,step4_search_space_query_gallery_conditions_v6,validation_required,True,pq,pq_512_m16_b8,pq_one_sided_cosine,origin_float32,pq_reconstructed_float32,cosine_similarity,recalibrated_compressed,0.05,cosine_similarity,0.956829896907,0.0469938958107,0.337016701698,0.233594611287,0.996778350515,0.957152061856,0.960245636716,1,0.997744845361,602,11959,0.0503386570784,562,11959,0.0469938958107,0.0465623755374,0.0544037254494,0.0433443022846,0.050934424279,0.994079514816,0.998249096814,0.949097537076,0.963432924203,-0.00334476126766,-0.0079438080107,0.00133790450707,-0.0399484536082,-0.0473582474227,-0.0328608247423,16,524288,1200,543488,452.906666667,0.0933366195311,10713.9084855,572,0.0379738431919,409,0.027152625639
rfw_custom,arcface-7972a704552df378345f,20260829-R001-f57bd24c,step4_search_space_query_gallery_conditions_v6,validation_required,True,pq,pq_512_m32_b8,pq_one_sided_cosine,origin_float32,pq_reconstructed_float32,cosine_similarity,recalibrated_compressed,0.05,cosine_similarity,0.987757731959,0.0493352286981,0.337016701698,0.255083084106,0.996778350515,0.987757731959,0.990950226244,1,0.999677835052,602,11959,0.0503386570784,590,11959,0.0493352286981,0.0465623755374,0.0544037254494,0.0455964298078,0.0533634588521,0.994079514816,0.998249096814,0.983241995409,0.991067679045,-0.0010034283803,-0.00510076093319,0.00326114223597,-0.0090206185567,-0.0122422680412,-0.00612113402062,32,524288,1200,562688,468.906666667,0.107105901879,9336.55365817,382,0.0253601540198,343,0.0227710283476
rfw_custom,arcface-7972a704552df378345f,20260829-R001-f57bd24c,step4_search_space_query_gallery_conditions_v6,validation_required,True,pq,pq_512_m64_b8,pq_one_sided_cosine,origin_float32,pq_reconstructed_float32,cosine_similarity,recalibrated_compressed,0.05,cosine_similarity,0.995167525773,0.0492516096664,0.337016701698,0.291066348553,0.996778350515,0.995489690722,0.998707175178,1,0.999677835052,602,11959,0.0503386570784,589,11959,0.0492516096664,0.0465623755374,0.0544037254494,0.0455159541535,0.0532767501458,0.994079514816,0.998249096814,0.992041721594,0.997069222683,-0.00108704741199,-0.00434818964796,0.00209047579229,-0.00161082474227,-0.00354381443299,0,64,524288,1200,601088,500.906666667,0.082561096727,12112.2422018,219,0.0145389364668,202,0.0134103432251
rfw_custom,arcface-7972a704552df378345f,20260829-R001-f57bd24c,step4_search_space_query_gallery_conditions_v6,validation_required,True,pq,pq_512_m128_b8,pq_one_sided_cosine,origin_float32,pq_reconstructed_float32,cosine_similarity,recalibrated_compressed,0.05,cosine_similarity,0.996134020619,0.0475792290325,0.337016701698,0.324980914593,0.996778350515,0.996134020619,0.999353587589,1,1,602,11959,0.0503386570784,569,11959,0.0475792290325,0.0465623755374,0.0544037254494,0.0439070987949,0.0515419182928,0.994079514816,0.998249096814,0.993254463095,0.997787081595,-0.00275942804582,-0.00510076093319,-0.000418095158458,-0.000644329896907,-0.00161082474227,0,128,524288,1200,677888,564.906666667,0.0868582885216,11513.0060357,128,0.00849764323176,93,0.00617406891058
rfw_custom,arcface-7972a704552df378345f,20260829-R001-f57bd24c,step4_search_space_query_gallery_conditions_v6,validation_required,True,pq,pq_512_m8_b8,pq_reconstruction_cosine,pq_reconstructed_float32,pq_reconstructed_float32,cosine_similarity,frozen_origin,0.05,cosine_similarity,0.273518041237,0.0663098921314,0.337016701698,0.337016701698,0.996778350515,0.279961340206,0.280866192631,1,0.760631443299,602,11959,0.0503386570784,793,11959,0.0663098921314,0.0465623755374,0.0544037254494,0.0619881470296,0.0709101668278,0.994079514816,0.998249096814,0.258123497801,0.289472472383,0.0159712350531,0.0101994313906,0.0214921816205,-0.723260309278,-0.739054445876,-0.708118556701,8,524288,1200,533888,444.906666667,0.0821577773352,12171.7022105,2606,0.173006705172,734,0.0487286729071
rfw_custom,arcface-7972a704552df378345f,20260829-R001-f57bd24c,step4_search_space_query_gallery_conditions_v6,validation_required,True,pq,pq_512_m16_b8,pq_reconstruction_cosine,pq_reconstructed_float32,pq_reconstructed_float32,cosine_similarity,frozen_origin,0.05,cosine_similarity,0.329896907216,0.000752571285225,0.337016701698,0.337016701698,0.996778350515,0.329896907216,0.330963154493,1,0.95199742268,602,11959,0.0503386570784,9,11959,0.000752571285225,0.0465623755374,0.0544037254494,0.000395991009962,0.00142978415356,0.994079514816,0.998249096814,0.313575608061,0.346638719474,-0.0495860857931,-0.0535997993143,-0.0454866627644,-0.666881443299,-0.682997744845,-0.650773195876,16,524288,1200,543488,452.906666667,0.0872733651992,11458.2495784,2670,0.177255526787,5,0.000331939188741
rfw_custom,arcface-7972a704552df378345f,20260829-R001-f57bd24c,step4_search_space_query_gallery_conditions_v6,validation_required,True,pq,pq_512_m32_b8,pq_reconstruction_cosine,pq_reconstructed_float32,pq_reconstructed_float32,cosine_similarity,frozen_origin,0.05,cosine_similarity,0.550257731959,0,0.337016701698,0.337016701698,0.996778350515,0.550257731959,0.552036199095,1,0.996456185567,602,11959,0.0503386570784,0,11959,0,0.0465623755374,0.0544037254494,0,0.000321115918314,0.994079514816,0.998249096814,0.53270575074,0.56768547067,-0.0503386570784,-0.0541851325362,-0.0464921816205,-0.446520618557,-0.463595360825,-0.429445876289,32,524288,1200,562688,468.906666667,0.087219537941,11465.3210004,1990,0.132111797119,0,0
rfw_custom,arcface-7972a704552df378345f,20260829-R001-f57bd24c,step4_search_space_query_gallery_conditions_v6,validation_required,True,pq,pq_512_m64_b8,pq_reconstruction_cosine,pq_reconstructed_float32,pq_reconstructed_float32,cosine_similarity,frozen_origin,0.05,cosine_similarity,0.946198453608,0.000752571285225,0.337016701698,0.337016701698,0.996778350515,0.946198453608,0.949256625727,1,0.999677835052,602,11959,0.0503386570784,9,11959,0.000752571285225,0.0465623755374,0.0544037254494,0.000395991009962,0.00142978415356,0.994079514816,0.998249096814,0.937695331695,0.953598525055,-0.0495860857931,-0.0534325612509,-0.0456559913036,-0.0505798969072,-0.0579896907216,-0.0428479381443,64,524288,1200,601088,500.906666667,0.0875007966543,11428.4673767,752,0.0499236539866,0,0
rfw_custom,arcface-7972a704552df378345f,20260829-R001-f57bd24c,step4_search_space_query_gallery_conditions_v6,validation_required,True,pq,pq_512_m128_b8,pq_reconstruction_cosine,pq_reconstructed_float32,pq_reconstructed_float32,cosine_similarity,frozen_origin,0.05,cosine_similarity,0.992590206186,0.0187306630989,0.337016701698,0.337016701698,0.996778350515,0.992590206186,0.995798319328,1,0.999677835052,602,11959,0.0503386570784,224,11959,0.0187306630989,0.0465623755374,0.0544037254494,0.016450881363,0.021319531325,0.994079514816,0.998249096814,0.988905341286,0.995057335227,-0.0316079939794,-0.034701898152,-0.0284283802994,-0.0041881443299,-0.00644329896907,-0.00225515463918,128,524288,1200,677888,564.906666667,0.0962861514973,10385.7095174,400,0.0265551350992,7,0.000464714864237
rfw_custom,arcface-7972a704552df378345f,20260829-R001-f57bd24c,step4_search_space_query_gallery_conditions_v6,validation_required,True,pq,pq_512_m8_b8,pq_reconstruction_cosine,pq_reconstructed_float32,pq_reconstructed_float32,cosine_similarity,recalibrated_compressed,0.05,cosine_similarity,0.249033505155,0.0474119909691,0.337016701698,0.346810162067,0.996778350515,0.252255154639,0.253070458953,1,0.760631443299,602,11959,0.0503386570784,567,11959,0.0474119909691,0.0465623755374,0.0544037254494,0.0437462834739,0.0513683648927,0.994079514816,0.998249096814,0.234136549879,0.264550876541,-0.00292666610921,-0.00811104607409,0.00250857095075,-0.747744845361,-0.763208762887,-0.732603092784,8,524288,1200,533888,444.906666667,0.0821577773352,12171.7022105,2738,0.181769899754,519,0.0344552877913
rfw_custom,arcface-7972a704552df378345f,20260829-R001-f57bd24c,step4_search_space_query_gallery_conditions_v6,validation_required,True,pq,pq_512_m16_b8,pq_reconstruction_cosine,pq_reconstructed_float32,pq_reconstructed_float32,cosine_similarity,recalibrated_compressed,0.05,cosine_similarity,0.598904639175,0.0483318003178,0.337016701698,0.258214592934,0.996778350515,0.601159793814,0.603102779573,1,0.95199742268,602,11959,0.0503386570784,578,11959,0.0483318003178,0.0465623755374,0.0544037254494,0.0446309271507,0.0523227491823,0.994079514816,0.998249096814,0.581550524034,0.616014251433,-0.0020068567606,-0.00727485575717,0.00317752320428,-0.39787371134,-0.414948453608,-0.380798969072,16,524288,1200,543488,452.906666667,0.0872733651992,11458.2495784,1727,0.114651795791,518,0.0343888999535
rfw_custom,arcface-7972a704552df378345f,20260829-R001-f57bd24c,step4_search_space_query_gallery_conditions_v6,validation_required,True,pq,pq_512_m32_b8,pq_reconstruction_cosine,pq_reconstructed_float32,pq_reconstructed_float32,cosine_similarity,recalibrated_compressed,0.05,cosine_similarity,0.92300257732,0.0416422777824,0.337016701698,0.230916291475,0.996778350515,0.923324742268,0.926308985133,1,0.996456185567,602,11959,0.0503386570784,498,11959,0.0416422777824,0.0465623755374,0.0544037254494,0.0382066127122,0.0453723147745,0.994079514816,0.998249096814,0.913092591232,0.931866855637,-0.00869637929593,-0.0133790450707,-0.00376285642612,-0.0737757731959,-0.0827963917526,-0.0647551546392,32,524288,1200,562688,468.906666667,0.087219537941,11465.3210004,730,0.0484631215561,402,0.0266879107747
rfw_custom,arcface-7972a704552df378345f,20260829-R001-f57bd24c,step4_search_space_query_gallery_conditions_v6,validation_required,True,pq,pq_512_m64_b8,pq_reconstruction_cosine,pq_reconstructed_float32,pq_reconstructed_float32,cosine_similarity,recalibrated_compressed,0.05,cosine_similarity,0.990657216495,0.0490007525713,0.337016701698,0.259578317404,0.996778350515,0.990657216495,0.993859082094,1,0.999677835052,602,11959,0.0503386570784,586,11959,0.0490007525713,0.0465623755374,0.0544037254494,0.045274545724,0.0530166054936,0.994079514816,0.998249096814,0.986614445371,0.993487030319,-0.00133790450707,-0.00535161802826,0.0030102851409,-0.00612113402062,-0.00934278350515,-0.00354381443299,64,524288,1200,601088,500.906666667,0.0875007966543,11428.4673767,360,0.0238996215893,324,0.0215096594304
rfw_custom,arcface-7972a704552df378345f,20260829-R001-f57bd24c,step4_search_space_query_gallery_conditions_v6,validation_required,True,pq,pq_512_m128_b8,pq_reconstruction_cosine,pq_reconstructed_float32,pq_reconstructed_float32,cosine_similarity,recalibrated_compressed,0.05,cosine_similarity,0.994845360825,0.0464085625888,0.337016701698,0.313244223595,0.996778350515,0.994845360825,0.998060762767,1,0.999677835052,602,11959,0.0503386570784,555,11959,0.0464085625888,0.0465623755374,0.0544037254494,0.0427816673196,0.05032676872,0.994079514816,0.998249096814,0.991642819326,0.996824591481,-0.00393009448951,-0.00677314156702,-0.0010849569362,-0.00193298969072,-0.00354381443299,-0.000644329896907,128,524288,1200,677888,564.906666667,0.0962861514973,10385.7095174,189,0.0125473013344,136,0.00902874593374
rfw_custom,arcface-7972a704552df378345f,20260829-R001-f57bd24c,step4_search_space_query_gallery_conditions_v6,validation_required,True,pq,pq_512_m128_b8,pq_sdc_exhaustive,pq_code,pq_code,squared_l2_symmetric,recalibrated_compressed,0.05,negative_squared_l2_sdc,0.994523195876,0.0445689438916,0.337016701698,-1.22427010536,0.996778350515,0.994523195876,0.997737556561,1,1,602,11959,0.0503386570784,533,11959,0.0445689438916,0.0465623755374,0.0544037254494,0.0410144707189,0.048415909388,0.994079514816,0.998249096814,0.991246196132,0.996577681205,-0.00576971318672,-0.00919809348608,-0.00259218998244,-0.00225515463918,-0.00386597938144,-0.000966494845361,128,524288,1200,677888,564.906666667,0.0549737436101,18190.5021257,234,0.0155347540331,158,0.0104892783642
rfw_custom,arcface-7972a704552df378345f,20260829-R001-f57bd24c,step4_search_space_query_gallery_conditions_v6,validation_required,True,pca,pca_32,pca_direct_cosine,pca_projected_float32,pca_projected_float32,cosine_similarity,frozen_origin,0.1,cosine_similarity,0.856636597938,1,0.317221879959,0.317221879959,0.998067010309,0.978737113402,0.980632666236,1,0.978737113402,1195,11959,0.0999247428715,11959,11959,1,0.0946775643747,0.105428862435,0.999678884082,1,0.995788943771,0.999113801742,0.843867171381,0.868524380549,0.900075257129,0.894554310561,0.905426875157,-0.141430412371,-0.153672680412,-0.129510309278,128,0,1200,221184,184.32,0.0815934076879,12255.8920915,0,0,10768,0.714864236872
rfw_custom,arcface-7972a704552df378345f,20260829-R001-f57bd24c,step4_search_space_query_gallery_conditions_v6,validation_required,True,pca,pca_64,pca_direct_cosine,pca_projected_float32,pca_projected_float32,cosine_similarity,frozen_origin,0.1,cosine_similarity,0.982925257732,0.998578476461,0.317221879959,0.317221879959,0.998067010309,0.997422680412,0.999354422208,1,0.998389175258,1195,11959,0.0999247428715,11942,11959,0.998578476461,0.0946775643747,0.105428862435,0.997724503638,0.999112246314,0.995788943771,0.999113801742,0.977734726993,0.986921945403,0.89865373359,0.893302115562,0.904005351618,-0.0151417525773,-0.0196520618557,-0.0109536082474,256,0,1200,440320,366.933333333,0.0784534355707,12746.4143887,1,6.63878377481e-05,10752,0.713802031468
rfw_custom,arcface-7972a704552df378345f,20260829-R001-f57bd24c,step4_search_space_query_gallery_conditions_v6,validation_required,True,pca,pca_128,pca_direct_cosine,pca_projected_float32,pca_projected_float32,cosine_similarity,frozen_origin,0.1,cosine_similarity,0.996456185567,0.418931348775,0.317221879959,0.317221879959,0.998067010309,0.997422680412,0.999354422208,1,0.999677835052,1195,11959,0.0999247428715,5010,11959,0.418931348775,0.0946775643747,0.105428862435,0.410116044041,0.427798718378,0.995788943771,0.999113801742,0.993665067222,0.998020010939,0.319006605904,0.310226607576,0.327201271009,-0.00161082474227,-0.00322164948454,-0.000322164948454,512,0,1200,878592,732.16,0.0788857730862,12676.5570125,80,0.00531102701985,3895,0.258580628029
rfw_custom,arcface-7972a704552df378345f,20260829-R001-f57bd24c,step4_search_space_query_gallery_conditions_v6,validation_required,True,pca,pca_256,pca_direct_cosine,pca_projected_float32,pca_projected_float32,cosine_similarity,frozen_origin,0.1,cosine_similarity,0.998067010309,0.0986704573961,0.317221879959,0.317221879959,0.998067010309,0.998067010309,1,1,1,1195,11959,0.0999247428715,1180,11959,0.0986704573961,0.0946775643747,0.105428862435,0.0934537789509,0.104144882451,0.995788943771,0.999113801742,0.995788943771,0.999113801742,-0.00125428547537,-0.0030102851409,0.00050171419015,0,0,0,1024,0,1200,1755136,1462.61333333,0.0805800371771,12410.0215765,68,0.00451437296687,53,0.00351855540065
rfw_custom,arcface-7972a704552df378345f,20260829-R001-f57bd24c,step4_search_space_query_gallery_conditions_v6,validation_required,True,pca,pca_384,pca_direct_cosine,pca_projected_float32,pca_projected_float32,cosine_similarity,frozen_origin,0.1,cosine_similarity,0.998067010309,0.0951584580651,0.317221879959,0.317221879959,0.998067010309,0.998067010309,1,1,1,1195,11959,0.0999247428715,1138,11959,0.0951584580651,0.0946775643747,0.105428862435,0.0900286065783,0.100548311679,0.995788943771,0.999113801742,0.995788943771,0.999113801742,-0.00476628480642,-0.00652228447195,-0.0030102851409,0,0,0,1536,0,1200,2631680,2193.06666667,0.084203226449,11876.0294845,88,0.00584212972183,31,0.00205802297019
rfw_custom,arcface-7972a704552df378345f,20260829-R001-f57bd24c,step4_search_space_query_gallery_conditions_v6,validation_required,True,pca,pca_32,pca_direct_cosine,pca_projected_float32,pca_projected_float32,cosine_similarity,recalibrated_compressed,0.1,cosine_similarity,0.759020618557,0.0939041725897,0.317221879959,0.617166340351,0.998067010309,0.765463917526,0.766946417043,1,0.978737113402,1195,11959,0.0999247428715,1123,11959,0.0939041725897,0.0946775643747,0.105428862435,0.0888058546251,0.0992632982233,0.995788943771,0.999113801742,0.743660940467,0.773739969878,-0.0060205702818,-0.013546283134,0.00100551885609,-0.239046391753,-0.25418814433,-0.224548969072,128,0,1200,221184,184.32,0.0815934076879,12255.8920915,1719,0.114120693089,991,0.0657903472084
rfw_custom,arcface-7972a704552df378345f,20260829-R001-f57bd24c,step4_search_space_query_gallery_conditions_v6,validation_required,True,pca,pca_64,pca_direct_cosine,pca_projected_float32,pca_projected_float32,cosine_similarity,recalibrated_compressed,0.1,cosine_similarity,0.965528350515,0.0966636006355,0.317221879959,0.465609371662,0.998067010309,0.967783505155,0.96965784377,1,0.998389175258,1195,11959,0.0999247428715,1156,11959,0.0966636006355,0.0946775643747,0.105428862435,0.0914962762754,0.102089960472,0.995788943771,0.999113801742,0.958513125149,0.971392739835,-0.00326114223597,-0.0102851408981,0.00359770883853,-0.0325386597938,-0.0386597938144,-0.0264175257732,256,0,1200,440320,366.933333333,0.0784534355707,12746.4143887,1017,0.0675164309898,890,0.0590851755958
rfw_custom,arcface-7972a704552df378345f,20260829-R001-f57bd24c,step4_search_space_query_gallery_conditions_v6,validation_required,True,pca,pca_128,pca_direct_cosine,pca_projected_float32,pca_projected_float32,cosine_similarity,recalibrated_compressed,0.1,cosine_similarity,0.993556701031,0.101680742537,0.317221879959,0.364309281111,0.998067010309,0.994201030928,0.996126533247,1,0.999677835052,1195,11959,0.0999247428715,1216,11959,0.101680742537,0.0946775643747,0.105428862435,0.0963913014833,0.107225996899,0.995788943771,0.999113801742,0.990068249416,0.995825027509,0.00175599966552,-0.00359561836274,0.00736056526465,-0.00451030927835,-0.00677351804124,-0.00257731958763,512,0,1200,878592,732.16,0.0788857730862,12676.5570125,535,0.0355174931952,545,0.0361813715727
rfw_custom,arcface-7972a704552df378345f,20260829-R001-f57bd24c,step4_search_space_query_gallery_conditions_v6,validation_required,True,pca,pca_256,pca_direct_cosine,pca_projected_float32,pca_projected_float32,cosine_similarity,recalibrated_compressed,0.1,cosine_similarity,0.998067010309,0.101513504474,0.317221879959,0.316503196955,0.998067010309,0.998067010309,1,1,1,1195,11959,0.0999247428715,1214,11959,0.101513504474,0.0946775643747,0.105428862435,0.0962280667087,0.107054862952,0.995788943771,0.999113801742,0.995788943771,0.999113801742,0.00158876160214,-8.36190316916e-05,0.00326323271177,0,0,0,1024,0,1200,1755136,1462.61333333,0.0805800371771,12410.0215765,49,0.00325300404966,68,0.00451437296687
rfw_custom,arcface-7972a704552df378345f,20260829-R001-f57bd24c,step4_search_space_query_gallery_conditions_v6,validation_required,True,pca,pca_384,pca_direct_cosine,pca_projected_float32,pca_projected_float32,cosine_similarity,recalibrated_compressed,0.1,cosine_similarity,0.998067010309,0.101095409315,0.317221879959,0.31517136097,0.998067010309,0.998067010309,1,1,1,1195,11959,0.0999247428715,1209,11959,0.101095409315,0.0946775643747,0.105428862435,0.0958199996718,0.106627008186,0.995788943771,0.999113801742,0.995788943771,0.999113801742,0.00117066644368,-0.000418095158458,0.00275942804582,0,0,0,1536,0,1200,2631680,2193.06666667,0.084203226449,11876.0294845,43,0.00285467702317,57,0.00378410675164
rfw_custom,arcface-7972a704552df378345f,20260829-R001-f57bd24c,step4_search_space_query_gallery_conditions_v6,validation_required,True,pca,pca_32,pca_reconstruction_cosine,pca_reconstructed_float32,pca_reconstructed_float32,cosine_similarity,frozen_origin,0.1,cosine_similarity,0.854703608247,1,0.317221879959,0.317221879959,0.998067010309,0.978414948454,0.98030987734,1,0.978414948454,1195,11959,0.0999247428715,11959,11959,1,0.0946775643747,0.105428862435,0.999678884082,1,0.995788943771,0.999113801742,0.841867918582,0.866662432524,0.900075257129,0.894554310561,0.905426875157,-0.143363402062,-0.155927835052,-0.132087628866,128,0,1200,221184,184.32,0.0846227378346,11817.1548876,0,0,10768,0.714864236872
rfw_custom,arcface-7972a704552df378345f,20260829-R001-f57bd24c,step4_search_space_query_gallery_conditions_v6,validation_required,True,pca,pca_64,pca_reconstruction_cosine,pca_reconstructed_float32,pca_reconstructed_float32,cosine_similarity,frozen_origin,0.1,cosine_similarity,0.982925257732,0.999247428715,0.317221879959,0.317221879959,0.998067010309,0.997100515464,0.999031633312,1,0.998389175258,1195,11959,0.0999247428715,11950,11959,0.999247428715,0.0946775643747,0.105428862435,0.998570215846,0.99960400899,0.995788943771,0.999113801742,0.977734726993,0.986921945403,0.899322685843,0.893968977339,0.904757922903,-0.0151417525773,-0.0196520618557,-0.0109536082474,256,0,1200,440320,366.933333333,0.0898152824801,11133.9626441,1,6.63878377481e-05,10760,0.71433313417
rfw_custom,arcface-7972a704552df378345f,20260829-R001-f57bd24c,step4_search_space_query_gallery_conditions_v6,validation_required,True,pca,pca_128,pca_reconstruction_cosine,pca_reconstructed_float32,pca_reconstructed_float32,cosine_similarity,frozen_origin,0.1,cosine_similarity,0.996456185567,0.437243916715,0.317221879959,0.317221879959,0.998067010309,0.997422680412,0.999354422208,1,0.999355670103,1195,11959,0.0999247428715,5229,11959,0.437243916715,0.0946775643747,0.105428862435,0.428375045883,0.446153091503,0.995788943771,0.999113801742,0.993665067222,0.998020010939,0.337319173844,0.328453466009,0.345850405552,-0.00161082474227,-0.00322164948454,-0.000322164948454,512,0,1200,878592,732.16,0.0864636128264,11565.5588208,65,0.00431520945363,4099,0.27212374693
rfw_custom,arcface-7972a704552df378345f,20260829-R001-f57bd24c,step4_search_space_query_gallery_conditions_v6,validation_required,True,pca,pca_256,pca_reconstruction_cosine,pca_reconstructed_float32,pca_reconstructed_float32,cosine_similarity,frozen_origin,0.1,cosine_similarity,0.998067010309,0.104440170583,0.317221879959,0.317221879959,0.998067010309,0.998067010309,1,1,1,1195,11959,0.0999247428715,1249,11959,0.104440170583,0.0946775643747,0.105428862435,0.099085322518,0.110049059763,0.995788943771,0.999113801742,0.995788943771,0.999113801742,0.00451542771135,0.0030102851409,0.00610418931349,0,0,0,1024,0,1200,1755136,1462.61333333,0.0832245037508,12015.6919529,14,0.000929429728474,68,0.00451437296687
rfw_custom,arcface-7972a704552df378345f,20260829-R001-f57bd24c,step4_search_space_query_gallery_conditions_v6,validation_required,True,pca,pca_384,pca_reconstruction_cosine,pca_reconstructed_float32,pca_reconstructed_float32,cosine_similarity,frozen_origin,0.1,cosine_similarity,0.998067010309,0.100008361903,0.317221879959,0.317221879959,0.998067010309,0.998067010309,1,1,1,1195,11959,0.0999247428715,1196,11959,0.100008361903,0.0946775643747,0.105428862435,0.0947591593979,0.105514451773,0.995788943771,0.999113801742,0.995788943771,0.999113801742,8.36190316916e-05,0,0.000250857095075,0,0,0,1536,0,1200,2631680,2193.06666667,0.0901085374757,11097.7275629,0,0,1,6.63878377481e-05
rfw_custom,arcface-7972a704552df378345f,20260829-R001-f57bd24c,step4_search_space_query_gallery_conditions_v6,validation_required,True,pca,pca_32,pca_reconstruction_cosine,pca_reconstructed_float32,pca_reconstructed_float32,cosine_similarity,recalibrated_compressed,0.1,cosine_similarity,0.755154639175,0.0913956016389,0.317221879959,0.62128162384,0.998067010309,0.760631443299,0.762104583602,1,0.978414948454,1195,11959,0.0999247428715,1093,11959,0.0913956016389,0.0946775643747,0.105428862435,0.0863612067826,0.0966924152485,0.995788943771,0.999113801742,0.739718375345,0.769960133353,-0.00852914123254,-0.0158876160214,-0.00150514257045,-0.242912371134,-0.25837628866,-0.228414948454,128,0,1200,221184,184.32,0.0846227378346,11817.1548876,1735,0.115182898493,960,0.0637323242382
rfw_custom,arcface-7972a704552df378345f,20260829-R001-f57bd24c,step4_search_space_query_gallery_conditions_v6,validation_required,True,pca,pca_64,pca_reconstruction_cosine,pca_reconstructed_float32,pca_reconstructed_float32,cosine_similarity,recalibrated_compressed,0.1,cosine_similarity,0.965850515464,0.0945731248432,0.317221879959,0.468416213989,0.998067010309,0.967461340206,0.969335054874,1,0.998389175258,1195,11959,0.0999247428715,1131,11959,0.0945731248432,0.0946775643747,0.105428862435,0.0894579540263,0.0999486737068,0.995788943771,0.999113801742,0.958863717265,0.97168568119,-0.00535161802826,-0.0122940881345,0.00158876160214,-0.0322164948454,-0.038337628866,-0.0260953608247,256,0,1200,440320,366.933333333,0.0898152824801,11133.9626441,1026,0.0681139215296,873,0.0579565823541
rfw_custom,arcface-7972a704552df378345f,20260829-R001-f57bd24c,step4_search_space_query_gallery_conditions_v6,validation_required,True,pca,pca_128,pca_reconstruction_cosine,pca_reconstructed_float32,pca_reconstructed_float32,cosine_similarity,recalibrated_compressed,0.1,cosine_similarity,0.993878865979,0.100091980935,0.317221879959,0.366663277149,0.998067010309,0.994523195876,0.996449322143,1,0.999355670103,1195,11959,0.0999247428715,1197,11959,0.100091980935,0.0946775643747,0.105428862435,0.0948407555798,0.105600039951,0.995788943771,0.999113801742,0.990459063693,0.996077746702,0.000167238063383,-0.00510076093319,0.00543732753575,-0.0041881443299,-0.00644329896907,-0.00225515463918,512,0,1200,878592,732.16,0.0864636128264,11565.5588208,530,0.0351855540065,521,0.0345880634668
rfw_custom,arcface-7972a704552df378345f,20260829-R001-f57bd24c,step4_search_space_query_gallery_conditions_v6,validation_required,True,pca,pca_256,pca_reconstruction_cosine,pca_reconstructed_float32,pca_reconstructed_float32,cosine_similarity,recalibrated_compressed,0.1,cosine_similarity,0.998067010309,0.101179028347,0.317221879959,0.318503111601,0.998067010309,0.998067010309,1,1,1,1195,11959,0.0999247428715,1210,11959,0.101179028347,0.0946775643747,0.105428862435,0.0959016108,0.106712581419,0.995788943771,0.999113801742,0.995788943771,0.999113801742,0.00125428547537,-8.36190316916e-05,0.00259218998244,0,0,0,1024,0,1200,1755136,1462.61333333,0.0832245037508,12015.6919529,30,0.00199163513244,45,0.00298745269867
rfw_custom,arcface-7972a704552df378345f,20260829-R001-f57bd24c,step4_search_space_query_gallery_conditions_v6,validation_required,True,pca,pca_384,pca_reconstruction_cosine,pca_reconstructed_float32,pca_reconstructed_float32,cosine_similarity,recalibrated_compressed,0.1,cosine_similarity,0.998067010309,0.0997575048081,0.317221879959,0.317231476307,0.998067010309,0.998067010309,1,1,1,1195,11959,0.0999247428715,1193,11959,0.0997575048081,0.0946775643747,0.105428862435,0.0945143778094,0.10525768028,0.995788943771,0.999113801742,0.995788943771,0.999113801742,-0.000167238063383,-0.000418095158458,0,0,0,0,1536,0,1200,2631680,2193.06666667,0.0901085374757,11097.7275629,2,0.000132775675496,0,0
rfw_custom,arcface-7972a704552df378345f,20260829-R001-f57bd24c,step4_search_space_query_gallery_conditions_v6,validation_required,True,pq,pq_512_m8_b8,pq_adc_exhaustive,origin_float32,pq_code,squared_l2_asymmetric,recalibrated_compressed,0.1,negative_squared_l2_adc,0.805734536082,0.0954929341918,0.317221879959,-1.01540493965,0.998067010309,0.810567010309,0.812136862492,1,0.993556701031,1195,11959,0.0999247428715,1142,11959,0.0954929341918,0.0946775643747,0.105428862435,0.0903547210251,0.100890934674,0.995788943771,0.999113801742,0.791441969245,0.819271294333,-0.00443180867966,-0.0113742787859,0.00251066142654,-0.192332474227,-0.205549291237,-0.178479381443,8,524288,1200,533888,444.906666667,0.00578151762596,172964.966069,1484,0.0985195512182,890,0.0590851755958
rfw_custom,arcface-7972a704552df378345f,20260829-R001-f57bd24c,step4_search_space_query_gallery_conditions_v6,validation_required,True,pq,pq_512_m16_b8,pq_adc_exhaustive,origin_float32,pq_code,squared_l2_asymmetric,recalibrated_compressed,0.1,negative_squared_l2_adc,0.964884020619,0.0950748390334,0.317221879959,-1.07451725006,0.998067010309,0.965528350515,0.967398321498,1,0.997422680412,1195,11959,0.0999247428715,1137,11959,0.0950748390334,0.0946775643747,0.105428862435,0.0899470810586,0.100462652838,0.995788943771,0.999113801742,0.957812383737,0.970806414306,-0.00484990383811,-0.0112906597542,0.00167238063383,-0.0331829896907,-0.0396262886598,-0.0273840206186,16,524288,1200,543488,452.906666667,0.0105538936467,94751.7602012,933,0.061939852619,779,0.0517161256058
rfw_custom,arcface-7972a704552df378345f,20260829-R001-f57bd24c,step4_search_space_query_gallery_conditions_v6,validation_required,True,pq,pq_512_m32_b8,pq_adc_exhaustive,origin_float32,pq_code,squared_l2_asymmetric,recalibrated_compressed,0.1,negative_squared_l2_adc,0.990335051546,0.0943222677481,0.317221879959,-1.15175354481,0.998067010309,0.990657216495,0.992575855391,1,1,1195,11959,0.0999247428715,1128,11959,0.0943222677481,0.0946775643747,0.105428862435,0.0892134073457,0.0996916673056,0.995788943771,0.999113801742,0.986236369336,0.993221572883,-0.00560247512334,-0.0114558073418,0.000169328539176,-0.00773195876289,-0.0109536082474,-0.0048324742268,32,524288,1200,562688,468.906666667,0.0221703578306,45105.2710851,673,0.0446790148045,584,0.0387704972449
rfw_custom,arcface-7972a704552df378345f,20260829-R001-f57bd24c,step4_search_space_query_gallery_conditions_v6,validation_required,True,pq,pq_512_m64_b8,pq_adc_exhaustive,origin_float32,pq_code,squared_l2_asymmetric,recalibrated_compressed,0.1,negative_squared_l2_adc,0.997100515464,0.10084455222,0.317221879959,-1.24434876442,0.998067010309,0.997422680412,0.999354422208,1,1,1195,11959,0.0999247428715,1206,11959,0.10084455222,0.0946775643747,0.105428862435,0.0955751731449,0.106370281632,0.995788943771,0.999113801742,0.994498343429,0.998473801672,0.000919809348608,-0.0040137135212,0.00560456559913,-0.000966494845361,-0.00225515463918,0,64,524288,1200,601088,500.906666667,0.0239819358692,41698.0516275,448,0.0297417513112,457,0.0303392418509
rfw_custom,arcface-7972a704552df378345f,20260829-R001-f57bd24c,step4_search_space_query_gallery_conditions_v6,validation_required,True,pq,pq_512_m128_b8,pq_adc_exhaustive,origin_float32,pq_code,squared_l2_asymmetric,recalibrated_compressed,0.1,negative_squared_l2_adc,0.997744845361,0.0997575048081,0.317221879959,-1.31802475452,0.998067010309,0.997744845361,0.999677211104,1,1,1195,11959,0.0999247428715,1193,11959,0.0997575048081,0.0946775643747,0.105428862435,0.0945143778094,0.10525768028,0.995788943771,0.999113801742,0.995352044384,0.998907167658,-0.000167238063383,-0.00368132787022,0.00334685174346,-0.000322164948454,-0.000966494845361,0,128,524288,1200,677888,564.906666667,0.0578138883359,17296.881922,244,0.0161986324105,241,0.0159994688973
rfw_custom,arcface-7972a704552df378345f,20260829-R001-f57bd24c,step4_search_space_query_gallery_conditions_v6,validation_required,True,pq,pq_512_m8_b8,pq_one_sided_cosine,origin_float32,pq_reconstructed_float32,cosine_similarity,frozen_origin,0.1,cosine_similarity,0.208118556701,0,0.317221879959,0.317221879959,0.998067010309,0.208118556701,0.208521626856,1,0.993556701031,1195,11959,0.0999247428715,0,11959,0,0.0946775643747,0.105428862435,0,0.000321115918314,0.995788943771,0.999113801742,0.19420214403,0.222756531626,-0.0999247428715,-0.105192741868,-0.0946567438749,-0.789948453608,-0.804445876289,-0.775773195876,8,524288,1200,533888,444.906666667,0.0832861979682,12006.7913339,3649,0.242249219943,0,0
rfw_custom,arcface-7972a704552df378345f,20260829-R001-f57bd24c,step4_search_space_query_gallery_conditions_v6,validation_required,True,pq,pq_512_m16_b8,pq_one_sided_cosine,origin_float32,pq_reconstructed_float32,cosine_similarity,frozen_origin,0.1,cosine_similarity,0.684922680412,0.000167238063383,0.317221879959,0.317221879959,0.998067010309,0.684922680412,0.686249193028,1,0.997744845361,1195,11959,0.0999247428715,2,11959,0.000167238063383,0.0946775643747,0.105428862435,4.58639071983e-05,0.000609620732274,0.995788943771,0.999113801742,0.668360181867,0.701028030245,-0.0997575048081,-0.105109122836,-0.0944874153357,-0.313144329897,-0.32925257732,-0.297680412371,16,524288,1200,543488,452.906666667,0.0933366195311,10713.9084855,2167,0.1438624444,0,0
rfw_custom,arcface-7972a704552df378345f,20260829-R001-f57bd24c,step4_search_space_query_gallery_conditions_v6,validation_required,True,pq,pq_512_m32_b8,pq_one_sided_cosine,origin_float32,pq_reconstructed_float32,cosine_similarity,frozen_origin,0.1,cosine_similarity,0.946198453608,0.00108704741199,0.317221879959,0.317221879959,0.998067010309,0.946198453608,0.948030987734,1,0.999677835052,1195,11959,0.0999247428715,13,11959,0.00108704741199,0.0946775643747,0.105428862435,0.00063541019239,0.00185910241345,0.995788943771,0.999113801742,0.937695331695,0.953598525055,-0.0988376954595,-0.104107784932,-0.0935676059871,-0.051868556701,-0.0599226804124,-0.0441365979381,32,524288,1200,562688,468.906666667,0.107105901879,9336.55365817,1345,0.0892916417712,0,0
rfw_custom,arcface-7972a704552df378345f,20260829-R001-f57bd24c,step4_search_space_query_gallery_conditions_v6,validation_required,True,pq,pq_512_m64_b8,pq_one_sided_cosine,origin_float32,pq_reconstructed_float32,cosine_similarity,frozen_origin,0.1,cosine_similarity,0.989690721649,0.0167238063383,0.317221879959,0.317221879959,0.998067010309,0.989690721649,0.991607488702,1,0.999677835052,1195,11959,0.0999247428715,200,11959,0.0167238063383,0.0946775643747,0.105428862435,0.0145758326862,0.0191821553479,0.995788943771,0.999113801742,0.98548296339,0.992687911888,-0.0832009365332,-0.0882201689104,-0.0781837946317,-0.00837628865979,-0.0115979381443,-0.00547680412371,64,524288,1200,601088,500.906666667,0.082561096727,12112.2422018,1027,0.0681803093673,4,0.000265551350992
rfw_custom,arcface-7972a704552df378345f,20260829-R001-f57bd24c,step4_search_space_query_gallery_conditions_v6,validation_required,True,pq,pq_512_m128_b8,pq_one_sided_cosine,origin_float32,pq_reconstructed_float32,cosine_similarity,frozen_origin,0.1,cosine_similarity,0.997422680412,0.0628815118321,0.317221879959,0.317221879959,0.998067010309,0.997422680412,0.999354422208,1,1,1195,11959,0.0999247428715,752,11959,0.0628815118321,0.0946775643747,0.105428862435,0.0586696094542,0.0673741456195,0.995788943771,0.999113801742,0.994922229478,0.998693449094,-0.0370432310394,-0.0408060874655,-0.03361485074,-0.000644329896907,-0.00161082474227,0,128,524288,1200,677888,564.906666667,0.0868582885216,11513.0060357,490,0.0325300404966,45,0.00298745269867
rfw_custom,arcface-7972a704552df378345f,20260829-R001-f57bd24c,step4_search_space_query_gallery_conditions_v6,validation_required,True,pq,pq_512_m8_b8,pq_one_sided_cosine,origin_float32,pq_reconstructed_float32,cosine_similarity,recalibrated_compressed,0.1,cosine_similarity,0.804768041237,0.0965799816038,0.317221879959,0.2220685184,0.998067010309,0.810244845361,0.811814073596,1,0.993556701031,1195,11959,0.0999247428715,1155,11959,0.0965799816038,0.0946775643747,0.105428862435,0.0914147286874,0.1020043237,0.995788943771,0.999113801742,0.790450518741,0.818332144426,-0.00334476126766,-0.0102036123422,0.00359561836274,-0.193298969072,-0.206829896907,-0.179445876289,8,524288,1200,533888,444.906666667,0.0832861979682,12006.7913339,1480,0.0982539998672,894,0.0593507269468
rfw_custom,arcface-7972a704552df378345f,20260829-R001-f57bd24c,step4_search_space_query_gallery_conditions_v6,validation_required,True,pq,pq_512_m16_b8,pq_one_sided_cosine,origin_float32,pq_reconstructed_float32,cosine_similarity,recalibrated_compressed,0.1,cosine_similarity,0.965850515464,0.0915628397023,0.317221879959,0.222524985671,0.998067010309,0.966817010309,0.968689477082,1,0.997744845361,1195,11959,0.0999247428715,1095,11959,0.0915628397023,0.0946775643747,0.105428862435,0.0865241471748,0.0968638435774,0.995788943771,0.999113801742,0.958863717265,0.97168568119,-0.00836190316916,-0.014633330546,-0.0020068567606,-0.0322164948454,-0.0386597938144,-0.0267396907216,16,524288,1200,543488,452.906666667,0.0933366195311,10713.9084855,939,0.0623381796455,742,0.0492597756091
rfw_custom,arcface-7972a704552df378345f,20260829-R001-f57bd24c,step4_search_space_query_gallery_conditions_v6,validation_required,True,pq,pq_512_m32_b8,pq_one_sided_cosine,origin_float32,pq_reconstructed_float32,cosine_similarity,recalibrated_compressed,0.1,cosine_similarity,0.990335051546,0.0926498871143,0.317221879959,0.241079539061,0.998067010309,0.990979381443,0.992898644287,1,0.999677835052,1195,11959,0.0999247428715,1108,11959,0.0926498871143,0.0946775643747,0.105428862435,0.0875833863017,0.0979780011381,0.995788943771,0.999113801742,0.986236369336,0.993221572883,-0.00727485575717,-0.0131281879756,-0.00150514257045,-0.00773195876289,-0.0109536082474,-0.0048324742268,32,524288,1200,562688,468.906666667,0.107105901879,9336.55365817,669,0.0444134634535,560,0.0371771891389
rfw_custom,arcface-7972a704552df378345f,20260829-R001-f57bd24c,step4_search_space_query_gallery_conditions_v6,validation_required,True,pq,pq_512_m64_b8,pq_one_sided_cosine,origin_float32,pq_reconstructed_float32,cosine_similarity,recalibrated_compressed,0.1,cosine_similarity,0.997422680412,0.101513504474,0.317221879959,0.273484051228,0.998067010309,0.997744845361,0.999677211104,1,0.999677835052,1195,11959,0.0999247428715,1214,11959,0.101513504474,0.0946775643747,0.105428862435,0.0962280667087,0.107054862952,0.995788943771,0.999113801742,0.994922229478,0.998693449094,0.00158876160214,-0.00309390417259,0.00627142737687,-0.000644329896907,-0.00161082474227,0,64,524288,1200,601088,500.906666667,0.082561096727,12112.2422018,424,0.0281484432052,442,0.0293434242847
rfw_custom,arcface-7972a704552df378345f,20260829-R001-f57bd24c,step4_search_space_query_gallery_conditions_v6,validation_required,True,pq,pq_512_m128_b8,pq_one_sided_cosine,origin_float32,pq_reconstructed_float32,cosine_similarity,recalibrated_compressed,0.1,cosine_similarity,0.997744845361,0.10034283803,0.317221879959,0.304484784603,0.998067010309,0.997744845361,0.999677211104,1,1,1195,11959,0.0999247428715,1200,11959,0.10034283803,0.0946775643747,0.105428862435,0.0950855510646,0.105856797548,0.995788943771,0.999113801742,0.995352044384,0.998907167658,0.000418095158458,-0.00275942804582,0.00367923739443,-0.000322164948454,-0.000966494845361,0,128,524288,1200,677888,564.906666667,0.0868582885216,11513.0060357,197,0.0130784040364,201,0.0133439553874
rfw_custom,arcface-7972a704552df378345f,20260829-R001-f57bd24c,step4_search_space_query_gallery_conditions_v6,validation_required,True,pq,pq_512_m8_b8,pq_reconstruction_cosine,pq_reconstructed_float32,pq_reconstructed_float32,cosine_similarity,frozen_origin,0.1,cosine_similarity,0.312822164948,0.129275022995,0.317221879959,0.317221879959,0.998067010309,0.324097938144,0.324725629438,1,0.760631443299,1195,11959,0.0999247428715,1546,11959,0.129275022995,0.0946775643747,0.105428862435,0.123380755105,0.135407382269,0.995788943771,0.999113801742,0.296751344912,0.329355708682,0.0293502801238,0.0215737101764,0.0367108453884,-0.685244845361,-0.701030927835,-0.669136597938,8,524288,1200,533888,444.906666667,0.0821577773352,12171.7022105,2797,0.185686782182,1322,0.087764721503
rfw_custom,arcface-7972a704552df378345f,20260829-R001-f57bd24c,step4_search_space_query_gallery_conditions_v6,validation_required,True,pq,pq_512_m16_b8,pq_reconstruction_cosine,pq_reconstructed_float32,pq_reconstructed_float32,cosine_similarity,frozen_origin,0.1,cosine_similarity,0.390786082474,0.00225771385567,0.317221879959,0.317221879959,0.998067010309,0.390786082474,0.391542930923,1,0.95199742268,1195,11959,0.0999247428715,27,11959,0.00225771385567,0.0946775643747,0.105428862435,0.00155215811568,0.00328293553827,0.995788943771,0.999113801742,0.373766241062,0.408075912412,-0.0976670290158,-0.103269504139,-0.0922317919558,-0.607280927835,-0.623711340206,-0.590520296392,16,524288,1200,543488,452.906666667,0.0872733651992,11458.2495784,3071,0.203877049724,18,0.00119498107947
rfw_custom,arcface-7972a704552df378345f,20260829-R001-f57bd24c,step4_search_space_query_gallery_conditions_v6,validation_required,True,pq,pq_512_m32_b8,pq_reconstruction_cosine,pq_reconstructed_float32,pq_reconstructed_float32,cosine_similarity,frozen_origin,0.1,cosine_similarity,0.63756443299,0,0.317221879959,0.317221879959,0.998067010309,0.63756443299,0.638799225307,1,0.996456185567,1195,11959,0.0999247428715,0,11959,0,0.0946775643747,0.105428862435,0,0.000321115918314,0.995788943771,0.999113801742,0.620493174651,0.654295617286,-0.0999247428715,-0.105192741868,-0.0946567438749,-0.36050257732,-0.376932989691,-0.344394329897,32,524288,1200,562688,468.906666667,0.087219537941,11465.3210004,2316,0.153754232225,0,0
rfw_custom,arcface-7972a704552df378345f,20260829-R001-f57bd24c,step4_search_space_query_gallery_conditions_v6,validation_required,True,pq,pq_512_m64_b8,pq_reconstruction_cosine,pq_reconstructed_float32,pq_reconstructed_float32,cosine_similarity,frozen_origin,0.1,cosine_similarity,0.964239690722,0.00234133288737,0.317221879959,0.317221879959,0.998067010309,0.964239690722,0.966107165913,1,0.999677835052,1195,11959,0.0999247428715,28,11959,0.00234133288737,0.0946775643747,0.105428862435,0.00162044782973,0.00338183018479,0.995788943771,0.999113801742,0.957112219883,0.970219511219,-0.0975834099841,-0.102851408981,-0.0923969395434,-0.0338273195876,-0.0399484536082,-0.0280283505155,64,524288,1200,601088,500.906666667,0.0875007966543,11428.4673767,1274,0.0845781052911,0,0
rfw_custom,arcface-7972a704552df378345f,20260829-R001-f57bd24c,step4_search_space_query_gallery_conditions_v6,validation_required,True,pq,pq_512_m128_b8,pq_reconstruction_cosine,pq_reconstructed_float32,pq_reconstructed_float32,cosine_similarity,frozen_origin,0.1,cosine_similarity,0.994845360825,0.0406388494021,0.317221879959,0.317221879959,0.998067010309,0.994845360825,0.996772111039,1,0.999677835052,1195,11959,0.0999247428715,486,11959,0.0406388494021,0.0946775643747,0.105428862435,0.0372450002123,0.0443277149474,0.995788943771,0.999113801742,0.991642819326,0.996824591481,-0.0592858934694,-0.063717702149,-0.0549356133456,-0.00322164948454,-0.00515463917526,-0.00161082474227,128,524288,1200,677888,564.906666667,0.0962861514973,10385.7095174,746,0.0495253269601,26,0.00172608378145
rfw_custom,arcface-7972a704552df378345f,20260829-R001-f57bd24c,step4_search_space_query_gallery_conditions_v6,validation_required,True,pq,pq_512_m8_b8,pq_reconstruction_cosine,pq_reconstructed_float32,pq_reconstructed_float32,cosine_similarity,recalibrated_compressed,0.1,cosine_similarity,0.295425257732,0.0990049335229,0.317221879959,0.325688004494,0.998067010309,0.302835051546,0.303421562298,1,0.760631443299,1195,11959,0.0999247428715,1184,11959,0.0990049335229,0.0946775643747,0.105428862435,0.0937800959624,0.104487302881,0.995788943771,0.999113801742,0.279636069265,0.311720176918,-0.000919809348608,-0.00844552220085,0.00652228447195,-0.702641752577,-0.718427835052,-0.687177835052,8,524288,1200,533888,444.906666667,0.0821577773352,12171.7022105,2953,0.19604328487,1008,0.0669189404501
rfw_custom,arcface-7972a704552df378345f,20260829-R001-f57bd24c,step4_search_space_query_gallery_conditions_v6,validation_required,True,pq,pq_512_m16_b8,pq_reconstruction_cosine,pq_reconstructed_float32,pq_reconstructed_float32,cosine_similarity,recalibrated_compressed,0.1,cosine_similarity,0.66043814433,0.106196170248,0.317221879959,0.242188021541,0.998067010309,0.667847938144,0.669141381536,1,0.95199742268,1195,11959,0.0999247428715,1270,11959,0.106196170248,0.0946775643747,0.105428862435,0.100800322461,0.111844931392,0.995788943771,0.999113801742,0.643589421886,0.676890246461,0.00627142737687,-0.00108704741199,0.0137971402291,-0.337628865979,-0.354059278351,-0.321520618557,16,524288,1200,543488,452.906666667,0.0872733651992,11458.2495784,1940,0.128792405231,1075,0.0713669255792
rfw_custom,arcface-7972a704552df378345f,20260829-R001-f57bd24c,step4_search_space_query_gallery_conditions_v6,validation_required,True,pq,pq_512_m32_b8,pq_reconstruction_cosine,pq_reconstructed_float32,pq_reconstructed_float32,cosine_similarity,recalibrated_compressed,0.1,cosine_similarity,0.940399484536,0.0897232210051,0.317221879959,0.218164488673,0.998067010309,0.942010309278,0.943834732085,1,0.996456185567,1195,11959,0.0999247428715,1073,11959,0.0897232210051,0.0946775643747,0.105428862435,0.0847320926163,0.0949778422032,0.995788943771,0.999113801742,0.931513962705,0.948196291575,-0.0102015218664,-0.01680742537,-0.00359561836274,-0.0576675257732,-0.0653994845361,-0.0496134020619,32,524288,1200,562688,468.906666667,0.087219537941,11465.3210004,1079,0.0716324769302,789,0.0523800039833
rfw_custom,arcface-7972a704552df378345f,20260829-R001-f57bd24c,step4_search_space_query_gallery_conditions_v6,validation_required,True,pq,pq_512_m64_b8,pq_reconstruction_cosine,pq_reconstructed_float32,pq_reconstructed_float32,cosine_similarity,recalibrated_compressed,0.1,cosine_similarity,0.993234536082,0.0945731248432,0.317221879959,0.244688481092,0.998067010309,0.993556701031,0.995480955455,1,0.999677835052,1195,11959,0.0999247428715,1131,11959,0.0945731248432,0.0946775643747,0.105428862435,0.0894579540263,0.0999486737068,0.995788943771,0.999113801742,0.989679096608,0.995570646847,-0.00535161802826,-0.011121331215,0.000250857095075,-0.0048324742268,-0.00740979381443,-0.00257731958763,64,524288,1200,601088,500.906666667,0.0875007966543,11428.4673767,647,0.042952931023,569,0.0377746796787
rfw_custom,arcface-7972a704552df378345f,20260829-R001-f57bd24c,step4_search_space_query_gallery_conditions_v6,validation_required,True,pq,pq_512_m128_b8,pq_reconstruction_cosine,pq_reconstructed_float32,pq_reconstructed_float32,cosine_similarity,recalibrated_compressed,0.1,cosine_similarity,0.997422680412,0.101597123505,0.317221879959,0.292351812124,0.998067010309,0.997422680412,0.999354422208,1,0.999677835052,1195,11959,0.0999247428715,1215,11959,0.101597123505,0.0946775643747,0.105428862435,0.0963096835287,0.107140430493,0.995788943771,0.999113801742,0.994922229478,0.998693449094,0.00167238063383,-0.00217618529977,0.00560456559913,-0.000644329896907,-0.00161082474227,0,128,524288,1200,677888,564.906666667,0.0962861514973,10385.7095174,292,0.0193852486225,310,0.0205802297019
rfw_custom,arcface-7972a704552df378345f,20260829-R001-f57bd24c,step4_search_space_query_gallery_conditions_v6,validation_required,True,pq,pq_512_m128_b8,pq_sdc_exhaustive,pq_code,pq_code,squared_l2_symmetric,recalibrated_compressed,0.1,negative_squared_l2_sdc,0.996456185567,0.100510076093,0.317221879959,-1.26324903965,0.998067010309,0.996456185567,0.99838605552,1,1,1195,11959,0.0999247428715,1202,11959,0.100510076093,0.0946775643747,0.105428862435,0.0952487538242,0.10602796351,0.995788943771,0.999113801742,0.993665067222,0.998020010939,0.000585333221841,-0.00376494690191,0.00484990383811,-0.00161082474227,-0.00322164948454,-0.000322164948454,128,524288,1200,677888,564.906666667,0.0549737436101,18190.5021257,376,0.0249618269933,378,0.0250946026688
rfw_custom,arcface-7972a704552df378345f,20260829-R001-f57bd24c,step4_search_space_query_gallery_conditions_v6,validation_required,True,pca,pca_32,pca_direct_cosine,pca_projected_float32,pca_projected_float32,cosine_similarity,frozen_origin,0.2,cosine_similarity,0.856636597938,1,0.294691413641,0.294691413641,0.998067010309,0.978737113402,0.980632666236,1,0.978737113402,2337,11959,0.195417677063,11959,11959,1,0.188409253902,0.202621712689,0.999678884082,1,0.995788943771,0.999113801742,0.843867171381,0.868524380549,0.804582322937,0.797054519609,0.811524793043,-0.141430412371,-0.153672680412,-0.129510309278,128,0,1200,221184,184.32,0.0815934076879,12255.8920915,0,0,9625,0.638982938326
rfw_custom,arcface-7972a704552df378345f,20260829-R001-f57bd24c,step4_search_space_query_gallery_conditions_v6,validation_required,True,pca,pca_64,pca_direct_cosine,pca_projected_float32,pca_projected_float32,cosine_similarity,frozen_origin,0.2,cosine_similarity,0.982925257732,1,0.294691413641,0.294691413641,0.998067010309,0.998067010309,1,1,0.998389175258,2337,11959,0.195417677063,11959,11959,1,0.188409253902,0.202621712689,0.999678884082,1,0.995788943771,0.999113801742,0.977734726993,0.986921945403,0.804582322937,0.797054519609,0.811524793043,-0.0151417525773,-0.0196520618557,-0.0109536082474,256,0,1200,440320,366.933333333,0.0784534355707,12746.4143887,0,0,9625,0.638982938326
rfw_custom,arcface-7972a704552df378345f,20260829-R001-f57bd24c,step4_search_space_query_gallery_conditions_v6,validation_required,True,pca,pca_128,pca_direct_cosine,pca_projected_float32,pca_projected_float32,cosine_similarity,frozen_origin,0.2,cosine_similarity,0.997422680412,0.680909775065,0.294691413641,0.294691413641,0.998067010309,0.998389175258,1.0003227889,1,0.999677835052,2337,11959,0.195417677063,8143,11959,0.680909775065,0.188409253902,0.202621712689,0.672498672942,0.689204691171,0.995788943771,0.999113801742,0.994922229478,0.998693449094,0.485492098002,0.476373442596,0.494859520027,-0.000644329896907,-0.00161082474227,0,512,0,1200,878592,732.16,0.0788857730862,12676.5570125,79,0.0052446391821,5887,0.390825200823
rfw_custom,arcface-7972a704552df378345f,20260829-R001-f57bd24c,step4_search_space_query_gallery_conditions_v6,validation_required,True,pca,pca_256,pca_direct_cosine,pca_projected_float32,pca_projected_float32,cosine_similarity,frozen_origin,0.2,cosine_similarity,0.998067010309,0.191989296764,0.294691413641,0.294691413641,0.998067010309,0.998067010309,1,1,1,2337,11959,0.195417677063,2296,11959,0.191989296764,0.188409253902,0.202621712689,0.185029570572,0.199146837235,0.995788943771,0.999113801742,0.995788943771,0.999113801742,-0.00342838029936,-0.00602266075759,-0.000836190316916,0,0,0,1024,0,1200,1755136,1462.61333333,0.0805800371771,12410.0215765,146,0.00969262431123,105,0.00697072296355
rfw_custom,arcface-7972a704552df378345f,20260829-R001-f57bd24c,step4_search_space_query_gallery_conditions_v6,validation_required,True,pca,pca_384,pca_direct_cosine,pca_projected_float32,pca_projected_float32,cosine_similarity,frozen_origin,0.2,cosine_similarity,0.998067010309,0.18387825069,0.294691413641,0.294691413641,0.998067010309,0.998067010309,1,1,1,2337,11959,0.195417677063,2199,11959,0.18387825069,0.188409253902,0.202621712689,0.177037196617,0.190922328214,0.995788943771,0.999113801742,0.995788943771,0.999113801742,-0.0115394263734,-0.0138828497366,-0.00903085542269,0,0,0,1536,0,1200,2631680,2193.06666667,0.084203226449,11876.0294845,181,0.0120161986324,43,0.00285467702317
rfw_custom,arcface-7972a704552df378345f,20260829-R001-f57bd24c,step4_search_space_query_gallery_conditions_v6,validation_required,True,pca,pca_32,pca_direct_cosine,pca_projected_float32,pca_projected_float32,cosine_similarity,recalibrated_compressed,0.2,cosine_similarity,0.796713917526,0.186804916799,0.294691413641,0.592755675316,0.998067010309,0.810567010309,0.812136862492,1,0.978737113402,2337,11959,0.195417677063,2234,11959,0.186804916799,0.188409253902,0.202621712689,0.179920471809,0.193890505642,0.995788943771,0.999113801742,0.78219347774,0.810500848662,-0.00861276026424,-0.0181474203529,0.00142152353876,-0.201353092784,-0.215206185567,-0.1875,128,0,1200,221184,184.32,0.0815934076879,12255.8920915,2343,0.155546703844,1760,0.116842594437
rfw_custom,arcface-7972a704552df378345f,20260829-R001-f57bd24c,step4_search_space_query_gallery_conditions_v6,validation_required,True,pca,pca_64,pca_direct_cosine,pca_projected_float32,pca_projected_float32,cosine_similarity,recalibrated_compressed,0.2,cosine_similarity,0.97293814433,0.194414248683,0.294691413641,0.443592369556,0.998067010309,0.976804123711,0.97869593286,1,0.998389175258,2337,11959,0.195417677063,2325,11959,0.194414248683,0.188409253902,0.202621712689,0.187419990164,0.201604764101,0.995788943771,0.999113801742,0.966618899192,0.978088235616,-0.0010034283803,-0.0100363742788,0.00844552220085,-0.0251288659794,-0.0309278350515,-0.0196520618557,256,0,1200,440320,366.933333333,0.0784534355707,12746.4143887,1650,0.109539932284,1582,0.105025559318
rfw_custom,arcface-7972a704552df378345f,20260829-R001-f57bd24c,step4_search_space_query_gallery_conditions_v6,validation_required,True,pca,pca_128,pca_direct_cosine,pca_projected_float32,pca_projected_float32,cosine_similarity,recalibrated_compressed,0.2,cosine_similarity,0.995167525773,0.197090057697,0.294691413641,0.343837201595,0.998067010309,0.996134020619,0.998063266624,1,0.999677835052,2337,11959,0.195417677063,2357,11959,0.197090057697,0.188409253902,0.202621712689,0.190058187275,0.204316466528,0.995788943771,0.999113801742,0.992041721594,0.997069222683,0.00167238063383,-0.00535161802826,0.00911447445439,-0.00289948453608,-0.0048324742268,-0.00128865979381,512,0,1200,878592,732.16,0.0788857730862,12676.5570125,928,0.0616079134303,941,0.062470955321
rfw_custom,arcface-7972a704552df378345f,20260829-R001-f57bd24c,step4_search_space_query_gallery_conditions_v6,validation_required,True,pca,pca_256,pca_direct_cosine,pca_projected_float32,pca_projected_float32,cosine_similarity,recalibrated_compressed,0.2,cosine_similarity,0.998067010309,0.19625386738,0.294691413641,0.293916702271,0.998067010309,0.998067010309,1,1,1,2337,11959,0.195417677063,2347,11959,0.19625386738,0.188409253902,0.202621712689,0.189233695603,0.203469114594,0.995788943771,0.999113801742,0.995788943771,0.999113801742,0.000836190316916,-0.00175599966552,0.00342838029936,0,0,0,1024,0,1200,1755136,1462.61333333,0.0805800371771,12410.0215765,121,0.00803292836752,131,0.008696806745
rfw_custom,arcface-7972a704552df378345f,20260829-R001-f57bd24c,step4_search_space_query_gallery_conditions_v6,validation_required,True,pca,pca_384,pca_direct_cosine,pca_projected_float32,pca_projected_float32,cosine_similarity,recalibrated_compressed,0.2,cosine_similarity,0.998067010309,0.198427962204,0.294691413641,0.292298465967,0.998067010309,0.998067010309,1,1,1,2337,11959,0.195417677063,2373,11959,0.198427962204,0.188409253902,0.202621712689,0.191377477291,0.205672126282,0.995788943771,0.999113801742,0.995788943771,0.999113801742,0.0030102851409,0.000836190316916,0.00527008947236,0,0,0,1536,0,1200,2631680,2193.06666667,0.084203226449,11876.0294845,79,0.0052446391821,115,0.00763460134103
rfw_custom,arcface-7972a704552df378345f,20260829-R001-f57bd24c,step4_search_space_query_gallery_conditions_v6,validation_required,True,pca,pca_32,pca_reconstruction_cosine,pca_reconstructed_float32,pca_reconstructed_float32,cosine_similarity,frozen_origin,0.2,cosine_similarity,0.854703608247,1,0.294691413641,0.294691413641,0.998067010309,0.978414948454,0.98030987734,1,0.978414948454,2337,11959,0.195417677063,11959,11959,1,0.188409253902,0.202621712689,0.999678884082,1,0.995788943771,0.999113801742,0.841867918582,0.866662432524,0.804582322937,0.797054519609,0.811524793043,-0.143363402062,-0.155927835052,-0.132087628866,128,0,1200,221184,184.32,0.0846227378346,11817.1548876,0,0,9625,0.638982938326
rfw_custom,arcface-7972a704552df378345f,20260829-R001-f57bd24c,step4_search_space_query_gallery_conditions_v6,validation_required,True,pca,pca_64,pca_reconstruction_cosine,pca_reconstructed_float32,pca_reconstructed_float32,cosine_similarity,frozen_origin,0.2,cosine_similarity,0.982925257732,1,0.294691413641,0.294691413641,0.998067010309,0.998067010309,1,1,0.998389175258,2337,11959,0.195417677063,11959,11959,1,0.188409253902,0.202621712689,0.999678884082,1,0.995788943771,0.999113801742,0.977734726993,0.986921945403,0.804582322937,0.797054519609,0.811524793043,-0.0151417525773,-0.0196520618557,-0.0109536082474,256,0,1200,440320,366.933333333,0.0898152824801,11133.9626441,0,0,9625,0.638982938326
rfw_custom,arcface-7972a704552df378345f,20260829-R001-f57bd24c,step4_search_space_query_gallery_conditions_v6,validation_required,True,pca,pca_128,pca_reconstruction_cosine,pca_reconstructed_float32,pca_reconstructed_float32,cosine_similarity,frozen_origin,0.2,cosine_similarity,0.997100515464,0.694874153357,0.294691413641,0.294691413641,0.998067010309,0.998389175258,1.0003227889,1,0.999355670103,2337,11959,0.195417677063,8310,11959,0.694874153357,0.188409253902,0.202621712689,0.686560017643,0.703063134686,0.995788943771,0.999113801742,0.994498343429,0.998473801672,0.499456476294,0.490423530396,0.508821807843,-0.000966494845361,-0.00225515463918,0,512,0,1200,878592,732.16,0.0864636128264,11565.5588208,63,0.00418243377813,6038,0.400849764323
rfw_custom,arcface-7972a704552df378345f,20260829-R001-f57bd24c,step4_search_space_query_gallery_conditions_v6,validation_required,True,pca,pca_256,pca_reconstruction_cosine,pca_reconstructed_float32,pca_reconstructed_float32,cosine_similarity,frozen_origin,0.2,cosine_similarity,0.998067010309,0.203277866042,0.294691413641,0.294691413641,0.998067010309,0.998067010309,1,1,1,2337,11959,0.195417677063,2431,11959,0.203277866042,0.188409253902,0.202621712689,0.19616095576,0.210585340725,0.995788943771,0.999113801742,0.995788943771,0.999113801742,0.00786018897901,0.0059369512501,0.00986704573961,0,0,0,1024,0,1200,1755136,1462.61333333,0.0832245037508,12015.6919529,25,0.0016596959437,119,0.00790015269203
rfw_custom,arcface-7972a704552df378345f,20260829-R001-f57bd24c,step4_search_space_query_gallery_conditions_v6,validation_required,True,pca,pca_384,pca_reconstruction_cosine,pca_reconstructed_float32,pca_reconstructed_float32,cosine_similarity,frozen_origin,0.2,cosine_similarity,0.998067010309,0.195417677063,0.294691413641,0.294691413641,0.998067010309,0.998067010309,1,1,1,2337,11959,0.195417677063,2337,11959,0.195417677063,0.188409253902,0.202621712689,0.188409253902,0.202621712689,0.995788943771,0.999113801742,0.995788943771,0.999113801742,0,0,0,0,0,0,1536,0,1200,2631680,2193.06666667,0.0901085374757,11097.7275629,0,0,0,0
rfw_custom,arcface-7972a704552df378345f,20260829-R001-f57bd24c,step4_search_space_query_gallery_conditions_v6,validation_required,True,pca,pca_32,pca_reconstruction_cosine,pca_reconstructed_float32,pca_reconstructed_float32,cosine_similarity,recalibrated_compressed,0.2,cosine_similarity,0.794458762887,0.183460155531,0.294691413641,0.596336603165,0.998067010309,0.80831185567,0.809877340219,1,0.978414948454,2337,11959,0.195417677063,2194,11959,0.183460155531,0.188409253902,0.202621712689,0.176625353728,0.1904982493,0.995788943771,0.999113801742,0.779883087344,0.808306504764,-0.0119575215319,-0.0209883769546,-0.00200476628481,-0.203608247423,-0.217461340206,-0.189755154639,128,0,1200,221184,184.32,0.0846227378346,11817.1548876,2350,0.156011418708,1722,0.114319856602
rfw_custom,arcface-7972a704552df378345f,20260829-R001-f57bd24c,step4_search_space_query_gallery_conditions_v6,validation_required,True,pca,pca_64,pca_reconstruction_cosine,pca_reconstructed_float32,pca_reconstructed_float32,cosine_similarity,recalibrated_compressed,0.2,cosine_similarity,0.972293814433,0.19081863032,0.294691413641,0.446264564991,0.998067010309,0.975193298969,0.97708198838,1,0.998389175258,2337,11959,0.195417677063,2282,11959,0.19081863032,0.188409253902,0.202621712689,0.183875728747,0.197960098012,0.995788943771,0.999113801742,0.965910180779,0.977509887087,-0.00459904674304,-0.0139664687683,0.00460113721883,-0.0257731958763,-0.0312580541237,-0.0202963917526,256,0,1200,440320,366.933333333,0.0898152824801,11133.9626441,1671,0.110934076877,1556,0.103299475536
rfw_custom,arcface-7972a704552df378345f,20260829-R001-f57bd24c,step4_search_space_query_gallery_conditions_v6,validation_required,True,pca,pca_128,pca_reconstruction_cosine,pca_reconstructed_float32,pca_reconstructed_float32,cosine_similarity,recalibrated_compressed,0.2,cosine_similarity,0.995489690722,0.197173676729,0.294691413641,0.345832020044,0.998067010309,0.996134020619,0.998063266624,1,0.999355670103,2337,11959,0.195417677063,2358,11959,0.197173676729,0.188409253902,0.202621712689,0.190140639181,0.204401198982,0.995788943771,0.999113801742,0.992443119594,0.997311358154,0.00175599966552,-0.00526799899657,0.00920018396187,-0.00257731958763,-0.00451030927835,-0.000966494845361,512,0,1200,878592,732.16,0.0864636128264,11565.5588208,920,0.0610768107283,935,0.0620726282945
rfw_custom,arcface-7972a704552df378345f,20260829-R001-f57bd24c,step4_search_space_query_gallery_conditions_v6,validation_required,True,pca,pca_256,pca_reconstruction_cosine,pca_reconstructed_float32,pca_reconstructed_float32,cosine_similarity,recalibrated_compressed,0.2,cosine_similarity,0.998067010309,0.195417677063,0.294691413641,0.296021431684,0.998067010309,0.998067010309,1,1,1,2337,11959,0.195417677063,2337,11959,0.195417677063,0.188409253902,0.202621712689,0.188409253902,0.202621712689,0.995788943771,0.999113801742,0.995788943771,0.999113801742,0,-0.00175599966552,0.00183961869722,0,0,0,1024,0,1200,1755136,1462.61333333,0.0832245037508,12015.6919529,63,0.00418243377813,63,0.00418243377813
rfw_custom,arcface-7972a704552df378345f,20260829-R001-f57bd24c,step4_search_space_query_gallery_conditions_v6,validation_required,True,pca,pca_384,pca_reconstruction_cosine,pca_reconstructed_float32,pca_reconstructed_float32,cosine_similarity,recalibrated_compressed,0.2,cosine_similarity,0.998067010309,0.195417677063,0.294691413641,0.294701367617,0.998067010309,0.998067010309,1,1,1,2337,11959,0.195417677063,2337,11959,0.195417677063,0.188409253902,0.202621712689,0.188409253902,0.202621712689,0.995788943771,0.999113801742,0.995788943771,0.999113801742,0,0,0,0,0,0,1536,0,1200,2631680,2193.06666667,0.0901085374757,11097.7275629,0,0,0,0
rfw_custom,arcface-7972a704552df378345f,20260829-R001-f57bd24c,step4_search_space_query_gallery_conditions_v6,validation_required,True,pq,pq_512_m8_b8,pq_adc_exhaustive,origin_float32,pq_code,squared_l2_asymmetric,recalibrated_compressed,0.2,negative_squared_l2_adc,0.851481958763,0.193578058366,0.294691413641,-1.02747678757,0.998067010309,0.863079896907,0.86475145255,1,0.993556701031,2337,11959,0.195417677063,2315,11959,0.193578058366,0.188409253902,0.202621712689,0.186595659256,0.200757251403,0.995788943771,0.999113801742,0.838537487082,0.863557529318,-0.00183961869722,-0.0108704741199,0.00777656994732,-0.146585051546,-0.158835373711,-0.134664948454,8,524288,1200,533888,444.906666667,0.00578151762596,172964.966069,1970,0.130784040364,1588,0.105423886344
rfw_custom,arcface-7972a704552df378345f,20260829-R001-f57bd24c,step4_search_space_query_gallery_conditions_v6,validation_required,True,pq,pq_512_m16_b8,pq_adc_exhaustive,origin_float32,pq_code,squared_l2_asymmetric,recalibrated_compressed,0.2,negative_squared_l2_adc,0.974548969072,0.193745296429,0.294691413641,-1.0892598629,0.998067010309,0.975837628866,0.977727566172,1,0.997422680412,2337,11959,0.195417677063,2317,11959,0.193745296429,0.188409253902,0.202621712689,0.186760521385,0.200926757995,0.995788943771,0.999113801742,0.968394435373,0.979530366788,-0.00167238063383,-0.0103729408813,0.00727694623296,-0.0235180412371,-0.0286726804124,-0.0186855670103,16,524288,1200,543488,452.906666667,0.0105538936467,94751.7602012,1483,0.0984531633805,1401,0.0930093606851
rfw_custom,arcface-7972a704552df378345f,20260829-R001-f57bd24c,step4_search_space_query_gallery_conditions_v6,validation_required,True,pq,pq_512_m32_b8,pq_adc_exhaustive,origin_float32,pq_code,squared_l2_asymmetric,recalibrated_compressed,0.2,negative_squared_l2_adc,0.993556701031,0.187473869053,0.294691413641,-1.17260205746,0.998067010309,0.994201030928,0.996126533247,1,1,2337,11959,0.195417677063,2242,11959,0.187473869053,0.188409253902,0.202621712689,0.180579597508,0.194568854829,0.995788943771,0.999113801742,0.990068249416,0.995825027509,-0.0079438080107,-0.015720377958,-0.000250857095075,-0.00451030927835,-0.00677351804124,-0.00257731958763,32,524288,1200,562688,468.906666667,0.0221703578306,45105.2710851,1174,0.0779393215163,1067,0.0708358228772
rfw_custom,arcface-7972a704552df378345f,20260829-R001-f57bd24c,step4_search_space_query_gallery_conditions_v6,validation_required,True,pq,pq_512_m64_b8,pq_adc_exhaustive,origin_float32,pq_code,squared_l2_asymmetric,recalibrated_compressed,0.2,negative_squared_l2_adc,0.997744845361,0.205284722803,0.294691413641,-1.2751967907,0.998067010309,0.998389175258,1.0003227889,1,1,2337,11959,0.195417677063,2455,11959,0.205284722803,0.188409253902,0.202621712689,0.198140801308,0.212617919832,0.995788943771,0.999113801742,0.995352044384,0.998907167658,0.00986704573961,0.00342838029936,0.0164729492432,-0.000322164948454,-0.00161082474227,0.000644329896907,64,524288,1200,601088,500.906666667,0.0239819358692,41698.0516275,716,0.0475336918277,834,0.0553674566819
rfw_custom,arcface-7972a704552df378345f,20260829-R001-f57bd24c,step4_search_space_query_gallery_conditions_v6,validation_required,True,pq,pq_512_m128_b8,pq_adc_exhaustive,origin_float32,pq_code,squared_l2_asymmetric,recalibrated_compressed,0.2,negative_squared_l2_adc,0.997744845361,0.19132034451,0.294691413641,-1.3572551012,0.998067010309,0.997744845361,0.999677211104,1,1,2337,11959,0.195417677063,2288,11959,0.19132034451,0.188409253902,0.202621712689,0.184370220045,0.198468712878,0.995788943771,0.999113801742,0.995352044384,0.998907167658,-0.00409733255289,-0.00877999832762,0.000752571285225,-0.000322164948454,-0.000966494845361,0,128,524288,1200,677888,564.906666667,0.0578138883359,17296.881922,464,0.0308039567151,413,0.02741817699
rfw_custom,arcface-7972a704552df378345f,20260829-R001-f57bd24c,step4_search_space_query_gallery_conditions_v6,validation_required,True,pq,pq_512_m8_b8,pq_one_sided_cosine,origin_float32,pq_reconstructed_float32,cosine_similarity,frozen_origin,0.2,cosine_similarity,0.353737113402,0.000668952253533,0.294691413641,0.294691413641,0.998067010309,0.353737113402,0.354422207876,1,0.993556701031,2337,11959,0.195417677063,8,11959,0.000668952253533,0.188409253902,0.202621712689,0.000339012377246,0.0013195784257,0.995788943771,0.999113801742,0.337107089822,0.370728714536,-0.19474872481,-0.201858432979,-0.187724726148,-0.644329896907,-0.66043814433,-0.627899484536,8,524288,1200,533888,444.906666667,0.0832861979682,12006.7913339,4330,0.287459337449,2,0.000132775675496
rfw_custom,arcface-7972a704552df378345f,20260829-R001-f57bd24c,step4_search_space_query_gallery_conditions_v6,validation_required,True,pq,pq_512_m16_b8,pq_one_sided_cosine,origin_float32,pq_reconstructed_float32,cosine_similarity,frozen_origin,0.2,cosine_similarity,0.798324742268,0.000836190316916,0.294691413641,0.294691413641,0.998067010309,0.798324742268,0.799870884442,1,0.997744845361,2337,11959,0.195417677063,10,11959,0.000836190316916,0.188409253902,0.202621712689,0.000454278508919,0.00153868101518,0.995788943771,0.999113801742,0.783844175045,0.81206781871,-0.194581486746,-0.20168910444,-0.187808345179,-0.199742268041,-0.21328125,-0.185889175258,16,524288,1200,543488,452.906666667,0.0933366195311,10713.9084855,2950,0.195844121357,0,0
rfw_custom,arcface-7972a704552df378345f,20260829-R001-f57bd24c,step4_search_space_query_gallery_conditions_v6,validation_required,True,pq,pq_512_m32_b8,pq_one_sided_cosine,origin_float32,pq_reconstructed_float32,cosine_similarity,frozen_origin,0.2,cosine_similarity,0.971327319588,0.00451542771135,0.294691413641,0.294691413641,0.998067010309,0.971327319588,0.973208521627,1,0.999677835052,2337,11959,0.195417677063,54,11959,0.00451542771135,0.188409253902,0.202621712689,0.0034626182859,0.00588645310368,0.995788943771,0.999113801742,0.964848617184,0.976640850271,-0.190902249352,-0.198177105109,-0.183794631658,-0.0267396907216,-0.0322164948454,-0.0215850515464,32,524288,1200,562688,468.906666667,0.107105901879,9336.55365817,2375,0.157671114652,7,0.000464714864237
rfw_custom,arcface-7972a704552df378345f,20260829-R001-f57bd24c,step4_search_space_query_gallery_conditions_v6,validation_required,True,pq,pq_512_m64_b8,pq_one_sided_cosine,origin_float32,pq_reconstructed_float32,cosine_similarity,frozen_origin,0.2,cosine_similarity,0.994523195876,0.0419767539092,0.294691413641,0.294691413641,0.998067010309,0.994845360825,0.996772111039,1,0.999677835052,2337,11959,0.195417677063,502,11959,0.0419767539092,0.188409253902,0.202621712689,0.0385272765618,0.0457203883672,0.995788943771,0.999113801742,0.991246196132,0.996577681205,-0.153440923154,-0.159965298102,-0.146918638682,-0.00354381443299,-0.00579896907216,-0.00161082474227,64,524288,1200,601088,500.906666667,0.082561096727,12112.2422018,1865,0.1238133174,19,0.00126136891721
rfw_custom,arcface-7972a704552df378345f,20260829-R001-f57bd24c,step4_search_space_query_gallery_conditions_v6,validation_required,True,pq,pq_512_m128_b8,pq_one_sided_cosine,origin_float32,pq_reconstructed_float32,cosine_similarity,frozen_origin,0.2,cosine_similarity,0.997744845361,0.134543021992,0.294691413641,0.294691413641,0.998067010309,0.997744845361,0.999677211104,1,1,2337,11959,0.195417677063,1609,11959,0.134543021992,0.188409253902,0.202621712689,0.128544421994,0.140776330096,0.995788943771,0.999113801742,0.995352044384,0.998907167658,-0.0608746550715,-0.0656430303537,-0.0563592273601,-0.000322164948454,-0.000966494845361,0,128,524288,1200,677888,564.906666667,0.0868582885216,11513.0060357,808,0.0536413729005,78,0.00517825134435
rfw_custom,arcface-7972a704552df378345f,20260829-R001-f57bd24c,step4_search_space_query_gallery_conditions_v6,validation_required,True,pq,pq_512_m8_b8,pq_one_sided_cosine,origin_float32,pq_reconstructed_float32,cosine_similarity,recalibrated_compressed,0.2,cosine_similarity,0.851159793814,0.189564344845,0.294691413641,0.209605425596,0.998067010309,0.861791237113,0.863460296966,1,0.993556701031,2337,11959,0.195417677063,2267,11959,0.189564344845,0.188409253902,0.202621712689,0.182639581889,0.196688479461,0.995788943771,0.999113801742,0.838204556069,0.863246926861,-0.00585333221841,-0.0154695208629,0.00342838029936,-0.146907216495,-0.159471649485,-0.134664948454,8,524288,1200,533888,444.906666667,0.0832861979682,12006.7913339,1975,0.131115979553,1532,0.10170616743
rfw_custom,arcface-7972a704552df378345f,20260829-R001-f57bd24c,step4_search_space_query_gallery_conditions_v6,validation_required,True,pq,pq_512_m16_b8,pq_one_sided_cosine,origin_float32,pq_reconstructed_float32,cosine_similarity,recalibrated_compressed,0.2,cosine_similarity,0.975515463918,0.190735011289,0.294691413641,0.209328740835,0.998067010309,0.976804123711,0.97869593286,1,0.997744845361,2337,11959,0.195417677063,2281,11959,0.190735011289,0.188409253902,0.202621712689,0.183793315335,0.197875327064,0.995788943771,0.999113801742,0.969462478462,0.980392924111,-0.00468266577473,-0.0129651308638,0.00434818964796,-0.0225515463918,-0.0280283505155,-0.0173969072165,16,524288,1200,543488,452.906666667,0.0933366195311,10713.9084855,1488,0.0987851025692,1371,0.0910177255527
rfw_custom,arcface-7972a704552df378345f,20260829-R001-f57bd24c,step4_search_space_query_gallery_conditions_v6,validation_required,True,pq,pq_512_m32_b8,pq_one_sided_cosine,origin_float32,pq_reconstructed_float32,cosine_similarity,recalibrated_compressed,0.2,cosine_similarity,0.993878865979,0.183460155531,0.294691413641,0.22629404068,0.998067010309,0.994845360825,0.996772111039,1,0.999677835052,2337,11959,0.195417677063,2194,11959,0.183460155531,0.188409253902,0.202621712689,0.176625353728,0.1904982493,0.995788943771,0.999113801742,0.990459063693,0.996077746702,-0.0119575215319,-0.0195668534158,-0.00434818964796,-0.0041881443299,-0.00644329896907,-0.00225515463918,32,524288,1200,562688,468.906666667,0.107105901879,9336.55365817,1184,0.0786031998938,1031,0.0684458607183
rfw_custom,arcface-7972a704552df378345f,20260829-R001-f57bd24c,step4_search_space_query_gallery_conditions_v6,validation_required,True,pq,pq_512_m64_b8,pq_one_sided_cosine,origin_float32,pq_reconstructed_float32,cosine_similarity,recalibrated_compressed,0.2,cosine_similarity,0.997422680412,0.202943389916,0.294691413641,0.254859894514,0.998067010309,0.997744845361,0.999677211104,1,0.999677835052,2337,11959,0.195417677063,2427,11959,0.202943389916,0.188409253902,0.202621712689,0.195831008318,0.210246550725,0.995788943771,0.999113801742,0.994922229478,0.998693449094,0.00752571285225,0.00141943306297,0.0138807592608,-0.000644329896907,-0.00161082474227,0,64,524288,1200,601088,500.906666667,0.082561096727,12112.2422018,684,0.0454092810197,773,0.0513177985793
rfw_custom,arcface-7972a704552df378345f,20260829-R001-f57bd24c,step4_search_space_query_gallery_conditions_v6,validation_required,True,pq,pq_512_m128_b8,pq_one_sided_cosine,origin_float32,pq_reconstructed_float32,cosine_similarity,recalibrated_compressed,0.2,cosine_similarity,0.998067010309,0.191822058701,0.294691413641,0.283747375011,0.998067010309,0.998067010309,1,1,1,2337,11959,0.195417677063,2294,11959,0.191822058701,0.188409253902,0.202621712689,0.184864729861,0.198977309225,0.995788943771,0.999113801742,0.995788943771,0.999113801742,-0.00359561836274,-0.0079438080107,0.000668952253533,0,0,0,128,524288,1200,677888,564.906666667,0.0868582885216,11513.0060357,389,0.025824868884,345,0.0229038040231
rfw_custom,arcface-7972a704552df378345f,20260829-R001-f57bd24c,step4_search_space_query_gallery_conditions_v6,validation_required,True,pq,pq_512_m8_b8,pq_reconstruction_cosine,pq_reconstructed_float32,pq_reconstructed_float32,cosine_similarity,frozen_origin,0.2,cosine_similarity,0.350515463918,0.242746049001,0.294691413641,0.294691413641,0.998067010309,0.37081185567,0.371530019367,1,0.760631443299,2337,11959,0.195417677063,2903,11959,0.242746049001,0.188409253902,0.202621712689,0.23514526732,0.250512047359,0.995788943771,0.999113801742,0.333924443857,0.367476025795,0.0473283719375,0.0374613261978,0.0577013128188,-0.647551546392,-0.663659793814,-0.631121134021,8,524288,1200,533888,444.906666667,0.0821577773352,12171.7022105,3134,0.208059483503,2225,0.14771293899
rfw_custom,arcface-7972a704552df378345f,20260829-R001-f57bd24c,step4_search_space_query_gallery_conditions_v6,validation_required,True,pq,pq_512_m16_b8,pq_reconstruction_cosine,pq_reconstructed_float32,pq_reconstructed_float32,cosine_similarity,frozen_origin,0.2,cosine_similarity,0.471005154639,0.00685676059871,0.294691413641,0.294691413641,0.998067010309,0.471005154639,0.471917366043,1,0.95199742268,2337,11959,0.195417677063,82,11959,0.00685676059871,0.188409253902,0.202621712689,0.00552790649328,0.0085023269925,0.995788943771,0.999113801742,0.453491761684,0.488590225964,-0.188560916465,-0.195919391253,-0.18170206539,-0.52706185567,-0.544144652062,-0.509342783505,16,524288,1200,543488,452.906666667,0.0872733651992,11458.2495784,3929,0.260837814512,44,0.00292106486092
rfw_custom,arcface-7972a704552df378345f,20260829-R001-f57bd24c,step4_search_space_query_gallery_conditions_v6,validation_required,True,pq,pq_512_m32_b8,pq_reconstruction_cosine,pq_reconstructed_float32,pq_reconstructed_float32,cosine_similarity,frozen_origin,0.2,cosine_similarity,0.734536082474,0.00050171419015,0.294691413641,0.294691413641,0.998067010309,0.734536082474,0.735958683021,1,0.996456185567,2337,11959,0.195417677063,6,11959,0.00050171419015,0.188409253902,0.202621712689,0.000229959756905,0.00109426232488,0.995788943771,0.999113801742,0.71871860658,0.74977376,-0.194915962873,-0.202109290074,-0.187724726148,-0.263530927835,-0.278672680412,-0.248389175258,32,524288,1200,562688,468.906666667,0.087219537941,11465.3210004,3153,0.20932085242,1,6.63878377481e-05
rfw_custom,arcface-7972a704552df378345f,20260829-R001-f57bd24c,step4_search_space_query_gallery_conditions_v6,validation_required,True,pq,pq_512_m64_b8,pq_reconstruction_cosine,pq_reconstructed_float32,pq_reconstructed_float32,cosine_similarity,frozen_origin,0.2,cosine_similarity,0.975837628866,0.0069403796304,0.294691413641,0.294691413641,0.998067010309,0.975837628866,0.977727566172,1,0.999677835052,2337,11959,0.195417677063,83,11959,0.0069403796304,0.188409253902,0.202621712689,0.00560262511782,0.00859479272855,0.995788943771,0.999113801742,0.969818971961,0.980679964082,-0.188477297433,-0.195668534158,-0.181453298771,-0.0222293814433,-0.0273840206186,-0.0173969072165,64,524288,1200,601088,500.906666667,0.0875007966543,11428.4673767,2330,0.154683661953,5,0.000331939188741
rfw_custom,arcface-7972a704552df378345f,20260829-R001-f57bd24c,step4_search_space_query_gallery_conditions_v6,validation_required,True,pq,pq_512_m128_b8,pq_reconstruction_cosine,pq_reconstructed_float32,pq_reconstructed_float32,cosine_similarity,frozen_origin,0.2,cosine_similarity,0.997100515464,0.0918136967974,0.294691413641,0.294691413641,0.998067010309,0.997100515464,0.999031633312,1,0.999677835052,2337,11959,0.195417677063,1098,11959,0.0918136967974,0.188409253902,0.202621712689,0.0867685675397,0.0971209762943,0.995788943771,0.999113801742,0.994498343429,0.998473801672,-0.103603980266,-0.109373693453,-0.098168743206,-0.000966494845361,-0.00225515463918,0,128,524288,1200,677888,564.906666667,0.0962861514973,10385.7095174,1283,0.0851755958308,40,0.00265551350992
rfw_custom,arcface-7972a704552df378345f,20260829-R001-f57bd24c,step4_search_space_query_gallery_conditions_v6,validation_required,True,pq,pq_512_m8_b8,pq_reconstruction_cosine,pq_reconstructed_float32,pq_reconstructed_float32,cosine_similarity,recalibrated_compressed,0.2,cosine_similarity,0.33537371134,0.192072915796,0.294691413641,0.303480923176,0.998067010309,0.351159793814,0.351839896708,1,0.760631443299,2337,11959,0.195417677063,2297,11959,0.192072915796,0.188409253902,0.202621712689,0.185111991696,0.199231600472,0.995788943771,0.999113801742,0.318977333052,0.352177063483,-0.00334476126766,-0.0126264737854,0.00668952253533,-0.662693298969,-0.678801546392,-0.646262886598,8,524288,1200,533888,444.906666667,0.0821577773352,12171.7022105,3402,0.225851424019,1738,0.115382062006
rfw_custom,arcface-7972a704552df378345f,20260829-R001-f57bd24c,step4_search_space_query_gallery_conditions_v6,validation_required,True,pq,pq_512_m16_b8,pq_reconstruction_cosine,pq_reconstructed_float32,pq_reconstructed_float32,cosine_similarity,recalibrated_compressed,0.2,cosine_similarity,0.708762886598,0.21155615018,0.294691413641,0.227326333523,0.998067010309,0.722615979381,0.724015493867,1,0.95199742268,2337,11959,0.195417677063,2530,11959,0.21155615018,0.188409253902,0.202621712689,0.204329569142,0.218967979041,0.995788943771,0.999113801742,0.692529539101,0.724480149833,0.0161384731165,0.0070239986621,0.0263420854587,-0.289304123711,-0.305090206186,-0.273518041237,16,524288,1200,543488,452.906666667,0.0872733651992,11458.2495784,2407,0.15979552546,1907,0.126601606586
rfw_custom,arcface-7972a704552df378345f,20260829-R001-f57bd24c,step4_search_space_query_gallery_conditions_v6,validation_required,True,pq,pq_512_m32_b8,pq_reconstruction_cosine,pq_reconstructed_float32,pq_reconstructed_float32,cosine_similarity,recalibrated_compressed,0.2,cosine_similarity,0.959407216495,0.197340914792,0.294691413641,0.204047456384,0.998067010309,0.961984536082,0.963847643641,1,0.996456185567,2337,11959,0.195417677063,2360,11959,0.197340914792,0.188409253902,0.202621712689,0.190305544485,0.2045706624,0.995788943771,0.999113801742,0.951878001333,0.965800727711,0.00192323772891,-0.00727485575717,0.0109561836274,-0.0386597938144,-0.045425257732,-0.0322164948454,32,524288,1200,562688,468.906666667,0.087219537941,11465.3210004,1638,0.108743278231,1555,0.103233087698
rfw_custom,arcface-7972a704552df378345f,20260829-R001-f57bd24c,step4_search_space_query_gallery_conditions_v6,validation_required,True,pq,pq_512_m64_b8,pq_reconstruction_cosine,pq_reconstructed_float32,pq_reconstructed_float32,cosine_similarity,recalibrated_compressed,0.2,cosine_similarity,0.99581185567,0.200016723806,0.294691413641,0.226879060268,0.998067010309,0.996134020619,0.998063266624,1,0.999677835052,2337,11959,0.195417677063,2392,11959,0.200016723806,0.188409253902,0.202621712689,0.192944298204,0.207281808219,0.995788943771,0.999113801742,0.992847266833,0.997550744386,0.00459904674304,-0.00276151852162,0.0120411405636,-0.00225515463918,-0.00386597938144,-0.000966494845361,64,524288,1200,601088,500.906666667,0.0875007966543,11428.4673767,1019,0.0676492066653,1072,0.071167762066
rfw_custom,arcface-7972a704552df378345f,20260829-R001-f57bd24c,step4_search_space_query_gallery_conditions_v6,validation_required,True,pq,pq_512_m128_b8,pq_reconstruction_cosine,pq_reconstructed_float32,pq_reconstructed_float32,cosine_similarity,recalibrated_compressed,0.2,cosine_similarity,0.997744845361,0.197759009951,0.294691413641,0.272517323494,0.998067010309,0.997744845361,0.999677211104,1,0.999677835052,2337,11959,0.195417677063,2365,11959,0.197759009951,0.188409253902,0.202621712689,0.19071781643,0.204994312258,0.995788943771,0.999113801742,0.995352044384,0.998907167658,0.00234133288737,-0.00276151852162,0.00761142235973,-0.000322164948454,-0.000966494845361,0,128,524288,1200,677888,564.906666667,0.0962861514973,10385.7095174,502,0.0333266945496,528,0.035052778331
rfw_custom,arcface-7972a704552df378345f,20260829-R001-f57bd24c,step4_search_space_query_gallery_conditions_v6,validation_required,True,pq,pq_512_m128_b8,pq_sdc_exhaustive,pq_code,pq_code,squared_l2_symmetric,recalibrated_compressed,0.2,negative_squared_l2_sdc,0.997744845361,0.196922819634,0.294691413641,-1.30060005188,0.998067010309,0.997744845361,0.999677211104,1,1,2337,11959,0.195417677063,2355,11959,0.196922819634,0.188409253902,0.202621712689,0.189893284954,0.204147000127,0.995788943771,0.999113801742,0.995352044384,0.998907167658,0.00150514257045,-0.00434818964796,0.00736056526465,-0.000322164948454,-0.00161082474227,0.000644329896907,128,524288,1200,677888,564.906666667,0.0549737436101,18190.5021257,624,0.0414260107548,640,0.0424882161588
rfw_custom,arcface-7972a704552df378345f,20260829-R001-f57bd24c,step4_search_space_query_gallery_conditions_v6,validation_required,True,pca,pca_32,pca_direct_cosine,pca_projected_float32,pca_projected_float32,cosine_similarity,frozen_origin,0.3,cosine_similarity,0.856636597938,1,0.279717832804,0.279717832804,0.998389175258,0.978737113402,0.980316231042,1,0.978737113402,3498,11959,0.292499372857,11959,11959,1,0.284413870625,0.300718138598,0.999678884082,1,0.995788943771,0.999113801742,0.843867171381,0.868524380549,0.707500627143,0.698804247847,0.715446525629,-0.141430412371,-0.153672680412,-0.129510309278,128,0,1200,221184,184.32,0.0815934076879,12255.8920915,0,0,8464,0.5619066587
rfw_custom,arcface-7972a704552df378345f,20260829-R001-f57bd24c,step4_search_space_query_gallery_conditions_v6,validation_required,True,pca,pca_64,pca_direct_cosine,pca_projected_float32,pca_projected_float32,cosine_similarity,frozen_origin,0.3,cosine_similarity,0.982925257732,1,0.279717832804,0.279717832804,0.998389175258,0.998389175258,1,1,0.998389175258,3498,11959,0.292499372857,11959,11959,1,0.284413870625,0.300718138598,0.999678884082,1,0.995788943771,0.999113801742,0.977734726993,0.986921945403,0.707500627143,0.698804247847,0.715446525629,-0.0151417525773,-0.0196520618557,-0.0109536082474,256,0,1200,440320,366.933333333,0.0784534355707,12746.4143887,0,0,8464,0.5619066587
rfw_custom,arcface-7972a704552df378345f,20260829-R001-f57bd24c,step4_search_space_query_gallery_conditions_v6,validation_required,True,pca,pca_128,pca_direct_cosine,pca_projected_float32,pca_projected_float32,cosine_similarity,frozen_origin,0.3,cosine_similarity,0.997422680412,0.835354126599,0.279717832804,0.279717832804,0.998389175258,0.998711340206,1.00032268474,1,0.999677835052,3498,11959,0.292499372857,9990,11959,0.835354126599,0.284413870625,0.300718138598,0.828599852523,0.841893025579,0.995788943771,0.999113801742,0.994922229478,0.998693449094,0.542854753742,0.533573041224,0.552052847228,-0.000644329896907,-0.00161082474227,0,512,0,1200,878592,732.16,0.0788857730862,12676.5570125,57,0.00378410675164,6551,0.434906725088
rfw_custom,arcface-7972a704552df378345f,20260829-R001-f57bd24c,step4_search_space_query_gallery_conditions_v6,validation_required,True,pca,pca_256,pca_direct_cosine,pca_projected_float32,pca_projected_float32,cosine_similarity,frozen_origin,0.3,cosine_similarity,0.998067010309,0.29116146835,0.279717832804,0.279717832804,0.998389175258,0.998389175258,1,1,1,3498,11959,0.292499372857,3482,11959,0.29116146835,0.284413870625,0.300718138598,0.283087370268,0.299369689186,0.995788943771,0.999113801742,0.995788943771,0.999113801742,-0.00133790450707,-0.00426457061627,0.00142361401455,0,0,0,1024,0,1200,1755136,1462.61333333,0.0805800371771,12410.0215765,168,0.0111531567417,153,0.0101573391755
rfw_custom,arcface-7972a704552df378345f,20260829-R001-f57bd24c,step4_search_space_query_gallery_conditions_v6,validation_required,True,pca,pca_384,pca_direct_cosine,pca_projected_float32,pca_projected_float32,cosine_similarity,frozen_origin,0.3,cosine_similarity,0.998067010309,0.279454803913,0.279717832804,0.279717832804,0.998389175258,0.998389175258,1,1,1,3498,11959,0.292499372857,3342,11959,0.279454803913,0.284413870625,0.300718138598,0.271484178228,0.287567070745,0.995788943771,0.999113801742,0.995788943771,0.999113801742,-0.0130445689439,-0.015720377958,-0.0104523789615,0,0,0,1536,0,1200,2631680,2193.06666667,0.084203226449,11876.0294845,220,0.0146053243046,64,0.00424882161588
rfw_custom,arcface-7972a704552df378345f,20260829-R001-f57bd24c,step4_search_space_query_gallery_conditions_v6,validation_required,True,pca,pca_32,pca_direct_cosine,pca_projected_float32,pca_projected_float32,cosine_similarity,recalibrated_compressed,0.3,cosine_similarity,0.81668814433,0.284890040973,0.279717832804,0.575209498405,0.998389175258,0.838917525773,0.840271055179,1,0.978737113402,3498,11959,0.292499372857,3407,11959,0.284890040973,0.284413870625,0.300718138598,0.276870545217,0.293047687194,0.995788943771,0.999113801742,0.802687839142,0.829905562435,-0.00760933188394,-0.0185655155113,0.00359979931432,-0.181378865979,-0.194265463918,-0.167203608247,128,0,1200,221184,184.32,0.0815934076879,12255.8920915,2797,0.185686782182,2347,0.155812255195
rfw_custom,arcface-7972a704552df378345f,20260829-R001-f57bd24c,step4_search_space_query_gallery_conditions_v6,validation_required,True,pca,pca_64,pca_direct_cosine,pca_projected_float32,pca_projected_float32,cosine_similarity,recalibrated_compressed,0.3,cosine_similarity,0.975837628866,0.300108704741,0.279717832804,0.428456753492,0.998389175258,0.980670103093,0.982252339464,1,0.998389175258,3498,11959,0.292499372857,3589,11959,0.300108704741,0.284413870625,0.300718138598,0.291959950676,0.30838583536,0.995788943771,0.999113801742,0.969818971961,0.980679964082,0.00760933188394,-0.00284513755331,0.0184839869554,-0.0222293814433,-0.027706185567,-0.017074742268,256,0,1200,440320,366.933333333,0.0784534355707,12746.4143887,2098,0.139281683596,2146,0.142468299807
rfw_custom,arcface-7972a704552df378345f,20260829-R001-f57bd24c,step4_search_space_query_gallery_conditions_v6,validation_required,True,pca,pca_128,pca_direct_cosine,pca_projected_float32,pca_projected_float32,cosine_similarity,recalibrated_compressed,0.3,cosine_similarity,0.996134020619,0.30002508571,0.279717832804,0.330261468887,0.998389175258,0.997100515464,0.998709261052,1,0.999677835052,3498,11959,0.292499372857,3588,11959,0.30002508571,0.284413870625,0.300718138598,0.291877011973,0.308301589702,0.995788943771,0.999113801742,0.993254463095,0.997787081595,0.00752571285225,-0.000752571285225,0.0153022827996,-0.00193298969072,-0.00354381443299,-0.000644329896907,512,0,1200,878592,732.16,0.0788857730862,12676.5570125,1197,0.0794662417845,1284,0.0852419836686
rfw_custom,arcface-7972a704552df378345f,20260829-R001-f57bd24c,step4_search_space_query_gallery_conditions_v6,validation_required,True,pca,pca_256,pca_direct_cosine,pca_projected_float32,pca_projected_float32,cosine_similarity,recalibrated_compressed,0.3,cosine_similarity,0.998067010309,0.297265657664,0.279717832804,0.279014497995,0.998389175258,0.998389175258,1,1,1,3498,11959,0.292499372857,3555,11959,0.297265657664,0.284413870625,0.300718138598,0.28914021777,0.305521300007,0.995788943771,0.999113801742,0.995788943771,0.999113801742,0.00476628480642,0.00192323772891,0.00777656994732,0,0,0,1024,0,1200,1755136,1462.61333333,0.0805800371771,12410.0215765,134,0.00889597025825,192,0.0127464648476
rfw_custom,arcface-7972a704552df378345f,20260829-R001-f57bd24c,step4_search_space_query_gallery_conditions_v6,validation_required,True,pca,pca_384,pca_direct_cosine,pca_projected_float32,pca_projected_float32,cosine_similarity,recalibrated_compressed,0.3,cosine_similarity,0.998389175258,0.298185467012,0.279717832804,0.277453511953,0.998389175258,0.998711340206,1.00032268474,1,1,3498,11959,0.292499372857,3566,11959,0.298185467012,0.284413870625,0.300718138598,0.290052442964,0.306448102779,0.995788943771,0.999113801742,0.996234517176,0.999311761808,0.00568609415503,0.00309390417259,0.00827828413747,0.000322164948454,0,0.000966494845361,1536,0,1200,2631680,2193.06666667,0.084203226449,11876.0294845,95,0.00630684458607,165,0.0109539932284
rfw_custom,arcface-7972a704552df378345f,20260829-R001-f57bd24c,step4_search_space_query_gallery_conditions_v6,validation_required,True,pca,pca_32,pca_reconstruction_cosine,pca_reconstructed_float32,pca_reconstructed_float32,cosine_similarity,frozen_origin,0.3,cosine_similarity,0.854703608247,1,0.279717832804,0.279717832804,0.998389175258,0.978414948454,0.979993546305,1,0.978414948454,3498,11959,0.292499372857,11959,11959,1,0.284413870625,0.300718138598,0.999678884082,1,0.995788943771,0.999113801742,0.841867918582,0.866662432524,0.707500627143,0.698804247847,0.715446525629,-0.143363402062,-0.155927835052,-0.132087628866,128,0,1200,221184,184.32,0.0846227378346,11817.1548876,0,0,8464,0.5619066587
rfw_custom,arcface-7972a704552df378345f,20260829-R001-f57bd24c,step4_search_space_query_gallery_conditions_v6,validation_required,True,pca,pca_64,pca_reconstruction_cosine,pca_reconstructed_float32,pca_reconstructed_float32,cosine_similarity,frozen_origin,0.3,cosine_similarity,0.982925257732,1,0.279717832804,0.279717832804,0.998389175258,0.998389175258,1,1,0.998389175258,3498,11959,0.292499372857,11959,11959,1,0.284413870625,0.300718138598,0.999678884082,1,0.995788943771,0.999113801742,0.977734726993,0.986921945403,0.707500627143,0.698804247847,0.715446525629,-0.0151417525773,-0.0196520618557,-0.0109536082474,256,0,1200,440320,366.933333333,0.0898152824801,11133.9626441,0,0,8464,0.5619066587
rfw_custom,arcface-7972a704552df378345f,20260829-R001-f57bd24c,step4_search_space_query_gallery_conditions_v6,validation_required,True,pca,pca_128,pca_reconstruction_cosine,pca_reconstructed_float32,pca_reconstructed_float32,cosine_similarity,frozen_origin,0.3,cosine_similarity,0.997100515464,0.846642695878,0.279717832804,0.279717832804,0.998389175258,0.998711340206,1.00032268474,1,0.999355670103,3498,11959,0.292499372857,10125,11959,0.846642695878,0.284413870625,0.300718138598,0.840073387628,0.852989379152,0.995788943771,0.999113801742,0.994498343429,0.998473801672,0.55414332302,0.545028848566,0.563009030855,-0.000966494845361,-0.00225515463918,0,512,0,1200,878592,732.16,0.0864636128264,11565.5588208,46,0.00305384053641,6676,0.443205204806
rfw_custom,arcface-7972a704552df378345f,20260829-R001-f57bd24c,step4_search_space_query_gallery_conditions_v6,validation_required,True,pca,pca_256,pca_reconstruction_cosine,pca_reconstructed_float32,pca_reconstructed_float32,cosine_similarity,frozen_origin,0.3,cosine_similarity,0.998067010309,0.30253365666,0.279717832804,0.279717832804,0.998389175258,0.998389175258,1,1,1,3498,11959,0.292499372857,3618,11959,0.30253365666,0.284413870625,0.300718138598,0.294365314231,0.310828818262,0.995788943771,0.999113801742,0.995788943771,0.999113801742,0.010034283803,0.00786018897901,0.0122919976587,0,0,0,1024,0,1200,1755136,1462.61333333,0.0832245037508,12015.6919529,38,0.00252273783443,158,0.0104892783642
rfw_custom,arcface-7972a704552df378345f,20260829-R001-f57bd24c,step4_search_space_query_gallery_conditions_v6,validation_required,True,pca,pca_384,pca_reconstruction_cosine,pca_reconstructed_float32,pca_reconstructed_float32,cosine_similarity,frozen_origin,0.3,cosine_similarity,0.998067010309,0.292499372857,0.279717832804,0.279717832804,0.998389175258,0.998389175258,1,1,1,3498,11959,0.292499372857,3498,11959,0.292499372857,0.284413870625,0.300718138598,0.284413870625,0.300718138598,0.995788943771,0.999113801742,0.995788943771,0.999113801742,0,0,0,0,0,0,1536,0,1200,2631680,2193.06666667,0.0901085374757,11097.7275629,0,0,0,0
rfw_custom,arcface-7972a704552df378345f,20260829-R001-f57bd24c,step4_search_space_query_gallery_conditions_v6,validation_required,True,pca,pca_32,pca_reconstruction_cosine,pca_reconstructed_float32,pca_reconstructed_float32,cosine_similarity,recalibrated_compressed,0.3,cosine_similarity,0.815399484536,0.28915461159,0.279717832804,0.577757298946,0.998389175258,0.836984536082,0.838334946757,1,0.978414948454,3498,11959,0.292499372857,3458,11959,0.28915461159,0.284413870625,0.300718138598,0.281097780137,0.297346854663,0.995788943771,0.999113801742,0.801363876511,0.828655391184,-0.00334476126766,-0.014382473451,0.00777866042311,-0.182667525773,-0.19587628866,-0.16881443299,128,0,1200,221184,184.32,0.0846227378346,11817.1548876,2759,0.183164044347,2363,0.156874460599
rfw_custom,arcface-7972a704552df378345f,20260829-R001-f57bd24c,step4_search_space_query_gallery_conditions_v6,validation_required,True,pca,pca_64,pca_reconstruction_cosine,pca_reconstructed_float32,pca_reconstructed_float32,cosine_similarity,recalibrated_compressed,0.3,cosine_similarity,0.976159793814,0.294171753491,0.279717832804,0.431195497513,0.998389175258,0.980025773196,0.98160696999,1,0.998389175258,3498,11959,0.292499372857,3518,11959,0.294171753491,0.284413870625,0.300718138598,0.286072115767,0.302403580668,0.995788943771,0.999113801742,0.970175712711,0.980966756803,0.00167238063383,-0.0087841792792,0.0123797976419,-0.0219072164948,-0.0273840206186,-0.0167525773196,256,0,1200,440320,366.933333333,0.0898152824801,11133.9626441,2117,0.140543052513,2092,0.138883356569
rfw_custom,arcface-7972a704552df378345f,20260829-R001-f57bd24c,step4_search_space_query_gallery_conditions_v6,validation_required,True,pca,pca_128,pca_reconstruction_cosine,pca_reconstructed_float32,pca_reconstructed_float32,cosine_similarity,recalibrated_compressed,0.3,cosine_similarity,0.996134020619,0.293586420269,0.279717832804,0.332421123981,0.998389175258,0.997100515464,0.998709261052,1,0.999355670103,3498,11959,0.292499372857,3511,11959,0.293586420269,0.284413870625,0.300718138598,0.285491714876,0.301813691035,0.995788943771,0.999113801742,0.993254463095,0.997787081595,0.00108704741199,-0.0069403796304,0.00903085542269,-0.00193298969072,-0.00354381443299,-0.000644329896907,512,0,1200,878592,732.16,0.0864636128264,11565.5588208,1214,0.0805948350262,1224,0.0812587134037
rfw_custom,arcface-7972a704552df378345f,20260829-R001-f57bd24c,step4_search_space_query_gallery_conditions_v6,validation_required,True,pca,pca_256,pca_reconstruction_cosine,pca_reconstructed_float32,pca_reconstructed_float32,cosine_similarity,recalibrated_compressed,0.3,cosine_similarity,0.998067010309,0.290994230287,0.279717832804,0.281276583672,0.998389175258,0.998389175258,1,1,1,3498,11959,0.292499372857,3480,11959,0.290994230287,0.284413870625,0.300718138598,0.282921563728,0.299201127005,0.995788943771,0.999113801742,0.995788943771,0.999113801742,-0.00150514257045,-0.00376285642612,0.000668952253533,0,0,0,1024,0,1200,1755136,1462.61333333,0.0832245037508,12015.6919529,103,0.00683794728806,85,0.00564296620859
rfw_custom,arcface-7972a704552df378345f,20260829-R001-f57bd24c,step4_search_space_query_gallery_conditions_v6,validation_required,True,pca,pca_384,pca_reconstruction_cosine,pca_reconstructed_float32,pca_reconstructed_float32,cosine_similarity,recalibrated_compressed,0.3,cosine_similarity,0.998067010309,0.292499372857,0.279717832804,0.279731273651,0.998389175258,0.998389175258,1,1,1,3498,11959,0.292499372857,3498,11959,0.292499372857,0.284413870625,0.300718138598,0.284413870625,0.300718138598,0.995788943771,0.999113801742,0.995788943771,0.999113801742,0,0,0,0,0,0,1536,0,1200,2631680,2193.06666667,0.0901085374757,11097.7275629,0,0,0,0
rfw_custom,arcface-7972a704552df378345f,20260829-R001-f57bd24c,step4_search_space_query_gallery_conditions_v6,validation_required,True,pq,pq_512_m8_b8,pq_adc_exhaustive,origin_float32,pq_code,squared_l2_asymmetric,recalibrated_compressed,0.3,negative_squared_l2_adc,0.874355670103,0.288736516431,0.279717832804,-1.03498208523,0.998389175258,0.891108247423,0.892545982575,1,0.993556701031,3498,11959,0.292499372857,3453,11959,0.288736516431,0.284413870625,0.300718138598,0.280683306514,0.296925406484,0.995788943771,0.999113801742,0.862230858717,0.885555034094,-0.00376285642612,-0.0145497115143,0.00702608913789,-0.123711340206,-0.134987113402,-0.112757731959,8,524288,1200,533888,444.906666667,0.00578151762596,172964.966069,2359,0.156608909248,2053,0.136294230897
rfw_custom,arcface-7972a704552df378345f,20260829-R001-f57bd24c,step4_search_space_query_gallery_conditions_v6,validation_required,True,pq,pq_512_m16_b8,pq_adc_exhaustive,origin_float32,pq_code,squared_l2_asymmetric,recalibrated_compressed,0.3,negative_squared_l2_adc,0.980992268041,0.286813278702,0.279717832804,-1.09853792191,0.998389175258,0.982603092784,0.984188447886,1,0.997422680412,3498,11959,0.292499372857,3430,11959,0.286813278702,0.284413870625,0.300718138598,0.278776836345,0.294986636359,0.995788943771,0.999113801742,0.975560229537,0.985235242035,-0.00568609415503,-0.0153859018313,0.00426666109206,-0.017074742268,-0.0219072164948,-0.0128865979381,16,524288,1200,543488,452.906666667,0.0105538936467,94751.7602012,1912,0.126933545774,1807,0.119962822811
rfw_custom,arcface-7972a704552df378345f,20260829-R001-f57bd24c,step4_search_space_query_gallery_conditions_v6,validation_required,True,pq,pq_512_m32_b8,pq_adc_exhaustive,origin_float32,pq_code,squared_l2_asymmetric,recalibrated_compressed,0.3,negative_squared_l2_adc,0.994845360825,0.282381470023,0.279717832804,-1.18686819077,0.998389175258,0.996134020619,0.997741206841,1,1,3498,11959,0.292499372857,3377,11959,0.282381470023,0.284413870625,0.300718138598,0.274384349398,0.290518352195,0.995788943771,0.999113801742,0.991642819326,0.996824591481,-0.0101179028347,-0.0188142821306,-0.00133581403127,-0.00322164948454,-0.00547680412371,-0.00128865979381,32,524288,1200,562688,468.906666667,0.0221703578306,45105.2710851,1517,0.100710349864,1390,0.0922790944699
rfw_custom,arcface-7972a704552df378345f,20260829-R001-f57bd24c,step4_search_space_query_gallery_conditions_v6,validation_required,True,pq,pq_512_m64_b8,pq_adc_exhaustive,origin_float32,pq_code,squared_l2_asymmetric,recalibrated_compressed,0.3,negative_squared_l2_adc,0.997744845361,0.310059369513,0.279717832804,-1.29612469673,0.998389175258,0.998389175258,1,1,1,3498,11959,0.292499372857,3708,11959,0.310059369513,0.284413870625,0.300718138598,0.301831957412,0.318408767533,0.995788943771,0.999113801742,0.995352044384,0.998907167658,0.0175599966552,0.0101179028347,0.0250020904758,-0.000322164948454,-0.00161082474227,0.000644329896907,64,524288,1200,601088,500.906666667,0.0239819358692,41698.0516275,908,0.0602801566753,1118,0.0742216026024
rfw_custom,arcface-7972a704552df378345f,20260829-R001-f57bd24c,step4_search_space_query_gallery_conditions_v6,validation_required,True,pq,pq_512_m128_b8,pq_adc_exhaustive,origin_float32,pq_code,squared_l2_asymmetric,recalibrated_compressed,0.3,negative_squared_l2_adc,0.998389175258,0.291412325445,0.279717832804,-1.38453888893,0.998389175258,0.998389175258,1,1,1,3498,11959,0.292499372857,3485,11959,0.291412325445,0.284413870625,0.300718138598,0.283336082584,0.299622529952,0.995788943771,0.999113801742,0.996234517176,0.999311761808,-0.00108704741199,-0.00677314156702,0.00459904674304,0.000322164948454,0,0.000966494845361,128,524288,1200,677888,564.906666667,0.0578138883359,17296.881922,604,0.0400982539999,592,0.0393015999469
rfw_custom,arcface-7972a704552df378345f,20260829-R001-f57bd24c,step4_search_space_query_gallery_conditions_v6,validation_required,True,pq,pq_512_m8_b8,pq_one_sided_cosine,origin_float32,pq_reconstructed_float32,cosine_similarity,frozen_origin,0.3,cosine_similarity,0.457796391753,0.00209047579229,0.279717832804,0.279717832804,0.998389175258,0.458762886598,0.459503065505,1,0.993556701031,3498,11959,0.292499372857,25,11959,0.00209047579229,0.284413870625,0.300718138598,0.00141642871773,0.00308429621505,0.995788943771,0.999113801742,0.440332435192,0.475364680162,-0.290408897065,-0.298603562171,-0.282462998578,-0.540270618557,-0.557345360825,-0.523187822165,8,524288,1200,533888,444.906666667,0.0832861979682,12006.7913339,5155,0.342229303592,6,0.000398327026489
rfw_custom,arcface-7972a704552df378345f,20260829-R001-f57bd24c,step4_search_space_query_gallery_conditions_v6,validation_required,True,pq,pq_512_m16_b8,pq_one_sided_cosine,origin_float32,pq_reconstructed_float32,cosine_similarity,frozen_origin,0.3,cosine_similarity,0.857280927835,0.00284304707751,0.279717832804,0.279717832804,0.998389175258,0.857280927835,0.858664085189,1,0.997744845361,3498,11959,0.292499372857,34,11959,0.00284304707751,0.284413870625,0.300718138598,0.00203530455053,0.00397007962747,0.995788943771,0.999113801742,0.844533757393,0.869144861478,-0.28965632578,-0.297853081361,-0.28154318923,-0.140786082474,-0.152714239691,-0.128865979381,16,524288,1200,543488,452.906666667,0.0933366195311,10713.9084855,3906,0.259310894244,2,0.000132775675496
rfw_custom,arcface-7972a704552df378345f,20260829-R001-f57bd24c,step4_search_space_query_gallery_conditions_v6,validation_required,True,pq,pq_512_m32_b8,pq_one_sided_cosine,origin_float32,pq_reconstructed_float32,cosine_similarity,frozen_origin,0.3,cosine_similarity,0.98131443299,0.0125428547537,0.279717832804,0.279717832804,0.998389175258,0.98131443299,0.982897708938,1,0.999677835052,3498,11959,0.292499372857,150,11959,0.0125428547537,0.284413870625,0.300718138598,0.0106989617834,0.0146998082217,0.995788943771,0.999113801742,0.975921717911,0.985517287132,-0.279956518104,-0.288067564178,-0.271590433983,-0.0167525773196,-0.0215850515464,-0.0125644329897,32,524288,1200,562688,468.906666667,0.107105901879,9336.55365817,3408,0.226249751046,6,0.000398327026489
rfw_custom,arcface-7972a704552df378345f,20260829-R001-f57bd24c,step4_search_space_query_gallery_conditions_v6,validation_required,True,pq,pq_512_m64_b8,pq_one_sided_cosine,origin_float32,pq_reconstructed_float32,cosine_similarity,frozen_origin,0.3,cosine_similarity,0.997422680412,0.0789363659169,0.279717832804,0.279717832804,0.998389175258,0.997744845361,0.999354630526,1,0.999677835052,3498,11959,0.292499372857,944,11959,0.0789363659169,0.284413870625,0.300718138598,0.0742378252021,0.0839053271028,0.995788943771,0.999113801742,0.994922229478,0.998693449094,-0.21356300694,-0.220837862698,-0.206288151183,-0.000644329896907,-0.00161082474227,0,64,524288,1200,601088,500.906666667,0.082561096727,12112.2422018,2585,0.171612560579,29,0.0019252472947
rfw_custom,arcface-7972a704552df378345f,20260829-R001-f57bd24c,step4_search_space_query_gallery_conditions_v6,validation_required,True,pq,pq_512_m128_b8,pq_one_sided_cosine,origin_float32,pq_reconstructed_float32,cosine_similarity,frozen_origin,0.3,cosine_similarity,0.998067010309,0.216824149176,0.279717832804,0.279717832804,0.998389175258,0.998067010309,0.999677315263,1,1,3498,11959,0.292499372857,2593,11959,0.216824149176,0.284413870625,0.300718138598,0.209530135656,0.224300027243,0.995788943771,0.999113801742,0.995788943771,0.999113801742,-0.0756752236809,-0.0811104607409,-0.070239986621,0,0,0,128,524288,1200,677888,564.906666667,0.0868582885216,11513.0060357,1020,0.0677155945031,114,0.00756821350329
rfw_custom,arcface-7972a704552df378345f,20260829-R001-f57bd24c,step4_search_space_query_gallery_conditions_v6,validation_required,True,pq,pq_512_m8_b8,pq_one_sided_cosine,origin_float32,pq_reconstructed_float32,cosine_similarity,recalibrated_compressed,0.3,cosine_similarity,0.878221649485,0.284053850656,0.279717832804,0.20145791769,0.998389175258,0.894329896907,0.895772829945,1,0.993556701031,3498,11959,0.292499372857,3397,11959,0.284053850656,0.284413870625,0.300718138598,0.276041779106,0.292204609699,0.995788943771,0.999113801742,0.866247084179,0.889261210279,-0.00844552220085,-0.0191508487332,0.00242704239485,-0.119845360825,-0.131129188144,-0.108891752577,8,524288,1200,533888,444.906666667,0.0832861979682,12006.7913339,2350,0.156011418708,1999,0.132709287659
rfw_custom,arcface-7972a704552df378345f,20260829-R001-f57bd24c,step4_search_space_query_gallery_conditions_v6,validation_required,True,pq,pq_512_m16_b8,pq_one_sided_cosine,origin_float32,pq_reconstructed_float32,cosine_similarity,recalibrated_compressed,0.3,cosine_similarity,0.982280927835,0.282799565181,0.279717832804,0.201006442308,0.998389175258,0.983891752577,0.985479186834,1,0.997744845361,3498,11959,0.292499372857,3382,11959,0.282799565181,0.284413870625,0.300718138598,0.274798693982,0.290939929414,0.995788943771,0.999113801742,0.977008371291,0.986361234164,-0.00969980767623,-0.0194832343841,0.000336566602559,-0.0157860824742,-0.020618556701,-0.0115979381443,16,524288,1200,543488,452.906666667,0.0933366195311,10713.9084855,1933,0.128327690367,1782,0.118303126867
rfw_custom,arcface-7972a704552df378345f,20260829-R001-f57bd24c,step4_search_space_query_gallery_conditions_v6,validation_required,True,pq,pq_512_m32_b8,pq_one_sided_cosine,origin_float32,pq_reconstructed_float32,cosine_similarity,recalibrated_compressed,0.3,cosine_similarity,0.995489690722,0.278702232628,0.279717832804,0.216152995825,0.998389175258,0.996456185567,0.998063891578,1,0.999677835052,3498,11959,0.292499372857,3333,11959,0.278702232628,0.284413870625,0.300718138598,0.270738488376,0.286808101352,0.995788943771,0.999113801742,0.992443119594,0.997311358154,-0.0137971402291,-0.0225771385567,-0.00526590852078,-0.00257731958763,-0.0048324742268,-0.000644329896907,32,524288,1200,562688,468.906666667,0.107105901879,9336.55365817,1520,0.100909513377,1350,0.08962358096
rfw_custom,arcface-7972a704552df378345f,20260829-R001-f57bd24c,step4_search_space_query_gallery_conditions_v6,validation_required,True,pq,pq_512_m64_b8,pq_one_sided_cosine,origin_float32,pq_reconstructed_float32,cosine_similarity,recalibrated_compressed,0.3,cosine_similarity,0.997744845361,0.310310226608,0.279717832804,0.242083996534,0.998389175258,0.998711340206,1.00032268474,1,0.999677835052,3498,11959,0.292499372857,3711,11959,0.310310226608,0.284413870625,0.300718138598,0.302080889955,0.318661388072,0.995788943771,0.999113801742,0.995352044384,0.998907167658,0.0178108537503,0.0106196170248,0.0250020904758,-0.000322164948454,-0.00161082474227,0.000644329896907,64,524288,1200,601088,500.906666667,0.082561096727,12112.2422018,834,0.0553674566819,1047,0.0695080661223
rfw_custom,arcface-7972a704552df378345f,20260829-R001-f57bd24c,step4_search_space_query_gallery_conditions_v6,validation_required,True,pq,pq_512_m128_b8,pq_one_sided_cosine,origin_float32,pq_reconstructed_float32,cosine_similarity,recalibrated_compressed,0.3,cosine_similarity,0.998389175258,0.290743373192,0.279717832804,0.269319862127,0.998389175258,0.998389175258,1,1,1,3498,11959,0.292499372857,3477,11959,0.290743373192,0.284413870625,0.300718138598,0.282672856423,0.298948281228,0.995788943771,0.999113801742,0.996234517176,0.999311761808,-0.00175599966552,-0.00668952253533,0.00334476126766,0.000322164948454,0,0.000966494845361,128,524288,1200,677888,564.906666667,0.0868582885216,11513.0060357,491,0.0325964283343,471,0.0312686715794
rfw_custom,arcface-7972a704552df378345f,20260829-R001-f57bd24c,step4_search_space_query_gallery_conditions_v6,validation_required,True,pq,pq_512_m8_b8,pq_reconstruction_cosine,pq_reconstructed_float32,pq_reconstructed_float32,cosine_similarity,frozen_origin,0.3,cosine_similarity,0.379832474227,0.362488502383,0.279717832804,0.279717832804,0.998389175258,0.413981958763,0.41464988706,1,0.760631443299,3498,11959,0.292499372857,4335,11959,0.362488502383,0.284413870625,0.300718138598,0.3539182056,0.371147113428,0.995788943771,0.999113801742,0.362916817934,0.39704519754,0.0699891295259,0.0588677983109,0.0815327368509,-0.618234536082,-0.634673002577,-0.601481958763,8,524288,1200,533888,444.906666667,0.0821577773352,12171.7022105,3210,0.213104959171,2885,0.191528911903
rfw_custom,arcface-7972a704552df378345f,20260829-R001-f57bd24c,step4_search_space_query_gallery_conditions_v6,validation_required,True,pq,pq_512_m16_b8,pq_reconstruction_cosine,pq_reconstructed_float32,pq_reconstructed_float32,cosine_similarity,frozen_origin,0.3,cosine_similarity,0.523518041237,0.0154695208629,0.279717832804,0.279717832804,0.998389175258,0.524484536082,0.525330751855,1,0.95199742268,3498,11959,0.292499372857,185,11959,0.0154695208629,0.284413870625,0.300718138598,0.0134081600738,0.0178420625516,0.995788943771,0.999113801742,0.505929626535,0.541048316817,-0.277029851994,-0.285809850322,-0.268749477381,-0.474548969072,-0.491945876289,-0.45746617268,16,524288,1200,543488,452.906666667,0.0872733651992,11458.2495784,4871,0.323375157671,100,0.00663878377481
rfw_custom,arcface-7972a704552df378345f,20260829-R001-f57bd24c,step4_search_space_query_gallery_conditions_v6,validation_required,True,pq,pq_512_m32_b8,pq_reconstruction_cosine,pq_reconstructed_float32,pq_reconstructed_float32,cosine_similarity,frozen_origin,0.3,cosine_similarity,0.792525773196,0.00167238063383,0.279717832804,0.279717832804,0.998389175258,0.792525773196,0.793804453049,1,0.996456185567,3498,11959,0.292499372857,20,11959,0.00167238063383,0.284413870625,0.300718138598,0.00108291065366,0.00258189247623,0.995788943771,0.999113801742,0.777903291016,0.806425100268,-0.290826992223,-0.299021657329,-0.282883184213,-0.205541237113,-0.219080219072,-0.191365979381,32,524288,1200,562688,468.906666667,0.087219537941,11465.3210004,4124,0.273783442873,5,0.000331939188741
rfw_custom,arcface-7972a704552df378345f,20260829-R001-f57bd24c,step4_search_space_query_gallery_conditions_v6,validation_required,True,pq,pq_512_m64_b8,pq_reconstruction_cosine,pq_reconstructed_float32,pq_reconstructed_float32,cosine_similarity,frozen_origin,0.3,cosine_similarity,0.984213917526,0.0174763776235,0.279717832804,0.279717832804,0.998389175258,0.984213917526,0.985801871571,1,0.999677835052,3498,11959,0.292499372857,209,11959,0.0174763776235,0.284413870625,0.300718138598,0.015278054662,0.0199845926173,0.995788943771,0.999113801742,0.979192435868,0.98803837041,-0.275022995234,-0.283303369847,-0.266575382557,-0.0138530927835,-0.0177190721649,-0.00998711340206,64,524288,1200,601088,500.906666667,0.0875007966543,11428.4673767,3343,0.221934541592,9,0.000597490539733
rfw_custom,arcface-7972a704552df378345f,20260829-R001-f57bd24c,step4_search_space_query_gallery_conditions_v6,validation_required,True,pq,pq_512_m128_b8,pq_reconstruction_cosine,pq_reconstructed_float32,pq_reconstructed_float32,cosine_similarity,frozen_origin,0.3,cosine_similarity,0.997744845361,0.15770549377,0.279717832804,0.279717832804,0.998389175258,0.997744845361,0.999354630526,1,0.999677835052,3498,11959,0.292499372857,1886,11959,0.15770549377,0.284413870625,0.300718138598,0.151283385436,0.164347434535,0.995788943771,0.999113801742,0.995352044384,0.998907167658,-0.134793879087,-0.141403963542,-0.128606070742,-0.000322164948454,-0.000966494845361,0,128,524288,1200,677888,564.906666667,0.0962861514973,10385.7095174,1690,0.112195445794,76,0.00504547566886
rfw_custom,arcface-7972a704552df378345f,20260829-R001-f57bd24c,step4_search_space_query_gallery_conditions_v6,validation_required,True,pq,pq_512_m8_b8,pq_reconstruction_cosine,pq_reconstructed_float32,pq_reconstructed_float32,cosine_similarity,recalibrated_compressed,0.3,cosine_similarity,0.362113402062,0.284304707751,0.279717832804,0.28913679719,0.998389175258,0.388853092784,0.389480477573,1,0.760631443299,3498,11959,0.292499372857,3400,11959,0.284304707751,0.284413870625,0.300718138598,0.276290405359,0.292457536528,0.995788943771,0.999113801742,0.345385857258,0.379181817335,-0.00819466510578,-0.0191487582574,0.00259428045823,-0.635953608247,-0.652384020619,-0.619523195876,8,524288,1200,533888,444.906666667,0.0821577773352,12171.7022105,3739,0.24822412534,2266,0.150434840337
rfw_custom,arcface-7972a704552df378345f,20260829-R001-f57bd24c,step4_search_space_query_gallery_conditions_v6,validation_required,True,pq,pq_512_m16_b8,pq_reconstruction_cosine,pq_reconstructed_float32,pq_reconstructed_float32,cosine_similarity,recalibrated_compressed,0.3,cosine_similarity,0.730025773196,0.308888703069,0.279717832804,0.218134373426,0.998389175258,0.750644329897,0.751855437238,1,0.95199742268,3498,11959,0.292499372857,3694,11959,0.308888703069,0.284413870625,0.300718138598,0.300670309902,0.317229833995,0.995788943771,0.999113801742,0.714130799994,0.745352097998,0.0163893302116,0.00543523705995,0.027928756585,-0.268041237113,-0.283505154639,-0.252899484536,16,524288,1200,543488,452.906666667,0.0872733651992,11458.2495784,2767,0.183695147049,2424,0.160924118701
rfw_custom,arcface-7972a704552df378345f,20260829-R001-f57bd24c,step4_search_space_query_gallery_conditions_v6,validation_required,True,pq,pq_512_m32_b8,pq_reconstruction_cosine,pq_reconstructed_float32,pq_reconstructed_float32,cosine_similarity,recalibrated_compressed,0.3,cosine_similarity,0.965528350515,0.30002508571,0.279717832804,0.195627987385,0.998389175258,0.968427835052,0.969990319458,1,0.996456185567,3498,11959,0.292499372857,3588,11959,0.30002508571,0.284413870625,0.300718138598,0.291877011973,0.308301589702,0.995788943771,0.999113801742,0.958513125149,0.971392739835,0.00752571285225,-0.00301237561669,0.0182289489088,-0.0325386597938,-0.0389819587629,-0.0267396907216,32,524288,1200,562688,468.906666667,0.087219537941,11465.3210004,2051,0.136161455221,2065,0.13709088495
rfw_custom,arcface-7972a704552df378345f,20260829-R001-f57bd24c,step4_search_space_query_gallery_conditions_v6,validation_required,True,pq,pq_512_m64_b8,pq_reconstruction_cosine,pq_reconstructed_float32,pq_reconstructed_float32,cosine_similarity,recalibrated_compressed,0.3,cosine_similarity,0.996456185567,0.27778242328,0.279717832804,0.21848705411,0.998389175258,0.998067010309,0.999677315263,1,0.999677835052,3498,11959,0.292499372857,3322,11959,0.27778242328,0.284413870625,0.300718138598,0.269827127888,0.285880433873,0.995788943771,0.999113801742,0.993665067222,0.998020010939,-0.0147169495777,-0.0232460908103,-0.00610418931349,-0.00161082474227,-0.00354381443299,0,64,524288,1200,601088,500.906666667,0.0875007966543,11428.4673767,1415,0.0939387904136,1239,0.0822545309699
rfw_custom,arcface-7972a704552df378345f,20260829-R001-f57bd24c,step4_search_space_query_gallery_conditions_v6,validation_required,True,pq,pq_512_m128_b8,pq_reconstruction_cosine,pq_reconstructed_float32,pq_reconstructed_float32,cosine_similarity,recalibrated_compressed,0.3,cosine_similarity,0.998067010309,0.290910611255,0.279717832804,0.259004026651,0.998389175258,0.998067010309,0.999677315263,1,0.999677835052,3498,11959,0.292499372857,3479,11959,0.290910611255,0.284413870625,0.300718138598,0.282838660959,0.299116845414,0.995788943771,0.999113801742,0.995788943771,0.999113801742,-0.00158876160214,-0.00777656994732,0.00451751818714,0,-0.000966494845361,0.000966494845361,128,524288,1200,677888,564.906666667,0.0962861514973,10385.7095174,691,0.045873995884,673,0.0446790148045
rfw_custom,arcface-7972a704552df378345f,20260829-R001-f57bd24c,step4_search_space_query_gallery_conditions_v6,validation_required,True,pq,pq_512_m128_b8,pq_sdc_exhaustive,pq_code,pq_code,squared_l2_symmetric,recalibrated_compressed,0.3,negative_squared_l2_sdc,0.998067010309,0.289489087716,0.279717832804,-1.32520401478,0.998389175258,0.998067010309,0.999677315263,1,1,3498,11959,0.292499372857,3462,11959,0.289489087716,0.284413870625,0.300718138598,0.281429365084,0.297684007158,0.995788943771,0.999113801742,0.995788943771,0.999113801742,-0.0030102851409,-0.010034283803,0.00418095158458,0,-0.000966494845361,0.000966494845361,128,524288,1200,677888,564.906666667,0.0549737436101,18190.5021257,904,0.0600146053243,868,0.0576246431654
survface,arcface-7972a704552df378345f,20260829-R001-81149bc4,step4_search_space_query_gallery_conditions_v6,validation_required,True,pca,pca_32,pca_direct_cosine,pca_projected_float32,pca_projected_float32,cosine_similarity,frozen_origin,0.01,cosine_similarity,0.00125779918243,0.0188111980022,0.836437225342,0.836437225342,0.00127434917167,0.00127434917167,1,0.168478890489,0.0794730483425,1831,121736,0.0150407439048,2290,121736,0.0188111980022,0.0143721597554,0.0157399334993,0.0180630695846,0.0195896939141,0.000656386121264,0.00112827540029,0.00100513650208,0.0015738740015,0.00377045409739,0.0030475783663,0.00450174968785,0.00039719974182,4.96499677275e-05,0.000745163265644,128,0,3000,451584,150.528,0.200033600865,4999.16011947,1365,0.00749345352137,1942,0.0106610159256
survface,arcface-7972a704552df378345f,20260829-R001-81149bc4,step4_search_space_query_gallery_conditions_v6,validation_required,True,pca,pca_64,pca_direct_cosine,pca_projected_float32,pca_projected_float32,cosine_similarity,frozen_origin,0.01,cosine_similarity,0.00026479982788,0.00562693040678,0.836437225342,0.836437225342,0.00127434917167,0.00026479982788,0.207792207792,0.168478890489,0.0991344355626,1831,121736,0.0150407439048,685,121736,0.00562693040678,0.0143721597554,0.0157399334993,0.00522205412507,0.0060630062328,0.000656386121264,0.00112827540029,0.000163007447038,0.000430130601475,-0.00941381349806,-0.0100463297628,-0.0087895117303,-0.00059579961273,-0.000877149429853,-0.00033099978485,256,0,3000,901120,300.373333333,0.199930963609,5001.72650574,2084,0.0114405546803,266,0.0014602627375
survface,arcface-7972a704552df378345f,20260829-R001-81149bc4,step4_search_space_query_gallery_conditions_v6,validation_required,True,pca,pca_128,pca_direct_cosine,pca_projected_float32,pca_projected_float32,cosine_similarity,frozen_origin,0.01,cosine_similarity,3.3099978485e-05,0.00233291713215,0.836437225342,0.836437225342,0.00127434917167,3.3099978485e-05,0.025974025974,0.168478890489,0.112622676795,1831,121736,0.0150407439048,284,121736,0.00233291713215,0.0143721597554,0.0157399334993,0.00207716317328,0.00262007851825,0.000656386121264,0.00112827540029,9.07725491843e-06,0.000120690554078,-0.0127078267727,-0.0133241194059,-0.0120835250049,-0.000827499462125,-0.00107574930076,-0.00059579961273,512,0,3000,1800192,600.064,0.209741870564,4767.76524074,2413,0.0132466691187,13,7.13662240131e-05
survface,arcface-7972a704552df378345f,20260829-R001-81149bc4,step4_search_space_query_gallery_conditions_v6,validation_required,True,pca,pca_256,pca_direct_cosine,pca_projected_float32,pca_projected_float32,cosine_similarity,frozen_origin,0.01,cosine_similarity,0,0.000755733718867,0.836437225342,0.836437225342,0.00127434917167,0,0,0.168478890489,0.121609320954,1831,121736,0.0150407439048,92,121736,0.000755733718867,0.0143721597554,0.0157399334993,0.000616319330263,0.000926655069652,0.000656386121264,0.00112827540029,0,6.35720604942e-05,-0.014285010186,-0.0149914569232,-0.0136360649274,-0.00086059944061,-0.00109229929001,-0.000645449580458,1024,0,3000,3598336,1199.44533333,0.193919874395,5156.76901668,2661,0.0146081170845,0,0
survface,arcface-7972a704552df378345f,20260829-R001-81149bc4,step4_search_space_query_gallery_conditions_v6,validation_required,True,pca,pca_384,pca_direct_cosine,pca_projected_float32,pca_projected_float32,cosine_similarity,frozen_origin,0.01,cosine_similarity,0,0.000706446737202,0.836437225342,0.836437225342,0.00127434917167,0,0,0.168478890489,0.121989970707,1831,121736,0.0150407439048,86,121736,0.000706446737202,0.0143721597554,0.0157399334993,0.000572121271567,0.000872282275486,0.000656386121264,0.00112827540029,0,6.35720604942e-05,-0.0143342971676,-0.0150325294079,-0.0136607084182,-0.00086059944061,-0.00109229929001,-0.000645449580458,1536,0,3000,5396480,1798.82666667,0.21549398767,4640.50069708,2671,0.0146630141799,0,0
survface,arcface-7972a704552df378345f,20260829-R001-81149bc4,step4_search_space_query_gallery_conditions_v6,validation_required,True,pca,pca_32,pca_direct_cosine,pca_projected_float32,pca_projected_float32,cosine_similarity,recalibrated_compressed,0.01,cosine_similarity,0.000943349386823,0.0134882039824,0.836437225342,0.848775267601,0.00127434917167,0.000959899376065,0.753246753247,0.168478890489,0.0794730483425,1831,121736,0.0150407439048,1642,121736,0.0134882039824,0.0143721597554,0.0157399334993,0.0128553963614,0.0141517150282,0.000656386121264,0.00112827540029,0.000728254390064,0.00122189650275,-0.00155253992246,-0.00222612867188,-0.000862522179142,8.27499462125e-05,-0.00026479982788,0.000413749731063,128,0,3000,451584,150.528,0.200033600865,4999.16011947,1630,0.00894822654933,1265,0.00694448256743
survface,arcface-7972a704552df378345f,20260829-R001-81149bc4,step4_search_space_query_gallery_conditions_v6,validation_required,True,pca,pca_64,pca_direct_cosine,pca_projected_float32,pca_projected_float32,cosine_similarity,recalibrated_compressed,0.01,cosine_similarity,0.00099299935455,0.0137264243938,0.836437225342,0.789207756519,0.00127434917167,0.00102609933304,0.805194805195,0.168478890489,0.0991344355626,1831,121736,0.0150407439048,1671,121736,0.0137264243938,0.0143721597554,0.0157399334993,0.0130879928765,0.0143955443019,0.000656386121264,0.00112827540029,0.000771600404632,0.00127784411093,-0.00131431951107,-0.00197969376355,-0.000640730761648,0.00013239991394,-0.00019859987091,0.000446849709548,256,0,3000,901120,300.373333333,0.199930963609,5001.72650574,1450,0.00796007883223,1151,0.00631865567993
survface,arcface-7972a704552df378345f,20260829-R001-81149bc4,step4_search_space_query_gallery_conditions_v6,validation_required,True,pca,pca_128,pca_direct_cosine,pca_projected_float32,pca_projected_float32,cosine_similarity,recalibrated_compressed,0.01,cosine_similarity,0.00137364910713,0.0140632187685,0.836437225342,0.73609316349,0.00127434917167,0.00139019909637,1.09090909091,0.168478890489,0.112622676795,1831,121736,0.0150407439048,1712,121736,0.0140632187685,0.0143721597554,0.0157399334993,0.013416922187,0.0147401824859,0.000656386121264,0.00112827540029,0.00110834519025,0.00170235043309,-0.000977525136361,-0.00161825589801,-0.000311945521456,0.000513049666518,0.000182049881668,0.00086059944061,512,0,3000,1800192,600.064,0.209741870564,4767.76524074,1339,0.00735072107335,1132,0.00621435119868
survface,arcface-7972a704552df378345f,20260829-R001-81149bc4,step4_search_space_query_gallery_conditions_v6,validation_required,True,pca,pca_256,pca_direct_cosine,pca_projected_float32,pca_projected_float32,cosine_similarity,recalibrated_compressed,0.01,cosine_similarity,0.00158879896728,0.0146957350332,0.836437225342,0.694746553898,0.00127434917167,0.00163844893501,1.28571428571,0.168478890489,0.121609320954,1831,121736,0.0150407439048,1789,121736,0.0146957350332,0.0143721597554,0.0157399334993,0.0140349283269,0.0153871689578,0.000656386121264,0.00112827540029,0.00130134971037,0.00193961827824,-0.000345008871657,-0.00096951600184,0.000303936386936,0.00072819952667,0.000380649752578,0.00109229929001,1024,0,3000,3598336,1199.44533333,0.193919874395,5156.76901668,1232,0.00676332215262,1154,0.00633512480855
survface,arcface-7972a704552df378345f,20260829-R001-81149bc4,step4_search_space_query_gallery_conditions_v6,validation_required,True,pca,pca_384,pca_direct_cosine,pca_projected_float32,pca_projected_float32,cosine_similarity,recalibrated_compressed,0.01,cosine_similarity,0.00157224897804,0.014728593021,0.836437225342,0.69254308939,0.00127434917167,0.00162189894577,1.27272727273,0.168478890489,0.121989970707,1831,121736,0.0150407439048,1793,121736,0.014728593021,0.0143721597554,0.0157399334993,0.0140670415272,0.0154207696593,0.000656386121264,0.00112827540029,0.00128644810197,0.00192142201239,-0.00031215088388,-0.000952881645528,0.000320570743248,0.000711649537428,0.000364099763335,0.00105961306125,1536,0,3000,5396480,1798.82666667,0.21549398767,4640.50069708,1231,0.00675783244309,1155,0.00634061451809
survface,arcface-7972a704552df378345f,20260829-R001-81149bc4,step4_search_space_query_gallery_conditions_v6,validation_required,True,pca,pca_32,pca_reconstruction_cosine,pca_reconstructed_float32,pca_reconstructed_float32,cosine_similarity,frozen_origin,0.01,cosine_similarity,0.0101782433841,0.38142373661,0.836437225342,0.836437225342,0.00127434917167,0.0281680816907,22.1038961039,0.168478890489,0.113797726031,1831,121736,0.0150407439048,46433,121736,0.38142373661,0.0143721597554,0.0157399334993,0.378698923842,0.384156032645,0.000656386121264,0.00112827540029,0.00940848555992,0.011010279165,0.366382992706,0.363745933824,0.369110205691,0.00931764394353,0.00850669447065,0.0101124571769,128,0,3000,451584,150.528,0.212427065366,4707.49806894,0,0,68256,0.374705614326
survface,arcface-7972a704552df378345f,20260829-R001-81149bc4,step4_search_space_query_gallery_conditions_v6,validation_required,True,pca,pca_64,pca_reconstruction_cosine,pca_reconstructed_float32,pca_reconstructed_float32,cosine_similarity,frozen_origin,0.01,cosine_similarity,0.00572629627791,0.119750936453,0.836437225342,0.836437225342,0.00127434917167,0.0115518924913,9.06493506494,0.168478890489,0.142876057131,1831,121736,0.0150407439048,14578,121736,0.119750936453,0.0143721597554,0.0157399334993,0.117939109224,0.121586760938,0.000656386121264,0.00112827540029,0.00515527720999,0.00636015934141,0.104710192548,0.103067293159,0.106500952882,0.0048656968373,0.00431954719229,0.00542839647154,256,0,3000,901120,300.373333333,0.203111463611,4923.40502215,0,0,19870,0.109080528549
survface,arcface-7972a704552df378345f,20260829-R001-81149bc4,step4_search_space_query_gallery_conditions_v6,validation_required,True,pca,pca_128,pca_reconstruction_cosine,pca_reconstructed_float32,pca_reconstructed_float32,cosine_similarity,frozen_origin,0.01,cosine_similarity,0.00263144828956,0.0412039166721,0.836437225342,0.836437225342,0.00127434917167,0.00436919716002,3.42857142857,0.168478890489,0.159111596577,1831,121736,0.0150407439048,5016,121736,0.0412039166721,0.0143721597554,0.0157399334993,0.0401017861562,0.0423350014933,0.000656386121264,0.00112827540029,0.00225337674923,0.0030727573172,0.0261631727673,0.025267587238,0.0270916162844,0.00177084884895,0.00145598530361,0.00208529864456,512,0,3000,1800192,600.064,0.200725369046,4981.93130621,0,0,5005,0.027475996245
survface,arcface-7972a704552df378345f,20260829-R001-81149bc4,step4_search_space_query_gallery_conditions_v6,validation_required,True,pca,pca_256,pca_reconstruction_cosine,pca_reconstructed_float32,pca_reconstructed_float32,cosine_similarity,frozen_origin,0.01,cosine_similarity,0.00086059944061,0.0159196950779,0.836437225342,0.836437225342,0.00127434917167,0.00130744915016,1.02597402597,0.168478890489,0.167949290833,1831,121736,0.0150407439048,1938,121736,0.0159196950779,0.0143721597554,0.0157399334993,0.015231708578,0.0166382315528,0.000656386121264,0.00112827540029,0.000656386121264,0.00112827540029,0.00087895117303,0.000714661234146,0.00105145560886,0,0,0,1024,0,3000,3598336,1199.44533333,0.200261578072,4993.46908992,0,0,169,0.00092776091217
survface,arcface-7972a704552df378345f,20260829-R001-81149bc4,step4_search_space_query_gallery_conditions_v6,validation_required,True,pca,pca_384,pca_reconstruction_cosine,pca_reconstructed_float32,pca_reconstructed_float32,cosine_similarity,frozen_origin,0.01,cosine_similarity,0.00086059944061,0.0150653873957,0.836437225342,0.836437225342,0.00127434917167,0.00127434917167,1,0.168478890489,0.168478890489,1831,121736,0.0150407439048,1834,121736,0.0150653873957,0.0143721597554,0.0157399334993,0.0143962512968,0.0157651273843,0.000656386121264,0.00112827540029,0.000656386121264,0.00112827540029,2.46434908326e-05,0,5.75014786094e-05,0,0,0,1536,0,3000,5396480,1798.82666667,0.207091489852,4828.78364878,0,0,3,1.64691286184e-05
survface,arcface-7972a704552df378345f,20260829-R001-81149bc4,step4_search_space_query_gallery_conditions_v6,validation_required,True,pca,pca_32,pca_reconstruction_cosine,pca_reconstructed_float32,pca_reconstructed_float32,cosine_similarity,recalibrated_compressed,0.01,cosine_similarity,0.000182049881668,0.013833212854,0.836437225342,0.9287109375,0.00127434917167,0.000231699849395,0.181818181818,0.168478890489,0.113797726031,1831,121736,0.0150407439048,1684,121736,0.013833212854,0.0143721597554,0.0157399334993,0.0131922767677,0.0145048305918,0.000656386121264,0.00112827540029,0.000101660194223,0.000325988483034,-0.0012075310508,-0.00183203818098,-0.000558380429782,-0.000678549558943,-0.000893699419095,-0.000479949688033,128,0,3000,451584,150.528,0.212427065366,4707.49806894,1281,0.00703231792006,998,0.00547873012039
survface,arcface-7972a704552df378345f,20260829-R001-81149bc4,step4_search_space_query_gallery_conditions_v6,validation_required,True,pca,pca_64,pca_reconstruction_cosine,pca_reconstructed_float32,pca_reconstructed_float32,cosine_similarity,recalibrated_compressed,0.01,cosine_similarity,0.00039719974182,0.014728593021,0.836437225342,0.893844842911,0.00127434917167,0.000496499677275,0.38961038961,0.168478890489,0.142876057131,1831,121736,0.0150407439048,1793,121736,0.014728593021,0.0143721597554,0.0157399334993,0.0140670415272,0.0154207696593,0.000656386121264,0.00112827540029,0.000266943474281,0.000590977568242,-0.00031215088388,-0.000788591706644,0.000147860944996,-0.00046339969879,-0.000645449580458,-0.000297899806365,256,0,3000,901120,300.373333333,0.203111463611,4923.40502215,725,0.00398003941611,649,0.00356282149111
survface,arcface-7972a704552df378345f,20260829-R001-81149bc4,step4_search_space_query_gallery_conditions_v6,validation_required,True,pca,pca_128,pca_reconstruction_cosine,pca_reconstructed_float32,pca_reconstructed_float32,cosine_similarity,recalibrated_compressed,0.01,cosine_similarity,0.000678549558943,0.0153200368009,0.836437225342,0.861587524414,0.00127434917167,0.00099299935455,0.779220779221,0.168478890489,0.159111596577,1831,121736,0.0150407439048,1865,121736,0.0153200368009,0.0143721597554,0.0157399334993,0.0146452246273,0.0160254367936,0.000656386121264,0.00112827540029,0.000500256421102,0.000920328483691,0.000279292896103,-4.1072484721e-05,0.000591443779983,-0.000182049881668,-0.000314449795608,-6.619995697e-05,512,0,3000,1800192,600.064,0.200725369046,4981.93130621,297,0.00163044373322,339,0.00186101153388
survface,arcface-7972a704552df378345f,20260829-R001-81149bc4,step4_search_space_query_gallery_conditions_v6,validation_required,True,pca,pca_256,pca_reconstruction_cosine,pca_reconstructed_float32,pca_reconstructed_float32,cosine_similarity,recalibrated_compressed,0.01,cosine_similarity,0.000827499462125,0.0149585989354,0.836437225342,0.837844014168,0.00127434917167,0.00124124919319,0.974025974026,0.168478890489,0.167949290833,1831,121736,0.0150407439048,1821,121736,0.0149585989354,0.0143721597554,0.0157399334993,0.0142918580369,0.015655950463,0.000656386121264,0.00112827540029,0.000627782406336,0.00109068336672,-8.21449694421e-05,-0.000172504435828,0,-3.3099978485e-05,-8.27499462125e-05,0,1024,0,3000,3598336,1199.44533333,0.200261578072,4993.46908992,32,0.000175670705263,20,0.000109794190789
survface,arcface-7972a704552df378345f,20260829-R001-81149bc4,step4_search_space_query_gallery_conditions_v6,validation_required,True,pca,pca_384,pca_reconstruction_cosine,pca_reconstructed_float32,pca_reconstructed_float32,cosine_similarity,recalibrated_compressed,0.01,cosine_similarity,0.00086059944061,0.0150571728987,0.836437225342,0.836453080177,0.00127434917167,0.00127434917167,1,0.168478890489,0.168478890489,1831,121736,0.0150407439048,1833,121736,0.0150571728987,0.0143721597554,0.0157399334993,0.0143882207306,0.0157567294751,0.000656386121264,0.00112827540029,0.000656386121264,0.00112827540029,1.64289938884e-05,0,4.1072484721e-05,0,0,0,1536,0,3000,5396480,1798.82666667,0.207091489852,4828.78364878,0,0,2,1.09794190789e-05
survface,arcface-7972a704552df378345f,20260829-R001-81149bc4,step4_search_space_query_gallery_conditions_v6,validation_required,True,pq,pq_512_m8_b8,pq_adc_exhaustive,origin_float32,pq_code,squared_l2_asymmetric,recalibrated_compressed,0.01,negative_squared_l2_adc,1.65499892425e-05,0.00985739633305,0.836437225342,-0.292005717754,0.00127434917167,3.3099978485e-05,0.025974025974,0.168478890489,0.0692948049584,1831,121736,0.0150407439048,1200,121736,0.00985739633305,0.0143721597554,0.0157399334993,0.00931768710578,0.0104280381228,0.000656386121264,0.00112827540029,2.9214854591e-06,9.37484492863e-05,-0.00518334757179,-0.00575836235789,-0.00461654728264,-0.000844049451368,-0.00107616305049,-0.000628899591215,8,524288,3000,548288,182.762666667,0.00924899401074,108119.866749,1489,0.00817417750427,431,0.00236606481151
survface,arcface-7972a704552df378345f,20260829-R001-81149bc4,step4_search_space_query_gallery_conditions_v6,validation_required,True,pq,pq_512_m16_b8,pq_adc_exhaustive,origin_float32,pq_code,squared_l2_asymmetric,recalibrated_compressed,0.01,negative_squared_l2_adc,3.3099978485e-05,0.0103831241375,0.836437225342,-0.312873452902,0.00127434917167,4.96499677275e-05,0.038961038961,0.168478890489,0.0879466428347,1831,121736,0.0150407439048,1264,121736,0.0103831241375,0.0143721597554,0.0157399334993,0.00982894876062,0.0109681988985,0.000656386121264,0.00112827540029,9.07725491843e-06,0.000120690554078,-0.00465761976737,-0.00520799106263,-0.00411525760662,-0.000827499462125,-0.00107574930076,-0.00059579961273,16,524288,3000,572288,190.762666667,0.0159114938049,62847.6504006,1401,0.0076910830648,440,0.00241547219737
survface,arcface-7972a704552df378345f,20260829-R001-81149bc4,step4_search_space_query_gallery_conditions_v6,validation_required,True,pq,pq_512_m32_b8,pq_adc_exhaustive,origin_float32,pq_code,squared_l2_asymmetric,recalibrated_compressed,0.01,negative_squared_l2_adc,9.9299935455e-05,0.0115824406913,0.836437225342,-0.346081346273,0.00127434917167,0.000165499892425,0.12987012987,0.168478890489,0.110487728183,1831,121736,0.0150407439048,1410,121736,0.0115824406913,0.0143721597554,0.0157399334993,0.010996616889,0.0121990881898,0.000656386121264,0.00112827540029,4.55108204724e-05,0.000216648485529,-0.00345830321351,-0.00397602188342,-0.00290793191825,-0.000761299505155,-0.00099299935455,-0.000546149645003,32,524288,3000,620288,206.762666667,0.0282325539776,35420.1040683,1199,0.00658216173782,462,0.00253624580723
survface,arcface-7972a704552df378345f,20260829-R001-81149bc4,step4_search_space_query_gallery_conditions_v6,validation_required,True,pq,pq_512_m64_b8,pq_adc_exhaustive,origin_float32,pq_code,squared_l2_asymmetric,recalibrated_compressed,0.01,negative_squared_l2_adc,0.000314449795608,0.0134142735099,0.836437225342,-0.388498067856,0.00127434917167,0.000562699634245,0.441558441558,0.168478890489,0.132764013703,1831,121736,0.0150407439048,1633,121736,0.0134142735099,0.0143721597554,0.0157399334993,0.0127832217213,0.0140760333889,0.000656386121264,0.00112827540029,0.000201326164481,0.000491105506786,-0.00162647039495,-0.002061838733,-0.00121574554774,-0.000546149645003,-0.000744749515913,-0.000347549774093,64,524288,3000,716288,238.762666667,0.0424946371028,23532.3812175,729,0.00400199825427,380,0.002086089625
survface,arcface-7972a704552df378345f,20260829-R001-81149bc4,step4_search_space_query_gallery_conditions_v6,validation_required,True,pq,pq_512_m128_b8,pq_adc_exhaustive,origin_float32,pq_code,squared_l2_asymmetric,recalibrated_compressed,0.01,negative_squared_l2_adc,0.00086059944061,0.0148025234935,0.836437225342,-0.355155050755,0.00127434917167,0.00130744915016,1.02597402597,0.168478890489,0.161279645168,1831,121736,0.0150407439048,1802,121736,0.0148025234935,0.0143721597554,0.0157399334993,0.0141392993923,0.0154963680735,0.000656386121264,0.00112827540029,0.000656386121264,0.00112827540029,-0.000238220411382,-0.000533942301373,5.75014786094e-05,0,-0.00013239991394,0.00013239991394,128,524288,3000,908288,302.762666667,0.103055492729,9703.50995876,283,0.00155358779967,249,0.00136693767533
survface,arcface-7972a704552df378345f,20260829-R001-81149bc4,step4_search_space_query_gallery_conditions_v6,validation_required,True,pq,pq_512_m8_b8,pq_one_sided_cosine,origin_float32,pq_reconstructed_float32,cosine_similarity,frozen_origin,0.01,cosine_similarity,3.3099978485e-05,0.0119931655385,0.836437225342,0.836437225342,0.00127434917167,9.9299935455e-05,0.0779220779221,0.168478890489,0.0787282988266,1831,121736,0.0150407439048,1460,121736,0.0119931655385,0.0143721597554,0.0157399334993,0.0113968956902,0.0126202331624,0.000656386121264,0.00112827540029,9.07725491843e-06,0.000120690554078,-0.0030475783663,-0.00363080764934,-0.00248077807715,-0.000827499462125,-0.00107574930076,-0.00059579961273,8,524288,3000,548288,182.762666667,0.215268418799,4645.36324269,1293,0.00709819443453,630,0.00345851700987
survface,arcface-7972a704552df378345f,20260829-R001-81149bc4,step4_search_space_query_gallery_conditions_v6,validation_required,True,pq,pq_512_m16_b8,pq_one_sided_cosine,origin_float32,pq_reconstructed_float32,cosine_similarity,frozen_origin,0.01,cosine_similarity,3.3099978485e-05,0.00816520996254,0.836437225342,0.836437225342,0.00127434917167,4.96499677275e-05,0.038961038961,0.168478890489,0.104728331927,1831,121736,0.0150407439048,994,121736,0.00816520996254,0.0143721597554,0.0157399334993,0.00767497527041,0.0086864840099,0.000656386121264,0.00112827540029,9.07725491843e-06,0.000120690554078,-0.0068755339423,-0.00744253959388,-0.00628409016232,-0.000827499462125,-0.00107574930076,-0.00059579961273,16,524288,3000,572288,190.762666667,0.214224783843,4667.99397372,1662,0.0091238972546,299,0.0016414231523
survface,arcface-7972a704552df378345f,20260829-R001-81149bc4,step4_search_space_query_gallery_conditions_v6,validation_required,True,pq,pq_512_m32_b8,pq_one_sided_cosine,origin_float32,pq_reconstructed_float32,cosine_similarity,frozen_origin,0.01,cosine_similarity,0,0.00525727804429,0.836437225342,0.836437225342,0.00127434917167,0,0,0.168478890489,0.133757013058,1831,121736,0.0150407439048,640,121736,0.00525727804429,0.0143721597554,0.0157399334993,0.00486636373865,0.00567941522275,0.000656386121264,0.00112827540029,0,6.35720604942e-05,-0.00978346586055,-0.0103913386344,-0.00920845107446,-0.00086059944061,-0.00109229929001,-0.000645449580458,32,524288,3000,620288,206.762666667,0.211208448114,4734.65909593,2011,0.0110398058839,129,0.000708172530591
survface,arcface-7972a704552df378345f,20260829-R001-81149bc4,step4_search_space_query_gallery_conditions_v6,validation_required,True,pq,pq_512_m64_b8,pq_one_sided_cosine,origin_float32,pq_reconstructed_float32,cosine_similarity,frozen_origin,0.01,cosine_similarity,3.3099978485e-05,0.00326115528685,0.836437225342,0.836437225342,0.00127434917167,3.3099978485e-05,0.025974025974,0.168478890489,0.153633550138,1831,121736,0.0150407439048,397,121736,0.00326115528685,0.0143721597554,0.0157399334993,0.00295618234496,0.00359747707549,0.000656386121264,0.00112827540029,9.07725491843e-06,0.000120690554078,-0.011779588618,-0.0124038903858,-0.0111635013472,-0.000827499462125,-0.00105919931152,-0.000612349601973,64,524288,3000,716288,238.762666667,0.207009113467,4830.70519579,2234,0.0122640111112,11,6.03868049342e-05
survface,arcface-7972a704552df378345f,20260829-R001-81149bc4,step4_search_space_query_gallery_conditions_v6,validation_required,True,pq,pq_512_m128_b8,pq_one_sided_cosine,origin_float32,pq_reconstructed_float32,cosine_similarity,frozen_origin,0.01,cosine_similarity,0.000364099763335,0.00699875139646,0.836437225342,0.836437225342,0.00127434917167,0.00046339969879,0.363636363636,0.168478890489,0.165450242457,1831,121736,0.0150407439048,852,121736,0.00699875139646,0.0143721597554,0.0157399334993,0.0065457573819,0.00748285838066,0.000656386121264,0.00112827540029,0.000240469515571,0.00055125577845,-0.00804199250838,-0.00852664782809,-0.00753269369784,-0.000496499677275,-0.000695099548185,-0.000297899806365,128,524288,3000,908288,302.762666667,0.208219922156,4802.61441675,1515,0.00831690995229,0,0
survface,arcface-7972a704552df378345f,20260829-R001-81149bc4,step4_search_space_query_gallery_conditions_v6,validation_required,True,pq,pq_512_m8_b8,pq_one_sided_cosine,origin_float32,pq_reconstructed_float32,cosine_similarity,recalibrated_compressed,0.01,cosine_similarity,0,0.00981632384833,0.836437225342,0.842113733292,0.00127434917167,1.65499892425e-05,0.012987012987,0.168478890489,0.0787282988266,1831,121736,0.0150407439048,1195,121736,0.00981632384833,0.0143721597554,0.0157399334993,0.00927776132271,0.0103858215285,0.000656386121264,0.00112827540029,0,6.35720604942e-05,-0.00522442005652,-0.00577479135178,-0.00463277091411,-0.00086059944061,-0.00109229929001,-0.000645449580458,8,524288,3000,548288,182.762666667,0.215268418799,4645.36324269,1502,0.00824554372828,430,0.00236057510197
survface,arcface-7972a704552df378345f,20260829-R001-81149bc4,step4_search_space_query_gallery_conditions_v6,validation_required,True,pq,pq_512_m16_b8,pq_one_sided_cosine,origin_float32,pq_reconstructed_float32,cosine_similarity,recalibrated_compressed,0.01,cosine_similarity,3.3099978485e-05,0.0104077676283,0.836437225342,0.829550325871,0.00127434917167,4.96499677275e-05,0.038961038961,0.168478890489,0.104728331927,1831,121736,0.0150407439048,1267,121736,0.0104077676283,0.0143721597554,0.0157399334993,0.00985292350874,0.0109935095768,0.000656386121264,0.00112827540029,9.07725491843e-06,0.000120690554078,-0.00463297627653,-0.00517533843727,-0.0040741851219,-0.000827499462125,-0.00107574930076,-0.00059579961273,16,524288,3000,572288,190.762666667,0.214224783843,4667.99397372,1403,0.00770206248387,442,0.00242645161644
survface,arcface-7972a704552df378345f,20260829-R001-81149bc4,step4_search_space_query_gallery_conditions_v6,validation_required,True,pq,pq_512_m32_b8,pq_one_sided_cosine,origin_float32,pq_reconstructed_float32,cosine_similarity,recalibrated_compressed,0.01,cosine_similarity,0.00013239991394,0.0119685220477,0.836437225342,0.813485383987,0.00127434917167,0.000182049881668,0.142857142857,0.168478890489,0.133757013058,1831,121736,0.0150407439048,1457,121736,0.0119685220477,0.0143721597554,0.0157399334993,0.0113728736931,0.0125949697332,0.000656386121264,0.00112827540029,6.70918040753e-05,0.000261263250428,-0.00307222185713,-0.0035817260301,-0.00253827955576,-0.00072819952667,-0.000959899376065,-0.000513049666518,32,524288,3000,620288,206.762666667,0.211208448114,4734.65909593,1106,0.00607161875065,443,0.00243194132598
survface,arcface-7972a704552df378345f,20260829-R001-81149bc4,step4_search_space_query_gallery_conditions_v6,validation_required,True,pq,pq_512_m64_b8,pq_one_sided_cosine,origin_float32,pq_reconstructed_float32,cosine_similarity,recalibrated_compressed,0.01,cosine_similarity,0.000347549774093,0.0142439377013,0.836437225342,0.803224384785,0.00127434917167,0.000628899591215,0.493506493506,0.168478890489,0.153633550138,1831,121736,0.0150407439048,1734,121736,0.0142439377013,0.0143721597554,0.0157399334993,0.0135934612551,0.0149250698783,0.000656386121264,0.00112827540029,0.000227340936147,0.000531286483622,-0.000796806203588,-0.00119110205691,-0.000410519484787,-0.000513049666518,-0.000711649537428,-0.00033099978485,64,524288,3000,716288,238.762666667,0.207009113467,4830.70519579,562,0.00308521676118,405,0.00222333236348
survface,arcface-7972a704552df378345f,20260829-R001-81149bc4,step4_search_space_query_gallery_conditions_v6,validation_required,True,pq,pq_512_m128_b8,pq_one_sided_cosine,origin_float32,pq_reconstructed_float32,cosine_similarity,recalibrated_compressed,0.01,cosine_similarity,0.000810949472883,0.0146546625485,0.836437225342,0.821758985519,0.00127434917167,0.00122469920395,0.961038961039,0.168478890489,0.165450242457,1831,121736,0.0150407439048,1784,121736,0.0146546625485,0.0143721597554,0.0157399334993,0.0139947880495,0.0153451668578,0.000656386121264,0.00112827540029,0.000613513710324,0.00107185418848,-0.000386081356378,-0.000673588749425,-9.85739633305e-05,-4.96499677275e-05,-0.00019859987091,9.9299935455e-05,128,524288,3000,908288,302.762666667,0.208219922156,4802.61441675,298,0.00163593344276,241,0.00132301999901
survface,arcface-7972a704552df378345f,20260829-R001-81149bc4,step4_search_space_query_gallery_conditions_v6,validation_required,True,pq,pq_512_m8_b8,pq_reconstruction_cosine,pq_reconstructed_float32,pq_reconstructed_float32,cosine_similarity,frozen_origin,0.01,cosine_similarity,0.00378994753653,0.393967273444,0.836437225342,0.836437225342,0.00127434917167,0.0180063882958,14.1298701299,0.168478890489,0.0665144067656,1831,121736,0.0150407439048,47960,121736,0.393967273444,0.0143721597554,0.0157399334993,0.391225822716,0.396715415824,0.000656386121264,0.00112827540029,0.00333055807735,0.00431242718667,0.378926529539,0.376305078202,0.381687011237,0.00292934809592,0.00243243466892,0.00344239776244,8,524288,3000,548288,182.762666667,0.218260735401,4581.6761231,1,5.48970953947e-06,70368,0.386299880873
survface,arcface-7972a704552df378345f,20260829-R001-81149bc4,step4_search_space_query_gallery_conditions_v6,validation_required,True,pq,pq_512_m16_b8,pq_reconstruction_cosine,pq_reconstructed_float32,pq_reconstructed_float32,cosine_similarity,frozen_origin,0.01,cosine_similarity,0.00177084884895,0.121402050338,0.836437225342,0.836437225342,0.00127434917167,0.00675239561094,5.2987012987,0.168478890489,0.0915048905218,1831,121736,0.0150407439048,14779,121736,0.121402050338,0.0143721597554,0.0157399334993,0.119579364563,0.12324862917,0.000656386121264,0.00112827540029,0.00146580229758,0.00213924230779,0.106361306434,0.104652485707,0.108127423277,0.000910249408338,0.000579249623488,0.00124124919319,16,524288,3000,572288,190.762666667,0.221513718235,4514.39309478,59,0.000323892862829,19777,0.108569985562
survface,arcface-7972a704552df378345f,20260829-R001-81149bc4,step4_search_space_query_gallery_conditions_v6,validation_required,True,pq,pq_512_m32_b8,pq_reconstruction_cosine,pq_reconstructed_float32,pq_reconstructed_float32,cosine_similarity,frozen_origin,0.01,cosine_similarity,0.00026479982788,0.0234441742788,0.836437225342,0.836437225342,0.00127434917167,0.000546149645003,0.428571428571,0.168478890489,0.121195571223,1831,121736,0.0150407439048,2854,121736,0.0234441742788,0.0143721597554,0.0157399334993,0.0226091202981,0.0243093033697,0.000656386121264,0.00112827540029,0.000163007447038,0.000430130601475,0.00840343037392,0.00772142176513,0.00915094959585,-0.00059579961273,-0.000844049451368,-0.000364099763335,32,524288,3000,620288,206.762666667,0.217249736219,4602.99753363,824,0.00452352066052,2264,0.0124287023974
survface,arcface-7972a704552df378345f,20260829-R001-81149bc4,step4_search_space_query_gallery_conditions_v6,validation_required,True,pq,pq_512_m64_b8,pq_reconstruction_cosine,pq_reconstructed_float32,pq_reconstructed_float32,cosine_similarity,frozen_origin,0.01,cosine_similarity,1.65499892425e-05,0.00292436091214,0.836437225342,0.836437225342,0.00127434917167,1.65499892425e-05,0.012987012987,0.168478890489,0.147394204194,1831,121736,0.0150407439048,356,121736,0.00292436091214,0.0143721597554,0.0157399334993,0.0026363135616,0.00324377836428,0.000656386121264,0.00112827540029,2.9214854591e-06,9.37484492863e-05,-0.0121163829927,-0.0127573191168,-0.0115247338503,-0.000844049451368,-0.00107616305049,-0.000628899591215,64,524288,3000,716288,238.762666667,0.205872015108,4857.38675787,2327,0.0127745540983,39,0.000214098672039
survface,arcface-7972a704552df378345f,20260829-R001-81149bc4,step4_search_space_query_gallery_conditions_v6,validation_required,True,pq,pq_512_m128_b8,pq_reconstruction_cosine,pq_reconstructed_float32,pq_reconstructed_float32,cosine_similarity,frozen_origin,0.01,cosine_similarity,0.000148949903183,0.00381152658211,0.836437225342,0.836437225342,0.00127434917167,0.000215149860153,0.168831168831,0.168478890489,0.165566092382,1831,121736,0.0150407439048,464,121736,0.00381152658211,0.0143721597554,0.0157399334993,0.00348068957536,0.00417367770206,0.000656386121264,0.00112827540029,7.83673334575e-05,0.000283085595297,-0.0112292173227,-0.0118370900966,-0.0106542025366,-0.000711649537428,-0.00092679939758,-0.000496499677275,128,524288,3000,908288,302.762666667,0.211499897342,4728.13468264,2095,0.0115009414852,0,0
survface,arcface-7972a704552df378345f,20260829-R001-81149bc4,step4_search_space_query_gallery_conditions_v6,validation_required,True,pq,pq_512_m8_b8,pq_reconstruction_cosine,pq_reconstructed_float32,pq_reconstructed_float32,cosine_similarity,recalibrated_compressed,0.01,cosine_similarity,3.3099978485e-05,0.0105802720641,0.836437225342,0.959236383438,0.00127434917167,3.3099978485e-05,0.025974025974,0.168478890489,0.0665144067656,1831,121736,0.0150407439048,1288,121736,0.0105802720641,0.0143721597554,0.0157399334993,0.0100207694073,0.0111706616633,0.000656386121264,0.00112827540029,9.07725491843e-06,0.000120690554078,-0.0044604718407,-0.00519977656568,-0.003680094631,-0.000827499462125,-0.00107574930076,-0.00059579961273,8,524288,3000,548288,182.762666667,0.218260735401,4581.6761231,2033,0.0111605794937,1123,0.00616494381282
survface,arcface-7972a704552df378345f,20260829-R001-81149bc4,step4_search_space_query_gallery_conditions_v6,validation_required,True,pq,pq_512_m16_b8,pq_reconstruction_cosine,pq_reconstructed_float32,pq_reconstructed_float32,cosine_similarity,recalibrated_compressed,0.01,cosine_similarity,1.65499892425e-05,0.0121738844713,0.836437225342,0.912016749382,0.00127434917167,1.65499892425e-05,0.012987012987,0.168478890489,0.0915048905218,1831,121736,0.0150407439048,1482,121736,0.0121738844713,0.0143721597554,0.0157399334993,0.011573077058,0.0128054782552,0.000656386121264,0.00112827540029,2.9214854591e-06,9.37484492863e-05,-0.00286685943353,-0.00356529703621,-0.00217684169021,-0.000844049451368,-0.00109229929001,-0.000628899591215,16,524288,3000,572288,190.762666667,0.221513718235,4514.39309478,1750,0.00960699169407,1082,0.0059398657217
survface,arcface-7972a704552df378345f,20260829-R001-81149bc4,step4_search_space_query_gallery_conditions_v6,validation_required,True,pq,pq_512_m32_b8,pq_reconstruction_cosine,pq_reconstructed_float32,pq_reconstructed_float32,cosine_similarity,recalibrated_compressed,0.01,cosine_similarity,6.619995697e-05,0.0133485575343,0.836437225342,0.853512644768,0.00127434917167,9.9299935455e-05,0.0779220779221,0.168478890489,0.121195571223,1831,121736,0.0150407439048,1625,121736,0.0133485575343,0.0143721597554,0.0157399334993,0.0127190707132,0.0140087565932,0.000656386121264,0.00112827540029,2.57441620636e-05,0.000170219395435,-0.00169218637051,-0.0023411316291,-0.00103502661497,-0.00079439948364,-0.00104264932228,-0.000579249623488,32,524288,3000,620288,206.762666667,0.217249736219,4602.99753363,1402,0.00769657277433,975,0.00535246680098
survface,arcface-7972a704552df378345f,20260829-R001-81149bc4,step4_search_space_query_gallery_conditions_v6,validation_required,True,pq,pq_512_m64_b8,pq_reconstruction_cosine,pq_reconstructed_float32,pq_reconstructed_float32,cosine_similarity,recalibrated_compressed,0.01,cosine_similarity,0.000297899806365,0.0146875205362,0.836437225342,0.799369096756,0.00127434917167,0.000479949688033,0.376623376623,0.168478890489,0.147394204194,1831,121736,0.0150407439048,1788,121736,0.0146875205362,0.0143721597554,0.0157399334993,0.0140269001625,0.0153787686466,0.000656386121264,0.00112827540029,0.000188452129461,0.000470881667555,-0.000353223368601,-0.000887165669974,0.000172504435828,-0.000562699634245,-0.00079439948364,-0.000347549774093,64,524288,3000,716288,238.762666667,0.205872015108,4857.38675787,894,0.00490780032828,777,0.00426550431217
survface,arcface-7972a704552df378345f,20260829-R001-81149bc4,step4_search_space_query_gallery_conditions_v6,validation_required,True,pq,pq_512_m128_b8,pq_reconstruction_cosine,pq_reconstructed_float32,pq_reconstructed_float32,cosine_similarity,recalibrated_compressed,0.01,cosine_similarity,0.000761299505155,0.0143342971676,0.836437225342,0.814136624336,0.00127434917167,0.00105919931152,0.831168831169,0.168478890489,0.165566092382,1831,121736,0.0150407439048,1745,121736,0.0143342971676,0.0143721597554,0.0157399334993,0.0136817411507,0.015017503213,0.000656386121264,0.00112827540029,0.000570848455513,0.00101522582054,-0.000706446737202,-0.0010596701058,-0.000345008871657,-9.9299935455e-05,-0.00026479982788,6.619995697e-05,128,524288,3000,908288,302.762666667,0.211499897342,4728.13468264,461,0.00253075609769,358,0.00196531601513
survface,arcface-7972a704552df378345f,20260829-R001-81149bc4,step4_search_space_query_gallery_conditions_v6,validation_required,True,pq,pq_512_m128_b8,pq_sdc_exhaustive,pq_code,pq_code,squared_l2_symmetric,recalibrated_compressed,0.01,negative_squared_l2_sdc,0.00079439948364,0.0145643030821,0.836437225342,-0.365986347198,0.00127434917167,0.00114194925773,0.896103896104,0.168478890489,0.16124654519,1831,121736,0.0150407439048,1773,121736,0.0145643030821,0.0143721597554,0.0157399334993,0.0139064842492,0.0152527574278,0.000656386121264,0.00112827540029,0.000599268008606,0.00105300201594,-0.000476440822764,-0.000846093185253,-0.000106788460275,-6.619995697e-05,-0.000248249838638,0.000115849924698,128,524288,3000,908288,302.762666667,0.137781572692,7257.86460745,450,0.00247036929276,387,0.00212451759177
survface,arcface-7972a704552df378345f,20260829-R001-81149bc4,step4_search_space_query_gallery_conditions_v6,validation_required,True,pca,pca_32,pca_direct_cosine,pca_projected_float32,pca_projected_float32,cosine_similarity,frozen_origin,0.05,cosine_similarity,0.00226734852622,0.0436436222646,0.800525426865,0.800525426865,0.00711649537428,0.00239974844016,0.337209302326,0.168478890489,0.0794730483425,6515,121736,0.0535174475915,5313,121736,0.0436436222646,0.0522671996473,0.0547958727424,0.0425103018119,0.0448057430542,0.00365624877754,0.00468179184575,0.00191844552918,0.00267953530373,-0.00987382532694,-0.0111472777157,-0.00860057830058,-0.0018701487844,-0.00248249838638,-0.00129089916092,128,0,3000,451584,150.528,0.200033600865,4999.16011947,5760,0.0316207269473,3499,0.0192084936786
survface,arcface-7972a704552df378345f,20260829-R001-81149bc4,step4_search_space_query_gallery_conditions_v6,validation_required,True,pca,pca_64,pca_direct_cosine,pca_projected_float32,pca_projected_float32,cosine_similarity,frozen_origin,0.05,cosine_similarity,0.00079439948364,0.0112785043044,0.800525426865,0.800525426865,0.00711649537428,0.00079439948364,0.111627906977,0.168478890489,0.0991344355626,6515,121736,0.0535174475915,1373,121736,0.0112785043044,0.0522671996473,0.0547958727424,0.0107005344344,0.0118873170517,0.00365624877754,0.00468179184575,0.000599268008606,0.00105300201594,-0.0422389432871,-0.0434218308471,-0.0410887083525,-0.00334309782699,-0.00387311123248,-0.00279694818198,256,0,3000,901120,300.373333333,0.199930963609,5001.72650574,8404,0.0461355189697,257,0.00141085535164
survface,arcface-7972a704552df378345f,20260829-R001-81149bc4,step4_search_space_query_gallery_conditions_v6,validation_required,True,pca,pca_128,pca_direct_cosine,pca_projected_float32,pca_projected_float32,cosine_similarity,frozen_origin,0.05,cosine_similarity,0.00013239991394,0.00492869816652,0.800525426865,0.800525426865,0.00711649537428,0.00013239991394,0.0186046511628,0.168478890489,0.112622676795,6515,121736,0.0535174475915,600,121736,0.00492869816652,0.0522671996473,0.0547958727424,0.00455061844937,0.00533802149294,0.00365624877754,0.00468179184575,6.70918040753e-05,0.000261263250428,-0.048588749425,-0.0497798514819,-0.0473072879017,-0.00400509739669,-0.00455124704169,-0.00349204773017,512,0,3000,1800192,600.064,0.209741870564,4767.76524074,9345,0.0513013356463,8,4.39176763157e-05
survface,arcface-7972a704552df378345f,20260829-R001-81149bc4,step4_search_space_query_gallery_conditions_v6,validation_required,True,pca,pca_256,pca_direct_cosine,pca_projected_float32,pca_projected_float32,cosine_similarity,frozen_origin,0.05,cosine_similarity,3.3099978485e-05,0.00231648813827,0.800525426865,0.800525426865,0.00711649537428,3.3099978485e-05,0.0046511627907,0.168478890489,0.121609320954,6515,121736,0.0535174475915,282,121736,0.00231648813827,0.0522671996473,0.0547958727424,0.00206168676353,0.00260269797704,0.00365624877754,0.00468179184575,9.07725491843e-06,0.000120690554078,-0.0512009594532,-0.052416705001,-0.049935516199,-0.00410439733214,-0.0046339969879,-0.00357438392665,1024,0,3000,3598336,1199.44533333,0.193919874395,5156.76901668,9797,0.0537826843582,3,1.64691286184e-05
survface,arcface-7972a704552df378345f,20260829-R001-81149bc4,step4_search_space_query_gallery_conditions_v6,validation_required,True,pca,pca_384,pca_direct_cosine,pca_projected_float32,pca_projected_float32,cosine_similarity,frozen_origin,0.05,cosine_similarity,3.3099978485e-05,0.00220148518105,0.800525426865,0.800525426865,0.00711649537428,3.3099978485e-05,0.0046511627907,0.168478890489,0.121989970707,6515,121736,0.0535174475915,268,121736,0.00220148518105,0.0522671996473,0.0547958727424,0.00195344901131,0.00248093707259,0.00365624877754,0.00468179184575,9.07725491843e-06,0.000120690554078,-0.0513159624105,-0.0525152789643,-0.0500180718933,-0.00410439733214,-0.0046339969879,-0.00357438392665,1536,0,3000,5396480,1798.82666667,0.21549398767,4640.50069708,9815,0.0538814991299,3,1.64691286184e-05
survface,arcface-7972a704552df378345f,20260829-R001-81149bc4,step4_search_space_query_gallery_conditions_v6,validation_required,True,pca,pca_32,pca_direct_cosine,pca_projected_float32,pca_projected_float32,cosine_similarity,recalibrated_compressed,0.05,cosine_similarity,0.00266454826804,0.0557682197542,0.800525426865,0.789568245411,0.00711649537428,0.00297899806365,0.418604651163,0.168478890489,0.0794730483425,6515,121736,0.0535174475915,6789,121736,0.0557682197542,0.0522671996473,0.0547958727424,0.0544931269728,0.0570713476977,0.00365624877754,0.00468179184575,0.00228392822115,0.00310840159379,0.00225077216271,0.000919818295328,0.0036225931524,-0.00147294904258,-0.00208529864456,-0.000910249408338,128,0,3000,451584,150.528,0.200033600865,4999.16011947,5066,0.0278108685269,5051,0.0277285228839
survface,arcface-7972a704552df378345f,20260829-R001-81149bc4,step4_search_space_query_gallery_conditions_v6,validation_required,True,pca,pca_64,pca_direct_cosine,pca_projected_float32,pca_projected_float32,cosine_similarity,recalibrated_compressed,0.05,cosine_similarity,0.00458434702017,0.0569511073142,0.800525426865,0.707584917545,0.00711649537428,0.00575939625639,0.809302325581,0.168478890489,0.0991344355626,6515,121736,0.0535174475915,6933,121736,0.0569511073142,0.0522671996473,0.0547958727424,0.0556631955718,0.0582669795674,0.00365624877754,0.00468179184575,0.00407631195775,0.00515537127032,0.00343365972268,0.00224235230334,0.00462517250444,0.000446849709548,-0.000115849924698,0.00104264932228,256,0,3000,901120,300.373333333,0.199930963609,5001.72650574,3990,0.0219039410625,4393,0.0241162940069
survface,arcface-7972a704552df378345f,20260829-R001-81149bc4,step4_search_space_query_gallery_conditions_v6,validation_required,True,pca,pca_128,pca_direct_cosine,pca_projected_float32,pca_projected_float32,cosine_similarity,recalibrated_compressed,0.05,cosine_similarity,0.00592489614882,0.0572632581981,0.800525426865,0.646895587444,0.00711649537428,0.00771229498701,1.08372093023,0.168478890489,0.112622676795,6515,121736,0.0535174475915,6971,121736,0.0572632581981,0.0522671996473,0.0547958727424,0.0559719901878,0.0585824670195,0.00365624877754,0.00468179184575,0.00534359617218,0.00656901487024,0.00374581060656,0.00262843365972,0.0048876256818,0.00178739883819,0.00122469920395,0.00236664846168,512,0,3000,1800192,600.064,0.209741870564,4767.76524074,3517,0.0193073084503,4092,0.0224638914355
survface,arcface-7972a704552df378345f,20260829-R001-81149bc4,step4_search_space_query_gallery_conditions_v6,validation_required,True,pca,pca_256,pca_direct_cosine,pca_projected_float32,pca_projected_float32,cosine_similarity,recalibrated_compressed,0.05,cosine_similarity,0.00700064544958,0.0577561280147,0.800525426865,0.605525791645,0.00711649537428,0.00910249408338,1.27906976744,0.168478890489,0.121609320954,6515,121736,0.0535174475915,7031,121736,0.0577561280147,0.0522671996473,0.0547958727424,0.0564595828088,0.0590805829272,0.00365624877754,0.00468179184575,0.00636647001241,0.00769750285633,0.00423868042321,0.0031215088388,0.00534804823553,0.00286314813895,0.00231699849395,0.00344239776244,1024,0,3000,3598336,1199.44533333,0.193919874395,5156.76901668,3280,0.0180062472895,4042,0.0221894059585
survface,arcface-7972a704552df378345f,20260829-R001-81149bc4,step4_search_space_query_gallery_conditions_v6,validation_required,True,pca,pca_384,pca_direct_cosine,pca_projected_float32,pca_projected_float32,cosine_similarity,recalibrated_compressed,0.05,cosine_similarity,0.00700064544958,0.0576000525728,0.800525426865,0.603371620178,0.00711649537428,0.00915214405111,1.28604651163,0.168478890489,0.121989970707,6515,121736,0.0535174475915,7012,121736,0.0576000525728,0.0522671996473,0.0547958727424,0.0563051755566,0.0589228491453,0.00365624877754,0.00468179184575,0.00636647001241,0.00769750285633,0.00408260498127,0.00293237004666,0.00519156206874,0.00286314813895,0.00230044850471,0.0034258477732,1536,0,3000,5396480,1798.82666667,0.21549398767,4640.50069708,3276,0.0179842884513,4018,0.0220576529296
survface,arcface-7972a704552df378345f,20260829-R001-81149bc4,step4_search_space_query_gallery_conditions_v6,validation_required,True,pca,pca_32,pca_reconstruction_cosine,pca_reconstructed_float32,pca_reconstructed_float32,cosine_similarity,frozen_origin,0.05,cosine_similarity,0.0143157406948,0.587328317014,0.800525426865,0.800525426865,0.00711649537428,0.0486900683515,6.84186046512,0.168478890489,0.113797726031,6515,121736,0.0535174475915,71499,121736,0.587328317014,0.0522671996473,0.0547958727424,0.584560054506,0.590091068292,0.00365624877754,0.00468179184575,0.0133989848735,0.0152942484142,0.533810869422,0.531001511467,0.536554922127,0.0101782433841,0.00933419393277,0.0110884927925,128,0,3000,451584,150.528,0.212427065366,4707.49806894,0,0,98519,0.540840694119
survface,arcface-7972a704552df378345f,20260829-R001-81149bc4,step4_search_space_query_gallery_conditions_v6,validation_required,True,pca,pca_64,pca_reconstruction_cosine,pca_reconstructed_float32,pca_reconstructed_float32,cosine_similarity,frozen_origin,0.05,cosine_similarity,0.0100954934379,0.253105079845,0.800525426865,0.800525426865,0.00711649537428,0.0260496830677,3.66046511628,0.168478890489,0.142876057131,6515,121736,0.0535174475915,30812,121736,0.253105079845,0.0522671996473,0.0547958727424,0.250670485562,0.255555255496,0.00365624877754,0.00468179184575,0.00932896475948,0.0109243105942,0.199587632253,0.197336654728,0.201888102123,0.0059579961273,0.0052959965576,0.00663654568625,256,0,3000,901120,300.373333333,0.203111463611,4923.40502215,0,0,37389,0.205254749971
survface,arcface-7972a704552df378345f,20260829-R001-81149bc4,step4_search_space_query_gallery_conditions_v6,validation_required,True,pca,pca_128,pca_reconstruction_cosine,pca_reconstructed_float32,pca_reconstructed_float32,cosine_similarity,frozen_origin,0.05,cosine_similarity,0.00681859556791,0.111133929158,0.800525426865,0.800525426865,0.00711649537428,0.0136702911143,1.92093023256,0.168478890489,0.159111596577,6515,121736,0.0535174475915,13529,121736,0.111133929158,0.0522671996473,0.0547958727424,0.109380634685,0.112911764701,0.00365624877754,0.00468179184575,0.00619306192473,0.00750683432725,0.0576164815667,0.0563514490373,0.0589392209371,0.00268109825729,0.00226734852622,0.00312794796683,512,0,3000,1800192,600.064,0.200725369046,4981.93130621,0,0,10938,0.0600464429427
survface,arcface-7972a704552df378345f,20260829-R001-81149bc4,step4_search_space_query_gallery_conditions_v6,validation_required,True,pca,pca_256,pca_reconstruction_cosine,pca_reconstructed_float32,pca_reconstructed_float32,cosine_similarity,frozen_origin,0.05,cosine_similarity,0.00426989722457,0.0556121443123,0.800525426865,0.800525426865,0.00711649537428,0.00743094516989,1.04418604651,0.168478890489,0.167949290833,6515,121736,0.0535174475915,6770,121736,0.0556121443123,0.0522671996473,0.0547958727424,0.0543387549588,0.0569135786776,0.00365624877754,0.00468179184575,0.00378056606714,0.00482225755016,0.00209469672077,0.00184826181245,0.00235756062299,0.00013239991394,4.96499677275e-05,0.000231699849395,1024,0,3000,3598336,1199.44533333,0.200261578072,4993.46908992,0,0,414,0.00227273974934
survface,arcface-7972a704552df378345f,20260829-R001-81149bc4,step4_search_space_query_gallery_conditions_v6,validation_required,True,pca,pca_384,pca_reconstruction_cosine,pca_reconstructed_float32,pca_reconstructed_float32,cosine_similarity,frozen_origin,0.05,cosine_similarity,0.00413749731063,0.0535420910823,0.800525426865,0.800525426865,0.00711649537428,0.00711649537428,1,0.168478890489,0.168478890489,6515,121736,0.0535174475915,6518,121736,0.0535420910823,0.0522671996473,0.0547958727424,0.0522915678022,0.054820790014,0.00365624877754,0.00468179184575,0.00365624877754,0.00468179184575,2.46434908326e-05,0,5.75014786094e-05,0,0,0,1536,0,3000,5396480,1798.82666667,0.207091489852,4828.78364878,0,0,8,4.39176763157e-05
survface,arcface-7972a704552df378345f,20260829-R001-81149bc4,step4_search_space_query_gallery_conditions_v6,validation_required,True,pca,pca_32,pca_reconstruction_cosine,pca_reconstructed_float32,pca_reconstructed_float32,cosine_similarity,recalibrated_compressed,0.05,cosine_similarity,0.00165499892425,0.0543060392982,0.800525426865,0.905442655087,0.00711649537428,0.00251559836486,0.353488372093,0.168478890489,0.113797726031,6515,121736,0.0535174475915,6611,121736,0.0543060392982,0.0522671996473,0.0547958727424,0.053047017438,0.0555931885975,0.00365624877754,0.00468179184575,0.00136104000205,0.00201231948356,0.000788591706644,-0.000262863902215,0.00192219228494,-0.00248249838638,-0.00296244807441,-0.00200254869834,128,0,3000,451584,150.528,0.212427065366,4707.49806894,3481,0.0191096789069,3442,0.0188955802348
survface,arcface-7972a704552df378345f,20260829-R001-81149bc4,step4_search_space_query_gallery_conditions_v6,validation_required,True,pca,pca_64,pca_reconstruction_cosine,pca_reconstructed_float32,pca_reconstructed_float32,cosine_similarity,recalibrated_compressed,0.05,cosine_similarity,0.0025321483541,0.0538706709601,0.800525426865,0.863408505917,0.00711649537428,0.00426989722457,0.6,0.168478890489,0.142876057131,6515,121736,0.0535174475915,6558,121736,0.0538706709601,0.0522671996473,0.0547958727424,0.0526164836573,0.055153013178,0.00365624877754,0.00468179184575,0.00216182015103,0.0029657266699,0.000353223368601,-0.000427153841099,0.00115824406913,-0.00160534895652,-0.0019859987091,-0.00124124919319,256,0,3000,901120,300.373333333,0.203111463611,4923.40502215,1853,0.0101724317766,1820,0.00999127136183
survface,arcface-7972a704552df378345f,20260829-R001-81149bc4,step4_search_space_query_gallery_conditions_v6,validation_required,True,pca,pca_128,pca_reconstruction_cosine,pca_reconstructed_float32,pca_reconstructed_float32,cosine_similarity,recalibrated_compressed,0.05,cosine_similarity,0.00355824768714,0.0541581783532,0.800525426865,0.827841758728,0.00711649537428,0.00617314598746,0.867441860465,0.168478890489,0.159111596577,6515,121736,0.0535174475915,6593,121736,0.0541581783532,0.0522671996473,0.0547958727424,0.0529007958409,0.0554436976361,0.00365624877754,0.00468179184575,0.00311399634605,0.00406561867844,0.000640730761648,0.000123217454163,0.00117467306302,-0.000579249623488,-0.00079439948364,-0.000364099763335,512,0,3000,1800192,600.064,0.200725369046,4981.93130621,740,0.00406238505921,849,0.00466076339901
survface,arcface-7972a704552df378345f,20260829-R001-81149bc4,step4_search_space_query_gallery_conditions_v6,validation_required,True,pca,pca_256,pca_reconstruction_cosine,pca_reconstructed_float32,pca_reconstructed_float32,cosine_similarity,recalibrated_compressed,0.05,cosine_similarity,0.00412094732138,0.0537638824998,0.800525426865,0.801825404167,0.00711649537428,0.00711649537428,1,0.168478890489,0.167949290833,6515,121736,0.0535174475915,6545,121736,0.0537638824998,0.0522671996473,0.0547958727424,0.0525108845539,0.0550450421002,0.00365624877754,0.00468179184575,0.00364071822655,0.00466422452249,0.000246434908326,8.21449694421e-05,0.000394295853322,-1.65499892425e-05,-4.96499677275e-05,0,1024,0,3000,3598336,1199.44533333,0.200261578072,4993.46908992,46,0.000252526638816,90,0.000494073858552
survface,arcface-7972a704552df378345f,20260829-R001-81149bc4,step4_search_space_query_gallery_conditions_v6,validation_required,True,pca,pca_384,pca_reconstruction_cosine,pca_reconstructed_float32,pca_reconstructed_float32,cosine_similarity,recalibrated_compressed,0.05,cosine_similarity,0.00413749731063,0.0535174475915,0.800525426865,0.800548195839,0.00711649537428,0.00711649537428,1,0.168478890489,0.168478890489,6515,121736,0.0535174475915,6515,121736,0.0535174475915,0.0522671996473,0.0547958727424,0.0522671996473,0.0547958727424,0.00365624877754,0.00468179184575,0.00365624877754,0.00468179184575,0,0,0,0,0,0,1536,0,3000,5396480,1798.82666667,0.207091489852,4828.78364878,0,0,1,5.48970953947e-06
survface,arcface-7972a704552df378345f,20260829-R001-81149bc4,step4_search_space_query_gallery_conditions_v6,validation_required,True,pq,pq_512_m8_b8,pq_adc_exhaustive,origin_float32,pq_code,squared_l2_asymmetric,recalibrated_compressed,0.05,negative_squared_l2_adc,0.000612349601973,0.044465071959,0.800525426865,-0.367138028145,0.00711649537428,0.00170464889198,0.239534883721,0.168478890489,0.0692948049584,6515,121736,0.0535174475915,5413,121736,0.044465071959,0.0522671996473,0.0547958727424,0.0433214744396,0.0456374179743,0.00365624877754,0.00468179184575,0.00044431590733,0.000843877500458,-0.00905237563252,-0.00993954130249,-0.00821449694421,-0.00352514770865,-0.00403819737517,-0.00301209804214,8,524288,3000,548288,182.762666667,0.00924899401074,108119.866749,3320,0.018225835671,1397,0.00766912422664
survface,arcface-7972a704552df378345f,20260829-R001-81149bc4,step4_search_space_query_gallery_conditions_v6,validation_required,True,pq,pq_512_m16_b8,pq_adc_exhaustive,origin_float32,pq_code,squared_l2_asymmetric,recalibrated_compressed,0.05,negative_squared_l2_adc,0.000777849494398,0.044900440297,0.800525426865,-0.393344670534,0.00711649537428,0.00278039819274,0.390697674419,0.168478890489,0.0879466428347,6515,121736,0.0535174475915,5466,121736,0.044900440297,0.0522671996473,0.0547958727424,0.0437514399761,0.0460781616381,0.00365624877754,0.00468179184575,0.000585046008778,0.00103412614152,-0.00861700729447,-0.00944687684826,-0.00779535223763,-0.00335964781623,-0.00383959750426,-0.0028796981282,16,524288,3000,572288,190.762666667,0.0159114938049,62847.6504006,3020,0.0165789228092,1189,0.00652726464243
survface,arcface-7972a704552df378345f,20260829-R001-81149bc4,step4_search_space_query_gallery_conditions_v6,validation_required,True,pq,pq_512_m32_b8,pq_adc_exhaustive,origin_float32,pq_code,squared_l2_asymmetric,recalibrated_compressed,0.05,negative_squared_l2_adc,0.00163844893501,0.0493691266347,0.800525426865,-0.433526009321,0.00711649537428,0.00380649752578,0.53488372093,0.168478890489,0.110487728183,6515,121736,0.0535174475915,6010,121736,0.0493691266347,0.0522671996473,0.0547958727424,0.0481663336047,0.050600358669,0.00365624877754,0.00468179184575,0.00134610510362,0.00199415650774,-0.00414832095682,-0.00489584017875,-0.00338437274101,-0.00249904837562,-0.00294589808517,-0.00206833490558,32,524288,3000,620288,206.762666667,0.0282325539776,35420.1040683,2221,0.0121926448872,1297,0.00712015327269
survface,arcface-7972a704552df378345f,20260829-R001-81149bc4,step4_search_space_query_gallery_conditions_v6,validation_required,True,pq,pq_512_m64_b8,pq_adc_exhaustive,origin_float32,pq_code,squared_l2_asymmetric,recalibrated_compressed,0.05,negative_squared_l2_adc,0.00226734852622,0.0514309653677,0.800525426865,-0.465400785208,0.00711649537428,0.00501464674048,0.704651162791,0.168478890489,0.132764013703,6515,121736,0.0535174475915,6261,121736,0.0514309653677,0.0522671996473,0.0547958727424,0.0502043054986,0.05268593412,0.00365624877754,0.00468179184575,0.00191844552918,0.00267953530373,-0.00208648222383,-0.00271078399159,-0.00143753696524,-0.0018701487844,-0.00225079853698,-0.00150604902107,64,524288,3000,716288,238.762666667,0.0424946371028,23532.3812175,1465,0.00804242447532,975,0.00535246680098
survface,arcface-7972a704552df378345f,20260829-R001-81149bc4,step4_search_space_query_gallery_conditions_v6,validation_required,True,pq,pq_512_m128_b8,pq_adc_exhaustive,origin_float32,pq_code,squared_l2_asymmetric,recalibrated_compressed,0.05,negative_squared_l2_adc,0.00405474736441,0.053147795229,0.800525426865,-0.425402551889,0.00711649537428,0.0069675454711,0.979069767442,0.168478890489,0.161279645168,6515,121736,0.0535174475915,6470,121736,0.053147795229,0.0522671996473,0.0547958727424,0.0519016863269,0.0544221046664,0.00365624877754,0.00468179184575,0.00357861679443,0.0045939344576,-0.000369652362489,-0.0008134405599,8.23503318657e-05,-8.27499462125e-05,-0.00033099978485,0.000165499892425,128,524288,3000,908288,302.762666667,0.103055492729,9703.50995876,668,0.00366712597236,611,0.00335421252862
survface,arcface-7972a704552df378345f,20260829-R001-81149bc4,step4_search_space_query_gallery_conditions_v6,validation_required,True,pq,pq_512_m8_b8,pq_one_sided_cosine,origin_float32,pq_reconstructed_float32,cosine_similarity,frozen_origin,0.05,cosine_similarity,0.000479949688033,0.0393474403628,0.800525426865,0.800525426865,0.00711649537428,0.00129089916092,0.181395348837,0.168478890489,0.0787282988266,6515,121736,0.0535174475915,4790,121736,0.0393474403628,0.0522671996473,0.0547958727424,0.0382697523778,0.0404541998138,0.00365624877754,0.00468179184575,0.000334208278332,0.000689202135446,-0.0141700072288,-0.015082021752,-0.0132579927055,-0.00365754762259,-0.0042036972676,-0.00314449795608,8,524288,3000,548288,182.762666667,0.215268418799,4645.36324269,3936,0.0216074967473,1043,0.00572576704967
survface,arcface-7972a704552df378345f,20260829-R001-81149bc4,step4_search_space_query_gallery_conditions_v6,validation_required,True,pq,pq_512_m16_b8,pq_one_sided_cosine,origin_float32,pq_reconstructed_float32,cosine_similarity,frozen_origin,0.05,cosine_similarity,0.00033099978485,0.0261878162581,0.800525426865,0.800525426865,0.00711649537428,0.00112539926849,0.158139534884,0.168478890489,0.104728331927,6515,121736,0.0535174475915,3188,121736,0.0261878162581,0.0522671996473,0.0547958727424,0.0253055878651,0.0270999466121,0.00365624877754,0.00468179184575,0.000214291247195,0.000511238298323,-0.0273296313334,-0.0282989419728,-0.0263601153315,-0.00380649752578,-0.00431954719229,-0.0033099978485,16,524288,3000,572288,190.762666667,0.214224783843,4667.99397372,5623,0.0308686367404,279,0.00153162896151
survface,arcface-7972a704552df378345f,20260829-R001-81149bc4,step4_search_space_query_gallery_conditions_v6,validation_required,True,pq,pq_512_m32_b8,pq_one_sided_cosine,origin_float32,pq_reconstructed_float32,cosine_similarity,frozen_origin,0.05,cosine_similarity,0.000347549774093,0.0182033252284,0.800525426865,0.800525426865,0.00711649537428,0.0006619995697,0.093023255814,0.168478890489,0.133757013058,6515,121736,0.0535174475915,2216,121736,0.0182033252284,0.0522671996473,0.0547958727424,0.0174674124459,0.0189696438675,0.00365624877754,0.00468179184575,0.000227340936147,0.000531286483622,-0.0353141223631,-0.0363904268253,-0.0342544522573,-0.00378994753653,-0.00430299720305,-0.00329344785926,32,524288,3000,620288,206.762666667,0.211208448114,4734.65909593,6936,0.0380766253658,75,0.00041172821546
survface,arcface-7972a704552df378345f,20260829-R001-81149bc4,step4_search_space_query_gallery_conditions_v6,validation_required,True,pq,pq_512_m64_b8,pq_one_sided_cosine,origin_float32,pq_reconstructed_float32,cosine_similarity,frozen_origin,0.05,cosine_similarity,0.00046339969879,0.0158621935993,0.800525426865,0.800525426865,0.00711649537428,0.000877149429853,0.123255813953,0.168478890489,0.153633550138,6515,121736,0.0535174475915,1931,121736,0.0158621935993,0.0522671996473,0.0547958727424,0.0151754590038,0.0165794817986,0.00365624877754,0.00468179184575,0.000320645232674,0.000669667306853,-0.0376552539922,-0.0387233439574,-0.0365707350332,-0.00367409761184,-0.00418714727835,-0.0031941479238,64,524288,3000,716288,238.762666667,0.207009113467,4830.70519579,7260,0.0398552912565,5,2.74485476973e-05
survface,arcface-7972a704552df378345f,20260829-R001-81149bc4,step4_search_space_query_gallery_conditions_v6,validation_required,True,pq,pq_512_m128_b8,pq_one_sided_cosine,origin_float32,pq_reconstructed_float32,cosine_similarity,frozen_origin,0.05,cosine_similarity,0.00244939840789,0.0338519419071,0.800525426865,0.800525426865,0.00711649537428,0.00393889743972,0.553488372093,0.168478890489,0.165450242457,6515,121736,0.0535174475915,4121,121736,0.0338519419071,0.0522671996473,0.0547958727424,0.032850657664,0.0348826444334,0.00365624877754,0.00468179184575,0.00208563983173,0.00287641761794,-0.0196655056844,-0.0204707317474,-0.0188686994808,-0.00168809890274,-0.00205219866607,-0.0013239991394,128,524288,3000,908288,302.762666667,0.208219922156,4802.61441675,3792,0.0208169785737,2,1.09794190789e-05
survface,arcface-7972a704552df378345f,20260829-R001-81149bc4,step4_search_space_query_gallery_conditions_v6,validation_required,True,pq,pq_512_m8_b8,pq_one_sided_cosine,origin_float32,pq_reconstructed_float32,cosine_similarity,recalibrated_compressed,0.05,cosine_similarity,0.00059579961273,0.0445390024315,0.800525426865,0.795881867409,0.00711649537428,0.00167154891349,0.23488372093,0.168478890489,0.0787282988266,6515,121736,0.0535174475915,5422,121736,0.0445390024315,0.0522671996473,0.0547958727424,0.043394485325,0.0457122633682,0.00365624877754,0.00468179184575,0.000430414340691,0.000824681192846,-0.00897844516002,-0.00985739633305,-0.00814036110929,-0.0035416976979,-0.00405474736441,-0.00304519802062,8,524288,3000,548288,182.762666667,0.215268418799,4645.36324269,3318,0.018214856252,1407,0.00772402132203
survface,arcface-7972a704552df378345f,20260829-R001-81149bc4,step4_search_space_query_gallery_conditions_v6,validation_required,True,pq,pq_512_m16_b8,pq_one_sided_cosine,origin_float32,pq_reconstructed_float32,cosine_similarity,recalibrated_compressed,0.05,cosine_similarity,0.000777849494398,0.0454261681015,0.800525426865,0.780764818192,0.00711649537428,0.00299554805289,0.420930232558,0.168478890489,0.104728331927,6515,121736,0.0535174475915,5530,121736,0.0454261681015,0.0522671996473,0.0547958727424,0.0442706835459,0.0466103404988,0.00365624877754,0.00468179184575,0.000585046008778,0.00103412614152,-0.00809127949004,-0.00891272918446,-0.00729426792403,-0.00335964781623,-0.00383959750426,-0.00286314813895,16,524288,3000,572288,190.762666667,0.214224783843,4667.99397372,2937,0.0161232769174,1201,0.0065931411569
survface,arcface-7972a704552df378345f,20260829-R001-81149bc4,step4_search_space_query_gallery_conditions_v6,validation_required,True,pq,pq_512_m32_b8,pq_one_sided_cosine,origin_float32,pq_reconstructed_float32,cosine_similarity,recalibrated_compressed,0.05,cosine_similarity,0.00178739883819,0.0494019846225,0.800525426865,0.766274094582,0.00711649537428,0.00430299720305,0.604651162791,0.168478890489,0.133757013058,6515,121736,0.0535174475915,6014,121736,0.0494019846225,0.0522671996473,0.0547958727424,0.0481988067316,0.0506335994441,0.00365624877754,0.00468179184575,0.00148079817198,0.00215734430764,-0.00411546296905,-0.00487941118486,-0.00335972925018,-0.00235009847244,-0.00278039819274,-0.00191979875213,32,524288,3000,620288,206.762666667,0.211208448114,4734.65909593,2112,0.0115942665474,1189,0.00652726464243
survface,arcface-7972a704552df378345f,20260829-R001-81149bc4,step4_search_space_query_gallery_conditions_v6,validation_required,True,pq,pq_512_m64_b8,pq_one_sided_cosine,origin_float32,pq_reconstructed_float32,cosine_similarity,recalibrated_compressed,0.05,cosine_similarity,0.0022176985585,0.0513406059013,0.800525426865,0.765721559525,0.00711649537428,0.00521324661139,0.732558139535,0.168478890489,0.153633550138,6515,121736,0.0535174475915,6250,121736,0.0513406059013,0.0522671996473,0.0547958727424,0.0501149801481,0.0525945462402,0.00365624877754,0.00468179184575,0.00187294964044,0.00262573756972,-0.00217684169021,-0.00277670532957,-0.00155253992246,-0.00191979875213,-0.00231741224368,-0.00152259901031,64,524288,3000,716288,238.762666667,0.207009113467,4830.70519579,1344,0.00737816962105,860,0.00472115020394
survface,arcface-7972a704552df378345f,20260829-R001-81149bc4,step4_search_space_query_gallery_conditions_v6,validation_required,True,pq,pq_512_m128_b8,pq_one_sided_cosine,origin_float32,pq_reconstructed_float32,cosine_similarity,recalibrated_compressed,0.05,cosine_similarity,0.00392234745047,0.0533120851679,0.800525426865,0.786354482174,0.00711649537428,0.0068516955464,0.962790697674,0.168478890489,0.165450242457,6515,121736,0.0535174475915,6490,121736,0.0533120851679,0.0522671996473,0.0547958727424,0.0520641346033,0.0545882258995,0.00365624877754,0.00468179184575,0.0034545163012,0.00445325195682,-0.000205362423605,-0.000632721627128,0.000230005914438,-0.000215149860153,-0.000479949688033,4.96499677275e-05,128,524288,3000,908288,302.762666667,0.208219922156,4802.61441675,635,0.00348596555756,600,0.00329382572368
survface,arcface-7972a704552df378345f,20260829-R001-81149bc4,step4_search_space_query_gallery_conditions_v6,validation_required,True,pq,pq_512_m8_b8,pq_reconstruction_cosine,pq_reconstructed_float32,pq_reconstructed_float32,cosine_similarity,frozen_origin,0.05,cosine_similarity,0.00501464674048,0.587919760794,0.800525426865,0.800525426865,0.00711649537428,0.0296741307118,4.16976744186,0.168478890489,0.0665144067656,6515,121736,0.0535174475915,71571,121736,0.587919760794,0.0522671996473,0.0547958727424,0.585152070991,0.590681902041,0.00365624877754,0.00468179184575,0.00448203686872,0.00561019108988,0.534402313202,0.531543257541,0.537122338503,0.000877149429853,0.000231699849395,0.00157224897804,8,524288,3000,548288,182.762666667,0.218260735401,4581.6761231,12,6.58765144736e-05,98230,0.539254168062
survface,arcface-7972a704552df378345f,20260829-R001-81149bc4,step4_search_space_query_gallery_conditions_v6,validation_required,True,pq,pq_512_m16_b8,pq_reconstruction_cosine,pq_reconstructed_float32,pq_reconstructed_float32,cosine_similarity,frozen_origin,0.05,cosine_similarity,0.00374029756881,0.253433659723,0.800525426865,0.800525426865,0.00711649537428,0.0167651391027,2.35581395349,0.168478890489,0.0915048905218,6515,121736,0.0535174475915,30852,121736,0.253433659723,0.0522671996473,0.0547958727424,0.250998007928,0.25588487215,0.00365624877754,0.00468179184575,0.00328411192449,0.00425957971677,0.199916212131,0.197656609384,0.202167395019,-0.00039719974182,-0.000943349386823,0.000182049881668,16,524288,3000,572288,190.762666667,0.221513718235,4514.39309478,113,0.00062033717796,37190,0.204162297773
survface,arcface-7972a704552df378345f,20260829-R001-81149bc4,step4_search_space_query_gallery_conditions_v6,validation_required,True,pq,pq_512_m32_b8,pq_reconstruction_cosine,pq_reconstructed_float32,pq_reconstructed_float32,cosine_similarity,frozen_origin,0.05,cosine_similarity,0.00153914899955,0.065666688572,0.800525426865,0.800525426865,0.00711649537428,0.00466709696639,0.655813953488,0.168478890489,0.121195571223,6515,121736,0.0535174475915,7994,121736,0.065666688572,0.0522671996473,0.0547958727424,0.0642889160599,0.0670718715605,0.00365624877754,0.00468179184575,0.00125667096361,0.00188500340224,0.0121492409805,0.0110975800092,0.0132171255832,-0.00259834831107,-0.00307829799911,-0.00211839862304,32,524288,3000,620288,206.762666667,0.217249736219,4602.99753363,2426,0.0133180353428,4422,0.0242754955835
survface,arcface-7972a704552df378345f,20260829-R001-81149bc4,step4_search_space_query_gallery_conditions_v6,validation_required,True,pq,pq_512_m64_b8,pq_reconstruction_cosine,pq_reconstructed_float32,pq_reconstructed_float32,cosine_similarity,frozen_origin,0.05,cosine_similarity,0.00026479982788,0.0138824998357,0.800525426865,0.800525426865,0.00711649537428,0.000430299720305,0.0604651162791,0.168478890489,0.147394204194,6515,121736,0.0535174475915,1690,121736,0.0138824998357,0.0522671996473,0.0547958727424,0.0132404111886,0.0145552670239,0.00365624877754,0.00468179184575,0.000163007447038,0.000430130601475,-0.0396349477558,-0.0407439048433,-0.0385177761714,-0.00387269748275,-0.00438574714926,-0.00337619780547,64,524288,3000,716288,238.762666667,0.205872015108,4857.38675787,7687,0.0421993972299,29,0.000159201576645
survface,arcface-7972a704552df378345f,20260829-R001-81149bc4,step4_search_space_query_gallery_conditions_v6,validation_required,True,pq,pq_512_m128_b8,pq_reconstruction_cosine,pq_reconstructed_float32,pq_reconstructed_float32,cosine_similarity,frozen_origin,0.05,cosine_similarity,0.00168809890274,0.026204245252,0.800525426865,0.800525426865,0.00711649537428,0.00269764824653,0.379069767442,0.168478890489,0.165566092382,6515,121736,0.0535174475915,3190,121736,0.026204245252,0.0522671996473,0.0547958727424,0.0253217426159,0.0271166488122,0.00365624877754,0.00468179184575,0.00139093372307,0.00204862151104,-0.0273132023395,-0.0282003680095,-0.0264178221726,-0.00244939840789,-0.00286314813895,-0.0020352349271,128,524288,3000,908288,302.762666667,0.211499897342,4728.13468264,5221,0.0286617735056,3,1.64691286184e-05
survface,arcface-7972a704552df378345f,20260829-R001-81149bc4,step4_search_space_query_gallery_conditions_v6,validation_required,True,pq,pq_512_m8_b8,pq_reconstruction_cosine,pq_reconstructed_float32,pq_reconstructed_float32,cosine_similarity,recalibrated_compressed,0.05,cosine_similarity,0.000496499677275,0.0494430571072,0.800525426865,0.925363183022,0.00711649537428,0.000612349601973,0.0860465116279,0.168478890489,0.0665144067656,6515,121736,0.0535174475915,6019,121736,0.0494430571072,0.0522671996473,0.0547958727424,0.0482393983495,0.0506751502036,0.00365624877754,0.00468179184575,0.000347820825568,0.000708687462462,-0.00407439048433,-0.00540554971414,-0.00279272359861,-0.00364099763335,-0.00418714727835,-0.00312794796683,8,524288,3000,548288,182.762666667,0.218260735401,4581.6761231,5704,0.0313133032131,4500,0.0247036929276
survface,arcface-7972a704552df378345f,20260829-R001-81149bc4,step4_search_space_query_gallery_conditions_v6,validation_required,True,pq,pq_512_m16_b8,pq_reconstruction_cosine,pq_reconstructed_float32,pq_reconstructed_float32,cosine_similarity,recalibrated_compressed,0.05,cosine_similarity,0.000579249623488,0.0485230334494,0.800525426865,0.871466040611,0.00711649537428,0.0013239991394,0.186046511628,0.168478890489,0.0915048905218,6515,121736,0.0535174475915,5907,121736,0.0485230334494,0.0522671996473,0.0547958727424,0.0473302023423,0.0497443569574,0.00365624877754,0.00468179184575,0.000416548903298,0.000805448755988,-0.00499441414208,-0.00614444371427,-0.00378688309128,-0.00355824768714,-0.00407129735366,-0.00306174800986,16,524288,3000,572288,190.762666667,0.221513718235,4514.39309478,4586,0.025175807948,3225,0.0177043132648
survface,arcface-7972a704552df378345f,20260829-R001-81149bc4,step4_search_space_query_gallery_conditions_v6,validation_required,True,pq,pq_512_m32_b8,pq_reconstruction_cosine,pq_reconstructed_float32,pq_reconstructed_float32,cosine_similarity,recalibrated_compressed,0.05,cosine_similarity,0.00109229929001,0.052120983111,0.800525426865,0.809736728668,0.00711649537428,0.00321069791305,0.451162790698,0.168478890489,0.121195571223,6515,121736,0.0535174475915,6345,121736,0.052120983111,0.0522671996473,0.0547958727424,0.0508864612452,0.0533837703134,0.00365624877754,0.00468179184575,0.000858742795388,0.00138928896568,-0.00139646448052,-0.00240684760465,-0.000377456134586,-0.00304519802062,-0.0035416976979,-0.00259834831107,32,524288,3000,620288,206.762666667,0.217249736219,4602.99753363,3406,0.0186979506914,2793,0.0153327587437
survface,arcface-7972a704552df378345f,20260829-R001-81149bc4,step4_search_space_query_gallery_conditions_v6,validation_required,True,pq,pq_512_m64_b8,pq_reconstruction_cosine,pq_reconstructed_float32,pq_reconstructed_float32,cosine_similarity,recalibrated_compressed,0.05,cosine_similarity,0.00173774887046,0.0512009594532,0.800525426865,0.765236854553,0.00711649537428,0.00426989722457,0.6,0.168478890489,0.147394204194,6515,121736,0.0535174475915,6233,121736,0.0512009594532,0.0522671996473,0.0547958727424,0.049976933978,0.0524533083272,0.00365624877754,0.00468179184575,0.00143583239583,0.00210301646104,-0.00231648813827,-0.0031215088388,-0.00149503844385,-0.00239974844016,-0.00284659814971,-0.00195289873062,64,524288,3000,716288,238.762666667,0.205872015108,4857.38675787,2252,0.0123628258829,1700,0.0093325062171
survface,arcface-7972a704552df378345f,20260829-R001-81149bc4,step4_search_space_query_gallery_conditions_v6,validation_required,True,pq,pq_512_m128_b8,pq_reconstruction_cosine,pq_reconstructed_float32,pq_reconstructed_float32,cosine_similarity,recalibrated_compressed,0.05,cosine_similarity,0.00369064760108,0.0523592035224,0.800525426865,0.780945658684,0.00711649537428,0.00655379574003,0.920930232558,0.168478890489,0.165566092382,6515,121736,0.0535174475915,6374,121736,0.0523592035224,0.0522671996473,0.0547958727424,0.0511219815906,0.0536246757569,0.00365624877754,0.00468179184575,0.00323768723795,0.00420671078055,-0.00115824406913,-0.00171682986134,-0.000583229283039,-0.000446849709548,-0.000777849494398,-0.000148949903183,128,524288,3000,908288,302.762666667,0.211499897342,4728.13468264,1116,0.00612651584605,903,0.00495720771414
survface,arcface-7972a704552df378345f,20260829-R001-81149bc4,step4_search_space_query_gallery_conditions_v6,validation_required,True,pq,pq_512_m128_b8,pq_sdc_exhaustive,pq_code,pq_code,squared_l2_symmetric,recalibrated_compressed,0.05,negative_squared_l2_sdc,0.00383959750426,0.0528685023329,0.800525426865,-0.429611593485,0.00711649537428,0.00671929563246,0.944186046512,0.168478890489,0.16124654519,6515,121736,0.0535174475915,6436,121736,0.0528685023329,0.0522671996473,0.0547958727424,0.0516255319691,0.0541396908579,0.00365624877754,0.00468179184575,0.00337702527939,0.00436525360738,-0.000648945258592,-0.00124038903858,-4.1072484721e-05,-0.000297899806365,-0.000612349601973,1.65499892425e-05,128,524288,3000,908288,302.762666667,0.137781572692,7257.86460745,1146,0.00629120713223,1008,0.00553362721578
survface,arcface-7972a704552df378345f,20260829-R001-81149bc4,step4_search_space_query_gallery_conditions_v6,validation_required,True,pca,pca_32,pca_direct_cosine,pca_projected_float32,pca_projected_float32,cosine_similarity,frozen_origin,0.1,cosine_similarity,0.00327689787002,0.0720329237038,0.777746081352,0.777746081352,0.0130910414908,0.00388924747199,0.297092288243,0.168478890489,0.0794730483425,11604,121736,0.0953210225406,8769,121736,0.0720329237038,0.0936841628574,0.0969834212356,0.0705940412204,0.0734988148948,0.00601977199171,0.0073160476435,0.00285171124266,0.00376523991957,-0.0232880988368,-0.0249478379444,-0.0217187191956,-0.00335964781623,-0.00403819737517,-0.00269764824653,128,0,3000,451584,150.528,0.200033600865,4999.16011947,10620,0.0583007153092,5579,0.0306270895207
survface,arcface-7972a704552df378345f,20260829-R001-81149bc4,step4_search_space_query_gallery_conditions_v6,validation_required,True,pca,pca_64,pca_direct_cosine,pca_projected_float32,pca_projected_float32,cosine_similarity,frozen_origin,0.1,cosine_similarity,0.00139019909637,0.0171272261287,0.777746081352,0.777746081352,0.0130910414908,0.0014398490641,0.109987357775,0.168478890489,0.0991344355626,11604,121736,0.0953210225406,2085,121736,0.0171272261287,0.0936841628574,0.0969834212356,0.0164134776978,0.0178714483281,0.00601977199171,0.0073160476435,0.00112313313077,0.00172066036682,-0.0781937964119,-0.0797547561937,-0.0766819182493,-0.00524634658987,-0.00589179617033,-0.00460048325969,256,0,3000,901120,300.373333333,0.199930963609,5001.72650574,15349,0.0842615517213,267,0.00146575244704
survface,arcface-7972a704552df378345f,20260829-R001-81149bc4,step4_search_space_query_gallery_conditions_v6,validation_required,True,pca,pca_128,pca_direct_cosine,pca_projected_float32,pca_projected_float32,cosine_similarity,frozen_origin,0.1,cosine_similarity,0.000430299720305,0.00708911086285,0.777746081352,0.777746081352,0.0130910414908,0.000430299720305,0.0328697850822,0.168478890489,0.112622676795,11604,121736,0.0953210225406,863,121736,0.00708911086285,0.0936841628574,0.0969834212356,0.00663312385609,0.00757620513672,0.00601977199171,0.0073160476435,0.00029367822318,0.000630438567845,-0.0882319116777,-0.0898010859565,-0.0866054412828,-0.00620624596594,-0.00686865928537,-0.005527696407,512,0,3000,1800192,600.064,0.209741870564,4767.76524074,16976,0.093193309142,18,9.88147717104e-05
survface,arcface-7972a704552df378345f,20260829-R001-81149bc4,step4_search_space_query_gallery_conditions_v6,validation_required,True,pca,pca_256,pca_direct_cosine,pca_projected_float32,pca_projected_float32,cosine_similarity,frozen_origin,0.1,cosine_similarity,0.000148949903183,0.003975816521,0.777746081352,0.777746081352,0.0130910414908,0.000148949903183,0.0113780025284,0.168478890489,0.121609320954,11604,121736,0.0953210225406,484,121736,0.003975816521,0.0936841628574,0.0969834212356,0.00363762984884,0.00434530693813,0.00601977199171,0.0073160476435,7.83673334575e-05,0.000283085595297,-0.0913452060196,-0.0929396398765,-0.0896688325557,-0.00648759578306,-0.00711690912401,-0.0058421462026,1024,0,3000,3598336,1199.44533333,0.193919874395,5156.76901668,17546,0.0963224435795,4,2.19588381579e-05
survface,arcface-7972a704552df378345f,20260829-R001-81149bc4,step4_search_space_query_gallery_conditions_v6,validation_required,True,pca,pca_384,pca_direct_cosine,pca_projected_float32,pca_projected_float32,cosine_similarity,frozen_origin,0.1,cosine_similarity,0.00013239991394,0.00386902806072,0.777746081352,0.777746081352,0.0130910414908,0.00013239991394,0.0101137800253,0.168478890489,0.121989970707,11604,121736,0.0953210225406,471,121736,0.00386902806072,0.0936841628574,0.0969834212356,0.00353560081606,0.0042337657897,0.00601977199171,0.0073160476435,6.70918040753e-05,0.000261263250428,-0.0914519944799,-0.0930704557403,-0.0897760317408,-0.00650414577231,-0.00713345911325,-0.00585869619185,1536,0,3000,5396480,1798.82666667,0.21549398767,4640.50069708,17570,0.0964541966085,3,1.64691286184e-05
survface,arcface-7972a704552df378345f,20260829-R001-81149bc4,step4_search_space_query_gallery_conditions_v6,validation_required,True,pca,pca_32,pca_direct_cosine,pca_projected_float32,pca_projected_float32,cosine_similarity,recalibrated_compressed,0.1,cosine_similarity,0.00431954719229,0.106427022409,0.777746081352,0.759195387363,0.0130910414908,0.00562699634245,0.429835651075,0.168478890489,0.0794730483425,11604,121736,0.0953210225406,12956,121736,0.106427022409,0.0936841628574,0.0969834212356,0.104707098592,0.108171784346,0.00601977199171,0.0073160476435,0.00382721768332,0.00487489955673,0.0111059998686,0.00938896464481,0.0127901771046,-0.00231699849395,-0.00302864803138,-0.00163803518528,128,0,3000,451584,150.528,0.200033600865,4999.16011947,8599,0.0472060123299,9779,0.0536838695865
survface,arcface-7972a704552df378345f,20260829-R001-81149bc4,step4_search_space_query_gallery_conditions_v6,validation_required,True,pca,pca_64,pca_direct_cosine,pca_projected_float32,pca_projected_float32,cosine_similarity,recalibrated_compressed,0.1,cosine_similarity,0.00693444549261,0.106845961753,0.777746081352,0.669526100159,0.0130910414908,0.00983069361005,0.750948166877,0.168478890489,0.0991344355626,11604,121736,0.0953210225406,13007,121736,0.106845961753,0.0936841628574,0.0969834212356,0.105123025655,0.108593709532,0.00601977199171,0.0073160476435,0.00630339914801,0.00762818222373,0.0115249392127,0.00984897647368,0.013159829467,0.000297899806365,-0.000347549774093,0.000976449365308,256,0,3000,901120,300.373333333,0.199930963609,5001.72650574,6726,0.0369237863625,8260,0.045345000796
survface,arcface-7972a704552df378345f,20260829-R001-81149bc4,step4_search_space_query_gallery_conditions_v6,validation_required,True,pca,pca_128,pca_direct_cosine,pca_projected_float32,pca_projected_float32,cosine_similarity,recalibrated_compressed,0.1,cosine_similarity,0.00928454396505,0.105252349346,0.777746081352,0.605662226677,0.0130910414908,0.0134551412542,1.02781289507,0.168478890489,0.112622676795,11604,121736,0.0953210225406,12813,121736,0.105252349346,0.0936841628574,0.0969834212356,0.103540916684,0.106988694261,0.00601977199171,0.0073160476435,0.00855040931846,0.0100810701969,0.00993132680555,0.00842786850233,0.0114514194651,0.0026479982788,0.00200254869834,0.00327689787002,512,0,3000,1800192,600.064,0.209741870564,4767.76524074,5934,0.0325759364072,7433,0.0408050110069
survface,arcface-7972a704552df378345f,20260829-R001-81149bc4,step4_search_space_query_gallery_conditions_v6,validation_required,True,pca,pca_256,pca_direct_cosine,pca_projected_float32,pca_projected_float32,cosine_similarity,recalibrated_compressed,0.1,cosine_similarity,0.0104099432335,0.104718407045,0.777746081352,0.563206791878,0.0130910414908,0.0155073399202,1.18457648546,0.168478890489,0.121609320954,11604,121736,0.0953210225406,12748,121736,0.104718407045,0.0936841628574,0.0969834212356,0.103010856103,0.106450903936,0.00601977199171,0.0073160476435,0.00963121493297,0.0112509200315,0.00939738450417,0.00797627653283,0.0108513504633,0.00377339754729,0.00311139797759,0.00445194710623,1024,0,3000,3598336,1199.44533333,0.193919874395,5156.76901668,5602,0.0307533528401,7178,0.0394051350743
survface,arcface-7972a704552df378345f,20260829-R001-81149bc4,step4_search_space_query_gallery_conditions_v6,validation_required,True,pca,pca_384,pca_direct_cosine,pca_projected_float32,pca_projected_float32,cosine_similarity,recalibrated_compressed,0.1,cosine_similarity,0.0105257931582,0.104841624499,0.777746081352,0.560956418514,0.0130910414908,0.0156397398342,1.19469026549,0.168478890489,0.121989970707,11604,121736,0.0953210225406,12763,121736,0.104841624499,0.0936841628574,0.0969834212356,0.103133176541,0.10657501063,0.00601977199171,0.0073160476435,0.00974261812659,0.0113712019577,0.00952060195834,0.00809949398699,0.0109745679175,0.00388924747199,0.0032433841418,0.00456779703093,1536,0,3000,5396480,1798.82666667,0.21549398767,4640.50069708,5581,0.0306380689398,7184,0.0394380733315
survface,arcface-7972a704552df378345f,20260829-R001-81149bc4,step4_search_space_query_gallery_conditions_v6,validation_required,True,pca,pca_32,pca_reconstruction_cosine,pca_reconstructed_float32,pca_reconstructed_float32,cosine_similarity,frozen_origin,0.1,cosine_similarity,0.0165334392533,0.69583360715,0.777746081352,0.777746081352,0.0130910414908,0.0619962597024,4.73577749684,0.168478890489,0.113797726031,11604,121736,0.0953210225406,84708,121736,0.69583360715,0.0936841628574,0.0969834212356,0.693243137488,0.698411717887,0.00601977199171,0.0073160476435,0.0155470057359,0.0175813427015,0.600512584609,0.597867105868,0.603305718933,0.00989689356702,0.00898664415868,0.0108236929646,128,0,3000,451584,150.528,0.212427065366,4707.49806894,0,0,110056,0.604175473076
survface,arcface-7972a704552df378345f,20260829-R001-81149bc4,step4_search_space_query_gallery_conditions_v6,validation_required,True,pca,pca_64,pca_reconstruction_cosine,pca_reconstructed_float32,pca_reconstructed_float32,cosine_similarity,frozen_origin,0.1,cosine_similarity,0.0130248415339,0.354332325688,0.777746081352,0.777746081352,0.0130910414908,0.0371878258279,2.8407079646,0.168478890489,0.142876057131,11604,121736,0.0953210225406,43135,121736,0.354332325688,0.0936841628574,0.0969834212356,0.351650079307,0.357023765057,0.00601977199171,0.0073160476435,0.0121512611933,0.0139603379028,0.259011303148,0.256513685352,0.261558207925,0.00638829584761,0.00569319629942,0.00713304536352,256,0,3000,901120,300.373333333,0.203111463611,4923.40502215,0,0,48141,0.26428010694
survface,arcface-7972a704552df378345f,20260829-R001-81149bc4,step4_search_space_query_gallery_conditions_v6,validation_required,True,pca,pca_128,pca_reconstruction_cosine,pca_reconstructed_float32,pca_reconstructed_float32,cosine_similarity,frozen_origin,0.1,cosine_similarity,0.00956589378217,0.177967076296,0.777746081352,0.777746081352,0.0130910414908,0.0218956357678,1.67256637168,0.168478890489,0.159111596577,11604,121736,0.0953210225406,21665,121736,0.177967076296,0.0936841628574,0.0969834212356,0.175828660446,0.180125815423,0.00601977199171,0.0073160476435,0.00882036170789,0.0103737816698,0.0826460537557,0.0810935138332,0.0841579319182,0.00292934809592,0.00246594839713,0.0034258477732,512,0,3000,1800192,600.064,0.200725369046,4981.93130621,0,0,15466,0.0849038477374
survface,arcface-7972a704552df378345f,20260829-R001-81149bc4,step4_search_space_query_gallery_conditions_v6,validation_required,True,pca,pca_256,pca_reconstruction_cosine,pca_reconstructed_float32,pca_reconstructed_float32,cosine_similarity,frozen_origin,0.1,cosine_similarity,0.00681859556791,0.0987218242755,0.777746081352,0.777746081352,0.0130910414908,0.0135378912004,1.03413400759,0.168478890489,0.167949290833,11604,121736,0.0953210225406,12018,121736,0.0987218242755,0.0936841628574,0.0969834212356,0.0970588487098,0.100410124231,0.00601977199171,0.0073160476435,0.00619306192473,0.00750683432725,0.0034008017349,0.00309665998554,0.00372938161267,0.000182049881668,8.27499462125e-05,0.000297899806365,1024,0,3000,3598336,1199.44533333,0.200261578072,4993.46908992,0,0,645,0.00354086265296
survface,arcface-7972a704552df378345f,20260829-R001-81149bc4,step4_search_space_query_gallery_conditions_v6,validation_required,True,pca,pca_384,pca_reconstruction_cosine,pca_reconstructed_float32,pca_reconstructed_float32,cosine_similarity,frozen_origin,0.1,cosine_similarity,0.00663654568625,0.0953703095222,0.777746081352,0.777746081352,0.0130910414908,0.0131075914801,1.0012642225,0.168478890489,0.168478890489,11604,121736,0.0953210225406,11610,121736,0.0953703095222,0.0936841628574,0.0969834212356,0.0937330668408,0.097033088105,0.00601977199171,0.0073160476435,0.00601977199171,0.0073160476435,4.92869816652e-05,1.64289938884e-05,9.03594663863e-05,0,0,0,1536,0,3000,5396480,1798.82666667,0.207091489852,4828.78364878,0,0,9,4.94073858552e-05
survface,arcface-7972a704552df378345f,20260829-R001-81149bc4,step4_search_space_query_gallery_conditions_v6,validation_required,True,pca,pca_32,pca_reconstruction_cosine,pca_reconstructed_float32,pca_reconstructed_float32,cosine_similarity,recalibrated_compressed,0.1,cosine_similarity,0.00294589808517,0.099822566866,0.777746081352,0.890665590763,0.0130910414908,0.00549459642851,0.419721871049,0.168478890489,0.113797726031,11604,121736,0.0953210225406,12152,121736,0.099822566866,0.0936841628574,0.0969834212356,0.0981512708054,0.101519117849,0.00601977199171,0.0073160476435,0.00254422602941,0.0034107676478,0.00450154432543,0.00313752710784,0.00588999967142,-0.00369064760108,-0.00422024725684,-0.00314449795608,128,0,3000,451584,150.528,0.212427065366,4707.49806894,5066,0.0278108685269,5614,0.0308192293546
survface,arcface-7972a704552df378345f,20260829-R001-81149bc4,step4_search_space_query_gallery_conditions_v6,validation_required,True,pca,pca_64,pca_reconstruction_cosine,pca_reconstructed_float32,pca_reconstructed_float32,cosine_similarity,recalibrated_compressed,0.1,cosine_similarity,0.00503119672972,0.0992229085891,0.777746081352,0.843837082386,0.0130910414908,0.00931764394353,0.711757269279,0.168478890489,0.142876057131,11604,121736,0.0953210225406,12079,121736,0.0992229085891,0.0936841628574,0.0969834212356,0.0975561374436,0.100914972501,0.00601977199171,0.0073160476435,0.00449766338724,0.00562766244561,0.0039018860485,0.00294879904055,0.0048876256818,-0.00160534895652,-0.00205219866607,-0.00117504923622,256,0,3000,901120,300.373333333,0.203111463611,4923.40502215,2548,0.0139877799066,3033,0.0166502890332
survface,arcface-7972a704552df378345f,20260829-R001-81149bc4,step4_search_space_query_gallery_conditions_v6,validation_required,True,pca,pca_128,pca_reconstruction_cosine,pca_reconstructed_float32,pca_reconstructed_float32,cosine_similarity,recalibrated_compressed,0.1,cosine_similarity,0.00615659599821,0.0969064204508,0.777746081352,0.806247353554,0.0130910414908,0.0117504923622,0.897597977244,0.168478890489,0.159111596577,11604,121736,0.0953210225406,11797,121736,0.0969064204508,0.0936841628574,0.0969834212356,0.095257307998,0.0985809718621,0.00601977199171,0.0073160476435,0.00556352006347,0.00681246121846,0.00158539791023,0.000952676283104,0.00225077216271,-0.000479949688033,-0.000761299505155,-0.000215149860153,512,0,3000,1800192,600.064,0.200725369046,4981.93130621,1136,0.00623631003684,1363,0.0074824741023
survface,arcface-7972a704552df378345f,20260829-R001-81149bc4,step4_search_space_query_gallery_conditions_v6,validation_required,True,pca,pca_256,pca_reconstruction_cosine,pca_reconstructed_float32,pca_reconstructed_float32,cosine_similarity,recalibrated_compressed,0.1,cosine_similarity,0.00663654568625,0.0954688834856,0.777746081352,0.779233336449,0.0130910414908,0.0130248415339,0.994943109987,0.168478890489,0.167949290833,11604,121736,0.0953210225406,11622,121736,0.0954688834856,0.0936841628574,0.0969834212356,0.0938308752115,0.0971324214401,0.00601977199171,0.0073160476435,0.00601977199171,0.0073160476435,0.000147860944996,-2.46434908326e-05,0.000320570743248,0,-8.27499462125e-05,8.27499462125e-05,1024,0,3000,3598336,1199.44533333,0.200261578072,4993.46908992,81,0.000444666472697,106,0.000581909211184
survface,arcface-7972a704552df378345f,20260829-R001-81149bc4,step4_search_space_query_gallery_conditions_v6,validation_required,True,pca,pca_384,pca_reconstruction_cosine,pca_reconstructed_float32,pca_reconstructed_float32,cosine_similarity,recalibrated_compressed,0.1,cosine_similarity,0.00663654568625,0.0953292370375,0.777746081352,0.777765631676,0.0130910414908,0.0130910414908,1,0.168478890489,0.168478890489,11604,121736,0.0953210225406,11605,121736,0.0953292370375,0.0936841628574,0.0969834212356,0.0936923135119,0.0969916990566,0.00601977199171,0.0073160476435,0.00601977199171,0.0073160476435,8.21449694421e-06,0,2.46434908326e-05,0,0,0,1536,0,3000,5396480,1798.82666667,0.207091489852,4828.78364878,0,0,2,1.09794190789e-05
survface,arcface-7972a704552df378345f,20260829-R001-81149bc4,step4_search_space_query_gallery_conditions_v6,validation_required,True,pq,pq_512_m8_b8,pq_adc_exhaustive,origin_float32,pq_code,squared_l2_asymmetric,recalibrated_compressed,0.1,negative_squared_l2_adc,0.00139019909637,0.0859482815272,0.777746081352,-0.410192489624,0.0130910414908,0.00493189679427,0.376738305942,0.168478890489,0.0692948049584,11604,121736,0.0953210225406,10463,121736,0.0859482815272,0.0936841628574,0.0969834212356,0.0843868177981,0.0875358757755,0.00601977199171,0.0073160476435,0.00112313313077,0.00172066036682,-0.00937274101334,-0.0104241966222,-0.00831286554511,-0.00524634658987,-0.00587565993082,-0.0046339969879,8,524288,3000,548288,182.762666667,0.00924899401074,108119.866749,4519,0.0248079974089,2542,0.0139548416493
survface,arcface-7972a704552df378345f,20260829-R001-81149bc4,step4_search_space_query_gallery_conditions_v6,validation_required,True,pq,pq_512_m16_b8,pq_adc_exhaustive,origin_float32,pq_code,squared_l2_asymmetric,recalibrated_compressed,0.1,negative_squared_l2_adc,0.00170464889198,0.0868190182033,0.777746081352,-0.438393741846,0.0130910414908,0.00666964566473,0.509481668774,0.168478890489,0.0879466428347,11604,121736,0.0953210225406,10569,121736,0.0868190182033,0.0936841628574,0.0969834212356,0.0852503260176,0.0884137859565,0.00601977199171,0.0073160476435,0.00140589231367,0.00206676079469,-0.00850200433725,-0.0094959584675,-0.00751626470395,-0.00493189679427,-0.00556079638548,-0.00433609718154,16,524288,3000,572288,190.762666667,0.0159114938049,62847.6504006,4023,0.0220851014773,2119,0.0116326945141
survface,arcface-7972a704552df378345f,20260829-R001-81149bc4,step4_search_space_query_gallery_conditions_v6,validation_required,True,pq,pq_512_m32_b8,pq_adc_exhaustive,origin_float32,pq_code,squared_l2_asymmetric,recalibrated_compressed,0.1,negative_squared_l2_adc,0.00304519802062,0.0910576986265,0.777746081352,-0.479919761419,0.0130910414908,0.00835774456747,0.638432364096,0.168478890489,0.110487728183,11604,121736,0.0953210225406,11085,121736,0.0910576986265,0.0936841628574,0.0969834212356,0.0894544884006,0.0926867169198,0.00601977199171,0.0073160476435,0.00263633833377,0.00351724258894,-0.00426332391404,-0.00517533843727,-0.00330202240915,-0.00359134766562,-0.00413749731063,-0.00309484798835,32,524288,3000,620288,206.762666667,0.0282325539776,35420.1040683,3095,0.0169906510247,2080,0.0114185958421
survface,arcface-7972a704552df378345f,20260829-R001-81149bc4,step4_search_space_query_gallery_conditions_v6,validation_required,True,pq,pq_512_m64_b8,pq_adc_exhaustive,origin_float32,pq_code,squared_l2_asymmetric,recalibrated_compressed,0.1,negative_squared_l2_adc,0.00478294689108,0.0937356246303,0.777746081352,-0.510794222355,0.0130910414908,0.0105919931152,0.809102402023,0.168478890489,0.132764013703,11604,121736,0.0953210225406,11411,121736,0.0937356246303,0.0936841628574,0.0969834212356,0.0921111570979,0.0953857312281,0.00601977199171,0.0073160476435,0.00426343104462,0.00536542667447,-0.00158539791023,-0.00238220411382,-0.000829664191365,-0.00185359879516,-0.00228389851547,-0.0014398490641,64,524288,3000,716288,238.762666667,0.0424946371028,23532.3812175,1999,0.0109739293694,1613,0.00885490148716
survface,arcface-7972a704552df378345f,20260829-R001-81149bc4,step4_search_space_query_gallery_conditions_v6,validation_required,True,pq,pq_512_m128_b8,pq_adc_exhaustive,origin_float32,pq_code,squared_l2_asymmetric,recalibrated_compressed,0.1,negative_squared_l2_adc,0.00645449580458,0.0957317473878,0.777746081352,-0.470093369484,0.0130910414908,0.0127765916952,0.97597977244,0.168478890489,0.161279645168,11604,121736,0.0953210225406,11654,121736,0.0957317473878,0.0936841628574,0.0969834212356,0.0940917001597,0.0973973077072,0.00601977199171,0.0073160476435,0.0058466050642,0.00712513795426,0.00041072484721,-0.00015607544194,0.000993954130249,-0.000182049881668,-0.000496499677275,0.00013239991394,128,524288,3000,908288,302.762666667,0.103055492729,9703.50995876,953,0.00523169319111,1001,0.00549519924901
survface,arcface-7972a704552df378345f,20260829-R001-81149bc4,step4_search_space_query_gallery_conditions_v6,validation_required,True,pq,pq_512_m8_b8,pq_one_sided_cosine,origin_float32,pq_reconstructed_float32,cosine_similarity,frozen_origin,0.1,cosine_similarity,0.00117504923622,0.070086087928,0.777746081352,0.777746081352,0.0130910414908,0.00390579746123,0.298356510746,0.168478890489,0.0787282988266,11604,121736,0.0953210225406,8532,121736,0.070086087928,0.0936841628574,0.0969834212356,0.0686655239873,0.0715337834399,0.00601977199171,0.0073160476435,0.000931773051823,0.00148174808051,-0.0252349346126,-0.0263691512782,-0.0241752645068,-0.00546149645003,-0.00609039604124,-0.00484914684805,8,524288,3000,548288,182.762666667,0.215268418799,4645.36324269,6387,0.0350627748286,1375,0.00754835061677
survface,arcface-7972a704552df378345f,20260829-R001-81149bc4,step4_search_space_query_gallery_conditions_v6,validation_required,True,pq,pq_512_m16_b8,pq_one_sided_cosine,origin_float32,pq_reconstructed_float32,cosine_similarity,frozen_origin,0.1,cosine_similarity,0.00086059944061,0.0491391207202,0.777746081352,0.777746081352,0.0130910414908,0.0033099978485,0.252844500632,0.168478890489,0.104728331927,11604,121736,0.0953210225406,5982,121736,0.0491391207202,0.0936841628574,0.0969834212356,0.0479390258995,0.0503676690609,0.00601977199171,0.0073160476435,0.000656386121264,0.00112827540029,-0.0461819018203,-0.0474060672274,-0.0449825852665,-0.00577594624563,-0.00638829584761,-0.00514704665442,16,524288,3000,572288,190.762666667,0.214224783843,4667.99397372,9359,0.0513781915799,291,0.00159750547599
survface,arcface-7972a704552df378345f,20260829-R001-81149bc4,step4_search_space_query_gallery_conditions_v6,validation_required,True,pq,pq_512_m32_b8,pq_one_sided_cosine,origin_float32,pq_reconstructed_float32,cosine_similarity,frozen_origin,0.1,cosine_similarity,0.00122469920395,0.0364805809292,0.777746081352,0.777746081352,0.0130910414908,0.00278039819274,0.212389380531,0.168478890489,0.133757013058,11604,121736,0.0953210225406,4441,121736,0.0364805809292,0.0936841628574,0.0969834212356,0.0354419492566,0.0375484649935,0.00601977199171,0.0073160476435,0.000975753303682,0.0015370614514,-0.0588404416114,-0.0601469573503,-0.0574768351186,-0.0054118464823,-0.006024609834,-0.00481563311984,32,524288,3000,620288,206.762666667,0.211208448114,4734.65909593,11479,0.0630163758036,56,0.00030742373421
survface,arcface-7972a704552df378345f,20260829-R001-81149bc4,step4_search_space_query_gallery_conditions_v6,validation_required,True,pq,pq_512_m64_b8,pq_one_sided_cosine,origin_float32,pq_reconstructed_float32,cosine_similarity,frozen_origin,0.1,cosine_similarity,0.00145639905334,0.0354948412959,0.777746081352,0.777746081352,0.0130910414908,0.00329344785926,0.251580278129,0.168478890489,0.153633550138,11604,121736,0.0953210225406,4321,121736,0.0354948412959,0.0936841628574,0.0969834212356,0.0344700337604,0.0365489634324,0.00601977199171,0.0073160476435,0.00118238688641,0.00179379810819,-0.0598261812447,-0.061157135112,-0.0585282907275,-0.0051801466329,-0.00577594624563,-0.00460089700942,64,524288,3000,716288,238.762666667,0.207009113467,4830.70519579,11544,0.0633732069236,7,3.84279667763e-05
survface,arcface-7972a704552df378345f,20260829-R001-81149bc4,step4_search_space_query_gallery_conditions_v6,validation_required,True,pq,pq_512_m128_b8,pq_one_sided_cosine,origin_float32,pq_reconstructed_float32,cosine_similarity,frozen_origin,0.1,cosine_similarity,0.00488224682654,0.0678024577775,0.777746081352,0.777746081352,0.0130910414908,0.0088376942555,0.675094816688,0.168478890489,0.165450242457,11604,121736,0.0953210225406,8254,121736,0.0678024577775,0.0936841628574,0.0969834212356,0.0664037900599,0.0692284011846,0.00601977199171,0.0073160476435,0.00435708087171,0.00547036409288,-0.0275185647631,-0.0284303739239,-0.026590121246,-0.00175429885971,-0.0021684623405,-0.00137364910713,128,524288,3000,908288,302.762666667,0.208219922156,4802.61441675,5287,0.0290240943352,7,3.84279667763e-05
survface,arcface-7972a704552df378345f,20260829-R001-81149bc4,step4_search_space_query_gallery_conditions_v6,validation_required,True,pq,pq_512_m8_b8,pq_one_sided_cosine,origin_float32,pq_reconstructed_float32,cosine_similarity,recalibrated_compressed,0.1,cosine_similarity,0.00142329907486,0.0861125714661,0.777746081352,0.768544971943,0.0130910414908,0.00499809675124,0.381795195954,0.168478890489,0.0787282988266,11604,121736,0.0953210225406,10483,121736,0.0861125714661,0.0936841628574,0.0969834212356,0.0845497401968,0.0877015228864,0.00601977199171,0.0073160476435,0.00115273996281,0.00175724928329,-0.00920845107446,-0.0102681211803,-0.00816520996254,-0.00521324661139,-0.00582559621336,-0.00461744699866,8,524288,3000,548288,182.762666667,0.215268418799,4645.36324269,4485,0.0246213472845,2542,0.0139548416493
survface,arcface-7972a704552df378345f,20260829-R001-81149bc4,step4_search_space_query_gallery_conditions_v6,validation_required,True,pq,pq_512_m16_b8,pq_one_sided_cosine,origin_float32,pq_reconstructed_float32,cosine_similarity,recalibrated_compressed,0.1,cosine_similarity,0.00177084884895,0.0874022474864,0.777746081352,0.753282189369,0.0130910414908,0.00691789550337,0.528445006321,0.168478890489,0.104728331927,11604,121736,0.0953210225406,10640,121736,0.0874022474864,0.0936841628574,0.0969834212356,0.085828740309,0.0890017934241,0.00601977199171,0.0073160476435,0.00146580229758,0.00213924230779,-0.00791877505422,-0.00887987119669,-0.00687532857988,-0.0048656968373,-0.00551114641775,-0.00426989722457,16,524288,3000,572288,190.762666667,0.214224783843,4667.99397372,3909,0.0214592745898,2116,0.0116162253855
survface,arcface-7972a704552df378345f,20260829-R001-81149bc4,step4_search_space_query_gallery_conditions_v6,validation_required,True,pq,pq_512_m32_b8,pq_one_sided_cosine,origin_float32,pq_reconstructed_float32,cosine_similarity,recalibrated_compressed,0.1,cosine_similarity,0.00339274779471,0.0902280344352,0.777746081352,0.740203857422,0.0130910414908,0.00900319414792,0.687737041719,0.168478890489,0.133757013058,11604,121736,0.0953210225406,10984,121736,0.0902280344352,0.0936841628574,0.0969834212356,0.0886314951003,0.0918504341969,0.00601977199171,0.0073160476435,0.00295961512454,0.00388902115745,-0.00509298810541,-0.00595551028455,-0.00418939344155,-0.00324379789153,-0.00374029756881,-0.00274729821426,32,524288,3000,620288,206.762666667,0.211208448114,4734.65909593,2949,0.0161891534319,1833,0.0100626375858
survface,arcface-7972a704552df378345f,20260829-R001-81149bc4,step4_search_space_query_gallery_conditions_v6,validation_required,True,pq,pq_512_m64_b8,pq_one_sided_cosine,origin_float32,pq_reconstructed_float32,cosine_similarity,recalibrated_compressed,0.1,cosine_similarity,0.00476639690184,0.0942202799501,0.777746081352,0.741808891296,0.0130910414908,0.0111712427387,0.853350189633,0.168478890489,0.153633550138,11604,121736,0.0953210225406,11470,121736,0.0942202799501,0.0936841628574,0.0969834212356,0.0925920091641,0.095874159215,0.00601977199171,0.0073160476435,0.00424782848082,0.00534793136402,-0.00110074259052,-0.00181540382467,-0.00037766149701,-0.0018701487844,-0.00230044850471,-0.0014398490641,64,524288,3000,716288,238.762666667,0.207009113467,4830.70519579,1726,0.00947523866512,1440,0.00790518173683
survface,arcface-7972a704552df378345f,20260829-R001-81149bc4,step4_search_space_query_gallery_conditions_v6,validation_required,True,pq,pq_512_m128_b8,pq_one_sided_cosine,origin_float32,pq_reconstructed_float32,cosine_similarity,recalibrated_compressed,0.1,cosine_similarity,0.00633864587988,0.095263521062,0.777746081352,0.763971865177,0.0130910414908,0.0126772917598,0.968394437421,0.168478890489,0.165450242457,11604,121736,0.0953210225406,11597,121736,0.095263521062,0.0936841628574,0.0969834212356,0.0936271083803,0.0969254763844,0.00601977199171,0.0073160476435,0.00573647433395,0.00700358356475,-5.75014786094e-05,-0.000591649142407,0.000509298810541,-0.000297899806365,-0.000629313340946,4.1374973106e-07,128,524288,3000,908288,302.762666667,0.208219922156,4802.61441675,928,0.00509445045263,908,0.00498465626184
survface,arcface-7972a704552df378345f,20260829-R001-81149bc4,step4_search_space_query_gallery_conditions_v6,validation_required,True,pq,pq_512_m8_b8,pq_reconstruction_cosine,pq_reconstructed_float32,pq_reconstructed_float32,cosine_similarity,frozen_origin,0.1,cosine_similarity,0.00587524618109,0.689549516988,0.777746081352,0.777746081352,0.0130910414908,0.0372705757741,2.84702907712,0.168478890489,0.0665144067656,11604,121736,0.0953210225406,83943,121736,0.689549516988,0.0936841628574,0.0969834212356,0.686944502934,0.692142568701,0.00601977199171,0.0073160476435,0.00529649984584,0.00651681757382,0.594228494447,0.591467807386,0.596931474666,-0.000761299505155,-0.00150604902107,0,8,524288,3000,548288,182.762666667,0.218260735401,4581.6761231,15,8.2345643092e-05,108487,0.595562118808
survface,arcface-7972a704552df378345f,20260829-R001-81149bc4,step4_search_space_query_gallery_conditions_v6,validation_required,True,pq,pq_512_m16_b8,pq_reconstruction_cosine,pq_reconstructed_float32,pq_reconstructed_float32,cosine_similarity,frozen_origin,0.1,cosine_similarity,0.00499809675124,0.365019386213,0.777746081352,0.777746081352,0.0130910414908,0.0246760339606,1.88495575221,0.168478890489,0.0915048905218,11604,121736,0.0953210225406,44436,121736,0.365019386213,0.0936841628574,0.0969834212356,0.362319248376,0.367728042583,0.00601977199171,0.0073160476435,0.004466411892,0.00559271819235,0.269698363672,0.267192942104,0.272195776106,-0.00163844893501,-0.00230044850471,-0.000959899376065,16,524288,3000,572288,190.762666667,0.221513718235,4514.39309478,143,0.000785028464144,49974,0.274342744525
survface,arcface-7972a704552df378345f,20260829-R001-81149bc4,step4_search_space_query_gallery_conditions_v6,validation_required,True,pq,pq_512_m32_b8,pq_reconstruction_cosine,pq_reconstructed_float32,pq_reconstructed_float32,cosine_similarity,frozen_origin,0.1,cosine_similarity,0.00299554805289,0.113088979431,0.777746081352,0.777746081352,0.0130910414908,0.0092679939758,0.70796460177,0.168478890489,0.121195571223,11604,121736,0.0953210225406,13767,121736,0.113088979431,0.0936841628574,0.0969834212356,0.11132212203,0.11488025452,0.00601977199171,0.0073160476435,0.00259026724629,0.00346402005367,0.0177679568903,0.0164782808701,0.0190660527699,-0.00364099763335,-0.00423679724608,-0.00307829799911,32,524288,3000,620288,206.762666667,0.217249736219,4602.99753363,3578,0.0196421807322,6563,0.0360289637075
survface,arcface-7972a704552df378345f,20260829-R001-81149bc4,step4_search_space_query_gallery_conditions_v6,validation_required,True,pq,pq_512_m64_b8,pq_reconstruction_cosine,pq_reconstructed_float32,pq_reconstructed_float32,cosine_similarity,frozen_origin,0.1,cosine_similarity,0.000976449365308,0.033416573569,0.777746081352,0.777746081352,0.0130910414908,0.00233354848319,0.178255372946,0.168478890489,0.147394204194,11604,121736,0.0953210225406,4068,121736,0.033416573569,0.0936841628574,0.0969834212356,0.0324216285863,0.0344409643108,0.00601977199171,0.0073160476435,0.000757134091712,0.0012592125496,-0.0619044489715,-0.0632434119735,-0.0604997699941,-0.00566009632094,-0.00628899591215,-0.00506429670821,64,524288,3000,716288,238.762666667,0.205872015108,4857.38675787,12010,0.065931411569,49,0.000268995767434
survface,arcface-7972a704552df378345f,20260829-R001-81149bc4,step4_search_space_query_gallery_conditions_v6,validation_required,True,pq,pq_512_m128_b8,pq_reconstruction_cosine,pq_reconstructed_float32,pq_reconstructed_float32,cosine_similarity,frozen_origin,0.1,cosine_similarity,0.00413749731063,0.0581011368864,0.777746081352,0.777746081352,0.0130910414908,0.00744749515913,0.568900126422,0.168478890489,0.165566092382,11604,121736,0.0953210225406,7073,121736,0.0581011368864,0.0936841628574,0.0969834212356,0.0568009136483,0.0594292480577,0.00601977199171,0.0073160476435,0.00365624877754,0.00468179184575,-0.0372198856542,-0.0383452717356,-0.0361684300453,-0.00249904837562,-0.00299554805289,-0.00205219866607,128,524288,3000,908288,302.762666667,0.211499897342,4728.13468264,7178,0.0394051350743,21,0.000115283900329
survface,arcface-7972a704552df378345f,20260829-R001-81149bc4,step4_search_space_query_gallery_conditions_v6,validation_required,True,pq,pq_512_m8_b8,pq_reconstruction_cosine,pq_reconstructed_float32,pq_reconstructed_float32,cosine_similarity,recalibrated_compressed,0.1,cosine_similarity,0.00105919931152,0.093341328777,0.777746081352,0.906131267548,0.0130910414908,0.00190324876289,0.145385587863,0.168478890489,0.0665144067656,11604,121736,0.0953210225406,11363,121736,0.093341328777,0.0936841628574,0.0969834212356,0.09171996524,0.094988356263,0.00601977199171,0.0073160476435,0.000829632268809,0.00135220374376,-0.00197969376355,-0.00359836038641,-0.000345008871657,-0.00557734637472,-0.00623934594443,-0.00493189679427,8,524288,3000,548288,182.762666667,0.218260735401,4581.6761231,8343,0.0458006466878,7195,0.0394984601365
survface,arcface-7972a704552df378345f,20260829-R001-81149bc4,step4_search_space_query_gallery_conditions_v6,validation_required,True,pq,pq_512_m16_b8,pq_reconstruction_cosine,pq_reconstructed_float32,pq_reconstructed_float32,cosine_similarity,recalibrated_compressed,0.1,cosine_similarity,0.00122469920395,0.0910166261418,0.777746081352,0.84828966856,0.0130910414908,0.00418714727835,0.3198482933,0.168478890489,0.0915048905218,11604,121736,0.0953210225406,11080,121736,0.0910166261418,0.0936841628574,0.0969834212356,0.0894137451988,0.0926453177442,0.00601977199171,0.0073160476435,0.000975753303682,0.0015370614514,-0.00430439639876,-0.00577479135178,-0.00283379608333,-0.0054118464823,-0.00605729606276,-0.00481604686957,16,524288,3000,572288,190.762666667,0.221513718235,4514.39309478,6748,0.0370445599723,5371,0.0294852299365
survface,arcface-7972a704552df378345f,20260829-R001-81149bc4,step4_search_space_query_gallery_conditions_v6,validation_required,True,pq,pq_512_m32_b8,pq_reconstruction_cosine,pq_reconstructed_float32,pq_reconstructed_float32,cosine_similarity,recalibrated_compressed,0.1,cosine_similarity,0.00235009847244,0.0909591246632,0.777746081352,0.786910772324,0.0130910414908,0.00738129520216,0.56384323641,0.168478890489,0.121195571223,11604,121736,0.0953210225406,11073,121736,0.0909591246632,0.0936841628574,0.0969834212356,0.0893567048836,0.092587358731,0.00601977199171,0.0073160476435,0.00199437174235,0.00276909846182,-0.00436189787737,-0.00557764342512,-0.00311329434185,-0.00428644721381,-0.00488224682654,-0.00370719759032,32,524288,3000,620288,206.762666667,0.217249736219,4602.99753363,5265,0.0289033207253,4025,0.0220960808964
survface,arcface-7972a704552df378345f,20260829-R001-81149bc4,step4_search_space_query_gallery_conditions_v6,validation_required,True,pq,pq_512_m64_b8,pq_reconstruction_cosine,pq_reconstructed_float32,pq_reconstructed_float32,cosine_similarity,recalibrated_compressed,0.1,cosine_similarity,0.00347549774093,0.0934152592495,0.777746081352,0.744461715221,0.0130910414908,0.00943349386823,0.720606826802,0.168478890489,0.147394204194,11604,121736,0.0953210225406,11372,121736,0.0934152592495,0.0936841628574,0.0969834212356,0.0917933130395,0.0950628647429,0.00601977199171,0.0073160476435,0.00303677247484,0.0039773531784,-0.00190576329106,-0.00292456627456,-0.000837878688309,-0.00316104794532,-0.00370719759032,-0.00263144828956,64,524288,3000,716288,238.762666667,0.205872015108,4857.38675787,3335,0.0183081813141,2773,0.0152229645529
survface,arcface-7972a704552df378345f,20260829-R001-81149bc4,step4_search_space_query_gallery_conditions_v6,validation_required,True,pq,pq_512_m128_b8,pq_reconstruction_cosine,pq_reconstructed_float32,pq_reconstructed_float32,cosine_similarity,recalibrated_compressed,0.1,cosine_similarity,0.00612349601973,0.0943681408951,0.777746081352,0.759809494019,0.0130910414908,0.0120980421363,0.92414664981,0.168478890489,0.165566092382,11604,121736,0.0953210225406,11488,121736,0.0943681408951,0.0936841628574,0.0969834212356,0.0927387124324,0.0960231685053,0.00601977199171,0.0073160476435,0.00553208843096,0.00677769710247,-0.000952881645528,-0.00165111388579,-0.000221791417494,-0.000513049666518,-0.000910249408338,-0.000148949903183,128,524288,3000,908288,302.762666667,0.211499897342,4728.13468264,1636,0.00898116480657,1449,0.00795458912269
survface,arcface-7972a704552df378345f,20260829-R001-81149bc4,step4_search_space_query_gallery_conditions_v6,validation_required,True,pq,pq_512_m128_b8,pq_sdc_exhaustive,pq_code,pq_code,squared_l2_symmetric,recalibrated_compressed,0.1,negative_squared_l2_sdc,0.00632209589064,0.0952388775711,0.777746081352,-0.469844698906,0.0130910414908,0.0122800920179,0.938053097345,0.168478890489,0.16124654519,11604,121736,0.0953210225406,11594,121736,0.0952388775711,0.0936841628574,0.0969834212356,0.0936026565177,0.0969006428206,0.00601977199171,0.0073160476435,0.00572074569168,0.00698621433277,-8.21449694421e-05,-0.000821449694421,0.000649150621016,-0.000314449795608,-0.000695099548185,6.619995697e-05,128,524288,3000,908288,302.762666667,0.137781572692,7257.86460745,1676,0.00920075318815,1601,0.00878902497269
survface,arcface-7972a704552df378345f,20260829-R001-81149bc4,step4_search_space_query_gallery_conditions_v6,validation_required,True,pca,pca_32,pca_direct_cosine,pca_projected_float32,pca_projected_float32,cosine_similarity,frozen_origin,0.2,cosine_similarity,0.00537874650381,0.138447131498,0.745633363724,0.745633363724,0.0247918838853,0.00723234529898,0.291722296395,0.168478890489,0.0794730483425,21991,121736,0.1806450023,16854,121736,0.138447131498,0.17849392663,0.182816232245,0.136518448814,0.140398631534,0.0100451236593,0.0116975560357,0.00482616360076,0.00599421759137,-0.0421978708024,-0.0444164010646,-0.0399468932773,-0.00546149645003,-0.00625589593367,-0.00471633318438,128,0,3000,451584,150.528,0.200033600865,4999.16011947,19502,0.107060315439,10444,0.0573345264302
survface,arcface-7972a704552df378345f,20260829-R001-81149bc4,step4_search_space_query_gallery_conditions_v6,validation_required,True,pca,pca_64,pca_direct_cosine,pca_projected_float32,pca_projected_float32,cosine_similarity,frozen_origin,0.2,cosine_similarity,0.00235009847244,0.0299993428402,0.745633363724,0.745633363724,0.0247918838853,0.0025321483541,0.102136181575,0.168478890489,0.0991344355626,21991,121736,0.1806450023,3652,121736,0.0299993428402,0.17849392663,0.182816232245,0.0290558203014,0.0309725267972,0.0100451236593,0.0116975560357,0.00199437174235,0.00276909846182,-0.15064565946,-0.15263356772,-0.148616473352,-0.00849014448141,-0.00931805769326,-0.00767919500852,256,0,3000,901120,300.373333333,0.199930963609,5001.72650574,29168,0.160123847847,319,0.00175121734309
survface,arcface-7972a704552df378345f,20260829-R001-81149bc4,step4_search_space_query_gallery_conditions_v6,validation_required,True,pca,pca_128,pca_direct_cosine,pca_projected_float32,pca_projected_float32,cosine_similarity,frozen_origin,0.2,cosine_similarity,0.00105919931152,0.0120835250049,0.745633363724,0.745633363724,0.0247918838853,0.00107574930076,0.043391188251,0.168478890489,0.112622676795,21991,121736,0.1806450023,1471,121736,0.0120835250049,0.17849392663,0.182816232245,0.0114849819827,0.0127128601002,0.0100451236593,0.0116975560357,0.000829632268809,0.00135220374376,-0.168561477295,-0.170730104488,-0.16649861175,-0.00978104364232,-0.0105919931152,-0.00893658044122,512,0,3000,1800192,600.064,0.209741870564,4767.76524074,32156,0.176527099951,22,0.000120773609868
survface,arcface-7972a704552df378345f,20260829-R001-81149bc4,step4_search_space_query_gallery_conditions_v6,validation_required,True,pca,pca_256,pca_direct_cosine,pca_projected_float32,pca_projected_float32,cosine_similarity,frozen_origin,0.2,cosine_similarity,0.000364099763335,0.00678517447592,0.745633363724,0.745633363724,0.0247918838853,0.000364099763335,0.0146862483311,0.168478890489,0.121609320954,21991,121736,0.1806450023,826,121736,0.00678517447592,0.17849392663,0.182816232245,0.00633933404969,0.00726214135046,0.0100451236593,0.0116975560357,0.000240469515571,0.00055125577845,-0.173859827824,-0.175979168036,-0.171805998226,-0.0104761431905,-0.0112870926634,-0.00963167998941,1024,0,3000,3598336,1199.44533333,0.193919874395,5156.76901668,33136,0.1819070153,3,1.64691286184e-05
survface,arcface-7972a704552df378345f,20260829-R001-81149bc4,step4_search_space_query_gallery_conditions_v6,validation_required,True,pca,pca_384,pca_direct_cosine,pca_projected_float32,pca_projected_float32,cosine_similarity,frozen_origin,0.2,cosine_similarity,0.000364099763335,0.00651409607676,0.745633363724,0.745633363724,0.0247918838853,0.000364099763335,0.0146862483311,0.168478890489,0.121989970707,21991,121736,0.1806450023,793,121736,0.00651409607676,0.17849392663,0.182816232245,0.00607750243322,0.00698183327618,0.0100451236593,0.0116975560357,0.000240469515571,0.00055125577845,-0.174130906223,-0.176258871657,-0.172052638496,-0.0104761431905,-0.0112870926634,-0.00963167998941,1536,0,3000,5396480,1798.82666667,0.21549398767,4640.50069708,33188,0.182192480196,3,1.64691286184e-05
survface,arcface-7972a704552df378345f,20260829-R001-81149bc4,step4_search_space_query_gallery_conditions_v6,validation_required,True,pca,pca_32,pca_direct_cosine,pca_projected_float32,pca_projected_float32,cosine_similarity,recalibrated_compressed,0.2,cosine_similarity,0.00686824553564,0.204080962082,0.745633363724,0.723977088928,0.0247918838853,0.00996309352399,0.401869158879,0.168478890489,0.0794730483425,21991,121736,0.1806450023,24844,121736,0.204080962082,0.17849392663,0.182816232245,0.201826327389,0.206354272021,0.0100451236593,0.0116975560357,0.00624034351812,0.00755884635662,0.0234359597818,0.0210781937964,0.0258101547611,-0.0039719974182,-0.00476639690184,-0.00321069791305,128,0,3000,451584,150.528,0.200033600865,4999.16011947,15387,0.0844701606838,18279,0.100346400672
survface,arcface-7972a704552df378345f,20260829-R001-81149bc4,step4_search_space_query_gallery_conditions_v6,validation_required,True,pca,pca_64,pca_direct_cosine,pca_projected_float32,pca_projected_float32,cosine_similarity,recalibrated_compressed,0.2,cosine_similarity,0.0104926931797,0.203752382204,0.745633363724,0.628334999084,0.0247918838853,0.0169306389951,0.682910547397,0.168478890489,0.0991344355626,21991,121736,0.1806450023,24804,121736,0.203752382204,0.17849392663,0.182816232245,0.201499114204,0.206024346187,0.0100451236593,0.0116975560357,0.00971078606212,0.0113368382736,0.0231073799041,0.0210204869554,0.0253090704475,-0.000347549774093,-0.00107574930076,0.000430713470036,256,0,3000,901120,300.373333333,0.199930963609,5001.72650574,12235,0.0671665962154,15297,0.0839760868252
survface,arcface-7972a704552df378345f,20260829-R001-81149bc4,step4_search_space_query_gallery_conditions_v6,validation_required,True,pca,pca_128,pca_direct_cosine,pca_projected_float32,pca_projected_float32,cosine_similarity,recalibrated_compressed,0.2,cosine_similarity,0.0135378912004,0.200639087862,0.745633363724,0.561037361622,0.0247918838853,0.0222266355527,0.89652870494,0.168478890489,0.112622676795,21991,121736,0.1806450023,24425,121736,0.200639087862,0.17849392663,0.182816232245,0.198398885004,0.202898183182,0.0100451236593,0.0116975560357,0.0126468963849,0.0144907368131,0.0199940855622,0.0179733193139,0.0220729693764,0.00269764824653,0.00193634874137,0.00350859771941,512,0,3000,1800192,600.064,0.209741870564,4767.76524074,10689,0.0586795052674,13646,0.0749125763756
survface,arcface-7972a704552df378345f,20260829-R001-81149bc4,step4_search_space_query_gallery_conditions_v6,validation_required,True,pca,pca_256,pca_direct_cosine,pca_projected_float32,pca_projected_float32,cosine_similarity,recalibrated_compressed,0.2,cosine_similarity,0.0153087400493,0.197402576066,0.745633363724,0.518099844456,0.0247918838853,0.0254042334872,1.02469959947,0.168478890489,0.121609320954,21991,121736,0.1806450023,24031,121736,0.197402576066,0.17849392663,0.182816232245,0.195176180159,0.199648068689,0.0100451236593,0.0116975560357,0.0143601351934,0.0163189705494,0.0167575737662,0.0148021127686,0.0187372675297,0.00446849709548,0.00370678384059,0.00521366036112,1024,0,3000,3598336,1199.44533333,0.193919874395,5156.76901668,9974,0.0547543629467,12653,0.0694612948029
survface,arcface-7972a704552df378345f,20260829-R001-81149bc4,step4_search_space_query_gallery_conditions_v6,validation_required,True,pca,pca_384,pca_direct_cosine,pca_projected_float32,pca_projected_float32,cosine_similarity,recalibrated_compressed,0.2,cosine_similarity,0.015358390017,0.197262929618,0.745633363724,0.515929400921,0.0247918838853,0.0254869834335,1.02803738318,0.168478890489,0.121989970707,21991,121736,0.1806450023,24014,121736,0.197262929618,0.17849392663,0.182816232245,0.195037134661,0.199507830104,0.0100451236593,0.0116975560357,0.0144082214221,0.0163701779435,0.0166179273181,0.0146300190576,0.0186471134258,0.0045181470632,0.00375643380832,0.00527986031809,1536,0,3000,5396480,1798.82666667,0.21549398767,4640.50069708,9948,0.0546116304986,12610,0.0692252372927
survface,arcface-7972a704552df378345f,20260829-R001-81149bc4,step4_search_space_query_gallery_conditions_v6,validation_required,True,pca,pca_32,pca_reconstruction_cosine,pca_reconstructed_float32,pca_reconstructed_float32,cosine_similarity,frozen_origin,0.2,cosine_similarity,0.0185690879301,0.810023329171,0.745633363724,0.745633363724,0.0247918838853,0.0784469490095,3.16421895861,0.168478890489,0.113797726031,21991,121736,0.1806450023,98609,121736,0.810023329171,0.17849392663,0.182816232245,0.807809935629,0.812217157355,0.0100451236593,0.0116975560357,0.0175228965991,0.0196764903712,0.629378326871,0.626609836039,0.631958089637,0.00772884497625,0.0067358456217,0.00875494430929,128,0,3000,451584,150.528,0.212427065366,4707.49806894,0,0,114199,0.626919339698
survface,arcface-7972a704552df378345f,20260829-R001-81149bc4,step4_search_space_query_gallery_conditions_v6,validation_required,True,pca,pca_64,pca_reconstruction_cosine,pca_reconstructed_float32,pca_reconstructed_float32,cosine_similarity,frozen_origin,0.2,cosine_similarity,0.0170133889413,0.503179010317,0.745633363724,0.745633363724,0.0247918838853,0.0554755639409,2.23765020027,0.168478890489,0.142876057131,21991,121736,0.1806450023,61255,121736,0.503179010317,0.17849392663,0.182816232245,0.500370290216,0.505987529794,0.0100451236593,0.0116975560357,0.0160125325983,0.0180756541924,0.322534008017,0.319864091148,0.325146218046,0.00617314598746,0.00536219651457,0.00698409546034,256,0,3000,901120,300.373333333,0.203111463611,4923.40502215,0,0,59411,0.326149133449
survface,arcface-7972a704552df378345f,20260829-R001-81149bc4,step4_search_space_query_gallery_conditions_v6,validation_required,True,pca,pca_128,pca_reconstruction_cosine,pca_reconstructed_float32,pca_reconstructed_float32,cosine_similarity,frozen_origin,0.2,cosine_similarity,0.0138192410175,0.295557600053,0.745633363724,0.745633363724,0.0247918838853,0.0362775764196,1.46328437917,0.168478890489,0.159111596577,21991,121736,0.1806450023,35980,121736,0.295557600053,0.17849392663,0.182816232245,0.293000884119,0.298127218205,0.0100451236593,0.0116975560357,0.0129188416776,0.0147814553826,0.114912597753,0.113096783203,0.116802137412,0.00297899806365,0.00246594839713,0.00347549774093,512,0,3000,1800192,600.064,0.200725369046,4981.93130621,0,0,21270,0.116766121904
survface,arcface-7972a704552df378345f,20260829-R001-81149bc4,step4_search_space_query_gallery_conditions_v6,validation_required,True,pca,pca_256,pca_reconstruction_cosine,pca_reconstructed_float32,pca_reconstructed_float32,cosine_similarity,frozen_origin,0.2,cosine_similarity,0.0110222928355,0.185401196031,0.745633363724,0.745633363724,0.0247918838853,0.0253711335088,1.02336448598,0.168478890489,0.167949290833,21991,121736,0.1806450023,22570,121736,0.185401196031,0.17849392663,0.182816232245,0.183228069658,0.187594176518,0.0100451236593,0.0116975560357,0.0102203399006,0.0118864164111,0.0047561937307,0.00436189787737,0.00513406059013,0.000182049881668,6.619995697e-05,0.000314449795608,1024,0,3000,3598336,1199.44533333,0.200261578072,4993.46908992,0,0,920,0.00505053277631
survface,arcface-7972a704552df378345f,20260829-R001-81149bc4,step4_search_space_query_gallery_conditions_v6,validation_required,True,pca,pca_384,pca_reconstruction_cosine,pca_reconstructed_float32,pca_reconstructed_float32,cosine_similarity,frozen_origin,0.2,cosine_similarity,0.0108402429538,0.180718932773,0.745633363724,0.745633363724,0.0247918838853,0.0247918838853,1,0.168478890489,0.168478890489,21991,121736,0.1806450023,22000,121736,0.180718932773,0.17849392663,0.182816232245,0.178567510121,0.182890505033,0.0100451236593,0.0116975560357,0.0100451236593,0.0116975560357,7.39304724979e-05,3.28579877768e-05,0.000123422816587,0,0,0,1536,0,3000,5396480,1798.82666667,0.207091489852,4828.78364878,0,0,9,4.94073858552e-05
survface,arcface-7972a704552df378345f,20260829-R001-81149bc4,step4_search_space_query_gallery_conditions_v6,validation_required,True,pca,pca_32,pca_reconstruction_cosine,pca_reconstructed_float32,pca_reconstructed_float32,cosine_similarity,recalibrated_compressed,0.2,cosine_similarity,0.00580904622412,0.189385227049,0.745633363724,0.870379328728,0.0247918838853,0.0124455919104,0.502002670227,0.168478890489,0.113797726031,21991,121736,0.1806450023,23055,121736,0.189385227049,0.17849392663,0.182816232245,0.187194047166,0.191596009616,0.0100451236593,0.0116975560357,0.00523372182293,0.00644720409973,0.00874022474864,0.0070233948873,0.0103997584938,-0.00503119672972,-0.00569319629942,-0.00438574714926,128,0,3000,451584,150.528,0.212427065366,4707.49806894,7572,0.0415680806329,8748,0.0480239790513
survface,arcface-7972a704552df378345f,20260829-R001-81149bc4,step4_search_space_query_gallery_conditions_v6,validation_required,True,pca,pca_64,pca_reconstruction_cosine,pca_reconstructed_float32,pca_reconstructed_float32,cosine_similarity,recalibrated_compressed,0.2,cosine_similarity,0.00786124489019,0.185450483012,0.745633363724,0.81718993187,0.0247918838853,0.0183539380699,0.740320427236,0.168478890489,0.142876057131,21991,121736,0.1806450023,22576,121736,0.185450483012,0.17849392663,0.182816232245,0.183277130996,0.187643686032,0.0100451236593,0.0116975560357,0.00718768673806,0.00859737559175,0.00480548071236,0.00360575343366,0.00608694223566,-0.00297899806365,-0.00347549774093,-0.00248249838638,256,0,3000,901120,300.373333333,0.203111463611,4923.40502215,4012,0.0220247146723,4672,0.0256479229684
survface,arcface-7972a704552df378345f,20260829-R001-81149bc4,step4_search_space_query_gallery_conditions_v6,validation_required,True,pca,pca_128,pca_reconstruction_cosine,pca_reconstructed_float32,pca_reconstructed_float32,cosine_similarity,recalibrated_compressed,0.2,cosine_similarity,0.00973139367459,0.183281855819,0.745633363724,0.77603828907,0.0247918838853,0.0225079853698,0.907877169559,0.168478890489,0.159111596577,21991,121736,0.1806450023,22312,121736,0.183281855819,0.17849392663,0.182816232245,0.18111848732,0.185465212182,0.0100451236593,0.0116975560357,0.00897923745027,0.0105458846699,0.00263685351909,0.00184826181245,0.00347493756982,-0.00110884927925,-0.00145639905334,-0.000777849494398,512,0,3000,1800192,600.064,0.200725369046,4981.93130621,1693,0.00929407825032,2048,0.0112429251368
survface,arcface-7972a704552df378345f,20260829-R001-81149bc4,step4_search_space_query_gallery_conditions_v6,validation_required,True,pca,pca_256,pca_reconstruction_cosine,pca_reconstructed_float32,pca_reconstructed_float32,cosine_similarity,recalibrated_compressed,0.2,cosine_similarity,0.0108567929431,0.180694289282,0.745633363724,0.747158646584,0.0247918838853,0.0247918838853,1,0.168478890489,0.167949290833,21991,121736,0.1806450023,21997,121736,0.180694289282,0.17849392663,0.182816232245,0.178542982275,0.182865747452,0.0100451236593,0.0116975560357,0.0100610499773,0.011714727592,4.92869816652e-05,-0.000172504435828,0.000271078399159,1.65499892425e-05,-6.619995697e-05,9.9299935455e-05,1024,0,3000,3598336,1199.44533333,0.200261578072,4993.46908992,131,0.00071915194967,167,0.000916781493091
survface,arcface-7972a704552df378345f,20260829-R001-81149bc4,step4_search_space_query_gallery_conditions_v6,validation_required,True,pca,pca_384,pca_reconstruction_cosine,pca_reconstructed_float32,pca_reconstructed_float32,cosine_similarity,recalibrated_compressed,0.2,cosine_similarity,0.0108402429538,0.1806450023,0.745633363724,0.745652854443,0.0247918838853,0.0247918838853,1,0.168478890489,0.168478890489,21991,121736,0.1806450023,21991,121736,0.1806450023,0.17849392663,0.182816232245,0.17849392663,0.182816232245,0.0100451236593,0.0116975560357,0.0100451236593,0.0116975560357,0,0,0,0,0,0,1536,0,3000,5396480,1798.82666667,0.207091489852,4828.78364878,0,0,0,0
survface,arcface-7972a704552df378345f,20260829-R001-81149bc4,step4_search_space_query_gallery_conditions_v6,validation_required,True,pq,pq_512_m8_b8,pq_adc_exhaustive,origin_float32,pq_code,squared_l2_asymmetric,recalibrated_compressed,0.2,negative_squared_l2_adc,0.00281349817123,0.171510481698,0.745633363724,-0.46548396349,0.0247918838853,0.0114691425451,0.46261682243,0.168478890489,0.0692948049584,21991,121736,0.1806450023,20879,121736,0.171510481698,0.17849392663,0.182816232245,0.169403335605,0.173638358539,0.0100451236593,0.0116975560357,0.00242160130711,0.00326860937608,-0.00913452060196,-0.010424607347,-0.00783642472235,-0.00802674478262,-0.0088376942555,-0.0072819952667,8,524288,3000,548288,182.762666667,0.00924899401074,108119.866749,6053,0.0332292118424,4011,0.0220192249628
survface,arcface-7972a704552df378345f,20260829-R001-81149bc4,step4_search_space_query_gallery_conditions_v6,validation_required,True,pq,pq_512_m16_b8,pq_adc_exhaustive,origin_float32,pq_code,squared_l2_asymmetric,recalibrated_compressed,0.2,negative_squared_l2_adc,0.0034258477732,0.171436551226,0.745633363724,-0.496169030666,0.0247918838853,0.0145143405657,0.585447263017,0.168478890489,0.0879466428347,21991,121736,0.1806450023,20870,121736,0.171436551226,0.17849392663,0.182816232245,0.16932976942,0.173564068444,0.0100451236593,0.0116975560357,0.00299046992996,0.00392436210053,-0.00920845107446,-0.0104324111191,-0.00791035519485,-0.00741439518064,-0.00819224467504,-0.00665309567549,16,524288,3000,572288,190.762666667,0.0159114938049,62847.6504006,5491,0.0301439950812,3406,0.0186979506914
survface,arcface-7972a704552df378345f,20260829-R001-81149bc4,step4_search_space_query_gallery_conditions_v6,validation_required,True,pq,pq_512_m32_b8,pq_adc_exhaustive,origin_float32,pq_code,squared_l2_asymmetric,recalibrated_compressed,0.2,negative_squared_l2_adc,0.00569319629942,0.176151672472,0.745633363724,-0.539758324623,0.0247918838853,0.0172616387799,0.696261682243,0.168478890489,0.110487728183,21991,121736,0.1806450023,21444,121736,0.176151672472,0.17849392663,0.182816232245,0.174021941057,0.178301841731,0.0100451236593,0.0116975560357,0.00512390818637,0.00632533261652,-0.00449332982848,-0.00557784878754,-0.00331044226852,-0.00514704665442,-0.00582559621336,-0.0045181470632,32,524288,3000,620288,206.762666667,0.0282325539776,35420.1040683,4315,0.0236880966628,3147,0.0172761159207
survface,arcface-7972a704552df378345f,20260829-R001-81149bc4,step4_search_space_query_gallery_conditions_v6,validation_required,True,pq,pq_512_m64_b8,pq_adc_exhaustive,origin_float32,pq_code,squared_l2_asymmetric,recalibrated_compressed,0.2,negative_squared_l2_adc,0.0082915446105,0.180653216797,0.745633363724,-0.571899652481,0.0247918838853,0.0209026364133,0.843124165554,0.168478890489,0.132764013703,21991,121736,0.1806450023,21992,121736,0.180653216797,0.17849392663,0.182816232245,0.178502102566,0.182824484783,0.0100451236593,0.0116975560357,0.00759912049542,0.00904648656491,8.21449694421e-06,-0.000895380166919,0.00101058848656,-0.00254869834335,-0.00307829799911,-0.00205219866607,64,524288,3000,716288,238.762666667,0.0424946371028,23532.3812175,2773,0.0152229645529,2649,0.0145422405701
survface,arcface-7972a704552df378345f,20260829-R001-81149bc4,step4_search_space_query_gallery_conditions_v6,validation_required,True,pq,pq_512_m128_b8,pq_adc_exhaustive,origin_float32,pq_code,squared_l2_asymmetric,recalibrated_compressed,0.2,negative_squared_l2_adc,0.0106581930722,0.181285733062,0.745633363724,-0.532887876034,0.0247918838853,0.0243450341757,0.981975967957,0.168478890489,0.161279645168,21991,121736,0.1806450023,22069,121736,0.181285733062,0.17849392663,0.182816232245,0.179131654689,0.183459925272,0.0100451236593,0.0116975560357,0.00986996679005,0.0115086362882,0.000640730761648,-4.94923440888e-05,0.00138003548663,-0.000182049881668,-0.000579663373219,0.00019859987091,128,524288,3000,908288,302.762666667,0.103055492729,9703.50995876,1418,0.00778440812697,1503,0.00825103343782
survface,arcface-7972a704552df378345f,20260829-R001-81149bc4,step4_search_space_query_gallery_conditions_v6,validation_required,True,pq,pq_512_m8_b8,pq_one_sided_cosine,origin_float32,pq_reconstructed_float32,cosine_similarity,frozen_origin,0.2,cosine_similarity,0.00226734852622,0.137099953999,0.745633363724,0.745633363724,0.0247918838853,0.00892044420171,0.359813084112,0.168478890489,0.0787282988266,21991,121736,0.1806450023,16690,121736,0.137099953999,0.17849392663,0.182816232245,0.13517926669,0.13904354368,0.0100451236593,0.0116975560357,0.00191844552918,0.00267953530373,-0.0435450483012,-0.0449250837879,-0.0421483784583,-0.00857289442762,-0.00935074392202,-0.00776194495474,8,524288,3000,548288,182.762666667,0.215268418799,4645.36324269,10142,0.0556766341493,1659,0.00910742812598
survface,arcface-7972a704552df378345f,20260829-R001-81149bc4,step4_search_space_query_gallery_conditions_v6,validation_required,True,pq,pq_512_m16_b8,pq_one_sided_cosine,origin_float32,pq_reconstructed_float32,cosine_similarity,frozen_origin,0.2,cosine_similarity,0.00215149860153,0.10180226063,0.745633363724,0.745633363724,0.0247918838853,0.00855634443838,0.345126835781,0.168478890489,0.104728331927,21991,121736,0.1806450023,12393,121736,0.10180226063,0.17849392663,0.182816232245,0.100116158439,0.103513492805,0.0100451236593,0.0116975560357,0.00181236139115,0.002553934322,-0.0788427416705,-0.0803792633239,-0.077240709404,-0.00868874435232,-0.0094504576072,-0.00789393111894,16,524288,3000,572288,190.762666667,0.214224783843,4667.99397372,15394,0.0845085886506,238,0.00130655087039
survface,arcface-7972a704552df378345f,20260829-R001-81149bc4,step4_search_space_query_gallery_conditions_v6,validation_required,True,pq,pq_512_m32_b8,pq_one_sided_cosine,origin_float32,pq_reconstructed_float32,cosine_similarity,frozen_origin,0.2,cosine_similarity,0.00306174800986,0.0806170730104,0.745633363724,0.745633363724,0.0247918838853,0.00809294473959,0.326435246996,0.168478890489,0.133757013058,21991,121736,0.1806450023,9814,121736,0.0806170730104,0.17849392663,0.182816232245,0.0791009465385,0.0821596664504,0.0100451236593,0.0116975560357,0.00265170187526,0.0035349769217,-0.10002792929,-0.101662614182,-0.0983437520536,-0.00777849494398,-0.00852324445989,-0.00704988166758,32,524288,3000,620288,206.762666667,0.211208448114,4734.65909593,19149,0.105122447971,24,0.000131753028947
survface,arcface-7972a704552df378345f,20260829-R001-81149bc4,step4_search_space_query_gallery_conditions_v6,validation_required,True,pq,pq_512_m64_b8,pq_one_sided_cosine,origin_float32,pq_reconstructed_float32,cosine_similarity,frozen_origin,0.2,cosine_similarity,0.00436919716002,0.0859236380364,0.745633363724,0.745633363724,0.0247918838853,0.0100789434487,0.406542056075,0.168478890489,0.153633550138,21991,121736,0.1806450023,10460,121736,0.0859236380364,0.17849392663,0.182816232245,0.0843623795866,0.0875110285606,0.0100451236593,0.0116975560357,0.00387388662566,0.00492752423715,-0.0947213642637,-0.0962987530394,-0.0931113228626,-0.00647104579382,-0.00713304536352,-0.00580904622412,64,524288,3000,716288,238.762666667,0.207009113467,4830.70519579,17972,0.0986610598433,3,1.64691286184e-05
survface,arcface-7972a704552df378345f,20260829-R001-81149bc4,step4_search_space_query_gallery_conditions_v6,validation_required,True,pq,pq_512_m128_b8,pq_one_sided_cosine,origin_float32,pq_reconstructed_float32,cosine_similarity,frozen_origin,0.2,cosine_similarity,0.00863909438459,0.141248274956,0.745633363724,0.745633363724,0.0247918838853,0.0186021879086,0.750333778371,0.168478890489,0.165450242457,21991,121736,0.1806450023,17195,121736,0.141248274956,0.17849392663,0.182816232245,0.139303164931,0.143216025554,0.0100451236593,0.0116975560357,0.0079317947273,0.00940886769231,-0.0393967273444,-0.0404481829533,-0.0382875648945,-0.00220114856925,-0.00268109825729,-0.00168809890274,128,524288,3000,908288,302.762666667,0.208219922156,4802.61441675,7449,0.0408928463595,14,7.68559335526e-05
survface,arcface-7972a704552df378345f,20260829-R001-81149bc4,step4_search_space_query_gallery_conditions_v6,validation_required,True,pq,pq_512_m8_b8,pq_one_sided_cosine,origin_float32,pq_reconstructed_float32,cosine_similarity,recalibrated_compressed,0.2,cosine_similarity,0.00278039819274,0.171469409213,0.745633363724,0.732756376266,0.0247918838853,0.0117339423729,0.473297730307,0.168478890489,0.0787282988266,21991,121736,0.1806450023,20874,121736,0.171469409213,0.17849392663,0.182816232245,0.169362465485,0.173597086282,0.0100451236593,0.0116975560357,0.00239098093935,0.00323303399535,-0.00917559308668,-0.0104652691069,-0.007803772097,-0.0080598447611,-0.00885424424474,-0.00726544527746,8,524288,3000,548288,182.762666667,0.215268418799,4645.36324269,5992,0.0328943395605,3952,0.0216953321
survface,arcface-7972a704552df378345f,20260829-R001-81149bc4,step4_search_space_query_gallery_conditions_v6,validation_required,True,pq,pq_512_m16_b8,pq_one_sided_cosine,origin_float32,pq_reconstructed_float32,cosine_similarity,recalibrated_compressed,0.2,cosine_similarity,0.00360789765487,0.171715844122,0.745633363724,0.717050552368,0.0247918838853,0.0151928901246,0.612817089453,0.168478890489,0.104728331927,21991,121736,0.1806450023,20904,121736,0.171715844122,0.17849392663,0.182816232245,0.169607686868,0.173844719162,0.0100451236593,0.0116975560357,0.003160361641,0.00411854700625,-0.00892915817835,-0.0100956167444,-0.00765570578958,-0.00723234529898,-0.00799364480413,-0.00648759578306,16,524288,3000,572288,190.762666667,0.214224783843,4667.99397372,5330,0.0292601518454,3294,0.018083103223
survface,arcface-7972a704552df378345f,20260829-R001-81149bc4,step4_search_space_query_gallery_conditions_v6,validation_required,True,pq,pq_512_m32_b8,pq_one_sided_cosine,origin_float32,pq_reconstructed_float32,cosine_similarity,recalibrated_compressed,0.2,cosine_similarity,0.00605729606276,0.174878425445,0.745633363724,0.705611228943,0.0247918838853,0.0185856379193,0.749666221629,0.168478890489,0.133757013058,21991,121736,0.1806450023,21289,121736,0.174878425445,0.17849392663,0.182816232245,0.172754834811,0.177022534279,0.0100451236593,0.0116975560357,0.00546923894884,0.00670815508759,-0.00576657685483,-0.00681823782612,-0.00466562890189,-0.00478294689108,-0.00546149645003,-0.0041370835609,32,524288,3000,620288,206.762666667,0.211208448114,4734.65909593,4112,0.0225736856263,2733,0.0150033761714
survface,arcface-7972a704552df378345f,20260829-R001-81149bc4,step4_search_space_query_gallery_conditions_v6,validation_required,True,pq,pq_512_m64_b8,pq_one_sided_cosine,origin_float32,pq_reconstructed_float32,cosine_similarity,recalibrated_compressed,0.2,cosine_similarity,0.0080598447611,0.179404613261,0.745633363724,0.709736526012,0.0247918838853,0.0216142859507,0.871829105474,0.168478890489,0.153633550138,21991,121736,0.1806450023,21840,121736,0.179404613261,0.17849392663,0.182816232245,0.177259379322,0.181570079756,0.0100451236593,0.0116975560357,0.00737751539119,0.00880472142963,-0.00124038903858,-0.00211112571466,-0.00031215088388,-0.00278039819274,-0.00332654783774,-0.00225079853698,64,524288,3000,716288,238.762666667,0.207009113467,4830.70519579,2534,0.013910923973,2150,0.0118028755099
survface,arcface-7972a704552df378345f,20260829-R001-81149bc4,step4_search_space_query_gallery_conditions_v6,validation_required,True,pq,pq_512_m128_b8,pq_one_sided_cosine,origin_float32,pq_reconstructed_float32,cosine_similarity,recalibrated_compressed,0.2,cosine_similarity,0.010575443126,0.18024249195,0.745633363724,0.732317566872,0.0247918838853,0.0241133343263,0.972630173565,0.168478890489,0.165450242457,21991,121736,0.1806450023,21942,121736,0.18024249195,0.17849392663,0.182816232245,0.178093307767,0.182411855809,0.0100451236593,0.0116975560357,0.00979037006414,0.0114227436429,-0.000402510350266,-0.00107609909969,0.000320365380824,-0.00026479982788,-0.0006619995697,0.00013239991394,128,524288,3000,908288,302.762666667,0.208219922156,4802.61441675,1393,0.00764716538848,1333,0.00731778281611
survface,arcface-7972a704552df378345f,20260829-R001-81149bc4,step4_search_space_query_gallery_conditions_v6,validation_required,True,pq,pq_512_m8_b8,pq_reconstruction_cosine,pq_reconstructed_float32,pq_reconstructed_float32,cosine_similarity,frozen_origin,0.2,cosine_similarity,0.006619995697,0.791359992114,0.745633363724,0.745633363724,0.0247918838853,0.0472171193089,1.90453938585,0.168478890489,0.0665144067656,21991,121736,0.1806450023,96337,121736,0.791359992114,0.17849392663,0.182816232245,0.789068244204,0.793633352495,0.0100451236593,0.0116975560357,0.0060040243854,0.00729869737557,0.610714989814,0.607954918841,0.613565625616,-0.00422024725684,-0.00508084669745,-0.00334309782699,8,524288,3000,548288,182.762666667,0.218260735401,4581.6761231,22,0.000120773609868,110635,0.607354014899
survface,arcface-7972a704552df378345f,20260829-R001-81149bc4,step4_search_space_query_gallery_conditions_v6,validation_required,True,pq,pq_512_m16_b8,pq_reconstruction_cosine,pq_reconstructed_float32,pq_reconstructed_float32,cosine_similarity,frozen_origin,0.2,cosine_similarity,0.00670274564322,0.532603338372,0.745633363724,0.745633363724,0.0247918838853,0.0370057759462,1.49265687583,0.168478890489,0.0915048905218,21991,121736,0.1806450023,64837,121736,0.532603338372,0.17849392663,0.182816232245,0.52979961032,0.535405008849,0.0100451236593,0.0116975560357,0.00608277254294,0.00738543858929,0.351958336071,0.349345715318,0.354636467438,-0.00413749731063,-0.00496499677275,-0.00334309782699,16,524288,3000,572288,190.762666667,0.221513718235,4514.39309478,152,0.000834435849999,64429,0.353696495918
survface,arcface-7972a704552df378345f,20260829-R001-81149bc4,step4_search_space_query_gallery_conditions_v6,validation_required,True,pq,pq_512_m32_b8,pq_reconstruction_cosine,pq_reconstructed_float32,pq_reconstructed_float32,cosine_similarity,frozen_origin,0.2,cosine_similarity,0.0051801466329,0.218382401262,0.745633363724,0.745633363724,0.0247918838853,0.0191648875428,0.77303070761,0.168478890489,0.121195571223,21991,121736,0.1806450023,26585,121736,0.218382401262,0.17849392663,0.182816232245,0.216070470636,0.220712104581,0.0100451236593,0.0116975560357,0.00463837021066,0.00578483649045,0.0377373989617,0.0361684300453,0.0393885128475,-0.00566009632094,-0.00635519586912,-0.00496458302302,32,524288,3000,620288,206.762666667,0.217249736219,4602.99753363,4267,0.0234245906049,10996,0.060364846096
survface,arcface-7972a704552df378345f,20260829-R001-81149bc4,step4_search_space_query_gallery_conditions_v6,validation_required,True,pq,pq_512_m64_b8,pq_reconstruction_cosine,pq_reconstructed_float32,pq_reconstructed_float32,cosine_similarity,frozen_origin,0.2,cosine_similarity,0.00332654783774,0.0905648288099,0.745633363724,0.745633363724,0.0247918838853,0.00910249408338,0.367156208278,0.168478890489,0.147394204194,21991,121736,0.1806450023,11025,121736,0.0905648288099,0.17849392663,0.182816232245,0.0889655765629,0.0921899202289,0.0100451236593,0.0116975560357,0.00289793876662,0.00381830601836,-0.0900801734902,-0.0917232782414,-0.0885023739896,-0.0075136951161,-0.00825844463201,-0.00678549558943,64,524288,3000,716288,238.762666667,0.205872015108,4857.38675787,17339,0.0951860737048,136,0.000746600497368
survface,arcface-7972a704552df378345f,20260829-R001-81149bc4,step4_search_space_query_gallery_conditions_v6,validation_required,True,pq,pq_512_m128_b8,pq_reconstruction_cosine,pq_reconstructed_float32,pq_reconstructed_float32,cosine_similarity,frozen_origin,0.2,cosine_similarity,0.00787779487943,0.131193730696,0.745633363724,0.745633363724,0.0247918838853,0.017063038909,0.688251001335,0.168478890489,0.165566092382,21991,121736,0.1806450023,15971,121736,0.131193730696,0.17849392663,0.182816232245,0.129308846116,0.133101890385,0.0100451236593,0.0116975560357,0.00720350150412,0.00861465869994,-0.0494512716041,-0.0507493674837,-0.0482928221726,-0.00296244807441,-0.0034924614799,-0.00244939840789,128,524288,3000,908288,302.762666667,0.211499897342,4728.13468264,9436,0.0518008992144,73,0.000400748796381
survface,arcface-7972a704552df378345f,20260829-R001-81149bc4,step4_search_space_query_gallery_conditions_v6,validation_required,True,pq,pq_512_m8_b8,pq_reconstruction_cosine,pq_reconstructed_float32,pq_reconstructed_float32,cosine_similarity,recalibrated_compressed,0.2,cosine_similarity,0.00206874865531,0.179010317408,0.745633363724,0.88053882122,0.0247918838853,0.00587524618109,0.236982643525,0.168478890489,0.0665144067656,21991,121736,0.1806450023,21792,121736,0.179010317408,0.17849392663,0.182816232245,0.176866948439,0.181173943815,0.0100451236593,0.0116975560357,0.00173674873011,0.00246405761178,-0.0016346848919,-0.00353284977328,0.000411135572058,-0.00877149429853,-0.0096155437499,-0.00796054482565,8,524288,3000,548288,182.762666667,0.218260735401,4581.6761231,12173,0.0668262342239,10935,0.0600299738141
survface,arcface-7972a704552df378345f,20260829-R001-81149bc4,step4_search_space_query_gallery_conditions_v6,validation_required,True,pq,pq_512_m16_b8,pq_reconstruction_cosine,pq_reconstructed_float32,pq_reconstructed_float32,cosine_similarity,recalibrated_compressed,0.2,cosine_similarity,0.00254869834335,0.17432805415,0.745633363724,0.819722592831,0.0247918838853,0.0109395428893,0.441255006676,0.168478890489,0.0915048905218,21991,121736,0.1806450023,21222,121736,0.17432805415,0.17849392663,0.182816232245,0.172207130753,0.17646953048,0.0100451236593,0.0116975560357,0.00217706916719,0.00298357552798,-0.0063169481501,-0.00803377801143,-0.00455083130709,-0.0082915446105,-0.00910249408338,-0.00751328136637,16,524288,3000,572288,190.762666667,0.221513718235,4514.39309478,9969,0.054726914399,8136,0.0446642768131
survface,arcface-7972a704552df378345f,20260829-R001-81149bc4,step4_search_space_query_gallery_conditions_v6,validation_required,True,pq,pq_512_m32_b8,pq_reconstruction_cosine,pq_reconstructed_float32,pq_reconstructed_float32,cosine_similarity,recalibrated_compressed,0.2,cosine_similarity,0.00438574714926,0.173580534928,0.745633363724,0.757734000683,0.0247918838853,0.0146632904689,0.591455273698,0.168478890489,0.121195571223,21991,121736,0.1806450023,21131,121736,0.173580534928,0.17849392663,0.182816232245,0.171463246676,0.175718423288,0.0100451236593,0.0116975560357,0.0038894467393,0.00494506199776,-0.00706446737202,-0.00858476539397,-0.0055035075902,-0.00645449580458,-0.00718269533125,-0.00574284626715,32,524288,3000,620288,206.762666667,0.217249736219,4602.99753363,7677,0.0421445001345,5934,0.0325759364072
survface,arcface-7972a704552df378345f,20260829-R001-81149bc4,step4_search_space_query_gallery_conditions_v6,validation_required,True,pq,pq_512_m64_b8,pq_reconstruction_cosine,pq_reconstructed_float32,pq_reconstructed_float32,cosine_similarity,recalibrated_compressed,0.2,cosine_similarity,0.00632209589064,0.17739206151,0.745633363724,0.717217504978,0.0247918838853,0.0185194379624,0.74699599466,0.168478890489,0.147394204194,21991,121736,0.1806450023,21595,121736,0.17739206151,0.17849392663,0.182816232245,0.175256387389,0.179548095197,0.0100451236593,0.0116975560357,0.00572074569168,0.00698621433277,-0.00325294078991,-0.00446088256555,-0.00194663041335,-0.0045181470632,-0.00519711037188,-0.00387269748275,64,524288,3000,716288,238.762666667,0.205872015108,4857.38675787,4993,0.0274101197306,4065,0.0223156692779
survface,arcface-7972a704552df378345f,20260829-R001-81149bc4,step4_search_space_query_gallery_conditions_v6,validation_required,True,pq,pq_512_m128_b8,pq_reconstruction_cosine,pq_reconstructed_float32,pq_reconstructed_float32,cosine_similarity,recalibrated_compressed,0.2,cosine_similarity,0.00969829369611,0.179503187225,0.745633363724,0.729844987392,0.0247918838853,0.0229548350794,0.925901201602,0.168478890489,0.165566092382,21991,121736,0.1806450023,21852,121736,0.179503187225,0.17849392663,0.182816232245,0.177357487646,0.181669113137,0.0100451236593,0.0116975560357,0.008947457649,0.0105114687227,-0.00114181507524,-0.00199612275744,-0.000204951698758,-0.00114194925773,-0.00160534895652,-0.0006619995697,128,524288,3000,908288,302.762666667,0.211499897342,4728.13468264,2405,0.0132027514424,2134,0.0117150401572
survface,arcface-7972a704552df378345f,20260829-R001-81149bc4,step4_search_space_query_gallery_conditions_v6,validation_required,True,pq,pq_512_m128_b8,pq_sdc_exhaustive,pq_code,pq_code,squared_l2_symmetric,recalibrated_compressed,0.2,negative_squared_l2_sdc,0.0102113433626,0.180891437208,0.745633363724,-0.526490807533,0.0247918838853,0.0234844347351,0.947263017356,0.168478890489,0.16124654519,21991,121736,0.1806450023,22021,121736,0.180891437208,0.17849392663,0.182816232245,0.178739205457,0.183063807682,0.0100451236593,0.0116975560357,0.00944029765983,0.0110446628136,0.000246434908326,-0.000640730761648,0.00119130741933,-0.000628899591215,-0.00110884927925,-0.000148949903183,128,524288,3000,908288,302.762666667,0.137781572692,7257.86460745,2511,0.0137846606536,2469,0.0135540928529
survface,arcface-7972a704552df378345f,20260829-R001-81149bc4,step4_search_space_query_gallery_conditions_v6,validation_required,True,pca,pca_32,pca_direct_cosine,pca_projected_float32,pca_projected_float32,cosine_similarity,frozen_origin,0.3,cosine_similarity,0.00729854525595,0.221643556549,0.719288289547,0.719288289547,0.037055425914,0.0106912930507,0.288521661456,0.168478890489,0.0794730483425,32920,121736,0.270421239403,26982,121736,0.221643556549,0.267933371674,0.27292359569,0.219319141858,0.223985538123,0.013463026413,0.0153625983718,0.00665047181683,0.00800926278843,-0.0487776828547,-0.0514966813432,-0.0458527058553,-0.00708339539579,-0.00797709481489,-0.00622279595518,128,0,3000,451584,150.528,0.200033600865,4999.16011947,27100,0.14877112852,16394,0.08999829819
survface,arcface-7972a704552df378345f,20260829-R001-81149bc4,step4_search_space_query_gallery_conditions_v6,validation_required,True,pca,pca_64,pca_direct_cosine,pca_projected_float32,pca_projected_float32,cosine_similarity,frozen_origin,0.3,cosine_similarity,0.00387269748275,0.0466172701584,0.719288289547,0.719288289547,0.037055425914,0.00455124704169,0.1228226887,0.168478890489,0.0991344355626,32920,121736,0.270421239403,5675,121736,0.0466172701584,0.267933371674,0.27292359569,0.0454472526504,0.0478159003385,0.013463026413,0.0153625983718,0.00340801490814,0.00440045972713,-0.223803969245,-0.226145511599,-0.221454623119,-0.010509243169,-0.0114360425666,-0.00959899376065,256,0,3000,901120,300.373333333,0.199930963609,5001.72650574,42889,0.235448152438,506,0.00277779302697
survface,arcface-7972a704552df378345f,20260829-R001-81149bc4,step4_search_space_query_gallery_conditions_v6,validation_required,True,pca,pca_128,pca_direct_cosine,pca_projected_float32,pca_projected_float32,cosine_similarity,frozen_origin,0.3,cosine_similarity,0.00185359879516,0.0186469080634,0.719288289547,0.719288289547,0.037055425914,0.00193634874137,0.0522554711925,0.168478890489,0.112622676795,32920,121736,0.270421239403,2270,121736,0.0186469080634,0.267933371674,0.27292359569,0.0179020603554,0.0194221336337,0.013463026413,0.0153625983718,0.00154085219987,0.00222968177676,-0.25177433134,-0.254271949136,-0.249383912729,-0.0125283418566,-0.0134716912434,-0.0116346424375,512,0,3000,1800192,600.064,0.209741870564,4767.76524074,47669,0.261688964037,36,0.000197629543421
survface,arcface-7972a704552df378345f,20260829-R001-81149bc4,step4_search_space_query_gallery_conditions_v6,validation_required,True,pca,pca_256,pca_direct_cosine,pca_projected_float32,pca_projected_float32,cosine_similarity,frozen_origin,0.3,cosine_similarity,0.000910249408338,0.0101038312414,0.719288289547,0.719288289547,0.037055425914,0.00092679939758,0.025011165699,0.168478890489,0.121609320954,32920,121736,0.270421239403,1230,121736,0.0101038312414,0.267933371674,0.27292359569,0.00955729281438,0.0106812866785,0.013463026413,0.0153625983718,0.000699448328667,0.00118450681564,-0.260317408162,-0.262781962608,-0.257894131563,-0.0134716912434,-0.0144481406087,-0.0125448918458,1024,0,3000,3598336,1199.44533333,0.193919874395,5156.76901668,49237,0.270296828595,14,7.68559335526e-05
survface,arcface-7972a704552df378345f,20260829-R001-81149bc4,step4_search_space_query_gallery_conditions_v6,validation_required,True,pca,pca_384,pca_direct_cosine,pca_projected_float32,pca_projected_float32,cosine_similarity,frozen_origin,0.3,cosine_similarity,0.000844049451368,0.00973417887889,0.719288289547,0.719288289547,0.037055425914,0.00086059944061,0.0232246538633,0.168478890489,0.121989970707,32920,121736,0.270421239403,1185,121736,0.00973417887889,0.267933371674,0.27292359569,0.0091979171796,0.0103013809169,0.013463026413,0.0153625983718,0.000642073423591,0.00110949022371,-0.260687060524,-0.263143195111,-0.258271587698,-0.0135378912004,-0.0145143405657,-0.012627641792,1536,0,3000,5396480,1798.82666667,0.21549398767,4640.50069708,49308,0.270686597972,12,6.58765144736e-05
survface,arcface-7972a704552df378345f,20260829-R001-81149bc4,step4_search_space_query_gallery_conditions_v6,validation_required,True,pca,pca_32,pca_direct_cosine,pca_projected_float32,pca_projected_float32,cosine_similarity,recalibrated_compressed,0.3,cosine_similarity,0.00839084454595,0.302022409148,0.719288289547,0.699772000313,0.037055425914,0.0135047912219,0.364448414471,0.168478890489,0.0794730483425,32920,121736,0.270421239403,36767,121736,0.302022409148,0.267933371674,0.27292359569,0.299449525731,0.304607786794,0.013463026413,0.0153625983718,0.00769413827309,0.00915005603275,0.0316011697444,0.0286597637511,0.0344444124992,-0.00599109610579,-0.00690134551413,-0.00514663290469,128,0,3000,451584,150.528,0.200033600865,4999.16011947,21569,0.118407545057,25455,0.139740556327
survface,arcface-7972a704552df378345f,20260829-R001-81149bc4,step4_search_space_query_gallery_conditions_v6,validation_required,True,pca,pca_64,pca_direct_cosine,pca_projected_float32,pca_projected_float32,cosine_similarity,recalibrated_compressed,0.3,cosine_similarity,0.0130413915231,0.298498389959,0.719288289547,0.601363241673,0.037055425914,0.0224748853913,0.6065207682,0.168478890489,0.0991344355626,32920,121736,0.270421239403,36338,121736,0.298498389959,0.267933371674,0.27292359569,0.295934243667,0.301075252878,0.013463026413,0.0153625983718,0.0121672439265,0.0139774530439,0.0280771505553,0.025407233686,0.0306731369521,-0.00134054912864,-0.00218459858001,-0.000513049666518,256,0,3000,901120,300.373333333,0.199930963609,5001.72650574,17640,0.0968384762762,21295,0.116903364643
survface,arcface-7972a704552df378345f,20260829-R001-81149bc4,step4_search_space_query_gallery_conditions_v6,validation_required,True,pca,pca_128,pca_direct_cosine,pca_projected_float32,pca_projected_float32,cosine_similarity,recalibrated_compressed,0.3,cosine_similarity,0.0164672392963,0.297701583755,0.719288289547,0.531973421574,0.037055425914,0.0288962812174,0.779812416257,0.168478890489,0.112622676795,32920,121736,0.270421239403,36241,121736,0.297701583755,0.267933371674,0.27292359569,0.295139438154,0.30027649627,0.013463026413,0.0153625983718,0.015482812279,0.0175131446614,0.0272803443517,0.0249628294013,0.0297695422882,0.00208529864456,0.00127434917167,0.0029463118349,512,0,3000,1800192,600.064,0.209741870564,4767.76524074,15148,0.0831581201039,18892,0.10371159262
survface,arcface-7972a704552df378345f,20260829-R001-81149bc4,step4_search_space_query_gallery_conditions_v6,validation_required,True,pca,pca_256,pca_direct_cosine,pca_projected_float32,pca_projected_float32,cosine_similarity,recalibrated_compressed,0.3,cosine_similarity,0.0187345878225,0.29508115923,0.719288289547,0.487876832485,0.037055425914,0.0334806282376,0.903528360875,0.168478890489,0.121609320954,32920,121736,0.270421239403,35922,121736,0.29508115923,0.267933371674,0.27292359569,0.292525659101,0.297649591645,0.013463026413,0.0153625983718,0.0176836933369,0.0198466723759,0.0246599198265,0.0222939393442,0.0269766133272,0.00435264717078,0.0035416976979,0.00519669662215,1024,0,3000,3598336,1199.44533333,0.193919874395,5156.76901668,13828,0.0759117035118,17505,0.0960973654884
survface,arcface-7972a704552df378345f,20260829-R001-81149bc4,step4_search_space_query_gallery_conditions_v6,validation_required,True,pca,pca_384,pca_direct_cosine,pca_projected_float32,pca_projected_float32,cosine_similarity,recalibrated_compressed,0.3,cosine_similarity,0.0188007877795,0.294539002431,0.719288289547,0.485702514648,0.037055425914,0.03364612813,0.907994640464,0.168478890489,0.121989970707,32920,121736,0.270421239403,35856,121736,0.294539002431,0.267933371674,0.27292359569,0.291984889893,0.297106081472,0.013463026413,0.0153625983718,0.0177480181734,0.0199147390364,0.0241177630282,0.0217355589144,0.0264753236512,0.00441884712775,0.00359134766562,0.00526331032885,1536,0,3000,5396480,1798.82666667,0.21549398767,4640.50069708,13816,0.0758458269973,17434,0.0957075961111
survface,arcface-7972a704552df378345f,20260829-R001-81149bc4,step4_search_space_query_gallery_conditions_v6,validation_required,True,pca,pca_32,pca_reconstruction_cosine,pca_reconstructed_float32,pca_reconstructed_float32,cosine_similarity,frozen_origin,0.3,cosine_similarity,0.0197275871771,0.873020306236,0.719288289547,0.719288289547,0.037055425914,0.0890223921354,2.40241179098,0.168478890489,0.113797726031,32920,121736,0.270421239403,106278,121736,0.873020306236,0.267933371674,0.27292359569,0.871138199698,0.87487887172,0.013463026413,0.0153625983718,0.018648923549,0.0208673146189,0.602599066833,0.599863433988,0.605244134849,0.00534564652533,0.00435264717078,0.00640484583685,128,0,3000,451584,150.528,0.212427065366,4707.49806894,0,0,108639,0.596396554658
survface,arcface-7972a704552df378345f,20260829-R001-81149bc4,step4_search_space_query_gallery_conditions_v6,validation_required,True,pca,pca_64,pca_reconstruction_cosine,pca_reconstructed_float32,pca_reconstructed_float32,cosine_similarity,frozen_origin,0.3,cosine_similarity,0.020406136736,0.61473187882,0.719288289547,0.719288289547,0.037055425914,0.0710491038181,1.9173738276,0.168478890489,0.142876057131,32920,121736,0.270421239403,74835,121736,0.61473187882,0.267933371674,0.27292359569,0.611994522878,0.617461994112,0.013463026413,0.0153625983718,0.0193089209101,0.0215643301021,0.344310639416,0.341533934087,0.346906420451,0.00602419608427,0.00513049666518,0.0069675454711,256,0,3000,901120,300.373333333,0.203111463611,4923.40502215,0,0,62926,0.345445462481
survface,arcface-7972a704552df378345f,20260829-R001-81149bc4,step4_search_space_query_gallery_conditions_v6,validation_required,True,pca,pca_128,pca_reconstruction_cosine,pca_reconstructed_float32,pca_reconstructed_float32,cosine_similarity,frozen_origin,0.3,cosine_similarity,0.0174767886401,0.402608924229,0.719288289547,0.719288289547,0.037055425914,0.0507919169853,1.3707012059,0.168478890489,0.159111596577,32920,121736,0.270421239403,49012,121736,0.402608924229,0.267933371674,0.27292359569,0.399857115005,0.405366879738,0.013463026413,0.0153625983718,0.0164622081216,0.0185527191481,0.132187684826,0.13032299402,0.134151360321,0.00309484798835,0.00251559836486,0.00369064760108,512,0,3000,1800192,600.064,0.200725369046,4981.93130621,0,0,24469,0.134327702721
survface,arcface-7972a704552df378345f,20260829-R001-81149bc4,step4_search_space_query_gallery_conditions_v6,validation_required,True,pca,pca_256,pca_reconstruction_cosine,pca_reconstructed_float32,pca_reconstructed_float32,cosine_similarity,frozen_origin,0.3,cosine_similarity,0.0145143405657,0.27674640205,0.719288289547,0.719288289547,0.037055425914,0.0377505254622,1.01875837427,0.168478890489,0.167949290833,32920,121736,0.270421239403,33690,121736,0.27674640205,0.267933371674,0.27292359569,0.274240289139,0.279266604343,0.013463026413,0.0153625983718,0.0135911249596,0.0154992828192,0.00632516264704,0.00586515081816,0.00678517447592,0.00013239991394,-1.65499892425e-05,0.000281349817123,1024,0,3000,3598336,1199.44533333,0.200261578072,4993.46908992,0,0,1154,0.00633512480855
survface,arcface-7972a704552df378345f,20260829-R001-81149bc4,step4_search_space_query_gallery_conditions_v6,validation_required,True,pca,pca_384,pca_reconstruction_cosine,pca_reconstructed_float32,pca_reconstructed_float32,cosine_similarity,frozen_origin,0.3,cosine_similarity,0.0143819406517,0.270470526385,0.719288289547,0.719288289547,0.037055425914,0.037055425914,1,0.168478890489,0.168478890489,32920,121736,0.270421239403,32926,121736,0.270470526385,0.267933371674,0.27292359569,0.267982514026,0.272973024191,0.013463026413,0.0153625983718,0.013463026413,0.0153625983718,4.92869816652e-05,1.64289938884e-05,9.03594663863e-05,0,0,0,1536,0,3000,5396480,1798.82666667,0.207091489852,4828.78364878,0,0,13,7.13662240131e-05
survface,arcface-7972a704552df378345f,20260829-R001-81149bc4,step4_search_space_query_gallery_conditions_v6,validation_required,True,pca,pca_32,pca_reconstruction_cosine,pca_reconstructed_float32,pca_reconstructed_float32,cosine_similarity,recalibrated_compressed,0.3,cosine_similarity,0.00799364480413,0.279761122429,0.719288289547,0.853590488434,0.037055425914,0.0194627873492,0.525234479678,0.168478890489,0.113797726031,32920,121736,0.270421239403,34057,121736,0.279761122429,0.267933371674,0.27292359569,0.277246535047,0.282289608935,0.013463026413,0.0153625983718,0.00731422678798,0.00873561853583,0.00933988302556,0.00746677235986,0.0112374318197,-0.00638829584761,-0.00714959535276,-0.00565968257121,128,0,3000,451584,150.528,0.212427065366,4707.49806894,9367,0.0514221092562,10589,0.0581305343134
survface,arcface-7972a704552df378345f,20260829-R001-81149bc4,step4_search_space_query_gallery_conditions_v6,validation_required,True,pca,pca_64,pca_reconstruction_cosine,pca_reconstructed_float32,pca_reconstructed_float32,cosine_similarity,recalibrated_compressed,0.3,cosine_similarity,0.0107078430399,0.27456956036,0.719288289547,0.795449912548,0.037055425914,0.0283335815832,0.764627065654,0.168478890489,0.142876057131,32920,121736,0.270421239403,33425,121736,0.27456956036,0.267933371674,0.27292359569,0.272069655147,0.277083692334,0.013463026413,0.0153625983718,0.00991773087217,0.0115601658288,0.00414832095682,0.00280114345797,0.00557764342512,-0.00367409761184,-0.00425334723532,-0.00312794796683,256,0,3000,901120,300.373333333,0.203111463611,4923.40502215,5029,0.027607749274,5555,0.0304953364917
survface,arcface-7972a704552df378345f,20260829-R001-81149bc4,step4_search_space_query_gallery_conditions_v6,validation_required,True,pca,pca_128,pca_reconstruction_cosine,pca_reconstructed_float32,pca_reconstructed_float32,cosine_similarity,recalibrated_compressed,0.3,cosine_similarity,0.0129420915876,0.273559177236,0.719288289547,0.7513204813,0.037055425914,0.0336792281085,0.908887896382,0.168478890489,0.159111596577,32920,121736,0.270421239403,33302,121736,0.273559177236,0.267933371674,0.27292359569,0.271062178734,0.276070466262,0.013463026413,0.0153625983718,0.0120713531504,0.0138747565746,0.00313793783269,0.00230827364132,0.00405816685286,-0.0014398490641,-0.00185359879516,-0.00104264932228,512,0,3000,1800192,600.064,0.200725369046,4981.93130621,2078,0.011407616423,2524,0.0138560268776
survface,arcface-7972a704552df378345f,20260829-R001-81149bc4,step4_search_space_query_gallery_conditions_v6,validation_required,True,pca,pca_256,pca_reconstruction_cosine,pca_reconstructed_float32,pca_reconstructed_float32,cosine_similarity,recalibrated_compressed,0.3,cosine_similarity,0.0142329907486,0.270749819281,0.719288289547,0.720882117748,0.037055425914,0.0368568260431,0.994640464493,0.168478890489,0.167949290833,32920,121736,0.270421239403,32960,121736,0.270749819281,0.267933371674,0.27292359569,0.268260988084,0.273253118299,0.013463026413,0.0153625983718,0.01331894027,0.0152088036465,0.000328579877768,8.21449694421e-05,0.00056680028915,-0.000148949903183,-0.000265213577611,-3.3099978485e-05,1024,0,3000,3598336,1199.44533333,0.200261578072,4993.46908992,156,0.000856394688157,210,0.00115283900329
survface,arcface-7972a704552df378345f,20260829-R001-81149bc4,step4_search_space_query_gallery_conditions_v6,validation_required,True,pca,pca_384,pca_reconstruction_cosine,pca_reconstructed_float32,pca_reconstructed_float32,cosine_similarity,recalibrated_compressed,0.3,cosine_similarity,0.0143819406517,0.270413024906,0.719288289547,0.719312667847,0.037055425914,0.037055425914,1,0.168478890489,0.168478890489,32920,121736,0.270421239403,32919,121736,0.270413024906,0.267933371674,0.27292359569,0.267925181286,0.272915357602,0.013463026413,0.0153625983718,0.013463026413,0.0153625983718,-8.21449694421e-06,-4.1072484721e-05,1.64289938884e-05,0,0,0,1536,0,3000,5396480,1798.82666667,0.207091489852,4828.78364878,2,1.09794190789e-05,1,5.48970953947e-06
survface,arcface-7972a704552df378345f,20260829-R001-81149bc4,step4_search_space_query_gallery_conditions_v6,validation_required,True,pq,pq_512_m8_b8,pq_adc_exhaustive,origin_float32,pq_code,squared_l2_asymmetric,recalibrated_compressed,0.3,negative_squared_l2_adc,0.00388924747199,0.260407767628,0.719288289547,-0.508564174175,0.037055425914,0.0178905383712,0.482804823582,0.168478890489,0.0692948049584,32920,121736,0.270421239403,31701,121736,0.260407767628,0.267933371674,0.27292359569,0.257950100937,0.26288055482,0.013463026413,0.0153625983718,0.00342351312683,0.0044180593827,-0.010013471775,-0.011467848459,-0.00852664782809,-0.0104926931797,-0.0113868063486,-0.00958244377141,8,524288,3000,548288,182.762666667,0.00924899401074,108119.866749,7252,0.0398113735802,5131,0.028167699647
survface,arcface-7972a704552df378345f,20260829-R001-81149bc4,step4_search_space_query_gallery_conditions_v6,validation_required,True,pq,pq_512_m16_b8,pq_adc_exhaustive,origin_float32,pq_code,squared_l2_asymmetric,recalibrated_compressed,0.3,negative_squared_l2_adc,0.00478294689108,0.261245646317,0.719288289547,-0.541531085968,0.037055425914,0.0220611356603,0.595355069227,0.168478890489,0.0879466428347,32920,121736,0.270421239403,31803,121736,0.261245646317,0.267933371674,0.27292359569,0.258785389524,0.263720970732,0.013463026413,0.0153625983718,0.00426343104462,0.00536542667447,-0.00917559308668,-0.0105391995794,-0.00775407439048,-0.00959899376065,-0.0104761431905,-0.00873798057031,16,524288,3000,572288,190.762666667,0.0159114938049,62847.6504006,6416,0.0352219764052,4431,0.0243249029694
survface,arcface-7972a704552df378345f,20260829-R001-81149bc4,step4_search_space_query_gallery_conditions_v6,validation_required,True,pq,pq_512_m32_b8,pq_adc_exhaustive,origin_float32,pq_code,squared_l2_asymmetric,recalibrated_compressed,0.3,negative_squared_l2_adc,0.0080598447611,0.266642570809,0.719288289547,-0.58659607172,0.037055425914,0.0265792827235,0.71728450201,0.168478890489,0.110487728183,32920,121736,0.270421239403,32460,121736,0.266642570809,0.267933371674,0.27292359569,0.26416590782,0.269133960825,0.013463026413,0.0153625983718,0.00737751539119,0.00880472142963,-0.00377866859434,-0.00504370112374,-0.00247256358021,-0.00632209589064,-0.00709994538504,-0.00561044635321,32,524288,3000,620288,206.762666667,0.0282325539776,35420.1040683,5265,0.0289033207253,4187,0.0229854138418
survface,arcface-7972a704552df378345f,20260829-R001-81149bc4,step4_search_space_query_gallery_conditions_v6,validation_required,True,pq,pq_512_m64_b8,pq_adc_exhaustive,origin_float32,pq_code,squared_l2_asymmetric,recalibrated_compressed,0.3,negative_squared_l2_adc,0.0110388428248,0.270298021949,0.719288289547,-0.620854794979,0.037055425914,0.0315939294639,0.85261277356,0.168478890489,0.132764013703,32920,121736,0.270421239403,32905,121736,0.270298021949,0.267933371674,0.27292359569,0.267810515967,0.272800024265,0.013463026413,0.0153625983718,0.0102362715434,0.0119035826426,-0.000123217454163,-0.00114181507524,0.00102681211803,-0.00334309782699,-0.0039719974182,-0.00271419823577,64,524288,3000,716288,238.762666667,0.0424946371028,23532.3812175,3445,0.0189120493635,3298,0.0181050620612
survface,arcface-7972a704552df378345f,20260829-R001-81149bc4,step4_search_space_query_gallery_conditions_v6,validation_required,True,pq,pq_512_m128_b8,pq_adc_exhaustive,origin_float32,pq_code,squared_l2_asymmetric,recalibrated_compressed,0.3,negative_squared_l2_adc,0.0140343908776,0.271448051521,0.719288289547,-0.584186375141,0.037055425914,0.0357645267531,0.965163019205,0.168478890489,0.161279645168,32920,121736,0.270421239403,33045,121736,0.271448051521,0.267933371674,0.27292359569,0.268957178689,0.27395334811,0.013463026413,0.0153625983718,0.0131268668104,0.0150037026151,0.00102681211803,0.000246434908326,0.00182361832161,-0.000347549774093,-0.00079439948364,9.9299935455e-05,128,524288,3000,908288,302.762666667,0.103055492729,9703.50995876,1749,0.00960150198453,1881,0.0103261436437
survface,arcface-7972a704552df378345f,20260829-R001-81149bc4,step4_search_space_query_gallery_conditions_v6,validation_required,True,pq,pq_512_m8_b8,pq_one_sided_cosine,origin_float32,pq_reconstructed_float32,cosine_similarity,frozen_origin,0.3,cosine_similarity,0.0033099978485,0.211736873234,0.719288289547,0.719288289547,0.037055425914,0.0147791403936,0.398838767307,0.168478890489,0.0787282988266,32920,121736,0.270421239403,25776,121736,0.211736873234,0.267933371674,0.27292359569,0.209451041673,0.214040896883,0.013463026413,0.0153625983718,0.00288252672412,0.00380062018661,-0.0586843661694,-0.0602286915949,-0.0571314155221,-0.0110719428032,-0.0119826059613,-0.0101782433841,8,524288,3000,548288,182.762666667,0.215268418799,4645.36324269,13147,0.0721732113154,1895,0.0104029995773
survface,arcface-7972a704552df378345f,20260829-R001-81149bc4,step4_search_space_query_gallery_conditions_v6,validation_required,True,pq,pq_512_m16_b8,pq_one_sided_cosine,origin_float32,pq_reconstructed_float32,cosine_similarity,frozen_origin,0.3,cosine_similarity,0.00345894775168,0.165628901886,0.719288289547,0.719288289547,0.037055425914,0.0146632904689,0.395712371594,0.168478890489,0.104728331927,32920,121736,0.270421239403,20163,121736,0.165628901886,0.267933371674,0.27292359569,0.163551190995,0.167727714707,0.013463026413,0.0153625983718,0.00302133560747,0.00395969217152,-0.104792337517,-0.106534016232,-0.103107954919,-0.0109229929001,-0.0118663422869,-0.0100458434702,16,524288,3000,572288,190.762666667,0.214224783843,4667.99397372,20223,0.111018396017,283,0.00155358779967
survface,arcface-7972a704552df378345f,20260829-R001-81149bc4,step4_search_space_query_gallery_conditions_v6,validation_required,True,pq,pq_512_m32_b8,pq_one_sided_cosine,origin_float32,pq_reconstructed_float32,cosine_similarity,frozen_origin,0.3,cosine_similarity,0.00498154676199,0.137469606361,0.719288289547,0.719288289547,0.037055425914,0.0144150406302,0.389012952211,0.168478890489,0.133757013058,32920,121736,0.270421239403,16735,121736,0.137469606361,0.267933371674,0.27292359569,0.135546718997,0.139415372769,0.013463026413,0.0153625983718,0.00445078846467,0.00557524374543,-0.132951633042,-0.13489867418,-0.130996377407,-0.00940039388974,-0.0102444433411,-0.00857289442762,32,524288,3000,620288,206.762666667,0.211208448114,4734.65909593,25146,0.138044236079,13,7.13662240131e-05
survface,arcface-7972a704552df378345f,20260829-R001-81149bc4,step4_search_space_query_gallery_conditions_v6,validation_required,True,pq,pq_512_m64_b8,pq_one_sided_cosine,origin_float32,pq_reconstructed_float32,cosine_similarity,frozen_origin,0.3,cosine_similarity,0.00698409546034,0.151261746731,0.719288289547,0.719288289547,0.037055425914,0.0181056882313,0.488610987048,0.168478890489,0.153633550138,32920,121736,0.270421239403,18414,121736,0.151261746731,0.267933371674,0.27292359569,0.149260001859,0.153285500233,0.013463026413,0.0153625983718,0.00635070087984,0.00768017411465,-0.119159492673,-0.12097510186,-0.117286587369,-0.0073978451914,-0.00814259470731,-0.00670233189348,64,524288,3000,716288,238.762666667,0.207009113467,4830.70519579,22392,0.122925576008,1,5.48970953947e-06
survface,arcface-7972a704552df378345f,20260829-R001-81149bc4,step4_search_space_query_gallery_conditions_v6,validation_required,True,pq,pq_512_m128_b8,pq_one_sided_cosine,origin_float32,pq_reconstructed_float32,cosine_similarity,frozen_origin,0.3,cosine_similarity,0.0121807920825,0.223409673392,0.719288289547,0.719288289547,0.037055425914,0.0295417307979,0.797230906655,0.168478890489,0.165450242457,32920,121736,0.270421239403,27197,121736,0.223409673392,0.267933371674,0.27292359569,0.221078585023,0.225758217186,0.013463026413,0.0153625983718,0.0113366537787,0.0130869537307,-0.0470115660117,-0.0481944535717,-0.045795820464,-0.00220114856925,-0.00271419823577,-0.001687685153,128,524288,3000,908288,302.762666667,0.208219922156,4802.61441675,8820,0.0484192381381,30,0.000164691286184
survface,arcface-7972a704552df378345f,20260829-R001-81149bc4,step4_search_space_query_gallery_conditions_v6,validation_required,True,pq,pq_512_m8_b8,pq_one_sided_cosine,origin_float32,pq_reconstructed_float32,cosine_similarity,recalibrated_compressed,0.3,cosine_similarity,0.00393889743972,0.260637773543,0.719288289547,0.704130172729,0.037055425914,0.0184201380269,0.497096918267,0.168478890489,0.0787282988266,32920,121736,0.270421239403,31729,121736,0.260637773543,0.267933371674,0.27292359569,0.258179394684,0.263111258387,0.013463026413,0.0153625983718,0.00347002122869,0.00447084490359,-0.00978346586055,-0.0112294226852,-0.008329294539,-0.010443043212,-0.0113863925988,-0.00951583006471,8,524288,3000,548288,182.762666667,0.215268418799,4645.36324269,7127,0.0391251598878,5018,0.0275473624691
survface,arcface-7972a704552df378345f,20260829-R001-81149bc4,step4_search_space_query_gallery_conditions_v6,validation_required,True,pq,pq_512_m16_b8,pq_one_sided_cosine,origin_float32,pq_reconstructed_float32,cosine_similarity,recalibrated_compressed,0.3,cosine_similarity,0.00489879681578,0.260966353421,0.719288289547,0.688173294067,0.037055425914,0.0235009847244,0.634211701653,0.168478890489,0.104728331927,32920,121736,0.270421239403,31769,121736,0.260966353421,0.267933371674,0.27292359569,0.258506958701,0.263440833389,0.013463026413,0.0153625983718,0.00437269483946,0.00548784799938,-0.00945488598278,-0.0107529818624,-0.00806643063679,-0.00948314383596,-0.0103276070371,-0.00863868063486,16,524288,3000,572288,190.762666667,0.214224783843,4667.99397372,6208,0.034080116821,4162,0.0228481711033
survface,arcface-7972a704552df378345f,20260829-R001-81149bc4,step4_search_space_query_gallery_conditions_v6,validation_required,True,pq,pq_512_m32_b8,pq_one_sided_cosine,origin_float32,pq_reconstructed_float32,cosine_similarity,recalibrated_compressed,0.3,cosine_similarity,0.00849014448141,0.26400571729,0.719288289547,0.677711606026,0.037055425914,0.0284328815186,0.767306833408,0.168478890489,0.133757013058,32920,121736,0.270421239403,32139,121736,0.26400571729,0.267933371674,0.27292359569,0.261537010441,0.266489317575,0.013463026413,0.0153625983718,0.00778918187581,0.00925359967554,-0.00641552211343,-0.0075819806795,-0.00517513307485,-0.00589179617033,-0.00665350942522,-0.00513049666518,32,524288,3000,620288,206.762666667,0.211208448114,4734.65909593,4931,0.0270697577391,3404,0.0186869712723
survface,arcface-7972a704552df378345f,20260829-R001-81149bc4,step4_search_space_query_gallery_conditions_v6,validation_required,True,pq,pq_512_m64_b8,pq_one_sided_cosine,origin_float32,pq_reconstructed_float32,cosine_similarity,recalibrated_compressed,0.3,cosine_similarity,0.0107905929861,0.268342971676,0.719288289547,0.683215856552,0.037055425914,0.0327855286894,0.884769986601,0.168478890489,0.153633550138,32920,121736,0.270421239403,32667,121736,0.268342971676,0.267933371674,0.27292359569,0.265861238045,0.270839325024,0.013463026413,0.0153625983718,0.00999734765358,0.0116460384187,-0.00207826772688,-0.00300650588158,-0.00103502661497,-0.00359134766562,-0.00423679724608,-0.00296244807441,64,524288,3000,716288,238.762666667,0.207009113467,4830.70519579,3070,0.0168534082862,2643,0.0145093023128
survface,arcface-7972a704552df378345f,20260829-R001-81149bc4,step4_search_space_query_gallery_conditions_v6,validation_required,True,pq,pq_512_m128_b8,pq_one_sided_cosine,origin_float32,pq_reconstructed_float32,cosine_similarity,recalibrated_compressed,0.3,cosine_similarity,0.0140178408884,0.269961227574,0.719288289547,0.706318855286,0.037055425914,0.0355990268606,0.960696739616,0.168478890489,0.165450242457,32920,121736,0.270421239403,32864,121736,0.269961227574,0.267933371674,0.27292359569,0.267474711608,0.272462261129,0.013463026413,0.0153625983718,0.0131108628515,0.0149866086998,-0.000460011828876,-0.00122416540711,0.000320365380824,-0.000364099763335,-0.000794813233371,4.96499677275e-05,128,524288,3000,908288,302.762666667,0.208219922156,4802.61441675,1708,0.00937642389341,1635,0.00897567509703
survface,arcface-7972a704552df378345f,20260829-R001-81149bc4,step4_search_space_query_gallery_conditions_v6,validation_required,True,pq,pq_512_m8_b8,pq_reconstruction_cosine,pq_reconstructed_float32,pq_reconstructed_float32,cosine_similarity,frozen_origin,0.3,cosine_similarity,0.00713304536352,0.847358217783,0.719288289547,0.719288289547,0.037055425914,0.0532578653824,1.43724877177,0.168478890489,0.0665144067656,32920,121736,0.270421239403,103154,121736,0.847358217783,0.267933371674,0.27292359569,0.845326991949,0.849367522078,0.013463026413,0.0153625983718,0.00649265659529,0.00783609926747,0.576936978379,0.574102976934,0.57970526385,-0.00724889528822,-0.00820879466428,-0.00632168214091,8,524288,3000,548288,182.762666667,0.218260735401,4581.6761231,17,9.3325062171e-05,103746,0.569535405882
survface,arcface-7972a704552df378345f,20260829-R001-81149bc4,step4_search_space_query_gallery_conditions_v6,validation_required,True,pq,pq_512_m16_b8,pq_reconstruction_cosine,pq_reconstructed_float32,pq_reconstructed_float32,cosine_similarity,frozen_origin,0.3,cosine_similarity,0.00802674478262,0.651311033712,0.719288289547,0.719288289547,0.037055425914,0.0483756185558,1.30549352389,0.168478890489,0.0915048905218,32920,121736,0.270421239403,79288,121736,0.651311033712,0.267933371674,0.27292359569,0.648629275387,0.653983242902,0.013463026413,0.0153625983718,0.00734586955724,0.00877017151508,0.380889794309,0.37818681409,0.383855227706,-0.00635519586912,-0.00729854525595,-0.00541143273257,16,524288,3000,572288,190.762666667,0.221513718235,4514.39309478,133,0.000730131368749,69198,0.379876920712
survface,arcface-7972a704552df378345f,20260829-R001-81149bc4,step4_search_space_query_gallery_conditions_v6,validation_required,True,pq,pq_512_m32_b8,pq_reconstruction_cosine,pq_reconstructed_float32,pq_reconstructed_float32,cosine_similarity,frozen_origin,0.3,cosine_similarity,0.0076295450408,0.337730827364,0.719288289547,0.719288289547,0.037055425914,0.0300216804859,0.810183117463,0.168478890489,0.121195571223,32920,121736,0.270421239403,41114,121736,0.337730827364,0.267933371674,0.27292359569,0.335079292748,0.340392602677,0.013463026413,0.0153625983718,0.00696636413407,0.00835532795622,0.0673095879608,0.0655923473746,0.0691742787672,-0.00675239561094,-0.00756334508383,-0.00594144613806,32,524288,3000,620288,206.762666667,0.217249736219,4602.99753363,3795,0.0208334477023,15970,0.0876706613453
survface,arcface-7972a704552df378345f,20260829-R001-81149bc4,step4_search_space_query_gallery_conditions_v6,validation_required,True,pq,pq_512_m64_b8,pq_reconstruction_cosine,pq_reconstructed_float32,pq_reconstructed_float32,cosine_similarity,frozen_origin,0.3,cosine_similarity,0.006073846052,0.16967864888,0.719288289547,0.719288289547,0.037055425914,0.0176919385002,0.477445288075,0.168478890489,0.147394204194,32920,121736,0.270421239403,20656,121736,0.16967864888,0.267933371674,0.27292359569,0.167580571436,0.171797572677,0.013463026413,0.0153625983718,0.0054849495849,0.00672554232578,-0.100742590524,-0.102402124269,-0.0989846881777,-0.00830809459974,-0.00908594409414,-0.00749714512686,64,524288,3000,716288,238.762666667,0.205872015108,4857.38675787,19427,0.106648587223,350,0.00192139833881
survface,arcface-7972a704552df378345f,20260829-R001-81149bc4,step4_search_space_query_gallery_conditions_v6,validation_required,True,pq,pq_512_m128_b8,pq_reconstruction_cosine,pq_reconstructed_float32,pq_reconstructed_float32,cosine_similarity,frozen_origin,0.3,cosine_similarity,0.0113367426311,0.215983768154,0.719288289547,0.719288289547,0.037055425914,0.0278536318951,0.751674854846,0.168478890489,0.165566092382,32920,121736,0.270421239403,26293,121736,0.215983768154,0.267933371674,0.27292359569,0.21368115474,0.218304305637,0.013463026413,0.0153625983718,0.010523121776,0.0122124941466,-0.0544374712493,-0.0557517907603,-0.0531555990011,-0.00304519802062,-0.00364099763335,-0.00244939840789,128,524288,3000,908288,302.762666667,0.211499897342,4728.13468264,10345,0.0567910451858,185,0.0010155962648
survface,arcface-7972a704552df378345f,20260829-R001-81149bc4,step4_search_space_query_gallery_conditions_v6,validation_required,True,pq,pq_512_m8_b8,pq_reconstruction_cosine,pq_reconstructed_float32,pq_reconstructed_float32,cosine_similarity,recalibrated_compressed,0.3,cosine_similarity,0.00291279810668,0.266938292699,0.719288289547,0.860649943352,0.037055425914,0.0107574930076,0.290308173292,0.168478890489,0.0665144067656,32920,121736,0.270421239403,32496,121736,0.266938292699,0.267933371674,0.27292359569,0.264460744494,0.269430549268,0.013463026413,0.0153625983718,0.00251354884967,0.00337524907903,-0.00348294670434,-0.00570948610107,-0.00122354931984,-0.0114691425451,-0.0123963556924,-0.010575443126,8,524288,3000,548288,182.762666667,0.218260735401,4581.6761231,15026,0.0824883755401,13519,0.0742153832641
survface,arcface-7972a704552df378345f,20260829-R001-81149bc4,step4_search_space_query_gallery_conditions_v6,validation_required,True,pq,pq_512_m16_b8,pq_reconstruction_cosine,pq_reconstructed_float32,pq_reconstructed_float32,cosine_similarity,recalibrated_compressed,0.3,cosine_similarity,0.00383959750426,0.261886377078,0.719288289547,0.798676550388,0.037055425914,0.0173774887046,0.468959356856,0.168478890489,0.0915048905218,32920,121736,0.270421239403,31881,121736,0.261886377078,0.267933371674,0.27292359569,0.259424147467,0.264363633876,0.013463026413,0.0153625983718,0.00337702527939,0.00436525360738,-0.00853486232503,-0.010432821844,-0.00658802654925,-0.0105423431475,-0.0114691425451,-0.00966519371762,16,524288,3000,572288,190.762666667,0.221513718235,4514.39309478,12044,0.0661180616934,9828,0.0539528653539
survface,arcface-7972a704552df378345f,20260829-R001-81149bc4,step4_search_space_query_gallery_conditions_v6,validation_required,True,pq,pq_512_m32_b8,pq_reconstruction_cosine,pq_reconstructed_float32,pq_reconstructed_float32,cosine_similarity,recalibrated_compressed,0.3,cosine_similarity,0.00623934594443,0.261122428862,0.719288289547,0.735596060753,0.037055425914,0.0233520348212,0.630192050022,0.168478890489,0.121195571223,32920,121736,0.270421239403,31788,121736,0.261122428862,0.267933371674,0.27292359569,0.258662552237,0.263597380887,0.013463026413,0.0153625983718,0.00564211895188,0.00689935170131,-0.00929881054084,-0.0109747732799,-0.00760641880791,-0.00814259470731,-0.00893699419095,-0.00734819522367,32,524288,3000,620288,206.762666667,0.217249736219,4602.99753363,9152,0.0502418217052,7117,0.0390702627924
survface,arcface-7972a704552df378345f,20260829-R001-81149bc4,step4_search_space_query_gallery_conditions_v6,validation_required,True,pq,pq_512_m64_b8,pq_reconstruction_cosine,pq_reconstructed_float32,pq_reconstructed_float32,cosine_similarity,recalibrated_compressed,0.3,cosine_similarity,0.00890389421247,0.2666672143,0.719288289547,0.695061087608,0.037055425914,0.0291114310776,0.785618579723,0.168478890489,0.147394204194,32920,121736,0.270421239403,32463,121736,0.2666672143,0.267933371674,0.27292359569,0.264190477488,0.269158676583,0.013463026413,0.0153625983718,0.00818546519336,0.00968476321426,-0.0037540251035,-0.00513426595255,-0.00233291713215,-0.00547804643927,-0.00627244592291,-0.00471674693411,64,524288,3000,716288,238.762666667,0.205872015108,4857.38675787,6138,0.0336958371533,5137,0.0282006379042
survface,arcface-7972a704552df378345f,20260829-R001-81149bc4,step4_search_space_query_gallery_conditions_v6,validation_required,True,pq,pq_512_m128_b8,pq_reconstruction_cosine,pq_reconstructed_float32,pq_reconstructed_float32,cosine_similarity,recalibrated_compressed,0.3,cosine_similarity,0.013306191351,0.268227968719,0.719288289547,0.705448448658,0.037055425914,0.0346391274846,0.934792317999,0.168478890489,0.165566092382,32920,121736,0.270421239403,32653,121736,0.268227968719,0.267933371674,0.27292359569,0.265746576555,0.270723987857,0.013463026413,0.0153625983718,0.0124230179419,0.0142512450166,-0.0021932706841,-0.00312972333574,-0.00114181507524,-0.00107574930076,-0.00162189894577,-0.000529185906029,128,524288,3000,908288,302.762666667,0.211499897342,4728.13468264,3072,0.0168643877052,2628,0.0144269566697
survface,arcface-7972a704552df378345f,20260829-R001-81149bc4,step4_search_space_query_gallery_conditions_v6,validation_required,True,pq,pq_512_m128_b8,pq_sdc_exhaustive,pq_code,pq_code,squared_l2_symmetric,recalibrated_compressed,0.3,negative_squared_l2_sdc,0.0137530410605,0.269944798581,0.719288289547,-0.572006225586,0.037055425914,0.0350197772371,0.945064761054,0.168478890489,0.16124654519,32920,121736,0.270421239403,32862,121736,0.269944798581,0.267933371674,0.27292359569,0.267458330954,0.272445784832,0.013463026413,0.0153625983718,0.0128548455311,0.0147130600322,-0.000476440822764,-0.00147860944996,0.000616292633239,-0.000628899591215,-0.00114194925773,-8.27499462125e-05,128,524288,3000,908288,302.762666667,0.137781572692,7257.86460745,3176,0.0174353174974,3018,0.0165679433901
