reference_method,candidate_method,target_fpir,metric,reference_successes,candidate_successes,both_successes,total,candidate_minus_reference,paired_bootstrap95_low,paired_bootstrap95_high,resampling_unit,resamples,random_seed,threshold_uncertainty_included,multiple_comparison_adjustment,partition_seed
global_empirical,fiqa_s,0.01,fpir,1802,1611,1465,121736,-0.001568968916343563,-0.00192219228494447,-0.0012237546822632594,query,2000,8972,False,none,0
global_empirical,fiqa_s,0.01,tpir_at_rank_k,79,68,62,60423,-0.0001820498816675769,-0.00034294769506525033,-3.451998904430522e-05,mated_identity_cluster,2000,8972,False,none,0
global_safe,fiqa_s,0.01,fpir,1686,1611,1430,121736,-0.0006160872708155352,-0.000961096142472235,-0.0002957218899914569,query,2000,8972,False,none,0
global_safe,fiqa_s,0.01,tpir_at_rank_k,70,68,59,60423,-3.3099978485013984e-05,-0.00013419166807703066,6.716513812055513e-05,mated_identity_cluster,2000,8972,False,none,0
global_empirical,fiqa_l,0.01,fpir,1802,1589,1589,121736,-0.00174968784911612,-0.001987908260498127,-0.0015114674377341131,query,2000,8972,False,none,0
global_empirical,fiqa_l,0.01,tpir_at_rank_k,79,64,64,60423,-0.00024824983863760486,-0.0005157054468055603,-6.357064830732047e-05,mated_identity_cluster,2000,8972,False,none,0
global_safe,fiqa_l,0.01,fpir,1686,1589,1589,121736,-0.0007968062035880923,-0.0009693106394164421,-0.0006407307616481567,query,2000,8972,False,none,0
global_safe,fiqa_l,0.01,tpir_at_rank_k,70,64,64,60423,-9.929993545504196e-05,-0.00023509501195603937,0.0,mated_identity_cluster,2000,8972,False,none,0
fiqa_s,fiqa_l,0.01,fpir,1611,1589,1391,121736,-0.00018071893277255702,-0.0005259331668528615,0.00012321745416310706,query,2000,8972,False,none,0
fiqa_s,fiqa_l,0.01,tpir_at_rank_k,68,64,56,60423,-6.619995697002797e-05,-0.00022919662944539292,6.82025806769037e-05,mated_identity_cluster,2000,8972,False,none,0
global_empirical,fiqa_s,0.05,fpir,6470,6178,5490,121736,-0.002398633107708484,-0.003072221857133469,-0.0017330534928041018,query,2000,8972,False,none,0
global_empirical,fiqa_s,0.05,tpir_at_rank_k,421,391,354,60423,-0.0004964996772752097,-0.0008973682581509863,-0.00012908066720625255,mated_identity_cluster,2000,8972,False,none,0
global_safe,fiqa_s,0.05,fpir,6186,6178,5372,121736,-6.571597555365709e-05,-0.0007228757310902281,0.0005750147860944996,query,2000,8972,False,none,0
global_safe,fiqa_s,0.05,tpir_at_rank_k,406,391,349,60423,-0.00024824983863760486,-0.0006059526661428204,0.00010142164587898189,mated_identity_cluster,2000,8972,False,none,0
global_empirical,fiqa_l,0.05,fpir,6470,5955,5817,121736,-0.004230465926266675,-0.004682263258198068,-0.0037704540973910756,query,2000,8972,False,none,0
global_empirical,fiqa_l,0.05,tpir_at_rank_k,421,391,378,60423,-0.0004964996772752097,-0.000849050735253434,-0.00018657651344473238,mated_identity_cluster,2000,8972,False,none,0
global_safe,fiqa_l,0.05,fpir,6186,5955,5722,121736,-0.0018975487941118485,-0.0023164881382664124,-0.0014619750936452664,query,2000,8972,False,none,0
global_safe,fiqa_l,0.05,tpir_at_rank_k,406,391,372,60423,-0.00024824983863760486,-0.0004851703500134253,-1.5816794707455962e-05,mated_identity_cluster,2000,8972,False,none,0
fiqa_s,fiqa_l,0.05,fpir,6178,5955,5315,121736,-0.0018318328185581915,-0.002464349083262141,-0.0012075310507984492,query,2000,8972,False,none,0
fiqa_s,fiqa_l,0.05,tpir_at_rank_k,391,391,345,60423,0.0,-0.0003819882235370728,0.00037699104772456765,mated_identity_cluster,2000,8972,False,none,0
global_empirical,fiqa_s,0.1,fpir,11654,11119,9896,121736,-0.004394755865150818,-0.005306565025957811,-0.0035240191890648616,query,2000,8972,False,none,0
global_empirical,fiqa_s,0.1,tpir_at_rank_k,772,730,651,60423,-0.0006950995481852937,-0.0013632025919582613,-9.866454004101602e-05,mated_identity_cluster,2000,8972,False,none,0
global_safe,fiqa_s,0.1,fpir,11129,11119,9701,121736,-8.214496944207137e-05,-0.0009284435171190112,0.0008052260629559034,query,2000,8972,False,none,0
global_safe,fiqa_s,0.1,tpir_at_rank_k,740,730,639,60423,-0.00016549989242506993,-0.0007716985283843189,0.0003816507921801108,mated_identity_cluster,2000,8972,False,none,0
global_empirical,fiqa_l,0.1,fpir,11654,10780,10034,121736,-0.007179470329237037,-0.007976481895248735,-0.006407102254057963,query,2000,8972,False,none,0
global_empirical,fiqa_l,0.1,tpir_at_rank_k,772,752,679,60423,-0.00033099978485013986,-0.0009029082969456185,0.000205902593186333,mated_identity_cluster,2000,8972,False,none,0
global_safe,fiqa_l,0.1,fpir,11129,10780,9848,121736,-0.0028668594335282908,-0.0036310130117631592,-0.002111125714661234,query,2000,8972,False,none,0
global_safe,fiqa_l,0.1,tpir_at_rank_k,740,752,664,60423,0.00019859987091008392,-0.0003371626594612146,0.0007408432528528988,mated_identity_cluster,2000,8972,False,none,0
fiqa_s,fiqa_l,0.1,fpir,11119,10780,9608,121736,-0.0027847144640862193,-0.0035899405270421233,-0.0019794884011303158,query,2000,8972,False,none,0
fiqa_s,fiqa_l,0.1,tpir_at_rank_k,730,752,645,60423,0.0003640997633351538,-0.00026638365711200953,0.001030098578049571,mated_identity_cluster,2000,8972,False,none,0
global_empirical,fiqa_s,0.2,fpir,22069,21519,19127,121736,-0.004517973319313925,-0.005643564763093908,-0.0032691644213708364,query,2000,8972,False,none,0
global_empirical,fiqa_s,0.2,tpir_at_rank_k,1471,1409,1269,60423,-0.0010260993330354336,-0.0021342609798341485,-1.7429914002111923e-05,mated_identity_cluster,2000,8972,False,none,0
global_safe,fiqa_s,0.2,fpir,21374,21519,18821,121736,0.001191102056910035,2.464349083262141e-05,0.002407052967076295,query,2000,8972,False,none,0
global_safe,fiqa_s,0.2,tpir_at_rank_k,1431,1409,1257,60423,-0.0003640997633351538,-0.0013963317875715763,0.0006284856737975907,mated_identity_cluster,2000,8972,False,none,0
global_empirical,fiqa_l,0.2,fpir,22069,21134,18535,121736,-0.007680554642833673,-0.008954828481303802,-0.006390673260169549,query,2000,8972,False,none,0
global_empirical,fiqa_l,0.2,tpir_at_rank_k,1471,1492,1284,60423,0.00034754977409264686,-0.0007291259305330926,0.001376532396454424,mated_identity_cluster,2000,8972,False,none,0
global_safe,fiqa_l,0.2,fpir,21374,21134,18304,121736,-0.001971479266609713,-0.0032695751462180453,-0.0006489452585923638,query,2000,8972,False,none,0
global_safe,fiqa_l,0.2,tpir_at_rank_k,1431,1492,1263,60423,0.0010095493437929266,-8.041639533294814e-05,0.0020618326999754157,mated_identity_cluster,2000,8972,False,none,0
fiqa_s,fiqa_l,0.2,fpir,21519,21134,18497,121736,-0.0031625813235197477,-0.00430439639876454,-0.0018891289347440375,query,2000,8972,False,none,0
fiqa_s,fiqa_l,0.2,tpir_at_rank_k,1409,1492,1264,60423,0.0013736491071280803,0.00034601413669559436,0.0024811783944665403,mated_identity_cluster,2000,8972,False,none,0
global_empirical,fiqa_s,0.3,fpir,33045,32763,29032,121736,-0.0023164881382664124,-0.0037458106065584545,-0.0008953801669185779,query,2000,8972,False,none,0
global_empirical,fiqa_s,0.3,tpir_at_rank_k,2161,2157,1891,60423,-6.619995697002797e-05,-0.0012052106428254202,0.001080685033111922,mated_identity_cluster,2000,8972,False,none,0
global_safe,fiqa_s,0.3,fpir,32618,32763,28847,121736,0.001191102056910035,-0.00018934415456397377,0.0026699168692909236,query,2000,8972,False,none,0
global_safe,fiqa_s,0.3,tpir_at_rank_k,2139,2157,1879,60423,0.00029789980636512584,-0.0008595495716013245,0.001432406486925609,mated_identity_cluster,2000,8972,False,none,0
global_empirical,fiqa_l,0.3,fpir,33045,32019,27664,121736,-0.008428073864756523,-0.010021891634356312,-0.006776754616547284,query,2000,8972,False,none,0
global_empirical,fiqa_l,0.3,tpir_at_rank_k,2161,2239,1871,60423,0.0012908991609155455,0.00011717514534126969,0.002556492353034861,mated_identity_cluster,2000,8972,False,none,0
global_safe,fiqa_l,0.3,fpir,32618,32019,27497,121736,-0.004920483669580075,-0.006489657948347243,-0.0032857987776828547,query,2000,8972,False,none,0
global_safe,fiqa_l,0.3,tpir_at_rank_k,2139,2239,1862,60423,0.0016549989242506992,0.00044747744096995445,0.0029367955802184196,mated_identity_cluster,2000,8972,False,none,0
fiqa_s,fiqa_l,0.3,fpir,32763,32019,27814,121736,-0.0061115857264901095,-0.007664331011368863,-0.004591903791811789,query,2000,8972,False,none,0
fiqa_s,fiqa_l,0.3,tpir_at_rank_k,2157,2239,1870,60423,0.0013570991178855733,0.0,0.0028238157743070186,mated_identity_cluster,2000,8972,False,none,0
global_empirical,fiqa_s,0.01,fpir,1802,1695,1589,121736,-0.0008789511730301637,-0.0011828875599658277,-0.000599658276927121,query,2000,8972,False,none,1
global_empirical,fiqa_s,0.01,tpir_at_rank_k,79,72,66,60423,-0.00011584992469754894,-0.00023432813756722824,0.0,mated_identity_cluster,2000,8972,False,none,1
global_safe,fiqa_s,0.01,fpir,1720,1695,1564,121736,-0.00020536242360517842,-0.0004682263258198068,5.7501478609449955e-05,query,2000,8972,False,none,1
global_safe,fiqa_s,0.01,tpir_at_rank_k,74,72,64,60423,-3.3099978485013984e-05,-0.00015227309291256818,9.5428044331339e-05,mated_identity_cluster,2000,8972,False,none,1
global_empirical,fiqa_l,0.01,fpir,1802,1756,1710,121736,-0.0003778668594335283,-0.0005750147860944996,-0.00018872806729316007,query,2000,8972,False,none,1
global_empirical,fiqa_l,0.01,tpir_at_rank_k,79,78,74,60423,-1.6549989242506992e-05,-0.000116386814229253,5.286426647525116e-05,mated_identity_cluster,2000,8972,False,none,1
global_safe,fiqa_l,0.01,fpir,1720,1756,1663,121736,0.0002957218899914569,9.035946638627851e-05,0.0004928698166524282,query,2000,8972,False,none,1
global_safe,fiqa_l,0.01,tpir_at_rank_k,74,78,71,60423,6.619995697002797e-05,-3.431963777960896e-05,0.00020560393722985587,mated_identity_cluster,2000,8972,False,none,1
fiqa_s,fiqa_l,0.01,fpir,1695,1756,1573,121736,0.0005010843135966354,0.00021357692054938557,0.0007885917066438852,query,2000,8972,False,none,1
fiqa_s,fiqa_l,0.01,tpir_at_rank_k,72,78,65,60423,9.929993545504196e-05,-3.35059171306813e-05,0.00022918095444123817,mated_identity_cluster,2000,8972,False,none,1
global_empirical,fiqa_s,0.05,fpir,6470,6079,5684,121736,-0.0032118683051849907,-0.003778668594335283,-0.002661291647499508,query,2000,8972,False,none,1
global_empirical,fiqa_s,0.05,tpir_at_rank_k,421,389,369,60423,-0.0005295996557602237,-0.0008704336023000444,-0.00020664610719558216,mated_identity_cluster,2000,8972,False,none,1
global_safe,fiqa_s,0.05,fpir,5979,6079,5499,121736,0.0008214496944207137,0.0002710783991588355,0.0013389630019057634,query,2000,8972,False,none,1
global_safe,fiqa_s,0.05,tpir_at_rank_k,393,389,357,60423,-6.619995697002797e-05,-0.0003588273093924179,0.00022637741998680498,mated_identity_cluster,2000,8972,False,none,1
global_empirical,fiqa_l,0.05,fpir,6470,5998,5998,121736,-0.0038772425576657685,-0.004222251429322468,-0.0035240191890648616,query,2000,8972,False,none,1
global_empirical,fiqa_l,0.05,tpir_at_rank_k,421,394,394,60423,-0.0004468497095476888,-0.0007040203744580673,-0.0002247370982052157,mated_identity_cluster,2000,8972,False,none,1
global_safe,fiqa_l,0.05,fpir,5979,5998,5828,121736,0.0001560754419399356,-0.00013143195110731419,0.00046001182887559964,query,2000,8972,False,none,1
global_safe,fiqa_l,0.05,tpir_at_rank_k,393,394,381,60423,1.6549989242506992e-05,-0.00014017066426118423,0.00017273778114641164,mated_identity_cluster,2000,8972,False,none,1
fiqa_s,fiqa_l,0.05,fpir,6079,5998,5519,121736,-0.0006653742524807781,-0.0011830929223894326,-0.00014745022014852035,query,2000,8972,False,none,1
fiqa_s,fiqa_l,0.05,tpir_at_rank_k,389,394,360,60423,8.274994621253496e-05,-0.00015927381757714108,0.0003170362617701114,mated_identity_cluster,2000,8972,False,none,1
global_empirical,fiqa_s,0.1,fpir,11654,10898,10012,121736,-0.006210159689820595,-0.0070400292436091205,-0.005429577117697313,query,2000,8972,False,none,1
global_empirical,fiqa_s,0.1,tpir_at_rank_k,772,712,652,60423,-0.0009929993545504195,-0.0017029506990610278,-0.0003405045355218507,mated_identity_cluster,2000,8972,False,none,1
global_safe,fiqa_s,0.1,fpir,10743,10898,9669,121736,0.0012732470263521062,0.00046001182887559964,0.0020207662482749555,query,2000,8972,False,none,1
global_safe,fiqa_s,0.1,tpir_at_rank_k,718,712,629,60423,-9.929993545504196e-05,-0.000699351377586314,0.0004447576796058597,mated_identity_cluster,2000,8972,False,none,1
global_empirical,fiqa_l,0.1,fpir,11654,10813,10301,121736,-0.006908391930078202,-0.007614838667280016,-0.006217963461917594,query,2000,8972,False,none,1
global_empirical,fiqa_l,0.1,tpir_at_rank_k,772,746,696,60423,-0.0004302997203051818,-0.0008963998856290241,0.0,mated_identity_cluster,2000,8972,False,none,1
global_safe,fiqa_l,0.1,fpir,10743,10813,9985,121736,0.0005750147860944996,-9.877932575409046e-05,0.0012321745416310704,query,2000,8972,False,none,1
global_safe,fiqa_l,0.1,tpir_at_rank_k,718,746,666,60423,0.00046339969879019576,1.656426826147162e-05,0.0009154075628687267,mated_identity_cluster,2000,8972,False,none,1
fiqa_s,fiqa_l,0.1,fpir,10898,10813,9706,121736,-0.0006982322402576066,-0.0014868239469014919,4.928698166524282e-05,query,2000,8972,False,none,1
fiqa_s,fiqa_l,0.1,tpir_at_rank_k,712,746,644,60423,0.0005626996342452378,-4.820864553930046e-05,0.0011898352569332583,mated_identity_cluster,2000,8972,False,none,1
global_empirical,fiqa_s,0.2,fpir,22069,20807,18943,121736,-0.010366695143589406,-0.01143478510875994,-0.009200031215088389,query,2000,8972,False,none,1
global_empirical,fiqa_s,0.2,tpir_at_rank_k,1471,1370,1256,60423,-0.0016715489134932061,-0.0027876193015101153,-0.0006483721506348125,mated_identity_cluster,2000,8972,False,none,1
global_safe,fiqa_s,0.2,fpir,20519,20807,18303,121736,0.0023657751199316554,0.001256612670040087,0.0034831520667674303,query,2000,8972,False,none,1
global_safe,fiqa_s,0.2,tpir_at_rank_k,1369,1370,1223,60423,1.6549989242506992e-05,-0.0008958674558204392,0.0009148874858956826,mated_identity_cluster,2000,8972,False,none,1
global_empirical,fiqa_l,0.2,fpir,22069,20736,18629,121736,-0.010949924426628113,-0.012092355589143719,-0.009758617007294473,query,2000,8972,False,none,1
global_empirical,fiqa_l,0.2,tpir_at_rank_k,1471,1459,1286,60423,-0.00019859987091008392,-0.0012690706085981707,0.0007927805637714391,mated_identity_cluster,2000,8972,False,none,1
global_safe,fiqa_l,0.2,fpir,20519,20736,18124,121736,0.0017825458368929488,0.0006243017677597423,0.0029572188999145693,query,2000,8972,False,none,1
global_safe,fiqa_l,0.2,tpir_at_rank_k,1369,1459,1235,60423,0.0014894990318256294,0.0005029137657597894,0.002497861288378542,mated_identity_cluster,2000,8972,False,none,1
fiqa_s,fiqa_l,0.2,fpir,20807,20736,18336,121736,-0.0005832292830387067,-0.0017334642176513107,0.0005834346454623107,query,2000,8972,False,none,1
fiqa_s,fiqa_l,0.2,tpir_at_rank_k,1370,1459,1248,60423,0.0014729490425831222,0.00047162699968183834,0.002539154349681882,mated_identity_cluster,2000,8972,False,none,1
global_empirical,fiqa_s,0.3,fpir,33045,31480,28532,121736,-0.012855687717684168,-0.014235723204310968,-0.011450187290530331,query,2000,8972,False,none,1
global_empirical,fiqa_s,0.3,tpir_at_rank_k,2161,2050,1852,60423,-0.001837048805918276,-0.0030249706442314144,-0.0007092842884701,mated_identity_cluster,2000,8972,False,none,1
global_safe,fiqa_s,0.3,fpir,31172,31480,27761,121736,0.0025300650588157983,0.001174262338174411,0.003926529539331011,query,2000,8972,False,none,1
global_safe,fiqa_s,0.3,tpir_at_rank_k,2053,2050,1810,60423,-4.964996772752098e-05,-0.001144683662951377,0.0010271567549021553,mated_identity_cluster,2000,8972,False,none,1
global_empirical,fiqa_l,0.3,fpir,33045,31160,27558,121736,-0.015484326739830453,-0.01697977590852336,-0.013915152461063285,query,2000,8972,False,none,1
global_empirical,fiqa_l,0.3,tpir_at_rank_k,2161,2170,1867,60423,0.00014894990318256292,-0.0008313563731975445,0.0012155317586360027,mated_identity_cluster,2000,8972,False,none,1
global_safe,fiqa_l,0.3,fpir,31172,31160,26884,121736,-9.857396333048565e-05,-0.0016182558980088059,0.001429527830715646,query,2000,8972,False,none,1
global_safe,fiqa_l,0.3,tpir_at_rank_k,2053,2170,1814,60423,0.001936348741373318,0.0009486691615257032,0.0030472875205528145,mated_identity_cluster,2000,8972,False,none,1
fiqa_s,fiqa_l,0.3,fpir,31480,31160,27250,121736,-0.002628639022146284,-0.004050568443188538,-0.0011007425905237562,query,2000,8972,False,none,1
fiqa_s,fiqa_l,0.3,tpir_at_rank_k,2050,2170,1806,60423,0.001985998709100839,0.0007404188452719633,0.0034074657452639913,mated_identity_cluster,2000,8972,False,none,1
global_empirical,fiqa_s,0.01,fpir,1802,1715,1545,121736,-0.0007146612341460209,-0.0010434464743379114,-0.0003942958533219426,query,2000,8972,False,none,2
global_empirical,fiqa_s,0.01,tpir_at_rank_k,79,70,62,60423,-0.00014894990318256292,-0.00031643504047378166,1.629283753438275e-05,mated_identity_cluster,2000,8972,False,none,2
global_safe,fiqa_s,0.01,fpir,1693,1715,1512,121736,0.00018071893277255702,-0.00013143195110731419,0.0004930751790760323,query,2000,8972,False,none,2
global_safe,fiqa_s,0.01,tpir_at_rank_k,70,70,59,60423,0.0,-0.00011676450568781611,0.00012009983193757677,mated_identity_cluster,2000,8972,False,none,2
global_empirical,fiqa_l,0.01,fpir,1802,1704,1674,121736,-0.0008050207005322994,-0.001018597621081685,-0.0006078727738713281,query,2000,8972,False,none,2
global_empirical,fiqa_l,0.01,tpir_at_rank_k,79,76,73,60423,-4.964996772752098e-05,-0.00014969345216354042,1.775623558484521e-05,mated_identity_cluster,2000,8972,False,none,2
global_safe,fiqa_l,0.01,fpir,1693,1704,1611,121736,9.035946638627851e-05,-0.00013143195110731419,0.00030393638693566405,query,2000,8972,False,none,2
global_safe,fiqa_l,0.01,tpir_at_rank_k,70,76,67,60423,9.929993545504196e-05,0.0,0.0002109396996559157,mated_identity_cluster,2000,8972,False,none,2
fiqa_s,fiqa_l,0.01,fpir,1715,1704,1509,121736,-9.035946638627851e-05,-0.00042715384109877114,0.00023000591443779982,query,2000,8972,False,none,2
fiqa_s,fiqa_l,0.01,tpir_at_rank_k,70,76,61,60423,9.929993545504196e-05,-6.544210850226341e-05,0.0002554577097396292,mated_identity_cluster,2000,8972,False,none,2
global_empirical,fiqa_s,0.05,fpir,6470,6279,5657,121736,-0.001568968916343563,-0.002201690543471117,-0.0009444617861602167,query,2000,8972,False,none,2
global_empirical,fiqa_s,0.05,tpir_at_rank_k,421,399,364,60423,-0.0003640997633351538,-0.0007035762196964828,-3.3061225910240805e-05,mated_identity_cluster,2000,8972,False,none,2
global_safe,fiqa_s,0.05,fpir,6305,6279,5589,121736,-0.00021357692054938557,-0.0008298695537885256,0.00041072484721035683,query,2000,8972,False,none,2
global_safe,fiqa_s,0.05,tpir_at_rank_k,415,399,364,60423,-0.0002647998278801119,-0.000582521725775761,3.4260212058063506e-05,mated_identity_cluster,2000,8972,False,none,2
global_empirical,fiqa_l,0.05,fpir,6470,6257,6160,121736,-0.00174968784911612,-0.002086482223828613,-0.0014128934744036276,query,2000,8972,False,none,2
global_empirical,fiqa_l,0.05,tpir_at_rank_k,421,416,406,60423,-8.274994621253496e-05,-0.0002760719330824523,9.836590177087859e-05,mated_identity_cluster,2000,8972,False,none,2
global_safe,fiqa_l,0.05,fpir,6305,6257,6108,121736,-0.0003942958533219426,-0.0007064467372018138,-9.035946638627851e-05,query,2000,8972,False,none,2
global_safe,fiqa_l,0.05,tpir_at_rank_k,415,416,403,60423,1.6549989242506992e-05,-0.00015605961069852244,0.00019590093677774705,mated_identity_cluster,2000,8972,False,none,2
fiqa_s,fiqa_l,0.05,fpir,6279,6257,5586,121736,-0.00018071893277255702,-0.0007885917066438852,0.00047644082276401394,query,2000,8972,False,none,2
fiqa_s,fiqa_l,0.05,tpir_at_rank_k,399,416,361,60423,0.0002813498171226189,-6.408399721061385e-05,0.0006403172488307001,mated_identity_cluster,2000,8972,False,none,2
global_empirical,fiqa_s,0.1,fpir,11654,11340,10146,121736,-0.002579352040481041,-0.003425650588157981,-0.001741473352171913,query,2000,8972,False,none,2
global_empirical,fiqa_s,0.1,tpir_at_rank_k,772,745,666,60423,-0.0004468497095476888,-0.0010394980449575405,0.00010113432304373156,mated_identity_cluster,2000,8972,False,none,2
global_safe,fiqa_s,0.1,fpir,11347,11340,10034,121736,-5.7501478609449955e-05,-0.0009040053887099947,0.0007475192219228494,query,2000,8972,False,none,2
global_safe,fiqa_s,0.1,tpir_at_rank_k,751,745,660,60423,-9.929993545504196e-05,-0.0006701469046942521,0.0004157539368379446,mated_identity_cluster,2000,8972,False,none,2
global_empirical,fiqa_l,0.1,fpir,11654,11242,10596,121736,-0.00338437274101334,-0.0040990339751593614,-0.0027354274824209763,query,2000,8972,False,none,2
global_empirical,fiqa_l,0.1,tpir_at_rank_k,772,778,716,60423,9.929993545504196e-05,-0.0003076311506052726,0.0004952805561150108,mated_identity_cluster,2000,8972,False,none,2
global_safe,fiqa_l,0.1,fpir,11347,11242,10490,121736,-0.0008625221791417494,-0.0015281017940461323,-0.00019694256423736722,query,2000,8972,False,none,2
global_safe,fiqa_l,0.1,tpir_at_rank_k,751,778,708,60423,0.0004468497095476888,7.094155393075692e-05,0.000842333014464477,mated_identity_cluster,2000,8972,False,none,2
fiqa_s,fiqa_l,0.1,fpir,11340,11242,10028,121736,-0.0008050207005322994,-0.0016431047512650322,-8.214496944207137e-06,query,2000,8972,False,none,2
fiqa_s,fiqa_l,0.1,tpir_at_rank_k,745,778,665,60423,0.0005461496450027307,-6.677693520494967e-05,0.001223660513404501,mated_identity_cluster,2000,8972,False,none,2
global_empirical,fiqa_s,0.2,fpir,22069,21622,19234,121736,-0.00367188013406059,-0.004797266215416968,-0.002447920089373727,query,2000,8972,False,none,2
global_empirical,fiqa_s,0.2,tpir_at_rank_k,1471,1418,1278,60423,-0.0008771494298528706,-0.0019001262431946107,8.007779337428363e-05,mated_identity_cluster,2000,8972,False,none,2
global_safe,fiqa_s,0.2,fpir,21478,21622,18972,121736,0.0011828875599658277,4.086712229743087e-05,0.002390623973187881,query,2000,8972,False,none,2
global_safe,fiqa_s,0.2,tpir_at_rank_k,1438,1418,1267,60423,-0.00033099978485013986,-0.0013089650440372461,0.0006330164792691504,mated_identity_cluster,2000,8972,False,none,2
global_empirical,fiqa_l,0.2,fpir,22069,21571,19214,121736,-0.004090819478215154,-0.005207991062627325,-0.0028830830649931006,query,2000,8972,False,none,2
global_empirical,fiqa_l,0.2,tpir_at_rank_k,1471,1501,1309,60423,0.0004964996772752097,-0.0004541831516243769,0.0014244551515829932,mated_identity_cluster,2000,8972,False,none,2
global_safe,fiqa_l,0.2,fpir,21478,21571,19011,121736,0.0007639482158112637,-0.00040271571268975454,0.0019059686534796598,query,2000,8972,False,none,2
global_safe,fiqa_l,0.2,tpir_at_rank_k,1438,1501,1293,60423,0.0010426493222779405,6.541091911697025e-05,0.0020184661390544017,mated_identity_cluster,2000,8972,False,none,2
fiqa_s,fiqa_l,0.2,fpir,21622,21571,19041,121736,-0.00041893934415456396,-0.0015281017940461323,0.0007559390812906606,query,2000,8972,False,none,2
fiqa_s,fiqa_l,0.2,tpir_at_rank_k,1418,1501,1288,60423,0.0013736491071280803,0.00038422348101416713,0.002432467464943963,mated_identity_cluster,2000,8972,False,none,2
global_empirical,fiqa_s,0.3,fpir,33045,32294,28844,121736,-0.00616908720509956,-0.007524479200893737,-0.0047559883682723285,query,2000,8972,False,none,2
global_empirical,fiqa_s,0.3,tpir_at_rank_k,2161,2123,1877,60423,-0.0006288995912152657,-0.0018058655618854336,0.0005048274635243169,mated_identity_cluster,2000,8972,False,none,2
global_safe,fiqa_s,0.3,fpir,32195,32294,28480,121736,0.0008132351974765065,-0.0005918545048301235,0.0022589866596569625,query,2000,8972,False,none,2
global_safe,fiqa_s,0.3,tpir_at_rank_k,2108,2123,1860,60423,0.00024824983863760486,-0.0008366244333649034,0.0013431926331175872,mated_identity_cluster,2000,8972,False,none,2
global_empirical,fiqa_l,0.3,fpir,33045,32393,28295,121736,-0.005355852007623054,-0.006867935532627981,-0.0038195357166327143,query,2000,8972,False,none,2
global_empirical,fiqa_l,0.3,tpir_at_rank_k,2161,2253,1914,60423,0.0015225990103106433,0.0004901690123664179,0.002659616917102611,mated_identity_cluster,2000,8972,False,none,2
global_safe,fiqa_l,0.3,fpir,32195,32393,27969,121736,0.001626470394953013,0.00016428993888414274,0.0031301340605901272,query,2000,8972,False,none,2
global_safe,fiqa_l,0.3,tpir_at_rank_k,2108,2253,1893,60423,0.002399748440163514,0.0013717645734178973,0.0035249590552617104,mated_identity_cluster,2000,8972,False,none,2
fiqa_s,fiqa_l,0.3,fpir,32294,32393,28275,121736,0.0008132351974765065,-0.0006735887494249852,0.0023082736413222054,query,2000,8972,False,none,2
fiqa_s,fiqa_l,0.3,tpir_at_rank_k,2123,2253,1893,60423,0.002151498601525909,0.000842923334307468,0.003603038650215413,mated_identity_cluster,2000,8972,False,none,2
global_empirical,fiqa_s,0.01,fpir,1802,1710,1545,121736,-0.0007557337188670566,-0.0010763044621147399,-0.0004435828349871854,query,2000,8972,False,none,3
global_empirical,fiqa_s,0.01,tpir_at_rank_k,79,70,62,60423,-0.00014894990318256292,-0.00031643504047378166,1.629283753438275e-05,mated_identity_cluster,2000,8972,False,none,3
global_safe,fiqa_s,0.01,fpir,1701,1710,1513,121736,7.393047249786423e-05,-0.00023822041138200697,0.00037807222185713235,query,2000,8972,False,none,3
global_safe,fiqa_s,0.01,tpir_at_rank_k,71,70,59,60423,-1.6549989242506992e-05,-0.00013684676016993802,0.0001125513060504837,mated_identity_cluster,2000,8972,False,none,3
global_empirical,fiqa_l,0.01,fpir,1802,1710,1680,121736,-0.0007557337188670566,-0.0009613015048958398,-0.0005585857922060854,query,2000,8972,False,none,3
global_empirical,fiqa_l,0.01,tpir_at_rank_k,79,76,73,60423,-4.964996772752098e-05,-0.00014969345216354042,1.775623558484521e-05,mated_identity_cluster,2000,8972,False,none,3
global_safe,fiqa_l,0.01,fpir,1701,1710,1622,121736,7.393047249786423e-05,-0.00013143195110731419,0.0002792928961030427,query,2000,8972,False,none,3
global_safe,fiqa_l,0.01,tpir_at_rank_k,71,76,68,60423,8.274994621253496e-05,0.0,0.00019084190212432291,mated_identity_cluster,2000,8972,False,none,3
fiqa_s,fiqa_l,0.01,fpir,1710,1710,1513,121736,0.0,-0.0003287852401918903,0.0003121508838798712,query,2000,8972,False,none,3
fiqa_s,fiqa_l,0.01,tpir_at_rank_k,70,76,61,60423,9.929993545504196e-05,-6.544210850226341e-05,0.0002554577097396292,mated_identity_cluster,2000,8972,False,none,3
global_empirical,fiqa_s,0.05,fpir,6470,6357,5676,121736,-0.0009282381546954064,-0.001560959781822961,-0.0002957218899914569,query,2000,8972,False,none,3
global_empirical,fiqa_s,0.05,tpir_at_rank_k,421,404,367,60423,-0.0002813498171226189,-0.0006193200744457045,5.1663402722486296e-05,mated_identity_cluster,2000,8972,False,none,3
global_safe,fiqa_s,0.05,fpir,6340,6357,5626,121736,0.00013964644805152134,-0.000493075179076033,0.0007721627127554708,query,2000,8972,False,none,3
global_safe,fiqa_s,0.05,tpir_at_rank_k,419,404,367,60423,-0.00024824983863760486,-0.0005805107176421298,8.193158165290982e-05,mated_identity_cluster,2000,8972,False,none,3
global_empirical,fiqa_l,0.05,fpir,6470,6283,6137,121736,-0.0015361109285667346,-0.0018975487941118485,-0.001191102056910035,query,2000,8972,False,none,3
global_empirical,fiqa_l,0.05,tpir_at_rank_k,421,416,403,60423,-8.274994621253496e-05,-0.0002882262945660993,0.00011381184961073269,mated_identity_cluster,2000,8972,False,none,3
global_safe,fiqa_l,0.05,fpir,6340,6283,6097,121736,-0.0004682263258198068,-0.0008132351974765065,-0.00014786094499572846,query,2000,8972,False,none,3
global_safe,fiqa_l,0.05,tpir_at_rank_k,419,416,402,60423,-4.964996772752098e-05,-0.00025878653305870113,0.0001435052817136076,mated_identity_cluster,2000,8972,False,none,3
fiqa_s,fiqa_l,0.05,fpir,6357,6283,5616,121736,-0.0006078727738713281,-0.0012321745416310704,2.484885325622547e-05,query,2000,8972,False,none,3
fiqa_s,fiqa_l,0.05,tpir_at_rank_k,404,416,366,60423,0.00019859987091008392,-0.00014584570252813449,0.0005600437074130915,mated_identity_cluster,2000,8972,False,none,3
global_empirical,fiqa_s,0.1,fpir,11654,11499,10213,121736,-0.0012732470263521062,-0.0021113310770848387,-0.00040230498784254564,query,2000,8972,False,none,3
global_empirical,fiqa_s,0.1,tpir_at_rank_k,772,759,669,60423,-0.0002151498601525909,-0.0008227499120491876,0.00034455420595831774,mated_identity_cluster,2000,8972,False,none,3
global_safe,fiqa_s,0.1,fpir,11492,11499,10158,121736,5.7501478609449955e-05,-0.0007885917066438852,0.0008707366760859565,query,2000,8972,False,none,3
global_safe,fiqa_s,0.1,tpir_at_rank_k,760,759,665,60423,-1.6549989242506992e-05,-0.0006168581813518535,0.000539454586020163,mated_identity_cluster,2000,8972,False,none,3
global_empirical,fiqa_l,0.1,fpir,11654,11357,10609,121736,-0.0024397055924295194,-0.003129928698166524,-0.0017576969836367233,query,2000,8972,False,none,3
global_empirical,fiqa_l,0.1,tpir_at_rank_k,772,789,716,60423,0.0002813498171226189,-0.00015820522055640034,0.0007133057434406892,mated_identity_cluster,2000,8972,False,none,3
global_safe,fiqa_l,0.1,fpir,11492,11357,10558,121736,-0.0011089570874679635,-0.0018154038246697773,-0.0004433774725635813,query,2000,8972,False,none,3
global_safe,fiqa_l,0.1,tpir_at_rank_k,760,789,712,60423,0.0004799496880327028,4.914963536639845e-05,0.0009151285914999697,mated_identity_cluster,2000,8972,False,none,3
fiqa_s,fiqa_l,0.1,fpir,11499,11357,10143,121736,-0.0011664585660774135,-0.001996122757442334,-0.0003860813563777354,query,2000,8972,False,none,3
fiqa_s,fiqa_l,0.1,tpir_at_rank_k,759,789,671,60423,0.0004964996772752097,-0.00016981072739606444,0.0012504355953549897,mated_identity_cluster,2000,8972,False,none,3
global_empirical,fiqa_s,0.2,fpir,22069,21965,19420,121736,-0.0008543076821975423,-0.00196347013208911,0.0003285798777682855,query,2000,8972,False,none,3
global_empirical,fiqa_s,0.2,tpir_at_rank_k,1471,1435,1285,60423,-0.0005957996127302517,-0.0016158903032478095,0.0003481464747903409,mated_identity_cluster,2000,8972,False,none,3
global_safe,fiqa_s,0.2,fpir,21815,21965,19309,121736,0.0012321745416310704,7.393047249786423e-05,0.002464349083262141,query,2000,8972,False,none,3
global_safe,fiqa_s,0.2,tpir_at_rank_k,1459,1435,1281,60423,-0.00039719974182016784,-0.0013706088320478724,0.000555179939959672,mated_identity_cluster,2000,8972,False,none,3
global_empirical,fiqa_l,0.2,fpir,22069,22021,19271,121736,-0.0003942958533219426,-0.0016513192482092395,0.0008543076821975423,query,2000,8972,False,none,3
global_empirical,fiqa_l,0.2,tpir_at_rank_k,1471,1536,1309,60423,0.0010757493007629544,0.00010258632589119181,0.0020590543389302197,mated_identity_cluster,2000,8972,False,none,3
global_safe,fiqa_l,0.2,fpir,21815,22021,19186,121736,0.00169218637050667,0.0005503712952618781,0.0029490044029703622,query,2000,8972,False,none,3
global_safe,fiqa_l,0.2,tpir_at_rank_k,1459,1536,1305,60423,0.0012743491716730383,0.00029788976598777616,0.002263417241330974,mated_identity_cluster,2000,8972,False,none,3
fiqa_s,fiqa_l,0.2,fpir,21965,22021,19302,121736,0.00046001182887559964,-0.0007064467372018138,0.00169218637050667,query,2000,8972,False,none,3
fiqa_s,fiqa_l,0.2,tpir_at_rank_k,1435,1536,1300,60423,0.0016715489134932061,0.0006237488185534346,0.0027871178209998362,mated_identity_cluster,2000,8972,False,none,3
global_empirical,fiqa_s,0.3,fpir,33045,32787,29132,121736,-0.0021193402116054414,-0.003491366563711638,-0.0006980268778340026,query,2000,8972,False,none,3
global_empirical,fiqa_s,0.3,tpir_at_rank_k,2161,2165,1902,60423,6.619995697002797e-05,-0.001048661471088217,0.00116413005880488,mated_identity_cluster,2000,8972,False,none,3
global_safe,fiqa_s,0.3,fpir,32657,32787,28961,121736,0.0010678846027469277,-0.00028771275547085463,0.0024894032989419704,query,2000,8972,False,none,3
global_safe,fiqa_s,0.3,tpir_at_rank_k,2140,2165,1891,60423,0.0004137497310626748,-0.0007007680951404659,0.001519639304568092,mated_identity_cluster,2000,8972,False,none,3
global_empirical,fiqa_l,0.3,fpir,33045,32923,28323,121736,-0.0010021686271932707,-0.002546699415127817,0.0006084888611421403,query,2000,8972,False,none,3
global_empirical,fiqa_l,0.3,tpir_at_rank_k,2161,2296,1914,60423,0.002234248547738444,0.0010713895312520756,0.0035344087338809466,mated_identity_cluster,2000,8972,False,none,3
global_safe,fiqa_l,0.3,fpir,32657,32923,28169,121736,0.0021850561871590984,0.0006323109022803448,0.003795508313070905,query,2000,8972,False,none,3
global_safe,fiqa_l,0.3,tpir_at_rank_k,2140,2296,1906,60423,0.002581798321831091,0.0014111056674502187,0.00389508713267333,mated_identity_cluster,2000,8972,False,none,3
fiqa_s,fiqa_l,0.3,fpir,32787,32923,28493,121736,0.0011171715844121707,-0.0003532233686009069,0.002694560360123545,query,2000,8972,False,none,3
fiqa_s,fiqa_l,0.3,tpir_at_rank_k,2165,2296,1914,60423,0.002168048590768416,0.0007966769563663448,0.003630508201679681,mated_identity_cluster,2000,8972,False,none,3
global_empirical,fiqa_s,0.01,fpir,1802,1767,1587,121736,-0.0002875073930472498,-0.0006160872708155352,2.464349083262141e-05,query,2000,8972,False,none,4
global_empirical,fiqa_s,0.01,tpir_at_rank_k,79,74,66,60423,-8.274994621253496e-05,-0.000215713778852492,4.932397195399987e-05,mated_identity_cluster,2000,8972,False,none,4
global_safe,fiqa_s,0.01,fpir,1720,1767,1561,121736,0.0003860813563777354,8.214496944207137e-05,0.0006902231057370035,query,2000,8972,False,none,4
global_safe,fiqa_s,0.01,tpir_at_rank_k,74,74,64,60423,0.0,-0.00013307611420211273,0.00014662948201018644,mated_identity_cluster,2000,8972,False,none,4
global_empirical,fiqa_l,0.01,fpir,1802,1745,1713,121736,-0.0004682263258198068,-0.0006325162647039496,-0.0002957218899914569,query,2000,8972,False,none,4
global_empirical,fiqa_l,0.01,tpir_at_rank_k,79,78,75,60423,-1.6549989242506992e-05,-9.61674931319356e-05,5.056868874421027e-05,mated_identity_cluster,2000,8972,False,none,4
global_safe,fiqa_l,0.01,fpir,1720,1745,1668,121736,0.00020536242360517842,2.464349083262141e-05,0.0003860813563777354,query,2000,8972,False,none,4
global_safe,fiqa_l,0.01,tpir_at_rank_k,74,78,72,60423,6.619995697002797e-05,-1.6504852834536847e-05,0.00016322617964944933,mated_identity_cluster,2000,8972,False,none,4
fiqa_s,fiqa_l,0.01,fpir,1767,1745,1567,121736,-0.00018071893277255702,-0.000493075179076033,0.00013143195110731419,query,2000,8972,False,none,4
fiqa_s,fiqa_l,0.01,tpir_at_rank_k,74,78,64,60423,6.619995697002797e-05,-6.751489592800421e-05,0.00019928225644271025,mated_identity_cluster,2000,8972,False,none,4
global_empirical,fiqa_s,0.05,fpir,6470,6282,5684,121736,-0.0015443254255109416,-0.002168627193270684,-0.0009446671485838208,query,2000,8972,False,none,4
global_empirical,fiqa_s,0.05,tpir_at_rank_k,421,400,367,60423,-0.00034754977409264686,-0.0006681842549558395,-3.3056044868935454e-05,mated_identity_cluster,2000,8972,False,none,4
global_safe,fiqa_s,0.05,fpir,6266,6282,5595,121736,0.00013143195110731419,-0.00047644082276401394,0.0007395100874022463,query,2000,8972,False,none,4
global_safe,fiqa_s,0.05,tpir_at_rank_k,414,400,367,60423,-0.00023169984939509788,-0.0005303204521081498,5.070107300491599e-05,mated_identity_cluster,2000,8972,False,none,4
global_empirical,fiqa_l,0.05,fpir,6470,6246,6121,121736,-0.0018400473155023985,-0.00220969967799172,-0.0014868239469014919,query,2000,8972,False,none,4
global_empirical,fiqa_l,0.05,tpir_at_rank_k,421,410,399,60423,-0.0001820498816675769,-0.00039902271963746525,0.0,mated_identity_cluster,2000,8972,False,none,4
global_safe,fiqa_l,0.05,fpir,6266,6246,6049,121736,-0.00016428993888414274,-0.0004928698166524282,0.00014786094499572846,query,2000,8972,False,none,4
global_safe,fiqa_l,0.05,tpir_at_rank_k,414,410,396,60423,-6.619995697002797e-05,-0.00025064544895161923,0.00010140186965399529,mated_identity_cluster,2000,8972,False,none,4
fiqa_s,fiqa_l,0.05,fpir,6282,6246,5610,121736,-0.0002957218899914569,-0.0008873710323979755,0.00030393638693566405,query,2000,8972,False,none,4
fiqa_s,fiqa_l,0.05,tpir_at_rank_k,400,410,364,60423,0.00016549989242506993,-0.0001453121892137369,0.000491228397647422,mated_identity_cluster,2000,8972,False,none,4
global_empirical,fiqa_s,0.1,fpir,11654,11291,10215,121736,-0.0029818623907471907,-0.0038033120851679045,-0.0021768416902148914,query,2000,8972,False,none,4
global_empirical,fiqa_s,0.1,tpir_at_rank_k,772,744,671,60423,-0.00046339969879019576,-0.0010707237772517946,8.289774071638413e-05,mated_identity_cluster,2000,8972,False,none,4
global_safe,fiqa_s,0.1,fpir,11166,11291,10034,121736,0.001026812118025892,0.00021337155812578074,0.001798974830781363,query,2000,8972,False,none,4
global_safe,fiqa_s,0.1,tpir_at_rank_k,742,744,660,60423,3.3099978485013984e-05,-0.0005103116516705917,0.000524505503650414,mated_identity_cluster,2000,8972,False,none,4
global_empirical,fiqa_l,0.1,fpir,11654,11097,10483,121736,-0.004575474797923375,-0.005281921535125189,-0.003893671551554183,query,2000,8972,False,none,4
global_empirical,fiqa_l,0.1,tpir_at_rank_k,772,771,710,60423,-1.6549989242506992e-05,-0.0004291972705808704,0.00037695930232723704,mated_identity_cluster,2000,8972,False,none,4
global_safe,fiqa_l,0.1,fpir,11166,11097,10309,121736,-0.0005668002891502925,-0.001256818032463692,9.035946638627851e-05,query,2000,8972,False,none,4
global_safe,fiqa_l,0.1,tpir_at_rank_k,742,771,697,60423,0.0004799496880327028,9.034873898248683e-05,0.0008965368107605142,mated_identity_cluster,2000,8972,False,none,4
fiqa_s,fiqa_l,0.1,fpir,11291,11097,10026,121736,-0.0015936124071761846,-0.0023906239731878815,-0.0008543076821975423,query,2000,8972,False,none,4
fiqa_s,fiqa_l,0.1,tpir_at_rank_k,744,771,667,60423,0.0004468497095476888,-0.00012352734345540389,0.001061884929483902,mated_identity_cluster,2000,8972,False,none,4
global_empirical,fiqa_s,0.2,fpir,22069,21316,19205,121736,-0.006185516198987974,-0.007319527502135768,-0.00501905763291056,query,2000,8972,False,none,4
global_empirical,fiqa_s,0.2,tpir_at_rank_k,1471,1401,1274,60423,-0.0011584992469754894,-0.00219028815854322,-0.00020027879492733782,mated_identity_cluster,2000,8972,False,none,4
global_safe,fiqa_s,0.2,fpir,21231,21316,18839,121736,0.0006982322402576066,-0.0004437881974107902,0.00186469080633502,query,2000,8972,False,none,4
global_safe,fiqa_s,0.2,tpir_at_rank_k,1425,1401,1261,60423,-0.00039719974182016784,-0.0013278779470122847,0.0005114166001982181,mated_identity_cluster,2000,8972,False,none,4
global_empirical,fiqa_l,0.2,fpir,22069,21362,19128,121736,-0.005807649339554446,-0.006916811789446014,-0.004624761779588618,query,2000,8972,False,none,4
global_empirical,fiqa_l,0.2,tpir_at_rank_k,1471,1494,1308,60423,0.00038064975257766083,-0.0005409269647624487,0.0012626556593141572,mated_identity_cluster,2000,8972,False,none,4
global_safe,fiqa_l,0.2,fpir,21231,21362,18842,121736,0.001076099099691135,-7.413583492146905e-05,0.0022345485312479456,query,2000,8972,False,none,4
global_safe,fiqa_l,0.2,tpir_at_rank_k,1425,1494,1283,60423,0.0011419492577329825,0.00021219084021969117,0.002079209638871455,mated_identity_cluster,2000,8972,False,none,4
fiqa_s,fiqa_l,0.2,fpir,21316,21362,18876,121736,0.0003778668594335283,-0.0007393047249786423,0.0015278964316225274,query,2000,8972,False,none,4
fiqa_s,fiqa_l,0.2,tpir_at_rank_k,1401,1494,1276,60423,0.0015391489995531503,0.0005928946930602349,0.002532396791344345,mated_identity_cluster,2000,8972,False,none,4
global_empirical,fiqa_s,0.3,fpir,33045,32105,28893,121736,-0.007721627127554708,-0.009110287835972924,-0.006308322928303873,query,2000,8972,False,none,4
global_empirical,fiqa_s,0.3,tpir_at_rank_k,2161,2102,1880,60423,-0.0009764493653079125,-0.002128143439973128,0.00013123768072532526,mated_identity_cluster,2000,8972,False,none,4
global_safe,fiqa_s,0.3,fpir,31944,32105,28415,121736,0.001322534008017349,-7.393047249786423e-05,0.0027189984885325623,query,2000,8972,False,none,4
global_safe,fiqa_s,0.3,tpir_at_rank_k,2095,2102,1857,60423,0.00011584992469754894,-0.0009451046991019701,0.0011762904943364428,mated_identity_cluster,2000,8972,False,none,4
global_empirical,fiqa_l,0.3,fpir,33045,32125,28271,121736,-0.007557337188670566,-0.009077429848196095,-0.006053878885457056,query,2000,8972,False,none,4
global_empirical,fiqa_l,0.3,tpir_at_rank_k,2161,2243,1910,60423,0.0013570991178855733,0.0003335999292483216,0.002470796288979721,mated_identity_cluster,2000,8972,False,none,4
global_safe,fiqa_l,0.3,fpir,31944,32125,27846,121736,0.0014868239469014919,3.2857987776828546e-05,0.0029982913846356048,query,2000,8972,False,none,4
global_safe,fiqa_l,0.3,tpir_at_rank_k,2095,2243,1879,60423,0.002449398407891035,0.0013986669401532877,0.003577605275346989,mated_identity_cluster,2000,8972,False,none,4
fiqa_s,fiqa_l,0.3,fpir,32105,32125,28165,121736,0.00016428993888414274,-0.0011995219162778468,0.001626470394953013,query,2000,8972,False,none,4
fiqa_s,fiqa_l,0.3,tpir_at_rank_k,2102,2243,1882,60423,0.002333548483193486,0.001104243431626025,0.003764496660530821,mated_identity_cluster,2000,8972,False,none,4
global_empirical,fiqa_s,0.01,fpir,1802,1723,1579,121736,-0.0006489452585923638,-0.0009693106394164421,-0.00034480350923309566,query,2000,8972,False,none,5
global_empirical,fiqa_s,0.01,tpir_at_rank_k,79,70,64,60423,-0.00014894990318256292,-0.0003054680854172474,-1.6238103629338075e-05,mated_identity_cluster,2000,8972,False,none,5
global_safe,fiqa_s,0.01,fpir,1718,1723,1553,121736,4.1072484721035685e-05,-0.00025464940527042125,0.00034500887165669973,query,2000,8972,False,none,5
global_safe,fiqa_s,0.01,tpir_at_rank_k,74,70,62,60423,-6.619995697002797e-05,-0.0001687991081565906,3.345073613774745e-05,mated_identity_cluster,2000,8972,False,none,5
global_empirical,fiqa_l,0.01,fpir,1802,1736,1668,121736,-0.000542156798317671,-0.0007721627127554708,-0.0003121508838798712,query,2000,8972,False,none,5
global_empirical,fiqa_l,0.01,tpir_at_rank_k,79,76,73,60423,-4.964996772752098e-05,-0.0001700142693980295,4.810281474653966e-05,mated_identity_cluster,2000,8972,False,none,5
global_safe,fiqa_l,0.01,fpir,1718,1736,1621,121736,0.00014786094499572846,-9.035946638627851e-05,0.0003942958533219426,query,2000,8972,False,none,5
global_safe,fiqa_l,0.01,tpir_at_rank_k,74,76,70,60423,3.3099978485013984e-05,-4.9156536420776384e-05,0.00011194648959543006,mated_identity_cluster,2000,8972,False,none,5
fiqa_s,fiqa_l,0.01,fpir,1723,1736,1554,121736,0.00010678846027469278,-0.00018893342971676414,0.00041893934415456396,query,2000,8972,False,none,5
fiqa_s,fiqa_l,0.01,tpir_at_rank_k,70,76,62,60423,9.929993545504196e-05,-3.35059171306813e-05,0.0002291809544412382,mated_identity_cluster,2000,8972,False,none,5
global_empirical,fiqa_s,0.05,fpir,6470,6351,5733,121736,-0.0009775251363606493,-0.0015771834132877703,-0.00034500887165669973,query,2000,8972,False,none,5
global_empirical,fiqa_s,0.05,tpir_at_rank_k,421,407,372,60423,-0.00023169984939509788,-0.0005479850142690742,8.485135745572148e-05,mated_identity_cluster,2000,8972,False,none,5
global_safe,fiqa_s,0.05,fpir,6361,6351,5693,121736,-8.214496944207137e-05,-0.0006820086087927971,0.0005177186699086536,query,2000,8972,False,none,5
global_safe,fiqa_s,0.05,tpir_at_rank_k,419,407,372,60423,-0.00019859987091008392,-0.0005104377970300687,0.00011715250510135834,mated_identity_cluster,2000,8972,False,none,5
global_empirical,fiqa_l,0.05,fpir,6470,6335,6239,121736,-0.0011089570874679635,-0.0014128934744036276,-0.0008050207005322994,query,2000,8972,False,none,5
global_empirical,fiqa_l,0.05,tpir_at_rank_k,421,421,411,60423,0.0,-0.00016397589093546957,0.00016055054823093442,mated_identity_cluster,2000,8972,False,none,5
global_safe,fiqa_l,0.05,fpir,6361,6335,6201,121736,-0.00021357692054938557,-0.00048465531970822107,7.393047249786423e-05,query,2000,8972,False,none,5
global_safe,fiqa_l,0.05,tpir_at_rank_k,419,421,410,60423,3.3099978485013984e-05,-0.00013503789614693955,0.0001981933620257721,mated_identity_cluster,2000,8972,False,none,5
fiqa_s,fiqa_l,0.05,fpir,6351,6335,5691,121736,-0.00013143195110731419,-0.0007310902280344352,0.00046001182887559964,query,2000,8972,False,none,5
fiqa_s,fiqa_l,0.05,tpir_at_rank_k,407,421,372,60423,0.00023169984939509788,-0.00010051800435987635,0.0005699263983136282,mated_identity_cluster,2000,8972,False,none,5
global_empirical,fiqa_s,0.1,fpir,11654,11524,10256,121736,-0.0010678846027469277,-0.0019059686534796606,-0.00024622954590261005,query,2000,8972,False,none,5
global_empirical,fiqa_s,0.1,tpir_at_rank_k,772,759,671,60423,-0.0002151498601525909,-0.0008222980984803109,0.000336933501866703,mated_identity_cluster,2000,8972,False,none,5
global_safe,fiqa_s,0.1,fpir,11494,11524,10201,121736,0.0002464349083262141,-0.0005914437799829139,0.001084518959058946,query,2000,8972,False,none,5
global_safe,fiqa_s,0.1,tpir_at_rank_k,760,759,667,60423,-1.6549989242506992e-05,-0.0006050319035977752,0.0005294165370482299,mated_identity_cluster,2000,8972,False,none,5
global_empirical,fiqa_l,0.1,fpir,11654,11412,10707,121736,-0.001987908260498127,-0.0026697115068673193,-0.0013387576394821594,query,2000,8972,False,none,5
global_empirical,fiqa_l,0.1,tpir_at_rank_k,772,786,720,60423,0.00023169984939509788,-0.00016378835985086604,0.0006442909407388998,mated_identity_cluster,2000,8972,False,none,5
global_safe,fiqa_l,0.1,fpir,11494,11412,10655,121736,-0.0006735887494249852,-0.001330953867385161,-3.2857987776828546e-05,query,2000,8972,False,none,5
global_safe,fiqa_l,0.1,tpir_at_rank_k,760,786,716,60423,0.0004302997203051818,4.9885906410769915e-05,0.0008290768598389376,mated_identity_cluster,2000,8972,False,none,5
fiqa_s,fiqa_l,0.1,fpir,11524,11412,10205,121736,-0.0009200236577511993,-0.0017581077084839322,-0.00013944108562791727,query,2000,8972,False,none,5
fiqa_s,fiqa_l,0.1,tpir_at_rank_k,759,786,673,60423,0.0004468497095476888,-0.00018586721460355974,0.0011610620341147575,mated_identity_cluster,2000,8972,False,none,5
global_empirical,fiqa_s,0.2,fpir,22069,22072,19505,121736,2.464349083262141e-05,-0.0011173769468357756,0.0012159509101662602,query,2000,8972,False,none,5
global_empirical,fiqa_s,0.2,tpir_at_rank_k,1471,1437,1287,60423,-0.0005626996342452378,-0.001542625889361294,0.0003656516047466503,mated_identity_cluster,2000,8972,False,none,5
global_safe,fiqa_s,0.2,fpir,21942,22072,19451,121736,0.0010678846027469277,-6.592133797726191e-05,0.002275415653545377,query,2000,8972,False,none,5
global_safe,fiqa_s,0.2,tpir_at_rank_k,1464,1437,1286,60423,-0.0004468497095476888,-0.0014229303680254445,0.000479380275945448,mated_identity_cluster,2000,8972,False,none,5
global_empirical,fiqa_l,0.2,fpir,22069,22088,19425,121736,0.0001560754419399356,-0.0009528816455280279,0.001380240849050403,query,2000,8972,False,none,5
global_empirical,fiqa_l,0.2,tpir_at_rank_k,1471,1537,1323,60423,0.0010922992900054614,0.00018049562790293516,0.0019768035117984583,mated_identity_cluster,2000,8972,False,none,5
global_safe,fiqa_l,0.2,fpir,21942,22088,19386,121736,0.001199316553854242,8.193960701846655e-05,0.002406847604652691,query,2000,8972,False,none,5
global_safe,fiqa_l,0.2,tpir_at_rank_k,1464,1537,1319,60423,0.0012081492147030105,0.0002937811353012588,0.0021037653648361514,mated_identity_cluster,2000,8972,False,none,5
fiqa_s,fiqa_l,0.2,fpir,22072,22088,19478,121736,0.00013143195110731419,-0.001026812118025892,0.001314319511073142,query,2000,8972,False,none,5
fiqa_s,fiqa_l,0.2,tpir_at_rank_k,1437,1537,1307,60423,0.0016549989242506992,0.0006609538512178749,0.0027453228287690774,mated_identity_cluster,2000,8972,False,none,5
global_empirical,fiqa_s,0.3,fpir,33045,32804,29179,121736,-0.00197969376355392,-0.0033925872379575476,-0.0005339423013734639,query,2000,8972,False,none,5
global_empirical,fiqa_s,0.3,tpir_at_rank_k,2161,2166,1905,60423,8.274994621253496e-05,-0.0010170987614618622,0.0011654056418693587,mated_identity_cluster,2000,8972,False,none,5
global_safe,fiqa_s,0.3,fpir,32824,32804,29080,121736,-0.00016428993888414274,-0.0015278964316225274,0.0012323799040546745,query,2000,8972,False,none,5
global_safe,fiqa_s,0.3,tpir_at_rank_k,2148,2166,1900,60423,0.00029789980636512584,-0.0008005205797614098,0.0013751238953668228,mated_identity_cluster,2000,8972,False,none,5
global_empirical,fiqa_l,0.3,fpir,33045,32965,28551,121736,-0.000657159755536571,-0.00215219819938227,0.0008380840507327319,query,2000,8972,False,none,5
global_empirical,fiqa_l,0.3,tpir_at_rank_k,2161,2302,1928,60423,0.002333548483193486,0.0012502534953940016,0.0035276621488918736,mated_identity_cluster,2000,8972,False,none,5
global_safe,fiqa_l,0.3,fpir,32824,32965,28461,121736,0.0011582440691332062,-0.00033720509955970226,0.002702569494644148,query,2000,8972,False,none,5
global_safe,fiqa_l,0.3,tpir_at_rank_k,2148,2302,1922,60423,0.0025486983433460767,0.0014379838590079116,0.0037513591439959407,mated_identity_cluster,2000,8972,False,none,5
fiqa_s,fiqa_l,0.3,fpir,32804,32965,28726,121736,0.001322534008017349,-0.00011561904448971435,0.0028340014457514623,query,2000,8972,False,none,5
fiqa_s,fiqa_l,0.3,tpir_at_rank_k,2166,2302,1932,60423,0.002250798536980951,0.0009843777050383008,0.0036373704437470894,mated_identity_cluster,2000,8972,False,none,5
global_empirical,fiqa_s,0.01,fpir,1802,1337,1302,121736,-0.0038197410790563185,-0.0041811789446014325,-0.0034500887165669976,query,2000,8972,False,none,6
global_empirical,fiqa_s,0.01,tpir_at_rank_k,79,56,54,60423,-0.00038064975257766083,-0.0006368247192726449,-0.00016497332534443014,mated_identity_cluster,2000,8972,False,none,6
global_safe,fiqa_s,0.01,fpir,1371,1337,1153,121736,-0.0002792928961030427,-0.0006078727738713281,3.2857987776828546e-05,query,2000,8972,False,none,6
global_safe,fiqa_s,0.01,tpir_at_rank_k,53,56,45,60423,4.964996772752098e-05,-0.00014383178489081507,0.000272922159986607,mated_identity_cluster,2000,8972,False,none,6
global_empirical,fiqa_l,0.01,fpir,1802,1424,1424,121736,-0.0031050798449102977,-0.003425445225734376,-0.0027929289610304263,query,2000,8972,False,none,6
global_empirical,fiqa_l,0.01,tpir_at_rank_k,79,56,56,60423,-0.00038064975257766083,-0.0007597941159858545,-0.00011013934128788677,mated_identity_cluster,2000,8972,False,none,6
global_safe,fiqa_l,0.01,fpir,1371,1424,1213,121736,0.00043536833804297826,0.00012321745416310706,0.0007475192219228494,query,2000,8972,False,none,6
global_safe,fiqa_l,0.01,tpir_at_rank_k,53,56,41,60423,4.964996772752098e-05,-0.00013814231910122483,0.00022792800439752725,mated_identity_cluster,2000,8972,False,none,6
fiqa_s,fiqa_l,0.01,fpir,1337,1424,1158,121736,0.0007146612341460209,0.00036965236248932116,0.0010514556088585135,query,2000,8972,False,none,6
fiqa_s,fiqa_l,0.01,tpir_at_rank_k,56,56,45,60423,0.0,-0.00016017831539129118,0.00013307727983894176,mated_identity_cluster,2000,8972,False,none,6
global_empirical,fiqa_s,0.05,fpir,6470,5628,5203,121736,-0.006916606427022409,-0.00757376618255898,-0.006251026812118027,query,2000,8972,False,none,6
global_empirical,fiqa_s,0.05,tpir_at_rank_k,421,351,331,60423,-0.0011584992469754894,-0.0017350775961240605,-0.0006376813629592825,mated_identity_cluster,2000,8972,False,none,6
global_safe,fiqa_s,0.05,fpir,5523,5628,4852,121736,0.0008625221791417494,0.00021337155812578074,0.0014786094499572846,query,2000,8972,False,none,6
global_safe,fiqa_s,0.05,tpir_at_rank_k,353,351,304,60423,-3.3099978485013984e-05,-0.0003840971691437501,0.0003063004538430817,mated_identity_cluster,2000,8972,False,none,6
global_empirical,fiqa_l,0.05,fpir,6470,5518,5518,121736,-0.007820201090885194,-0.008296641913649209,-0.007310902280344352,query,2000,8972,False,none,6
global_empirical,fiqa_l,0.05,tpir_at_rank_k,421,357,357,60423,-0.0010591993115204475,-0.0015490853674116846,-0.0006558719765003477,mated_identity_cluster,2000,8972,False,none,6
global_safe,fiqa_l,0.05,fpir,5523,5518,5439,121736,-4.1072484721035685e-05,-0.00024664027074981895,0.00016428993888414274,query,2000,8972,False,none,6
global_safe,fiqa_l,0.05,tpir_at_rank_k,353,357,348,60423,6.619995697002797e-05,-6.693371828721073e-05,0.00020752270825028554,mated_identity_cluster,2000,8972,False,none,6
fiqa_s,fiqa_l,0.05,fpir,5628,5518,4830,121736,-0.000903594663862785,-0.0015445307879345465,-0.00028730203062364573,query,2000,8972,False,none,6
fiqa_s,fiqa_l,0.05,tpir_at_rank_k,351,357,303,60423,9.929993545504196e-05,-0.0002975805075782608,0.0005068094180947497,mated_identity_cluster,2000,8972,False,none,6
global_empirical,fiqa_s,0.1,fpir,11654,10532,9461,121736,-0.009216665571400407,-0.01011225110074259,-0.008329499901426037,query,2000,8972,False,none,6
global_empirical,fiqa_s,0.1,tpir_at_rank_k,772,698,625,60423,-0.0012246992039455175,-0.0020635345006342707,-0.0004896341547538402,mated_identity_cluster,2000,8972,False,none,6
global_safe,fiqa_s,0.1,fpir,10432,10532,8999,121736,0.0008214496944207137,-6.592133797726191e-05,0.0017088207268186886,query,2000,8972,False,none,6
global_safe,fiqa_s,0.1,tpir_at_rank_k,691,698,591,60423,0.00011584992469754894,-0.0005380395884975189,0.0007246542030509982,mated_identity_cluster,2000,8972,False,none,6
global_empirical,fiqa_l,0.1,fpir,11654,10362,10340,121736,-0.010613130051915621,-0.011180135703489517,-0.010029900768876915,query,2000,8972,False,none,6
global_empirical,fiqa_l,0.1,tpir_at_rank_k,772,698,697,60423,-0.0012246992039455175,-0.0017189851867727719,-0.0007945175634700259,mated_identity_cluster,2000,8972,False,none,6
global_safe,fiqa_l,0.1,fpir,10432,10362,9935,121736,-0.0005750147860944996,-0.0010925280935795492,-7.393047249786423e-05,query,2000,8972,False,none,6
global_safe,fiqa_l,0.1,tpir_at_rank_k,691,698,660,60423,0.00011584992469754894,-0.00017493405183453703,0.00043777065159594704,mated_identity_cluster,2000,8972,False,none,6
fiqa_s,fiqa_l,0.1,fpir,10532,10362,8974,121736,-0.0013964644805152132,-0.0022922553722810007,-0.0005501659328382741,query,2000,8972,False,none,6
fiqa_s,fiqa_l,0.1,tpir_at_rank_k,698,698,599,60423,0.0,-0.0005761289652679742,0.0005864452566189657,mated_identity_cluster,2000,8972,False,none,6
global_empirical,fiqa_s,0.2,fpir,22069,20758,18464,121736,-0.010769205493855556,-0.011927449562988763,-0.009462073667608602,query,2000,8972,False,none,6
global_empirical,fiqa_s,0.2,tpir_at_rank_k,1471,1358,1225,60423,-0.0018701487844032902,-0.003095936454626617,-0.0007744432071228499,mated_identity_cluster,2000,8972,False,none,6
global_safe,fiqa_s,0.2,fpir,20501,20758,17816,121736,0.002111125714661234,0.0008787458106065589,0.00338437274101334,query,2000,8972,False,none,6
global_safe,fiqa_s,0.2,tpir_at_rank_k,1368,1358,1191,60423,-0.00016549989242506993,-0.0011412823359056028,0.0008168731144040479,mated_identity_cluster,2000,8972,False,none,6
global_empirical,fiqa_l,0.2,fpir,22069,20605,19061,121736,-0.012026023526319249,-0.013102533350857593,-0.01091686107642768,query,2000,8972,False,none,6
global_empirical,fiqa_l,0.2,tpir_at_rank_k,1471,1426,1305,60423,-0.0007447495159128147,-0.0017170378753530431,0.00010813416507449562,mated_identity_cluster,2000,8972,False,none,6
global_safe,fiqa_l,0.2,fpir,20501,20605,18551,121736,0.0008543076821975423,-0.0001482716698429381,0.0018895396595912455,query,2000,8972,False,none,6
global_safe,fiqa_l,0.2,tpir_at_rank_k,1368,1426,1253,60423,0.0009598993760654055,0.00010105874432096785,0.001816152826685702,mated_identity_cluster,2000,8972,False,none,6
fiqa_s,fiqa_l,0.2,fpir,20758,20605,17992,121736,-0.001256818032463692,-0.0024150621015968984,-3.265262535322449e-05,query,2000,8972,False,none,6
fiqa_s,fiqa_l,0.2,tpir_at_rank_k,1358,1426,1217,60423,0.0011253992684904755,0.00012267063691318164,0.0021627149502094203,mated_identity_cluster,2000,8972,False,none,6
global_empirical,fiqa_s,0.3,fpir,33045,31628,28057,121736,-0.011639942169941513,-0.013110542485378195,-0.010160511270289812,query,2000,8972,False,none,6
global_empirical,fiqa_s,0.3,tpir_at_rank_k,2161,2083,1825,60423,-0.0012908991609155455,-0.002558644590269846,0.0,mated_identity_cluster,2000,8972,False,none,6
global_safe,fiqa_s,0.3,fpir,31370,31628,27349,121736,0.0021193402116054414,0.0006818032463691923,0.0036063695209305373,query,2000,8972,False,none,6
global_safe,fiqa_s,0.3,tpir_at_rank_k,2069,2083,1788,60423,0.00023169984939509788,-0.0009826910079877233,0.001479644967434508,mated_identity_cluster,2000,8972,False,none,6
global_empirical,fiqa_l,0.3,fpir,33045,31589,28234,121736,-0.011960307550765591,-0.01339784451600184,-0.010522565223105738,query,2000,8972,False,none,6
global_empirical,fiqa_l,0.3,tpir_at_rank_k,2161,2191,1908,60423,0.0004964996772752097,-0.00046303492561410953,0.0015229636175263567,mated_identity_cluster,2000,8972,False,none,6
global_safe,fiqa_l,0.3,fpir,31370,31589,27635,121736,0.001798974830781363,0.00036965236248932116,0.003244726292961819,query,2000,8972,False,none,6
global_safe,fiqa_l,0.3,tpir_at_rank_k,2069,2191,1865,60423,0.0020190986875858533,0.0010784765681303796,0.0030279813188170265,mated_identity_cluster,2000,8972,False,none,6
fiqa_s,fiqa_l,0.3,fpir,31628,31589,27584,121736,-0.00032036538082407835,-0.0017745367023723464,0.0011502349346126032,query,2000,8972,False,none,6
fiqa_s,fiqa_l,0.3,tpir_at_rank_k,2083,2191,1846,60423,0.0017873988381907552,0.0004863992571752986,0.0032419015018075644,mated_identity_cluster,2000,8972,False,none,6
global_empirical,fiqa_s,0.01,fpir,1802,1678,1583,121736,-0.001018597621081685,-0.001322534008017349,-0.0007310902280344352,query,2000,8972,False,none,7
global_empirical,fiqa_s,0.01,tpir_at_rank_k,79,71,65,60423,-0.00013239991394005594,-0.00026499643900245855,-1.5686669447027762e-05,mated_identity_cluster,2000,8972,False,none,7
global_safe,fiqa_s,0.01,fpir,1777,1678,1573,121736,-0.0008132351974765065,-0.0011007425905237562,-0.0005339423013734639,query,2000,8972,False,none,7
global_safe,fiqa_s,0.01,tpir_at_rank_k,75,71,63,60423,-6.619995697002797e-05,-0.0001830732920188087,4.8877872326193484e-05,mated_identity_cluster,2000,8972,False,none,7
global_empirical,fiqa_l,0.01,fpir,1802,1717,1716,121736,-0.0006982322402576066,-0.0008543076821975423,-0.0005585857922060854,query,2000,8972,False,none,7
global_empirical,fiqa_l,0.01,tpir_at_rank_k,79,75,75,60423,-6.619995697002797e-05,-0.00015863270815324017,0.0,mated_identity_cluster,2000,8972,False,none,7
global_safe,fiqa_l,0.01,fpir,1777,1717,1700,121736,-0.0004928698166524282,-0.000657159755536571,-0.0003367943747124926,query,2000,8972,False,none,7
global_safe,fiqa_l,0.01,tpir_at_rank_k,75,75,73,60423,0.0,-5.026266010971461e-05,4.945849134585821e-05,mated_identity_cluster,2000,8972,False,none,7
fiqa_s,fiqa_l,0.01,fpir,1678,1717,1551,121736,0.00032036538082407835,4.1072484721035685e-05,0.0006078727738713281,query,2000,8972,False,none,7
fiqa_s,fiqa_l,0.01,tpir_at_rank_k,71,75,63,60423,6.619995697002797e-05,-4.75496140122009e-05,0.00018286330467969764,mated_identity_cluster,2000,8972,False,none,7
global_empirical,fiqa_s,0.05,fpir,6470,6415,5718,121736,-0.0004517973319313925,-0.001084313596635342,0.00018893342971676414,query,2000,8972,False,none,7
global_empirical,fiqa_s,0.05,tpir_at_rank_k,421,410,372,60423,-0.0001820498816675769,-0.0005132886303402456,0.00014663511745609367,mated_identity_cluster,2000,8972,False,none,7
global_safe,fiqa_s,0.05,fpir,6429,6415,5702,121736,-0.00011500295721889991,-0.00073129559045804,0.0005095041729644465,query,2000,8972,False,none,7
global_safe,fiqa_s,0.05,tpir_at_rank_k,421,410,372,60423,-0.0001820498816675769,-0.0005132886303402456,0.00014663511745609367,mated_identity_cluster,2000,8972,False,none,7
global_empirical,fiqa_l,0.05,fpir,6470,6391,6158,121736,-0.0006489452585923638,-0.0010352319773937041,-0.0002710783991588355,query,2000,8972,False,none,7
global_empirical,fiqa_l,0.05,tpir_at_rank_k,421,430,406,60423,0.00014894990318256292,-8.726944254405263e-05,0.00043073001542269995,mated_identity_cluster,2000,8972,False,none,7
global_safe,fiqa_l,0.05,fpir,6429,6391,6149,121736,-0.0003121508838798712,-0.0006902231057370042,5.770684103305401e-05,query,2000,8972,False,none,7
global_safe,fiqa_l,0.05,tpir_at_rank_k,421,430,406,60423,0.00014894990318256292,-8.726944254405263e-05,0.00043073001542269995,mated_identity_cluster,2000,8972,False,none,7
fiqa_s,fiqa_l,0.05,fpir,6415,6391,5700,121736,-0.0001971479266609713,-0.0008132351974765065,0.00042715384109877114,query,2000,8972,False,none,7
fiqa_s,fiqa_l,0.05,tpir_at_rank_k,410,430,372,60423,0.00033099978485013986,-1.7581112225509007e-05,0.0007336864873647657,mated_identity_cluster,2000,8972,False,none,7
global_empirical,fiqa_s,0.1,fpir,11654,11636,10309,121736,-0.00014786094499572846,-0.0009939541302490635,0.0006407307616481567,query,2000,8972,False,none,7
global_empirical,fiqa_s,0.1,tpir_at_rank_k,772,773,674,60423,1.6549989242506992e-05,-0.0005963252857747735,0.0005857355676371188,mated_identity_cluster,2000,8972,False,none,7
global_safe,fiqa_s,0.1,fpir,11653,11636,10309,121736,-0.00013964644805152134,-0.0009857396333048565,0.0006653742524807781,query,2000,8972,False,none,7
global_safe,fiqa_s,0.1,tpir_at_rank_k,772,773,674,60423,1.6549989242506992e-05,-0.0005963252857747735,0.0005857355676371188,mated_identity_cluster,2000,8972,False,none,7
global_empirical,fiqa_l,0.1,fpir,11654,11319,10574,121736,-0.002751856476309391,-0.0034583032135112046,-0.0020780623644608013,query,2000,8972,False,none,7
global_empirical,fiqa_l,0.1,tpir_at_rank_k,772,792,714,60423,0.00033099978485013986,-0.000120554640652256,0.0007740166713133831,mated_identity_cluster,2000,8972,False,none,7
global_safe,fiqa_l,0.1,fpir,11653,11319,10574,121736,-0.002743641979365184,-0.0034500887165669976,-0.0020780623644608013,query,2000,8972,False,none,7
global_safe,fiqa_l,0.1,tpir_at_rank_k,772,792,714,60423,0.00033099978485013986,-0.000120554640652256,0.0007740166713133831,mated_identity_cluster,2000,8972,False,none,7
fiqa_s,fiqa_l,0.1,fpir,11636,11319,10229,121736,-0.0026039955313136623,-0.003433659722678583,-0.0018318328185581915,query,2000,8972,False,none,7
fiqa_s,fiqa_l,0.1,tpir_at_rank_k,773,792,677,60423,0.00031444979560763285,-0.0003745802073922834,0.0010619055136810091,mated_identity_cluster,2000,8972,False,none,7
global_empirical,fiqa_s,0.2,fpir,22069,21959,19417,121736,-0.000903594663862785,-0.0020125517513307485,0.0002792928961030427,query,2000,8972,False,none,7
global_empirical,fiqa_s,0.2,tpir_at_rank_k,1471,1434,1285,60423,-0.0006123496019727587,-0.0016239865362944284,0.00034036483450541535,mated_identity_cluster,2000,8972,False,none,7
global_safe,fiqa_s,0.2,fpir,21779,21959,19291,121736,0.0014786094499572846,0.00031194552145626635,0.002686551225602942,query,2000,8972,False,none,7
global_safe,fiqa_s,0.2,tpir_at_rank_k,1456,1434,1281,60423,-0.0003640997633351538,-0.0013291003774706291,0.0005761845995539527,mated_identity_cluster,2000,8972,False,none,7
global_empirical,fiqa_l,0.2,fpir,22069,21581,19256,121736,-0.004008674508773083,-0.005134676677400275,-0.002809357954918841,query,2000,8972,False,none,7
global_empirical,fiqa_l,0.2,tpir_at_rank_k,1471,1499,1311,60423,0.00046339969879019576,-0.0004713439433128741,0.001374462037690274,mated_identity_cluster,2000,8972,False,none,7
global_safe,fiqa_l,0.2,fpir,21779,21581,19164,121736,-0.001626470394953013,-0.0027524725635802052,-0.00046001182887559964,query,2000,8972,False,none,7
global_safe,fiqa_l,0.2,tpir_at_rank_k,1456,1499,1306,60423,0.0007116495374278007,-0.00022842409510462296,0.001634232329577976,mated_identity_cluster,2000,8972,False,none,7
fiqa_s,fiqa_l,0.2,fpir,21959,21581,19287,121736,-0.0031050798449102977,-0.004189804166392849,-0.0019548449102976943,query,2000,8972,False,none,7
fiqa_s,fiqa_l,0.2,tpir_at_rank_k,1434,1499,1297,60423,0.0010757493007629544,8.598425392489888e-05,0.0021181630448120665,mated_identity_cluster,2000,8972,False,none,7
global_empirical,fiqa_s,0.3,fpir,33045,32481,28850,121736,-0.004632976276532825,-0.00605408424788066,-0.003195233948872972,query,2000,8972,False,none,7
global_empirical,fiqa_s,0.3,tpir_at_rank_k,2161,2138,1877,60423,-0.00038064975257766083,-0.0015484870115287106,0.0007765138141026123,mated_identity_cluster,2000,8972,False,none,7
global_safe,fiqa_s,0.3,fpir,32413,32481,28575,121736,0.0005585857922060854,-0.0008465039101005447,0.002029186107642767,query,2000,8972,False,none,7
global_safe,fiqa_s,0.3,tpir_at_rank_k,2127,2138,1864,60423,0.0001820498816675769,-0.000968434464086642,0.001330169759756747,mated_identity_cluster,2000,8972,False,none,7
global_empirical,fiqa_l,0.3,fpir,33045,32320,28427,121736,-0.005955510284550174,-0.0074347358217782735,-0.004370112374318197,query,2000,8972,False,none,7
global_empirical,fiqa_l,0.3,tpir_at_rank_k,2161,2243,1916,60423,0.0013570991178855733,0.00036664308150675663,0.00248859411370743,mated_identity_cluster,2000,8972,False,none,7
global_safe,fiqa_l,0.3,fpir,32413,32320,28183,121736,-0.0007639482158112637,-0.00219347604652691,0.0007475192219228494,query,2000,8972,False,none,7
global_safe,fiqa_l,0.3,tpir_at_rank_k,2127,2243,1901,60423,0.001919798752130811,0.0009070481585759325,0.0030505878871280386,mated_identity_cluster,2000,8972,False,none,7
fiqa_s,fiqa_l,0.3,fpir,32481,32320,28468,121736,-0.001322534008017349,-0.0027682854701978053,0.00013143195110731419,query,2000,8972,False,none,7
fiqa_s,fiqa_l,0.3,tpir_at_rank_k,2138,2243,1902,60423,0.0017377488704632342,0.000508309602150921,0.003102959940020804,mated_identity_cluster,2000,8972,False,none,7
global_empirical,fiqa_s,0.01,fpir,1802,1628,1441,121736,-0.0014293224682920419,-0.00180718932772557,-0.0010512502464349095,query,2000,8972,False,none,8
global_empirical,fiqa_s,0.01,tpir_at_rank_k,79,70,61,60423,-0.00014894990318256292,-0.00029616162789525524,0.0,mated_identity_cluster,2000,8972,False,none,8
global_safe,fiqa_s,0.01,fpir,1613,1628,1376,121736,0.00012321745416310706,-0.0002464349083262141,0.00046001182887559964,query,2000,8972,False,none,8
global_safe,fiqa_s,0.01,tpir_at_rank_k,65,70,55,60423,8.274994621253496e-05,-7.205488467693781e-05,0.00027509234081258725,mated_identity_cluster,2000,8972,False,none,8
global_empirical,fiqa_l,0.01,fpir,1802,1623,1590,121736,-0.0014703949530130774,-0.0017250443582834988,-0.0012157455477426562,query,2000,8972,False,none,8
global_empirical,fiqa_l,0.01,tpir_at_rank_k,79,73,69,60423,-9.929993545504196e-05,-0.00023453373950181537,0.0,mated_identity_cluster,2000,8972,False,none,8
global_safe,fiqa_l,0.01,fpir,1613,1623,1486,121736,8.214496944207137e-05,-0.00018071893277255702,0.00034500887165669973,query,2000,8972,False,none,8
global_safe,fiqa_l,0.01,tpir_at_rank_k,65,73,59,60423,0.00013239991394005594,0.0,0.0003170538693404403,mated_identity_cluster,2000,8972,False,none,8
fiqa_s,fiqa_l,0.01,fpir,1628,1623,1385,121736,-4.1072484721035685e-05,-0.0004025103502661497,0.0002957218899914569,query,2000,8972,False,none,8
fiqa_s,fiqa_l,0.01,tpir_at_rank_k,70,73,59,60423,4.964996772752098e-05,-8.482066368032099e-05,0.0001789803140098416,mated_identity_cluster,2000,8972,False,none,8
global_empirical,fiqa_s,0.05,fpir,6470,5988,5452,121736,-0.00395938752710784,-0.0046003236511796015,-0.00332687126240389,query,2000,8972,False,none,8
global_empirical,fiqa_s,0.05,tpir_at_rank_k,421,376,348,60423,-0.0007447495159128147,-0.0012077715635488491,-0.00033462370763622244,mated_identity_cluster,2000,8972,False,none,8
global_safe,fiqa_s,0.05,fpir,5795,5988,5200,121736,0.0015853979102319774,0.0009773197739370444,0.002226128671880134,query,2000,8972,False,none,8
global_safe,fiqa_s,0.05,tpir_at_rank_k,374,376,331,60423,3.3099978485013984e-05,-0.00032179652406575786,0.00038227345478371815,mated_identity_cluster,2000,8972,False,none,8
global_empirical,fiqa_l,0.05,fpir,6470,5789,5789,121736,-0.00559407241900506,-0.006004797266215417,-0.005158498718538478,query,2000,8972,False,none,8
global_empirical,fiqa_l,0.05,tpir_at_rank_k,421,375,375,60423,-0.0007612995051553217,-0.0011222080437087183,-0.0004590600192683951,mated_identity_cluster,2000,8972,False,none,8
global_safe,fiqa_l,0.05,fpir,5795,5789,5758,121736,-4.928698166524282e-05,-0.00018071893277255702,7.393047249786423e-05,query,2000,8972,False,none,8
global_safe,fiqa_l,0.05,tpir_at_rank_k,374,375,373,60423,1.6549989242506992e-05,-3.493897042505195e-05,7.965849290269663e-05,mated_identity_cluster,2000,8972,False,none,8
fiqa_s,fiqa_l,0.05,fpir,5988,5789,5203,121736,-0.0016346848918972203,-0.0022425576657685484,-0.0010676792403233237,query,2000,8972,False,none,8
fiqa_s,fiqa_l,0.05,tpir_at_rank_k,376,375,330,60423,-1.6549989242506992e-05,-0.0003604167646169303,0.00033390523603443544,mated_identity_cluster,2000,8972,False,none,8
global_empirical,fiqa_s,0.1,fpir,11654,10870,9778,121736,-0.006440165604258395,-0.007335751133600577,-0.005569428928172439,query,2000,8972,False,none,8
global_empirical,fiqa_s,0.1,tpir_at_rank_k,772,715,641,60423,-0.0009433493868228986,-0.0016917719093842618,-0.00027748363326652226,mated_identity_cluster,2000,8972,False,none,8
global_safe,fiqa_s,0.1,fpir,10577,10870,9375,121736,0.002406847604652691,0.0015443254255109416,0.003236717158441216,query,2000,8972,False,none,8
global_safe,fiqa_s,0.1,tpir_at_rank_k,707,715,615,60423,0.00013239991394005594,-0.000513695760956508,0.0007471726695868232,mated_identity_cluster,2000,8972,False,none,8
global_empirical,fiqa_l,0.1,fpir,11654,10536,10402,121736,-0.009183807583623579,-0.009775456726030097,-0.00853465696260761,query,2000,8972,False,none,8
global_empirical,fiqa_l,0.1,tpir_at_rank_k,772,714,699,60423,-0.0009598993760654055,-0.0013915645344752634,-0.0005639583854288503,mated_identity_cluster,2000,8972,False,none,8
global_safe,fiqa_l,0.1,fpir,10577,10536,10047,121736,-0.0003367943747124926,-0.0008789511730301637,0.00018071893277255702,query,2000,8972,False,none,8
global_safe,fiqa_l,0.1,tpir_at_rank_k,707,714,666,60423,0.00011584992469754894,-0.0002278747916426796,0.0004795422343479326,mated_identity_cluster,2000,8972,False,none,8
fiqa_s,fiqa_l,0.1,fpir,10870,10536,9373,121736,-0.002743641979365184,-0.003548662679897483,-0.00192219228494447,query,2000,8972,False,none,8
fiqa_s,fiqa_l,0.1,tpir_at_rank_k,715,714,619,60423,-1.6549989242506992e-05,-0.0006133719732440902,0.0005990339353915196,mated_identity_cluster,2000,8972,False,none,8
global_empirical,fiqa_s,0.2,fpir,22069,20584,18461,121736,-0.012198527962147598,-0.013356977393704408,-0.011007220542813959,query,2000,8972,False,none,8
global_empirical,fiqa_s,0.2,tpir_at_rank_k,1471,1352,1224,60423,-0.001969448719858332,-0.0031964126329683557,-0.000862881571616288,mated_identity_cluster,2000,8972,False,none,8
global_safe,fiqa_s,0.2,fpir,20415,20584,17785,121736,0.0013882499835710061,0.0002464349083262141,0.002637058881514095,query,2000,8972,False,none,8
global_safe,fiqa_s,0.2,tpir_at_rank_k,1359,1352,1189,60423,-0.00011584992469754894,-0.0010555471829505395,0.0008250170278040204,mated_identity_cluster,2000,8972,False,none,8
global_empirical,fiqa_l,0.2,fpir,22069,20292,18712,121736,-0.014597161069856082,-0.01575540513898929,-0.013463355129131892,query,2000,8972,False,none,8
global_empirical,fiqa_l,0.2,tpir_at_rank_k,1471,1416,1287,60423,-0.0009102494083378846,-0.002022813623581896,5.1311787920091555e-05,mated_identity_cluster,2000,8972,False,none,8
global_safe,fiqa_l,0.2,fpir,20415,20292,18180,121736,-0.0010103831241374778,-0.0020866875862522176,8.235033186567543e-05,query,2000,8972,False,none,8
global_safe,fiqa_l,0.2,tpir_at_rank_k,1359,1416,1231,60423,0.0009433493868228986,1.6636431267333644e-05,0.0018605293034488586,mated_identity_cluster,2000,8972,False,none,8
fiqa_s,fiqa_l,0.2,fpir,20584,20292,17883,121736,-0.002398633107708484,-0.0035240191890648616,-0.0012073256883748452,query,2000,8972,False,none,8
fiqa_s,fiqa_l,0.2,tpir_at_rank_k,1352,1416,1217,60423,0.0010591993115204475,6.552677634754575e-05,0.002108244578373452,mated_identity_cluster,2000,8972,False,none,8
global_empirical,fiqa_s,0.3,fpir,33045,31118,27992,121736,-0.015829335611487153,-0.017283301570611816,-0.014358940658474074,query,2000,8972,False,none,8
global_empirical,fiqa_s,0.3,tpir_at_rank_k,2161,2035,1821,60423,-0.002085298644555881,-0.0033477751750466043,-0.0008794540463320242,mated_identity_cluster,2000,8972,False,none,8
global_safe,fiqa_s,0.3,fpir,30697,31118,27035,121736,0.0034583032135112046,0.0020614280081487817,0.004920689032003679,query,2000,8972,False,none,8
global_safe,fiqa_s,0.3,tpir_at_rank_k,2025,2035,1771,60423,0.00016549989242506993,-0.0009987968686690862,0.0012772139165548716,mated_identity_cluster,2000,8972,False,none,8
global_empirical,fiqa_l,0.3,fpir,33045,30964,27636,121736,-0.01709436814089505,-0.018606040941052768,-0.015558257212328317,query,2000,8972,False,none,8
global_empirical,fiqa_l,0.3,tpir_at_rank_k,2161,2151,1871,60423,-0.00016549989242506993,-0.0011327189971718304,0.00090703913203239,mated_identity_cluster,2000,8972,False,none,8
global_safe,fiqa_l,0.3,fpir,30697,30964,26800,121736,0.0021932706841033055,0.0007306795031872255,0.0036720854964841943,query,2000,8972,False,none,8
global_safe,fiqa_l,0.3,tpir_at_rank_k,2025,2151,1805,60423,0.002085298644555881,0.0010770397314901264,0.0031644137419376225,mated_identity_cluster,2000,8972,False,none,8
fiqa_s,fiqa_l,0.3,fpir,31118,30964,27174,121736,-0.0012650325294078992,-0.002694354997699941,0.00018893342971676414,query,2000,8972,False,none,8
fiqa_s,fiqa_l,0.3,tpir_at_rank_k,2035,2151,1806,60423,0.001919798752130811,0.00063287924929247,0.003352053082655504,mated_identity_cluster,2000,8972,False,none,8
global_empirical,fiqa_s,0.01,fpir,1802,1629,1450,121736,-0.0014211079713478346,-0.001798974830781363,-0.0010676792403233237,query,2000,8972,False,none,9
global_empirical,fiqa_s,0.01,tpir_at_rank_k,79,69,61,60423,-0.00016549989242506993,-0.00032820483411268524,-1.599153323411438e-05,mated_identity_cluster,2000,8972,False,none,9
global_safe,fiqa_s,0.01,fpir,1696,1629,1417,121736,-0.0005503712952618781,-0.0009120145232305969,-0.00018893342971676414,query,2000,8972,False,none,9
global_safe,fiqa_s,0.01,tpir_at_rank_k,70,69,58,60423,-1.6549989242506992e-05,-0.00013015304856612295,9.917540822979205e-05,mated_identity_cluster,2000,8972,False,none,9
global_empirical,fiqa_l,0.01,fpir,1802,1694,1653,121736,-0.0008871656699743708,-0.0011089570874679635,-0.0006653742524807781,query,2000,8972,False,none,9
global_empirical,fiqa_l,0.01,tpir_at_rank_k,79,76,72,60423,-4.964996772752098e-05,-0.0001602859342085913,3.398768167158781e-05,mated_identity_cluster,2000,8972,False,none,9
global_safe,fiqa_l,0.01,fpir,1696,1694,1592,121736,-1.6428993888414273e-05,-0.00025464940527042125,0.0002217914174935927,query,2000,8972,False,none,9
global_safe,fiqa_l,0.01,tpir_at_rank_k,70,76,66,60423,9.929993545504196e-05,-3.859990427223514e-07,0.00022102398836948347,mated_identity_cluster,2000,8972,False,none,9
fiqa_s,fiqa_l,0.01,fpir,1629,1694,1413,121736,0.0005339423013734639,0.0001560754419399356,0.0008789511730301637,query,2000,8972,False,none,9
fiqa_s,fiqa_l,0.01,tpir_at_rank_k,69,76,60,60423,0.00011584992469754894,-3.409684790881256e-05,0.0002677317138857714,mated_identity_cluster,2000,8972,False,none,9
global_empirical,fiqa_s,0.05,fpir,6470,6406,5721,121736,-0.0005257278044292567,-0.0011500295721889992,7.434119734507234e-05,query,2000,8972,False,none,9
global_empirical,fiqa_s,0.05,tpir_at_rank_k,421,409,372,60423,-0.00019859987091008392,-0.0005206876198431127,0.00013034232662763765,mated_identity_cluster,2000,8972,False,none,9
global_safe,fiqa_s,0.05,fpir,6437,6406,5711,121736,-0.00025464940527042125,-0.000854513044621147,0.00036965236248932116,query,2000,8972,False,none,9
global_safe,fiqa_s,0.05,tpir_at_rank_k,421,409,372,60423,-0.00019859987091008392,-0.0005206876198431127,0.00013034232662763765,mated_identity_cluster,2000,8972,False,none,9
global_empirical,fiqa_l,0.05,fpir,6470,6189,6034,121736,-0.0023082736413222054,-0.00271098935401196,-0.0018975487941118485,query,2000,8972,False,none,9
global_empirical,fiqa_l,0.05,tpir_at_rank_k,421,410,396,60423,-0.0001820498816675769,-0.0004162433787333841,3.16477354196053e-05,mated_identity_cluster,2000,8972,False,none,9
global_safe,fiqa_l,0.05,fpir,6437,6189,6028,121736,-0.00203719524216337,-0.0024314910954853124,-0.0016511138857856346,query,2000,8972,False,none,9
global_safe,fiqa_l,0.05,tpir_at_rank_k,421,410,396,60423,-0.0001820498816675769,-0.0004162433787333841,3.16477354196053e-05,mated_identity_cluster,2000,8972,False,none,9
fiqa_s,fiqa_l,0.05,fpir,6406,6189,5630,121736,-0.0017825458368929488,-0.002390418610764277,-0.0011746730630216205,query,2000,8972,False,none,9
fiqa_s,fiqa_l,0.05,tpir_at_rank_k,409,410,369,60423,1.6549989242506992e-05,-0.0003078999330889032,0.0003359326845547622,mated_identity_cluster,2000,8972,False,none,9
global_empirical,fiqa_s,0.1,fpir,11654,11568,10317,121736,-0.0007064467372018138,-0.0015198872971019252,0.00010699382269829684,query,2000,8972,False,none,9
global_empirical,fiqa_s,0.1,tpir_at_rank_k,772,762,679,60423,-0.00016549989242506993,-0.0007084422639295361,0.0003606368214721738,mated_identity_cluster,2000,8972,False,none,9
global_safe,fiqa_s,0.1,fpir,11572,11568,10288,121736,-3.2857987776828546e-05,-0.0008871656699743708,0.000780377209699678,query,2000,8972,False,none,9
global_safe,fiqa_s,0.1,tpir_at_rank_k,766,762,678,60423,-6.619995697002797e-05,-0.0005990459796959619,0.00044792046774581374,mated_identity_cluster,2000,8972,False,none,9
global_empirical,fiqa_l,0.1,fpir,11654,11277,10594,121736,-0.0030968653479660907,-0.003778668594335283,-0.002398633107708484,query,2000,8972,False,none,9
global_empirical,fiqa_l,0.1,tpir_at_rank_k,772,780,716,60423,0.00013239991394005594,-0.00029325968240627833,0.0005406036968162455,mated_identity_cluster,2000,8972,False,none,9
global_safe,fiqa_l,0.1,fpir,11572,11277,10568,121736,-0.0024232765985411054,-0.0031050798449102977,-0.001749482486692516,query,2000,8972,False,none,9
global_safe,fiqa_l,0.1,tpir_at_rank_k,766,780,714,60423,0.00023169984939509788,-0.00019442787896940963,0.0006422133806024442,mated_identity_cluster,2000,8972,False,none,9
fiqa_s,fiqa_l,0.1,fpir,11568,11277,10213,121736,-0.002390418610764277,-0.0032118683051849907,-0.0016346848918972203,query,2000,8972,False,none,9
fiqa_s,fiqa_l,0.1,tpir_at_rank_k,762,780,678,60423,0.00029789980636512584,-0.0003003691027696039,0.0009639212807568486,mated_identity_cluster,2000,8972,False,none,9
global_empirical,fiqa_s,0.2,fpir,22069,21910,19432,121736,-0.0013061050141289347,-0.0024397055924295194,-9.857396333048565e-05,query,2000,8972,False,none,9
global_empirical,fiqa_s,0.2,tpir_at_rank_k,1471,1429,1285,60423,-0.0006950995481852937,-0.0016903699672231975,0.00024441882545045684,mated_identity_cluster,2000,8972,False,none,9
global_safe,fiqa_s,0.2,fpir,21668,21910,19250,121736,0.001987908260498127,0.0008703259512387469,0.0031874301767759734,query,2000,8972,False,none,9
global_safe,fiqa_s,0.2,tpir_at_rank_k,1450,1429,1278,60423,-0.00034754977409264686,-0.0013290526128819432,0.0005862080446451613,mated_identity_cluster,2000,8972,False,none,9
global_empirical,fiqa_l,0.2,fpir,22069,21762,19421,121736,-0.002521850561871591,-0.0035897351646185186,-0.0013383469146349511,query,2000,8972,False,none,9
global_empirical,fiqa_l,0.2,tpir_at_rank_k,1471,1517,1323,60423,0.0007612995051553217,-0.00013279438822450163,0.00163710917675633,mated_identity_cluster,2000,8972,False,none,9
global_safe,fiqa_l,0.2,fpir,21668,21762,19289,121736,0.0007721627127554708,-0.0003285798777682855,0.0019388266412564883,query,2000,8972,False,none,9
global_safe,fiqa_l,0.2,tpir_at_rank_k,1450,1517,1313,60423,0.0011088492792479686,0.00016862735282410077,0.002032351205546888,mated_identity_cluster,2000,8972,False,none,9
fiqa_s,fiqa_l,0.2,fpir,21910,21762,19362,121736,-0.0012157455477426562,-0.0023164881382664124,-6.489452585924086e-05,query,2000,8972,False,none,9
fiqa_s,fiqa_l,0.2,tpir_at_rank_k,1429,1517,1302,60423,0.0014563990533406153,0.0005011869914640874,0.0024659249430010687,mated_identity_cluster,2000,8972,False,none,9
global_empirical,fiqa_s,0.3,fpir,33045,32555,29039,121736,-0.004025103502661497,-0.0054301932049681265,-0.002628639022146284,query,2000,8972,False,none,9
global_empirical,fiqa_s,0.3,tpir_at_rank_k,2161,2144,1893,60423,-0.0002813498171226189,-0.0013986906247030705,0.0008013678286728003,mated_identity_cluster,2000,8972,False,none,9
global_safe,fiqa_s,0.3,fpir,32387,32555,28752,121736,0.001380035486626799,1.622363146480946e-05,0.002801348820398238,query,2000,8972,False,none,9
global_safe,fiqa_s,0.3,tpir_at_rank_k,2125,2144,1879,60423,0.00031444979560763285,-0.0007790051620457179,0.001417259210144111,mated_identity_cluster,2000,8972,False,none,9
global_empirical,fiqa_l,0.3,fpir,33045,32590,28534,121736,-0.003737596109614247,-0.005240849050404154,-0.0021768416902148914,query,2000,8972,False,none,9
global_empirical,fiqa_l,0.3,tpir_at_rank_k,2161,2267,1927,60423,0.0017542988597057411,0.0007942416805534705,0.002836948187303875,mated_identity_cluster,2000,8972,False,none,9
global_safe,fiqa_l,0.3,fpir,32387,32590,28276,121736,0.0016675428796740488,0.00015587007951633076,0.003195439311296576,query,2000,8972,False,none,9
global_safe,fiqa_l,0.3,tpir_at_rank_k,2125,2267,1910,60423,0.002350098472435993,0.0013506050960978785,0.0034731968224540883,mated_identity_cluster,2000,8972,False,none,9
fiqa_s,fiqa_l,0.3,fpir,32555,32590,28606,121736,0.0002875073930472498,-0.0011664585660774135,0.0017663222054281383,query,2000,8972,False,none,9
fiqa_s,fiqa_l,0.3,tpir_at_rank_k,2144,2267,1922,60423,0.00203564867682836,0.0008275473072608848,0.00338969621319657,mated_identity_cluster,2000,8972,False,none,9
global_empirical,fiqa_s,0.01,fpir,1802,1693,1531,121736,-0.0008953801669185779,-0.0012157455477426562,-0.0005830239206151027,query,2000,8972,False,none,10
global_empirical,fiqa_s,0.01,tpir_at_rank_k,79,70,62,60423,-0.00014894990318256292,-0.00031643504047378166,1.629283753438275e-05,mated_identity_cluster,2000,8972,False,none,10
global_safe,fiqa_s,0.01,fpir,1677,1693,1494,121736,0.00013143195110731419,-0.00018893342971676414,0.00043536833804297826,query,2000,8972,False,none,10
global_safe,fiqa_s,0.01,tpir_at_rank_k,70,70,59,60423,0.0,-0.00011676450568781611,0.00012009983193757677,mated_identity_cluster,2000,8972,False,none,10
global_empirical,fiqa_l,0.01,fpir,1802,1713,1645,121736,-0.0007310902280344352,-0.0009775251363606493,-0.00048465531970822107,query,2000,8972,False,none,10
global_empirical,fiqa_l,0.01,tpir_at_rank_k,79,76,72,60423,-4.964996772752098e-05,-0.0001602859342085913,3.398768167158781e-05,mated_identity_cluster,2000,8972,False,none,10
global_safe,fiqa_l,0.01,fpir,1677,1713,1575,121736,0.0002957218899914569,4.928698166524282e-05,0.0005585857922060854,query,2000,8972,False,none,10
global_safe,fiqa_l,0.01,tpir_at_rank_k,70,76,66,60423,9.929993545504196e-05,-3.859990427223514e-07,0.00022102398836948347,mated_identity_cluster,2000,8972,False,none,10
fiqa_s,fiqa_l,0.01,fpir,1693,1713,1504,121736,0.00016428993888414274,-0.00016428993888414274,0.00047644082276401394,query,2000,8972,False,none,10
fiqa_s,fiqa_l,0.01,tpir_at_rank_k,70,76,61,60423,9.929993545504196e-05,-6.376443469349815e-05,0.0002564616598784768,mated_identity_cluster,2000,8972,False,none,10
global_empirical,fiqa_s,0.05,fpir,6470,6410,5710,121736,-0.0004928698166524282,-0.0011253860813563777,0.00014806630741933253,query,2000,8972,False,none,10
global_empirical,fiqa_s,0.05,tpir_at_rank_k,421,410,372,60423,-0.0001820498816675769,-0.0005132886303402456,0.00014663511745609367,mated_identity_cluster,2000,8972,False,none,10
global_safe,fiqa_s,0.05,fpir,6420,6410,5691,121736,-8.214496944207137e-05,-0.0007146612341460209,0.0005341476637970679,query,2000,8972,False,none,10
global_safe,fiqa_s,0.05,tpir_at_rank_k,421,410,372,60423,-0.0001820498816675769,-0.0005132886303402456,0.00014663511745609367,mated_identity_cluster,2000,8972,False,none,10
global_empirical,fiqa_l,0.05,fpir,6470,6221,6099,121736,-0.002045409739107577,-0.0024150621015968984,-0.001683766511138859,query,2000,8972,False,none,10
global_empirical,fiqa_l,0.05,tpir_at_rank_k,421,410,399,60423,-0.0001820498816675769,-0.00039902271963746525,0.0,mated_identity_cluster,2000,8972,False,none,10
global_safe,fiqa_l,0.05,fpir,6420,6221,6089,121736,-0.0016346848918972203,-0.001987908260498127,-0.0012814615232963134,query,2000,8972,False,none,10
global_safe,fiqa_l,0.05,tpir_at_rank_k,421,410,399,60423,-0.0001820498816675769,-0.00039902271963746525,0.0,mated_identity_cluster,2000,8972,False,none,10
fiqa_s,fiqa_l,0.05,fpir,6410,6221,5629,121736,-0.0015525399224551489,-0.0021688325556942886,-0.000961096142472235,query,2000,8972,False,none,10
fiqa_s,fiqa_l,0.05,tpir_at_rank_k,410,410,368,60423,0.0,-0.00032251196567307936,0.0003259506074583651,mated_identity_cluster,2000,8972,False,none,10
global_empirical,fiqa_s,0.1,fpir,11654,11577,10240,121736,-0.0006325162647039496,-0.0014870293093250967,0.0001891387921403682,query,2000,8972,False,none,10
global_empirical,fiqa_s,0.1,tpir_at_rank_k,772,772,672,60423,0.0,-0.0006049563902155372,0.000567253463610458,mated_identity_cluster,2000,8972,False,none,10
global_safe,fiqa_s,0.1,fpir,11599,11577,10222,121736,-0.00018071893277255702,-0.0010352319773937041,0.0006407307616481567,query,2000,8972,False,none,10
global_safe,fiqa_s,0.1,tpir_at_rank_k,770,772,672,60423,3.3099978485013984e-05,-0.0005738384902294133,0.0005943326917327946,mated_identity_cluster,2000,8972,False,none,10
global_empirical,fiqa_l,0.1,fpir,11654,11458,10672,121736,-0.0016100414010645988,-0.002300264506801603,-0.0009198182953275953,query,2000,8972,False,none,10
global_empirical,fiqa_l,0.1,tpir_at_rank_k,772,798,718,60423,0.0004302997203051818,0.0,0.0008438579884898026,mated_identity_cluster,2000,8972,False,none,10
global_safe,fiqa_l,0.1,fpir,11599,11458,10651,121736,-0.0011582440691332062,-0.00186469080633502,-0.0005008789511730314,query,2000,8972,False,none,10
global_safe,fiqa_l,0.1,tpir_at_rank_k,770,798,717,60423,0.00046339969879019576,3.2376844073427496e-05,0.0008898512628522567,mated_identity_cluster,2000,8972,False,none,10
fiqa_s,fiqa_l,0.1,fpir,11577,11458,10212,121736,-0.0009775251363606493,-0.0018156091870933822,-0.0001722990734047458,query,2000,8972,False,none,10
fiqa_s,fiqa_l,0.1,tpir_at_rank_k,772,798,678,60423,0.0004302997203051818,-0.00026579058074123897,0.0011716606216812346,mated_identity_cluster,2000,8972,False,none,10
global_empirical,fiqa_s,0.2,fpir,22069,21922,19347,121736,-0.0012075310507984492,-0.002357765985411053,8.214496944207137e-06,query,2000,8972,False,none,10
global_empirical,fiqa_s,0.2,tpir_at_rank_k,1471,1434,1283,60423,-0.0006123496019727587,-0.0016263188563769965,0.00033381610163585155,mated_identity_cluster,2000,8972,False,none,10
global_safe,fiqa_s,0.2,fpir,21712,21922,19188,121736,0.0017250443582834988,0.000583023920615102,0.002940995268449759,query,2000,8972,False,none,10
global_safe,fiqa_s,0.2,tpir_at_rank_k,1452,1434,1276,60423,-0.00029789980636512584,-0.0012788871130479324,0.0006694465867184735,mated_identity_cluster,2000,8972,False,none,10
global_empirical,fiqa_l,0.2,fpir,22069,21716,19039,121736,-0.0028997174213051193,-0.004090819478215154,-0.0016344795294736163,query,2000,8972,False,none,10
global_empirical,fiqa_l,0.2,tpir_at_rank_k,1471,1520,1302,60423,0.0008109494728828426,-0.00019974522505265867,0.0018050891558862151,mated_identity_cluster,2000,8972,False,none,10
global_safe,fiqa_l,0.2,fpir,21712,21716,18922,121736,3.2857987776828546e-05,-0.0011666639285010183,0.0012978905171847277,query,2000,8972,False,none,10
global_safe,fiqa_l,0.2,tpir_at_rank_k,1452,1520,1293,60423,0.0011253992684904755,8.945559296469861e-05,0.0021362671579639742,mated_identity_cluster,2000,8972,False,none,10
fiqa_s,fiqa_l,0.2,fpir,21922,21716,19158,121736,-0.00169218637050667,-0.0028672701583755005,-0.0005173079450614456,query,2000,8972,False,none,10
fiqa_s,fiqa_l,0.2,tpir_at_rank_k,1434,1520,1294,60423,0.0014232990748556014,0.00035903276133191116,0.00257367423335635,mated_identity_cluster,2000,8972,False,none,10
global_empirical,fiqa_s,0.3,fpir,33045,32403,28884,121736,-0.005273707038180982,-0.006670171518696195,-0.0038848409673391633,query,2000,8972,False,none,10
global_empirical,fiqa_s,0.3,tpir_at_rank_k,2161,2133,1881,60423,-0.00046339969879019576,-0.001606746830841054,0.0006608779118332204,mated_identity_cluster,2000,8972,False,none,10
global_safe,fiqa_s,0.3,fpir,32203,32403,28525,121736,0.0016428993888414273,0.0002544440428468164,0.0030888562134454875,query,2000,8972,False,none,10
global_safe,fiqa_s,0.3,tpir_at_rank_k,2108,2133,1864,60423,0.0004137497310626748,-0.0006575636890238929,0.0014835168908137123,mated_identity_cluster,2000,8972,False,none,10
global_empirical,fiqa_l,0.3,fpir,33045,32245,28183,121736,-0.006571597555365709,-0.008058421502267201,-0.004994208779654335,query,2000,8972,False,none,10
global_empirical,fiqa_l,0.3,tpir_at_rank_k,2161,2238,1904,60423,0.0012743491716730383,0.00023046486817347912,0.002436313997331367,mated_identity_cluster,2000,8972,False,none,10
global_safe,fiqa_l,0.3,fpir,32203,32245,27860,121736,0.00034500887165669973,-0.001191102056910035,0.0018979595189590566,query,2000,8972,False,none,10
global_safe,fiqa_l,0.3,tpir_at_rank_k,2108,2238,1883,60423,0.002151498601525909,0.0010917084725931788,0.0032946951317291404,mated_identity_cluster,2000,8972,False,none,10
fiqa_s,fiqa_l,0.3,fpir,32403,32245,28213,121736,-0.0012978905171847277,-0.0027354274824209763,0.0002143983702438018,query,2000,8972,False,none,10
fiqa_s,fiqa_l,0.3,tpir_at_rank_k,2133,2238,1888,60423,0.0017377488704632342,0.00046716235625435704,0.0031298924396036187,mated_identity_cluster,2000,8972,False,none,10
global_empirical,fiqa_s,0.01,fpir,1802,1666,1533,121736,-0.0011171715844121707,-0.0014539659591246631,-0.0007968062035880923,query,2000,8972,False,none,11
global_empirical,fiqa_s,0.01,tpir_at_rank_k,79,68,62,60423,-0.0001820498816675769,-0.00034294769506525033,-3.451998904430522e-05,mated_identity_cluster,2000,8972,False,none,11
global_safe,fiqa_s,0.01,fpir,1696,1666,1500,121736,-0.0002464349083262141,-0.0005585857922060854,5.7501478609449955e-05,query,2000,8972,False,none,11
global_safe,fiqa_s,0.01,tpir_at_rank_k,70,68,59,60423,-3.3099978485013984e-05,-0.00013419166807703066,6.716513812055513e-05,mated_identity_cluster,2000,8972,False,none,11
global_empirical,fiqa_l,0.01,fpir,1802,1713,1680,121736,-0.0007310902280344352,-0.0009284435171190112,-0.0005339423013734639,query,2000,8972,False,none,11
global_empirical,fiqa_l,0.01,tpir_at_rank_k,79,77,73,60423,-3.3099978485013984e-05,-0.0001426408459459788,4.960475143320255e-05,mated_identity_cluster,2000,8972,False,none,11
global_safe,fiqa_l,0.01,fpir,1696,1713,1618,121736,0.00013964644805152134,-7.393047249786423e-05,0.00034500887165669973,query,2000,8972,False,none,11
global_safe,fiqa_l,0.01,tpir_at_rank_k,70,77,67,60423,0.00011584992469754894,1.6526310150425403e-05,0.0002355924436988685,mated_identity_cluster,2000,8972,False,none,11
fiqa_s,fiqa_l,0.01,fpir,1666,1713,1502,121736,0.0003860813563777354,7.372511007425942e-05,0.0007064467372018138,query,2000,8972,False,none,11
fiqa_s,fiqa_l,0.01,tpir_at_rank_k,68,77,61,60423,0.00014894990318256292,0.0,0.00030077534993647615,mated_identity_cluster,2000,8972,False,none,11
global_empirical,fiqa_s,0.05,fpir,6470,6334,5619,121736,-0.0011171715844121707,-0.0017745367023723464,-0.0005010843135966354,query,2000,8972,False,none,11
global_empirical,fiqa_s,0.05,tpir_at_rank_k,421,400,361,60423,-0.00034754977409264686,-0.0007154128544095482,3.9137717801183594e-07,mated_identity_cluster,2000,8972,False,none,11
global_safe,fiqa_s,0.05,fpir,6242,6334,5518,121736,0.0007557337188670566,0.00010678846027469278,0.0014211079713478346,query,2000,8972,False,none,11
global_safe,fiqa_s,0.05,tpir_at_rank_k,414,400,361,60423,-0.00023169984939509788,-0.0005731176404820683,0.00010549558048001154,mated_identity_cluster,2000,8972,False,none,11
global_empirical,fiqa_l,0.05,fpir,6470,6221,6093,121736,-0.002045409739107577,-0.002415267464020503,-0.0016757573766182558,query,2000,8972,False,none,11
global_empirical,fiqa_l,0.05,tpir_at_rank_k,421,410,399,60423,-0.0001820498816675769,-0.00039902271963746525,0.0,mated_identity_cluster,2000,8972,False,none,11
global_safe,fiqa_l,0.05,fpir,6242,6221,6019,121736,-0.00017250443582834986,-0.0005092988105408425,0.00014786094499572846,query,2000,8972,False,none,11
global_safe,fiqa_l,0.05,tpir_at_rank_k,414,410,396,60423,-6.619995697002797e-05,-0.00025064544895161923,0.00010140186965399529,mated_identity_cluster,2000,8972,False,none,11
fiqa_s,fiqa_l,0.05,fpir,6334,6221,5534,121736,-0.0009282381546954064,-0.001560754419399356,-0.00033658901228888853,query,2000,8972,False,none,11
fiqa_s,fiqa_l,0.05,tpir_at_rank_k,400,410,358,60423,0.00016549989242506993,-0.00018172499328025733,0.0005114793980887974,mated_identity_cluster,2000,8972,False,none,11
global_empirical,fiqa_s,0.1,fpir,11654,11408,10089,121736,-0.0020207662482749555,-0.0029161464151935337,-0.0011746730630216205,query,2000,8972,False,none,11
global_empirical,fiqa_s,0.1,tpir_at_rank_k,772,754,660,60423,-0.00029789980636512584,-0.0009503106339454855,0.0003203665613816922,mated_identity_cluster,2000,8972,False,none,11
global_safe,fiqa_s,0.1,fpir,11338,11408,9974,121736,0.0005750147860944996,-0.00030393638693566405,0.0014211079713478346,query,2000,8972,False,none,11
global_safe,fiqa_s,0.1,tpir_at_rank_k,750,754,654,60423,6.619995697002797e-05,-0.0005361045542893207,0.0006397320333557194,mated_identity_cluster,2000,8972,False,none,11
global_empirical,fiqa_l,0.1,fpir,11654,11243,10556,121736,-0.003376158244069133,-0.004049952355917723,-0.002677926003811527,query,2000,8972,False,none,11
global_empirical,fiqa_l,0.1,tpir_at_rank_k,772,780,714,60423,0.00013239991394005594,-0.0002864032959507186,0.0005638759484733933,mated_identity_cluster,2000,8972,False,none,11
global_safe,fiqa_l,0.1,fpir,11338,11243,10446,121736,-0.000780377209699678,-0.0014706003154366823,-0.00011500295721889991,query,2000,8972,False,none,11
global_safe,fiqa_l,0.1,tpir_at_rank_k,750,780,705,60423,0.0004964996772752097,0.00011179488670115551,0.0009065827476466646,mated_identity_cluster,2000,8972,False,none,11
fiqa_s,fiqa_l,0.1,fpir,11408,11243,9969,121736,-0.0013553919957941776,-0.0022263340343037386,-0.0005501659328382741,query,2000,8972,False,none,11
fiqa_s,fiqa_l,0.1,tpir_at_rank_k,754,780,659,60423,0.0004302997203051818,-0.00028084198310851196,0.0011995325138782387,mated_identity_cluster,2000,8972,False,none,11
global_empirical,fiqa_s,0.2,fpir,22069,21761,19213,121736,-0.0025300650588157983,-0.003663665637116383,-0.0013471774988499704,query,2000,8972,False,none,11
global_empirical,fiqa_s,0.2,tpir_at_rank_k,1471,1424,1274,60423,-0.0007778494943978286,-0.0018317396889340415,0.00021594539982516627,mated_identity_cluster,2000,8972,False,none,11
global_safe,fiqa_s,0.2,fpir,21650,21761,19023,121736,0.0009118091608069921,-0.0002464349083262141,0.0021443944272852705,query,2000,8972,False,none,11
global_safe,fiqa_s,0.2,tpir_at_rank_k,1450,1424,1267,60423,-0.0004302997203051818,-0.0014828674561247898,0.0005836645156867109,mated_identity_cluster,2000,8972,False,none,11
global_empirical,fiqa_l,0.2,fpir,22069,21766,19186,121736,-0.0024889925740947624,-0.0036967289873168162,-0.0012810507984491054,query,2000,8972,False,none,11
global_empirical,fiqa_l,0.2,tpir_at_rank_k,1471,1515,1308,60423,0.0007281995266703076,-0.00024014906155327845,0.0016575210762423737,mated_identity_cluster,2000,8972,False,none,11
global_safe,fiqa_l,0.2,fpir,21650,21766,19049,121736,0.0009528816455280279,-0.00017250443582834986,0.002168832555694288,query,2000,8972,False,none,11
global_safe,fiqa_l,0.2,tpir_at_rank_k,1450,1515,1298,60423,0.0010757493007629544,7.827796097819541e-05,0.0020274190647709936,mated_identity_cluster,2000,8972,False,none,11
fiqa_s,fiqa_l,0.2,fpir,21761,21766,19048,121736,4.1072484721035685e-05,-0.0011091624498915684,0.0012896760202405204,query,2000,8972,False,none,11
fiqa_s,fiqa_l,0.2,tpir_at_rank_k,1424,1515,1288,60423,0.0015060490210681364,0.0004689097478199112,0.0025770013302969194,mated_identity_cluster,2000,8972,False,none,11
global_empirical,fiqa_s,0.3,fpir,33045,32678,28971,121736,-0.0030147203785240192,-0.004444042846816061,-0.0016016215416967876,query,2000,8972,False,none,11
global_empirical,fiqa_s,0.3,tpir_at_rank_k,2161,2154,1888,60423,-0.00011584992469754894,-0.0012490325461704617,0.001031381082315618,mated_identity_cluster,2000,8972,False,none,11
global_safe,fiqa_s,0.3,fpir,32554,32678,28754,121736,0.001018597621081685,-0.00036164322796871886,0.0024974124334625736,query,2000,8972,False,none,11
global_safe,fiqa_s,0.3,tpir_at_rank_k,2134,2154,1875,60423,0.00033099978485013986,-0.0008367772972188728,0.0014761152732920145,mated_identity_cluster,2000,8972,False,none,11
global_empirical,fiqa_l,0.3,fpir,33045,32705,28318,121736,-0.0027929289610304263,-0.004329450614444371,-0.0012401836761516737,query,2000,8972,False,none,11
global_empirical,fiqa_l,0.3,tpir_at_rank_k,2161,2285,1914,60423,0.002052198666070867,0.000903640177392798,0.003298088468277548,mated_identity_cluster,2000,8972,False,none,11
global_safe,fiqa_l,0.3,fpir,32554,32705,28124,121736,0.0012403890385752777,-0.0003041417493592689,0.0027929289610304263,query,2000,8972,False,none,11
global_safe,fiqa_l,0.3,tpir_at_rank_k,2134,2285,1902,60423,0.002499048375618556,0.0013635575123624884,0.003763643365424844,mated_identity_cluster,2000,8972,False,none,11
fiqa_s,fiqa_l,0.3,fpir,32678,32705,28450,121736,0.0002217914174935927,-0.0012323799040546753,0.0017665275678517423,query,2000,8972,False,none,11
fiqa_s,fiqa_l,0.3,tpir_at_rank_k,2154,2285,1909,60423,0.002168048590768416,0.0008464600413774563,0.0036370696644530687,mated_identity_cluster,2000,8972,False,none,11
global_empirical,fiqa_s,0.01,fpir,1802,1693,1546,121736,-0.0008953801669185779,-0.0012239600446868634,-0.0005750147860944996,query,2000,8972,False,none,12
global_empirical,fiqa_s,0.01,tpir_at_rank_k,79,68,62,60423,-0.0001820498816675769,-0.00034294769506525033,-3.451998904430522e-05,mated_identity_cluster,2000,8972,False,none,12
global_safe,fiqa_s,0.01,fpir,1687,1693,1512,121736,4.928698166524282e-05,-0.00024664027074981895,0.0003532233686009069,query,2000,8972,False,none,12
global_safe,fiqa_s,0.01,tpir_at_rank_k,70,68,59,60423,-3.3099978485013984e-05,-0.00013419166807703066,6.716513812055513e-05,mated_identity_cluster,2000,8972,False,none,12
global_empirical,fiqa_l,0.01,fpir,1802,1699,1680,121736,-0.000846093185253335,-0.0010514556088585135,-0.000657159755536571,query,2000,8972,False,none,12
global_empirical,fiqa_l,0.01,tpir_at_rank_k,79,74,73,60423,-8.274994621253496e-05,-0.00018863943563019969,0.0,mated_identity_cluster,2000,8972,False,none,12
global_safe,fiqa_l,0.01,fpir,1687,1699,1614,121736,9.857396333048565e-05,-0.00010678846027469278,0.00030393638693566405,query,2000,8972,False,none,12
global_safe,fiqa_l,0.01,tpir_at_rank_k,70,74,67,60423,6.619995697002797e-05,-1.5996371400710995e-05,0.00015385940585760152,mated_identity_cluster,2000,8972,False,none,12
fiqa_s,fiqa_l,0.01,fpir,1693,1699,1508,121736,4.928698166524282e-05,-0.0002630692646382332,0.0003532233686009069,query,2000,8972,False,none,12
fiqa_s,fiqa_l,0.01,tpir_at_rank_k,68,74,60,60423,9.929993545504196e-05,-3.221186287319682e-05,0.00023059341570073777,mated_identity_cluster,2000,8972,False,none,12
global_empirical,fiqa_s,0.05,fpir,6470,6482,5774,121736,9.857396333048565e-05,-0.0005177186699086544,0.000714866596569625,query,2000,8972,False,none,12
global_empirical,fiqa_s,0.05,tpir_at_rank_k,421,413,375,60423,-0.00013239991394005594,-0.00044801929683861675,0.00019098110158063445,mated_identity_cluster,2000,8972,False,none,12
global_safe,fiqa_s,0.05,fpir,6441,6482,5765,121736,0.0003367943747124926,-0.0002875073930472498,0.000961301504895839,query,2000,8972,False,none,12
global_safe,fiqa_s,0.05,tpir_at_rank_k,421,413,375,60423,-0.00013239991394005594,-0.00044801929683861675,0.00019098110158063445,mated_identity_cluster,2000,8972,False,none,12
global_empirical,fiqa_l,0.05,fpir,6470,6224,6129,121736,-0.0020207662482749555,-0.0023657751199316554,-0.001683971873562463,query,2000,8972,False,none,12
global_empirical,fiqa_l,0.05,tpir_at_rank_k,421,412,402,60423,-0.00014894990318256292,-0.0003646339932297833,4.955606673927848e-05,mated_identity_cluster,2000,8972,False,none,12
global_safe,fiqa_l,0.05,fpir,6441,6224,6124,121736,-0.0017825458368929488,-0.0021193402116054414,-0.0014539659591246631,query,2000,8972,False,none,12
global_safe,fiqa_l,0.05,tpir_at_rank_k,421,412,402,60423,-0.00014894990318256292,-0.0003646339932297833,4.955606673927848e-05,mated_identity_cluster,2000,8972,False,none,12
fiqa_s,fiqa_l,0.05,fpir,6482,6224,5692,121736,-0.0021193402116054414,-0.0027189984885325623,-0.001560549056975752,query,2000,8972,False,none,12
fiqa_s,fiqa_l,0.05,tpir_at_rank_k,413,412,372,60423,-1.6549989242506992e-05,-0.00035423340452402823,0.00030129210439369105,mated_identity_cluster,2000,8972,False,none,12
global_empirical,fiqa_s,0.1,fpir,11654,11535,10256,121736,-0.0009775251363606493,-0.0018400473155023985,-0.00017250443582834986,query,2000,8972,False,none,12
global_empirical,fiqa_s,0.1,tpir_at_rank_k,772,765,676,60423,-0.00011584992469754894,-0.0006978511060157952,0.0004252162033486404,mated_identity_cluster,2000,8972,False,none,12
global_safe,fiqa_s,0.1,fpir,11551,11535,10220,121736,-0.00013143195110731419,-0.0009859449957284614,0.0006982322402576066,query,2000,8972,False,none,12
global_safe,fiqa_s,0.1,tpir_at_rank_k,766,765,675,60423,-1.6549989242506992e-05,-0.0005703041578113213,0.0005096958187510574,mated_identity_cluster,2000,8972,False,none,12
global_empirical,fiqa_l,0.1,fpir,11654,11235,10549,121736,-0.00344187421962279,-0.004124088190839192,-0.002760070973253598,query,2000,8972,False,none,12
global_empirical,fiqa_l,0.1,tpir_at_rank_k,772,780,714,60423,0.00013239991394005594,-0.0002864032959507186,0.0005638759484733933,mated_identity_cluster,2000,8972,False,none,12
global_safe,fiqa_l,0.1,fpir,11551,11235,10517,121736,-0.0025957810343694553,-0.003302227771571269,-0.0019139777880002628,query,2000,8972,False,none,12
global_safe,fiqa_l,0.1,tpir_at_rank_k,766,780,712,60423,0.00023169984939509788,-0.0001955024667669233,0.0006656539089860384,mated_identity_cluster,2000,8972,False,none,12
fiqa_s,fiqa_l,0.1,fpir,11535,11235,10133,121736,-0.002464349083262141,-0.003245137017809029,-0.0016755520141946518,query,2000,8972,False,none,12
fiqa_s,fiqa_l,0.1,tpir_at_rank_k,765,780,675,60423,0.00024824983863760486,-0.0003727003223465245,0.0009444138607225904,mated_identity_cluster,2000,8972,False,none,12
global_empirical,fiqa_s,0.2,fpir,22069,22034,19444,121736,-0.0002875073930472498,-0.0014211079713478346,0.0009282381546954064,query,2000,8972,False,none,12
global_empirical,fiqa_s,0.2,tpir_at_rank_k,1471,1440,1285,60423,-0.0005130496665177168,-0.0015151695906061252,0.00043413145995560093,mated_identity_cluster,2000,8972,False,none,12
global_safe,fiqa_s,0.2,fpir,21859,22034,19350,121736,0.001437536965236249,0.0002957218899914569,0.0026122100282578694,query,2000,8972,False,none,12
global_safe,fiqa_s,0.2,tpir_at_rank_k,1460,1440,1282,60423,-0.00033099978485013986,-0.0012969263999652522,0.0006040773473421425,mated_identity_cluster,2000,8972,False,none,12
global_empirical,fiqa_l,0.2,fpir,22069,21781,19130,121736,-0.0023657751199316554,-0.0035733061707301046,-0.0011005372281001522,query,2000,8972,False,none,12
global_empirical,fiqa_l,0.2,tpir_at_rank_k,1471,1522,1306,60423,0.0008440494513678566,-0.00015307392972990712,0.001796964851917395,mated_identity_cluster,2000,8972,False,none,12
global_safe,fiqa_l,0.2,fpir,21859,21781,19061,121736,-0.0006407307616481567,-0.0018488778997174202,0.0006160872708155352,query,2000,8972,False,none,12
global_safe,fiqa_l,0.2,tpir_at_rank_k,1460,1522,1302,60423,0.0010260993330354336,1.7119706966999343e-05,0.0019861079990314097,mated_identity_cluster,2000,8972,False,none,12
fiqa_s,fiqa_l,0.2,fpir,22034,21781,19289,121736,-0.0020782677268844055,-0.003229118748767824,-0.0008871656699743708,query,2000,8972,False,none,12
fiqa_s,fiqa_l,0.2,tpir_at_rank_k,1440,1522,1301,60423,0.0013570991178855733,0.00032016790431711506,0.0024470904327503506,mated_identity_cluster,2000,8972,False,none,12
global_empirical,fiqa_s,0.3,fpir,33045,32936,29202,121736,-0.0008953801669185779,-0.00226720115660117,0.0005261385292764649,query,2000,8972,False,none,12
global_empirical,fiqa_s,0.3,tpir_at_rank_k,2161,2175,1908,60423,0.00023169984939509788,-0.0008849737607527584,0.0013189026249991757,mated_identity_cluster,2000,8972,False,none,12
global_safe,fiqa_s,0.3,fpir,32980,32936,29179,121736,-0.00036143786554511403,-0.0017745367023723464,0.0010434464743379105,query,2000,8972,False,none,12
global_safe,fiqa_s,0.3,tpir_at_rank_k,2157,2175,1906,60423,0.00029789980636512584,-0.000816900293852766,0.001376874893488286,mated_identity_cluster,2000,8972,False,none,12
global_empirical,fiqa_l,0.3,fpir,33045,32523,28342,121736,-0.004287967404876125,-0.005783211211145429,-0.0027598656108299936,query,2000,8972,False,none,12
global_empirical,fiqa_l,0.3,tpir_at_rank_k,2161,2264,1917,60423,0.0017046488919782202,0.0006509566264860916,0.0028728412084317967,mated_identity_cluster,2000,8972,False,none,12
global_safe,fiqa_l,0.3,fpir,32980,32523,28318,121736,-0.0037540251035026615,-0.005282126897548794,-0.002160412696326477,query,2000,8972,False,none,12
global_safe,fiqa_l,0.3,tpir_at_rank_k,2157,2264,1914,60423,0.0017708488489482483,0.000713656165774605,0.0029452618053631826,mated_identity_cluster,2000,8972,False,none,12
fiqa_s,fiqa_l,0.3,fpir,32936,32523,28562,121736,-0.0033925872379575476,-0.0048631875533942295,-0.00192219228494447,query,2000,8972,False,none,12
fiqa_s,fiqa_l,0.3,tpir_at_rank_k,2175,2264,1924,60423,0.0014729490425831222,0.000232204548786072,0.002833197905368457,mated_identity_cluster,2000,8972,False,none,12
global_empirical,fiqa_s,0.01,fpir,1802,1583,1492,121736,-0.001798974830781363,-0.0021193402116054414,-0.0014621804560688704,query,2000,8972,False,none,13
global_empirical,fiqa_s,0.01,tpir_at_rank_k,79,68,62,60423,-0.0001820498816675769,-0.00034294769506525033,-3.451998904430522e-05,mated_identity_cluster,2000,8972,False,none,13
global_safe,fiqa_s,0.01,fpir,1634,1583,1438,121736,-0.00041893934415456396,-0.0007228757310902281,-0.00011500295721889991,query,2000,8972,False,none,13
global_safe,fiqa_s,0.01,tpir_at_rank_k,68,68,58,60423,0.0,-0.000100668609822808,0.00011108918042919438,mated_identity_cluster,2000,8972,False,none,13
global_empirical,fiqa_l,0.01,fpir,1802,1631,1595,121736,-0.0014046789774594204,-0.0016593283827298416,-0.0011662532036538094,query,2000,8972,False,none,13
global_empirical,fiqa_l,0.01,tpir_at_rank_k,79,72,69,60423,-0.00011584992469754894,-0.00027288759188276375,0.0,mated_identity_cluster,2000,8972,False,none,13
global_safe,fiqa_l,0.01,fpir,1634,1631,1508,121736,-2.464349083262141e-05,-0.0002875073930472498,0.00023822041138200697,query,2000,8972,False,none,13
global_safe,fiqa_l,0.01,tpir_at_rank_k,68,72,61,60423,6.619995697002797e-05,-3.36504443302356e-05,0.00017221051246332103,mated_identity_cluster,2000,8972,False,none,13
fiqa_s,fiqa_l,0.01,fpir,1583,1631,1439,121736,0.0003942958533219426,9.857396333048565e-05,0.0006737941118485892,query,2000,8972,False,none,13
fiqa_s,fiqa_l,0.01,tpir_at_rank_k,68,72,59,60423,6.619995697002797e-05,-5.113029402714797e-05,0.00018866986295394835,mated_identity_cluster,2000,8972,False,none,13
global_empirical,fiqa_s,0.05,fpir,6470,6240,5651,121736,-0.0018893342971676415,-0.002521850561871591,-0.0012732470263521062,query,2000,8972,False,none,13
global_empirical,fiqa_s,0.05,tpir_at_rank_k,421,396,364,60423,-0.0004137497310626748,-0.0007472088558958187,-8.283042429993578e-05,mated_identity_cluster,2000,8972,False,none,13
global_safe,fiqa_s,0.05,fpir,6199,6240,5540,121736,0.0003367943747124926,-0.0002875073930472498,0.0009364526516396136,query,2000,8972,False,none,13
global_safe,fiqa_s,0.05,tpir_at_rank_k,407,396,360,60423,-0.0001820498816675769,-0.00048029051102358193,0.00011420511881479005,mated_identity_cluster,2000,8972,False,none,13
global_empirical,fiqa_l,0.05,fpir,6470,6139,6139,121736,-0.0027189984885325623,-0.0030147203785240192,-0.0024397055924295194,query,2000,8972,False,none,13
global_empirical,fiqa_l,0.05,tpir_at_rank_k,421,403,403,60423,-0.00029789980636512584,-0.0004981538062620761,-0.00013533205144568742,mated_identity_cluster,2000,8972,False,none,13
global_safe,fiqa_l,0.05,fpir,6199,6139,6049,121736,-0.0004928698166524282,-0.0007475192219228494,-0.00023000591443779982,query,2000,8972,False,none,13
global_safe,fiqa_l,0.05,tpir_at_rank_k,407,403,397,60423,-6.619995697002797e-05,-0.00018144092445141968,4.820299246118781e-05,mated_identity_cluster,2000,8972,False,none,13
fiqa_s,fiqa_l,0.05,fpir,6240,6139,5535,121736,-0.0008296641913649208,-0.0014213133337714395,-0.0002542386804232131,query,2000,8972,False,none,13
fiqa_s,fiqa_l,0.05,tpir_at_rank_k,396,403,358,60423,0.00011584992469754894,-0.00018223687480326684,0.00040786815148191596,mated_identity_cluster,2000,8972,False,none,13
global_empirical,fiqa_s,0.1,fpir,11654,11250,10099,121736,-0.003318656765459683,-0.0041811789446014325,-0.0024972070710389694,query,2000,8972,False,none,13
global_empirical,fiqa_s,0.1,tpir_at_rank_k,772,739,661,60423,-0.0005461496450027307,-0.0011680155817564801,1.867558939149251e-05,mated_identity_cluster,2000,8972,False,none,13
global_safe,fiqa_s,0.1,fpir,11188,11250,9927,121736,0.0005092988105408425,-0.000320776105671288,0.001322534008017349,query,2000,8972,False,none,13
global_safe,fiqa_s,0.1,tpir_at_rank_k,742,739,650,60423,-4.964996772752098e-05,-0.0006240886456242953,0.0004846257309782506,mated_identity_cluster,2000,8972,False,none,13
global_empirical,fiqa_l,0.1,fpir,11654,11176,10597,121736,-0.003926529539331011,-0.004608332785700203,-0.0032691644213708364,query,2000,8972,False,none,13
global_empirical,fiqa_l,0.1,tpir_at_rank_k,772,775,716,60423,4.964996772752098e-05,-0.0003520400051096959,0.00043505549340180574,mated_identity_cluster,2000,8972,False,none,13
global_safe,fiqa_l,0.1,fpir,11188,11176,10428,121736,-9.857396333048565e-05,-0.0007228757310902281,0.000542362160741275,query,2000,8972,False,none,13
global_safe,fiqa_l,0.1,tpir_at_rank_k,742,775,703,60423,0.0005461496450027307,0.00017218449707396966,0.0009545315308437839,mated_identity_cluster,2000,8972,False,none,13
fiqa_s,fiqa_l,0.1,fpir,11250,11176,9949,121736,-0.0006078727738713281,-0.0014539659591246631,0.00018893342971676414,query,2000,8972,False,none,13
fiqa_s,fiqa_l,0.1,tpir_at_rank_k,739,775,658,60423,0.0005957996127302517,-1.7050228427410025e-05,0.0012974969531080068,mated_identity_cluster,2000,8972,False,none,13
global_empirical,fiqa_s,0.2,fpir,22069,21483,19085,121736,-0.004813695209305382,-0.005964135506341591,-0.003556671814418086,query,2000,8972,False,none,13
global_empirical,fiqa_s,0.2,tpir_at_rank_k,1471,1409,1268,60423,-0.0010260993330354336,-0.002143420528004021,3.922368482963126e-07,mated_identity_cluster,2000,8972,False,none,13
global_safe,fiqa_s,0.2,fpir,21398,21483,18791,121736,0.0006982322402576066,-0.0004193500690017736,0.0019139777880002628,query,2000,8972,False,none,13
global_safe,fiqa_s,0.2,tpir_at_rank_k,1432,1409,1256,60423,-0.00038064975257766083,-0.0014129656254111378,0.0006163388079066882,mated_identity_cluster,2000,8972,False,none,13
global_empirical,fiqa_l,0.2,fpir,22069,21641,19220,121736,-0.0035158046921206546,-0.004641396135900637,-0.002299853781954394,query,2000,8972,False,none,13
global_empirical,fiqa_l,0.2,tpir_at_rank_k,1471,1509,1310,60423,0.0006288995912152657,-0.0002939649370779928,0.001536429771392747,mated_identity_cluster,2000,8972,False,none,13
global_safe,fiqa_l,0.2,fpir,21398,21641,18990,121736,0.001996122757442334,0.0008541023197739375,0.0031874301767759734,query,2000,8972,False,none,13
global_safe,fiqa_l,0.2,tpir_at_rank_k,1432,1509,1289,60423,0.0012743491716730383,0.0003241069140762274,0.002234940335750931,mated_identity_cluster,2000,8972,False,none,13
fiqa_s,fiqa_l,0.2,fpir,21483,21641,18921,121736,0.0012978905171847277,0.00012321745416310706,0.002522055924295195,query,2000,8972,False,none,13
fiqa_s,fiqa_l,0.2,tpir_at_rank_k,1409,1509,1279,60423,0.0016549989242506992,0.000621679746300343,0.0027235862634751276,mated_identity_cluster,2000,8972,False,none,13
global_empirical,fiqa_s,0.3,fpir,33045,32408,28858,121736,-0.005232634553459946,-0.006604455543142538,-0.0038031067227443003,query,2000,8972,False,none,13
global_empirical,fiqa_s,0.3,tpir_at_rank_k,2161,2133,1877,60423,-0.00046339969879019576,-0.0016423808699286334,0.0007032448053685198,mated_identity_cluster,2000,8972,False,none,13
global_safe,fiqa_s,0.3,fpir,32355,32408,28555,121736,0.00043536833804297826,-0.0009857396333048565,0.00186469080633502,query,2000,8972,False,none,13
global_safe,fiqa_s,0.3,tpir_at_rank_k,2123,2133,1863,60423,0.00016549989242506993,-0.0010001468897688091,0.0013253287715940508,mated_identity_cluster,2000,8972,False,none,13
global_empirical,fiqa_l,0.3,fpir,33045,32628,28375,121736,-0.003425445225734376,-0.004937528750739304,-0.0018482618124466058,query,2000,8972,False,none,13
global_empirical,fiqa_l,0.3,tpir_at_rank_k,2161,2276,1917,60423,0.0019032487628883041,0.0008491475434261378,0.0030702351318520945,mated_identity_cluster,2000,8972,False,none,13
global_safe,fiqa_l,0.3,fpir,32355,32628,28099,121736,0.0022425576657685484,0.0007637428533876589,0.0037542304659262658,query,2000,8972,False,none,13
global_safe,fiqa_l,0.3,tpir_at_rank_k,2123,2276,1900,60423,0.00253214835410357,0.001449716171450227,0.003719128198160897,mated_identity_cluster,2000,8972,False,none,13
fiqa_s,fiqa_l,0.3,fpir,32408,32628,28399,121736,0.00180718932772557,0.0003121508838798712,0.0033106476309390804,query,2000,8972,False,none,13
fiqa_s,fiqa_l,0.3,tpir_at_rank_k,2133,2276,1903,60423,0.0023666484616785,0.0010344561016028986,0.0038915419686612494,mated_identity_cluster,2000,8972,False,none,13
global_empirical,fiqa_s,0.01,fpir,1802,1676,1559,121736,-0.0010350266149700992,-0.0013471774988499704,-0.0007308848656108312,query,2000,8972,False,none,14
global_empirical,fiqa_s,0.01,tpir_at_rank_k,79,68,62,60423,-0.0001820498816675769,-0.00034294769506525033,-3.451998904430522e-05,mated_identity_cluster,2000,8972,False,none,14
global_safe,fiqa_s,0.01,fpir,1710,1676,1530,121736,-0.0002792928961030427,-0.0005668002891502925,2.464349083262141e-05,query,2000,8972,False,none,14
global_safe,fiqa_s,0.01,tpir_at_rank_k,74,68,60,60423,-9.929993545504196e-05,-0.00021513389885003198,1.591871914119362e-05,mated_identity_cluster,2000,8972,False,none,14
global_empirical,fiqa_l,0.01,fpir,1802,1738,1712,121736,-0.0005257278044292567,-0.0007146612341460209,-0.00035301800617730284,query,2000,8972,False,none,14
global_empirical,fiqa_l,0.01,tpir_at_rank_k,79,75,74,60423,-6.619995697002797e-05,-0.00016064375084567491,0.0,mated_identity_cluster,2000,8972,False,none,14
global_safe,fiqa_l,0.01,fpir,1710,1738,1657,121736,0.00023000591443779982,4.928698166524282e-05,0.00041893934415456396,query,2000,8972,False,none,14
global_safe,fiqa_l,0.01,tpir_at_rank_k,74,75,71,60423,1.6549989242506992e-05,-6.588248583556486e-05,0.0001149585887017167,mated_identity_cluster,2000,8972,False,none,14
fiqa_s,fiqa_l,0.01,fpir,1676,1738,1536,121736,0.0005092988105408425,0.00021357692054938557,0.0008050207005322994,query,2000,8972,False,none,14
fiqa_s,fiqa_l,0.01,tpir_at_rank_k,68,75,60,60423,0.00011584992469754894,-1.72636555946059e-05,0.00025741009975745703,mated_identity_cluster,2000,8972,False,none,14
global_empirical,fiqa_s,0.05,fpir,6470,6278,5720,121736,-0.0015771834132877703,-0.002168627193270684,-0.0009857396333048565,query,2000,8972,False,none,14
global_empirical,fiqa_s,0.05,tpir_at_rank_k,421,401,372,60423,-0.00033099978485013986,-0.0006539908426545504,-1.7045475759221942e-05,mated_identity_cluster,2000,8972,False,none,14
global_safe,fiqa_s,0.05,fpir,6338,6278,5670,121736,-0.0004928698166524282,-0.0010925280935795492,9.87793257540897e-05,query,2000,8972,False,none,14
global_safe,fiqa_s,0.05,tpir_at_rank_k,419,401,372,60423,-0.00029789980636512584,-0.0006180855077519909,0.0,mated_identity_cluster,2000,8972,False,none,14
global_empirical,fiqa_l,0.05,fpir,6470,6290,6114,121736,-0.0014786094499572846,-0.0018564763093908128,-0.0011089570874679635,query,2000,8972,False,none,14
global_empirical,fiqa_l,0.05,tpir_at_rank_k,421,414,400,60423,-0.00011584992469754894,-0.00033385032340249224,8.570333383183608e-05,mated_identity_cluster,2000,8972,False,none,14
global_safe,fiqa_l,0.05,fpir,6338,6290,6073,121736,-0.0003942958533219426,-0.0007557337188670566,-5.7501478609449955e-05,query,2000,8972,False,none,14
global_safe,fiqa_l,0.05,tpir_at_rank_k,419,414,399,60423,-8.274994621253496e-05,-0.00029994782654093314,0.00012346746929461723,mated_identity_cluster,2000,8972,False,none,14
fiqa_s,fiqa_l,0.05,fpir,6278,6290,5665,121736,9.857396333048565e-05,-0.0004682263258198068,0.0006735887494249852,query,2000,8972,False,none,14
fiqa_s,fiqa_l,0.05,tpir_at_rank_k,401,414,370,60423,0.0002151498601525909,-6.627839817587849e-05,0.0005328189062543166,mated_identity_cluster,2000,8972,False,none,14
global_empirical,fiqa_s,0.1,fpir,11654,11421,10247,121736,-0.0019139777880002628,-0.0027602763356772025,-0.001133600578300585,query,2000,8972,False,none,14
global_empirical,fiqa_s,0.1,tpir_at_rank_k,772,752,673,60423,-0.00033099978485013986,-0.0008860643154250112,0.00019646305410377825,mated_identity_cluster,2000,8972,False,none,14
global_safe,fiqa_s,0.1,fpir,11448,11421,10175,121736,-0.0002217914174935927,-0.0010678846027469277,0.0005668002891502925,query,2000,8972,False,none,14
global_safe,fiqa_s,0.1,tpir_at_rank_k,759,752,669,60423,-0.00011584992469754894,-0.0006555701845693072,0.00038767649724680297,mated_identity_cluster,2000,8972,False,none,14
global_empirical,fiqa_l,0.1,fpir,11654,11293,10467,121736,-0.0029654333968587763,-0.003721167115725833,-0.0022343431688243414,query,2000,8972,False,none,14
global_empirical,fiqa_l,0.1,tpir_at_rank_k,772,792,708,60423,0.00033099978485013986,-0.00013359282266543244,0.000803906627325243,mated_identity_cluster,2000,8972,False,none,14
global_safe,fiqa_l,0.1,fpir,11448,11293,10404,121736,-0.0012732470263521062,-0.001987908260498127,-0.0005503712952618781,query,2000,8972,False,none,14
global_safe,fiqa_l,0.1,tpir_at_rank_k,759,792,704,60423,0.0005461496450027307,8.731411155698602e-05,0.0010355862884535605,mated_identity_cluster,2000,8972,False,none,14
fiqa_s,fiqa_l,0.1,fpir,11421,11293,10149,121736,-0.0010514556088585135,-0.0018729053032792273,-0.0002875073930472498,query,2000,8972,False,none,14
fiqa_s,fiqa_l,0.1,tpir_at_rank_k,752,792,680,60423,0.0006619995697002797,3.5112771210635275e-05,0.0013592281518807182,mated_identity_cluster,2000,8972,False,none,14
global_empirical,fiqa_s,0.2,fpir,22069,21926,19534,121736,-0.0011746730630216205,-0.002275415653545377,-4.928698166524282e-05,query,2000,8972,False,none,14
global_empirical,fiqa_s,0.2,tpir_at_rank_k,1471,1427,1287,60423,-0.0007281995266703076,-0.0017165215587181546,0.00020413561521601646,mated_identity_cluster,2000,8972,False,none,14
global_safe,fiqa_s,0.2,fpir,21859,21926,19440,121736,0.0005503712952618781,-0.0005259331668528615,0.0017090260892422926,query,2000,8972,False,none,14
global_safe,fiqa_s,0.2,tpir_at_rank_k,1460,1427,1284,60423,-0.0005461496450027307,-0.001500699459711276,0.0003525938748953047,mated_identity_cluster,2000,8972,False,none,14
global_empirical,fiqa_l,0.2,fpir,22069,21867,19159,121736,-0.0016593283827298416,-0.0028257869488072553,-0.0004187339817309599,query,2000,8972,False,none,14
global_empirical,fiqa_l,0.2,tpir_at_rank_k,1471,1531,1306,60423,0.0009929993545504195,-1.556662751262044e-05,0.001972817774495774,mated_identity_cluster,2000,8972,False,none,14
global_safe,fiqa_l,0.2,fpir,21859,21867,19090,121736,6.571597555365709e-05,-0.0011340113031477945,0.001306721101399747,query,2000,8972,False,none,14
global_safe,fiqa_l,0.2,tpir_at_rank_k,1460,1531,1302,60423,0.0011750492362179964,0.00015970920183183004,0.0021690812359207693,mated_identity_cluster,2000,8972,False,none,14
fiqa_s,fiqa_l,0.2,fpir,21926,21867,19281,121736,-0.00048465531970822107,-0.0016020322665439965,0.0007315009528816433,query,2000,8972,False,none,14
fiqa_s,fiqa_l,0.2,tpir_at_rank_k,1427,1531,1295,60423,0.0017211988812207272,0.0006742531442754588,0.0028323174447870535,mated_identity_cluster,2000,8972,False,none,14
global_empirical,fiqa_s,0.3,fpir,33045,32767,29225,121736,-0.002283630150489584,-0.0037047381218374186,-0.000903594663862785,query,2000,8972,False,none,14
global_empirical,fiqa_s,0.3,tpir_at_rank_k,2161,2165,1909,60423,6.619995697002797e-05,-0.0010220270891996394,0.001155169199384308,mated_identity_cluster,2000,8972,False,none,14
global_safe,fiqa_s,0.3,fpir,32862,32767,29146,121736,-0.000780377209699678,-0.002168627193270684,0.0006735887494249852,query,2000,8972,False,none,14
global_safe,fiqa_s,0.3,tpir_at_rank_k,2150,2165,1905,60423,0.00024824983863760486,-0.0008302530682317598,0.001317602608094534,mated_identity_cluster,2000,8972,False,none,14
global_empirical,fiqa_l,0.3,fpir,33045,32903,28320,121736,-0.0011664585660774135,-0.002760070973253598,0.00041914470657816803,query,2000,8972,False,none,14
global_empirical,fiqa_l,0.3,tpir_at_rank_k,2161,2296,1915,60423,0.002234248547738444,0.0010846834424611922,0.003526094485576786,mated_identity_cluster,2000,8972,False,none,14
global_safe,fiqa_l,0.3,fpir,32862,32903,28250,121736,0.0003367943747124926,-0.0011748784254452254,0.0019310228691594893,query,2000,8972,False,none,14
global_safe,fiqa_l,0.3,tpir_at_rank_k,2150,2296,1911,60423,0.002416298429406021,0.0012683492615398776,0.0037270463875283843,mated_identity_cluster,2000,8972,False,none,14
fiqa_s,fiqa_l,0.3,fpir,32767,32903,28474,121736,0.0011171715844121707,-0.00040271571268975454,0.002694560360123545,query,2000,8972,False,none,14
fiqa_s,fiqa_l,0.3,tpir_at_rank_k,2165,2296,1915,60423,0.002168048590768416,0.0008755435779630943,0.0036047011176640834,mated_identity_cluster,2000,8972,False,none,14
global_empirical,fiqa_s,0.01,fpir,1802,1751,1592,121736,-0.00041893934415456396,-0.0007310902280344352,-0.00011500295721889991,query,2000,8972,False,none,15
global_empirical,fiqa_s,0.01,tpir_at_rank_k,79,74,66,60423,-8.274994621253496e-05,-0.000215713778852492,4.932397195399987e-05,mated_identity_cluster,2000,8972,False,none,15
global_safe,fiqa_s,0.01,fpir,1787,1751,1586,121736,-0.0002957218899914569,-0.0006078727738713281,8.214496944207137e-06,query,2000,8972,False,none,15
global_safe,fiqa_s,0.01,tpir_at_rank_k,77,74,65,60423,-4.964996772752098e-05,-0.0001874726906508668,8.504458672152649e-05,mated_identity_cluster,2000,8972,False,none,15
global_empirical,fiqa_l,0.01,fpir,1802,1758,1688,121736,-0.00036143786554511403,-0.0005914437799829139,-0.0001476555825721244,query,2000,8972,False,none,15
global_empirical,fiqa_l,0.01,tpir_at_rank_k,79,77,73,60423,-3.3099978485013984e-05,-0.0001426408459459788,4.960475143320255e-05,mated_identity_cluster,2000,8972,False,none,15
global_safe,fiqa_l,0.01,fpir,1787,1758,1679,121736,-0.00023822041138200697,-0.00046001182887559964,-8.214496944207137e-06,query,2000,8972,False,none,15
global_safe,fiqa_l,0.01,tpir_at_rank_k,77,77,72,60423,0.0,-0.00010152319867741074,8.38947662301547e-05,mated_identity_cluster,2000,8972,False,none,15
fiqa_s,fiqa_l,0.01,fpir,1751,1758,1573,121736,5.7501478609449955e-05,-0.00024664027074981895,0.00036965236248932116,query,2000,8972,False,none,15
fiqa_s,fiqa_l,0.01,tpir_at_rank_k,74,77,65,60423,4.964996772752098e-05,-9.798356749476007e-05,0.0001856330172115198,mated_identity_cluster,2000,8972,False,none,15
global_empirical,fiqa_s,0.05,fpir,6470,6476,5758,121736,4.928698166524282e-05,-0.0005752201485181044,0.0006737941118485892,query,2000,8972,False,none,15
global_empirical,fiqa_s,0.05,tpir_at_rank_k,421,413,374,60423,-0.00013239991394005594,-0.0004482762141636349,0.0001879349400979821,mated_identity_cluster,2000,8972,False,none,15
global_safe,fiqa_s,0.05,fpir,6459,6476,5754,121736,0.00013964644805152134,-0.0005010843135966354,0.0007559390812906606,query,2000,8972,False,none,15
global_safe,fiqa_s,0.05,tpir_at_rank_k,421,413,374,60423,-0.00013239991394005594,-0.0004482762141636349,0.0001879349400979821,mated_identity_cluster,2000,8972,False,none,15
global_empirical,fiqa_l,0.05,fpir,6470,6284,6149,121736,-0.0015278964316225274,-0.0018729053032792273,-0.0011746730630216205,query,2000,8972,False,none,15
global_empirical,fiqa_l,0.05,tpir_at_rank_k,421,418,405,60423,-4.964996772752098e-05,-0.00024516040971417954,0.00013759241989182698,mated_identity_cluster,2000,8972,False,none,15
global_safe,fiqa_l,0.05,fpir,6459,6284,6147,121736,-0.001437536965236249,-0.0017825458368929488,-0.0010925280935795492,query,2000,8972,False,none,15
global_safe,fiqa_l,0.05,tpir_at_rank_k,421,418,405,60423,-4.964996772752098e-05,-0.00024516040971417954,0.00013759241989182698,mated_identity_cluster,2000,8972,False,none,15
fiqa_s,fiqa_l,0.05,fpir,6476,6284,5699,121736,-0.0015771834132877703,-0.002185261549582703,-0.0009857396333048565,query,2000,8972,False,none,15
fiqa_s,fiqa_l,0.05,tpir_at_rank_k,413,418,373,60423,8.274994621253496e-05,-0.0002286098763750126,0.0003972218335132769,mated_identity_cluster,2000,8972,False,none,15
global_empirical,fiqa_s,0.1,fpir,11654,11546,10259,121736,-0.0008871656699743708,-0.00174968784911612,-5.7501478609449955e-05,query,2000,8972,False,none,15
global_empirical,fiqa_s,0.1,tpir_at_rank_k,772,766,672,60423,-9.929993545504196e-05,-0.0007121372931574157,0.0004668598181516661,mated_identity_cluster,2000,8972,False,none,15
global_safe,fiqa_s,0.1,fpir,11519,11546,10212,121736,0.0002217914174935927,-0.0006164979956627449,0.0010105884865610818,query,2000,8972,False,none,15
global_safe,fiqa_s,0.1,tpir_at_rank_k,761,766,668,60423,8.274994621253496e-05,-0.0005207953844882424,0.0006383618546684771,mated_identity_cluster,2000,8972,False,none,15
global_empirical,fiqa_l,0.1,fpir,11654,11133,10605,121736,-0.004279752907931918,-0.004936912663468489,-0.0036470312808043644,query,2000,8972,False,none,15
global_empirical,fiqa_l,0.1,tpir_at_rank_k,772,769,715,60423,-4.964996772752098e-05,-0.0004491808336083248,0.00033011551155115383,mated_identity_cluster,2000,8972,False,none,15
global_safe,fiqa_l,0.1,fpir,11519,11133,10562,121736,-0.0031707958204639547,-0.0038279555760005256,-0.0025627176841690226,query,2000,8972,False,none,15
global_safe,fiqa_l,0.1,tpir_at_rank_k,761,769,711,60423,0.00013239991394005594,-0.00026707945815343493,0.0005113033344592764,mated_identity_cluster,2000,8972,False,none,15
fiqa_s,fiqa_l,0.1,fpir,11546,11133,10092,121736,-0.0033925872379575476,-0.004189598803969245,-0.0025873611750016436,query,2000,8972,False,none,15
fiqa_s,fiqa_l,0.1,tpir_at_rank_k,766,769,668,60423,4.964996772752098e-05,-0.0006143292633746843,0.0007380594896457991,mated_identity_cluster,2000,8972,False,none,15
global_empirical,fiqa_s,0.2,fpir,22069,21681,19178,121736,-0.003187224814352369,-0.004353683380429783,-0.0019384159164092802,query,2000,8972,False,none,15
global_empirical,fiqa_s,0.2,tpir_at_rank_k,1471,1422,1274,60423,-0.0008109494728828426,-0.0018495841944665627,0.00016294860035769447,mated_identity_cluster,2000,8972,False,none,15
global_safe,fiqa_s,0.2,fpir,21500,21681,18924,121736,0.0014868239469014919,0.00031194552145626635,0.002702774857067752,query,2000,8972,False,none,15
global_safe,fiqa_s,0.2,tpir_at_rank_k,1439,1422,1264,60423,-0.0002813498171226189,-0.0012680465556392166,0.0006700601209499427,mated_identity_cluster,2000,8972,False,none,15
global_empirical,fiqa_l,0.2,fpir,22069,21343,19351,121736,-0.0059637247814943815,-0.007031609384241309,-0.004813695209305382,query,2000,8972,False,none,15
global_empirical,fiqa_l,0.2,tpir_at_rank_k,1471,1483,1318,60423,0.00019859987091008392,-0.0007146341325878297,0.0010653689894978488,mated_identity_cluster,2000,8972,False,none,15
global_safe,fiqa_l,0.2,fpir,21500,21343,19156,121736,-0.0012896760202405204,-0.0023331224945784316,-0.00018872806729316007,query,2000,8972,False,none,15
global_safe,fiqa_l,0.2,tpir_at_rank_k,1439,1483,1303,60423,0.0007281995266703076,-0.00020293202393882715,0.0016215875880316406,mated_identity_cluster,2000,8972,False,none,15
fiqa_s,fiqa_l,0.2,fpir,21681,21343,19021,121736,-0.0027764999671420123,-0.003869233423145166,-0.0016096306762173908,query,2000,8972,False,none,15
fiqa_s,fiqa_l,0.2,tpir_at_rank_k,1422,1483,1288,60423,0.0010095493437929266,3.232068856111828e-05,0.002062034537270949,mated_identity_cluster,2000,8972,False,none,15
global_empirical,fiqa_s,0.3,fpir,33045,32500,28880,121736,-0.004476900834592889,-0.0058980088059407245,-0.003080230991654072,query,2000,8972,False,none,15
global_empirical,fiqa_s,0.3,tpir_at_rank_k,2161,2139,1879,60423,-0.0003640997633351538,-0.0015055860118976376,0.0007709372814514997,mated_identity_cluster,2000,8972,False,none,15
global_safe,fiqa_s,0.3,fpir,32438,32500,28614,121736,0.0005092988105408425,-0.0009282381546954064,0.0019881136229217312,query,2000,8972,False,none,15
global_safe,fiqa_s,0.3,tpir_at_rank_k,2128,2139,1866,60423,0.0001820498816675769,-0.0009570046262886102,0.0013129934330014014,mated_identity_cluster,2000,8972,False,none,15
global_empirical,fiqa_l,0.3,fpir,33045,32277,28427,121736,-0.006308733653151081,-0.007795762962476177,-0.0047637921403693275,query,2000,8972,False,none,15
global_empirical,fiqa_l,0.3,tpir_at_rank_k,2161,2242,1920,60423,0.0013405491286430664,0.00035424596410734804,0.0024677009962486844,mated_identity_cluster,2000,8972,False,none,15
global_safe,fiqa_l,0.3,fpir,32438,32277,28189,121736,-0.001322534008017349,-0.0027520618387329955,0.00023842577380561104,query,2000,8972,False,none,15
global_safe,fiqa_l,0.3,tpir_at_rank_k,2128,2242,1905,60423,0.0018866987736457972,0.0008885817971306418,0.003034702506128036,mated_identity_cluster,2000,8972,False,none,15
fiqa_s,fiqa_l,0.3,fpir,32500,32277,28499,121736,-0.0018318328185581915,-0.003310442268515476,-0.00040209962541894157,query,2000,8972,False,none,15
fiqa_s,fiqa_l,0.3,tpir_at_rank_k,2139,2242,1905,60423,0.0017046488919782202,0.0005259475577413801,0.0030616856241166414,mated_identity_cluster,2000,8972,False,none,15
global_empirical,fiqa_s,0.01,fpir,1802,1763,1589,121736,-0.00032036538082407835,-0.0006243017677597423,-1.6428993888414273e-05,query,2000,8972,False,none,16
global_empirical,fiqa_s,0.01,tpir_at_rank_k,79,74,66,60423,-8.274994621253496e-05,-0.000215713778852492,4.932397195399987e-05,mated_identity_cluster,2000,8972,False,none,16
global_safe,fiqa_s,0.01,fpir,1769,1763,1578,121736,-4.928698166524282e-05,-0.00036143786554511403,0.00026286390221462837,query,2000,8972,False,none,16
global_safe,fiqa_s,0.01,tpir_at_rank_k,75,74,64,60423,-1.6549989242506992e-05,-0.00015437036580504216,0.00013247165173093864,mated_identity_cluster,2000,8972,False,none,16
global_empirical,fiqa_l,0.01,fpir,1802,1773,1707,121736,-0.00023822041138200697,-0.0004517973319313925,-3.2857987776828546e-05,query,2000,8972,False,none,16
global_empirical,fiqa_l,0.01,tpir_at_rank_k,79,77,74,60423,-3.3099978485013984e-05,-0.0001426408459459788,4.960475143320255e-05,mated_identity_cluster,2000,8972,False,none,16
global_safe,fiqa_l,0.01,fpir,1769,1773,1686,121736,3.2857987776828546e-05,-0.00018893342971676414,0.00023822041138200697,query,2000,8972,False,none,16
global_safe,fiqa_l,0.01,tpir_at_rank_k,75,77,72,60423,3.3099978485013984e-05,-5.073189230041539e-05,0.0001309611188771156,mated_identity_cluster,2000,8972,False,none,16
fiqa_s,fiqa_l,0.01,fpir,1763,1773,1579,121736,8.214496944207137e-05,-0.00023000591443779982,0.0003942958533219426,query,2000,8972,False,none,16
fiqa_s,fiqa_l,0.01,tpir_at_rank_k,74,77,64,60423,4.964996772752098e-05,-9.798356749476007e-05,0.0001856330172115198,mated_identity_cluster,2000,8972,False,none,16
global_empirical,fiqa_s,0.05,fpir,6470,6468,5774,121736,-1.6428993888414273e-05,-0.0006325162647039496,0.0006078727738713281,query,2000,8972,False,none,16
global_empirical,fiqa_s,0.05,tpir_at_rank_k,421,413,375,60423,-0.00013239991394005594,-0.00044801929683861675,0.00019098110158063445,mated_identity_cluster,2000,8972,False,none,16
global_safe,fiqa_s,0.05,fpir,6429,6468,5758,121736,0.00032036538082407835,-0.0002957218899914569,0.0009284435171190104,query,2000,8972,False,none,16
global_safe,fiqa_s,0.05,tpir_at_rank_k,421,413,375,60423,-0.00013239991394005594,-0.00044801929683861675,0.00019098110158063445,mated_identity_cluster,2000,8972,False,none,16
global_empirical,fiqa_l,0.05,fpir,6470,6369,6190,121736,-0.0008296641913649208,-0.0011828875599658277,-0.0004928698166524282,query,2000,8972,False,none,16
global_empirical,fiqa_l,0.05,tpir_at_rank_k,421,421,407,60423,0.0,-0.00019591083622924726,0.0001902293219130344,mated_identity_cluster,2000,8972,False,none,16
global_safe,fiqa_l,0.05,fpir,6429,6369,6180,121736,-0.0004928698166524282,-0.0008380840507327327,-0.0001560754419399356,query,2000,8972,False,none,16
global_safe,fiqa_l,0.05,tpir_at_rank_k,421,421,407,60423,0.0,-0.00019591083622924726,0.0001902293219130344,mated_identity_cluster,2000,8972,False,none,16
fiqa_s,fiqa_l,0.05,fpir,6468,6369,5743,121736,-0.0008132351974765065,-0.0014211079713478346,-0.0002133715581257815,query,2000,8972,False,none,16
fiqa_s,fiqa_l,0.05,tpir_at_rank_k,413,421,375,60423,0.00013239991394005594,-0.00020106314023476683,0.00046163379557267705,mated_identity_cluster,2000,8972,False,none,16
global_empirical,fiqa_s,0.1,fpir,11654,11621,10297,121736,-0.0002710783991588355,-0.001133600578300585,0.0005339423013734639,query,2000,8972,False,none,16
global_empirical,fiqa_s,0.1,tpir_at_rank_k,772,775,676,60423,4.964996772752098e-05,-0.0005479568693624824,0.0006113753655545064,mated_identity_cluster,2000,8972,False,none,16
global_safe,fiqa_s,0.1,fpir,11615,11621,10282,121736,4.928698166524282e-05,-0.0007885917066438852,0.0008625221791417494,query,2000,8972,False,none,16
global_safe,fiqa_s,0.1,tpir_at_rank_k,771,775,676,60423,6.619995697002797e-05,-0.0005301827749816131,0.0006305280091714399,mated_identity_cluster,2000,8972,False,none,16
global_empirical,fiqa_l,0.1,fpir,11654,11322,10698,121736,-0.0027272129854767693,-0.0034008017349017546,-0.0020862768614050087,query,2000,8972,False,none,16
global_empirical,fiqa_l,0.1,tpir_at_rank_k,772,781,720,60423,0.00014894990318256292,-0.00023555435786895887,0.0005235466101207007,mated_identity_cluster,2000,8972,False,none,16
global_safe,fiqa_l,0.1,fpir,11615,11322,10683,121736,-0.002406847604652691,-0.003072427219557074,-0.0017579023460603273,query,2000,8972,False,none,16
global_safe,fiqa_l,0.1,tpir_at_rank_k,771,781,720,60423,0.00016549989242506993,-0.0002146857585224247,0.0005404316990476666,mated_identity_cluster,2000,8972,False,none,16
fiqa_s,fiqa_l,0.1,fpir,11621,11322,10211,121736,-0.002456134586317934,-0.003261566011697443,-0.0016755520141946518,query,2000,8972,False,none,16
fiqa_s,fiqa_l,0.1,tpir_at_rank_k,775,781,676,60423,9.929993545504196e-05,-0.0005291442038458797,0.000789428876220721,mated_identity_cluster,2000,8972,False,none,16
global_empirical,fiqa_s,0.2,fpir,22069,22180,19542,121736,0.0009118091608069921,-0.0002464349083262141,0.002086687586252217,query,2000,8972,False,none,16
global_empirical,fiqa_s,0.2,tpir_at_rank_k,1471,1446,1287,60423,-0.0004137497310626748,-0.0013906678631859536,0.0005226792017312969,mated_identity_cluster,2000,8972,False,none,16
global_safe,fiqa_s,0.2,fpir,21974,22180,19501,121736,0.00169218637050667,0.0005503712952618781,0.002875073930472498,query,2000,8972,False,none,16
global_safe,fiqa_s,0.2,tpir_at_rank_k,1466,1446,1286,60423,-0.00033099978485013986,-0.001294740782793635,0.00061117868139953,mated_identity_cluster,2000,8972,False,none,16
global_empirical,fiqa_l,0.2,fpir,22069,21766,19407,121736,-0.0024889925740947624,-0.003623003877242557,-0.001314114148649538,query,2000,8972,False,none,16
global_empirical,fiqa_l,0.2,tpir_at_rank_k,1471,1518,1322,60423,0.0007778494943978286,-9.978653628352988e-05,0.0016525208117518216,mated_identity_cluster,2000,8972,False,none,16
global_safe,fiqa_l,0.2,fpir,21974,21766,19379,121736,-0.0017086153643950846,-0.0028348228954458814,-0.0005339423013734639,query,2000,8972,False,none,16
global_safe,fiqa_l,0.2,tpir_at_rank_k,1466,1518,1320,60423,0.0008605994406103636,-1.7196608602395787e-05,0.001732670856893604,mated_identity_cluster,2000,8972,False,none,16
fiqa_s,fiqa_l,0.2,fpir,22180,21766,19533,121736,-0.0034008017349017546,-0.004435828349871854,-0.0022425576657685484,query,2000,8972,False,none,16
fiqa_s,fiqa_l,0.2,tpir_at_rank_k,1446,1518,1309,60423,0.0011915992254605033,0.00022141197810877618,0.002233427288469573,mated_identity_cluster,2000,8972,False,none,16
global_empirical,fiqa_s,0.3,fpir,33045,32902,29126,121736,-0.0011746730630216205,-0.0026048169810080814,0.00025464940527042125,query,2000,8972,False,none,16
global_empirical,fiqa_s,0.3,tpir_at_rank_k,2161,2168,1901,60423,0.00011584992469754894,-0.0010142492166555189,0.001229168681106285,mated_identity_cluster,2000,8972,False,none,16
global_safe,fiqa_s,0.3,fpir,32794,32902,29014,121736,0.0008871656699743708,-0.0005423621607412758,0.0023659804823552596,query,2000,8972,False,none,16
global_safe,fiqa_s,0.3,tpir_at_rank_k,2148,2168,1896,60423,0.00033099978485013986,-0.0007945148207628745,0.0014422144595670873,mated_identity_cluster,2000,8972,False,none,16
global_empirical,fiqa_l,0.3,fpir,33045,32796,28627,121736,-0.002045409739107577,-0.003540858907800486,-0.000542156798317671,query,2000,8972,False,none,16
global_empirical,fiqa_l,0.3,tpir_at_rank_k,2161,2280,1930,60423,0.001969448719858332,0.00097923073261402,0.0030678460675061642,mated_identity_cluster,2000,8972,False,none,16
global_safe,fiqa_l,0.3,fpir,32794,32796,28524,121736,1.6428993888414273e-05,-0.001437536965236249,0.001545146875205358,query,2000,8972,False,none,16
global_safe,fiqa_l,0.3,tpir_at_rank_k,2148,2280,1924,60423,0.002184598580010923,0.0011675515660162176,0.003282440184605597,mated_identity_cluster,2000,8972,False,none,16
fiqa_s,fiqa_l,0.3,fpir,32902,32796,28840,121736,-0.0008707366760859565,-0.0022758263783925867,0.0005670056515738965,query,2000,8972,False,none,16
fiqa_s,fiqa_l,0.3,tpir_at_rank_k,2168,2280,1935,60423,0.001853598795160783,0.000614215540799839,0.003167260159922672,mated_identity_cluster,2000,8972,False,none,16
global_empirical,fiqa_s,0.01,fpir,1802,1449,1448,121736,-0.0028997174213051193,-0.003203653808240783,-0.002579352040481041,query,2000,8972,False,none,17
global_empirical,fiqa_s,0.01,tpir_at_rank_k,79,61,61,60423,-0.00029789980636512584,-0.0005226332762881362,-0.00012199961897574607,mated_identity_cluster,2000,8972,False,none,17
global_safe,fiqa_s,0.01,fpir,1492,1449,1348,121736,-0.0003532233686009069,-0.0006160872708155352,-9.857396333048565e-05,query,2000,8972,False,none,17
global_safe,fiqa_s,0.01,tpir_at_rank_k,60,61,55,60423,1.6549989242506992e-05,-6.985029383903903e-05,0.00011826707135060137,mated_identity_cluster,2000,8972,False,none,17
global_empirical,fiqa_l,0.01,fpir,1802,1510,1484,121736,-0.002398633107708484,-0.0027107839915883553,-0.002111125714661234,query,2000,8972,False,none,17
global_empirical,fiqa_l,0.01,tpir_at_rank_k,79,64,62,60423,-0.00024824983863760486,-0.0004431836237510605,-8.358169566128456e-05,mated_identity_cluster,2000,8972,False,none,17
global_safe,fiqa_l,0.01,fpir,1492,1510,1327,121736,0.00014786094499572846,-0.00014786094499572846,0.0004435828349871854,query,2000,8972,False,none,17
global_safe,fiqa_l,0.01,tpir_at_rank_k,60,64,50,60423,6.619995697002797e-05,-8.47025867392247e-05,0.00023085284013174174,mated_identity_cluster,2000,8972,False,none,17
fiqa_s,fiqa_l,0.01,fpir,1449,1510,1306,121736,0.0005010843135966354,0.00020536242360517842,0.0008050207005322994,query,2000,8972,False,none,17
fiqa_s,fiqa_l,0.01,tpir_at_rank_k,61,64,52,60423,4.964996772752098e-05,-6.92768158439385e-05,0.00018170863553762637,mated_identity_cluster,2000,8972,False,none,17
global_empirical,fiqa_s,0.05,fpir,6470,5708,5484,121736,-0.006259446671485838,-0.0067853798383387,-0.005700655516856149,query,2000,8972,False,none,17
global_empirical,fiqa_s,0.05,tpir_at_rank_k,421,363,354,60423,-0.0009598993760654055,-0.0014314298672064194,-0.0005395313635720567,mated_identity_cluster,2000,8972,False,none,17
global_safe,fiqa_s,0.05,fpir,5749,5708,5213,121736,-0.0003367943747124926,-0.0008627275415653542,0.00016428993888414274,query,2000,8972,False,none,17
global_safe,fiqa_s,0.05,tpir_at_rank_k,373,363,335,60423,-0.00016549989242506993,-0.0004454111427341033,0.00010752507766317134,mated_identity_cluster,2000,8972,False,none,17
global_empirical,fiqa_l,0.05,fpir,6470,5760,5760,121736,-0.0058322928303870675,-0.006251232174541631,-0.005396924492344089,query,2000,8972,False,none,17
global_empirical,fiqa_l,0.05,tpir_at_rank_k,421,374,374,60423,-0.0007778494943978286,-0.0011456934292128785,-0.000455055401083983,mated_identity_cluster,2000,8972,False,none,17
global_safe,fiqa_l,0.05,fpir,5749,5760,5727,121736,9.035946638627851e-05,-3.2857987776828546e-05,0.00020536242360517842,query,2000,8972,False,none,17
global_safe,fiqa_l,0.05,tpir_at_rank_k,373,374,373,60423,1.6549989242506992e-05,0.0,5.175808592231023e-05,mated_identity_cluster,2000,8972,False,none,17
fiqa_s,fiqa_l,0.05,fpir,5708,5760,5219,121736,0.00042715384109877114,-9.035946638627851e-05,0.0009284435171190104,query,2000,8972,False,none,17
fiqa_s,fiqa_l,0.05,tpir_at_rank_k,363,374,336,60423,0.0001820498816675769,-9.611359368780175e-05,0.0004597065200315926,mated_identity_cluster,2000,8972,False,none,17
global_empirical,fiqa_s,0.1,fpir,11654,10551,9928,121736,-0.009060590129460472,-0.009865610829992771,-0.008263783925872379,query,2000,8972,False,none,17
global_empirical,fiqa_s,0.1,tpir_at_rank_k,772,695,650,60423,-0.0012743491716730383,-0.0020081064306778263,-0.0006252303457581718,mated_identity_cluster,2000,8972,False,none,17
global_safe,fiqa_s,0.1,fpir,10472,10551,9485,121736,0.0006489452585923638,-9.857396333048565e-05,0.0013473828612735744,query,2000,8972,False,none,17
global_safe,fiqa_s,0.1,tpir_at_rank_k,695,695,619,60423,0.0,-0.00053973923478547,0.0005062246669512267,mated_identity_cluster,2000,8972,False,none,17
global_empirical,fiqa_l,0.1,fpir,11654,10549,10363,121736,-0.009077019123348885,-0.0096684629033318,-0.00843628836170073,query,2000,8972,False,none,17
global_empirical,fiqa_l,0.1,tpir_at_rank_k,772,714,696,60423,-0.0009598993760654055,-0.0014299415727236438,-0.0005458847069767313,mated_identity_cluster,2000,8972,False,none,17
global_safe,fiqa_l,0.1,fpir,10472,10549,9972,121736,0.0006325162647039496,7.393047249786423e-05,0.0011500295721889992,query,2000,8972,False,none,17
global_safe,fiqa_l,0.1,tpir_at_rank_k,695,714,661,60423,0.00031444979560763285,-6.88941760866731e-05,0.000727214331453682,mated_identity_cluster,2000,8972,False,none,17
fiqa_s,fiqa_l,0.1,fpir,10551,10549,9524,121736,-1.6428993888414273e-05,-0.000780377209699678,0.0006820086087927963,query,2000,8972,False,none,17
fiqa_s,fiqa_l,0.1,tpir_at_rank_k,695,714,629,60423,0.00031444979560763285,-0.0002660238291004463,0.0009261741219243174,mated_identity_cluster,2000,8972,False,none,17
global_empirical,fiqa_s,0.2,fpir,22069,20211,18922,121736,-0.01526253532233686,-0.016306187159098377,-0.014186025497798517,query,2000,8972,False,none,17
global_empirical,fiqa_s,0.2,tpir_at_rank_k,1471,1336,1254,60423,-0.002234248547738444,-0.0033107921068587314,-0.00128346074266327,mated_identity_cluster,2000,8972,False,none,17
global_safe,fiqa_s,0.2,fpir,20240,20211,18160,121736,-0.00023822041138200697,-0.0012403890385752777,0.0008132351974765065,query,2000,8972,False,none,17
global_safe,fiqa_s,0.2,tpir_at_rank_k,1351,1336,1213,60423,-0.00024824983863760486,-0.0010493102554751917,0.0005456156699861721,mated_identity_cluster,2000,8972,False,none,17
global_empirical,fiqa_l,0.2,fpir,22069,20521,18800,121736,-0.012716041269632647,-0.013849641847933233,-0.011557797200499442,query,2000,8972,False,none,17
global_empirical,fiqa_l,0.2,tpir_at_rank_k,1471,1431,1289,60423,-0.0006619995697002797,-0.0017674983301330513,0.00029611866151851385,mated_identity_cluster,2000,8972,False,none,17
global_safe,fiqa_l,0.2,fpir,20240,20521,18220,121736,0.0023082736413222054,0.0012732470263521062,0.003401007097325359,query,2000,8972,False,none,17
global_safe,fiqa_l,0.2,tpir_at_rank_k,1351,1431,1229,60423,0.0013239991394005594,0.00037787549393645197,0.0022688591840277737,mated_identity_cluster,2000,8972,False,none,17
fiqa_s,fiqa_l,0.2,fpir,20211,20521,18184,121736,0.0025464940527042124,0.0014784040875336797,0.003647442005651573,query,2000,8972,False,none,17
fiqa_s,fiqa_l,0.2,tpir_at_rank_k,1336,1431,1234,60423,0.0015722489780381642,0.0006432211363254701,0.002560437110067709,mated_identity_cluster,2000,8972,False,none,17
global_empirical,fiqa_s,0.3,fpir,33045,30423,28616,121736,-0.02153841098771111,-0.022795639745022012,-0.020248529605046986,query,2000,8972,False,none,17
global_empirical,fiqa_s,0.3,tpir_at_rank_k,2161,1972,1860,60423,-0.0031279479668338216,-0.004208143303957989,-0.0021127590894878525,mated_identity_cluster,2000,8972,False,none,17
global_safe,fiqa_s,0.3,fpir,30435,30423,27543,121736,-9.857396333048565e-05,-0.0012570233948872968,0.0011748784254452245,query,2000,8972,False,none,17
global_safe,fiqa_s,0.3,tpir_at_rank_k,2015,1972,1806,60423,-0.0007116495374278007,-0.0016270809377870107,0.00019006351453356932,mated_identity_cluster,2000,8972,False,none,17
global_empirical,fiqa_l,0.3,fpir,33045,30937,27635,121736,-0.017316159558388645,-0.018827626996122757,-0.01576341427350989,query,2000,8972,False,none,17
global_empirical,fiqa_l,0.3,tpir_at_rank_k,2161,2148,1868,60423,-0.0002151498601525909,-0.0011827134490550823,0.0008723634783068511,mated_identity_cluster,2000,8972,False,none,17
global_safe,fiqa_l,0.3,fpir,30435,30937,26698,121736,0.004123677465991983,0.002718382401261748,0.0056022869159492675,query,2000,8972,False,none,17
global_safe,fiqa_l,0.3,tpir_at_rank_k,2015,2148,1798,60423,0.00220114856925343,0.001197870796776847,0.0032752867295926225,mated_identity_cluster,2000,8972,False,none,17
fiqa_s,fiqa_l,0.3,fpir,30423,30937,26871,121736,0.004222251429322468,0.0027847144640862193,0.005701066241703356,query,2000,8972,False,none,17
fiqa_s,fiqa_l,0.3,tpir_at_rank_k,1972,2148,1772,60423,0.0029127981066812306,0.0016672207687579623,0.004265797461572575,mated_identity_cluster,2000,8972,False,none,17
global_empirical,fiqa_s,0.01,fpir,1802,1459,1451,121736,-0.002817572451863048,-0.003137937832687126,-0.0025134307025037796,query,2000,8972,False,none,18
global_empirical,fiqa_s,0.01,tpir_at_rank_k,79,62,61,60423,-0.0002813498171226189,-0.0004980032901933705,-0.00011548161065563135,mated_identity_cluster,2000,8972,False,none,18
global_safe,fiqa_s,0.01,fpir,1492,1459,1351,121736,-0.0002710783991588355,-0.0005339423013734639,-8.214496944207137e-06,query,2000,8972,False,none,18
global_safe,fiqa_s,0.01,tpir_at_rank_k,60,62,55,60423,3.3099978485013984e-05,-6.74829140966862e-05,0.00015331316065490637,mated_identity_cluster,2000,8972,False,none,18
global_empirical,fiqa_l,0.01,fpir,1802,1484,1484,121736,-0.0026122100282578694,-0.002891708286784517,-0.002332917132154827,query,2000,8972,False,none,18
global_empirical,fiqa_l,0.01,tpir_at_rank_k,79,63,63,60423,-0.0002647998278801119,-0.0005644392629193751,-6.922798777604773e-05,mated_identity_cluster,2000,8972,False,none,18
global_safe,fiqa_l,0.01,fpir,1492,1484,1382,121736,-6.571597555365709e-05,-0.0002957218899914569,0.00018071893277255702,query,2000,8972,False,none,18
global_safe,fiqa_l,0.01,tpir_at_rank_k,60,63,54,60423,4.964996772752098e-05,-4.801028809832087e-05,0.00014949471020552865,mated_identity_cluster,2000,8972,False,none,18
fiqa_s,fiqa_l,0.01,fpir,1459,1484,1341,121736,0.00020536242360517842,-5.7501478609449955e-05,0.0004928698166524282,query,2000,8972,False,none,18
fiqa_s,fiqa_l,0.01,tpir_at_rank_k,62,63,54,60423,1.6549989242506992e-05,-0.00011211354870298767,0.00013017444968637485,mated_identity_cluster,2000,8972,False,none,18
global_empirical,fiqa_s,0.05,fpir,6470,6122,5658,121736,-0.0028586449365840838,-0.0034583032135112046,-0.002275415653545377,query,2000,8972,False,none,18
global_empirical,fiqa_s,0.05,tpir_at_rank_k,421,387,364,60423,-0.0005626996342452378,-0.0009120995500036339,-0.00024015218810387857,mated_identity_cluster,2000,8972,False,none,18
global_safe,fiqa_s,0.05,fpir,6162,6122,5536,121736,-0.0003285798777682855,-0.0009118091608069921,0.0002548547676940253,query,2000,8972,False,none,18
global_safe,fiqa_s,0.05,tpir_at_rank_k,405,387,359,60423,-0.00029789980636512584,-0.0006128388104879053,0.0,mated_identity_cluster,2000,8972,False,none,18
global_empirical,fiqa_l,0.05,fpir,6470,6108,6095,121736,-0.0029736478938029837,-0.003302227771571269,-0.0026614970099231123,query,2000,8972,False,none,18
global_empirical,fiqa_l,0.05,tpir_at_rank_k,421,400,399,60423,-0.00034754977409264686,-0.0005676418864850034,-0.0001596812246348602,mated_identity_cluster,2000,8972,False,none,18
global_safe,fiqa_l,0.05,fpir,6162,6108,5996,121736,-0.0004435828349871854,-0.0007148665965696257,-0.00016428993888414274,query,2000,8972,False,none,18
global_safe,fiqa_l,0.05,tpir_at_rank_k,405,400,393,60423,-8.274994621253496e-05,-0.0002158231941141875,4.919565317079213e-05,mated_identity_cluster,2000,8972,False,none,18
fiqa_s,fiqa_l,0.05,fpir,6122,6108,5531,121736,-0.00011500295721889991,-0.0006900177433133995,0.00046001182887559964,query,2000,8972,False,none,18
fiqa_s,fiqa_l,0.05,tpir_at_rank_k,387,400,357,60423,0.0002151498601525909,-5.2082981920947215e-05,0.00048486146866792945,mated_identity_cluster,2000,8972,False,none,18
global_empirical,fiqa_s,0.1,fpir,11654,11394,10318,121736,-0.0021357692054938555,-0.002940789906026155,-0.0013467667740027624,query,2000,8972,False,none,18
global_empirical,fiqa_s,0.1,tpir_at_rank_k,772,753,679,60423,-0.00031444979560763285,-0.0008648896199589983,0.00019534429842299516,mated_identity_cluster,2000,8972,False,none,18
global_safe,fiqa_s,0.1,fpir,11484,11394,10262,121736,-0.0007393047249786423,-0.0015281017940461323,1.6428993888414273e-05,query,2000,8972,False,none,18
global_safe,fiqa_s,0.1,tpir_at_rank_k,760,753,675,60423,-0.00011584992469754894,-0.0006464158103844968,0.00037561279212314566,mated_identity_cluster,2000,8972,False,none,18
global_empirical,fiqa_l,0.1,fpir,11654,11486,10594,121736,-0.001380035486626799,-0.00213597456791746,-0.0006653742524807781,query,2000,8972,False,none,18
global_empirical,fiqa_l,0.1,tpir_at_rank_k,772,806,715,60423,0.0005626996342452378,4.88191773398814e-05,0.0010843821857675084,mated_identity_cluster,2000,8972,False,none,18
global_safe,fiqa_l,0.1,fpir,11484,11486,10541,121736,1.6428993888414273e-05,-0.0007146612341460209,0.0006986429651048147,query,2000,8972,False,none,18
global_safe,fiqa_l,0.1,tpir_at_rank_k,760,806,711,60423,0.0007612995051553217,0.00023979618985042005,0.001302681558962832,mated_identity_cluster,2000,8972,False,none,18
fiqa_s,fiqa_l,0.1,fpir,11394,11486,10302,121736,0.0007557337188670566,-1.6428993888414273e-05,0.0015032529407899061,query,2000,8972,False,none,18
fiqa_s,fiqa_l,0.1,tpir_at_rank_k,753,806,687,60423,0.0008771494298528706,0.00021553693500173983,0.001625813058814638,mated_identity_cluster,2000,8972,False,none,18
global_empirical,fiqa_s,0.2,fpir,22069,21936,19403,121736,-0.0010925280935795492,-0.002201690543471117,9.056482880988256e-05,query,2000,8972,False,none,18
global_empirical,fiqa_s,0.2,tpir_at_rank_k,1471,1435,1285,60423,-0.0005957996127302517,-0.0016158903032478095,0.0003481464747903409,mated_identity_cluster,2000,8972,False,none,18
global_safe,fiqa_s,0.2,fpir,21948,21936,19351,121736,-9.857396333048565e-05,-0.001281872248143523,0.0011091624498915675,query,2000,8972,False,none,18
global_safe,fiqa_s,0.2,tpir_at_rank_k,1464,1435,1284,60423,-0.0004799496880327028,-0.0014773854201122812,0.00045899645017089533,mated_identity_cluster,2000,8972,False,none,18
global_empirical,fiqa_l,0.2,fpir,22069,21916,19330,121736,-0.001256818032463692,-0.002406847604652691,-7.372511007426018e-05,query,2000,8972,False,none,18
global_empirical,fiqa_l,0.2,tpir_at_rank_k,1471,1523,1316,60423,0.0008605994406103636,-8.674120874027097e-05,0.001757175690609612,mated_identity_cluster,2000,8972,False,none,18
global_safe,fiqa_l,0.2,fpir,21948,21916,19292,121736,-0.00026286390221462837,-0.0013720263521061968,0.0009202290201748033,query,2000,8972,False,none,18
global_safe,fiqa_l,0.2,tpir_at_rank_k,1464,1523,1312,60423,0.0009764493653079125,3.1648121187972424e-05,0.0018991836673007757,mated_identity_cluster,2000,8972,False,none,18
fiqa_s,fiqa_l,0.2,fpir,21936,21916,19290,121736,-0.00016428993888414274,-0.001314319511073142,0.001026812118025892,query,2000,8972,False,none,18
fiqa_s,fiqa_l,0.2,tpir_at_rank_k,1435,1523,1300,60423,0.0014563990533406153,0.00043977426807231877,0.00252905608585176,mated_identity_cluster,2000,8972,False,none,18
global_empirical,fiqa_s,0.3,fpir,33045,32671,28996,121736,-0.003072221857133469,-0.004444042846816061,-0.0016424886639942193,query,2000,8972,False,none,18
global_empirical,fiqa_s,0.3,tpir_at_rank_k,2161,2155,1890,60423,-9.929993545504196e-05,-0.0012680901597210653,0.0010457288412452136,mated_identity_cluster,2000,8972,False,none,18
global_safe,fiqa_s,0.3,fpir,32721,32671,28855,121736,-0.00041072484721035683,-0.00186469080633502,0.0010352319773937033,query,2000,8972,False,none,18
global_safe,fiqa_s,0.3,tpir_at_rank_k,2146,2155,1883,60423,0.00014894990318256292,-0.0009966333164701502,0.0012932987351905799,mated_identity_cluster,2000,8972,False,none,18
global_empirical,fiqa_l,0.3,fpir,33045,32703,28392,121736,-0.002809357954918841,-0.004370112374318197,-0.0012559965827692757,query,2000,8972,False,none,18
global_empirical,fiqa_l,0.3,tpir_at_rank_k,2161,2281,1917,60423,0.001985998709100839,0.000883883656199804,0.0032108556224401223,mated_identity_cluster,2000,8972,False,none,18
global_safe,fiqa_l,0.3,fpir,32721,32703,28269,121736,-0.00014786094499572846,-0.0017004008674508773,0.001413714924098044,query,2000,8972,False,none,18
global_safe,fiqa_l,0.3,tpir_at_rank_k,2146,2281,1911,60423,0.002234248547738444,0.0011221367823370818,0.003472626365555828,mated_identity_cluster,2000,8972,False,none,18
fiqa_s,fiqa_l,0.3,fpir,32671,32703,28513,121736,0.00026286390221462837,-0.0011664585660774135,0.0017581077084839313,query,2000,8972,False,none,18
fiqa_s,fiqa_l,0.3,tpir_at_rank_k,2155,2281,1912,60423,0.002085298644555881,0.0007920810754746203,0.0035342254332609182,mated_identity_cluster,2000,8972,False,none,18
global_empirical,fiqa_s,0.01,fpir,1802,1690,1558,121736,-0.0009200236577511993,-0.0012403890385752777,-0.0006078727738713281,query,2000,8972,False,none,8972
global_empirical,fiqa_s,0.01,tpir_at_rank_k,79,68,62,60423,-0.0001820498816675769,-0.00034294769506525033,-3.451998904430522e-05,mated_identity_cluster,2000,8972,False,none,8972
global_safe,fiqa_s,0.01,fpir,1713,1690,1530,121736,-0.00018893342971676414,-0.00047644082276401394,0.00010678846027469278,query,2000,8972,False,none,8972
global_safe,fiqa_s,0.01,tpir_at_rank_k,74,68,60,60423,-9.929993545504196e-05,-0.00021513389885003198,1.591871914119362e-05,mated_identity_cluster,2000,8972,False,none,8972
global_empirical,fiqa_l,0.01,fpir,1802,1709,1641,121736,-0.0007639482158112637,-0.001018597621081685,-0.0005175133074850496,query,2000,8972,False,none,8972
global_empirical,fiqa_l,0.01,tpir_at_rank_k,79,75,72,60423,-6.619995697002797e-05,-0.00019018832572501062,3.3641589575328315e-05,mated_identity_cluster,2000,8972,False,none,8972
global_safe,fiqa_l,0.01,fpir,1713,1709,1589,121736,-3.2857987776828546e-05,-0.0002875073930472498,0.0002217914174935927,query,2000,8972,False,none,8972
global_safe,fiqa_l,0.01,tpir_at_rank_k,74,75,69,60423,1.6549989242506992e-05,-6.819041556993873e-05,0.0001003875772376136,mated_identity_cluster,2000,8972,False,none,8972
fiqa_s,fiqa_l,0.01,fpir,1690,1709,1529,121736,0.0001560754419399356,-0.00013163731353091901,0.0004435828349871854,query,2000,8972,False,none,8972
fiqa_s,fiqa_l,0.01,tpir_at_rank_k,68,75,60,60423,0.00011584992469754894,-1.629261744277347e-05,0.0002529816631869086,mated_identity_cluster,2000,8972,False,none,8972
global_empirical,fiqa_s,0.05,fpir,6470,6368,5670,121736,-0.0008378786883091279,-0.0014706003154366823,-0.00020536242360517842,query,2000,8972,False,none,8972
global_empirical,fiqa_s,0.05,tpir_at_rank_k,421,405,367,60423,-0.0002647998278801119,-0.0006045752201615626,7.116717870284666e-05,mated_identity_cluster,2000,8972,False,none,8972
global_safe,fiqa_s,0.05,fpir,6414,6368,5651,121736,-0.0003778668594335283,-0.0010021686271932707,0.00024684563317342226,query,2000,8972,False,none,8972
global_safe,fiqa_s,0.05,tpir_at_rank_k,421,405,367,60423,-0.0002647998278801119,-0.0006045752201615626,7.116717870284666e-05,mated_identity_cluster,2000,8972,False,none,8972
global_empirical,fiqa_l,0.05,fpir,6470,6313,6216,121736,-0.0012896760202405204,-0.0016100414010645988,-0.0009939541302490635,query,2000,8972,False,none,8972
global_empirical,fiqa_l,0.05,tpir_at_rank_k,421,420,410,60423,-1.6549989242506992e-05,-0.0001889503205212729,0.00015465725916588368,mated_identity_cluster,2000,8972,False,none,8972
global_safe,fiqa_l,0.05,fpir,6414,6313,6202,121736,-0.0008296641913649208,-0.001133600578300585,-0.000542156798317671,query,2000,8972,False,none,8972
global_safe,fiqa_l,0.05,tpir_at_rank_k,421,420,410,60423,-1.6549989242506992e-05,-0.0001889503205212729,0.00015465725916588368,mated_identity_cluster,2000,8972,False,none,8972
fiqa_s,fiqa_l,0.05,fpir,6368,6313,5620,121736,-0.0004517973319313925,-0.001084313596635342,0.00017270979825195393,query,2000,8972,False,none,8972
fiqa_s,fiqa_l,0.05,tpir_at_rank_k,405,420,367,60423,0.00024824983863760486,-0.000101181868709727,0.000609803416242685,mated_identity_cluster,2000,8972,False,none,8972
global_empirical,fiqa_s,0.1,fpir,11654,11464,10182,121736,-0.001560754419399356,-0.002415472826444108,-0.0007146612341460209,query,2000,8972,False,none,8972
global_empirical,fiqa_s,0.1,tpir_at_rank_k,772,756,665,60423,-0.0002647998278801119,-0.0008919625172725731,0.0003115088597263063,mated_identity_cluster,2000,8972,False,none,8972
global_safe,fiqa_s,0.1,fpir,11611,11464,10167,121736,-0.0012075310507984492,-0.002012757113754353,-0.00036965236248932116,query,2000,8972,False,none,8972
global_safe,fiqa_s,0.1,tpir_at_rank_k,770,756,665,60423,-0.00023169984939509788,-0.0008573262924611285,0.00033991272269111463,mated_identity_cluster,2000,8972,False,none,8972
global_empirical,fiqa_l,0.1,fpir,11654,11406,10688,121736,-0.00203719524216337,-0.0027189984885325623,-0.0013636064927383847,query,2000,8972,False,none,8972
global_empirical,fiqa_l,0.1,tpir_at_rank_k,772,788,720,60423,0.0002647998278801119,-0.0001459036963556601,0.0006708113238798229,mated_identity_cluster,2000,8972,False,none,8972
global_safe,fiqa_l,0.1,fpir,11611,11406,10671,121736,-0.001683971873562463,-0.0023657751199316554,-0.0010348212525464952,query,2000,8972,False,none,8972
global_safe,fiqa_l,0.1,tpir_at_rank_k,770,788,719,60423,0.00029789980636512584,-0.00012063555977451968,0.0007073114752674076,mated_identity_cluster,2000,8972,False,none,8972
fiqa_s,fiqa_l,0.1,fpir,11464,11406,10134,121736,-0.00047644082276401394,-0.001314319511073142,0.0003367943747124926,query,2000,8972,False,none,8972
fiqa_s,fiqa_l,0.1,tpir_at_rank_k,756,788,667,60423,0.0005295996557602237,-0.00014963940811697223,0.0012886718294449467,mated_identity_cluster,2000,8972,False,none,8972
global_empirical,fiqa_s,0.2,fpir,22069,22075,19476,121736,4.928698166524282e-05,-0.0011009479529473611,0.0012241654071104674,query,2000,8972,False,none,8972
global_empirical,fiqa_s,0.2,tpir_at_rank_k,1471,1442,1285,60423,-0.0004799496880327028,-0.001488994014919178,0.00047069947910664405,mated_identity_cluster,2000,8972,False,none,8972
global_safe,fiqa_s,0.2,fpir,21900,22075,19399,121736,0.001437536965236249,0.0002957218899914569,0.002637058881514095,query,2000,8972,False,none,8972
global_safe,fiqa_s,0.2,tpir_at_rank_k,1463,1442,1284,60423,-0.00034754977409264686,-0.0013291696014474726,0.0005805645215558374,mated_identity_cluster,2000,8972,False,none,8972
global_empirical,fiqa_l,0.2,fpir,22069,21926,19275,121736,-0.0011746730630216205,-0.002341131629099034,7.393047249786423e-05,query,2000,8972,False,none,8972
global_empirical,fiqa_l,0.2,tpir_at_rank_k,1471,1524,1311,60423,0.0008771494298528706,-5.0256238005848795e-05,0.0017748389647545986,mated_identity_cluster,2000,8972,False,none,8972
global_safe,fiqa_l,0.2,fpir,21900,21926,19223,121736,0.00021357692054938557,-0.0009366580140632184,0.0014459568246040601,query,2000,8972,False,none,8972
global_safe,fiqa_l,0.2,tpir_at_rank_k,1463,1524,1307,60423,0.0010095493437929266,6.802815071040701e-05,0.001923715880106363,mated_identity_cluster,2000,8972,False,none,8972
fiqa_s,fiqa_l,0.2,fpir,22075,21926,19393,121736,-0.0012239600446868634,-0.0023164881382664124,-4.086712229743163e-05,query,2000,8972,False,none,8972
fiqa_s,fiqa_l,0.2,tpir_at_rank_k,1442,1524,1303,60423,0.0013570991178855733,0.00032327048636546246,0.0024257093376734117,mated_identity_cluster,2000,8972,False,none,8972
global_empirical,fiqa_s,0.3,fpir,33045,32659,29018,121736,-0.0031707958204639547,-0.0046003236511796015,-0.0017823404744693448,query,2000,8972,False,none,8972
global_empirical,fiqa_s,0.3,tpir_at_rank_k,2161,2152,1890,60423,-0.00014894990318256292,-0.001300616996726815,0.0009808281643269787,mated_identity_cluster,2000,8972,False,none,8972
global_safe,fiqa_s,0.3,fpir,32654,32659,28847,121736,4.1072484721035685e-05,-0.0013802408490504038,0.0014706003154366814,query,2000,8972,False,none,8972
global_safe,fiqa_s,0.3,tpir_at_rank_k,2140,2152,1879,60423,0.00019859987091008392,-0.0009419541639846642,0.001318644166083394,mated_identity_cluster,2000,8972,False,none,8972
global_empirical,fiqa_l,0.3,fpir,33045,32877,28348,121736,-0.001380035486626799,-0.002908342643096536,0.0002550601301176294,query,2000,8972,False,none,8972
global_empirical,fiqa_l,0.3,tpir_at_rank_k,2161,2300,1916,60423,0.002300448504708472,0.001150097103856266,0.0035634071765449937,mated_identity_cluster,2000,8972,False,none,8972
global_safe,fiqa_l,0.3,fpir,32654,32877,28193,121736,0.0018318328185581915,0.00031194552145626635,0.003409221594269566,query,2000,8972,False,none,8972
global_safe,fiqa_l,0.3,tpir_at_rank_k,2140,2300,1907,60423,0.002647998278801119,0.001501402789748518,0.003923214561890528,mated_identity_cluster,2000,8972,False,none,8972
fiqa_s,fiqa_l,0.3,fpir,32659,32877,28473,121736,0.0017907603338371558,0.00027908753367943785,0.003367943747124926,query,2000,8972,False,none,8972
fiqa_s,fiqa_l,0.3,tpir_at_rank_k,2152,2300,1912,60423,0.002449398407891035,0.0011049826549069687,0.0039244563590127195,mated_identity_cluster,2000,8972,False,none,8972
