case_id,extraction_uid,dataset_id,sample_id,model_uid,compression_family,compression_profile,search_mode,target_fpir,is_mated,threshold_policy,top1_score_drift,agreement_with_origin,threshold_crossing,origin_fallback_used,saliency_target_eligible,heatmap_available,angular_error_rad,retrieval_metrics_available,case_group,case_priority_rank,selection_seed,cases_per_group
gradcam-d3befbe01f57541a93c4,population-8caf41f0460cebd86e1607bc,survface,survface:registered_probe:2973_cam3_1,adaface-4df25b75e065b0b9ed43,pca,pca_128,pca_direct_cosine,0.01,True,frozen_origin,0.3072157502174377,True,False,False,True,True,0.9628445902962104,True,high_error,1,42,8
gradcam-844078a33566f8ecba3f,population-8caf41f0460cebd86e1607bc,survface,survface:registered_probe:4072_cam2_1,adaface-4df25b75e065b0b9ed43,pca,pca_128,pca_direct_cosine,0.01,True,frozen_origin,0.15494304895401,True,False,False,True,True,0.905569255435877,True,high_error,2,42,8
gradcam-2f1a3c4fb8b51697683a,population-8caf41f0460cebd86e1607bc,survface,survface:registered_probe:2742_cam2_1,adaface-4df25b75e065b0b9ed43,pca,pca_128,pca_direct_cosine,0.01,True,frozen_origin,0.1970492899417877,True,False,False,True,True,0.8891253536158097,True,high_error,3,42,8
gradcam-1844ab573e1c561cbb40,population-8caf41f0460cebd86e1607bc,survface,survface:unknown_unknown_probe:distractors_1458,adaface-4df25b75e065b0b9ed43,pca,pca_128,pca_direct_cosine,0.01,False,frozen_origin,0.2810729444026947,True,False,False,True,True,0.8631409520829706,True,high_error,4,42,8
gradcam-1f7408e744f9bbaa2e8d,population-8caf41f0460cebd86e1607bc,survface,survface:unknown_unknown_probe:distractors_2510,adaface-4df25b75e065b0b9ed43,pca,pca_128,pca_direct_cosine,0.01,False,frozen_origin,0.2775599956512451,True,False,False,True,True,0.8627087599202327,True,high_error,5,42,8
gradcam-affa0768e409a41f3031,population-8caf41f0460cebd86e1607bc,survface,survface:unknown_unknown_probe:distractors_1459,adaface-4df25b75e065b0b9ed43,pca,pca_128,pca_direct_cosine,0.01,False,frozen_origin,0.2396090626716613,True,False,False,True,True,0.8393989136013056,True,high_error,6,42,8
gradcam-03f27fea67c9df6de8fa,population-8caf41f0460cebd86e1607bc,survface,survface:unknown_unknown_probe:distractors_3567,adaface-4df25b75e065b0b9ed43,pca,pca_128,pca_direct_cosine,0.01,False,frozen_origin,0.1949250102043151,True,False,False,True,True,0.8393727362674236,True,high_error,7,42,8
gradcam-789690767ab399918817,population-8caf41f0460cebd86e1607bc,survface,survface:unknown_unknown_probe:distractors_4031,adaface-4df25b75e065b0b9ed43,pca,pca_128,pca_direct_cosine,0.01,False,frozen_origin,0.0985000133514404,True,False,False,True,True,0.8322210382014591,True,high_error,8,42,8
gradcam-28f4f5ada26ebc376bc7,population-8caf41f0460cebd86e1607bc,survface,survface:unknown_unknown_probe:distractors_3188,adaface-4df25b75e065b0b9ed43,pca,pca_128,pca_direct_cosine,0.01,False,frozen_origin,0.1464532017707824,False,False,False,True,True,0.8895895827402633,True,rank_flip,1,42,8
gradcam-bda8169509502aa9a665,population-8caf41f0460cebd86e1607bc,survface,survface:unknown_unknown_probe:distractors_4412,adaface-4df25b75e065b0b9ed43,pca,pca_128,pca_direct_cosine,0.01,False,frozen_origin,0.200830191373825,False,False,False,True,True,0.878989094442701,True,rank_flip,2,42,8
gradcam-edaa953fc3418af7af18,population-8caf41f0460cebd86e1607bc,survface,survface:unknown_unknown_probe:distractors_2548,adaface-4df25b75e065b0b9ed43,pca,pca_128,pca_direct_cosine,0.01,False,frozen_origin,0.3388037383556366,False,False,False,True,True,0.8599361542393261,True,rank_flip,3,42,8
gradcam-82f99cdad05ba7775ba6,population-8caf41f0460cebd86e1607bc,survface,survface:unknown_unknown_probe:447_cam2_1,adaface-4df25b75e065b0b9ed43,pca,pca_128,pca_direct_cosine,0.01,False,frozen_origin,0.2826335877180099,False,False,False,True,True,0.8574876867955467,True,rank_flip,4,42,8
gradcam-e03f5260c4b41afc6800,population-8caf41f0460cebd86e1607bc,survface,survface:unknown_unknown_probe:distractors_4672,adaface-4df25b75e065b0b9ed43,pca,pca_128,pca_direct_cosine,0.01,False,frozen_origin,0.0640016496181488,False,False,False,True,True,0.8554331800872341,True,rank_flip,5,42,8
gradcam-283f98178d9eb032c9c5,population-8caf41f0460cebd86e1607bc,survface,survface:unknown_unknown_probe:distractors_21592,adaface-4df25b75e065b0b9ed43,pca,pca_128,pca_direct_cosine,0.01,False,frozen_origin,0.1675421893596649,False,False,False,True,True,0.8534459193971965,True,rank_flip,6,42,8
gradcam-61281b9bcebb782dd33f,population-8caf41f0460cebd86e1607bc,survface,survface:unknown_unknown_probe:distractors_2648,adaface-4df25b75e065b0b9ed43,pca,pca_128,pca_direct_cosine,0.01,False,frozen_origin,0.2434881031513214,False,False,False,True,True,0.8525990630821239,True,rank_flip,7,42,8
gradcam-ecafc75d5f69d150607f,population-8caf41f0460cebd86e1607bc,survface,survface:unknown_unknown_probe:distractors_2345,adaface-4df25b75e065b0b9ed43,pca,pca_128,pca_direct_cosine,0.01,False,frozen_origin,0.1674763560295105,False,False,False,True,True,0.8465371879465361,True,rank_flip,8,42,8
gradcam-ed2171291d839cc0f70d,population-8caf41f0460cebd86e1607bc,survface,survface:unknown_unknown_probe:5834_cam1_112,adaface-4df25b75e065b0b9ed43,pca,pca_128,pca_direct_cosine,0.01,False,frozen_origin,-0.2090912461280822,True,False,False,True,True,0.153663102320838,True,stable,1,42,8
gradcam-0af01645683def53b861,population-8caf41f0460cebd86e1607bc,survface,survface:unknown_unknown_probe:5863_cam1_151,adaface-4df25b75e065b0b9ed43,pca,pca_128,pca_direct_cosine,0.01,False,frozen_origin,-0.1543519496917724,True,False,False,True,True,0.1588001465663701,True,stable,2,42,8
gradcam-123cb3b3b9ca4d224456,population-8caf41f0460cebd86e1607bc,survface,survface:unknown_unknown_probe:distractors_7703,adaface-4df25b75e065b0b9ed43,pca,pca_128,pca_direct_cosine,0.01,False,frozen_origin,-0.2202262878417968,True,False,False,True,True,0.1609599322008959,True,stable,3,42,8
gradcam-4b0178452b9e55593fc7,population-8caf41f0460cebd86e1607bc,survface,survface:unknown_unknown_probe:5737_cam2_115,adaface-4df25b75e065b0b9ed43,pca,pca_128,pca_direct_cosine,0.01,False,frozen_origin,-0.2147066593170166,True,False,False,True,True,0.1614123262726015,True,stable,4,42,8
gradcam-c7341b93221fae07073e,population-8caf41f0460cebd86e1607bc,survface,survface:unknown_unknown_probe:distractors_23851,adaface-4df25b75e065b0b9ed43,pca,pca_128,pca_direct_cosine,0.01,False,frozen_origin,-0.1371930241584777,True,False,False,True,True,0.1620375325969482,True,stable,5,42,8
gradcam-5ba6c57f38ac62fc0ce4,population-8caf41f0460cebd86e1607bc,survface,survface:unknown_unknown_probe:5691_cam2_53,adaface-4df25b75e065b0b9ed43,pca,pca_128,pca_direct_cosine,0.01,False,frozen_origin,-0.1851910948753357,True,False,False,True,True,0.1623207493937163,True,stable,6,42,8
gradcam-15cc0cd0c87c1b03de7a,population-8caf41f0460cebd86e1607bc,survface,survface:unknown_unknown_probe:5863_cam1_118,adaface-4df25b75e065b0b9ed43,pca,pca_128,pca_direct_cosine,0.01,False,frozen_origin,-0.197356104850769,True,False,False,True,True,0.1624953825637613,True,stable,7,42,8
gradcam-8b893cfe4539974a9ee4,population-8caf41f0460cebd86e1607bc,survface,survface:registered_probe:6331_cam5_2,adaface-4df25b75e065b0b9ed43,pca,pca_128,pca_direct_cosine,0.01,True,frozen_origin,-0.2129415869712829,True,False,False,True,True,0.1628829665348902,True,stable,8,42,8
gradcam-b7165c8cc00c6474071f,population-8caf41f0460cebd86e1607bc,survface,survface:unknown_unknown_probe:1346_cam1_1,adaface-4df25b75e065b0b9ed43,pca,pca_128,pca_direct_cosine,0.01,False,frozen_origin,0.0706121325492858,True,True,False,True,True,0.5834656893560178,True,threshold_crossing,1,42,8
gradcam-18d2157b282783139fc3,population-8caf41f0460cebd86e1607bc,survface,survface:registered_probe:262_cam1_1,adaface-4df25b75e065b0b9ed43,pca,pca_128,pca_direct_cosine,0.01,True,frozen_origin,0.1634742617607116,True,True,False,True,True,0.5757330608201175,True,threshold_crossing,2,42,8
gradcam-dbe1bc27dc50939fb93f,population-8caf41f0460cebd86e1607bc,survface,survface:registered_probe:5227_16,adaface-4df25b75e065b0b9ed43,pca,pca_128,pca_direct_cosine,0.01,True,frozen_origin,0.030887484550476,True,True,False,True,True,0.5216087742725373,True,threshold_crossing,3,42,8
gradcam-6545435b8c0163dc188a,population-8caf41f0460cebd86e1607bc,survface,survface:registered_probe:5061_cam2_4,adaface-4df25b75e065b0b9ed43,pca,pca_128,pca_direct_cosine,0.01,True,frozen_origin,0.0395611524581909,True,True,False,True,True,0.5035786296738156,True,threshold_crossing,4,42,8
gradcam-e86bae22e2f56b3c02ea,population-8caf41f0460cebd86e1607bc,survface,survface:unknown_unknown_probe:distractors_4002,adaface-4df25b75e065b0b9ed43,pca,pca_128,pca_direct_cosine,0.01,False,frozen_origin,0.0346012115478515,True,True,False,True,True,0.4006448770937443,True,threshold_crossing,5,42,8
gradcam-bce597d885526a4bc6af,population-8caf41f0460cebd86e1607bc,survface,survface:registered_probe:2022_cam2_1,adaface-4df25b75e065b0b9ed43,pca,pca_128,pca_direct_cosine,0.01,True,frozen_origin,0.0238349437713623,True,True,False,True,True,0.3928762992115608,True,threshold_crossing,6,42,8
gradcam-5cbdbbbe3533fe836905,population-8caf41f0460cebd86e1607bc,survface,survface:unknown_unknown_probe:362_cam1_1,adaface-4df25b75e065b0b9ed43,pca,pca_128,pca_direct_cosine,0.01,False,frozen_origin,-0.0623292922973632,True,True,False,True,True,0.3840126495873744,True,threshold_crossing,7,42,8
gradcam-927e6af4f991ab5cfae1,population-8caf41f0460cebd86e1607bc,survface,survface:unknown_unknown_probe:distractors_4749,adaface-4df25b75e065b0b9ed43,pca,pca_128,pca_direct_cosine,0.01,False,frozen_origin,0.0352875590324401,True,True,False,True,True,0.3835112354949042,True,threshold_crossing,8,42,8
gradcam-a0f9da4d9b45f8b9d0e4,population-8caf41f0460cebd86e1607bc,survface,survface:registered_probe:2973_cam3_1,adaface-4df25b75e065b0b9ed43,pca,pca_128,pca_direct_cosine,0.1,True,frozen_origin,0.3072157502174377,True,False,False,True,True,0.9628445902962104,True,high_error,1,42,8
gradcam-292360169c995570e4e0,population-8caf41f0460cebd86e1607bc,survface,survface:registered_probe:4072_cam2_1,adaface-4df25b75e065b0b9ed43,pca,pca_128,pca_direct_cosine,0.1,True,frozen_origin,0.15494304895401,True,False,False,True,True,0.905569255435877,True,high_error,2,42,8
gradcam-7de213f6a6e7815ffd5a,population-8caf41f0460cebd86e1607bc,survface,survface:registered_probe:2742_cam2_1,adaface-4df25b75e065b0b9ed43,pca,pca_128,pca_direct_cosine,0.1,True,frozen_origin,0.1970492899417877,True,False,False,True,True,0.8891253536158097,True,high_error,3,42,8
gradcam-9e163a0208b474ef0346,population-8caf41f0460cebd86e1607bc,survface,survface:unknown_unknown_probe:distractors_1458,adaface-4df25b75e065b0b9ed43,pca,pca_128,pca_direct_cosine,0.1,False,frozen_origin,0.2810729444026947,True,False,False,True,True,0.8631409520829706,True,high_error,4,42,8
gradcam-3316cc800f2e716dd16f,population-8caf41f0460cebd86e1607bc,survface,survface:unknown_unknown_probe:distractors_2510,adaface-4df25b75e065b0b9ed43,pca,pca_128,pca_direct_cosine,0.1,False,frozen_origin,0.2775599956512451,True,False,False,True,True,0.8627087599202327,True,high_error,5,42,8
gradcam-0577841730fb97a07741,population-8caf41f0460cebd86e1607bc,survface,survface:unknown_unknown_probe:distractors_1459,adaface-4df25b75e065b0b9ed43,pca,pca_128,pca_direct_cosine,0.1,False,frozen_origin,0.2396090626716613,True,False,False,True,True,0.8393989136013056,True,high_error,6,42,8
gradcam-4441635203ad9dd4998d,population-8caf41f0460cebd86e1607bc,survface,survface:unknown_unknown_probe:distractors_3567,adaface-4df25b75e065b0b9ed43,pca,pca_128,pca_direct_cosine,0.1,False,frozen_origin,0.1949250102043151,True,False,False,True,True,0.8393727362674236,True,high_error,7,42,8
gradcam-7933e4c84a870984345c,population-8caf41f0460cebd86e1607bc,survface,survface:unknown_unknown_probe:distractors_4031,adaface-4df25b75e065b0b9ed43,pca,pca_128,pca_direct_cosine,0.1,False,frozen_origin,0.0985000133514404,True,False,False,True,True,0.8322210382014591,True,high_error,8,42,8
gradcam-492b2bceb99952ce1b39,population-8caf41f0460cebd86e1607bc,survface,survface:unknown_unknown_probe:distractors_3188,adaface-4df25b75e065b0b9ed43,pca,pca_128,pca_direct_cosine,0.1,False,frozen_origin,0.1464532017707824,False,False,False,True,True,0.8895895827402633,True,rank_flip,1,42,8
gradcam-9d57a37334cbffe63333,population-8caf41f0460cebd86e1607bc,survface,survface:unknown_unknown_probe:distractors_4412,adaface-4df25b75e065b0b9ed43,pca,pca_128,pca_direct_cosine,0.1,False,frozen_origin,0.200830191373825,False,False,False,True,True,0.878989094442701,True,rank_flip,2,42,8
gradcam-e5f2c50ca98de6b21329,population-8caf41f0460cebd86e1607bc,survface,survface:unknown_unknown_probe:distractors_2548,adaface-4df25b75e065b0b9ed43,pca,pca_128,pca_direct_cosine,0.1,False,frozen_origin,0.3388037383556366,False,False,False,True,True,0.8599361542393261,True,rank_flip,3,42,8
gradcam-deee0612808d378ac87e,population-8caf41f0460cebd86e1607bc,survface,survface:unknown_unknown_probe:447_cam2_1,adaface-4df25b75e065b0b9ed43,pca,pca_128,pca_direct_cosine,0.1,False,frozen_origin,0.2826335877180099,False,False,False,True,True,0.8574876867955467,True,rank_flip,4,42,8
gradcam-59fecff5f2847569c3e8,population-8caf41f0460cebd86e1607bc,survface,survface:unknown_unknown_probe:distractors_4672,adaface-4df25b75e065b0b9ed43,pca,pca_128,pca_direct_cosine,0.1,False,frozen_origin,0.0640016496181488,False,False,False,True,True,0.8554331800872341,True,rank_flip,5,42,8
gradcam-834943180230e50fbfdb,population-8caf41f0460cebd86e1607bc,survface,survface:unknown_unknown_probe:distractors_21592,adaface-4df25b75e065b0b9ed43,pca,pca_128,pca_direct_cosine,0.1,False,frozen_origin,0.1675421893596649,False,False,False,True,True,0.8534459193971965,True,rank_flip,6,42,8
gradcam-61117a957cfa2eb96df2,population-8caf41f0460cebd86e1607bc,survface,survface:unknown_unknown_probe:distractors_2648,adaface-4df25b75e065b0b9ed43,pca,pca_128,pca_direct_cosine,0.1,False,frozen_origin,0.2434881031513214,False,False,False,True,True,0.8525990630821239,True,rank_flip,7,42,8
gradcam-79201bae8e2cddbd7815,population-8caf41f0460cebd86e1607bc,survface,survface:unknown_unknown_probe:distractors_2345,adaface-4df25b75e065b0b9ed43,pca,pca_128,pca_direct_cosine,0.1,False,frozen_origin,0.1674763560295105,False,False,False,True,True,0.8465371879465361,True,rank_flip,8,42,8
gradcam-b7af8c461b2ba7ef80c9,population-8caf41f0460cebd86e1607bc,survface,survface:registered_probe:5647_cam1_47,adaface-4df25b75e065b0b9ed43,pca,pca_128,pca_direct_cosine,0.1,True,frozen_origin,-0.1030774712562561,True,False,False,True,True,0.1623833962753546,True,stable,1,42,8
gradcam-5e89253dea0a57928b8e,population-8caf41f0460cebd86e1607bc,survface,survface:unknown_unknown_probe:5863_cam1_118,adaface-4df25b75e065b0b9ed43,pca,pca_128,pca_direct_cosine,0.1,False,frozen_origin,-0.197356104850769,True,False,False,True,True,0.1624953825637613,True,stable,2,42,8
gradcam-bc5d4d0d6d130f517301,population-8caf41f0460cebd86e1607bc,survface,survface:registered_probe:6331_cam5_2,adaface-4df25b75e065b0b9ed43,pca,pca_128,pca_direct_cosine,0.1,True,frozen_origin,-0.2129415869712829,True,False,False,True,True,0.1628829665348902,True,stable,3,42,8
gradcam-22e980cdda2a701cdf75,population-8caf41f0460cebd86e1607bc,survface,survface:unknown_unknown_probe:5748_cam1_111,adaface-4df25b75e065b0b9ed43,pca,pca_128,pca_direct_cosine,0.1,False,frozen_origin,-0.1550790071487426,True,False,False,True,True,0.16408811697765,True,stable,4,42,8
gradcam-c7bad1f65961b382beae,population-8caf41f0460cebd86e1607bc,survface,survface:unknown_unknown_probe:10454_cam2_38,adaface-4df25b75e065b0b9ed43,pca,pca_128,pca_direct_cosine,0.1,False,frozen_origin,-0.0975140333175659,True,False,False,True,True,0.1675666943765175,True,stable,5,42,8
gradcam-98754cf442a74e1ee797,population-8caf41f0460cebd86e1607bc,survface,survface:unknown_unknown_probe:5783_cam1_3,adaface-4df25b75e065b0b9ed43,pca,pca_128,pca_direct_cosine,0.1,False,frozen_origin,-0.134028673171997,True,False,False,True,True,0.1703143417437199,True,stable,6,42,8
gradcam-30435415f69403ad6b29,population-8caf41f0460cebd86e1607bc,survface,survface:unknown_unknown_probe:5748_cam1_161,adaface-4df25b75e065b0b9ed43,pca,pca_128,pca_direct_cosine,0.1,False,frozen_origin,-0.1693378090858459,True,False,False,True,True,0.1723903438526564,True,stable,7,42,8
gradcam-1652ff9458f7bcf6348d,population-8caf41f0460cebd86e1607bc,survface,survface:registered_probe:5622_cam1_99,adaface-4df25b75e065b0b9ed43,pca,pca_128,pca_direct_cosine,0.1,True,frozen_origin,-0.167183518409729,True,False,False,True,True,0.1738912608802322,True,stable,8,42,8
gradcam-1082c06b858e835ac542,population-8caf41f0460cebd86e1607bc,survface,survface:registered_probe:844_cam2_1,adaface-4df25b75e065b0b9ed43,pca,pca_128,pca_direct_cosine,0.1,True,frozen_origin,0.1779623627662658,True,True,False,True,True,0.7181757135326713,True,threshold_crossing,1,42,8
gradcam-c43ecf5448592fa0dbab,population-8caf41f0460cebd86e1607bc,survface,survface:registered_probe:5244_18,adaface-4df25b75e065b0b9ed43,pca,pca_128,pca_direct_cosine,0.1,True,frozen_origin,0.0938282012939453,True,True,False,True,True,0.7138242489396895,True,threshold_crossing,2,42,8
gradcam-32d7a8a510fbaa75ec19,population-8caf41f0460cebd86e1607bc,survface,survface:registered_probe:5227_19,adaface-4df25b75e065b0b9ed43,pca,pca_128,pca_direct_cosine,0.1,True,frozen_origin,0.0680121779441833,True,True,False,True,True,0.6707708913652983,True,threshold_crossing,3,42,8
gradcam-ca53233644619bcc6beb,population-8caf41f0460cebd86e1607bc,survface,survface:registered_probe:5244_23,adaface-4df25b75e065b0b9ed43,pca,pca_128,pca_direct_cosine,0.1,True,frozen_origin,0.0724610686302185,True,True,False,True,True,0.6476733289175948,True,threshold_crossing,4,42,8
gradcam-f578e28f7843e2835740,population-8caf41f0460cebd86e1607bc,survface,survface:registered_probe:5255_22,adaface-4df25b75e065b0b9ed43,pca,pca_128,pca_direct_cosine,0.1,True,frozen_origin,0.0925723314285278,True,True,False,True,True,0.6119026834395528,True,threshold_crossing,5,42,8
gradcam-26de513fd8771006a38b,population-8caf41f0460cebd86e1607bc,survface,survface:registered_probe:5241_26,adaface-4df25b75e065b0b9ed43,pca,pca_128,pca_direct_cosine,0.1,True,frozen_origin,0.0378438234329223,True,True,False,True,True,0.5858609075309764,True,threshold_crossing,6,42,8
gradcam-609f980fdda14d289cf6,population-8caf41f0460cebd86e1607bc,survface,survface:registered_probe:262_cam1_1,adaface-4df25b75e065b0b9ed43,pca,pca_128,pca_direct_cosine,0.1,True,frozen_origin,0.1634742617607116,True,True,False,True,True,0.5757330608201175,True,threshold_crossing,7,42,8
gradcam-2a1caa530b26d9cc5019,population-8caf41f0460cebd86e1607bc,survface,survface:registered_probe:5227_14,adaface-4df25b75e065b0b9ed43,pca,pca_128,pca_direct_cosine,0.1,True,frozen_origin,0.0545614957809448,True,True,False,True,True,0.5578669107746278,True,threshold_crossing,8,42,8
gradcam-be7f8445d02c4a4a8d1f,population-8caf41f0460cebd86e1607bc,survface,survface:registered_probe:2973_cam3_1,adaface-4df25b75e065b0b9ed43,pca,pca_128,pca_reconstruction_cosine,0.01,True,frozen_origin,-0.0062118768692016,True,False,False,True,True,0.9628445902962104,True,high_error,1,42,8
gradcam-611c5162a6401fb10ed3,population-8caf41f0460cebd86e1607bc,survface,survface:registered_probe:4072_cam2_1,adaface-4df25b75e065b0b9ed43,pca,pca_128,pca_reconstruction_cosine,0.01,True,frozen_origin,0.0948338508605957,True,False,False,True,True,0.905569255435877,True,high_error,2,42,8
gradcam-93a55912d7e557cc4720,population-8caf41f0460cebd86e1607bc,survface,survface:registered_probe:2742_cam2_1,adaface-4df25b75e065b0b9ed43,pca,pca_128,pca_reconstruction_cosine,0.01,True,frozen_origin,0.0129460990428924,True,False,False,True,True,0.8891253536158097,True,high_error,3,42,8
gradcam-5270554066b38b4f5d9b,population-8caf41f0460cebd86e1607bc,survface,survface:unknown_unknown_probe:distractors_1458,adaface-4df25b75e065b0b9ed43,pca,pca_128,pca_reconstruction_cosine,0.01,False,frozen_origin,0.0924456119537353,True,False,False,True,True,0.8631409520829706,True,high_error,4,42,8
gradcam-751687adf546451243b6,population-8caf41f0460cebd86e1607bc,survface,survface:unknown_unknown_probe:distractors_2510,adaface-4df25b75e065b0b9ed43,pca,pca_128,pca_reconstruction_cosine,0.01,False,frozen_origin,0.0687816441059112,True,False,False,True,True,0.8627087599202327,True,high_error,5,42,8
gradcam-177b6c1ce3212ecdea63,population-8caf41f0460cebd86e1607bc,survface,survface:unknown_unknown_probe:447_cam2_1,adaface-4df25b75e065b0b9ed43,pca,pca_128,pca_reconstruction_cosine,0.01,False,frozen_origin,0.1236830502748489,True,False,False,True,True,0.8574876867955467,True,high_error,6,42,8
gradcam-b90e006040f0210ab4d5,population-8caf41f0460cebd86e1607bc,survface,survface:unknown_unknown_probe:distractors_2345,adaface-4df25b75e065b0b9ed43,pca,pca_128,pca_reconstruction_cosine,0.01,False,frozen_origin,0.1243607103824615,True,False,False,True,True,0.8465371879465361,True,high_error,7,42,8
gradcam-ae2c4a59988faffb7d94,population-8caf41f0460cebd86e1607bc,survface,survface:unknown_unknown_probe:728_cam2_1,adaface-4df25b75e065b0b9ed43,pca,pca_128,pca_reconstruction_cosine,0.01,False,frozen_origin,0.0972057878971099,True,False,False,True,True,0.8454775423131605,True,high_error,8,42,8
gradcam-130b9299e89f29880dd9,population-8caf41f0460cebd86e1607bc,survface,survface:unknown_unknown_probe:distractors_3188,adaface-4df25b75e065b0b9ed43,pca,pca_128,pca_reconstruction_cosine,0.01,False,frozen_origin,0.1710865199565887,False,False,False,True,True,0.8895895827402633,True,rank_flip,1,42,8
gradcam-f0972deecb7e940a84bb,population-8caf41f0460cebd86e1607bc,survface,survface:unknown_unknown_probe:distractors_4412,adaface-4df25b75e065b0b9ed43,pca,pca_128,pca_reconstruction_cosine,0.01,False,frozen_origin,0.038583219051361,False,False,False,True,True,0.878989094442701,True,rank_flip,2,42,8
gradcam-24052db9a62c6a975313,population-8caf41f0460cebd86e1607bc,survface,survface:unknown_unknown_probe:distractors_2548,adaface-4df25b75e065b0b9ed43,pca,pca_128,pca_reconstruction_cosine,0.01,False,frozen_origin,0.1821084916591644,False,False,False,True,True,0.8599361542393261,True,rank_flip,3,42,8
gradcam-6adb2b18dda09cc1f05b,population-8caf41f0460cebd86e1607bc,survface,survface:unknown_unknown_probe:distractors_4672,adaface-4df25b75e065b0b9ed43,pca,pca_128,pca_reconstruction_cosine,0.01,False,frozen_origin,0.0111390948295593,False,False,False,True,True,0.8554331800872341,True,rank_flip,4,42,8
gradcam-9ecd5199e90f8286e261,population-8caf41f0460cebd86e1607bc,survface,survface:unknown_unknown_probe:distractors_21592,adaface-4df25b75e065b0b9ed43,pca,pca_128,pca_reconstruction_cosine,0.01,False,frozen_origin,0.0223819613456726,False,False,False,True,True,0.8534459193971965,True,rank_flip,5,42,8
gradcam-56c426ac6f93a9eb7d44,population-8caf41f0460cebd86e1607bc,survface,survface:unknown_unknown_probe:distractors_2648,adaface-4df25b75e065b0b9ed43,pca,pca_128,pca_reconstruction_cosine,0.01,False,frozen_origin,0.0725260972976684,False,False,False,True,True,0.8525990630821239,True,rank_flip,6,42,8
gradcam-945422bb048787e5c6cb,population-8caf41f0460cebd86e1607bc,survface,survface:unknown_unknown_probe:distractors_3165,adaface-4df25b75e065b0b9ed43,pca,pca_128,pca_reconstruction_cosine,0.01,False,frozen_origin,0.0387132167816162,False,False,False,True,True,0.8441986812797844,True,rank_flip,7,42,8
gradcam-76286ca98a18cf05bc07,population-8caf41f0460cebd86e1607bc,survface,survface:registered_probe:9197_cam1_97,adaface-4df25b75e065b0b9ed43,pca,pca_128,pca_reconstruction_cosine,0.01,True,frozen_origin,0.0767558217048645,False,False,False,True,True,0.843901072376776,True,rank_flip,8,42,8
gradcam-6e354cba09a7687b4bc6,population-8caf41f0460cebd86e1607bc,survface,survface:registered_probe:5647_cam1_96,adaface-4df25b75e065b0b9ed43,pca,pca_128,pca_reconstruction_cosine,0.01,True,frozen_origin,0.0144529342651367,True,False,False,True,True,0.1471109523324875,True,stable,1,42,8
gradcam-a2bc4dc3695b930c32ac,population-8caf41f0460cebd86e1607bc,survface,survface:registered_probe:9349_cam1_5,adaface-4df25b75e065b0b9ed43,pca,pca_128,pca_reconstruction_cosine,0.01,True,frozen_origin,0.010913074016571,True,False,False,True,True,0.1498033411862971,True,stable,2,42,8
gradcam-5c2492eedefd9fc83140,population-8caf41f0460cebd86e1607bc,survface,survface:unknown_unknown_probe:8905_cam2_29,adaface-4df25b75e065b0b9ed43,pca,pca_128,pca_reconstruction_cosine,0.01,False,frozen_origin,0.0112260580062866,True,False,False,True,True,0.153453555597321,True,stable,3,42,8
gradcam-5968b8512a4431cc67ba,population-8caf41f0460cebd86e1607bc,survface,survface:unknown_unknown_probe:5834_cam1_112,adaface-4df25b75e065b0b9ed43,pca,pca_128,pca_reconstruction_cosine,0.01,False,frozen_origin,0.0130274891853332,True,False,False,True,True,0.153663102320838,True,stable,4,42,8
gradcam-d3d21542987c7af4d352,population-8caf41f0460cebd86e1607bc,survface,survface:registered_probe:5821_cam1_108,adaface-4df25b75e065b0b9ed43,pca,pca_128,pca_reconstruction_cosine,0.01,True,frozen_origin,0.0152726769447326,True,False,False,True,True,0.1544468965820484,True,stable,5,42,8
gradcam-5e9d26e136027fee4016,population-8caf41f0460cebd86e1607bc,survface,survface:unknown_unknown_probe:9884_cam3_8,adaface-4df25b75e065b0b9ed43,pca,pca_128,pca_reconstruction_cosine,0.01,False,frozen_origin,0.0126439929008483,True,False,False,True,True,0.1545959633018821,True,stable,6,42,8
gradcam-7f5ae07dde7385cbff82,population-8caf41f0460cebd86e1607bc,survface,survface:unknown_unknown_probe:10256_cam1_19,adaface-4df25b75e065b0b9ed43,pca,pca_128,pca_reconstruction_cosine,0.01,False,frozen_origin,0.0132381319999694,True,False,False,True,True,0.1560355100319211,True,stable,7,42,8
gradcam-76fa65675fa979299d85,population-8caf41f0460cebd86e1607bc,survface,survface:registered_probe:5647_cam1_44,adaface-4df25b75e065b0b9ed43,pca,pca_128,pca_reconstruction_cosine,0.01,True,frozen_origin,0.0130031108856201,True,False,False,True,True,0.156340585135941,True,stable,8,42,8
gradcam-a3a33fc3fdeb2076f7c6,population-8caf41f0460cebd86e1607bc,survface,survface:registered_probe:5227_16,adaface-4df25b75e065b0b9ed43,pca,pca_128,pca_reconstruction_cosine,0.01,True,frozen_origin,0.0319244861602783,True,True,False,True,True,0.5216087742725373,True,threshold_crossing,1,42,8
gradcam-3c82f9e2e25d1e247c2e,population-8caf41f0460cebd86e1607bc,survface,survface:registered_probe:5225_16,adaface-4df25b75e065b0b9ed43,pca,pca_128,pca_reconstruction_cosine,0.01,True,frozen_origin,0.0703798532485961,True,True,False,True,True,0.5128641009598517,True,threshold_crossing,2,42,8
gradcam-20d0c13f169a8b041cc5,population-8caf41f0460cebd86e1607bc,survface,survface:registered_probe:5061_cam2_4,adaface-4df25b75e065b0b9ed43,pca,pca_128,pca_reconstruction_cosine,0.01,True,frozen_origin,0.0469263195991516,True,True,False,True,True,0.5035786296738156,True,threshold_crossing,3,42,8
gradcam-34b4f2929c0058093fdd,population-8caf41f0460cebd86e1607bc,survface,survface:registered_probe:5578_cam2_148,adaface-4df25b75e065b0b9ed43,pca,pca_128,pca_reconstruction_cosine,0.01,True,frozen_origin,0.064482569694519,True,True,False,True,True,0.4489562676637547,True,threshold_crossing,4,42,8
gradcam-b58031b343719e9e461d,population-8caf41f0460cebd86e1607bc,survface,survface:registered_probe:5800_cam1_120,adaface-4df25b75e065b0b9ed43,pca,pca_128,pca_reconstruction_cosine,0.01,True,frozen_origin,0.0543217658996582,True,True,False,True,True,0.4047418981502341,True,threshold_crossing,5,42,8
gradcam-e814fadd5bdb4cf6bb07,population-8caf41f0460cebd86e1607bc,survface,survface:registered_probe:5578_cam2_161,adaface-4df25b75e065b0b9ed43,pca,pca_128,pca_reconstruction_cosine,0.01,True,frozen_origin,0.0493388175964355,True,True,False,True,True,0.4016541107755891,True,threshold_crossing,6,42,8
gradcam-7daf27e11a91a60aa16d,population-8caf41f0460cebd86e1607bc,survface,survface:unknown_unknown_probe:distractors_4002,adaface-4df25b75e065b0b9ed43,pca,pca_128,pca_reconstruction_cosine,0.01,False,frozen_origin,0.0127102732658386,True,True,False,True,True,0.4006448770937443,True,threshold_crossing,7,42,8
gradcam-e06c4449a51f51fa793a,population-8caf41f0460cebd86e1607bc,survface,survface:unknown_unknown_probe:distractors_4749,adaface-4df25b75e065b0b9ed43,pca,pca_128,pca_reconstruction_cosine,0.01,False,frozen_origin,0.0428548455238342,True,True,False,True,True,0.3835112354949042,True,threshold_crossing,8,42,8
gradcam-c1797113cd702d6f5b0c,population-8caf41f0460cebd86e1607bc,survface,survface:registered_probe:2973_cam3_1,adaface-4df25b75e065b0b9ed43,pca,pca_128,pca_reconstruction_cosine,0.1,True,frozen_origin,-0.0062118768692016,True,False,False,True,True,0.9628445902962104,True,high_error,1,42,8
gradcam-7cf6f775f244fb45f4ac,population-8caf41f0460cebd86e1607bc,survface,survface:registered_probe:4072_cam2_1,adaface-4df25b75e065b0b9ed43,pca,pca_128,pca_reconstruction_cosine,0.1,True,frozen_origin,0.0948338508605957,True,False,False,True,True,0.905569255435877,True,high_error,2,42,8
gradcam-50ae52c240cdf9b9d0eb,population-8caf41f0460cebd86e1607bc,survface,survface:registered_probe:2742_cam2_1,adaface-4df25b75e065b0b9ed43,pca,pca_128,pca_reconstruction_cosine,0.1,True,frozen_origin,0.0129460990428924,True,False,False,True,True,0.8891253536158097,True,high_error,3,42,8
gradcam-2018b58cc1169f513f96,population-8caf41f0460cebd86e1607bc,survface,survface:unknown_unknown_probe:distractors_1458,adaface-4df25b75e065b0b9ed43,pca,pca_128,pca_reconstruction_cosine,0.1,False,frozen_origin,0.0924456119537353,True,False,False,True,True,0.8631409520829706,True,high_error,4,42,8
gradcam-3f9a3d0537d4720f6b4f,population-8caf41f0460cebd86e1607bc,survface,survface:unknown_unknown_probe:distractors_2510,adaface-4df25b75e065b0b9ed43,pca,pca_128,pca_reconstruction_cosine,0.1,False,frozen_origin,0.0687816441059112,True,False,False,True,True,0.8627087599202327,True,high_error,5,42,8
gradcam-c53e1de530717d96d1bb,population-8caf41f0460cebd86e1607bc,survface,survface:unknown_unknown_probe:447_cam2_1,adaface-4df25b75e065b0b9ed43,pca,pca_128,pca_reconstruction_cosine,0.1,False,frozen_origin,0.1236830502748489,True,False,False,True,True,0.8574876867955467,True,high_error,6,42,8
gradcam-2b510c62072324cb3dda,population-8caf41f0460cebd86e1607bc,survface,survface:unknown_unknown_probe:distractors_2345,adaface-4df25b75e065b0b9ed43,pca,pca_128,pca_reconstruction_cosine,0.1,False,frozen_origin,0.1243607103824615,True,False,False,True,True,0.8465371879465361,True,high_error,7,42,8
gradcam-46d8952d389739ff899b,population-8caf41f0460cebd86e1607bc,survface,survface:unknown_unknown_probe:728_cam2_1,adaface-4df25b75e065b0b9ed43,pca,pca_128,pca_reconstruction_cosine,0.1,False,frozen_origin,0.0972057878971099,True,False,False,True,True,0.8454775423131605,True,high_error,8,42,8
gradcam-24a03b00447d54d8677f,population-8caf41f0460cebd86e1607bc,survface,survface:unknown_unknown_probe:distractors_3188,adaface-4df25b75e065b0b9ed43,pca,pca_128,pca_reconstruction_cosine,0.1,False,frozen_origin,0.1710865199565887,False,False,False,True,True,0.8895895827402633,True,rank_flip,1,42,8
gradcam-55d660fdb599c0bc6171,population-8caf41f0460cebd86e1607bc,survface,survface:unknown_unknown_probe:distractors_4412,adaface-4df25b75e065b0b9ed43,pca,pca_128,pca_reconstruction_cosine,0.1,False,frozen_origin,0.038583219051361,False,False,False,True,True,0.878989094442701,True,rank_flip,2,42,8
gradcam-651ba50dbd24d4524430,population-8caf41f0460cebd86e1607bc,survface,survface:unknown_unknown_probe:distractors_2548,adaface-4df25b75e065b0b9ed43,pca,pca_128,pca_reconstruction_cosine,0.1,False,frozen_origin,0.1821084916591644,False,False,False,True,True,0.8599361542393261,True,rank_flip,3,42,8
gradcam-bac686a7cf066bfd2d1c,population-8caf41f0460cebd86e1607bc,survface,survface:unknown_unknown_probe:distractors_4672,adaface-4df25b75e065b0b9ed43,pca,pca_128,pca_reconstruction_cosine,0.1,False,frozen_origin,0.0111390948295593,False,False,False,True,True,0.8554331800872341,True,rank_flip,4,42,8
gradcam-f762be35aa6761658069,population-8caf41f0460cebd86e1607bc,survface,survface:unknown_unknown_probe:distractors_21592,adaface-4df25b75e065b0b9ed43,pca,pca_128,pca_reconstruction_cosine,0.1,False,frozen_origin,0.0223819613456726,False,False,False,True,True,0.8534459193971965,True,rank_flip,5,42,8
gradcam-8a164e0e1ceb66279245,population-8caf41f0460cebd86e1607bc,survface,survface:unknown_unknown_probe:distractors_2648,adaface-4df25b75e065b0b9ed43,pca,pca_128,pca_reconstruction_cosine,0.1,False,frozen_origin,0.0725260972976684,False,False,False,True,True,0.8525990630821239,True,rank_flip,6,42,8
gradcam-4417f5dac3eb36836ed0,population-8caf41f0460cebd86e1607bc,survface,survface:unknown_unknown_probe:distractors_3165,adaface-4df25b75e065b0b9ed43,pca,pca_128,pca_reconstruction_cosine,0.1,False,frozen_origin,0.0387132167816162,False,False,False,True,True,0.8441986812797844,True,rank_flip,7,42,8
gradcam-63d91449efed842bd30b,population-8caf41f0460cebd86e1607bc,survface,survface:registered_probe:9197_cam1_97,adaface-4df25b75e065b0b9ed43,pca,pca_128,pca_reconstruction_cosine,0.1,True,frozen_origin,0.0767558217048645,False,False,False,True,True,0.843901072376776,True,rank_flip,8,42,8
gradcam-b415453421ba144d0a4a,population-8caf41f0460cebd86e1607bc,survface,survface:registered_probe:5647_cam1_96,adaface-4df25b75e065b0b9ed43,pca,pca_128,pca_reconstruction_cosine,0.1,True,frozen_origin,0.0144529342651367,True,False,False,True,True,0.1471109523324875,True,stable,1,42,8
gradcam-d38830ec019cbd7dda22,population-8caf41f0460cebd86e1607bc,survface,survface:registered_probe:9349_cam1_5,adaface-4df25b75e065b0b9ed43,pca,pca_128,pca_reconstruction_cosine,0.1,True,frozen_origin,0.010913074016571,True,False,False,True,True,0.1498033411862971,True,stable,2,42,8
gradcam-2c21d19553104463c4f8,population-8caf41f0460cebd86e1607bc,survface,survface:registered_probe:5831_cam1_98,adaface-4df25b75e065b0b9ed43,pca,pca_128,pca_reconstruction_cosine,0.1,True,frozen_origin,0.012781798839569,True,False,False,True,True,0.152015579234516,True,stable,3,42,8
gradcam-bb100fe57394911891c5,population-8caf41f0460cebd86e1607bc,survface,survface:unknown_unknown_probe:8905_cam2_29,adaface-4df25b75e065b0b9ed43,pca,pca_128,pca_reconstruction_cosine,0.1,False,frozen_origin,0.0112260580062866,True,False,False,True,True,0.153453555597321,True,stable,4,42,8
gradcam-4e1967443e0b23b1d9ff,population-8caf41f0460cebd86e1607bc,survface,survface:unknown_unknown_probe:5834_cam1_112,adaface-4df25b75e065b0b9ed43,pca,pca_128,pca_reconstruction_cosine,0.1,False,frozen_origin,0.0130274891853332,True,False,False,True,True,0.153663102320838,True,stable,5,42,8
gradcam-cf5aa66a8358e4ec57cd,population-8caf41f0460cebd86e1607bc,survface,survface:registered_probe:5821_cam1_108,adaface-4df25b75e065b0b9ed43,pca,pca_128,pca_reconstruction_cosine,0.1,True,frozen_origin,0.0152726769447326,True,False,False,True,True,0.1544468965820484,True,stable,6,42,8
gradcam-94cd35311b147c1b0ff7,population-8caf41f0460cebd86e1607bc,survface,survface:unknown_unknown_probe:9884_cam3_8,adaface-4df25b75e065b0b9ed43,pca,pca_128,pca_reconstruction_cosine,0.1,False,frozen_origin,0.0126439929008483,True,False,False,True,True,0.1545959633018821,True,stable,7,42,8
gradcam-15296defa6e9c23c4235,population-8caf41f0460cebd86e1607bc,survface,survface:unknown_unknown_probe:10256_cam1_19,adaface-4df25b75e065b0b9ed43,pca,pca_128,pca_reconstruction_cosine,0.1,False,frozen_origin,0.0132381319999694,True,False,False,True,True,0.1560355100319211,True,stable,8,42,8
gradcam-2f0e534ae36c103b3c93,population-8caf41f0460cebd86e1607bc,survface,survface:registered_probe:5244_18,adaface-4df25b75e065b0b9ed43,pca,pca_128,pca_reconstruction_cosine,0.1,True,frozen_origin,0.0819035768508911,True,True,False,True,True,0.7138242489396895,True,threshold_crossing,1,42,8
gradcam-0e8b2ea01de6a7079ca7,population-8caf41f0460cebd86e1607bc,survface,survface:registered_probe:5227_19,adaface-4df25b75e065b0b9ed43,pca,pca_128,pca_reconstruction_cosine,0.1,True,frozen_origin,0.0824629664421081,True,True,False,True,True,0.6707708913652983,True,threshold_crossing,2,42,8
gradcam-8f02d29ee2f7762acb53,population-8caf41f0460cebd86e1607bc,survface,survface:registered_probe:5244_23,adaface-4df25b75e065b0b9ed43,pca,pca_128,pca_reconstruction_cosine,0.1,True,frozen_origin,0.0606245994567871,True,True,False,True,True,0.6476733289175948,True,threshold_crossing,3,42,8
gradcam-fb5bed74057cdb256f6e,population-8caf41f0460cebd86e1607bc,survface,survface:registered_probe:5255_22,adaface-4df25b75e065b0b9ed43,pca,pca_128,pca_reconstruction_cosine,0.1,True,frozen_origin,0.0905801653861999,True,True,False,True,True,0.6119026834395528,True,threshold_crossing,4,42,8
gradcam-9aa9099bc2778ce73d8a,population-8caf41f0460cebd86e1607bc,survface,survface:registered_probe:5241_26,adaface-4df25b75e065b0b9ed43,pca,pca_128,pca_reconstruction_cosine,0.1,True,frozen_origin,0.0512944459915161,True,True,False,True,True,0.5858609075309764,True,threshold_crossing,5,42,8
gradcam-074c5c027279019688b9,population-8caf41f0460cebd86e1607bc,survface,survface:registered_probe:262_cam1_1,adaface-4df25b75e065b0b9ed43,pca,pca_128,pca_reconstruction_cosine,0.1,True,frozen_origin,0.1138866543769836,True,True,False,True,True,0.5757330608201175,True,threshold_crossing,6,42,8
gradcam-9976ff45621478442bda,population-8caf41f0460cebd86e1607bc,survface,survface:registered_probe:5227_14,adaface-4df25b75e065b0b9ed43,pca,pca_128,pca_reconstruction_cosine,0.1,True,frozen_origin,0.0588802695274353,True,True,False,True,True,0.5578669107746278,True,threshold_crossing,7,42,8
gradcam-ada6ce4a4c9a0c484a59,population-8caf41f0460cebd86e1607bc,survface,survface:registered_probe:5249_26,adaface-4df25b75e065b0b9ed43,pca,pca_128,pca_reconstruction_cosine,0.1,True,frozen_origin,0.0554944276809692,True,True,False,True,True,0.5536498983195957,True,threshold_crossing,8,42,8
gradcam-f5185914c62651a3081f,population-8caf41f0460cebd86e1607bc,survface,survface:registered_probe:4072_cam2_1,adaface-4df25b75e065b0b9ed43,pca,pca_256,pca_direct_cosine,0.01,True,frozen_origin,0.0559448599815368,True,False,False,True,True,0.6242630050509727,True,high_error,1,42,8
gradcam-fc73bc9fc2051602bbb4,population-8caf41f0460cebd86e1607bc,survface,survface:registered_probe:2973_cam3_1,adaface-4df25b75e065b0b9ed43,pca,pca_256,pca_direct_cosine,0.01,True,frozen_origin,0.2387104630470276,True,False,False,True,True,0.5331540228501753,True,high_error,2,42,8
gradcam-c5c87cb484022e2e16f4,population-8caf41f0460cebd86e1607bc,survface,survface:unknown_unknown_probe:distractors_21592,adaface-4df25b75e065b0b9ed43,pca,pca_256,pca_direct_cosine,0.01,False,frozen_origin,0.1538635194301605,True,False,False,True,True,0.5212975171934907,True,high_error,3,42,8
gradcam-25f71dfe09c0f987e344,population-8caf41f0460cebd86e1607bc,survface,survface:registered_probe:9197_cam1_97,adaface-4df25b75e065b0b9ed43,pca,pca_256,pca_direct_cosine,0.01,True,frozen_origin,0.0627390146255493,True,False,False,True,True,0.5137162237914727,True,high_error,4,42,8
gradcam-d2d2004bacb7ae14b8c6,population-8caf41f0460cebd86e1607bc,survface,survface:registered_probe:4639_cam2_2,adaface-4df25b75e065b0b9ed43,pca,pca_256,pca_direct_cosine,0.01,True,frozen_origin,0.0518699288368225,True,False,False,True,True,0.5040084257653052,True,high_error,5,42,8
gradcam-2228723aab0246fc8948,population-8caf41f0460cebd86e1607bc,survface,survface:registered_probe:5227_18,adaface-4df25b75e065b0b9ed43,pca,pca_256,pca_direct_cosine,0.01,True,frozen_origin,0.0208680629730224,True,False,False,True,True,0.4886498541736925,True,high_error,6,42,8
gradcam-9c7dbd578581561aba9a,population-8caf41f0460cebd86e1607bc,survface,survface:unknown_unknown_probe:distractors_5348,adaface-4df25b75e065b0b9ed43,pca,pca_256,pca_direct_cosine,0.01,False,frozen_origin,0.133783757686615,True,False,False,True,True,0.4880075345796324,True,high_error,7,42,8
gradcam-8bcd1f93b940f79e86b8,population-8caf41f0460cebd86e1607bc,survface,survface:registered_probe:2742_cam2_1,adaface-4df25b75e065b0b9ed43,pca,pca_256,pca_direct_cosine,0.01,True,frozen_origin,0.130570501089096,True,False,False,True,True,0.4827922751582312,True,high_error,8,42,8
gradcam-db17992c9da0deaf2acf,population-8caf41f0460cebd86e1607bc,survface,survface:unknown_unknown_probe:distractors_3188,adaface-4df25b75e065b0b9ed43,pca,pca_256,pca_direct_cosine,0.01,False,frozen_origin,0.0196595788002014,False,False,False,True,True,0.596052565585686,True,rank_flip,1,42,8
gradcam-dae32cbb0d81fc1d6cdc,population-8caf41f0460cebd86e1607bc,survface,survface:unknown_unknown_probe:distractors_12176,adaface-4df25b75e065b0b9ed43,pca,pca_256,pca_direct_cosine,0.01,False,frozen_origin,0.1733863651752472,False,False,False,True,True,0.5316292623151321,True,rank_flip,2,42,8
gradcam-606276041ce353b2e289,population-8caf41f0460cebd86e1607bc,survface,survface:unknown_unknown_probe:9132_cam2_66,adaface-4df25b75e065b0b9ed43,pca,pca_256,pca_direct_cosine,0.01,False,frozen_origin,0.0655234158039093,False,False,False,True,True,0.5180500845833462,True,rank_flip,3,42,8
gradcam-7e8d7b0523b9f9fccf32,population-8caf41f0460cebd86e1607bc,survface,survface:unknown_unknown_probe:distractors_3599,adaface-4df25b75e065b0b9ed43,pca,pca_256,pca_direct_cosine,0.01,False,frozen_origin,0.1001199930906295,False,False,False,True,True,0.5149362930916338,True,rank_flip,4,42,8
gradcam-a14548e78d20fee441cb,population-8caf41f0460cebd86e1607bc,survface,survface:unknown_unknown_probe:distractors_12175,adaface-4df25b75e065b0b9ed43,pca,pca_256,pca_direct_cosine,0.01,False,frozen_origin,0.1025121510028839,False,False,False,True,True,0.5111151530142137,True,rank_flip,5,42,8
gradcam-3de9c2b1c8a28fc505bd,population-8caf41f0460cebd86e1607bc,survface,survface:unknown_unknown_probe:distractors_231,adaface-4df25b75e065b0b9ed43,pca,pca_256,pca_direct_cosine,0.01,False,frozen_origin,0.1274293065071106,False,False,False,True,True,0.4997897328088844,True,rank_flip,6,42,8
gradcam-ef3855631a93f19914bf,population-8caf41f0460cebd86e1607bc,survface,survface:unknown_unknown_probe:distractors_12179,adaface-4df25b75e065b0b9ed43,pca,pca_256,pca_direct_cosine,0.01,False,frozen_origin,0.1734268367290496,False,False,False,True,True,0.4911640213329299,True,rank_flip,7,42,8
gradcam-0271b8461661fe390f70,population-8caf41f0460cebd86e1607bc,survface,survface:unknown_unknown_probe:distractors_3189,adaface-4df25b75e065b0b9ed43,pca,pca_256,pca_direct_cosine,0.01,False,frozen_origin,0.1594676673412323,False,False,False,True,True,0.4901721227198067,True,rank_flip,8,42,8
gradcam-53606e5c68bc7af81713,population-8caf41f0460cebd86e1607bc,survface,survface:unknown_unknown_probe:5863_cam1_151,adaface-4df25b75e065b0b9ed43,pca,pca_256,pca_direct_cosine,0.01,False,frozen_origin,-0.1714773774147033,True,False,False,True,True,0.0661876838603655,True,stable,1,42,8
gradcam-2a475573510fd0055992,population-8caf41f0460cebd86e1607bc,survface,survface:unknown_unknown_probe:5748_cam1_160,adaface-4df25b75e065b0b9ed43,pca,pca_256,pca_direct_cosine,0.01,False,frozen_origin,-0.1620766520500183,True,False,False,True,True,0.0700465804743829,True,stable,2,42,8
gradcam-b9fd12b2285b42d01ef3,population-8caf41f0460cebd86e1607bc,survface,survface:unknown_unknown_probe:5624_cam2_9,adaface-4df25b75e065b0b9ed43,pca,pca_256,pca_direct_cosine,0.01,False,frozen_origin,-0.2034801840782165,True,False,False,True,True,0.0703273990717213,True,stable,3,42,8
gradcam-7ae59f94d3cec12d0f57,population-8caf41f0460cebd86e1607bc,survface,survface:registered_probe:5688_cam1_23,adaface-4df25b75e065b0b9ed43,pca,pca_256,pca_direct_cosine,0.01,True,frozen_origin,-0.2286413311958313,True,False,False,True,True,0.070609128737147,True,stable,4,42,8
gradcam-92afcbcdd35801c8d6a8,population-8caf41f0460cebd86e1607bc,survface,survface:unknown_unknown_probe:5748_cam1_111,adaface-4df25b75e065b0b9ed43,pca,pca_256,pca_direct_cosine,0.01,False,frozen_origin,-0.1657078266143798,True,False,False,True,True,0.0713096380133854,True,stable,5,42,8
gradcam-02ef45f6148248535c0d,population-8caf41f0460cebd86e1607bc,survface,survface:registered_probe:8941_cam3_10,adaface-4df25b75e065b0b9ed43,pca,pca_256,pca_direct_cosine,0.01,True,frozen_origin,-0.1436994075775146,True,False,False,True,True,0.0726894218139124,True,stable,6,42,8
gradcam-e378e2adf939f6de460f,population-8caf41f0460cebd86e1607bc,survface,survface:registered_probe:5826_cam1_64,adaface-4df25b75e065b0b9ed43,pca,pca_256,pca_direct_cosine,0.01,True,frozen_origin,-0.2404772043228149,True,False,False,True,True,0.0732600591891519,True,stable,7,42,8
gradcam-6a69242c8df762543a4c,population-8caf41f0460cebd86e1607bc,survface,survface:unknown_unknown_probe:10605_cam3_24,adaface-4df25b75e065b0b9ed43,pca,pca_256,pca_direct_cosine,0.01,False,frozen_origin,-0.2082725763320922,True,False,False,True,True,0.0742521593812505,True,stable,8,42,8
gradcam-6ed0e27d386d895096eb,population-8caf41f0460cebd86e1607bc,survface,survface:unknown_unknown_probe:distractors_4002,adaface-4df25b75e065b0b9ed43,pca,pca_256,pca_direct_cosine,0.01,False,frozen_origin,0.0271314978599548,True,True,False,True,True,0.1999030594500368,True,threshold_crossing,1,42,8
gradcam-9d6bc5818a40fa4f83d5,population-8caf41f0460cebd86e1607bc,survface,survface:registered_probe:2022_cam2_1,adaface-4df25b75e065b0b9ed43,pca,pca_256,pca_direct_cosine,0.01,True,frozen_origin,0.0191937685012817,True,True,False,True,True,0.1800909458670672,True,threshold_crossing,2,42,8
gradcam-fbeb32e3f07cc3f02eb3,population-8caf41f0460cebd86e1607bc,survface,survface:unknown_unknown_probe:5464_cam2_14,adaface-4df25b75e065b0b9ed43,pca,pca_256,pca_direct_cosine,0.01,False,frozen_origin,-0.0556137561798095,True,True,False,True,True,0.1641748356347543,True,threshold_crossing,3,42,8
gradcam-1aa824c74976cdfa35b7,population-8caf41f0460cebd86e1607bc,survface,survface:unknown_unknown_probe:362_cam1_1,adaface-4df25b75e065b0b9ed43,pca,pca_256,pca_direct_cosine,0.01,False,frozen_origin,-0.0894873142242431,True,True,False,True,True,0.163920750615755,True,threshold_crossing,4,42,8
gradcam-4070179a5ffa48e53ad3,population-8caf41f0460cebd86e1607bc,survface,survface:unknown_unknown_probe:10443_cam2_40,adaface-4df25b75e065b0b9ed43,pca,pca_256,pca_direct_cosine,0.01,False,frozen_origin,0.0225934386253356,True,True,False,True,True,0.1605868397359972,True,threshold_crossing,5,42,8
gradcam-0f113c2635324185c2fc,population-8caf41f0460cebd86e1607bc,survface,survface:unknown_unknown_probe:5464_cam1_7,adaface-4df25b75e065b0b9ed43,pca,pca_256,pca_direct_cosine,0.01,False,frozen_origin,-0.0387291312217712,True,True,False,True,True,0.157792607828721,True,threshold_crossing,6,42,8
gradcam-0cf40352f0e90c49a82c,population-8caf41f0460cebd86e1607bc,survface,survface:unknown_unknown_probe:5416_cam2_26,adaface-4df25b75e065b0b9ed43,pca,pca_256,pca_direct_cosine,0.01,False,frozen_origin,-0.0760165452957153,True,True,False,True,True,0.1553008937898516,True,threshold_crossing,7,42,8
gradcam-e51ba3e87b677f7d068a,population-8caf41f0460cebd86e1607bc,survface,survface:unknown_unknown_probe:9884_cam1_30,adaface-4df25b75e065b0b9ed43,pca,pca_256,pca_direct_cosine,0.01,False,frozen_origin,-0.2011454105377197,True,True,False,True,True,0.1541044739805908,True,threshold_crossing,8,42,8
gradcam-c3eaf0ccb14e1a12d12b,population-8caf41f0460cebd86e1607bc,survface,survface:registered_probe:4072_cam2_1,adaface-4df25b75e065b0b9ed43,pca,pca_256,pca_direct_cosine,0.1,True,frozen_origin,0.0559448599815368,True,False,False,True,True,0.6242630050509727,True,high_error,1,42,8
gradcam-d351c0d66a4eff41eba2,population-8caf41f0460cebd86e1607bc,survface,survface:registered_probe:2973_cam3_1,adaface-4df25b75e065b0b9ed43,pca,pca_256,pca_direct_cosine,0.1,True,frozen_origin,0.2387104630470276,True,False,False,True,True,0.5331540228501753,True,high_error,2,42,8
gradcam-7598f58c8ab5d7665094,population-8caf41f0460cebd86e1607bc,survface,survface:unknown_unknown_probe:distractors_21592,adaface-4df25b75e065b0b9ed43,pca,pca_256,pca_direct_cosine,0.1,False,frozen_origin,0.1538635194301605,True,False,False,True,True,0.5212975171934907,True,high_error,3,42,8
gradcam-47e4f42510f945a32fd1,population-8caf41f0460cebd86e1607bc,survface,survface:registered_probe:9197_cam1_97,adaface-4df25b75e065b0b9ed43,pca,pca_256,pca_direct_cosine,0.1,True,frozen_origin,0.0627390146255493,True,False,False,True,True,0.5137162237914727,True,high_error,4,42,8
gradcam-1a6b6a3eb7eea34976ed,population-8caf41f0460cebd86e1607bc,survface,survface:registered_probe:4639_cam2_2,adaface-4df25b75e065b0b9ed43,pca,pca_256,pca_direct_cosine,0.1,True,frozen_origin,0.0518699288368225,True,False,False,True,True,0.5040084257653052,True,high_error,5,42,8
gradcam-d05babe368b64f6b7f84,population-8caf41f0460cebd86e1607bc,survface,survface:registered_probe:5227_18,adaface-4df25b75e065b0b9ed43,pca,pca_256,pca_direct_cosine,0.1,True,frozen_origin,0.0208680629730224,True,False,False,True,True,0.4886498541736925,True,high_error,6,42,8
gradcam-baaf6085718a65cc1317,population-8caf41f0460cebd86e1607bc,survface,survface:unknown_unknown_probe:distractors_5348,adaface-4df25b75e065b0b9ed43,pca,pca_256,pca_direct_cosine,0.1,False,frozen_origin,0.133783757686615,True,False,False,True,True,0.4880075345796324,True,high_error,7,42,8
gradcam-bc7d008bf0f5d0950c42,population-8caf41f0460cebd86e1607bc,survface,survface:registered_probe:2742_cam2_1,adaface-4df25b75e065b0b9ed43,pca,pca_256,pca_direct_cosine,0.1,True,frozen_origin,0.130570501089096,True,False,False,True,True,0.4827922751582312,True,high_error,8,42,8
gradcam-1c1dfdf530646b6b6848,population-8caf41f0460cebd86e1607bc,survface,survface:unknown_unknown_probe:distractors_3188,adaface-4df25b75e065b0b9ed43,pca,pca_256,pca_direct_cosine,0.1,False,frozen_origin,0.0196595788002014,False,False,False,True,True,0.596052565585686,True,rank_flip,1,42,8
gradcam-4ea00e82aaa2477349f4,population-8caf41f0460cebd86e1607bc,survface,survface:unknown_unknown_probe:distractors_12176,adaface-4df25b75e065b0b9ed43,pca,pca_256,pca_direct_cosine,0.1,False,frozen_origin,0.1733863651752472,False,False,False,True,True,0.5316292623151321,True,rank_flip,2,42,8
gradcam-f1c4bd6cc6ed46337097,population-8caf41f0460cebd86e1607bc,survface,survface:unknown_unknown_probe:9132_cam2_66,adaface-4df25b75e065b0b9ed43,pca,pca_256,pca_direct_cosine,0.1,False,frozen_origin,0.0655234158039093,False,False,False,True,True,0.5180500845833462,True,rank_flip,3,42,8
gradcam-6330fbdda7cae92dd36c,population-8caf41f0460cebd86e1607bc,survface,survface:unknown_unknown_probe:distractors_3599,adaface-4df25b75e065b0b9ed43,pca,pca_256,pca_direct_cosine,0.1,False,frozen_origin,0.1001199930906295,False,False,False,True,True,0.5149362930916338,True,rank_flip,4,42,8
gradcam-037461596321c82d119c,population-8caf41f0460cebd86e1607bc,survface,survface:unknown_unknown_probe:distractors_12175,adaface-4df25b75e065b0b9ed43,pca,pca_256,pca_direct_cosine,0.1,False,frozen_origin,0.1025121510028839,False,False,False,True,True,0.5111151530142137,True,rank_flip,5,42,8
gradcam-ebeebb04339f00603a4b,population-8caf41f0460cebd86e1607bc,survface,survface:unknown_unknown_probe:distractors_231,adaface-4df25b75e065b0b9ed43,pca,pca_256,pca_direct_cosine,0.1,False,frozen_origin,0.1274293065071106,False,False,False,True,True,0.4997897328088844,True,rank_flip,6,42,8
gradcam-d11ea62ab51048c14359,population-8caf41f0460cebd86e1607bc,survface,survface:unknown_unknown_probe:distractors_12179,adaface-4df25b75e065b0b9ed43,pca,pca_256,pca_direct_cosine,0.1,False,frozen_origin,0.1734268367290496,False,False,False,True,True,0.4911640213329299,True,rank_flip,7,42,8
gradcam-e61084e53db102e68ea1,population-8caf41f0460cebd86e1607bc,survface,survface:unknown_unknown_probe:distractors_3189,adaface-4df25b75e065b0b9ed43,pca,pca_256,pca_direct_cosine,0.1,False,frozen_origin,0.1594676673412323,False,False,False,True,True,0.4901721227198067,True,rank_flip,8,42,8
gradcam-523eaa2d258c49147f56,population-8caf41f0460cebd86e1607bc,survface,survface:unknown_unknown_probe:5748_cam1_111,adaface-4df25b75e065b0b9ed43,pca,pca_256,pca_direct_cosine,0.1,False,frozen_origin,-0.1657078266143798,True,False,False,True,True,0.0713096380133854,True,stable,1,42,8
gradcam-e68b62839ed5d785d2b4,population-8caf41f0460cebd86e1607bc,survface,survface:unknown_unknown_probe:5735_cam1_133,adaface-4df25b75e065b0b9ed43,pca,pca_256,pca_direct_cosine,0.1,False,frozen_origin,-0.148626446723938,True,False,False,True,True,0.0772847266555052,True,stable,2,42,8
gradcam-32e0a0fa5ec1da088972,population-8caf41f0460cebd86e1607bc,survface,survface:unknown_unknown_probe:5777_cam2_21,adaface-4df25b75e065b0b9ed43,pca,pca_256,pca_direct_cosine,0.1,False,frozen_origin,-0.2061991095542907,True,False,False,True,True,0.0776654739426398,True,stable,3,42,8
gradcam-6e74e8145d10b08e67ae,population-8caf41f0460cebd86e1607bc,survface,survface:registered_probe:5647_cam1_47,adaface-4df25b75e065b0b9ed43,pca,pca_256,pca_direct_cosine,0.1,True,frozen_origin,-0.1216310262680053,True,False,False,True,True,0.0776874408301539,True,stable,4,42,8
gradcam-730b2dab92a872fbec59,population-8caf41f0460cebd86e1607bc,survface,survface:unknown_unknown_probe:5670_cam1_50,adaface-4df25b75e065b0b9ed43,pca,pca_256,pca_direct_cosine,0.1,False,frozen_origin,-0.2377431392669677,True,False,False,True,True,0.0778920420683223,True,stable,5,42,8
gradcam-0b73728d2f13d69aba47,population-8caf41f0460cebd86e1607bc,survface,survface:registered_probe:5796_cam1_133,adaface-4df25b75e065b0b9ed43,pca,pca_256,pca_direct_cosine,0.1,True,frozen_origin,-0.2224329710006714,True,False,False,True,True,0.0781416158805624,True,stable,6,42,8
gradcam-e20306cbbd45b808bf3c,population-8caf41f0460cebd86e1607bc,survface,survface:unknown_unknown_probe:5742_cam1_93,adaface-4df25b75e065b0b9ed43,pca,pca_256,pca_direct_cosine,0.1,False,frozen_origin,-0.1677567362785339,True,False,False,True,True,0.0785441913504463,True,stable,7,42,8
gradcam-7739f7f6b12dcbd4e424,population-8caf41f0460cebd86e1607bc,survface,survface:unknown_unknown_probe:5748_cam1_105,adaface-4df25b75e065b0b9ed43,pca,pca_256,pca_direct_cosine,0.1,False,frozen_origin,-0.1615328192710876,True,False,False,True,True,0.079077262909703,True,stable,8,42,8
gradcam-622962366e9ee491c310,population-8caf41f0460cebd86e1607bc,survface,survface:registered_probe:5244_23,adaface-4df25b75e065b0b9ed43,pca,pca_256,pca_direct_cosine,0.1,True,frozen_origin,0.049481987953186,True,True,False,True,True,0.3393506275324661,True,threshold_crossing,1,42,8
gradcam-78ac08b9abb04738f1a7,population-8caf41f0460cebd86e1607bc,survface,survface:registered_probe:262_cam1_1,adaface-4df25b75e065b0b9ed43,pca,pca_256,pca_direct_cosine,0.1,True,frozen_origin,0.0959628224372863,True,True,False,True,True,0.3343902519783313,True,threshold_crossing,2,42,8
gradcam-57bb06db195b320fd66f,population-8caf41f0460cebd86e1607bc,survface,survface:registered_probe:5578_cam2_12,adaface-4df25b75e065b0b9ed43,pca,pca_256,pca_direct_cosine,0.1,True,frozen_origin,-0.0414974689483642,True,True,False,True,True,0.2125315465252656,True,threshold_crossing,3,42,8
gradcam-3f86aa99b51e71aed000,population-8caf41f0460cebd86e1607bc,survface,survface:unknown_unknown_probe:9339_cam3_65,adaface-4df25b75e065b0b9ed43,pca,pca_256,pca_direct_cosine,0.1,False,frozen_origin,-0.2311378121376037,True,True,False,True,True,0.2071618733386966,True,threshold_crossing,4,42,8
gradcam-1a77914e41544cbbe1f9,population-8caf41f0460cebd86e1607bc,survface,survface:registered_probe:5578_cam2_148,adaface-4df25b75e065b0b9ed43,pca,pca_256,pca_direct_cosine,0.1,True,frozen_origin,-0.0222387313842773,True,True,False,True,True,0.2055698835805175,True,threshold_crossing,5,42,8
gradcam-d6e5b003196b8396cf04,population-8caf41f0460cebd86e1607bc,survface,survface:registered_probe:5789_cam1_116,adaface-4df25b75e065b0b9ed43,pca,pca_256,pca_direct_cosine,0.1,True,frozen_origin,-0.068040132522583,True,True,False,True,True,0.200738681561702,True,threshold_crossing,6,42,8
gradcam-c34e2d461f6c21bfe141,population-8caf41f0460cebd86e1607bc,survface,survface:registered_probe:5789_cam1_121,adaface-4df25b75e065b0b9ed43,pca,pca_256,pca_direct_cosine,0.1,True,frozen_origin,-0.0462710261344909,True,True,False,True,True,0.2003782655853178,True,threshold_crossing,7,42,8
gradcam-4427b7932f200142dc41,population-8caf41f0460cebd86e1607bc,survface,survface:unknown_unknown_probe:distractors_2375,adaface-4df25b75e065b0b9ed43,pca,pca_256,pca_direct_cosine,0.1,False,frozen_origin,-0.0193599462509155,False,True,False,True,True,0.199213119970332,True,threshold_crossing,8,42,8
gradcam-ecbddaf5ad1ca49b23ca,population-8caf41f0460cebd86e1607bc,survface,survface:registered_probe:4072_cam2_1,adaface-4df25b75e065b0b9ed43,pca,pca_256,pca_reconstruction_cosine,0.01,True,frozen_origin,-0.0039205253124237,True,False,False,True,True,0.6242630050509727,True,high_error,1,42,8
gradcam-1d5f9c565feb56c3c6e7,population-8caf41f0460cebd86e1607bc,survface,survface:unknown_unknown_probe:distractors_3188,adaface-4df25b75e065b0b9ed43,pca,pca_256,pca_reconstruction_cosine,0.01,False,frozen_origin,0.061081439256668,True,False,False,True,True,0.596052565585686,True,high_error,2,42,8
gradcam-bd71a6abf56d5802ab9a,population-8caf41f0460cebd86e1607bc,survface,survface:registered_probe:2973_cam3_1,adaface-4df25b75e065b0b9ed43,pca,pca_256,pca_reconstruction_cosine,0.01,True,frozen_origin,0.0213698148727417,True,False,False,True,True,0.5331540228501753,True,high_error,3,42,8
gradcam-d1ed6550710fe1965e89,population-8caf41f0460cebd86e1607bc,survface,survface:unknown_unknown_probe:distractors_12176,adaface-4df25b75e065b0b9ed43,pca,pca_256,pca_reconstruction_cosine,0.01,False,frozen_origin,0.0437523424625396,True,False,False,True,True,0.5316292623151321,True,high_error,4,42,8
gradcam-d43de6c59251a2d10ffc,population-8caf41f0460cebd86e1607bc,survface,survface:unknown_unknown_probe:distractors_21592,adaface-4df25b75e065b0b9ed43,pca,pca_256,pca_reconstruction_cosine,0.01,False,frozen_origin,0.0140023827552795,True,False,False,True,True,0.5212975171934907,True,high_error,5,42,8
gradcam-8d1bb03f3c7a2abb3756,population-8caf41f0460cebd86e1607bc,survface,survface:unknown_unknown_probe:9132_cam2_66,adaface-4df25b75e065b0b9ed43,pca,pca_256,pca_reconstruction_cosine,0.01,False,frozen_origin,0.0262746810913085,True,False,False,True,True,0.5180500845833462,True,high_error,6,42,8
gradcam-277bd9dc0d1b74dfba51,population-8caf41f0460cebd86e1607bc,survface,survface:unknown_unknown_probe:distractors_3599,adaface-4df25b75e065b0b9ed43,pca,pca_256,pca_reconstruction_cosine,0.01,False,frozen_origin,0.053882822394371,True,False,False,True,True,0.5149362930916338,True,high_error,7,42,8
gradcam-6d750e486746ba132065,population-8caf41f0460cebd86e1607bc,survface,survface:unknown_unknown_probe:distractors_12175,adaface-4df25b75e065b0b9ed43,pca,pca_256,pca_reconstruction_cosine,0.01,False,frozen_origin,0.0127357542514801,True,False,False,True,True,0.5111151530142137,True,high_error,8,42,8
gradcam-5cd2fbbcddef388439b8,population-8caf41f0460cebd86e1607bc,survface,survface:registered_probe:9197_cam1_97,adaface-4df25b75e065b0b9ed43,pca,pca_256,pca_reconstruction_cosine,0.01,True,frozen_origin,0.0131545662879943,False,False,False,True,True,0.5137162237914727,True,rank_flip,1,42,8
gradcam-cea299e223f39592019b,population-8caf41f0460cebd86e1607bc,survface,survface:unknown_unknown_probe:distractors_12179,adaface-4df25b75e065b0b9ed43,pca,pca_256,pca_reconstruction_cosine,0.01,False,frozen_origin,0.0422785878181457,False,False,False,True,True,0.4911640213329299,True,rank_flip,2,42,8
gradcam-ccae2072811969f9dd7f,population-8caf41f0460cebd86e1607bc,survface,survface:unknown_unknown_probe:distractors_3189,adaface-4df25b75e065b0b9ed43,pca,pca_256,pca_reconstruction_cosine,0.01,False,frozen_origin,0.0042381882667541,False,False,False,True,True,0.4901721227198067,True,rank_flip,3,42,8
gradcam-5bf01a7d728d2e54c33f,population-8caf41f0460cebd86e1607bc,survface,survface:unknown_unknown_probe:distractors_2185,adaface-4df25b75e065b0b9ed43,pca,pca_256,pca_reconstruction_cosine,0.01,False,frozen_origin,-0.0028309226036071,False,False,False,True,True,0.4867121358122113,True,rank_flip,4,42,8
gradcam-a9cf93688b55cbd99c98,population-8caf41f0460cebd86e1607bc,survface,survface:registered_probe:9354_cam1_75,adaface-4df25b75e065b0b9ed43,pca,pca_256,pca_reconstruction_cosine,0.01,True,frozen_origin,0.0361427664756774,False,False,False,True,True,0.4673144862237998,True,rank_flip,5,42,8
gradcam-79c277d7140c1f589954,population-8caf41f0460cebd86e1607bc,survface,survface:unknown_unknown_probe:9645_cam2_24,adaface-4df25b75e065b0b9ed43,pca,pca_256,pca_reconstruction_cosine,0.01,False,frozen_origin,-0.0265306234359741,False,False,False,True,True,0.4641874934568493,True,rank_flip,6,42,8
gradcam-b771c6fc6d3ce74c0c9b,population-8caf41f0460cebd86e1607bc,survface,survface:unknown_unknown_probe:distractors_500,adaface-4df25b75e065b0b9ed43,pca,pca_256,pca_reconstruction_cosine,0.01,False,frozen_origin,0.0313344001770019,False,False,False,True,True,0.462611690527986,True,rank_flip,7,42,8
gradcam-de3e1419455ad2f7cb28,population-8caf41f0460cebd86e1607bc,survface,survface:unknown_unknown_probe:distractors_2548,adaface-4df25b75e065b0b9ed43,pca,pca_256,pca_reconstruction_cosine,0.01,False,frozen_origin,0.028588593006134,False,False,False,True,True,0.4586392639219199,True,rank_flip,8,42,8
gradcam-f4e682d85f53f233036b,population-8caf41f0460cebd86e1607bc,survface,survface:unknown_unknown_probe:5854_cam1_5,adaface-4df25b75e065b0b9ed43,pca,pca_256,pca_reconstruction_cosine,0.01,False,frozen_origin,0.0020910501480102,True,False,False,True,True,0.0674275461755224,True,stable,1,42,8
gradcam-55a16b4bb2cd1de9d936,population-8caf41f0460cebd86e1607bc,survface,survface:unknown_unknown_probe:5762_cam1_26,adaface-4df25b75e065b0b9ed43,pca,pca_256,pca_reconstruction_cosine,0.01,False,frozen_origin,0.0024818778038024,True,False,False,True,True,0.0690837620692365,True,stable,2,42,8
gradcam-8f235ac8e70ba2b08c41,population-8caf41f0460cebd86e1607bc,survface,survface:unknown_unknown_probe:5704_cam1_75,adaface-4df25b75e065b0b9ed43,pca,pca_256,pca_reconstruction_cosine,0.01,False,frozen_origin,0.0024303197860717,True,False,False,True,True,0.0696179678813868,True,stable,3,42,8
gradcam-13784395e5662e07b0b3,population-8caf41f0460cebd86e1607bc,survface,survface:unknown_unknown_probe:5748_cam1_160,adaface-4df25b75e065b0b9ed43,pca,pca_256,pca_reconstruction_cosine,0.01,False,frozen_origin,0.0018296837806701,True,False,False,True,True,0.0700465804743829,True,stable,4,42,8
gradcam-59f7abee4cb539d68443,population-8caf41f0460cebd86e1607bc,survface,survface:registered_probe:5826_cam1_55,adaface-4df25b75e065b0b9ed43,pca,pca_256,pca_reconstruction_cosine,0.01,True,frozen_origin,0.0021103620529174,True,False,False,True,True,0.0701114222495774,True,stable,5,42,8
gradcam-b7c7a9df95eb26589ef0,population-8caf41f0460cebd86e1607bc,survface,survface:unknown_unknown_probe:5624_cam2_9,adaface-4df25b75e065b0b9ed43,pca,pca_256,pca_reconstruction_cosine,0.01,False,frozen_origin,0.0021665096282958,True,False,False,True,True,0.0703273990717213,True,stable,6,42,8
gradcam-92169cab8694de91374a,population-8caf41f0460cebd86e1607bc,survface,survface:registered_probe:5688_cam1_23,adaface-4df25b75e065b0b9ed43,pca,pca_256,pca_reconstruction_cosine,0.01,True,frozen_origin,0.0029270648956298,True,False,False,True,True,0.070609128737147,True,stable,7,42,8
gradcam-e3f8f40a5ca2979a1b4a,population-8caf41f0460cebd86e1607bc,survface,survface:unknown_unknown_probe:5748_cam1_111,adaface-4df25b75e065b0b9ed43,pca,pca_256,pca_reconstruction_cosine,0.01,False,frozen_origin,0.0025491118431091,True,False,False,True,True,0.0713096380133854,True,stable,8,42,8
gradcam-7d5014834c8d77719c05,population-8caf41f0460cebd86e1607bc,survface,survface:unknown_unknown_probe:5414_cam2_43,adaface-4df25b75e065b0b9ed43,pca,pca_256,pca_reconstruction_cosine,0.01,False,frozen_origin,0.0127094388008117,True,True,False,True,True,0.1637567855827884,True,threshold_crossing,1,42,8
gradcam-1741d485ace14509a152,population-8caf41f0460cebd86e1607bc,survface,survface:registered_probe:5789_cam1_123,adaface-4df25b75e065b0b9ed43,pca,pca_256,pca_reconstruction_cosine,0.01,True,frozen_origin,0.0073880553245544,True,True,False,True,True,0.1604825367792261,True,threshold_crossing,2,42,8
gradcam-67df5e3f1a96aa2b985d,population-8caf41f0460cebd86e1607bc,survface,survface:unknown_unknown_probe:5464_cam2_13,adaface-4df25b75e065b0b9ed43,pca,pca_256,pca_reconstruction_cosine,0.01,False,frozen_origin,0.0102074742317199,True,True,False,True,True,0.1589133885827895,True,threshold_crossing,3,42,8
gradcam-58e4ba35c44e9e00d612,population-8caf41f0460cebd86e1607bc,survface,survface:registered_probe:9515_cam2_7,adaface-4df25b75e065b0b9ed43,pca,pca_256,pca_reconstruction_cosine,0.01,True,frozen_origin,0.0120753049850463,True,True,False,True,True,0.1584010774078566,True,threshold_crossing,4,42,8
gradcam-6684c0e2cba7eb5dcdb3,population-8caf41f0460cebd86e1607bc,survface,survface:unknown_unknown_probe:4522_cam1_3,adaface-4df25b75e065b0b9ed43,pca,pca_256,pca_reconstruction_cosine,0.01,False,frozen_origin,0.0134965777397155,True,True,False,True,True,0.1578921686049109,True,threshold_crossing,5,42,8
gradcam-b8397016c5733e478d81,population-8caf41f0460cebd86e1607bc,survface,survface:registered_probe:5294_18,adaface-4df25b75e065b0b9ed43,pca,pca_256,pca_reconstruction_cosine,0.01,True,frozen_origin,0.0070164203643798,True,True,False,True,True,0.1558628210269415,True,threshold_crossing,6,42,8
gradcam-1cc6597827b5f95b6850,population-8caf41f0460cebd86e1607bc,survface,survface:registered_probe:9540_cam3_10,adaface-4df25b75e065b0b9ed43,pca,pca_256,pca_reconstruction_cosine,0.01,True,frozen_origin,0.0127115845680236,True,True,False,True,True,0.1554484238321374,True,threshold_crossing,7,42,8
gradcam-92e15fe56d278862989c,population-8caf41f0460cebd86e1607bc,survface,survface:unknown_unknown_probe:10486_cam1_4,adaface-4df25b75e065b0b9ed43,pca,pca_256,pca_reconstruction_cosine,0.01,False,frozen_origin,0.0162580609321594,True,True,False,True,True,0.1538161437430738,True,threshold_crossing,8,42,8
gradcam-6ab88f8943d53e5c91d9,population-8caf41f0460cebd86e1607bc,survface,survface:registered_probe:4072_cam2_1,adaface-4df25b75e065b0b9ed43,pca,pca_256,pca_reconstruction_cosine,0.1,True,frozen_origin,-0.0039205253124237,True,False,False,True,True,0.6242630050509727,True,high_error,1,42,8
gradcam-975b2dbcca1517d1c03d,population-8caf41f0460cebd86e1607bc,survface,survface:unknown_unknown_probe:distractors_3188,adaface-4df25b75e065b0b9ed43,pca,pca_256,pca_reconstruction_cosine,0.1,False,frozen_origin,0.061081439256668,True,False,False,True,True,0.596052565585686,True,high_error,2,42,8
gradcam-7149d1fb1e51543e57dc,population-8caf41f0460cebd86e1607bc,survface,survface:registered_probe:2973_cam3_1,adaface-4df25b75e065b0b9ed43,pca,pca_256,pca_reconstruction_cosine,0.1,True,frozen_origin,0.0213698148727417,True,False,False,True,True,0.5331540228501753,True,high_error,3,42,8
gradcam-d2d192c507059c7ed60b,population-8caf41f0460cebd86e1607bc,survface,survface:unknown_unknown_probe:distractors_12176,adaface-4df25b75e065b0b9ed43,pca,pca_256,pca_reconstruction_cosine,0.1,False,frozen_origin,0.0437523424625396,True,False,False,True,True,0.5316292623151321,True,high_error,4,42,8
gradcam-ec84e738e9f53bbb3523,population-8caf41f0460cebd86e1607bc,survface,survface:unknown_unknown_probe:distractors_21592,adaface-4df25b75e065b0b9ed43,pca,pca_256,pca_reconstruction_cosine,0.1,False,frozen_origin,0.0140023827552795,True,False,False,True,True,0.5212975171934907,True,high_error,5,42,8
gradcam-bb7dd84440b022256903,population-8caf41f0460cebd86e1607bc,survface,survface:unknown_unknown_probe:9132_cam2_66,adaface-4df25b75e065b0b9ed43,pca,pca_256,pca_reconstruction_cosine,0.1,False,frozen_origin,0.0262746810913085,True,False,False,True,True,0.5180500845833462,True,high_error,6,42,8
gradcam-5b70af7a842e9de5d202,population-8caf41f0460cebd86e1607bc,survface,survface:unknown_unknown_probe:distractors_3599,adaface-4df25b75e065b0b9ed43,pca,pca_256,pca_reconstruction_cosine,0.1,False,frozen_origin,0.053882822394371,True,False,False,True,True,0.5149362930916338,True,high_error,7,42,8
gradcam-8e9c15438c5671a62c30,population-8caf41f0460cebd86e1607bc,survface,survface:unknown_unknown_probe:distractors_12175,adaface-4df25b75e065b0b9ed43,pca,pca_256,pca_reconstruction_cosine,0.1,False,frozen_origin,0.0127357542514801,True,False,False,True,True,0.5111151530142137,True,high_error,8,42,8
gradcam-dc6d03416004aa549827,population-8caf41f0460cebd86e1607bc,survface,survface:registered_probe:9197_cam1_97,adaface-4df25b75e065b0b9ed43,pca,pca_256,pca_reconstruction_cosine,0.1,True,frozen_origin,0.0131545662879943,False,False,False,True,True,0.5137162237914727,True,rank_flip,1,42,8
gradcam-2b37af7fd34844644877,population-8caf41f0460cebd86e1607bc,survface,survface:unknown_unknown_probe:distractors_12179,adaface-4df25b75e065b0b9ed43,pca,pca_256,pca_reconstruction_cosine,0.1,False,frozen_origin,0.0422785878181457,False,False,False,True,True,0.4911640213329299,True,rank_flip,2,42,8
gradcam-293125d907527f5575e3,population-8caf41f0460cebd86e1607bc,survface,survface:unknown_unknown_probe:distractors_3189,adaface-4df25b75e065b0b9ed43,pca,pca_256,pca_reconstruction_cosine,0.1,False,frozen_origin,0.0042381882667541,False,False,False,True,True,0.4901721227198067,True,rank_flip,3,42,8
gradcam-29bb3a753c95937c7f67,population-8caf41f0460cebd86e1607bc,survface,survface:unknown_unknown_probe:distractors_2185,adaface-4df25b75e065b0b9ed43,pca,pca_256,pca_reconstruction_cosine,0.1,False,frozen_origin,-0.0028309226036071,False,False,False,True,True,0.4867121358122113,True,rank_flip,4,42,8
gradcam-4d891487672ae326d4b1,population-8caf41f0460cebd86e1607bc,survface,survface:registered_probe:9354_cam1_75,adaface-4df25b75e065b0b9ed43,pca,pca_256,pca_reconstruction_cosine,0.1,True,frozen_origin,0.0361427664756774,False,False,False,True,True,0.4673144862237998,True,rank_flip,5,42,8
gradcam-0de608bf3262658e0a0d,population-8caf41f0460cebd86e1607bc,survface,survface:unknown_unknown_probe:9645_cam2_24,adaface-4df25b75e065b0b9ed43,pca,pca_256,pca_reconstruction_cosine,0.1,False,frozen_origin,-0.0265306234359741,False,False,False,True,True,0.4641874934568493,True,rank_flip,6,42,8
gradcam-2843b626d93b6b97e530,population-8caf41f0460cebd86e1607bc,survface,survface:unknown_unknown_probe:distractors_500,adaface-4df25b75e065b0b9ed43,pca,pca_256,pca_reconstruction_cosine,0.1,False,frozen_origin,0.0313344001770019,False,False,False,True,True,0.462611690527986,True,rank_flip,7,42,8
gradcam-dd15d228005f854f51fc,population-8caf41f0460cebd86e1607bc,survface,survface:unknown_unknown_probe:distractors_2548,adaface-4df25b75e065b0b9ed43,pca,pca_256,pca_reconstruction_cosine,0.1,False,frozen_origin,0.028588593006134,False,False,False,True,True,0.4586392639219199,True,rank_flip,8,42,8
gradcam-0d14558a857f2fd7283b,population-8caf41f0460cebd86e1607bc,survface,survface:unknown_unknown_probe:5863_cam1_151,adaface-4df25b75e065b0b9ed43,pca,pca_256,pca_reconstruction_cosine,0.1,False,frozen_origin,0.002051830291748,True,False,False,True,True,0.0661876838603655,True,stable,1,42,8
gradcam-73e0799f9d562a39e73d,population-8caf41f0460cebd86e1607bc,survface,survface:unknown_unknown_probe:5854_cam1_5,adaface-4df25b75e065b0b9ed43,pca,pca_256,pca_reconstruction_cosine,0.1,False,frozen_origin,0.0020910501480102,True,False,False,True,True,0.0674275461755224,True,stable,2,42,8
gradcam-297af38e76608a870f19,population-8caf41f0460cebd86e1607bc,survface,survface:unknown_unknown_probe:5762_cam1_26,adaface-4df25b75e065b0b9ed43,pca,pca_256,pca_reconstruction_cosine,0.1,False,frozen_origin,0.0024818778038024,True,False,False,True,True,0.0690837620692365,True,stable,3,42,8
gradcam-65fd4f57981f1a2cf657,population-8caf41f0460cebd86e1607bc,survface,survface:unknown_unknown_probe:5704_cam1_75,adaface-4df25b75e065b0b9ed43,pca,pca_256,pca_reconstruction_cosine,0.1,False,frozen_origin,0.0024303197860717,True,False,False,True,True,0.0696179678813868,True,stable,4,42,8
gradcam-08f9c6ee25f7908323f5,population-8caf41f0460cebd86e1607bc,survface,survface:unknown_unknown_probe:5748_cam1_160,adaface-4df25b75e065b0b9ed43,pca,pca_256,pca_reconstruction_cosine,0.1,False,frozen_origin,0.0018296837806701,True,False,False,True,True,0.0700465804743829,True,stable,5,42,8
gradcam-ac99a498953e7141db22,population-8caf41f0460cebd86e1607bc,survface,survface:registered_probe:5826_cam1_55,adaface-4df25b75e065b0b9ed43,pca,pca_256,pca_reconstruction_cosine,0.1,True,frozen_origin,0.0021103620529174,True,False,False,True,True,0.0701114222495774,True,stable,6,42,8
gradcam-a3b98a32dfce7b90ce88,population-8caf41f0460cebd86e1607bc,survface,survface:unknown_unknown_probe:5624_cam2_9,adaface-4df25b75e065b0b9ed43,pca,pca_256,pca_reconstruction_cosine,0.1,False,frozen_origin,0.0021665096282958,True,False,False,True,True,0.0703273990717213,True,stable,7,42,8
gradcam-318995f51e043564a3a1,population-8caf41f0460cebd86e1607bc,survface,survface:registered_probe:5688_cam1_23,adaface-4df25b75e065b0b9ed43,pca,pca_256,pca_reconstruction_cosine,0.1,True,frozen_origin,0.0029270648956298,True,False,False,True,True,0.070609128737147,True,stable,8,42,8
gradcam-14e7754209ec0e8e1496,population-8caf41f0460cebd86e1607bc,survface,survface:registered_probe:5244_23,adaface-4df25b75e065b0b9ed43,pca,pca_256,pca_reconstruction_cosine,0.1,True,frozen_origin,0.0335979461669921,True,True,False,True,True,0.3393506275324661,True,threshold_crossing,1,42,8
gradcam-901de7d7e59df2391eea,population-8caf41f0460cebd86e1607bc,survface,survface:registered_probe:5578_cam2_163,adaface-4df25b75e065b0b9ed43,pca,pca_256,pca_reconstruction_cosine,0.1,True,frozen_origin,0.0100764036178588,True,True,False,True,True,0.2137973071391185,True,threshold_crossing,2,42,8
gradcam-b45d5b1238956d2ce547,population-8caf41f0460cebd86e1607bc,survface,survface:unknown_unknown_probe:distractors_24993,adaface-4df25b75e065b0b9ed43,pca,pca_256,pca_reconstruction_cosine,0.1,False,frozen_origin,0.0176151990890502,True,True,False,True,True,0.2122452925680374,True,threshold_crossing,3,42,8
gradcam-bbad10eb706a94bdf518,population-8caf41f0460cebd86e1607bc,survface,survface:registered_probe:4780_cam1_2,adaface-4df25b75e065b0b9ed43,pca,pca_256,pca_reconstruction_cosine,0.1,True,frozen_origin,0.0113680362701416,True,True,False,True,True,0.2085712376282465,True,threshold_crossing,4,42,8
gradcam-eff4361e1c5314b20188,population-8caf41f0460cebd86e1607bc,survface,survface:registered_probe:5800_cam1_125,adaface-4df25b75e065b0b9ed43,pca,pca_256,pca_reconstruction_cosine,0.1,True,frozen_origin,0.0135468244552612,True,True,False,True,True,0.200520582391507,True,threshold_crossing,5,42,8
gradcam-3d29233cd7ab5cc2c7a0,population-8caf41f0460cebd86e1607bc,survface,survface:registered_probe:5800_cam1_72,adaface-4df25b75e065b0b9ed43,pca,pca_256,pca_reconstruction_cosine,0.1,True,frozen_origin,0.0133204460144042,True,True,False,True,True,0.2003983101045678,True,threshold_crossing,6,42,8
gradcam-d82bafadeadca9e6338f,population-8caf41f0460cebd86e1607bc,survface,survface:unknown_unknown_probe:5594_cam1_10,adaface-4df25b75e065b0b9ed43,pca,pca_256,pca_reconstruction_cosine,0.1,False,frozen_origin,0.013306438922882,True,True,False,True,True,0.1989472994279855,True,threshold_crossing,7,42,8
gradcam-a026072608de5789618e,population-8caf41f0460cebd86e1607bc,survface,survface:unknown_unknown_probe:4480_cam1_1,adaface-4df25b75e065b0b9ed43,pca,pca_256,pca_reconstruction_cosine,0.1,False,frozen_origin,0.0197545886039733,True,True,False,True,True,0.1988444945800246,True,threshold_crossing,8,42,8
gradcam-176b3248753ba5cd26b1,population-8caf41f0460cebd86e1607bc,survface,survface:registered_probe:2742_cam2_1,adaface-4df25b75e065b0b9ed43,pca,pca_32,pca_direct_cosine,0.01,True,frozen_origin,0.328855961561203,True,False,False,True,True,1.3043939870201515,True,high_error,1,42,8
gradcam-77279b251ceb1f38e3de,population-8caf41f0460cebd86e1607bc,survface,survface:unknown_unknown_probe:distractors_2510,adaface-4df25b75e065b0b9ed43,pca,pca_32,pca_direct_cosine,0.01,False,frozen_origin,0.48775315284729,True,False,False,True,True,1.2783301109083005,True,high_error,2,42,8
gradcam-f29991bf89071a2c3d30,population-8caf41f0460cebd86e1607bc,survface,survface:unknown_unknown_probe:4443_cam2_3,adaface-4df25b75e065b0b9ed43,pca,pca_32,pca_direct_cosine,0.01,False,frozen_origin,0.493179127573967,True,False,False,True,True,1.2495368849668784,True,high_error,3,42,8
gradcam-099bd99ba355ff897088,population-8caf41f0460cebd86e1607bc,survface,survface:unknown_unknown_probe:distractors_1028,adaface-4df25b75e065b0b9ed43,pca,pca_32,pca_direct_cosine,0.01,False,frozen_origin,0.4834033250808716,True,False,False,True,True,1.2208344714298442,True,high_error,4,42,8
gradcam-6d82f36f061874eb3864,population-8caf41f0460cebd86e1607bc,survface,survface:registered_probe:5263_20,adaface-4df25b75e065b0b9ed43,pca,pca_32,pca_direct_cosine,0.01,True,frozen_origin,0.1203691363334655,True,False,False,True,True,1.2120720181490827,True,high_error,5,42,8
gradcam-88f2ec955ec14a342982,population-8caf41f0460cebd86e1607bc,survface,survface:unknown_unknown_probe:distractors_1591,adaface-4df25b75e065b0b9ed43,pca,pca_32,pca_direct_cosine,0.01,False,frozen_origin,0.5066041350364685,True,False,False,True,True,1.192107654784618,True,high_error,6,42,8
gradcam-88dfcee8c36547c45bae,population-8caf41f0460cebd86e1607bc,survface,survface:unknown_unknown_probe:10556_cam3_45,adaface-4df25b75e065b0b9ed43,pca,pca_32,pca_direct_cosine,0.01,False,frozen_origin,0.4397700428962707,True,False,False,True,True,1.1890905857497984,True,high_error,7,42,8
gradcam-876765653c225e85e6d0,population-8caf41f0460cebd86e1607bc,survface,survface:unknown_unknown_probe:10206_cam2_59,adaface-4df25b75e065b0b9ed43,pca,pca_32,pca_direct_cosine,0.01,False,frozen_origin,0.5041183829307556,True,False,False,True,True,1.1780598410696046,True,high_error,8,42,8
gradcam-0291fb236c085e583ff2,population-8caf41f0460cebd86e1607bc,survface,survface:unknown_unknown_probe:2704_cam2_1,adaface-4df25b75e065b0b9ed43,pca,pca_32,pca_direct_cosine,0.01,False,frozen_origin,0.5410580635070801,False,False,False,True,True,1.3262329233416956,True,rank_flip,1,42,8
gradcam-92d7a6bcf74642fb5381,population-8caf41f0460cebd86e1607bc,survface,survface:unknown_unknown_probe:10206_cam2_74,adaface-4df25b75e065b0b9ed43,pca,pca_32,pca_direct_cosine,0.01,False,frozen_origin,0.4691714644432068,False,False,False,True,True,1.3261710061181888,True,rank_flip,2,42,8
gradcam-7a921d39a369992ce8e4,population-8caf41f0460cebd86e1607bc,survface,survface:unknown_unknown_probe:distractors_21592,adaface-4df25b75e065b0b9ed43,pca,pca_32,pca_direct_cosine,0.01,False,frozen_origin,0.4801293015480041,False,False,False,True,True,1.3088668808804742,True,rank_flip,3,42,8
gradcam-1fb40d0d6d8c97f443f4,population-8caf41f0460cebd86e1607bc,survface,survface:registered_probe:707_cam2_1,adaface-4df25b75e065b0b9ed43,pca,pca_32,pca_direct_cosine,0.01,True,frozen_origin,0.5611386895179749,False,False,False,True,True,1.2998266122124484,True,rank_flip,4,42,8
gradcam-e9be2ceaa2148a13a68d,population-8caf41f0460cebd86e1607bc,survface,survface:unknown_unknown_probe:2721_cam1_1,adaface-4df25b75e065b0b9ed43,pca,pca_32,pca_direct_cosine,0.01,False,frozen_origin,0.5461114645004272,False,False,False,True,True,1.293180099338141,True,rank_flip,5,42,8
gradcam-82a11e01aad232f8727f,population-8caf41f0460cebd86e1607bc,survface,survface:unknown_unknown_probe:2756_cam4_1,adaface-4df25b75e065b0b9ed43,pca,pca_32,pca_direct_cosine,0.01,False,frozen_origin,0.5958660393953323,False,False,False,True,True,1.2904076298452916,True,rank_flip,6,42,8
gradcam-0af9129832d44dc4c57d,population-8caf41f0460cebd86e1607bc,survface,survface:unknown_unknown_probe:distractors_3041,adaface-4df25b75e065b0b9ed43,pca,pca_32,pca_direct_cosine,0.01,False,frozen_origin,0.6160203814506531,False,False,False,True,True,1.2884048535799375,True,rank_flip,7,42,8
gradcam-6de49b40f5512474d841,population-8caf41f0460cebd86e1607bc,survface,survface:unknown_unknown_probe:10206_cam2_57,adaface-4df25b75e065b0b9ed43,pca,pca_32,pca_direct_cosine,0.01,False,frozen_origin,0.5838928371667862,False,False,False,True,True,1.2851279007726155,True,rank_flip,8,42,8
gradcam-511568c58d98231078ff,population-8caf41f0460cebd86e1607bc,survface,survface:unknown_unknown_probe:5783_cam1_98,adaface-4df25b75e065b0b9ed43,pca,pca_32,pca_direct_cosine,0.01,False,frozen_origin,-0.0387591123580932,True,False,False,True,True,0.3006686204763093,True,stable,1,42,8
gradcam-64592223086f6c8f09c4,population-8caf41f0460cebd86e1607bc,survface,survface:registered_probe:5647_cam1_249,adaface-4df25b75e065b0b9ed43,pca,pca_32,pca_direct_cosine,0.01,True,frozen_origin,-0.0418763756752014,True,False,False,True,True,0.3009912522479107,True,stable,2,42,8
gradcam-77c0ffb358ea16bee7f7,population-8caf41f0460cebd86e1607bc,survface,survface:registered_probe:5647_cam1_47,adaface-4df25b75e065b0b9ed43,pca,pca_32,pca_direct_cosine,0.01,True,frozen_origin,-0.0199773907661438,True,False,False,True,True,0.3020322696288048,True,stable,3,42,8
gradcam-d1907318ea170a15b946,population-8caf41f0460cebd86e1607bc,survface,survface:registered_probe:5789_cam1_63,adaface-4df25b75e065b0b9ed43,pca,pca_32,pca_direct_cosine,0.01,True,frozen_origin,0.0482949018478393,True,False,False,True,True,0.3048279950458735,True,stable,4,42,8
gradcam-c03daf62428d71f4233f,population-8caf41f0460cebd86e1607bc,survface,survface:registered_probe:5647_cam1_122,adaface-4df25b75e065b0b9ed43,pca,pca_32,pca_direct_cosine,0.01,True,frozen_origin,-0.028876781463623,True,False,False,True,True,0.3055627625209776,True,stable,5,42,8
gradcam-39ea84b95eabf37ea243,population-8caf41f0460cebd86e1607bc,survface,survface:unknown_unknown_probe:5691_cam2_2,adaface-4df25b75e065b0b9ed43,pca,pca_32,pca_direct_cosine,0.01,False,frozen_origin,-0.022903025150299,True,False,False,True,True,0.3091450072427504,True,stable,6,42,8
gradcam-f25a1ff5122f42d9757e,population-8caf41f0460cebd86e1607bc,survface,survface:unknown_unknown_probe:5783_cam1_3,adaface-4df25b75e065b0b9ed43,pca,pca_32,pca_direct_cosine,0.01,False,frozen_origin,-0.0590457916259765,True,False,False,True,True,0.3161486689041483,True,stable,7,42,8
gradcam-82190ed3c18a473e75c4,population-8caf41f0460cebd86e1607bc,survface,survface:registered_probe:5678_cam1_16,adaface-4df25b75e065b0b9ed43,pca,pca_32,pca_direct_cosine,0.01,True,frozen_origin,-0.0129913687705993,True,False,False,True,True,0.3193381673004732,True,stable,8,42,8
gradcam-c168ce9ac046b4e30112,population-8caf41f0460cebd86e1607bc,survface,survface:unknown_unknown_probe:distractors_3165,adaface-4df25b75e065b0b9ed43,pca,pca_32,pca_direct_cosine,0.01,False,frozen_origin,0.5416446328163147,False,True,False,True,True,1.2693141615879735,True,threshold_crossing,1,42,8
gradcam-2c2aaa399180c0dbf167,population-8caf41f0460cebd86e1607bc,survface,survface:registered_probe:1129_cam1_1,adaface-4df25b75e065b0b9ed43,pca,pca_32,pca_direct_cosine,0.01,True,frozen_origin,0.556158035993576,False,True,False,True,True,1.2579864411130934,True,threshold_crossing,2,42,8
gradcam-68a477ba6f733792c5af,population-8caf41f0460cebd86e1607bc,survface,survface:unknown_unknown_probe:4245_cam2_1,adaface-4df25b75e065b0b9ed43,pca,pca_32,pca_direct_cosine,0.01,False,frozen_origin,0.6322235763072968,False,True,False,True,True,1.2391331708860205,True,threshold_crossing,3,42,8
gradcam-cb13fa87944b7580df07,population-8caf41f0460cebd86e1607bc,survface,survface:unknown_unknown_probe:9037_cam2_5,adaface-4df25b75e065b0b9ed43,pca,pca_32,pca_direct_cosine,0.01,False,frozen_origin,0.5921081900596619,False,True,False,True,True,1.2203441763037886,True,threshold_crossing,4,42,8
gradcam-c2927b97a541d4a32220,population-8caf41f0460cebd86e1607bc,survface,survface:registered_probe:9057_cam2_9,adaface-4df25b75e065b0b9ed43,pca,pca_32,pca_direct_cosine,0.01,True,frozen_origin,0.5860316157341003,False,True,False,True,True,1.199150944796593,True,threshold_crossing,5,42,8
gradcam-faaba7d7ae467db72b58,population-8caf41f0460cebd86e1607bc,survface,survface:unknown_unknown_probe:9304_cam3_68,adaface-4df25b75e065b0b9ed43,pca,pca_32,pca_direct_cosine,0.01,False,frozen_origin,0.5086769461631775,False,True,False,True,True,1.1956307374333437,True,threshold_crossing,6,42,8
gradcam-ffccf3d338ddf4e1c2a9,population-8caf41f0460cebd86e1607bc,survface,survface:registered_probe:2396_cam2_1,adaface-4df25b75e065b0b9ed43,pca,pca_32,pca_direct_cosine,0.01,True,frozen_origin,0.5263632833957672,False,True,False,True,True,1.1939968788484976,True,threshold_crossing,7,42,8
gradcam-9c192e4b694b140d4cdf,population-8caf41f0460cebd86e1607bc,survface,survface:registered_probe:5244_10,adaface-4df25b75e065b0b9ed43,pca,pca_32,pca_direct_cosine,0.01,True,frozen_origin,0.2736784219741821,True,True,False,True,True,1.1921809602981082,True,threshold_crossing,8,42,8
gradcam-5328d3db157f0668d5e8,population-8caf41f0460cebd86e1607bc,survface,survface:unknown_unknown_probe:4443_cam2_3,adaface-4df25b75e065b0b9ed43,pca,pca_32,pca_direct_cosine,0.1,False,frozen_origin,0.493179127573967,True,False,False,True,True,1.2495368849668784,True,high_error,1,42,8
gradcam-1f83881ed6badf364a7e,population-8caf41f0460cebd86e1607bc,survface,survface:unknown_unknown_probe:distractors_1028,adaface-4df25b75e065b0b9ed43,pca,pca_32,pca_direct_cosine,0.1,False,frozen_origin,0.4834033250808716,True,False,False,True,True,1.2208344714298442,True,high_error,2,42,8
gradcam-1fa970777664ab67cd9a,population-8caf41f0460cebd86e1607bc,survface,survface:registered_probe:5263_20,adaface-4df25b75e065b0b9ed43,pca,pca_32,pca_direct_cosine,0.1,True,frozen_origin,0.1203691363334655,True,False,False,True,True,1.2120720181490827,True,high_error,3,42,8
gradcam-9d14286aa6d7c25cfe47,population-8caf41f0460cebd86e1607bc,survface,survface:unknown_unknown_probe:10556_cam3_45,adaface-4df25b75e065b0b9ed43,pca,pca_32,pca_direct_cosine,0.1,False,frozen_origin,0.4397700428962707,True,False,False,True,True,1.1890905857497984,True,high_error,4,42,8
gradcam-f6d425f58fb6eb76e252,population-8caf41f0460cebd86e1607bc,survface,survface:unknown_unknown_probe:distractors_2258,adaface-4df25b75e065b0b9ed43,pca,pca_32,pca_direct_cosine,0.1,False,frozen_origin,0.4524623155593872,True,False,False,True,True,1.176017695192654,True,high_error,5,42,8
gradcam-d99fb3475b247b7efa1d,population-8caf41f0460cebd86e1607bc,survface,survface:registered_probe:8812_cam2_23,adaface-4df25b75e065b0b9ed43,pca,pca_32,pca_direct_cosine,0.1,True,frozen_origin,0.4424100518226623,True,False,False,True,True,1.174288369449624,True,high_error,6,42,8
gradcam-c94386c68c5c0baed56e,population-8caf41f0460cebd86e1607bc,survface,survface:unknown_unknown_probe:462_cam2_1,adaface-4df25b75e065b0b9ed43,pca,pca_32,pca_direct_cosine,0.1,False,frozen_origin,0.4984170794486999,True,False,False,True,True,1.1726461215488415,True,high_error,7,42,8
gradcam-6ef70691d41d8361da69,population-8caf41f0460cebd86e1607bc,survface,survface:unknown_unknown_probe:4101_cam1_1,adaface-4df25b75e065b0b9ed43,pca,pca_32,pca_direct_cosine,0.1,False,frozen_origin,0.3776208758354187,True,False,False,True,True,1.1634976184336907,True,high_error,8,42,8
gradcam-ba8cd03f67b08e24d08c,population-8caf41f0460cebd86e1607bc,survface,survface:unknown_unknown_probe:distractors_4934,adaface-4df25b75e065b0b9ed43,pca,pca_32,pca_direct_cosine,0.1,False,frozen_origin,0.477913036942482,False,False,False,True,True,1.283328648130933,True,rank_flip,1,42,8
gradcam-b78feac5283d14ae7685,population-8caf41f0460cebd86e1607bc,survface,survface:unknown_unknown_probe:distractors_2185,adaface-4df25b75e065b0b9ed43,pca,pca_32,pca_direct_cosine,0.1,False,frozen_origin,0.5466425716876984,False,False,False,True,True,1.2781416808058386,True,rank_flip,2,42,8
gradcam-fa521edf5e55d5ad21b4,population-8caf41f0460cebd86e1607bc,survface,survface:unknown_unknown_probe:10055_cam2_70,adaface-4df25b75e065b0b9ed43,pca,pca_32,pca_direct_cosine,0.1,False,frozen_origin,0.380286693572998,False,False,False,True,True,1.2621721889885456,True,rank_flip,3,42,8
gradcam-addee2eaffdf865c54d3,population-8caf41f0460cebd86e1607bc,survface,survface:unknown_unknown_probe:distractors_4031,adaface-4df25b75e065b0b9ed43,pca,pca_32,pca_direct_cosine,0.1,False,frozen_origin,0.3199548721313476,False,False,False,True,True,1.2586519293730498,True,rank_flip,4,42,8
gradcam-1f69a4a98cf0bf6515ee,population-8caf41f0460cebd86e1607bc,survface,survface:unknown_unknown_probe:distractors_2350,adaface-4df25b75e065b0b9ed43,pca,pca_32,pca_direct_cosine,0.1,False,frozen_origin,0.4765676110982895,False,False,False,True,True,1.2552755966016886,True,rank_flip,5,42,8
gradcam-c7eaacf744624f62825f,population-8caf41f0460cebd86e1607bc,survface,survface:unknown_unknown_probe:10206_cam2_75,adaface-4df25b75e065b0b9ed43,pca,pca_32,pca_direct_cosine,0.1,False,frozen_origin,0.5420066267251968,False,False,False,True,True,1.2451641169463263,True,rank_flip,6,42,8
gradcam-8e52d449a3b6fac40701,population-8caf41f0460cebd86e1607bc,survface,survface:unknown_unknown_probe:9680_cam2_10,adaface-4df25b75e065b0b9ed43,pca,pca_32,pca_direct_cosine,0.1,False,frozen_origin,0.4596890211105346,False,False,False,True,True,1.243546432835558,True,rank_flip,7,42,8
gradcam-cac4d0f3bb8e0aa1353c,population-8caf41f0460cebd86e1607bc,survface,survface:unknown_unknown_probe:distractors_620,adaface-4df25b75e065b0b9ed43,pca,pca_32,pca_direct_cosine,0.1,False,frozen_origin,0.4380809068679809,False,False,False,True,True,1.2403949148423852,True,rank_flip,8,42,8
gradcam-2b570a3f559580e6a447,population-8caf41f0460cebd86e1607bc,survface,survface:registered_probe:5647_cam1_96,adaface-4df25b75e065b0b9ed43,pca,pca_32,pca_direct_cosine,0.1,True,frozen_origin,-0.074495255947113,True,False,False,True,True,0.2752316466162149,True,stable,1,42,8
gradcam-c6bbd47d483908e72be5,population-8caf41f0460cebd86e1607bc,survface,survface:unknown_unknown_probe:5783_cam1_64,adaface-4df25b75e065b0b9ed43,pca,pca_32,pca_direct_cosine,0.1,False,frozen_origin,-0.0676214098930358,True,False,False,True,True,0.2922166712165863,True,stable,2,42,8
gradcam-1898ec559de26f547637,population-8caf41f0460cebd86e1607bc,survface,survface:registered_probe:5647_cam1_44,adaface-4df25b75e065b0b9ed43,pca,pca_32,pca_direct_cosine,0.1,True,frozen_origin,-0.064183235168457,True,False,False,True,True,0.2926913049439792,True,stable,3,42,8
gradcam-0aa91a7d2f94692dbd23,population-8caf41f0460cebd86e1607bc,survface,survface:unknown_unknown_probe:5783_cam1_73,adaface-4df25b75e065b0b9ed43,pca,pca_32,pca_direct_cosine,0.1,False,frozen_origin,-0.0757724642753601,True,False,False,True,True,0.2937073257746822,True,stable,4,42,8
gradcam-a32fd89e20f82a2928cc,population-8caf41f0460cebd86e1607bc,survface,survface:registered_probe:5721_cam1_234,adaface-4df25b75e065b0b9ed43,pca,pca_32,pca_direct_cosine,0.1,True,frozen_origin,-0.0924988389015197,True,False,False,True,True,0.2942283981026203,True,stable,5,42,8
gradcam-b8bf5f025773343b8e73,population-8caf41f0460cebd86e1607bc,survface,survface:unknown_unknown_probe:5783_cam1_98,adaface-4df25b75e065b0b9ed43,pca,pca_32,pca_direct_cosine,0.1,False,frozen_origin,-0.0387591123580932,True,False,False,True,True,0.3006686204763093,True,stable,6,42,8
gradcam-cd8aa8acac0b8502fe17,population-8caf41f0460cebd86e1607bc,survface,survface:registered_probe:5647_cam1_249,adaface-4df25b75e065b0b9ed43,pca,pca_32,pca_direct_cosine,0.1,True,frozen_origin,-0.0418763756752014,True,False,False,True,True,0.3009912522479107,True,stable,7,42,8
gradcam-faed66256069c328c422,population-8caf41f0460cebd86e1607bc,survface,survface:registered_probe:5647_cam1_47,adaface-4df25b75e065b0b9ed43,pca,pca_32,pca_direct_cosine,0.1,True,frozen_origin,-0.0199773907661438,True,False,False,True,True,0.3020322696288048,True,stable,8,42,8
gradcam-d8d9e0c941dd67c287f0,population-8caf41f0460cebd86e1607bc,survface,survface:unknown_unknown_probe:2704_cam2_1,adaface-4df25b75e065b0b9ed43,pca,pca_32,pca_direct_cosine,0.1,False,frozen_origin,0.5410580635070801,False,True,False,True,True,1.3262329233416956,True,threshold_crossing,1,42,8
gradcam-8456b02a158de9fa1e34,population-8caf41f0460cebd86e1607bc,survface,survface:unknown_unknown_probe:10206_cam2_74,adaface-4df25b75e065b0b9ed43,pca,pca_32,pca_direct_cosine,0.1,False,frozen_origin,0.4691714644432068,False,True,False,True,True,1.3261710061181888,True,threshold_crossing,2,42,8
gradcam-6f7f439b08c05a5ff712,population-8caf41f0460cebd86e1607bc,survface,survface:unknown_unknown_probe:distractors_21592,adaface-4df25b75e065b0b9ed43,pca,pca_32,pca_direct_cosine,0.1,False,frozen_origin,0.4801293015480041,False,True,False,True,True,1.3088668808804742,True,threshold_crossing,3,42,8
gradcam-73416e2a79fdeaf65859,population-8caf41f0460cebd86e1607bc,survface,survface:registered_probe:2742_cam2_1,adaface-4df25b75e065b0b9ed43,pca,pca_32,pca_direct_cosine,0.1,True,frozen_origin,0.328855961561203,True,True,False,True,True,1.3043939870201515,True,threshold_crossing,4,42,8
gradcam-a0eba66afa6dd2b91844,population-8caf41f0460cebd86e1607bc,survface,survface:registered_probe:707_cam2_1,adaface-4df25b75e065b0b9ed43,pca,pca_32,pca_direct_cosine,0.1,True,frozen_origin,0.5611386895179749,False,True,False,True,True,1.2998266122124484,True,threshold_crossing,5,42,8
gradcam-198afdd088b0715f14e7,population-8caf41f0460cebd86e1607bc,survface,survface:unknown_unknown_probe:2721_cam1_1,adaface-4df25b75e065b0b9ed43,pca,pca_32,pca_direct_cosine,0.1,False,frozen_origin,0.5461114645004272,False,True,False,True,True,1.293180099338141,True,threshold_crossing,6,42,8
gradcam-3dfc7c579279186c93a3,population-8caf41f0460cebd86e1607bc,survface,survface:unknown_unknown_probe:2756_cam4_1,adaface-4df25b75e065b0b9ed43,pca,pca_32,pca_direct_cosine,0.1,False,frozen_origin,0.5958660393953323,False,True,False,True,True,1.2904076298452916,True,threshold_crossing,7,42,8
gradcam-b8c6fd0583dbd9f3a958,population-8caf41f0460cebd86e1607bc,survface,survface:unknown_unknown_probe:distractors_3041,adaface-4df25b75e065b0b9ed43,pca,pca_32,pca_direct_cosine,0.1,False,frozen_origin,0.6160203814506531,False,True,False,True,True,1.2884048535799375,True,threshold_crossing,8,42,8
gradcam-ee3372f9f3fe429537db,population-8caf41f0460cebd86e1607bc,survface,survface:registered_probe:2742_cam2_1,adaface-4df25b75e065b0b9ed43,pca,pca_32,pca_reconstruction_cosine,0.01,True,frozen_origin,0.1411907374858856,True,False,False,True,True,1.3043939870201515,True,high_error,1,42,8
gradcam-34e92b8535ddf58a1590,population-8caf41f0460cebd86e1607bc,survface,survface:unknown_unknown_probe:4443_cam2_3,adaface-4df25b75e065b0b9ed43,pca,pca_32,pca_reconstruction_cosine,0.01,False,frozen_origin,0.3642091006040573,True,False,False,True,True,1.2495368849668784,True,high_error,2,42,8
gradcam-b0b06eac5878b279a7ea,population-8caf41f0460cebd86e1607bc,survface,survface:unknown_unknown_probe:distractors_1028,adaface-4df25b75e065b0b9ed43,pca,pca_32,pca_reconstruction_cosine,0.01,False,frozen_origin,0.3741962313652038,True,False,False,True,True,1.2208344714298442,True,high_error,3,42,8
gradcam-681004f23ecc7e0f2b0d,population-8caf41f0460cebd86e1607bc,survface,survface:registered_probe:5263_20,adaface-4df25b75e065b0b9ed43,pca,pca_32,pca_reconstruction_cosine,0.01,True,frozen_origin,0.1398235559463501,True,False,False,True,True,1.2120720181490827,True,high_error,4,42,8
gradcam-f0c4c0a59ed12fc063ff,population-8caf41f0460cebd86e1607bc,survface,survface:unknown_unknown_probe:distractors_3188,adaface-4df25b75e065b0b9ed43,pca,pca_32,pca_reconstruction_cosine,0.01,False,frozen_origin,0.4882405400276184,True,False,False,True,True,1.2095183767870608,True,high_error,5,42,8
gradcam-ec17c206602dfa5c39b7,population-8caf41f0460cebd86e1607bc,survface,survface:registered_probe:8351_cam1_26,adaface-4df25b75e065b0b9ed43,pca,pca_32,pca_reconstruction_cosine,0.01,True,frozen_origin,0.3525261282920837,True,False,False,True,True,1.20688423677853,True,high_error,6,42,8
gradcam-e9685955f3a38d894a3d,population-8caf41f0460cebd86e1607bc,survface,survface:unknown_unknown_probe:distractors_1591,adaface-4df25b75e065b0b9ed43,pca,pca_32,pca_reconstruction_cosine,0.01,False,frozen_origin,0.3675174713134765,True,False,False,True,True,1.192107654784618,True,high_error,7,42,8
gradcam-6db6e8c3f8fde87b9983,population-8caf41f0460cebd86e1607bc,survface,survface:unknown_unknown_probe:10206_cam2_17,adaface-4df25b75e065b0b9ed43,pca,pca_32,pca_reconstruction_cosine,0.01,False,frozen_origin,0.3757030665874481,True,False,False,True,True,1.1893378866990996,True,high_error,8,42,8
gradcam-ad42f8fe051aa2990f00,population-8caf41f0460cebd86e1607bc,survface,survface:unknown_unknown_probe:2704_cam2_1,adaface-4df25b75e065b0b9ed43,pca,pca_32,pca_reconstruction_cosine,0.01,False,frozen_origin,0.3642273545265198,False,False,False,True,True,1.3262329233416956,True,rank_flip,1,42,8
gradcam-71d35293b094bfb8ecd9,population-8caf41f0460cebd86e1607bc,survface,survface:unknown_unknown_probe:10206_cam2_74,adaface-4df25b75e065b0b9ed43,pca,pca_32,pca_reconstruction_cosine,0.01,False,frozen_origin,0.281047523021698,False,False,False,True,True,1.3261710061181888,True,rank_flip,2,42,8
gradcam-56654e1efa16a681377e,population-8caf41f0460cebd86e1607bc,survface,survface:unknown_unknown_probe:distractors_21592,adaface-4df25b75e065b0b9ed43,pca,pca_32,pca_reconstruction_cosine,0.01,False,frozen_origin,0.3454205989837646,False,False,False,True,True,1.3088668808804742,True,rank_flip,3,42,8
gradcam-38fb3d408c1adcc8c328,population-8caf41f0460cebd86e1607bc,survface,survface:registered_probe:707_cam2_1,adaface-4df25b75e065b0b9ed43,pca,pca_32,pca_reconstruction_cosine,0.01,True,frozen_origin,0.3496314883232116,False,False,False,True,True,1.2998266122124484,True,rank_flip,4,42,8
gradcam-f180a0da51861663a39c,population-8caf41f0460cebd86e1607bc,survface,survface:unknown_unknown_probe:2721_cam1_1,adaface-4df25b75e065b0b9ed43,pca,pca_32,pca_reconstruction_cosine,0.01,False,frozen_origin,0.295612633228302,False,False,False,True,True,1.293180099338141,True,rank_flip,5,42,8
gradcam-4a34567bbb6544881298,population-8caf41f0460cebd86e1607bc,survface,survface:unknown_unknown_probe:2756_cam4_1,adaface-4df25b75e065b0b9ed43,pca,pca_32,pca_reconstruction_cosine,0.01,False,frozen_origin,0.3949102312326431,False,False,False,True,True,1.2904076298452916,True,rank_flip,6,42,8
gradcam-6c870d70554e95a9be7c,population-8caf41f0460cebd86e1607bc,survface,survface:unknown_unknown_probe:distractors_3041,adaface-4df25b75e065b0b9ed43,pca,pca_32,pca_reconstruction_cosine,0.01,False,frozen_origin,0.440089464187622,False,False,False,True,True,1.2884048535799375,True,rank_flip,7,42,8
gradcam-759b058c2de60db91307,population-8caf41f0460cebd86e1607bc,survface,survface:unknown_unknown_probe:10206_cam2_57,adaface-4df25b75e065b0b9ed43,pca,pca_32,pca_reconstruction_cosine,0.01,False,frozen_origin,0.4273003488779068,False,False,False,True,True,1.2851279007726155,True,rank_flip,8,42,8
gradcam-826b0cffbd1183b43311,population-8caf41f0460cebd86e1607bc,survface,survface:registered_probe:5647_cam1_96,adaface-4df25b75e065b0b9ed43,pca,pca_32,pca_reconstruction_cosine,0.01,True,frozen_origin,0.0464048981666564,True,False,False,True,True,0.2752316466162149,True,stable,1,42,8
gradcam-f9de9ff6a1e637fe49ab,population-8caf41f0460cebd86e1607bc,survface,survface:unknown_unknown_probe:5783_cam1_64,adaface-4df25b75e065b0b9ed43,pca,pca_32,pca_reconstruction_cosine,0.01,False,frozen_origin,0.0629370808601379,True,False,False,True,True,0.2922166712165863,True,stable,2,42,8
gradcam-17c1f62b9dc1f1fc0ab5,population-8caf41f0460cebd86e1607bc,survface,survface:registered_probe:5647_cam1_44,adaface-4df25b75e065b0b9ed43,pca,pca_32,pca_reconstruction_cosine,0.01,True,frozen_origin,0.053442358970642,True,False,False,True,True,0.2926913049439792,True,stable,3,42,8
gradcam-2da55a342e0ea4c6770d,population-8caf41f0460cebd86e1607bc,survface,survface:unknown_unknown_probe:5783_cam1_73,adaface-4df25b75e065b0b9ed43,pca,pca_32,pca_reconstruction_cosine,0.01,False,frozen_origin,0.049432098865509,True,False,False,True,True,0.2937073257746822,True,stable,4,42,8
gradcam-cc4a35729d20b4db3f86,population-8caf41f0460cebd86e1607bc,survface,survface:registered_probe:5721_cam1_234,adaface-4df25b75e065b0b9ed43,pca,pca_32,pca_reconstruction_cosine,0.01,True,frozen_origin,0.0421003699302673,True,False,False,True,True,0.2942283981026203,True,stable,5,42,8
gradcam-7fafd773f07e850b70fe,population-8caf41f0460cebd86e1607bc,survface,survface:unknown_unknown_probe:5783_cam1_37,adaface-4df25b75e065b0b9ed43,pca,pca_32,pca_reconstruction_cosine,0.01,False,frozen_origin,0.0511010885238647,True,False,False,True,True,0.2944076503442063,True,stable,6,42,8
gradcam-c1928b340cb4bdfaee1a,population-8caf41f0460cebd86e1607bc,survface,survface:registered_probe:5821_cam1_80,adaface-4df25b75e065b0b9ed43,pca,pca_32,pca_reconstruction_cosine,0.01,True,frozen_origin,0.0504304766654968,True,False,False,True,True,0.2956253538083642,True,stable,7,42,8
gradcam-c3fa412014d3683bfcc2,population-8caf41f0460cebd86e1607bc,survface,survface:unknown_unknown_probe:5783_cam1_98,adaface-4df25b75e065b0b9ed43,pca,pca_32,pca_reconstruction_cosine,0.01,False,frozen_origin,0.0568221807479858,True,False,False,True,True,0.3006686204763093,True,stable,8,42,8
gradcam-a934237a81345cbe627b,population-8caf41f0460cebd86e1607bc,survface,survface:registered_probe:5244_10,adaface-4df25b75e065b0b9ed43,pca,pca_32,pca_reconstruction_cosine,0.01,True,frozen_origin,0.2788687944412231,True,True,False,True,True,1.1921809602981082,True,threshold_crossing,1,42,8
gradcam-a7dadc88f1a710aa1d29,population-8caf41f0460cebd86e1607bc,survface,survface:registered_probe:5244_23,adaface-4df25b75e065b0b9ed43,pca,pca_32,pca_reconstruction_cosine,0.01,True,frozen_origin,0.1115530729293823,True,True,False,True,True,1.176174729121713,True,threshold_crossing,2,42,8
gradcam-1d6cc29a75436e4fead9,population-8caf41f0460cebd86e1607bc,survface,survface:registered_probe:844_cam2_1,adaface-4df25b75e065b0b9ed43,pca,pca_32,pca_reconstruction_cosine,0.01,True,frozen_origin,0.2157012224197387,True,True,False,True,True,1.155811126513832,True,threshold_crossing,3,42,8
gradcam-27365202aa60a0841fa2,population-8caf41f0460cebd86e1607bc,survface,survface:registered_probe:5244_18,adaface-4df25b75e065b0b9ed43,pca,pca_32,pca_reconstruction_cosine,0.01,True,frozen_origin,0.1959607005119323,True,True,False,True,True,1.1321614396938935,True,threshold_crossing,4,42,8
gradcam-01bf7c3524cd2c383a78,population-8caf41f0460cebd86e1607bc,survface,survface:registered_probe:5263_5,adaface-4df25b75e065b0b9ed43,pca,pca_32,pca_reconstruction_cosine,0.01,True,frozen_origin,0.1793674230575561,True,True,False,True,True,1.1320910542453757,True,threshold_crossing,5,42,8
gradcam-3bc3573e746008744e92,population-8caf41f0460cebd86e1607bc,survface,survface:unknown_unknown_probe:9932_cam2_99,adaface-4df25b75e065b0b9ed43,pca,pca_32,pca_reconstruction_cosine,0.01,False,frozen_origin,0.5101473927497864,False,True,False,True,True,1.0926369491377232,True,threshold_crossing,6,42,8
gradcam-1bccec9312e142b1d1ba,population-8caf41f0460cebd86e1607bc,survface,survface:registered_probe:262_cam1_1,adaface-4df25b75e065b0b9ed43,pca,pca_32,pca_reconstruction_cosine,0.01,True,frozen_origin,0.1852548718452453,True,True,False,True,True,1.087826159912002,True,threshold_crossing,7,42,8
gradcam-4e557d4f54d6c9f21c61,population-8caf41f0460cebd86e1607bc,survface,survface:unknown_unknown_probe:9581_cam1_30,adaface-4df25b75e065b0b9ed43,pca,pca_32,pca_reconstruction_cosine,0.01,False,frozen_origin,0.448824018239975,True,True,False,True,True,1.0560832223943732,True,threshold_crossing,8,42,8
gradcam-2c62215e7a266705aad6,population-8caf41f0460cebd86e1607bc,survface,survface:registered_probe:2742_cam2_1,adaface-4df25b75e065b0b9ed43,pca,pca_32,pca_reconstruction_cosine,0.1,True,frozen_origin,0.1411907374858856,True,False,False,True,True,1.3043939870201515,True,high_error,1,42,8
gradcam-24f2e98b8b74e88c4eca,population-8caf41f0460cebd86e1607bc,survface,survface:unknown_unknown_probe:4443_cam2_3,adaface-4df25b75e065b0b9ed43,pca,pca_32,pca_reconstruction_cosine,0.1,False,frozen_origin,0.3642091006040573,True,False,False,True,True,1.2495368849668784,True,high_error,2,42,8
gradcam-8a863a7393e727efb022,population-8caf41f0460cebd86e1607bc,survface,survface:unknown_unknown_probe:distractors_1028,adaface-4df25b75e065b0b9ed43,pca,pca_32,pca_reconstruction_cosine,0.1,False,frozen_origin,0.3741962313652038,True,False,False,True,True,1.2208344714298442,True,high_error,3,42,8
gradcam-163c208f283e9bc8e630,population-8caf41f0460cebd86e1607bc,survface,survface:registered_probe:8351_cam1_26,adaface-4df25b75e065b0b9ed43,pca,pca_32,pca_reconstruction_cosine,0.1,True,frozen_origin,0.3525261282920837,True,False,False,True,True,1.20688423677853,True,high_error,4,42,8
gradcam-4af82b387d817af8807e,population-8caf41f0460cebd86e1607bc,survface,survface:unknown_unknown_probe:distractors_1591,adaface-4df25b75e065b0b9ed43,pca,pca_32,pca_reconstruction_cosine,0.1,False,frozen_origin,0.3675174713134765,True,False,False,True,True,1.192107654784618,True,high_error,5,42,8
gradcam-080ce2315687c1d3f370,population-8caf41f0460cebd86e1607bc,survface,survface:unknown_unknown_probe:10206_cam2_17,adaface-4df25b75e065b0b9ed43,pca,pca_32,pca_reconstruction_cosine,0.1,False,frozen_origin,0.3757030665874481,True,False,False,True,True,1.1893378866990996,True,high_error,6,42,8
gradcam-bc1ff5313ae9d862faa5,population-8caf41f0460cebd86e1607bc,survface,survface:registered_probe:2915_cam1_1,adaface-4df25b75e065b0b9ed43,pca,pca_32,pca_reconstruction_cosine,0.1,True,frozen_origin,0.3246897757053375,True,False,False,True,True,1.1893083520506773,True,high_error,7,42,8
gradcam-f514e6b592cab633f451,population-8caf41f0460cebd86e1607bc,survface,survface:unknown_unknown_probe:10556_cam3_45,adaface-4df25b75e065b0b9ed43,pca,pca_32,pca_reconstruction_cosine,0.1,False,frozen_origin,0.4080326557159424,True,False,False,True,True,1.1890905857497984,True,high_error,8,42,8
gradcam-6608db167955e83a18aa,population-8caf41f0460cebd86e1607bc,survface,survface:unknown_unknown_probe:2704_cam2_1,adaface-4df25b75e065b0b9ed43,pca,pca_32,pca_reconstruction_cosine,0.1,False,frozen_origin,0.3642273545265198,False,False,False,True,True,1.3262329233416956,True,rank_flip,1,42,8
gradcam-e7c4b7ad20c0ea2e39de,population-8caf41f0460cebd86e1607bc,survface,survface:unknown_unknown_probe:10206_cam2_74,adaface-4df25b75e065b0b9ed43,pca,pca_32,pca_reconstruction_cosine,0.1,False,frozen_origin,0.281047523021698,False,False,False,True,True,1.3261710061181888,True,rank_flip,2,42,8
gradcam-2f0788d65ac9f194f03b,population-8caf41f0460cebd86e1607bc,survface,survface:unknown_unknown_probe:distractors_21592,adaface-4df25b75e065b0b9ed43,pca,pca_32,pca_reconstruction_cosine,0.1,False,frozen_origin,0.3454205989837646,False,False,False,True,True,1.3088668808804742,True,rank_flip,3,42,8
gradcam-a23ff4cd2e82cd25aea5,population-8caf41f0460cebd86e1607bc,survface,survface:registered_probe:707_cam2_1,adaface-4df25b75e065b0b9ed43,pca,pca_32,pca_reconstruction_cosine,0.1,True,frozen_origin,0.3496314883232116,False,False,False,True,True,1.2998266122124484,True,rank_flip,4,42,8
gradcam-391be098f3f68c3dee90,population-8caf41f0460cebd86e1607bc,survface,survface:unknown_unknown_probe:2721_cam1_1,adaface-4df25b75e065b0b9ed43,pca,pca_32,pca_reconstruction_cosine,0.1,False,frozen_origin,0.295612633228302,False,False,False,True,True,1.293180099338141,True,rank_flip,5,42,8
gradcam-c3849bb44b98594a29f1,population-8caf41f0460cebd86e1607bc,survface,survface:unknown_unknown_probe:2756_cam4_1,adaface-4df25b75e065b0b9ed43,pca,pca_32,pca_reconstruction_cosine,0.1,False,frozen_origin,0.3949102312326431,False,False,False,True,True,1.2904076298452916,True,rank_flip,6,42,8
gradcam-144f9e9863038f0dfd13,population-8caf41f0460cebd86e1607bc,survface,survface:unknown_unknown_probe:distractors_3041,adaface-4df25b75e065b0b9ed43,pca,pca_32,pca_reconstruction_cosine,0.1,False,frozen_origin,0.440089464187622,False,False,False,True,True,1.2884048535799375,True,rank_flip,7,42,8
gradcam-849ad3af550523295f62,population-8caf41f0460cebd86e1607bc,survface,survface:unknown_unknown_probe:10206_cam2_57,adaface-4df25b75e065b0b9ed43,pca,pca_32,pca_reconstruction_cosine,0.1,False,frozen_origin,0.4273003488779068,False,False,False,True,True,1.2851279007726155,True,rank_flip,8,42,8
gradcam-1f96aafa1188c419be6e,population-8caf41f0460cebd86e1607bc,survface,survface:registered_probe:5647_cam1_96,adaface-4df25b75e065b0b9ed43,pca,pca_32,pca_reconstruction_cosine,0.1,True,frozen_origin,0.0464048981666564,True,False,False,True,True,0.2752316466162149,True,stable,1,42,8
gradcam-2e1e9c8ce6ba00de45e9,population-8caf41f0460cebd86e1607bc,survface,survface:unknown_unknown_probe:5783_cam1_64,adaface-4df25b75e065b0b9ed43,pca,pca_32,pca_reconstruction_cosine,0.1,False,frozen_origin,0.0629370808601379,True,False,False,True,True,0.2922166712165863,True,stable,2,42,8
gradcam-2f37d594b3f41261684a,population-8caf41f0460cebd86e1607bc,survface,survface:registered_probe:5647_cam1_44,adaface-4df25b75e065b0b9ed43,pca,pca_32,pca_reconstruction_cosine,0.1,True,frozen_origin,0.053442358970642,True,False,False,True,True,0.2926913049439792,True,stable,3,42,8
gradcam-d84f8dd3fe1cb0397579,population-8caf41f0460cebd86e1607bc,survface,survface:unknown_unknown_probe:5783_cam1_73,adaface-4df25b75e065b0b9ed43,pca,pca_32,pca_reconstruction_cosine,0.1,False,frozen_origin,0.049432098865509,True,False,False,True,True,0.2937073257746822,True,stable,4,42,8
gradcam-24a476e17d9bb4b5db70,population-8caf41f0460cebd86e1607bc,survface,survface:registered_probe:5721_cam1_234,adaface-4df25b75e065b0b9ed43,pca,pca_32,pca_reconstruction_cosine,0.1,True,frozen_origin,0.0421003699302673,True,False,False,True,True,0.2942283981026203,True,stable,5,42,8
gradcam-5d66337e58adfa8775fe,population-8caf41f0460cebd86e1607bc,survface,survface:unknown_unknown_probe:5783_cam1_37,adaface-4df25b75e065b0b9ed43,pca,pca_32,pca_reconstruction_cosine,0.1,False,frozen_origin,0.0511010885238647,True,False,False,True,True,0.2944076503442063,True,stable,6,42,8
gradcam-da8196a16e235af1991e,population-8caf41f0460cebd86e1607bc,survface,survface:registered_probe:5821_cam1_80,adaface-4df25b75e065b0b9ed43,pca,pca_32,pca_reconstruction_cosine,0.1,True,frozen_origin,0.0504304766654968,True,False,False,True,True,0.2956253538083642,True,stable,7,42,8
gradcam-ec216894e1877163877b,population-8caf41f0460cebd86e1607bc,survface,survface:unknown_unknown_probe:5783_cam1_98,adaface-4df25b75e065b0b9ed43,pca,pca_32,pca_reconstruction_cosine,0.1,False,frozen_origin,0.0568221807479858,True,False,False,True,True,0.3006686204763093,True,stable,8,42,8
gradcam-5fb433c1fdf6930a0841,population-8caf41f0460cebd86e1607bc,survface,survface:registered_probe:5263_20,adaface-4df25b75e065b0b9ed43,pca,pca_32,pca_reconstruction_cosine,0.1,True,frozen_origin,0.1398235559463501,True,True,False,True,True,1.2120720181490827,True,threshold_crossing,1,42,8
gradcam-a6eb72e036eb96410ae8,population-8caf41f0460cebd86e1607bc,survface,survface:unknown_unknown_probe:distractors_3188,adaface-4df25b75e065b0b9ed43,pca,pca_32,pca_reconstruction_cosine,0.1,False,frozen_origin,0.4882405400276184,True,True,False,True,True,1.2095183767870608,True,threshold_crossing,2,42,8
gradcam-f12837ce187892927dca,population-8caf41f0460cebd86e1607bc,survface,survface:registered_probe:5244_10,adaface-4df25b75e065b0b9ed43,pca,pca_32,pca_reconstruction_cosine,0.1,True,frozen_origin,0.2788687944412231,True,True,False,True,True,1.1921809602981082,True,threshold_crossing,3,42,8
gradcam-30374e51acf41575eff1,population-8caf41f0460cebd86e1607bc,survface,survface:registered_probe:5244_23,adaface-4df25b75e065b0b9ed43,pca,pca_32,pca_reconstruction_cosine,0.1,True,frozen_origin,0.1115530729293823,True,True,False,True,True,1.176174729121713,True,threshold_crossing,4,42,8
gradcam-76d6114edc3d8f3b4c21,population-8caf41f0460cebd86e1607bc,survface,survface:registered_probe:9057_cam2_8,adaface-4df25b75e065b0b9ed43,pca,pca_32,pca_reconstruction_cosine,0.1,True,frozen_origin,0.3924164175987243,False,True,False,True,True,1.1758065595809382,True,threshold_crossing,5,42,8
gradcam-851bf9cb91d42e33f938,population-8caf41f0460cebd86e1607bc,survface,survface:registered_probe:8363_cam1_100,adaface-4df25b75e065b0b9ed43,pca,pca_32,pca_reconstruction_cosine,0.1,True,frozen_origin,0.4835121035575866,False,True,False,True,True,1.1679857640760551,True,threshold_crossing,6,42,8
gradcam-7e07efbca8c13ccd36b6,population-8caf41f0460cebd86e1607bc,survface,survface:unknown_unknown_probe:distractors_8542,adaface-4df25b75e065b0b9ed43,pca,pca_32,pca_reconstruction_cosine,0.1,False,frozen_origin,0.4312494397163391,False,True,False,True,True,1.1635453849802608,True,threshold_crossing,7,42,8
gradcam-9342249176f7f7b1c716,population-8caf41f0460cebd86e1607bc,survface,survface:unknown_unknown_probe:9206_cam3_43,adaface-4df25b75e065b0b9ed43,pca,pca_32,pca_reconstruction_cosine,0.1,False,frozen_origin,0.5358425378799438,False,True,False,True,True,1.159536719726511,True,threshold_crossing,8,42,8
gradcam-551f52ab9886bc70e48e,population-8caf41f0460cebd86e1607bc,survface,survface:unknown_unknown_probe:9388_cam3_130,adaface-4df25b75e065b0b9ed43,pca,pca_384,pca_direct_cosine,0.01,False,frozen_origin,0.1208587139844894,True,False,False,True,True,0.0208940106951187,True,high_error,1,42,8
gradcam-ac32a774c33cb441f554,population-8caf41f0460cebd86e1607bc,survface,survface:unknown_unknown_probe:4443_cam2_3,adaface-4df25b75e065b0b9ed43,pca,pca_384,pca_direct_cosine,0.01,False,frozen_origin,0.1001147180795669,True,False,False,True,True,0.0207490255877407,True,high_error,2,42,8
gradcam-5356b98869cd507dfcfe,population-8caf41f0460cebd86e1607bc,survface,survface:unknown_unknown_probe:9000_cam2_120,adaface-4df25b75e065b0b9ed43,pca,pca_384,pca_direct_cosine,0.01,False,frozen_origin,0.0839946866035461,True,False,False,True,True,0.020378214365381,True,high_error,3,42,8
gradcam-62f1e4fb5e0a54074d3b,population-8caf41f0460cebd86e1607bc,survface,survface:unknown_unknown_probe:9346_cam3_16,adaface-4df25b75e065b0b9ed43,pca,pca_384,pca_direct_cosine,0.01,False,frozen_origin,-0.0753967463970184,True,False,False,True,True,0.0201671545912236,True,high_error,4,42,8
gradcam-c03ba5906bdcb95f4bc6,population-8caf41f0460cebd86e1607bc,survface,survface:registered_probe:9740_cam2_65,adaface-4df25b75e065b0b9ed43,pca,pca_384,pca_direct_cosine,0.01,True,frozen_origin,0.1262670457363128,True,False,False,True,True,0.0199174856663922,True,high_error,5,42,8
gradcam-3e6336429ecf56459946,population-8caf41f0460cebd86e1607bc,survface,survface:unknown_unknown_probe:4443_cam2_5,adaface-4df25b75e065b0b9ed43,pca,pca_384,pca_direct_cosine,0.01,False,frozen_origin,0.1163394451141357,True,False,False,True,True,0.0194086894017071,True,high_error,6,42,8
gradcam-9b0ba2e7361120597d1e,population-8caf41f0460cebd86e1607bc,survface,survface:registered_probe:5244_11,adaface-4df25b75e065b0b9ed43,pca,pca_384,pca_direct_cosine,0.01,True,frozen_origin,0.0207706689834594,True,False,False,True,True,0.0191773566354997,True,high_error,7,42,8
gradcam-f29bccc443b63eee4c76,population-8caf41f0460cebd86e1607bc,survface,survface:registered_probe:2973_cam3_1,adaface-4df25b75e065b0b9ed43,pca,pca_384,pca_direct_cosine,0.01,True,frozen_origin,0.190857857465744,True,False,False,True,True,0.019115101617,True,high_error,8,42,8
gradcam-eb093c39e8853d073c53,population-8caf41f0460cebd86e1607bc,survface,survface:unknown_unknown_probe:9346_cam3_82,adaface-4df25b75e065b0b9ed43,pca,pca_384,pca_direct_cosine,0.01,False,frozen_origin,-0.0698353052139282,False,False,False,True,True,0.0222637084235006,True,rank_flip,1,42,8
gradcam-deab931c45caa3f0704a,population-8caf41f0460cebd86e1607bc,survface,survface:unknown_unknown_probe:10181_cam2_62,adaface-4df25b75e065b0b9ed43,pca,pca_384,pca_direct_cosine,0.01,False,frozen_origin,0.071718156337738,False,False,False,True,True,0.0220232896611718,True,rank_flip,2,42,8
gradcam-614f11c013665ca60d67,population-8caf41f0460cebd86e1607bc,survface,survface:unknown_unknown_probe:10181_cam2_52,adaface-4df25b75e065b0b9ed43,pca,pca_384,pca_direct_cosine,0.01,False,frozen_origin,0.0877158939838409,False,False,False,True,True,0.0210759961495785,True,rank_flip,3,42,8
gradcam-8189da44195a6f70377c,population-8caf41f0460cebd86e1607bc,survface,survface:unknown_unknown_probe:9346_cam3_125,adaface-4df25b75e065b0b9ed43,pca,pca_384,pca_direct_cosine,0.01,False,frozen_origin,0.0124184489250183,False,False,False,True,True,0.0202274608929702,True,rank_flip,4,42,8
gradcam-e9e8955a8373c9b696f9,population-8caf41f0460cebd86e1607bc,survface,survface:registered_probe:8647_cam1_243,adaface-4df25b75e065b0b9ed43,pca,pca_384,pca_direct_cosine,0.01,True,frozen_origin,-0.0637577474117279,False,False,False,True,True,0.0199542389193977,True,rank_flip,5,42,8
gradcam-c5024138746571551163,population-8caf41f0460cebd86e1607bc,survface,survface:unknown_unknown_probe:4464_cam2_1,adaface-4df25b75e065b0b9ed43,pca,pca_384,pca_direct_cosine,0.01,False,frozen_origin,0.0937133431434631,False,False,False,True,True,0.01953450264421,True,rank_flip,6,42,8
gradcam-d5273a3025c33d222785,population-8caf41f0460cebd86e1607bc,survface,survface:unknown_unknown_probe:9346_cam3_87,adaface-4df25b75e065b0b9ed43,pca,pca_384,pca_direct_cosine,0.01,False,frozen_origin,-0.0237248837947845,False,False,False,True,True,0.0193228846308267,True,rank_flip,7,42,8
gradcam-ebc492fdd2cbd693da95,population-8caf41f0460cebd86e1607bc,survface,survface:unknown_unknown_probe:9230_cam2_28,adaface-4df25b75e065b0b9ed43,pca,pca_384,pca_direct_cosine,0.01,False,frozen_origin,0.0802755355834961,False,False,False,True,True,0.0192581209398981,True,rank_flip,8,42,8
gradcam-0a9b21688cddc3cf9ed5,population-8caf41f0460cebd86e1607bc,survface,survface:unknown_unknown_probe:5624_cam1_63,adaface-4df25b75e065b0b9ed43,pca,pca_384,pca_direct_cosine,0.01,False,frozen_origin,-0.23788583278656,True,False,False,True,True,0.0036815072392818,True,stable,1,42,8
gradcam-e008d2f586559aff5e16,population-8caf41f0460cebd86e1607bc,survface,survface:registered_probe:5618_cam2_80,adaface-4df25b75e065b0b9ed43,pca,pca_384,pca_direct_cosine,0.01,True,frozen_origin,-0.182152509689331,True,False,False,True,True,0.0037380492924978,True,stable,2,42,8
gradcam-a6b48569a43a7759ea62,population-8caf41f0460cebd86e1607bc,survface,survface:unknown_unknown_probe:distractors_22989,adaface-4df25b75e065b0b9ed43,pca,pca_384,pca_direct_cosine,0.01,False,frozen_origin,-0.2026857137680053,True,False,False,True,True,0.0037763806632617,True,stable,3,42,8
gradcam-6dea00eaf382de23db1f,population-8caf41f0460cebd86e1607bc,survface,survface:unknown_unknown_probe:10290_cam1_72,adaface-4df25b75e065b0b9ed43,pca,pca_384,pca_direct_cosine,0.01,False,frozen_origin,-0.2267054319381714,True,False,False,True,True,0.0037790018731171,True,stable,4,42,8
gradcam-56a0a3453a94e919c7d1,population-8caf41f0460cebd86e1607bc,survface,survface:registered_probe:5813_cam1_93,adaface-4df25b75e065b0b9ed43,pca,pca_384,pca_direct_cosine,0.01,True,frozen_origin,-0.1934544444084167,True,False,False,True,True,0.0038726334235014,True,stable,5,42,8
gradcam-36fe550b2fab9f7f3195,population-8caf41f0460cebd86e1607bc,survface,survface:unknown_unknown_probe:5702_cam1_11,adaface-4df25b75e065b0b9ed43,pca,pca_384,pca_direct_cosine,0.01,False,frozen_origin,-0.1952629089355468,True,False,False,True,True,0.0039032750515875,True,stable,6,42,8
gradcam-1eac0d4a2904c1504212,population-8caf41f0460cebd86e1607bc,survface,survface:unknown_unknown_probe:10309_cam1_12,adaface-4df25b75e065b0b9ed43,pca,pca_384,pca_direct_cosine,0.01,False,frozen_origin,-0.2172800898551941,True,False,False,True,True,0.0039065598935088,True,stable,7,42,8
gradcam-45f7fadc50d1abcfd8c6,population-8caf41f0460cebd86e1607bc,survface,survface:unknown_unknown_probe:7130_cam1_6,adaface-4df25b75e065b0b9ed43,pca,pca_384,pca_direct_cosine,0.01,False,frozen_origin,-0.1854797005653381,True,False,False,True,True,0.0039198215774341,True,stable,8,42,8
gradcam-37e0eef7046aeab20f5f,population-8caf41f0460cebd86e1607bc,survface,survface:registered_probe:5462_cam1_2,adaface-4df25b75e065b0b9ed43,pca,pca_384,pca_direct_cosine,0.01,True,frozen_origin,-0.0337821245193481,True,True,False,True,True,0.0100924652974928,True,threshold_crossing,1,42,8
gradcam-0332fa619bfd1a189fae,population-8caf41f0460cebd86e1607bc,survface,survface:unknown_unknown_probe:distractors_4002,adaface-4df25b75e065b0b9ed43,pca,pca_384,pca_direct_cosine,0.01,False,frozen_origin,0.0208505988121032,True,True,False,True,True,0.009863780628779,True,threshold_crossing,2,42,8
gradcam-d3baf95015ef6b50c260,population-8caf41f0460cebd86e1607bc,survface,survface:unknown_unknown_probe:5392_cam1_31,adaface-4df25b75e065b0b9ed43,pca,pca_384,pca_direct_cosine,0.01,False,frozen_origin,-0.1885137557983398,True,True,False,True,True,0.0097051718296544,True,threshold_crossing,3,42,8
gradcam-4f24a604a2403efe7d0a,population-8caf41f0460cebd86e1607bc,survface,survface:unknown_unknown_probe:5464_cam1_7,adaface-4df25b75e065b0b9ed43,pca,pca_384,pca_direct_cosine,0.01,False,frozen_origin,-0.0432194471359252,True,True,False,True,True,0.0094020899932645,True,threshold_crossing,4,42,8
gradcam-12a98ee81302bdfd6909,population-8caf41f0460cebd86e1607bc,survface,survface:registered_probe:5462_cam1_6,adaface-4df25b75e065b0b9ed43,pca,pca_384,pca_direct_cosine,0.01,True,frozen_origin,-0.0298728942871093,True,True,False,True,True,0.0093369004420494,True,threshold_crossing,5,42,8
gradcam-2118e0a549fbaaad6596,population-8caf41f0460cebd86e1607bc,survface,survface:unknown_unknown_probe:10443_cam2_40,adaface-4df25b75e065b0b9ed43,pca,pca_384,pca_direct_cosine,0.01,False,frozen_origin,0.0202962756156921,True,True,False,True,True,0.0092848745088948,True,threshold_crossing,6,42,8
gradcam-eba61a82d312792f2c84,population-8caf41f0460cebd86e1607bc,survface,survface:unknown_unknown_probe:distractors_6136,adaface-4df25b75e065b0b9ed43,pca,pca_384,pca_direct_cosine,0.01,False,frozen_origin,-0.0448415875434875,True,True,False,True,True,0.0092552011673669,True,threshold_crossing,7,42,8
gradcam-71ce0b721ea48a3d9505,population-8caf41f0460cebd86e1607bc,survface,survface:registered_probe:2022_cam2_1,adaface-4df25b75e065b0b9ed43,pca,pca_384,pca_direct_cosine,0.01,True,frozen_origin,0.0143985152244567,True,True,False,True,True,0.0092534829317871,True,threshold_crossing,8,42,8
gradcam-dfd0752808b4af5534e3,population-8caf41f0460cebd86e1607bc,survface,survface:unknown_unknown_probe:9388_cam3_130,adaface-4df25b75e065b0b9ed43,pca,pca_384,pca_direct_cosine,0.1,False,frozen_origin,0.1208587139844894,True,False,False,True,True,0.0208940106951187,True,high_error,1,42,8
gradcam-fb93938991414fd56181,population-8caf41f0460cebd86e1607bc,survface,survface:unknown_unknown_probe:4443_cam2_3,adaface-4df25b75e065b0b9ed43,pca,pca_384,pca_direct_cosine,0.1,False,frozen_origin,0.1001147180795669,True,False,False,True,True,0.0207490255877407,True,high_error,2,42,8
gradcam-8a03e1414d6ce87eb48a,population-8caf41f0460cebd86e1607bc,survface,survface:unknown_unknown_probe:9000_cam2_120,adaface-4df25b75e065b0b9ed43,pca,pca_384,pca_direct_cosine,0.1,False,frozen_origin,0.0839946866035461,True,False,False,True,True,0.020378214365381,True,high_error,3,42,8
gradcam-dda8581dacaf608d3976,population-8caf41f0460cebd86e1607bc,survface,survface:unknown_unknown_probe:9346_cam3_16,adaface-4df25b75e065b0b9ed43,pca,pca_384,pca_direct_cosine,0.1,False,frozen_origin,-0.0753967463970184,True,False,False,True,True,0.0201671545912236,True,high_error,4,42,8
gradcam-6742689c4ae146eea152,population-8caf41f0460cebd86e1607bc,survface,survface:registered_probe:9740_cam2_65,adaface-4df25b75e065b0b9ed43,pca,pca_384,pca_direct_cosine,0.1,True,frozen_origin,0.1262670457363128,True,False,False,True,True,0.0199174856663922,True,high_error,5,42,8
gradcam-bdecafa6995cd20d65eb,population-8caf41f0460cebd86e1607bc,survface,survface:unknown_unknown_probe:4443_cam2_5,adaface-4df25b75e065b0b9ed43,pca,pca_384,pca_direct_cosine,0.1,False,frozen_origin,0.1163394451141357,True,False,False,True,True,0.0194086894017071,True,high_error,6,42,8
gradcam-6d350940ed354fc8987a,population-8caf41f0460cebd86e1607bc,survface,survface:registered_probe:5244_11,adaface-4df25b75e065b0b9ed43,pca,pca_384,pca_direct_cosine,0.1,True,frozen_origin,0.0207706689834594,True,False,False,True,True,0.0191773566354997,True,high_error,7,42,8
gradcam-1cbecfd2d573bd28f469,population-8caf41f0460cebd86e1607bc,survface,survface:registered_probe:2973_cam3_1,adaface-4df25b75e065b0b9ed43,pca,pca_384,pca_direct_cosine,0.1,True,frozen_origin,0.190857857465744,True,False,False,True,True,0.019115101617,True,high_error,8,42,8
gradcam-ac080dfcb98ceb9c547e,population-8caf41f0460cebd86e1607bc,survface,survface:unknown_unknown_probe:9346_cam3_82,adaface-4df25b75e065b0b9ed43,pca,pca_384,pca_direct_cosine,0.1,False,frozen_origin,-0.0698353052139282,False,False,False,True,True,0.0222637084235006,True,rank_flip,1,42,8
gradcam-86e2c7d8a92a4491030b,population-8caf41f0460cebd86e1607bc,survface,survface:unknown_unknown_probe:10181_cam2_62,adaface-4df25b75e065b0b9ed43,pca,pca_384,pca_direct_cosine,0.1,False,frozen_origin,0.071718156337738,False,False,False,True,True,0.0220232896611718,True,rank_flip,2,42,8
gradcam-bcb01e97c7db865ae4bd,population-8caf41f0460cebd86e1607bc,survface,survface:unknown_unknown_probe:10181_cam2_52,adaface-4df25b75e065b0b9ed43,pca,pca_384,pca_direct_cosine,0.1,False,frozen_origin,0.0877158939838409,False,False,False,True,True,0.0210759961495785,True,rank_flip,3,42,8
gradcam-661b637caaa9428e60b6,population-8caf41f0460cebd86e1607bc,survface,survface:unknown_unknown_probe:9346_cam3_125,adaface-4df25b75e065b0b9ed43,pca,pca_384,pca_direct_cosine,0.1,False,frozen_origin,0.0124184489250183,False,False,False,True,True,0.0202274608929702,True,rank_flip,4,42,8
gradcam-7bf403fd859ec136261c,population-8caf41f0460cebd86e1607bc,survface,survface:registered_probe:8647_cam1_243,adaface-4df25b75e065b0b9ed43,pca,pca_384,pca_direct_cosine,0.1,True,frozen_origin,-0.0637577474117279,False,False,False,True,True,0.0199542389193977,True,rank_flip,5,42,8
gradcam-9a11a28022a523e23a14,population-8caf41f0460cebd86e1607bc,survface,survface:unknown_unknown_probe:4464_cam2_1,adaface-4df25b75e065b0b9ed43,pca,pca_384,pca_direct_cosine,0.1,False,frozen_origin,0.0937133431434631,False,False,False,True,True,0.01953450264421,True,rank_flip,6,42,8
gradcam-004335b197962bfe3ef0,population-8caf41f0460cebd86e1607bc,survface,survface:unknown_unknown_probe:9346_cam3_87,adaface-4df25b75e065b0b9ed43,pca,pca_384,pca_direct_cosine,0.1,False,frozen_origin,-0.0237248837947845,False,False,False,True,True,0.0193228846308267,True,rank_flip,7,42,8
gradcam-09eedb5b945bb970efb5,population-8caf41f0460cebd86e1607bc,survface,survface:unknown_unknown_probe:9230_cam2_28,adaface-4df25b75e065b0b9ed43,pca,pca_384,pca_direct_cosine,0.1,False,frozen_origin,0.0802755355834961,False,False,False,True,True,0.0192581209398981,True,rank_flip,8,42,8
gradcam-395709f19a7343138b4e,population-8caf41f0460cebd86e1607bc,survface,survface:unknown_unknown_probe:5754_cam1_66,adaface-4df25b75e065b0b9ed43,pca,pca_384,pca_direct_cosine,0.1,False,frozen_origin,-0.2238355278968811,True,False,False,True,True,0.0039311808640787,True,stable,1,42,8
gradcam-324a4042cc1d159c2b66,population-8caf41f0460cebd86e1607bc,survface,survface:registered_probe:5647_cam1_240,adaface-4df25b75e065b0b9ed43,pca,pca_384,pca_direct_cosine,0.1,True,frozen_origin,-0.1317445635795593,True,False,False,True,True,0.0039734155378324,True,stable,2,42,8
gradcam-a59612611bf42ef9003d,population-8caf41f0460cebd86e1607bc,survface,survface:unknown_unknown_probe:8801_cam2_9,adaface-4df25b75e065b0b9ed43,pca,pca_384,pca_direct_cosine,0.1,False,frozen_origin,-0.1276003718376159,True,False,False,True,True,0.0040534248363388,True,stable,3,42,8
gradcam-3d7fcd699d3da0cc33e6,population-8caf41f0460cebd86e1607bc,survface,survface:registered_probe:5788_cam2_126,adaface-4df25b75e065b0b9ed43,pca,pca_384,pca_direct_cosine,0.1,True,frozen_origin,-0.1112804412841796,True,False,False,True,True,0.0040600711286253,True,stable,4,42,8
gradcam-ba482e798fad8a3b5692,population-8caf41f0460cebd86e1607bc,survface,survface:unknown_unknown_probe:10007_cam1_12,adaface-4df25b75e065b0b9ed43,pca,pca_384,pca_direct_cosine,0.1,False,frozen_origin,-0.2449367642402649,True,False,False,True,True,0.0041149503112938,True,stable,5,42,8
gradcam-8445b127e41c76615099,population-8caf41f0460cebd86e1607bc,survface,survface:unknown_unknown_probe:7661_cam4_3,adaface-4df25b75e065b0b9ed43,pca,pca_384,pca_direct_cosine,0.1,False,frozen_origin,-0.179595947265625,True,False,False,True,True,0.0041307168598318,True,stable,6,42,8
gradcam-bc80618cf673472c959d,population-8caf41f0460cebd86e1607bc,survface,survface:registered_probe:5808_cam1_107,adaface-4df25b75e065b0b9ed43,pca,pca_384,pca_direct_cosine,0.1,True,frozen_origin,-0.2853441834449768,True,False,False,True,True,0.0041629545753711,True,stable,7,42,8
gradcam-98694d06b21b8eaf01b4,population-8caf41f0460cebd86e1607bc,survface,survface:unknown_unknown_probe:5818_cam2_49,adaface-4df25b75e065b0b9ed43,pca,pca_384,pca_direct_cosine,0.1,False,frozen_origin,-0.2307771444320678,True,False,False,True,True,0.0041672402704497,True,stable,8,42,8
gradcam-f448c9d8fb63af937f06,population-8caf41f0460cebd86e1607bc,survface,survface:registered_probe:5244_23,adaface-4df25b75e065b0b9ed43,pca,pca_384,pca_direct_cosine,0.1,True,frozen_origin,0.0186884999275207,True,True,False,True,True,0.0128429060542769,True,threshold_crossing,1,42,8
gradcam-ae0d4e3be20ed1fcda26,population-8caf41f0460cebd86e1607bc,survface,survface:unknown_unknown_probe:9685_cam3_101,adaface-4df25b75e065b0b9ed43,pca,pca_384,pca_direct_cosine,0.1,False,frozen_origin,-0.1406326293945312,True,True,False,True,True,0.0116059146976692,True,threshold_crossing,2,42,8
gradcam-0e02d73105c82b759a77,population-8caf41f0460cebd86e1607bc,survface,survface:unknown_unknown_probe:8789_cam2_38,adaface-4df25b75e065b0b9ed43,pca,pca_384,pca_direct_cosine,0.1,False,frozen_origin,-0.2303391695022583,True,True,False,True,True,0.0113185101611927,True,threshold_crossing,3,42,8
gradcam-3ace5630b088e2334180,population-8caf41f0460cebd86e1607bc,survface,survface:registered_probe:6985_cam3_2,adaface-4df25b75e065b0b9ed43,pca,pca_384,pca_direct_cosine,0.1,True,frozen_origin,-0.1653611063957214,True,True,False,True,True,0.011131174117198,True,threshold_crossing,4,42,8
gradcam-a2ec43d3753729d7ea84,population-8caf41f0460cebd86e1607bc,survface,survface:registered_probe:9155_cam3_17,adaface-4df25b75e065b0b9ed43,pca,pca_384,pca_direct_cosine,0.1,True,frozen_origin,-0.0938286781311035,True,True,False,True,True,0.0109676090308268,True,threshold_crossing,5,42,8
gradcam-dcfd9e799bb6b5635c8c,population-8caf41f0460cebd86e1607bc,survface,survface:unknown_unknown_probe:5364_cam6_14,adaface-4df25b75e065b0b9ed43,pca,pca_384,pca_direct_cosine,0.1,False,frozen_origin,-0.1094762086868286,True,True,False,True,True,0.010889665643057,True,threshold_crossing,6,42,8
gradcam-162bbaa7384a4e77da88,population-8caf41f0460cebd86e1607bc,survface,survface:unknown_unknown_probe:distractors_16066,adaface-4df25b75e065b0b9ed43,pca,pca_384,pca_direct_cosine,0.1,False,frozen_origin,-0.1789813637733459,True,True,False,True,True,0.0108345261355844,True,threshold_crossing,7,42,8
gradcam-0eb90bd20eb63a2b40a3,population-8caf41f0460cebd86e1607bc,survface,survface:unknown_unknown_probe:5668_cam1_22,adaface-4df25b75e065b0b9ed43,pca,pca_384,pca_direct_cosine,0.1,False,frozen_origin,-0.2164583206176757,True,True,False,True,True,0.0106013092851301,True,threshold_crossing,8,42,8
gradcam-92405044f3fcdf6ae86d,population-8caf41f0460cebd86e1607bc,survface,survface:unknown_unknown_probe:9346_cam3_82,adaface-4df25b75e065b0b9ed43,pca,pca_384,pca_reconstruction_cosine,0.01,False,frozen_origin,3.886222839355469e-05,True,False,False,True,True,0.0222637084235006,True,high_error,1,42,8
gradcam-031ef944a6fb2d18c9de,population-8caf41f0460cebd86e1607bc,survface,survface:unknown_unknown_probe:10181_cam2_62,adaface-4df25b75e065b0b9ed43,pca,pca_384,pca_reconstruction_cosine,0.01,False,frozen_origin,7.143616676330566e-05,True,False,False,True,True,0.0220232896611718,True,high_error,2,42,8
gradcam-fa2ad1a0cbf4caa4535d,population-8caf41f0460cebd86e1607bc,survface,survface:unknown_unknown_probe:10181_cam2_52,adaface-4df25b75e065b0b9ed43,pca,pca_384,pca_reconstruction_cosine,0.01,False,frozen_origin,9.083747863769533e-05,True,False,False,True,True,0.0210759961495785,True,high_error,3,42,8
gradcam-7fc7eb345a324c4bf6f1,population-8caf41f0460cebd86e1607bc,survface,survface:unknown_unknown_probe:9388_cam3_130,adaface-4df25b75e065b0b9ed43,pca,pca_384,pca_reconstruction_cosine,0.01,False,frozen_origin,-3.5122036933898926e-05,True,False,False,True,True,0.0208940106951187,True,high_error,4,42,8
gradcam-8b16c5eebb89be28795a,population-8caf41f0460cebd86e1607bc,survface,survface:unknown_unknown_probe:4443_cam2_3,adaface-4df25b75e065b0b9ed43,pca,pca_384,pca_reconstruction_cosine,0.01,False,frozen_origin,2.409517765045166e-05,True,False,False,True,True,0.0207490255877407,True,high_error,5,42,8
gradcam-50e84ab915fdfac69efb,population-8caf41f0460cebd86e1607bc,survface,survface:unknown_unknown_probe:9000_cam2_120,adaface-4df25b75e065b0b9ed43,pca,pca_384,pca_reconstruction_cosine,0.01,False,frozen_origin,9.545683860778809e-05,True,False,False,True,True,0.020378214365381,True,high_error,6,42,8
gradcam-5c3717744d7696a9796c,population-8caf41f0460cebd86e1607bc,survface,survface:unknown_unknown_probe:9346_cam3_125,adaface-4df25b75e065b0b9ed43,pca,pca_384,pca_reconstruction_cosine,0.01,False,frozen_origin,4.13060188293457e-05,True,False,False,True,True,0.0202274608929702,True,high_error,7,42,8
gradcam-56200707abe71a42b6e5,population-8caf41f0460cebd86e1607bc,survface,survface:unknown_unknown_probe:9346_cam3_16,adaface-4df25b75e065b0b9ed43,pca,pca_384,pca_reconstruction_cosine,0.01,False,frozen_origin,7.230043411254883e-05,True,False,False,True,True,0.0201671545912236,True,high_error,8,42,8
gradcam-448ec99728f53d197473,population-8caf41f0460cebd86e1607bc,survface,survface:unknown_unknown_probe:9482_cam3_45,adaface-4df25b75e065b0b9ed43,pca,pca_384,pca_reconstruction_cosine,0.01,False,frozen_origin,7.140636444091797e-05,False,False,False,True,True,0.0170170877315509,True,rank_flip,1,42,8
gradcam-ef0c07e991788af6ce73,population-8caf41f0460cebd86e1607bc,survface,survface:unknown_unknown_probe:distractors_2852,adaface-4df25b75e065b0b9ed43,pca,pca_384,pca_reconstruction_cosine,0.01,False,frozen_origin,3.644824028015137e-05,False,False,False,True,True,0.0158008932062086,True,rank_flip,2,42,8
gradcam-6182b054ef58c6308368,population-8caf41f0460cebd86e1607bc,survface,survface:registered_probe:9950_cam2_76,adaface-4df25b75e065b0b9ed43,pca,pca_384,pca_reconstruction_cosine,0.01,True,frozen_origin,3.7729740142822266e-05,False,False,False,True,True,0.0129233759205609,True,rank_flip,3,42,8
gradcam-a07bc788056b0eade7fd,population-8caf41f0460cebd86e1607bc,survface,survface:unknown_unknown_probe:2098_cam2_1,adaface-4df25b75e065b0b9ed43,pca,pca_384,pca_reconstruction_cosine,0.01,False,frozen_origin,3.451108932495117e-05,False,False,False,True,True,0.0126116436742734,True,rank_flip,4,42,8
gradcam-108d85cbf5400dbbedec,population-8caf41f0460cebd86e1607bc,survface,survface:unknown_unknown_probe:9519_cam3_116,adaface-4df25b75e065b0b9ed43,pca,pca_384,pca_reconstruction_cosine,0.01,False,frozen_origin,1.9043684005737305e-05,False,False,False,True,True,0.0123277020476809,True,rank_flip,5,42,8
gradcam-03b045445320c43288be,population-8caf41f0460cebd86e1607bc,survface,survface:unknown_unknown_probe:9235_cam4_38,adaface-4df25b75e065b0b9ed43,pca,pca_384,pca_reconstruction_cosine,0.01,False,frozen_origin,4.1961669921875e-05,False,False,False,True,True,0.0112348515541491,True,rank_flip,6,42,8
gradcam-0cb67ff6a0c4b28dc617,population-8caf41f0460cebd86e1607bc,survface,survface:unknown_unknown_probe:distractors_14252,adaface-4df25b75e065b0b9ed43,pca,pca_384,pca_reconstruction_cosine,0.01,False,frozen_origin,3.516674041748047e-05,False,False,False,True,True,0.0107587176731959,True,rank_flip,7,42,8
gradcam-432a9dd55287d4f826e8,population-8caf41f0460cebd86e1607bc,survface,survface:unknown_unknown_probe:9383_cam3_33,adaface-4df25b75e065b0b9ed43,pca,pca_384,pca_reconstruction_cosine,0.01,False,frozen_origin,2.9474496841430664e-05,False,False,False,True,True,0.0103273489082576,True,rank_flip,8,42,8
gradcam-e596dc7694662e78a260,population-8caf41f0460cebd86e1607bc,survface,survface:registered_probe:5718_cam2_14,adaface-4df25b75e065b0b9ed43,pca,pca_384,pca_reconstruction_cosine,0.01,True,frozen_origin,6.318092346191406e-06,True,False,False,True,True,0.0036724790944941,True,stable,1,42,8
gradcam-364f9abd1374a4ac179d,population-8caf41f0460cebd86e1607bc,survface,survface:unknown_unknown_probe:5624_cam1_63,adaface-4df25b75e065b0b9ed43,pca,pca_384,pca_reconstruction_cosine,0.01,False,frozen_origin,6.67572021484375e-06,True,False,False,True,True,0.0036815072392818,True,stable,2,42,8
gradcam-ff8e095328684b439512,population-8caf41f0460cebd86e1607bc,survface,survface:unknown_unknown_probe:5783_cam1_98,adaface-4df25b75e065b0b9ed43,pca,pca_384,pca_reconstruction_cosine,0.01,False,frozen_origin,1.0609626770019531e-05,True,False,False,True,True,0.0037240715492412,True,stable,3,42,8
gradcam-315b091e51534d255c69,population-8caf41f0460cebd86e1607bc,survface,survface:registered_probe:5618_cam2_80,adaface-4df25b75e065b0b9ed43,pca,pca_384,pca_reconstruction_cosine,0.01,True,frozen_origin,7.62939453125e-06,True,False,False,True,True,0.0037380492924978,True,stable,4,42,8
gradcam-55d2308504498b6bde1c,population-8caf41f0460cebd86e1607bc,survface,survface:unknown_unknown_probe:distractors_22989,adaface-4df25b75e065b0b9ed43,pca,pca_384,pca_reconstruction_cosine,0.01,False,frozen_origin,5.7220458984375e-06,True,False,False,True,True,0.0037763806632617,True,stable,5,42,8
gradcam-01901c214d8cff653bee,population-8caf41f0460cebd86e1607bc,survface,survface:unknown_unknown_probe:10290_cam1_72,adaface-4df25b75e065b0b9ed43,pca,pca_384,pca_reconstruction_cosine,0.01,False,frozen_origin,7.62939453125e-06,True,False,False,True,True,0.0037790018731171,True,stable,6,42,8
gradcam-447e36b0b146e9381e24,population-8caf41f0460cebd86e1607bc,survface,survface:registered_probe:5647_cam1_113,adaface-4df25b75e065b0b9ed43,pca,pca_384,pca_reconstruction_cosine,0.01,True,frozen_origin,1.0371208190917969e-05,True,False,False,True,True,0.0037982926994975,True,stable,7,42,8
gradcam-fdf2509d838c7e90b544,population-8caf41f0460cebd86e1607bc,survface,survface:unknown_unknown_probe:5737_cam1_52,adaface-4df25b75e065b0b9ed43,pca,pca_384,pca_reconstruction_cosine,0.01,False,frozen_origin,1.3947486877441406e-05,True,False,False,True,True,0.0038012019140374,True,stable,8,42,8
gradcam-fcbcee5314864d058a09,population-8caf41f0460cebd86e1607bc,survface,survface:unknown_unknown_probe:10576_cam2_86,adaface-4df25b75e065b0b9ed43,pca,pca_384,pca_reconstruction_cosine,0.01,False,frozen_origin,2.014636993408203e-05,True,True,False,True,True,0.0063008324931012,True,threshold_crossing,1,42,8
gradcam-922d79aef2d418f0cd15,population-8caf41f0460cebd86e1607bc,survface,survface:unknown_unknown_probe:9346_cam3_82,adaface-4df25b75e065b0b9ed43,pca,pca_384,pca_reconstruction_cosine,0.1,False,frozen_origin,3.886222839355469e-05,True,False,False,True,True,0.0222637084235006,True,high_error,1,42,8
gradcam-b193ac76f0b7333b27e4,population-8caf41f0460cebd86e1607bc,survface,survface:unknown_unknown_probe:10181_cam2_62,adaface-4df25b75e065b0b9ed43,pca,pca_384,pca_reconstruction_cosine,0.1,False,frozen_origin,7.143616676330566e-05,True,False,False,True,True,0.0220232896611718,True,high_error,2,42,8
gradcam-20b791f223408aca457c,population-8caf41f0460cebd86e1607bc,survface,survface:unknown_unknown_probe:10181_cam2_52,adaface-4df25b75e065b0b9ed43,pca,pca_384,pca_reconstruction_cosine,0.1,False,frozen_origin,9.083747863769533e-05,True,False,False,True,True,0.0210759961495785,True,high_error,3,42,8
gradcam-258c3f62546d15c4d964,population-8caf41f0460cebd86e1607bc,survface,survface:unknown_unknown_probe:9388_cam3_130,adaface-4df25b75e065b0b9ed43,pca,pca_384,pca_reconstruction_cosine,0.1,False,frozen_origin,-3.5122036933898926e-05,True,False,False,True,True,0.0208940106951187,True,high_error,4,42,8
gradcam-7b3ef593010390ea08b7,population-8caf41f0460cebd86e1607bc,survface,survface:unknown_unknown_probe:4443_cam2_3,adaface-4df25b75e065b0b9ed43,pca,pca_384,pca_reconstruction_cosine,0.1,False,frozen_origin,2.409517765045166e-05,True,False,False,True,True,0.0207490255877407,True,high_error,5,42,8
gradcam-03b1443cff9632f6f078,population-8caf41f0460cebd86e1607bc,survface,survface:unknown_unknown_probe:9000_cam2_120,adaface-4df25b75e065b0b9ed43,pca,pca_384,pca_reconstruction_cosine,0.1,False,frozen_origin,9.545683860778809e-05,True,False,False,True,True,0.020378214365381,True,high_error,6,42,8
gradcam-21e518e337ff78858a01,population-8caf41f0460cebd86e1607bc,survface,survface:unknown_unknown_probe:9346_cam3_125,adaface-4df25b75e065b0b9ed43,pca,pca_384,pca_reconstruction_cosine,0.1,False,frozen_origin,4.13060188293457e-05,True,False,False,True,True,0.0202274608929702,True,high_error,7,42,8
gradcam-64492782c63b14d69b25,population-8caf41f0460cebd86e1607bc,survface,survface:unknown_unknown_probe:9346_cam3_16,adaface-4df25b75e065b0b9ed43,pca,pca_384,pca_reconstruction_cosine,0.1,False,frozen_origin,7.230043411254883e-05,True,False,False,True,True,0.0201671545912236,True,high_error,8,42,8
gradcam-4403b06133daf95f1864,population-8caf41f0460cebd86e1607bc,survface,survface:unknown_unknown_probe:9482_cam3_45,adaface-4df25b75e065b0b9ed43,pca,pca_384,pca_reconstruction_cosine,0.1,False,frozen_origin,7.140636444091797e-05,False,False,False,True,True,0.0170170877315509,True,rank_flip,1,42,8
gradcam-20431fc7615ec8bd71bc,population-8caf41f0460cebd86e1607bc,survface,survface:unknown_unknown_probe:distractors_2852,adaface-4df25b75e065b0b9ed43,pca,pca_384,pca_reconstruction_cosine,0.1,False,frozen_origin,3.644824028015137e-05,False,False,False,True,True,0.0158008932062086,True,rank_flip,2,42,8
gradcam-8c656c5852341e2c9139,population-8caf41f0460cebd86e1607bc,survface,survface:registered_probe:9950_cam2_76,adaface-4df25b75e065b0b9ed43,pca,pca_384,pca_reconstruction_cosine,0.1,True,frozen_origin,3.7729740142822266e-05,False,False,False,True,True,0.0129233759205609,True,rank_flip,3,42,8
gradcam-49e0b7b2efb7c90b4459,population-8caf41f0460cebd86e1607bc,survface,survface:unknown_unknown_probe:2098_cam2_1,adaface-4df25b75e065b0b9ed43,pca,pca_384,pca_reconstruction_cosine,0.1,False,frozen_origin,3.451108932495117e-05,False,False,False,True,True,0.0126116436742734,True,rank_flip,4,42,8
gradcam-4f0ba0d3baeeeb3e30b4,population-8caf41f0460cebd86e1607bc,survface,survface:unknown_unknown_probe:9519_cam3_116,adaface-4df25b75e065b0b9ed43,pca,pca_384,pca_reconstruction_cosine,0.1,False,frozen_origin,1.9043684005737305e-05,False,False,False,True,True,0.0123277020476809,True,rank_flip,5,42,8
gradcam-964b39db3bd665fc8eca,population-8caf41f0460cebd86e1607bc,survface,survface:unknown_unknown_probe:9235_cam4_38,adaface-4df25b75e065b0b9ed43,pca,pca_384,pca_reconstruction_cosine,0.1,False,frozen_origin,4.1961669921875e-05,False,False,False,True,True,0.0112348515541491,True,rank_flip,6,42,8
gradcam-5bc1c7122e0a22ac7ec9,population-8caf41f0460cebd86e1607bc,survface,survface:unknown_unknown_probe:distractors_14252,adaface-4df25b75e065b0b9ed43,pca,pca_384,pca_reconstruction_cosine,0.1,False,frozen_origin,3.516674041748047e-05,False,False,False,True,True,0.0107587176731959,True,rank_flip,7,42,8
gradcam-34d08ec06c3336b3320f,population-8caf41f0460cebd86e1607bc,survface,survface:unknown_unknown_probe:9383_cam3_33,adaface-4df25b75e065b0b9ed43,pca,pca_384,pca_reconstruction_cosine,0.1,False,frozen_origin,2.9474496841430664e-05,False,False,False,True,True,0.0103273489082576,True,rank_flip,8,42,8
gradcam-c2fcbf3086ae60df5457,population-8caf41f0460cebd86e1607bc,survface,survface:registered_probe:5718_cam2_14,adaface-4df25b75e065b0b9ed43,pca,pca_384,pca_reconstruction_cosine,0.1,True,frozen_origin,6.318092346191406e-06,True,False,False,True,True,0.0036724790944941,True,stable,1,42,8
gradcam-bdd2cbf233296468c534,population-8caf41f0460cebd86e1607bc,survface,survface:unknown_unknown_probe:5624_cam1_63,adaface-4df25b75e065b0b9ed43,pca,pca_384,pca_reconstruction_cosine,0.1,False,frozen_origin,6.67572021484375e-06,True,False,False,True,True,0.0036815072392818,True,stable,2,42,8
gradcam-98ebbd65ff1ab45c4736,population-8caf41f0460cebd86e1607bc,survface,survface:unknown_unknown_probe:5783_cam1_98,adaface-4df25b75e065b0b9ed43,pca,pca_384,pca_reconstruction_cosine,0.1,False,frozen_origin,1.0609626770019531e-05,True,False,False,True,True,0.0037240715492412,True,stable,3,42,8
gradcam-1ea10450ebfd06275419,population-8caf41f0460cebd86e1607bc,survface,survface:registered_probe:5618_cam2_80,adaface-4df25b75e065b0b9ed43,pca,pca_384,pca_reconstruction_cosine,0.1,True,frozen_origin,7.62939453125e-06,True,False,False,True,True,0.0037380492924978,True,stable,4,42,8
gradcam-46e95c65072b2a9f233e,population-8caf41f0460cebd86e1607bc,survface,survface:unknown_unknown_probe:distractors_22989,adaface-4df25b75e065b0b9ed43,pca,pca_384,pca_reconstruction_cosine,0.1,False,frozen_origin,5.7220458984375e-06,True,False,False,True,True,0.0037763806632617,True,stable,5,42,8
gradcam-2c51921a3db2de3dc86e,population-8caf41f0460cebd86e1607bc,survface,survface:unknown_unknown_probe:10290_cam1_72,adaface-4df25b75e065b0b9ed43,pca,pca_384,pca_reconstruction_cosine,0.1,False,frozen_origin,7.62939453125e-06,True,False,False,True,True,0.0037790018731171,True,stable,6,42,8
gradcam-2f518e13b82256f46f94,population-8caf41f0460cebd86e1607bc,survface,survface:registered_probe:5647_cam1_113,adaface-4df25b75e065b0b9ed43,pca,pca_384,pca_reconstruction_cosine,0.1,True,frozen_origin,1.0371208190917969e-05,True,False,False,True,True,0.0037982926994975,True,stable,7,42,8
gradcam-a0235bf7b9274c4316be,population-8caf41f0460cebd86e1607bc,survface,survface:unknown_unknown_probe:5737_cam1_52,adaface-4df25b75e065b0b9ed43,pca,pca_384,pca_reconstruction_cosine,0.1,False,frozen_origin,1.3947486877441406e-05,True,False,False,True,True,0.0038012019140374,True,stable,8,42,8
gradcam-462a616d49bab6b6ecde,population-8caf41f0460cebd86e1607bc,survface,survface:unknown_unknown_probe:10616_cam3_28,adaface-4df25b75e065b0b9ed43,pca,pca_384,pca_reconstruction_cosine,0.1,False,frozen_origin,4.32729721069336e-05,True,True,False,True,True,0.0091428832409038,True,threshold_crossing,1,42,8
gradcam-7777ccc312051a364036,population-8caf41f0460cebd86e1607bc,survface,survface:unknown_unknown_probe:8801_cam2_5,adaface-4df25b75e065b0b9ed43,pca,pca_384,pca_reconstruction_cosine,0.1,False,frozen_origin,1.9550323486328125e-05,True,True,False,True,True,0.0070630634427882,True,threshold_crossing,2,42,8
gradcam-24e0c67962e3b7fedbab,population-8caf41f0460cebd86e1607bc,survface,survface:unknown_unknown_probe:5825_cam2_90,adaface-4df25b75e065b0b9ed43,pca,pca_384,pca_reconstruction_cosine,0.1,False,frozen_origin,1.931190490722656e-05,True,True,False,True,True,0.0066313646788163,True,threshold_crossing,3,42,8
gradcam-c0edfddf57cad93bd537,population-8caf41f0460cebd86e1607bc,survface,survface:registered_probe:5591_cam2_24,adaface-4df25b75e065b0b9ed43,pca,pca_384,pca_reconstruction_cosine,0.1,True,frozen_origin,1.4185905456542969e-05,True,True,False,True,True,0.0066172900449765,True,threshold_crossing,4,42,8
gradcam-a81f5f574823b09a2501,population-8caf41f0460cebd86e1607bc,survface,survface:registered_probe:5409_cam2_1,adaface-4df25b75e065b0b9ed43,pca,pca_384,pca_reconstruction_cosine,0.1,True,frozen_origin,1.5020370483398438e-05,True,True,False,True,True,0.0065846205841401,True,threshold_crossing,5,42,8
gradcam-afbdb70261cbc0a04cb0,population-8caf41f0460cebd86e1607bc,survface,survface:unknown_unknown_probe:10296_cam2_89,adaface-4df25b75e065b0b9ed43,pca,pca_384,pca_reconstruction_cosine,0.1,False,frozen_origin,1.6033649444580078e-05,True,True,False,True,True,0.0063332460542681,True,threshold_crossing,6,42,8
gradcam-e1b14ea3acb3c524373e,population-8caf41f0460cebd86e1607bc,survface,survface:registered_probe:10272_cam1_4,adaface-4df25b75e065b0b9ed43,pca,pca_384,pca_reconstruction_cosine,0.1,True,frozen_origin,8.58306884765625e-06,True,True,False,True,True,0.0051861756026759,True,threshold_crossing,7,42,8
gradcam-b44e852761350f72c2f0,population-8caf41f0460cebd86e1607bc,survface,survface:registered_probe:2973_cam3_1,adaface-4df25b75e065b0b9ed43,pca,pca_64,pca_direct_cosine,0.01,True,frozen_origin,0.4229395985603332,True,False,False,True,True,1.1575381348188971,True,high_error,1,42,8
gradcam-bb2830d4a64ffddf7a3d,population-8caf41f0460cebd86e1607bc,survface,survface:unknown_unknown_probe:2756_cam4_1,adaface-4df25b75e065b0b9ed43,pca,pca_64,pca_direct_cosine,0.01,False,frozen_origin,0.463210180401802,True,False,False,True,True,1.1337463940148391,True,high_error,2,42,8
gradcam-5314a9f75e28dc8f0a3a,population-8caf41f0460cebd86e1607bc,survface,survface:unknown_unknown_probe:distractors_2510,adaface-4df25b75e065b0b9ed43,pca,pca_64,pca_direct_cosine,0.01,False,frozen_origin,0.402250587940216,True,False,False,True,True,1.1126730853943876,True,high_error,3,42,8
gradcam-b9e39d8922e342c138ad,population-8caf41f0460cebd86e1607bc,survface,survface:unknown_unknown_probe:4443_cam2_3,adaface-4df25b75e065b0b9ed43,pca,pca_64,pca_direct_cosine,0.01,False,frozen_origin,0.3557916134595871,True,False,False,True,True,1.0966696521544352,True,high_error,4,42,8
gradcam-5ec6ea11dfec121c8ca1,population-8caf41f0460cebd86e1607bc,survface,survface:registered_probe:5244_28,adaface-4df25b75e065b0b9ed43,pca,pca_64,pca_direct_cosine,0.01,True,frozen_origin,0.0273172259330749,True,False,False,True,True,1.0868673726302118,True,high_error,5,42,8
gradcam-dfc94dc0e2cc9b68fbb9,population-8caf41f0460cebd86e1607bc,survface,survface:registered_probe:2742_cam2_1,adaface-4df25b75e065b0b9ed43,pca,pca_64,pca_direct_cosine,0.01,True,frozen_origin,0.2721908986568451,True,False,False,True,True,1.0850033842889515,True,high_error,6,42,8
gradcam-ec722e28115c28f96153,population-8caf41f0460cebd86e1607bc,survface,survface:unknown_unknown_probe:distractors_3567,adaface-4df25b75e065b0b9ed43,pca,pca_64,pca_direct_cosine,0.01,False,frozen_origin,0.3123522400856018,True,False,False,True,True,1.0495358874678904,True,high_error,7,42,8
gradcam-5b4f8ea05833f95a0c1a,population-8caf41f0460cebd86e1607bc,survface,survface:registered_probe:5244_23,adaface-4df25b75e065b0b9ed43,pca,pca_64,pca_direct_cosine,0.01,True,frozen_origin,0.0522931218147277,True,False,False,True,True,1.0476426496421682,True,high_error,8,42,8
gradcam-88d4508b4cdc34c2285b,population-8caf41f0460cebd86e1607bc,survface,survface:unknown_unknown_probe:distractors_4031,adaface-4df25b75e065b0b9ed43,pca,pca_64,pca_direct_cosine,0.01,False,frozen_origin,0.1855370998382568,False,False,False,True,True,1.1303005398141035,True,rank_flip,1,42,8
gradcam-859ad071079d09310404,population-8caf41f0460cebd86e1607bc,survface,survface:unknown_unknown_probe:728_cam2_1,adaface-4df25b75e065b0b9ed43,pca,pca_64,pca_direct_cosine,0.01,False,frozen_origin,0.3986179530620575,False,False,False,True,True,1.127178824702064,True,rank_flip,2,42,8
gradcam-4229a22db8e5e23f308f,population-8caf41f0460cebd86e1607bc,survface,survface:unknown_unknown_probe:2704_cam2_1,adaface-4df25b75e065b0b9ed43,pca,pca_64,pca_direct_cosine,0.01,False,frozen_origin,0.3461394906044006,False,False,False,True,True,1.1263785603881789,True,rank_flip,3,42,8
gradcam-a947b5adcbbe2d2e3cb8,population-8caf41f0460cebd86e1607bc,survface,survface:unknown_unknown_probe:distractors_21592,adaface-4df25b75e065b0b9ed43,pca,pca_64,pca_direct_cosine,0.01,False,frozen_origin,0.3194401264190674,False,False,False,True,True,1.1221153596603857,True,rank_flip,4,42,8
gradcam-8f4ebf0bb99c89cdf252,population-8caf41f0460cebd86e1607bc,survface,survface:unknown_unknown_probe:447_cam2_1,adaface-4df25b75e065b0b9ed43,pca,pca_64,pca_direct_cosine,0.01,False,frozen_origin,0.4308016449213028,False,False,False,True,True,1.1183911751146138,True,rank_flip,5,42,8
gradcam-abbf6e3bda0ff03e4c76,population-8caf41f0460cebd86e1607bc,survface,survface:registered_probe:707_cam2_1,adaface-4df25b75e065b0b9ed43,pca,pca_64,pca_direct_cosine,0.01,True,frozen_origin,0.4187963604927063,False,False,False,True,True,1.1122926036519385,True,rank_flip,6,42,8
gradcam-a14fc7c595451ab8eb8c,population-8caf41f0460cebd86e1607bc,survface,survface:unknown_unknown_probe:distractors_3041,adaface-4df25b75e065b0b9ed43,pca,pca_64,pca_direct_cosine,0.01,False,frozen_origin,0.4436634182929992,False,False,False,True,True,1.1081696658142706,True,rank_flip,7,42,8
gradcam-c927d48eff51206c1d2f,population-8caf41f0460cebd86e1607bc,survface,survface:unknown_unknown_probe:distractors_2350,adaface-4df25b75e065b0b9ed43,pca,pca_64,pca_direct_cosine,0.01,False,frozen_origin,0.3188325017690658,False,False,False,True,True,1.1024750410373882,True,rank_flip,8,42,8
gradcam-de407b78527b8acdc2ed,population-8caf41f0460cebd86e1607bc,survface,survface:registered_probe:5647_cam1_47,adaface-4df25b75e065b0b9ed43,pca,pca_64,pca_direct_cosine,0.01,True,frozen_origin,-0.0592681169509887,True,False,False,True,True,0.2330677144747683,True,stable,1,42,8
gradcam-811b06973535753f898d,population-8caf41f0460cebd86e1607bc,survface,survface:registered_probe:5688_cam1_45,adaface-4df25b75e065b0b9ed43,pca,pca_64,pca_direct_cosine,0.01,True,frozen_origin,-0.1790784001350402,True,False,False,True,True,0.2385642839799857,True,stable,2,42,8
gradcam-eb9095df7e202f747646,population-8caf41f0460cebd86e1607bc,survface,survface:unknown_unknown_probe:5834_cam1_112,adaface-4df25b75e065b0b9ed43,pca,pca_64,pca_direct_cosine,0.01,False,frozen_origin,-0.1784964203834533,True,False,False,True,True,0.2398265348972857,True,stable,3,42,8
gradcam-27750301d8a0504145ec,population-8caf41f0460cebd86e1607bc,survface,survface:registered_probe:5647_cam1_225,adaface-4df25b75e065b0b9ed43,pca,pca_64,pca_direct_cosine,0.01,True,frozen_origin,-0.1567141413688659,True,False,False,True,True,0.2489603942494814,True,stable,4,42,8
gradcam-b3d953cf2687a3940739,population-8caf41f0460cebd86e1607bc,survface,survface:registered_probe:5688_cam1_23,adaface-4df25b75e065b0b9ed43,pca,pca_64,pca_direct_cosine,0.01,True,frozen_origin,-0.1230306029319763,True,False,False,True,True,0.250769840201623,True,stable,5,42,8
gradcam-01ba10f2befc9cff605e,population-8caf41f0460cebd86e1607bc,survface,survface:registered_probe:5608_cam1_15,adaface-4df25b75e065b0b9ed43,pca,pca_64,pca_direct_cosine,0.01,True,frozen_origin,-0.1947642564773559,True,False,False,True,True,0.2517709914032036,True,stable,6,42,8
gradcam-874b2f5ec0373cf741a2,population-8caf41f0460cebd86e1607bc,survface,survface:registered_probe:10154_cam1_27,adaface-4df25b75e065b0b9ed43,pca,pca_64,pca_direct_cosine,0.01,True,frozen_origin,-0.1500481963157653,True,False,False,True,True,0.2521646920038657,True,stable,7,42,8
gradcam-fc479c0df64531bbe4bb,population-8caf41f0460cebd86e1607bc,survface,survface:unknown_unknown_probe:5501_cam2_46,adaface-4df25b75e065b0b9ed43,pca,pca_64,pca_direct_cosine,0.01,False,frozen_origin,-0.1019088625907898,True,False,False,True,True,0.253379737497917,True,stable,8,42,8
gradcam-439cc527fcbda73377b9,population-8caf41f0460cebd86e1607bc,survface,survface:registered_probe:5244_18,adaface-4df25b75e065b0b9ed43,pca,pca_64,pca_direct_cosine,0.01,True,frozen_origin,0.1483394503593444,True,True,False,True,True,0.9894480699327044,True,threshold_crossing,1,42,8
gradcam-bbb73a4cba57b05a4196,population-8caf41f0460cebd86e1607bc,survface,survface:registered_probe:844_cam2_1,adaface-4df25b75e065b0b9ed43,pca,pca_64,pca_direct_cosine,0.01,True,frozen_origin,0.2271342277526855,True,True,False,True,True,0.9719825103138748,True,threshold_crossing,2,42,8
gradcam-f3ccbc1ac695577f824c,population-8caf41f0460cebd86e1607bc,survface,survface:registered_probe:5244_11,adaface-4df25b75e065b0b9ed43,pca,pca_64,pca_direct_cosine,0.01,True,frozen_origin,0.231185495853424,True,True,False,True,True,0.9088560295165716,True,threshold_crossing,3,42,8
gradcam-8cf4189a42a5053591b2,population-8caf41f0460cebd86e1607bc,survface,survface:registered_probe:262_cam1_1,adaface-4df25b75e065b0b9ed43,pca,pca_64,pca_direct_cosine,0.01,True,frozen_origin,0.2043851017951965,True,True,False,True,True,0.8549878858653063,True,threshold_crossing,4,42,8
gradcam-16cb5f2b6f89ba03371a,population-8caf41f0460cebd86e1607bc,survface,survface:registered_probe:5227_19,adaface-4df25b75e065b0b9ed43,pca,pca_64,pca_direct_cosine,0.01,True,frozen_origin,0.1263570189476013,True,True,False,True,True,0.8403941250828659,True,threshold_crossing,5,42,8
gradcam-76c89d45616a4b2a5f9a,population-8caf41f0460cebd86e1607bc,survface,survface:unknown_unknown_probe:1346_cam1_1,adaface-4df25b75e065b0b9ed43,pca,pca_64,pca_direct_cosine,0.01,False,frozen_origin,0.1378755569458007,True,True,False,True,True,0.8136182868208199,True,threshold_crossing,6,42,8
gradcam-76a7c55ff8933bfc5f0c,population-8caf41f0460cebd86e1607bc,survface,survface:registered_probe:5263_3,adaface-4df25b75e065b0b9ed43,pca,pca_64,pca_direct_cosine,0.01,True,frozen_origin,0.1314091682434082,True,True,False,True,True,0.7784217817620278,True,threshold_crossing,7,42,8
gradcam-a6ba0b16cbb04702a2aa,population-8caf41f0460cebd86e1607bc,survface,survface:registered_probe:5244_9,adaface-4df25b75e065b0b9ed43,pca,pca_64,pca_direct_cosine,0.01,True,frozen_origin,0.2636632323265075,True,True,False,True,True,0.7391574672007948,True,threshold_crossing,8,42,8
gradcam-df937bc148d92d043432,population-8caf41f0460cebd86e1607bc,survface,survface:registered_probe:2973_cam3_1,adaface-4df25b75e065b0b9ed43,pca,pca_64,pca_direct_cosine,0.1,True,frozen_origin,0.4229395985603332,True,False,False,True,True,1.1575381348188971,True,high_error,1,42,8
gradcam-9f964877cc080fa29c63,population-8caf41f0460cebd86e1607bc,survface,survface:unknown_unknown_probe:2756_cam4_1,adaface-4df25b75e065b0b9ed43,pca,pca_64,pca_direct_cosine,0.1,False,frozen_origin,0.463210180401802,True,False,False,True,True,1.1337463940148391,True,high_error,2,42,8
gradcam-5681e4417a54bfde17d3,population-8caf41f0460cebd86e1607bc,survface,survface:unknown_unknown_probe:distractors_2510,adaface-4df25b75e065b0b9ed43,pca,pca_64,pca_direct_cosine,0.1,False,frozen_origin,0.402250587940216,True,False,False,True,True,1.1126730853943876,True,high_error,3,42,8
gradcam-064c81b512175b87004f,population-8caf41f0460cebd86e1607bc,survface,survface:unknown_unknown_probe:4443_cam2_3,adaface-4df25b75e065b0b9ed43,pca,pca_64,pca_direct_cosine,0.1,False,frozen_origin,0.3557916134595871,True,False,False,True,True,1.0966696521544352,True,high_error,4,42,8
gradcam-9242edbad4e5b7e8657f,population-8caf41f0460cebd86e1607bc,survface,survface:registered_probe:5244_28,adaface-4df25b75e065b0b9ed43,pca,pca_64,pca_direct_cosine,0.1,True,frozen_origin,0.0273172259330749,True,False,False,True,True,1.0868673726302118,True,high_error,5,42,8
gradcam-33862c1ae2859d77786a,population-8caf41f0460cebd86e1607bc,survface,survface:registered_probe:2742_cam2_1,adaface-4df25b75e065b0b9ed43,pca,pca_64,pca_direct_cosine,0.1,True,frozen_origin,0.2721908986568451,True,False,False,True,True,1.0850033842889515,True,high_error,6,42,8
gradcam-3ec7fbef46a1185995f5,population-8caf41f0460cebd86e1607bc,survface,survface:unknown_unknown_probe:distractors_3567,adaface-4df25b75e065b0b9ed43,pca,pca_64,pca_direct_cosine,0.1,False,frozen_origin,0.3123522400856018,True,False,False,True,True,1.0495358874678904,True,high_error,7,42,8
gradcam-1776ea81a1041b592a4b,population-8caf41f0460cebd86e1607bc,survface,survface:registered_probe:5244_25,adaface-4df25b75e065b0b9ed43,pca,pca_64,pca_direct_cosine,0.1,True,frozen_origin,0.0118570327758789,True,False,False,True,True,1.0443304521134025,True,high_error,8,42,8
gradcam-9d672883180997cfe9ce,population-8caf41f0460cebd86e1607bc,survface,survface:unknown_unknown_probe:distractors_4031,adaface-4df25b75e065b0b9ed43,pca,pca_64,pca_direct_cosine,0.1,False,frozen_origin,0.1855370998382568,False,False,False,True,True,1.1303005398141035,True,rank_flip,1,42,8
gradcam-e4d57ca03938f66db08f,population-8caf41f0460cebd86e1607bc,survface,survface:unknown_unknown_probe:728_cam2_1,adaface-4df25b75e065b0b9ed43,pca,pca_64,pca_direct_cosine,0.1,False,frozen_origin,0.3986179530620575,False,False,False,True,True,1.127178824702064,True,rank_flip,2,42,8
gradcam-6340bfd0c6a81678ed64,population-8caf41f0460cebd86e1607bc,survface,survface:unknown_unknown_probe:2704_cam2_1,adaface-4df25b75e065b0b9ed43,pca,pca_64,pca_direct_cosine,0.1,False,frozen_origin,0.3461394906044006,False,False,False,True,True,1.1263785603881789,True,rank_flip,3,42,8
gradcam-f3d03d664fb7634a1321,population-8caf41f0460cebd86e1607bc,survface,survface:unknown_unknown_probe:distractors_21592,adaface-4df25b75e065b0b9ed43,pca,pca_64,pca_direct_cosine,0.1,False,frozen_origin,0.3194401264190674,False,False,False,True,True,1.1221153596603857,True,rank_flip,4,42,8
gradcam-f8049259673b15171560,population-8caf41f0460cebd86e1607bc,survface,survface:unknown_unknown_probe:447_cam2_1,adaface-4df25b75e065b0b9ed43,pca,pca_64,pca_direct_cosine,0.1,False,frozen_origin,0.4308016449213028,False,False,False,True,True,1.1183911751146138,True,rank_flip,5,42,8
gradcam-dcc2d0139d9a337e8bc9,population-8caf41f0460cebd86e1607bc,survface,survface:registered_probe:707_cam2_1,adaface-4df25b75e065b0b9ed43,pca,pca_64,pca_direct_cosine,0.1,True,frozen_origin,0.4187963604927063,False,False,False,True,True,1.1122926036519385,True,rank_flip,6,42,8
gradcam-08c2e14710817edca20a,population-8caf41f0460cebd86e1607bc,survface,survface:unknown_unknown_probe:distractors_3041,adaface-4df25b75e065b0b9ed43,pca,pca_64,pca_direct_cosine,0.1,False,frozen_origin,0.4436634182929992,False,False,False,True,True,1.1081696658142706,True,rank_flip,7,42,8
gradcam-460b6a790a13014f304d,population-8caf41f0460cebd86e1607bc,survface,survface:unknown_unknown_probe:distractors_2350,adaface-4df25b75e065b0b9ed43,pca,pca_64,pca_direct_cosine,0.1,False,frozen_origin,0.3188325017690658,False,False,False,True,True,1.1024750410373882,True,rank_flip,8,42,8
gradcam-e1d38e2f14dac6f073aa,population-8caf41f0460cebd86e1607bc,survface,survface:unknown_unknown_probe:5783_cam1_37,adaface-4df25b75e065b0b9ed43,pca,pca_64,pca_direct_cosine,0.1,False,frozen_origin,-0.0985799431800842,True,False,False,True,True,0.2271367033660205,True,stable,1,42,8
gradcam-43f22d86c46478b67704,population-8caf41f0460cebd86e1607bc,survface,survface:registered_probe:5647_cam1_47,adaface-4df25b75e065b0b9ed43,pca,pca_64,pca_direct_cosine,0.1,True,frozen_origin,-0.0592681169509887,True,False,False,True,True,0.2330677144747683,True,stable,2,42,8
gradcam-6592f9952a9ffcb1cc09,population-8caf41f0460cebd86e1607bc,survface,survface:unknown_unknown_probe:10256_cam1_19,adaface-4df25b75e065b0b9ed43,pca,pca_64,pca_direct_cosine,0.1,False,frozen_origin,-0.1064549684524536,True,False,False,True,True,0.2350549883403815,True,stable,3,42,8
gradcam-573b978c5a33f4e94a6d,population-8caf41f0460cebd86e1607bc,survface,survface:registered_probe:5647_cam1_249,adaface-4df25b75e065b0b9ed43,pca,pca_64,pca_direct_cosine,0.1,True,frozen_origin,-0.0783619284629821,True,False,False,True,True,0.2361388701823517,True,stable,4,42,8
gradcam-eefc3270d7f3267103a4,population-8caf41f0460cebd86e1607bc,survface,survface:registered_probe:5678_cam1_16,adaface-4df25b75e065b0b9ed43,pca,pca_64,pca_direct_cosine,0.1,True,frozen_origin,-0.0850250720977783,True,False,False,True,True,0.2385415761364527,True,stable,5,42,8
gradcam-a296266f8e57812f34d1,population-8caf41f0460cebd86e1607bc,survface,survface:registered_probe:5813_cam1_1,adaface-4df25b75e065b0b9ed43,pca,pca_64,pca_direct_cosine,0.1,True,frozen_origin,-0.0993527173995971,True,False,False,True,True,0.2396845930523783,True,stable,6,42,8
gradcam-23ef06326a8cfb397c2f,population-8caf41f0460cebd86e1607bc,survface,survface:registered_probe:5647_cam1_235,adaface-4df25b75e065b0b9ed43,pca,pca_64,pca_direct_cosine,0.1,True,frozen_origin,-0.0915398001670837,True,False,False,True,True,0.2434449738549296,True,stable,7,42,8
gradcam-d55af510d0b83921270f,population-8caf41f0460cebd86e1607bc,survface,survface:registered_probe:5678_cam1_106,adaface-4df25b75e065b0b9ed43,pca,pca_64,pca_direct_cosine,0.1,True,frozen_origin,-0.1071487665176391,True,False,False,True,True,0.246822758546956,True,stable,8,42,8
gradcam-abe9074495b728f064a8,population-8caf41f0460cebd86e1607bc,survface,survface:registered_probe:5244_23,adaface-4df25b75e065b0b9ed43,pca,pca_64,pca_direct_cosine,0.1,True,frozen_origin,0.0522931218147277,True,True,False,True,True,1.0476426496421682,True,threshold_crossing,1,42,8
gradcam-e0633a06f952c572567a,population-8caf41f0460cebd86e1607bc,survface,survface:registered_probe:5244_20,adaface-4df25b75e065b0b9ed43,pca,pca_64,pca_direct_cosine,0.1,True,frozen_origin,0.1647502183914184,True,True,False,True,True,1.008181681563013,True,threshold_crossing,2,42,8
gradcam-013501b5b3039c3b2fc7,population-8caf41f0460cebd86e1607bc,survface,survface:registered_probe:5244_18,adaface-4df25b75e065b0b9ed43,pca,pca_64,pca_direct_cosine,0.1,True,frozen_origin,0.1483394503593444,True,True,False,True,True,0.9894480699327044,True,threshold_crossing,3,42,8
gradcam-ba0244d1ac85caa4762a,population-8caf41f0460cebd86e1607bc,survface,survface:registered_probe:844_cam2_1,adaface-4df25b75e065b0b9ed43,pca,pca_64,pca_direct_cosine,0.1,True,frozen_origin,0.2271342277526855,True,True,False,True,True,0.9719825103138748,True,threshold_crossing,4,42,8
gradcam-6ccce5b2144f8e83b420,population-8caf41f0460cebd86e1607bc,survface,survface:registered_probe:5244_10,adaface-4df25b75e065b0b9ed43,pca,pca_64,pca_direct_cosine,0.1,True,frozen_origin,0.214136004447937,True,True,False,True,True,0.9714561644247092,True,threshold_crossing,5,42,8
gradcam-f2669f1fbb9a3c37b0d2,population-8caf41f0460cebd86e1607bc,survface,survface:registered_probe:3954_cam2_1,adaface-4df25b75e065b0b9ed43,pca,pca_64,pca_direct_cosine,0.1,True,frozen_origin,0.3563587367534637,True,True,False,True,True,0.9525514416374476,True,threshold_crossing,6,42,8
gradcam-1ffa196a58fc0cfb46c7,population-8caf41f0460cebd86e1607bc,survface,survface:registered_probe:1758_cam2_1,adaface-4df25b75e065b0b9ed43,pca,pca_64,pca_direct_cosine,0.1,True,frozen_origin,0.2352626323699951,True,True,False,True,True,0.9139588177313442,True,threshold_crossing,7,42,8
gradcam-54acbdd801f6e398bfe2,population-8caf41f0460cebd86e1607bc,survface,survface:registered_probe:5244_11,adaface-4df25b75e065b0b9ed43,pca,pca_64,pca_direct_cosine,0.1,True,frozen_origin,0.231185495853424,True,True,False,True,True,0.9088560295165716,True,threshold_crossing,8,42,8
gradcam-8d3db47951ff3c4420aa,population-8caf41f0460cebd86e1607bc,survface,survface:registered_probe:2973_cam3_1,adaface-4df25b75e065b0b9ed43,pca,pca_64,pca_reconstruction_cosine,0.01,True,frozen_origin,0.1338254809379577,True,False,False,True,True,1.1575381348188971,True,high_error,1,42,8
gradcam-0970c94ef0bc7ae07294,population-8caf41f0460cebd86e1607bc,survface,survface:unknown_unknown_probe:2756_cam4_1,adaface-4df25b75e065b0b9ed43,pca,pca_64,pca_reconstruction_cosine,0.01,False,frozen_origin,0.2431864291429519,True,False,False,True,True,1.1337463940148391,True,high_error,2,42,8
gradcam-0d8861d5ee3139b679ad,population-8caf41f0460cebd86e1607bc,survface,survface:unknown_unknown_probe:728_cam2_1,adaface-4df25b75e065b0b9ed43,pca,pca_64,pca_reconstruction_cosine,0.01,False,frozen_origin,0.2323507368564605,True,False,False,True,True,1.127178824702064,True,high_error,3,42,8
gradcam-d4e3ff2426302fe530f4,population-8caf41f0460cebd86e1607bc,survface,survface:unknown_unknown_probe:distractors_2510,adaface-4df25b75e065b0b9ed43,pca,pca_64,pca_reconstruction_cosine,0.01,False,frozen_origin,0.1929077804088592,True,False,False,True,True,1.1126730853943876,True,high_error,4,42,8
gradcam-550f16bf47543b495386,population-8caf41f0460cebd86e1607bc,survface,survface:unknown_unknown_probe:distractors_12176,adaface-4df25b75e065b0b9ed43,pca,pca_64,pca_reconstruction_cosine,0.01,False,frozen_origin,0.270834356546402,True,False,False,True,True,1.1003273044628623,True,high_error,5,42,8
gradcam-94c965e332ee67130981,population-8caf41f0460cebd86e1607bc,survface,survface:unknown_unknown_probe:4443_cam2_3,adaface-4df25b75e065b0b9ed43,pca,pca_64,pca_reconstruction_cosine,0.01,False,frozen_origin,0.2543991059064865,True,False,False,True,True,1.0966696521544352,True,high_error,6,42,8
gradcam-6d31c98f01c1a404f5cf,population-8caf41f0460cebd86e1607bc,survface,survface:registered_probe:5244_28,adaface-4df25b75e065b0b9ed43,pca,pca_64,pca_reconstruction_cosine,0.01,True,frozen_origin,-0.0320018529891967,True,False,False,True,True,1.0868673726302118,True,high_error,7,42,8
gradcam-42a609806397babf67c1,population-8caf41f0460cebd86e1607bc,survface,survface:registered_probe:2742_cam2_1,adaface-4df25b75e065b0b9ed43,pca,pca_64,pca_reconstruction_cosine,0.01,True,frozen_origin,0.099240630865097,True,False,False,True,True,1.0850033842889515,True,high_error,8,42,8
gradcam-92accc4f8b9f186fba14,population-8caf41f0460cebd86e1607bc,survface,survface:unknown_unknown_probe:distractors_4031,adaface-4df25b75e065b0b9ed43,pca,pca_64,pca_reconstruction_cosine,0.01,False,frozen_origin,0.2498718500137329,False,False,False,True,True,1.1303005398141035,True,rank_flip,1,42,8
gradcam-33adeb6ce1ff34701cd2,population-8caf41f0460cebd86e1607bc,survface,survface:unknown_unknown_probe:2704_cam2_1,adaface-4df25b75e065b0b9ed43,pca,pca_64,pca_reconstruction_cosine,0.01,False,frozen_origin,0.215548574924469,False,False,False,True,True,1.1263785603881789,True,rank_flip,2,42,8
gradcam-44686c1163051c352169,population-8caf41f0460cebd86e1607bc,survface,survface:unknown_unknown_probe:distractors_21592,adaface-4df25b75e065b0b9ed43,pca,pca_64,pca_reconstruction_cosine,0.01,False,frozen_origin,0.1299973130226135,False,False,False,True,True,1.1221153596603857,True,rank_flip,3,42,8
gradcam-9df9fc8918d830db5930,population-8caf41f0460cebd86e1607bc,survface,survface:unknown_unknown_probe:447_cam2_1,adaface-4df25b75e065b0b9ed43,pca,pca_64,pca_reconstruction_cosine,0.01,False,frozen_origin,0.2936630994081497,False,False,False,True,True,1.1183911751146138,True,rank_flip,4,42,8
gradcam-83a5046bf75ffd84c74b,population-8caf41f0460cebd86e1607bc,survface,survface:registered_probe:707_cam2_1,adaface-4df25b75e065b0b9ed43,pca,pca_64,pca_reconstruction_cosine,0.01,True,frozen_origin,0.1816283762454986,False,False,False,True,True,1.1122926036519385,True,rank_flip,5,42,8
gradcam-2f71cf317a3e37794221,population-8caf41f0460cebd86e1607bc,survface,survface:unknown_unknown_probe:distractors_3041,adaface-4df25b75e065b0b9ed43,pca,pca_64,pca_reconstruction_cosine,0.01,False,frozen_origin,0.1821665167808532,False,False,False,True,True,1.1081696658142706,True,rank_flip,6,42,8
gradcam-ba9482c8607728ffcdd9,population-8caf41f0460cebd86e1607bc,survface,survface:unknown_unknown_probe:distractors_2350,adaface-4df25b75e065b0b9ed43,pca,pca_64,pca_reconstruction_cosine,0.01,False,frozen_origin,0.2639652341604233,False,False,False,True,True,1.1024750410373882,True,rank_flip,7,42,8
gradcam-28d418b2663c34d330c4,population-8caf41f0460cebd86e1607bc,survface,survface:unknown_unknown_probe:distractors_4412,adaface-4df25b75e065b0b9ed43,pca,pca_64,pca_reconstruction_cosine,0.01,False,frozen_origin,0.1871364116668701,False,False,False,True,True,1.09809781801353,True,rank_flip,8,42,8
gradcam-b41c7912338b09f930a8,population-8caf41f0460cebd86e1607bc,survface,survface:registered_probe:5821_cam1_108,adaface-4df25b75e065b0b9ed43,pca,pca_64,pca_reconstruction_cosine,0.01,True,frozen_origin,0.0284640789031982,True,False,False,True,True,0.2161719603743671,True,stable,1,42,8
gradcam-500005eea7702df3a410,population-8caf41f0460cebd86e1607bc,survface,survface:unknown_unknown_probe:5668_cam2_20,adaface-4df25b75e065b0b9ed43,pca,pca_64,pca_reconstruction_cosine,0.01,False,frozen_origin,0.0297431945800781,True,False,False,True,True,0.2233525858656382,True,stable,2,42,8
gradcam-3d957aeca37c35422f49,population-8caf41f0460cebd86e1607bc,survface,survface:unknown_unknown_probe:9015_cam2_11,adaface-4df25b75e065b0b9ed43,pca,pca_64,pca_reconstruction_cosine,0.01,False,frozen_origin,0.0317535400390625,True,False,False,True,True,0.2252629629606629,True,stable,3,42,8
gradcam-0f8e19f1fa2b3977fbb0,population-8caf41f0460cebd86e1607bc,survface,survface:unknown_unknown_probe:5783_cam1_37,adaface-4df25b75e065b0b9ed43,pca,pca_64,pca_reconstruction_cosine,0.01,False,frozen_origin,0.0303013920783996,True,False,False,True,True,0.2271367033660205,True,stable,4,42,8
gradcam-280532fcbfaf5e017f03,population-8caf41f0460cebd86e1607bc,survface,survface:unknown_unknown_probe:10627_cam2_12,adaface-4df25b75e065b0b9ed43,pca,pca_64,pca_reconstruction_cosine,0.01,False,frozen_origin,0.0302182435989379,True,False,False,True,True,0.2330184609963454,True,stable,5,42,8
gradcam-252ad071da1a4b72f89e,population-8caf41f0460cebd86e1607bc,survface,survface:registered_probe:5647_cam1_47,adaface-4df25b75e065b0b9ed43,pca,pca_64,pca_reconstruction_cosine,0.01,True,frozen_origin,0.0326073765754699,True,False,False,True,True,0.2330677144747683,True,stable,6,42,8
gradcam-bbcf6d6c2fbab70cff4b,population-8caf41f0460cebd86e1607bc,survface,survface:registered_probe:5647_cam1_96,adaface-4df25b75e065b0b9ed43,pca,pca_64,pca_reconstruction_cosine,0.01,True,frozen_origin,0.0321422815322876,True,False,False,True,True,0.2338082213511684,True,stable,7,42,8
gradcam-9acfd21064ef45322866,population-8caf41f0460cebd86e1607bc,survface,survface:unknown_unknown_probe:10256_cam1_19,adaface-4df25b75e065b0b9ed43,pca,pca_64,pca_reconstruction_cosine,0.01,False,frozen_origin,0.0287271738052368,True,False,False,True,True,0.2350549883403815,True,stable,8,42,8
gradcam-e00f5ffdc58fb4385027,population-8caf41f0460cebd86e1607bc,survface,survface:registered_probe:5244_18,adaface-4df25b75e065b0b9ed43,pca,pca_64,pca_reconstruction_cosine,0.01,True,frozen_origin,0.1468380689620971,True,True,False,True,True,0.9894480699327044,True,threshold_crossing,1,42,8
gradcam-5f74140484ec21c3d66d,population-8caf41f0460cebd86e1607bc,survface,survface:registered_probe:5244_11,adaface-4df25b75e065b0b9ed43,pca,pca_64,pca_reconstruction_cosine,0.01,True,frozen_origin,0.2268798351287841,True,True,False,True,True,0.9088560295165716,True,threshold_crossing,2,42,8
gradcam-20d89b7e94d34c2d1661,population-8caf41f0460cebd86e1607bc,survface,survface:registered_probe:262_cam1_1,adaface-4df25b75e065b0b9ed43,pca,pca_64,pca_reconstruction_cosine,0.01,True,frozen_origin,0.1691668033599853,True,True,False,True,True,0.8549878858653063,True,threshold_crossing,3,42,8
gradcam-c4ca25998212763120ee,population-8caf41f0460cebd86e1607bc,survface,survface:registered_probe:5263_5,adaface-4df25b75e065b0b9ed43,pca,pca_64,pca_reconstruction_cosine,0.01,True,frozen_origin,0.1587072014808654,True,True,False,True,True,0.8475603520935545,True,threshold_crossing,4,42,8
gradcam-d476e7cea90bda0ba80f,population-8caf41f0460cebd86e1607bc,survface,survface:registered_probe:5227_19,adaface-4df25b75e065b0b9ed43,pca,pca_64,pca_reconstruction_cosine,0.01,True,frozen_origin,0.1475346088409423,True,True,False,True,True,0.8403941250828659,True,threshold_crossing,5,42,8
gradcam-dc43fa065fef648e397c,population-8caf41f0460cebd86e1607bc,survface,survface:unknown_unknown_probe:1346_cam1_1,adaface-4df25b75e065b0b9ed43,pca,pca_64,pca_reconstruction_cosine,0.01,False,frozen_origin,0.1096271276473999,True,True,False,True,True,0.8136182868208199,True,threshold_crossing,6,42,8
gradcam-0cb50aebf7e8537d06ff,population-8caf41f0460cebd86e1607bc,survface,survface:registered_probe:5255_22,adaface-4df25b75e065b0b9ed43,pca,pca_64,pca_reconstruction_cosine,0.01,True,frozen_origin,0.141493022441864,True,True,False,True,True,0.8125888922685207,True,threshold_crossing,7,42,8
gradcam-4c2d0241584200c75a99,population-8caf41f0460cebd86e1607bc,survface,survface:registered_probe:5263_3,adaface-4df25b75e065b0b9ed43,pca,pca_64,pca_reconstruction_cosine,0.01,True,frozen_origin,0.1347554922103881,True,True,False,True,True,0.7784217817620278,True,threshold_crossing,8,42,8
gradcam-403ab19f097a4db1f963,population-8caf41f0460cebd86e1607bc,survface,survface:registered_probe:2973_cam3_1,adaface-4df25b75e065b0b9ed43,pca,pca_64,pca_reconstruction_cosine,0.1,True,frozen_origin,0.1338254809379577,True,False,False,True,True,1.1575381348188971,True,high_error,1,42,8
gradcam-ccf400b77a738cff86fb,population-8caf41f0460cebd86e1607bc,survface,survface:unknown_unknown_probe:2756_cam4_1,adaface-4df25b75e065b0b9ed43,pca,pca_64,pca_reconstruction_cosine,0.1,False,frozen_origin,0.2431864291429519,True,False,False,True,True,1.1337463940148391,True,high_error,2,42,8
gradcam-860b47963d03499ecc8a,population-8caf41f0460cebd86e1607bc,survface,survface:unknown_unknown_probe:728_cam2_1,adaface-4df25b75e065b0b9ed43,pca,pca_64,pca_reconstruction_cosine,0.1,False,frozen_origin,0.2323507368564605,True,False,False,True,True,1.127178824702064,True,high_error,3,42,8
gradcam-a171f7edc720c74ad18e,population-8caf41f0460cebd86e1607bc,survface,survface:unknown_unknown_probe:distractors_2510,adaface-4df25b75e065b0b9ed43,pca,pca_64,pca_reconstruction_cosine,0.1,False,frozen_origin,0.1929077804088592,True,False,False,True,True,1.1126730853943876,True,high_error,4,42,8
gradcam-3aaa57723a6c8c97f65b,population-8caf41f0460cebd86e1607bc,survface,survface:unknown_unknown_probe:distractors_12176,adaface-4df25b75e065b0b9ed43,pca,pca_64,pca_reconstruction_cosine,0.1,False,frozen_origin,0.270834356546402,True,False,False,True,True,1.1003273044628623,True,high_error,5,42,8
gradcam-830d13d2a0d8be5ad3de,population-8caf41f0460cebd86e1607bc,survface,survface:unknown_unknown_probe:4443_cam2_3,adaface-4df25b75e065b0b9ed43,pca,pca_64,pca_reconstruction_cosine,0.1,False,frozen_origin,0.2543991059064865,True,False,False,True,True,1.0966696521544352,True,high_error,6,42,8
gradcam-4f44427ca0ec1b5f2248,population-8caf41f0460cebd86e1607bc,survface,survface:registered_probe:5244_28,adaface-4df25b75e065b0b9ed43,pca,pca_64,pca_reconstruction_cosine,0.1,True,frozen_origin,-0.0320018529891967,True,False,False,True,True,1.0868673726302118,True,high_error,7,42,8
gradcam-116680d22fb1fe80d80a,population-8caf41f0460cebd86e1607bc,survface,survface:registered_probe:2742_cam2_1,adaface-4df25b75e065b0b9ed43,pca,pca_64,pca_reconstruction_cosine,0.1,True,frozen_origin,0.099240630865097,True,False,False,True,True,1.0850033842889515,True,high_error,8,42,8
gradcam-44fd8e25cb047dfab032,population-8caf41f0460cebd86e1607bc,survface,survface:unknown_unknown_probe:distractors_4031,adaface-4df25b75e065b0b9ed43,pca,pca_64,pca_reconstruction_cosine,0.1,False,frozen_origin,0.2498718500137329,False,False,False,True,True,1.1303005398141035,True,rank_flip,1,42,8
gradcam-bfcfe3e6f4f7d3f285d9,population-8caf41f0460cebd86e1607bc,survface,survface:unknown_unknown_probe:2704_cam2_1,adaface-4df25b75e065b0b9ed43,pca,pca_64,pca_reconstruction_cosine,0.1,False,frozen_origin,0.215548574924469,False,False,False,True,True,1.1263785603881789,True,rank_flip,2,42,8
gradcam-103c55509cc4e747ff7f,population-8caf41f0460cebd86e1607bc,survface,survface:unknown_unknown_probe:distractors_21592,adaface-4df25b75e065b0b9ed43,pca,pca_64,pca_reconstruction_cosine,0.1,False,frozen_origin,0.1299973130226135,False,False,False,True,True,1.1221153596603857,True,rank_flip,3,42,8
gradcam-f9cf4f83145237cd1019,population-8caf41f0460cebd86e1607bc,survface,survface:unknown_unknown_probe:447_cam2_1,adaface-4df25b75e065b0b9ed43,pca,pca_64,pca_reconstruction_cosine,0.1,False,frozen_origin,0.2936630994081497,False,False,False,True,True,1.1183911751146138,True,rank_flip,4,42,8
gradcam-9ec5292e3ab1a634ed0b,population-8caf41f0460cebd86e1607bc,survface,survface:registered_probe:707_cam2_1,adaface-4df25b75e065b0b9ed43,pca,pca_64,pca_reconstruction_cosine,0.1,True,frozen_origin,0.1816283762454986,False,False,False,True,True,1.1122926036519385,True,rank_flip,5,42,8
gradcam-0cf8cc80aa50f04b3b18,population-8caf41f0460cebd86e1607bc,survface,survface:unknown_unknown_probe:distractors_3041,adaface-4df25b75e065b0b9ed43,pca,pca_64,pca_reconstruction_cosine,0.1,False,frozen_origin,0.1821665167808532,False,False,False,True,True,1.1081696658142706,True,rank_flip,6,42,8
gradcam-1f5da2f21d76fecb40a1,population-8caf41f0460cebd86e1607bc,survface,survface:unknown_unknown_probe:distractors_2350,adaface-4df25b75e065b0b9ed43,pca,pca_64,pca_reconstruction_cosine,0.1,False,frozen_origin,0.2639652341604233,False,False,False,True,True,1.1024750410373882,True,rank_flip,7,42,8
gradcam-c5b95454076e024a6bba,population-8caf41f0460cebd86e1607bc,survface,survface:unknown_unknown_probe:distractors_4412,adaface-4df25b75e065b0b9ed43,pca,pca_64,pca_reconstruction_cosine,0.1,False,frozen_origin,0.1871364116668701,False,False,False,True,True,1.09809781801353,True,rank_flip,8,42,8
gradcam-527e94f6105fd4ac1ce5,population-8caf41f0460cebd86e1607bc,survface,survface:registered_probe:5821_cam1_108,adaface-4df25b75e065b0b9ed43,pca,pca_64,pca_reconstruction_cosine,0.1,True,frozen_origin,0.0284640789031982,True,False,False,True,True,0.2161719603743671,True,stable,1,42,8
gradcam-7349992a24bc90e8ba67,population-8caf41f0460cebd86e1607bc,survface,survface:unknown_unknown_probe:5668_cam2_20,adaface-4df25b75e065b0b9ed43,pca,pca_64,pca_reconstruction_cosine,0.1,False,frozen_origin,0.0297431945800781,True,False,False,True,True,0.2233525858656382,True,stable,2,42,8
gradcam-d0e56226511d51449b7e,population-8caf41f0460cebd86e1607bc,survface,survface:unknown_unknown_probe:9015_cam2_11,adaface-4df25b75e065b0b9ed43,pca,pca_64,pca_reconstruction_cosine,0.1,False,frozen_origin,0.0317535400390625,True,False,False,True,True,0.2252629629606629,True,stable,3,42,8
gradcam-64db35cc296ded4e2e18,population-8caf41f0460cebd86e1607bc,survface,survface:unknown_unknown_probe:5783_cam1_37,adaface-4df25b75e065b0b9ed43,pca,pca_64,pca_reconstruction_cosine,0.1,False,frozen_origin,0.0303013920783996,True,False,False,True,True,0.2271367033660205,True,stable,4,42,8
gradcam-35326b373112d944bda9,population-8caf41f0460cebd86e1607bc,survface,survface:unknown_unknown_probe:10627_cam2_12,adaface-4df25b75e065b0b9ed43,pca,pca_64,pca_reconstruction_cosine,0.1,False,frozen_origin,0.0302182435989379,True,False,False,True,True,0.2330184609963454,True,stable,5,42,8
gradcam-049013a4a0a80b133998,population-8caf41f0460cebd86e1607bc,survface,survface:registered_probe:5647_cam1_47,adaface-4df25b75e065b0b9ed43,pca,pca_64,pca_reconstruction_cosine,0.1,True,frozen_origin,0.0326073765754699,True,False,False,True,True,0.2330677144747683,True,stable,6,42,8
gradcam-5c08a4480b649fdc1f70,population-8caf41f0460cebd86e1607bc,survface,survface:registered_probe:5647_cam1_96,adaface-4df25b75e065b0b9ed43,pca,pca_64,pca_reconstruction_cosine,0.1,True,frozen_origin,0.0321422815322876,True,False,False,True,True,0.2338082213511684,True,stable,7,42,8
gradcam-57b338c484ade4b4aaa1,population-8caf41f0460cebd86e1607bc,survface,survface:unknown_unknown_probe:10256_cam1_19,adaface-4df25b75e065b0b9ed43,pca,pca_64,pca_reconstruction_cosine,0.1,False,frozen_origin,0.0287271738052368,True,False,False,True,True,0.2350549883403815,True,stable,8,42,8
gradcam-4002b1dfc2c54e580626,population-8caf41f0460cebd86e1607bc,survface,survface:registered_probe:5244_23,adaface-4df25b75e065b0b9ed43,pca,pca_64,pca_reconstruction_cosine,0.1,True,frozen_origin,0.0540587306022644,True,True,False,True,True,1.0476426496421682,True,threshold_crossing,1,42,8
gradcam-f7260d699d050e29460c,population-8caf41f0460cebd86e1607bc,survface,survface:registered_probe:5244_20,adaface-4df25b75e065b0b9ed43,pca,pca_64,pca_reconstruction_cosine,0.1,True,frozen_origin,0.1462129354476928,True,True,False,True,True,1.008181681563013,True,threshold_crossing,2,42,8
gradcam-5c605e7f0476defab02d,population-8caf41f0460cebd86e1607bc,survface,survface:registered_probe:5244_18,adaface-4df25b75e065b0b9ed43,pca,pca_64,pca_reconstruction_cosine,0.1,True,frozen_origin,0.1468380689620971,True,True,False,True,True,0.9894480699327044,True,threshold_crossing,3,42,8
gradcam-1a8ea6c91e61c2d31258,population-8caf41f0460cebd86e1607bc,survface,survface:registered_probe:844_cam2_1,adaface-4df25b75e065b0b9ed43,pca,pca_64,pca_reconstruction_cosine,0.1,True,frozen_origin,0.1636800765991211,True,True,False,True,True,0.9719825103138748,True,threshold_crossing,4,42,8
gradcam-c9ab0344740882a8d228,population-8caf41f0460cebd86e1607bc,survface,survface:registered_probe:5244_10,adaface-4df25b75e065b0b9ed43,pca,pca_64,pca_reconstruction_cosine,0.1,True,frozen_origin,0.2023575901985168,True,True,False,True,True,0.9714561644247092,True,threshold_crossing,5,42,8
gradcam-808308bbc73265726172,population-8caf41f0460cebd86e1607bc,survface,survface:registered_probe:5263_12,adaface-4df25b75e065b0b9ed43,pca,pca_64,pca_reconstruction_cosine,0.1,True,frozen_origin,0.1260351538658142,True,True,False,True,True,0.9429313533807908,True,threshold_crossing,6,42,8
gradcam-3d70f3fa30b38a3ba71a,population-8caf41f0460cebd86e1607bc,survface,survface:registered_probe:5227_18,adaface-4df25b75e065b0b9ed43,pca,pca_64,pca_reconstruction_cosine,0.1,True,frozen_origin,0.1692392826080322,True,True,False,True,True,0.942847471987604,True,threshold_crossing,7,42,8
gradcam-482f2fa0de420653b4d4,population-8caf41f0460cebd86e1607bc,survface,survface:registered_probe:5244_11,adaface-4df25b75e065b0b9ed43,pca,pca_64,pca_reconstruction_cosine,0.1,True,frozen_origin,0.2268798351287841,True,True,False,True,True,0.9088560295165716,True,threshold_crossing,8,42,8
gradcam-a6ad557412e8b6690441,population-8caf41f0460cebd86e1607bc,survface,survface:registered_probe:2973_cam3_1,adaface-4df25b75e065b0b9ed43,pq,pq_512_m128_b8,pq_reconstruction_cosine,0.01,True,frozen_origin,-0.0328919887542724,True,False,False,True,True,0.4234726566283135,True,high_error,1,42,8
gradcam-cf75538621a9151fcd33,population-8caf41f0460cebd86e1607bc,survface,survface:registered_probe:5244_22,adaface-4df25b75e065b0b9ed43,pq,pq_512_m128_b8,pq_reconstruction_cosine,0.01,True,frozen_origin,-0.0353242754936218,True,False,False,True,True,0.4056797901827826,True,high_error,2,42,8
gradcam-748f2e0bf4c98d4d49ec,population-8caf41f0460cebd86e1607bc,survface,survface:unknown_unknown_probe:2756_cam4_1,adaface-4df25b75e065b0b9ed43,pq,pq_512_m128_b8,pq_reconstruction_cosine,0.01,False,frozen_origin,-0.009427472949028,True,False,False,True,True,0.4007432695171777,True,high_error,3,42,8
gradcam-155b2374156799e65e5c,population-8caf41f0460cebd86e1607bc,survface,survface:unknown_unknown_probe:3816_cam2_1,adaface-4df25b75e065b0b9ed43,pq,pq_512_m128_b8,pq_reconstruction_cosine,0.01,False,frozen_origin,-0.0276912897825241,True,False,False,True,True,0.3942168862674376,True,high_error,4,42,8
gradcam-f8efb8a479612bd02b06,population-8caf41f0460cebd86e1607bc,survface,survface:registered_probe:8645_cam2_14,adaface-4df25b75e065b0b9ed43,pq,pq_512_m128_b8,pq_reconstruction_cosine,0.01,True,frozen_origin,-0.0292202532291412,True,False,False,True,True,0.3912105754129802,True,high_error,5,42,8
gradcam-3645d56541367bb4e292,population-8caf41f0460cebd86e1607bc,survface,survface:unknown_unknown_probe:distractors_1449,adaface-4df25b75e065b0b9ed43,pq,pq_512_m128_b8,pq_reconstruction_cosine,0.01,False,frozen_origin,-0.0713163316249847,True,False,False,True,True,0.3902995725038329,True,high_error,6,42,8
gradcam-fd9a7888b451da39a7c8,population-8caf41f0460cebd86e1607bc,survface,survface:unknown_unknown_probe:distractors_4105,adaface-4df25b75e065b0b9ed43,pq,pq_512_m128_b8,pq_reconstruction_cosine,0.01,False,frozen_origin,-0.0192139446735382,True,False,False,True,True,0.3900672393667313,True,high_error,7,42,8
gradcam-1aa18e771b73b01f1fb6,population-8caf41f0460cebd86e1607bc,survface,survface:unknown_unknown_probe:distractors_3567,adaface-4df25b75e065b0b9ed43,pq,pq_512_m128_b8,pq_reconstruction_cosine,0.01,False,frozen_origin,-0.0488646626472473,True,False,False,True,True,0.3896172617429163,True,high_error,8,42,8
gradcam-ea2b1119fd62c6cc7f0c,population-8caf41f0460cebd86e1607bc,survface,survface:unknown_unknown_probe:2704_cam2_1,adaface-4df25b75e065b0b9ed43,pq,pq_512_m128_b8,pq_reconstruction_cosine,0.01,False,frozen_origin,-0.0075403898954391,False,False,False,True,True,0.3920740898486702,True,rank_flip,1,42,8
gradcam-3c33dd5bc80eb12a1300,population-8caf41f0460cebd86e1607bc,survface,survface:registered_probe:8425_cam2_2,adaface-4df25b75e065b0b9ed43,pq,pq_512_m128_b8,pq_reconstruction_cosine,0.01,True,frozen_origin,-0.0252043902873992,False,False,False,True,True,0.3904986809715569,True,rank_flip,2,42,8
gradcam-e532b2fa71fa163d5fd5,population-8caf41f0460cebd86e1607bc,survface,survface:unknown_unknown_probe:distractors_2318,adaface-4df25b75e065b0b9ed43,pq,pq_512_m128_b8,pq_reconstruction_cosine,0.01,False,frozen_origin,0.0265047252178192,False,False,False,True,True,0.3890292169287991,True,rank_flip,3,42,8
gradcam-df6c355e07e1ba32c6b9,population-8caf41f0460cebd86e1607bc,survface,survface:unknown_unknown_probe:4837_cam2_3,adaface-4df25b75e065b0b9ed43,pq,pq_512_m128_b8,pq_reconstruction_cosine,0.01,False,frozen_origin,0.0151836276054382,False,False,False,True,True,0.3887186667259757,True,rank_flip,4,42,8
gradcam-bc0a139d1232d9d291e3,population-8caf41f0460cebd86e1607bc,survface,survface:unknown_unknown_probe:4245_cam2_1,adaface-4df25b75e065b0b9ed43,pq,pq_512_m128_b8,pq_reconstruction_cosine,0.01,False,frozen_origin,0.0003729611635208,False,False,False,True,True,0.3885286473067513,True,rank_flip,5,42,8
gradcam-9723532a883ef225dfdb,population-8caf41f0460cebd86e1607bc,survface,survface:unknown_unknown_probe:distractors_2713,adaface-4df25b75e065b0b9ed43,pq,pq_512_m128_b8,pq_reconstruction_cosine,0.01,False,frozen_origin,-0.0075996220111846,False,False,False,True,True,0.3878385297353764,True,rank_flip,6,42,8
gradcam-6c5a1c1dd6d9d2677332,population-8caf41f0460cebd86e1607bc,survface,survface:registered_probe:8344_cam1_5,adaface-4df25b75e065b0b9ed43,pq,pq_512_m128_b8,pq_reconstruction_cosine,0.01,True,frozen_origin,-0.017933189868927,False,False,False,True,True,0.3874902887935127,True,rank_flip,7,42,8
gradcam-d1e775265a725f199643,population-8caf41f0460cebd86e1607bc,survface,survface:unknown_unknown_probe:3861_cam2_1,adaface-4df25b75e065b0b9ed43,pq,pq_512_m128_b8,pq_reconstruction_cosine,0.01,False,frozen_origin,0.0105015039443969,False,False,False,True,True,0.3861225822906549,True,rank_flip,8,42,8
gradcam-dfa5b5ce1e8f3a917248,population-8caf41f0460cebd86e1607bc,survface,survface:unknown_unknown_probe:9464_cam3_131,adaface-4df25b75e065b0b9ed43,pq,pq_512_m128_b8,pq_reconstruction_cosine,0.01,False,frozen_origin,-0.0277189016342163,True,False,False,True,True,0.2066092471986371,True,stable,1,42,8
gradcam-866db412f4ef5c469ac9,population-8caf41f0460cebd86e1607bc,survface,survface:unknown_unknown_probe:9690_cam2_26,adaface-4df25b75e065b0b9ed43,pq,pq_512_m128_b8,pq_reconstruction_cosine,0.01,False,frozen_origin,-0.0273191928863525,True,False,False,True,True,0.2068408044064562,True,stable,2,42,8
gradcam-531c11c6fd5a53ec4d4a,population-8caf41f0460cebd86e1607bc,survface,survface:registered_probe:9060_cam2_52,adaface-4df25b75e065b0b9ed43,pq,pq_512_m128_b8,pq_reconstruction_cosine,0.01,True,frozen_origin,-0.0205259323120117,True,False,False,True,True,0.2075151978327502,True,stable,3,42,8
gradcam-e522232ac2c3aa7a665d,population-8caf41f0460cebd86e1607bc,survface,survface:unknown_unknown_probe:5611_cam1_6,adaface-4df25b75e065b0b9ed43,pq,pq_512_m128_b8,pq_reconstruction_cosine,0.01,False,frozen_origin,-0.0296452641487121,True,False,False,True,True,0.2076223796345304,True,stable,4,42,8
gradcam-6c20f352f67f2c0601bb,population-8caf41f0460cebd86e1607bc,survface,survface:registered_probe:5608_cam1_32,adaface-4df25b75e065b0b9ed43,pq,pq_512_m128_b8,pq_reconstruction_cosine,0.01,True,frozen_origin,-0.0340469479560852,True,False,False,True,True,0.2090166368882649,True,stable,5,42,8
gradcam-18c88f4b24e6d3ea4c0a,population-8caf41f0460cebd86e1607bc,survface,survface:registered_probe:5678_cam1_105,adaface-4df25b75e065b0b9ed43,pq,pq_512_m128_b8,pq_reconstruction_cosine,0.01,True,frozen_origin,-0.0246824622154235,True,False,False,True,True,0.2094546520569161,True,stable,6,42,8
gradcam-9d9be08854a4a198de2a,population-8caf41f0460cebd86e1607bc,survface,survface:unknown_unknown_probe:10605_cam3_35,adaface-4df25b75e065b0b9ed43,pq,pq_512_m128_b8,pq_reconstruction_cosine,0.01,False,frozen_origin,-0.0282673835754394,True,False,False,True,True,0.2096513287520404,True,stable,7,42,8
gradcam-68d7329c579968749e35,population-8caf41f0460cebd86e1607bc,survface,survface:unknown_unknown_probe:5783_cam1_3,adaface-4df25b75e065b0b9ed43,pq,pq_512_m128_b8,pq_reconstruction_cosine,0.01,False,frozen_origin,-0.031477928161621,True,False,False,True,True,0.2123841863603334,True,stable,8,42,8
gradcam-11e01e79c2ba44a03866,population-8caf41f0460cebd86e1607bc,survface,survface:unknown_unknown_probe:4754_cam2_2,adaface-4df25b75e065b0b9ed43,pq,pq_512_m128_b8,pq_reconstruction_cosine,0.01,False,frozen_origin,-0.0547688007354736,True,True,False,True,True,0.3222223952092627,True,threshold_crossing,1,42,8
gradcam-ed78c63ed85f85ea165d,population-8caf41f0460cebd86e1607bc,survface,survface:registered_probe:5462_cam1_2,adaface-4df25b75e065b0b9ed43,pq,pq_512_m128_b8,pq_reconstruction_cosine,0.01,True,frozen_origin,-0.06343674659729,True,True,False,True,True,0.3143040808248202,True,threshold_crossing,2,42,8
gradcam-f8d3645f84203304fdef,population-8caf41f0460cebd86e1607bc,survface,survface:registered_probe:10548_cam3_15,adaface-4df25b75e065b0b9ed43,pq,pq_512_m128_b8,pq_reconstruction_cosine,0.01,True,frozen_origin,-0.046907365322113,True,True,False,True,True,0.3142495055472957,True,threshold_crossing,3,42,8
gradcam-d8082e1362ee7e337bd8,population-8caf41f0460cebd86e1607bc,survface,survface:registered_probe:9155_cam3_16,adaface-4df25b75e065b0b9ed43,pq,pq_512_m128_b8,pq_reconstruction_cosine,0.01,True,frozen_origin,-0.0527114868164062,True,True,False,True,True,0.3077686143748426,True,threshold_crossing,4,42,8
gradcam-a122466f33f7067329c7,population-8caf41f0460cebd86e1607bc,survface,survface:unknown_unknown_probe:513_cam3_1,adaface-4df25b75e065b0b9ed43,pq,pq_512_m128_b8,pq_reconstruction_cosine,0.01,False,frozen_origin,-0.0579003691673278,True,True,False,True,True,0.3060449488901143,True,threshold_crossing,5,42,8
gradcam-fd25c92ce62c5c3aa456,population-8caf41f0460cebd86e1607bc,survface,survface:unknown_unknown_probe:4821_cam2_5,adaface-4df25b75e065b0b9ed43,pq,pq_512_m128_b8,pq_reconstruction_cosine,0.01,False,frozen_origin,-0.0646275281906127,True,True,False,True,True,0.3045738103314155,True,threshold_crossing,6,42,8
gradcam-4075f813e6dfdcc68675,population-8caf41f0460cebd86e1607bc,survface,survface:unknown_unknown_probe:distractors_5557,adaface-4df25b75e065b0b9ed43,pq,pq_512_m128_b8,pq_reconstruction_cosine,0.01,False,frozen_origin,-0.0620989203453063,True,True,False,True,True,0.3001024341644943,True,threshold_crossing,7,42,8
gradcam-cd8c1b0e6dbd52b42858,population-8caf41f0460cebd86e1607bc,survface,survface:registered_probe:5462_cam1_6,adaface-4df25b75e065b0b9ed43,pq,pq_512_m128_b8,pq_reconstruction_cosine,0.01,True,frozen_origin,-0.0515681505203247,True,True,False,True,True,0.294585048730785,True,threshold_crossing,8,42,8
gradcam-1a7496a4288ac1ba122b,population-8caf41f0460cebd86e1607bc,survface,survface:registered_probe:2973_cam3_1,adaface-4df25b75e065b0b9ed43,pq,pq_512_m128_b8,pq_reconstruction_cosine,0.1,True,frozen_origin,-0.0328919887542724,True,False,False,True,True,0.4234726566283135,True,high_error,1,42,8
gradcam-a3160ae0b852b43b8e48,population-8caf41f0460cebd86e1607bc,survface,survface:registered_probe:5244_22,adaface-4df25b75e065b0b9ed43,pq,pq_512_m128_b8,pq_reconstruction_cosine,0.1,True,frozen_origin,-0.0353242754936218,True,False,False,True,True,0.4056797901827826,True,high_error,2,42,8
gradcam-d2002ad1b84cb54cc72e,population-8caf41f0460cebd86e1607bc,survface,survface:unknown_unknown_probe:2756_cam4_1,adaface-4df25b75e065b0b9ed43,pq,pq_512_m128_b8,pq_reconstruction_cosine,0.1,False,frozen_origin,-0.009427472949028,True,False,False,True,True,0.4007432695171777,True,high_error,3,42,8
gradcam-2c1b60bce76b6b56b26d,population-8caf41f0460cebd86e1607bc,survface,survface:unknown_unknown_probe:3816_cam2_1,adaface-4df25b75e065b0b9ed43,pq,pq_512_m128_b8,pq_reconstruction_cosine,0.1,False,frozen_origin,-0.0276912897825241,True,False,False,True,True,0.3942168862674376,True,high_error,4,42,8
gradcam-95e3ada4898bd583a40c,population-8caf41f0460cebd86e1607bc,survface,survface:registered_probe:8645_cam2_14,adaface-4df25b75e065b0b9ed43,pq,pq_512_m128_b8,pq_reconstruction_cosine,0.1,True,frozen_origin,-0.0292202532291412,True,False,False,True,True,0.3912105754129802,True,high_error,5,42,8
gradcam-3e3630b8008467a1b69c,population-8caf41f0460cebd86e1607bc,survface,survface:unknown_unknown_probe:distractors_1449,adaface-4df25b75e065b0b9ed43,pq,pq_512_m128_b8,pq_reconstruction_cosine,0.1,False,frozen_origin,-0.0713163316249847,True,False,False,True,True,0.3902995725038329,True,high_error,6,42,8
gradcam-9a375a9f334da8ed8297,population-8caf41f0460cebd86e1607bc,survface,survface:unknown_unknown_probe:distractors_4105,adaface-4df25b75e065b0b9ed43,pq,pq_512_m128_b8,pq_reconstruction_cosine,0.1,False,frozen_origin,-0.0192139446735382,True,False,False,True,True,0.3900672393667313,True,high_error,7,42,8
gradcam-84a154e10395d37ed4a4,population-8caf41f0460cebd86e1607bc,survface,survface:unknown_unknown_probe:distractors_3567,adaface-4df25b75e065b0b9ed43,pq,pq_512_m128_b8,pq_reconstruction_cosine,0.1,False,frozen_origin,-0.0488646626472473,True,False,False,True,True,0.3896172617429163,True,high_error,8,42,8
gradcam-cf941fd1d2ccfe03e4a1,population-8caf41f0460cebd86e1607bc,survface,survface:unknown_unknown_probe:2704_cam2_1,adaface-4df25b75e065b0b9ed43,pq,pq_512_m128_b8,pq_reconstruction_cosine,0.1,False,frozen_origin,-0.0075403898954391,False,False,False,True,True,0.3920740898486702,True,rank_flip,1,42,8
gradcam-cc92ede67c29e9f302ec,population-8caf41f0460cebd86e1607bc,survface,survface:registered_probe:8425_cam2_2,adaface-4df25b75e065b0b9ed43,pq,pq_512_m128_b8,pq_reconstruction_cosine,0.1,True,frozen_origin,-0.0252043902873992,False,False,False,True,True,0.3904986809715569,True,rank_flip,2,42,8
gradcam-2a85733f95198a799279,population-8caf41f0460cebd86e1607bc,survface,survface:unknown_unknown_probe:distractors_2318,adaface-4df25b75e065b0b9ed43,pq,pq_512_m128_b8,pq_reconstruction_cosine,0.1,False,frozen_origin,0.0265047252178192,False,False,False,True,True,0.3890292169287991,True,rank_flip,3,42,8
gradcam-904aade64ea786e24cad,population-8caf41f0460cebd86e1607bc,survface,survface:unknown_unknown_probe:4837_cam2_3,adaface-4df25b75e065b0b9ed43,pq,pq_512_m128_b8,pq_reconstruction_cosine,0.1,False,frozen_origin,0.0151836276054382,False,False,False,True,True,0.3887186667259757,True,rank_flip,4,42,8
gradcam-67af5dc3ca5767b6c0dd,population-8caf41f0460cebd86e1607bc,survface,survface:unknown_unknown_probe:4245_cam2_1,adaface-4df25b75e065b0b9ed43,pq,pq_512_m128_b8,pq_reconstruction_cosine,0.1,False,frozen_origin,0.0003729611635208,False,False,False,True,True,0.3885286473067513,True,rank_flip,5,42,8
gradcam-1e294cf535461cc723a7,population-8caf41f0460cebd86e1607bc,survface,survface:unknown_unknown_probe:distractors_2713,adaface-4df25b75e065b0b9ed43,pq,pq_512_m128_b8,pq_reconstruction_cosine,0.1,False,frozen_origin,-0.0075996220111846,False,False,False,True,True,0.3878385297353764,True,rank_flip,6,42,8
gradcam-8f348c0a439f00908b8a,population-8caf41f0460cebd86e1607bc,survface,survface:registered_probe:8344_cam1_5,adaface-4df25b75e065b0b9ed43,pq,pq_512_m128_b8,pq_reconstruction_cosine,0.1,True,frozen_origin,-0.017933189868927,False,False,False,True,True,0.3874902887935127,True,rank_flip,7,42,8
gradcam-f8206c1812738b1defde,population-8caf41f0460cebd86e1607bc,survface,survface:unknown_unknown_probe:3861_cam2_1,adaface-4df25b75e065b0b9ed43,pq,pq_512_m128_b8,pq_reconstruction_cosine,0.1,False,frozen_origin,0.0105015039443969,False,False,False,True,True,0.3861225822906549,True,rank_flip,8,42,8
gradcam-aab1ae2f33ec61a5c715,population-8caf41f0460cebd86e1607bc,survface,survface:unknown_unknown_probe:9464_cam3_131,adaface-4df25b75e065b0b9ed43,pq,pq_512_m128_b8,pq_reconstruction_cosine,0.1,False,frozen_origin,-0.0277189016342163,True,False,False,True,True,0.2066092471986371,True,stable,1,42,8
gradcam-cb704b869d38d0a52d7a,population-8caf41f0460cebd86e1607bc,survface,survface:unknown_unknown_probe:9690_cam2_26,adaface-4df25b75e065b0b9ed43,pq,pq_512_m128_b8,pq_reconstruction_cosine,0.1,False,frozen_origin,-0.0273191928863525,True,False,False,True,True,0.2068408044064562,True,stable,2,42,8
gradcam-27a0ece59037354acfbd,population-8caf41f0460cebd86e1607bc,survface,survface:registered_probe:9060_cam2_52,adaface-4df25b75e065b0b9ed43,pq,pq_512_m128_b8,pq_reconstruction_cosine,0.1,True,frozen_origin,-0.0205259323120117,True,False,False,True,True,0.2075151978327502,True,stable,3,42,8
gradcam-eaf5aacbf17af3f6d6cc,population-8caf41f0460cebd86e1607bc,survface,survface:unknown_unknown_probe:5611_cam1_6,adaface-4df25b75e065b0b9ed43,pq,pq_512_m128_b8,pq_reconstruction_cosine,0.1,False,frozen_origin,-0.0296452641487121,True,False,False,True,True,0.2076223796345304,True,stable,4,42,8
gradcam-bb340e49e86b024b4005,population-8caf41f0460cebd86e1607bc,survface,survface:registered_probe:5608_cam1_32,adaface-4df25b75e065b0b9ed43,pq,pq_512_m128_b8,pq_reconstruction_cosine,0.1,True,frozen_origin,-0.0340469479560852,True,False,False,True,True,0.2090166368882649,True,stable,5,42,8
gradcam-674bf95e5d4b79307fba,population-8caf41f0460cebd86e1607bc,survface,survface:registered_probe:5678_cam1_105,adaface-4df25b75e065b0b9ed43,pq,pq_512_m128_b8,pq_reconstruction_cosine,0.1,True,frozen_origin,-0.0246824622154235,True,False,False,True,True,0.2094546520569161,True,stable,6,42,8
gradcam-3e307cc894f758a84c41,population-8caf41f0460cebd86e1607bc,survface,survface:unknown_unknown_probe:10605_cam3_35,adaface-4df25b75e065b0b9ed43,pq,pq_512_m128_b8,pq_reconstruction_cosine,0.1,False,frozen_origin,-0.0282673835754394,True,False,False,True,True,0.2096513287520404,True,stable,7,42,8
gradcam-3474346978e6acfadedd,population-8caf41f0460cebd86e1607bc,survface,survface:unknown_unknown_probe:5854_cam2_163,adaface-4df25b75e065b0b9ed43,pq,pq_512_m128_b8,pq_reconstruction_cosine,0.1,False,frozen_origin,-0.0245683193206787,True,False,False,True,True,0.2111198401916609,True,stable,8,42,8
gradcam-6ba174b4d41bf6cedaf7,population-8caf41f0460cebd86e1607bc,survface,survface:unknown_unknown_probe:distractors_4002,adaface-4df25b75e065b0b9ed43,pq,pq_512_m128_b8,pq_reconstruction_cosine,0.1,False,frozen_origin,-0.0583236813545227,True,True,False,True,True,0.3461665848837325,True,threshold_crossing,1,42,8
gradcam-9198405712e5cbb69373,population-8caf41f0460cebd86e1607bc,survface,survface:unknown_unknown_probe:1346_cam1_1,adaface-4df25b75e065b0b9ed43,pq,pq_512_m128_b8,pq_reconstruction_cosine,0.1,False,frozen_origin,-0.0990172624588012,True,True,False,True,True,0.3407808227170134,True,threshold_crossing,2,42,8
gradcam-4473b79366ad19772a9a,population-8caf41f0460cebd86e1607bc,survface,survface:registered_probe:5227_16,adaface-4df25b75e065b0b9ed43,pq,pq_512_m128_b8,pq_reconstruction_cosine,0.1,True,frozen_origin,-0.0703077316284179,True,True,False,True,True,0.3315106430361998,True,threshold_crossing,3,42,8
gradcam-67a2e99e222d3a232552,population-8caf41f0460cebd86e1607bc,survface,survface:registered_probe:9774_cam2_12,adaface-4df25b75e065b0b9ed43,pq,pq_512_m128_b8,pq_reconstruction_cosine,0.1,True,frozen_origin,-0.0440806746482849,True,True,False,True,True,0.3159439659509436,True,threshold_crossing,4,42,8
gradcam-c483d63e8620abaa5b27,population-8caf41f0460cebd86e1607bc,survface,survface:registered_probe:9527_cam3_4,adaface-4df25b75e065b0b9ed43,pq,pq_512_m128_b8,pq_reconstruction_cosine,0.1,True,frozen_origin,-0.0642341375350952,True,True,False,True,True,0.3095316452580518,True,threshold_crossing,5,42,8
gradcam-79c9d684a165f3f1e177,population-8caf41f0460cebd86e1607bc,survface,survface:registered_probe:10548_cam3_28,adaface-4df25b75e065b0b9ed43,pq,pq_512_m128_b8,pq_reconstruction_cosine,0.1,True,frozen_origin,-0.0546490550041198,True,True,False,True,True,0.308802829894166,True,threshold_crossing,6,42,8
gradcam-04900f5f9db402d384e5,population-8caf41f0460cebd86e1607bc,survface,survface:registered_probe:2022_cam2_1,adaface-4df25b75e065b0b9ed43,pq,pq_512_m128_b8,pq_reconstruction_cosine,0.1,True,frozen_origin,-0.0608797073364257,True,True,False,True,True,0.3083638072268087,True,threshold_crossing,7,42,8
gradcam-a4d552c6832e8ff8fe6d,population-8caf41f0460cebd86e1607bc,survface,survface:registered_probe:5789_cam1_123,adaface-4df25b75e065b0b9ed43,pq,pq_512_m128_b8,pq_reconstruction_cosine,0.1,True,frozen_origin,-0.0688042044639587,True,True,False,True,True,0.3067792301866631,True,threshold_crossing,8,42,8
gradcam-613a6273efbd47ef5615,population-8caf41f0460cebd86e1607bc,survface,survface:unknown_unknown_probe:4245_cam2_1,adaface-4df25b75e065b0b9ed43,pq,pq_512_m16_b8,pq_reconstruction_cosine,0.01,False,frozen_origin,0.3197287023067474,True,False,False,True,True,1.2284816212264005,True,high_error,1,42,8
gradcam-bcf623a2cd6d7584e3b5,population-8caf41f0460cebd86e1607bc,survface,survface:registered_probe:5293_25,adaface-4df25b75e065b0b9ed43,pq,pq_512_m16_b8,pq_reconstruction_cosine,0.01,True,frozen_origin,-0.1304146647453308,True,False,False,True,True,1.1791259668125758,True,high_error,2,42,8
gradcam-3b7a70154c516477c258,population-8caf41f0460cebd86e1607bc,survface,survface:registered_probe:5255_34,adaface-4df25b75e065b0b9ed43,pq,pq_512_m16_b8,pq_reconstruction_cosine,0.01,True,frozen_origin,-0.0323352217674255,True,False,False,True,True,1.175234435277986,True,high_error,3,42,8
gradcam-d22757491326672870d3,population-8caf41f0460cebd86e1607bc,survface,survface:registered_probe:5255_33,adaface-4df25b75e065b0b9ed43,pq,pq_512_m16_b8,pq_reconstruction_cosine,0.01,True,frozen_origin,-0.0599384605884552,True,False,False,True,True,1.1582005366717771,True,high_error,4,42,8
gradcam-fbeb420c257e3f8d5737,population-8caf41f0460cebd86e1607bc,survface,survface:unknown_unknown_probe:10206_cam2_75,adaface-4df25b75e065b0b9ed43,pq,pq_512_m16_b8,pq_reconstruction_cosine,0.01,False,frozen_origin,0.1540936976671219,True,False,False,True,True,1.1543739628232872,True,high_error,5,42,8
gradcam-42aa2607c30c0cf29ed1,population-8caf41f0460cebd86e1607bc,survface,survface:registered_probe:5206_33,adaface-4df25b75e065b0b9ed43,pq,pq_512_m16_b8,pq_reconstruction_cosine,0.01,True,frozen_origin,0.0370603203773498,True,False,False,True,True,1.1517063939241377,True,high_error,6,42,8
gradcam-17d51fa83d38752f832a,population-8caf41f0460cebd86e1607bc,survface,survface:registered_probe:5244_20,adaface-4df25b75e065b0b9ed43,pq,pq_512_m16_b8,pq_reconstruction_cosine,0.01,True,frozen_origin,-0.1319619417190551,True,False,False,True,True,1.1444399139338275,True,high_error,7,42,8
gradcam-122306de1f8a3a8b1553,population-8caf41f0460cebd86e1607bc,survface,survface:unknown_unknown_probe:417_cam1_1,adaface-4df25b75e065b0b9ed43,pq,pq_512_m16_b8,pq_reconstruction_cosine,0.01,False,frozen_origin,0.1334486007690429,True,False,False,True,True,1.1432073146618908,True,high_error,8,42,8
gradcam-90a70b160403f89bc8cd,population-8caf41f0460cebd86e1607bc,survface,survface:registered_probe:2973_cam3_1,adaface-4df25b75e065b0b9ed43,pq,pq_512_m16_b8,pq_reconstruction_cosine,0.01,True,frozen_origin,0.078506588935852,False,False,False,True,True,1.234297073181519,True,rank_flip,1,42,8
gradcam-75f6298bec32387f76f2,population-8caf41f0460cebd86e1607bc,survface,survface:unknown_unknown_probe:distractors_3934,adaface-4df25b75e065b0b9ed43,pq,pq_512_m16_b8,pq_reconstruction_cosine,0.01,False,frozen_origin,0.0810146033763885,False,False,False,True,True,1.2205871282469367,True,rank_flip,2,42,8
gradcam-d9af760930f66d923b88,population-8caf41f0460cebd86e1607bc,survface,survface:unknown_unknown_probe:10003_cam3_32,adaface-4df25b75e065b0b9ed43,pq,pq_512_m16_b8,pq_reconstruction_cosine,0.01,False,frozen_origin,0.1001033186912536,False,False,False,True,True,1.2176710699783837,True,rank_flip,3,42,8
gradcam-4958100306d9eeff8073,population-8caf41f0460cebd86e1607bc,survface,survface:unknown_unknown_probe:2721_cam1_1,adaface-4df25b75e065b0b9ed43,pq,pq_512_m16_b8,pq_reconstruction_cosine,0.01,False,frozen_origin,0.1003256440162658,False,False,False,True,True,1.2051377771404146,True,rank_flip,4,42,8
gradcam-8b925c38baabb2ee4c55,population-8caf41f0460cebd86e1607bc,survface,survface:unknown_unknown_probe:distractors_231,adaface-4df25b75e065b0b9ed43,pq,pq_512_m16_b8,pq_reconstruction_cosine,0.01,False,frozen_origin,0.0710416734218597,False,False,False,True,True,1.2022177284830755,True,rank_flip,5,42,8
gradcam-16891ffb3df21ebb4215,population-8caf41f0460cebd86e1607bc,survface,survface:unknown_unknown_probe:2667_cam2_1,adaface-4df25b75e065b0b9ed43,pq,pq_512_m16_b8,pq_reconstruction_cosine,0.01,False,frozen_origin,0.1517393887042999,False,False,False,True,True,1.1965727422280816,True,rank_flip,6,42,8
gradcam-83e8f4757974b2a8d074,population-8caf41f0460cebd86e1607bc,survface,survface:registered_probe:5244_28,adaface-4df25b75e065b0b9ed43,pq,pq_512_m16_b8,pq_reconstruction_cosine,0.01,True,frozen_origin,-0.1111202239990234,False,False,False,True,True,1.1953030773971682,True,rank_flip,7,42,8
gradcam-06fa09692d1b03829d24,population-8caf41f0460cebd86e1607bc,survface,survface:unknown_unknown_probe:distractors_2318,adaface-4df25b75e065b0b9ed43,pq,pq_512_m16_b8,pq_reconstruction_cosine,0.01,False,frozen_origin,0.1246919333934784,False,False,False,True,True,1.1942759926441888,True,rank_flip,8,42,8
gradcam-80495339f87df11c6b61,population-8caf41f0460cebd86e1607bc,survface,survface:registered_probe:5647_cam1_47,adaface-4df25b75e065b0b9ed43,pq,pq_512_m16_b8,pq_reconstruction_cosine,0.01,True,frozen_origin,-0.0007041096687316,True,False,False,True,True,0.4431373836908551,True,stable,1,42,8
gradcam-70fa7c98e53387b976c4,population-8caf41f0460cebd86e1607bc,survface,survface:registered_probe:5647_cam1_215,adaface-4df25b75e065b0b9ed43,pq,pq_512_m16_b8,pq_reconstruction_cosine,0.01,True,frozen_origin,0.0319690108299255,True,False,False,True,True,0.4516927149161115,True,stable,2,42,8
gradcam-1200df629507f0d0bba5,population-8caf41f0460cebd86e1607bc,survface,survface:registered_probe:5789_cam1_5,adaface-4df25b75e065b0b9ed43,pq,pq_512_m16_b8,pq_reconstruction_cosine,0.01,True,frozen_origin,0.056279182434082,True,False,False,True,True,0.4643643523593663,True,stable,3,42,8
gradcam-07e608349fc786c9214e,population-8caf41f0460cebd86e1607bc,survface,survface:registered_probe:5852_cam2_3,adaface-4df25b75e065b0b9ed43,pq,pq_512_m16_b8,pq_reconstruction_cosine,0.01,True,frozen_origin,0.023255705833435,True,False,False,True,True,0.4651279834856452,True,stable,4,42,8
gradcam-65cb9921c016e59e58a5,population-8caf41f0460cebd86e1607bc,survface,survface:unknown_unknown_probe:5762_cam1_116,adaface-4df25b75e065b0b9ed43,pq,pq_512_m16_b8,pq_reconstruction_cosine,0.01,False,frozen_origin,0.0524474382400512,True,False,False,True,True,0.4688079615416041,True,stable,5,42,8
gradcam-d822e8b3bd7c9da4c50d,population-8caf41f0460cebd86e1607bc,survface,survface:registered_probe:5789_cam1_3,adaface-4df25b75e065b0b9ed43,pq,pq_512_m16_b8,pq_reconstruction_cosine,0.01,True,frozen_origin,0.0596863627433776,True,False,False,True,True,0.4733993808054169,True,stable,6,42,8
gradcam-9f85b66e0b9534cc5255,population-8caf41f0460cebd86e1607bc,survface,survface:registered_probe:5647_cam1_249,adaface-4df25b75e065b0b9ed43,pq,pq_512_m16_b8,pq_reconstruction_cosine,0.01,True,frozen_origin,0.0146409273147583,True,False,False,True,True,0.4766084838056622,True,stable,7,42,8
gradcam-28aa85ac70ca8326d3e1,population-8caf41f0460cebd86e1607bc,survface,survface:unknown_unknown_probe:10097_cam1_1,adaface-4df25b75e065b0b9ed43,pq,pq_512_m16_b8,pq_reconstruction_cosine,0.01,False,frozen_origin,0.1276692152023315,True,False,False,True,True,0.4778761612363015,True,stable,8,42,8
gradcam-49c9885860ebdf16edf3,population-8caf41f0460cebd86e1607bc,survface,survface:unknown_unknown_probe:4821_cam2_5,adaface-4df25b75e065b0b9ed43,pq,pq_512_m16_b8,pq_reconstruction_cosine,0.01,False,frozen_origin,-0.0608147382736206,True,True,False,True,True,1.025576451235633,True,threshold_crossing,1,42,8
gradcam-57e0f82de8143653c378,population-8caf41f0460cebd86e1607bc,survface,survface:registered_probe:2123_cam1_1,adaface-4df25b75e065b0b9ed43,pq,pq_512_m16_b8,pq_reconstruction_cosine,0.01,True,frozen_origin,-0.1450554728507995,True,True,False,True,True,0.9352202662875426,True,threshold_crossing,2,42,8
gradcam-228e0040274753942f9e,population-8caf41f0460cebd86e1607bc,survface,survface:unknown_unknown_probe:distractors_3719,adaface-4df25b75e065b0b9ed43,pq,pq_512_m16_b8,pq_reconstruction_cosine,0.01,False,frozen_origin,0.2714006900787353,False,True,False,True,True,0.9085130597412712,True,threshold_crossing,3,42,8
gradcam-dd1bf4bce01fe9c3f60c,population-8caf41f0460cebd86e1607bc,survface,survface:unknown_unknown_probe:9427_cam2_44,adaface-4df25b75e065b0b9ed43,pq,pq_512_m16_b8,pq_reconstruction_cosine,0.01,False,frozen_origin,0.1912007331848144,True,True,False,True,True,0.8679335672184546,True,threshold_crossing,4,42,8
gradcam-88ac3d78920534d3dcb6,population-8caf41f0460cebd86e1607bc,survface,survface:unknown_unknown_probe:9512_cam4_9,adaface-4df25b75e065b0b9ed43,pq,pq_512_m16_b8,pq_reconstruction_cosine,0.01,False,frozen_origin,0.2067350149154663,True,True,False,True,True,0.8670346941865563,True,threshold_crossing,5,42,8
gradcam-c6f4bd83e4d3291f75aa,population-8caf41f0460cebd86e1607bc,survface,survface:unknown_unknown_probe:distractors_4002,adaface-4df25b75e065b0b9ed43,pq,pq_512_m16_b8,pq_reconstruction_cosine,0.01,False,frozen_origin,0.103330910205841,False,True,False,True,True,0.8627747080014642,True,threshold_crossing,6,42,8
gradcam-414fa100fd44eab8887e,population-8caf41f0460cebd86e1607bc,survface,survface:unknown_unknown_probe:5005_cam1_1,adaface-4df25b75e065b0b9ed43,pq,pq_512_m16_b8,pq_reconstruction_cosine,0.01,False,frozen_origin,0.1523468494415283,False,True,False,True,True,0.8536407291786924,True,threshold_crossing,7,42,8
gradcam-cdbf5bd0b5ade80025a3,population-8caf41f0460cebd86e1607bc,survface,survface:unknown_unknown_probe:9512_cam4_22,adaface-4df25b75e065b0b9ed43,pq,pq_512_m16_b8,pq_reconstruction_cosine,0.01,False,frozen_origin,0.1450403332710266,False,True,False,True,True,0.8533701664295691,True,threshold_crossing,8,42,8
gradcam-4ba8968c7184cc121f46,population-8caf41f0460cebd86e1607bc,survface,survface:unknown_unknown_probe:4245_cam2_1,adaface-4df25b75e065b0b9ed43,pq,pq_512_m16_b8,pq_reconstruction_cosine,0.1,False,frozen_origin,0.3197287023067474,True,False,False,True,True,1.2284816212264005,True,high_error,1,42,8
gradcam-81fff7fa489117e69c42,population-8caf41f0460cebd86e1607bc,survface,survface:registered_probe:5293_25,adaface-4df25b75e065b0b9ed43,pq,pq_512_m16_b8,pq_reconstruction_cosine,0.1,True,frozen_origin,-0.1304146647453308,True,False,False,True,True,1.1791259668125758,True,high_error,2,42,8
gradcam-8a79f735f04a7e2e9a7f,population-8caf41f0460cebd86e1607bc,survface,survface:registered_probe:5255_34,adaface-4df25b75e065b0b9ed43,pq,pq_512_m16_b8,pq_reconstruction_cosine,0.1,True,frozen_origin,-0.0323352217674255,True,False,False,True,True,1.175234435277986,True,high_error,3,42,8
gradcam-5b43d3630da976621ee5,population-8caf41f0460cebd86e1607bc,survface,survface:registered_probe:5255_33,adaface-4df25b75e065b0b9ed43,pq,pq_512_m16_b8,pq_reconstruction_cosine,0.1,True,frozen_origin,-0.0599384605884552,True,False,False,True,True,1.1582005366717771,True,high_error,4,42,8
gradcam-64e497a678111194770a,population-8caf41f0460cebd86e1607bc,survface,survface:unknown_unknown_probe:10206_cam2_75,adaface-4df25b75e065b0b9ed43,pq,pq_512_m16_b8,pq_reconstruction_cosine,0.1,False,frozen_origin,0.1540936976671219,True,False,False,True,True,1.1543739628232872,True,high_error,5,42,8
gradcam-b7fca61068afea2581aa,population-8caf41f0460cebd86e1607bc,survface,survface:registered_probe:5206_33,adaface-4df25b75e065b0b9ed43,pq,pq_512_m16_b8,pq_reconstruction_cosine,0.1,True,frozen_origin,0.0370603203773498,True,False,False,True,True,1.1517063939241377,True,high_error,6,42,8
gradcam-e1d85f9d9955a61629ff,population-8caf41f0460cebd86e1607bc,survface,survface:registered_probe:5244_20,adaface-4df25b75e065b0b9ed43,pq,pq_512_m16_b8,pq_reconstruction_cosine,0.1,True,frozen_origin,-0.1319619417190551,True,False,False,True,True,1.1444399139338275,True,high_error,7,42,8
gradcam-3244cca9a7e98bc04926,population-8caf41f0460cebd86e1607bc,survface,survface:unknown_unknown_probe:417_cam1_1,adaface-4df25b75e065b0b9ed43,pq,pq_512_m16_b8,pq_reconstruction_cosine,0.1,False,frozen_origin,0.1334486007690429,True,False,False,True,True,1.1432073146618908,True,high_error,8,42,8
gradcam-b0bede4071ef9b39f25a,population-8caf41f0460cebd86e1607bc,survface,survface:registered_probe:2973_cam3_1,adaface-4df25b75e065b0b9ed43,pq,pq_512_m16_b8,pq_reconstruction_cosine,0.1,True,frozen_origin,0.078506588935852,False,False,False,True,True,1.234297073181519,True,rank_flip,1,42,8
gradcam-b386780509f66260daeb,population-8caf41f0460cebd86e1607bc,survface,survface:unknown_unknown_probe:distractors_3934,adaface-4df25b75e065b0b9ed43,pq,pq_512_m16_b8,pq_reconstruction_cosine,0.1,False,frozen_origin,0.0810146033763885,False,False,False,True,True,1.2205871282469367,True,rank_flip,2,42,8
gradcam-d70b518b95226374afa5,population-8caf41f0460cebd86e1607bc,survface,survface:unknown_unknown_probe:10003_cam3_32,adaface-4df25b75e065b0b9ed43,pq,pq_512_m16_b8,pq_reconstruction_cosine,0.1,False,frozen_origin,0.1001033186912536,False,False,False,True,True,1.2176710699783837,True,rank_flip,3,42,8
gradcam-cac9bb8ae25fab308d5a,population-8caf41f0460cebd86e1607bc,survface,survface:unknown_unknown_probe:2721_cam1_1,adaface-4df25b75e065b0b9ed43,pq,pq_512_m16_b8,pq_reconstruction_cosine,0.1,False,frozen_origin,0.1003256440162658,False,False,False,True,True,1.2051377771404146,True,rank_flip,4,42,8
gradcam-77b7dbfba82bc1b58f88,population-8caf41f0460cebd86e1607bc,survface,survface:unknown_unknown_probe:distractors_231,adaface-4df25b75e065b0b9ed43,pq,pq_512_m16_b8,pq_reconstruction_cosine,0.1,False,frozen_origin,0.0710416734218597,False,False,False,True,True,1.2022177284830755,True,rank_flip,5,42,8
gradcam-760862783ce90874c851,population-8caf41f0460cebd86e1607bc,survface,survface:unknown_unknown_probe:2667_cam2_1,adaface-4df25b75e065b0b9ed43,pq,pq_512_m16_b8,pq_reconstruction_cosine,0.1,False,frozen_origin,0.1517393887042999,False,False,False,True,True,1.1965727422280816,True,rank_flip,6,42,8
gradcam-f1d2d742eb79318cd0e5,population-8caf41f0460cebd86e1607bc,survface,survface:registered_probe:5244_28,adaface-4df25b75e065b0b9ed43,pq,pq_512_m16_b8,pq_reconstruction_cosine,0.1,True,frozen_origin,-0.1111202239990234,False,False,False,True,True,1.1953030773971682,True,rank_flip,7,42,8
gradcam-071b4d6147a485cfd46f,population-8caf41f0460cebd86e1607bc,survface,survface:unknown_unknown_probe:distractors_2318,adaface-4df25b75e065b0b9ed43,pq,pq_512_m16_b8,pq_reconstruction_cosine,0.1,False,frozen_origin,0.1246919333934784,False,False,False,True,True,1.1942759926441888,True,rank_flip,8,42,8
gradcam-39b326c3aa270176ac6d,population-8caf41f0460cebd86e1607bc,survface,survface:registered_probe:5647_cam1_47,adaface-4df25b75e065b0b9ed43,pq,pq_512_m16_b8,pq_reconstruction_cosine,0.1,True,frozen_origin,-0.0007041096687316,True,False,False,True,True,0.4431373836908551,True,stable,1,42,8
gradcam-1da00c554ea4d745132d,population-8caf41f0460cebd86e1607bc,survface,survface:registered_probe:5647_cam1_215,adaface-4df25b75e065b0b9ed43,pq,pq_512_m16_b8,pq_reconstruction_cosine,0.1,True,frozen_origin,0.0319690108299255,True,False,False,True,True,0.4516927149161115,True,stable,2,42,8
gradcam-44b0eac283cc5246f180,population-8caf41f0460cebd86e1607bc,survface,survface:unknown_unknown_probe:10216_cam2_15,adaface-4df25b75e065b0b9ed43,pq,pq_512_m16_b8,pq_reconstruction_cosine,0.1,False,frozen_origin,0.1625579595565796,True,False,False,True,True,0.4537900329714968,True,stable,3,42,8
gradcam-e5c0cdfc4e2a87d09f09,population-8caf41f0460cebd86e1607bc,survface,survface:registered_probe:5789_cam1_5,adaface-4df25b75e065b0b9ed43,pq,pq_512_m16_b8,pq_reconstruction_cosine,0.1,True,frozen_origin,0.056279182434082,True,False,False,True,True,0.4643643523593663,True,stable,4,42,8
gradcam-1dc7b1059c34184b5468,population-8caf41f0460cebd86e1607bc,survface,survface:registered_probe:5852_cam2_3,adaface-4df25b75e065b0b9ed43,pq,pq_512_m16_b8,pq_reconstruction_cosine,0.1,True,frozen_origin,0.023255705833435,True,False,False,True,True,0.4651279834856452,True,stable,5,42,8
gradcam-8da825ba7e57e3837554,population-8caf41f0460cebd86e1607bc,survface,survface:unknown_unknown_probe:5762_cam1_116,adaface-4df25b75e065b0b9ed43,pq,pq_512_m16_b8,pq_reconstruction_cosine,0.1,False,frozen_origin,0.0524474382400512,True,False,False,True,True,0.4688079615416041,True,stable,6,42,8
gradcam-953aa23c06f491af08e2,population-8caf41f0460cebd86e1607bc,survface,survface:registered_probe:5789_cam1_3,adaface-4df25b75e065b0b9ed43,pq,pq_512_m16_b8,pq_reconstruction_cosine,0.1,True,frozen_origin,0.0596863627433776,True,False,False,True,True,0.4733993808054169,True,stable,7,42,8
gradcam-68f646877cd21407912d,population-8caf41f0460cebd86e1607bc,survface,survface:registered_probe:5647_cam1_249,adaface-4df25b75e065b0b9ed43,pq,pq_512_m16_b8,pq_reconstruction_cosine,0.1,True,frozen_origin,0.0146409273147583,True,False,False,True,True,0.4766084838056622,True,stable,8,42,8
gradcam-93a01cfcd4a6933864d8,population-8caf41f0460cebd86e1607bc,survface,survface:unknown_unknown_probe:1346_cam1_1,adaface-4df25b75e065b0b9ed43,pq,pq_512_m16_b8,pq_reconstruction_cosine,0.1,False,frozen_origin,-0.2334473133087158,False,True,False,True,True,1.018133799329926,True,threshold_crossing,1,42,8
gradcam-da21520fd89512ba418f,population-8caf41f0460cebd86e1607bc,survface,survface:registered_probe:5227_16,adaface-4df25b75e065b0b9ed43,pq,pq_512_m16_b8,pq_reconstruction_cosine,0.1,True,frozen_origin,-0.1964142918586731,True,True,False,True,True,1.006702645475312,True,threshold_crossing,2,42,8
gradcam-f266dadfadb1d56edbbd,population-8caf41f0460cebd86e1607bc,survface,survface:registered_probe:5225_16,adaface-4df25b75e065b0b9ed43,pq,pq_512_m16_b8,pq_reconstruction_cosine,0.1,True,frozen_origin,-0.0913187861442565,True,True,False,True,True,0.9856604742499856,True,threshold_crossing,3,42,8
gradcam-39aa640567a4d58fc68b,population-8caf41f0460cebd86e1607bc,survface,survface:unknown_unknown_probe:distractors_99,adaface-4df25b75e065b0b9ed43,pq,pq_512_m16_b8,pq_reconstruction_cosine,0.1,False,frozen_origin,0.2006974816322326,True,True,False,True,True,0.9662063608426718,True,threshold_crossing,4,42,8
gradcam-dbc7117b8333f669eb0c,population-8caf41f0460cebd86e1607bc,survface,survface:unknown_unknown_probe:distractors_514,adaface-4df25b75e065b0b9ed43,pq,pq_512_m16_b8,pq_reconstruction_cosine,0.1,False,frozen_origin,0.1905337572097778,False,True,False,True,True,0.9507553690872635,True,threshold_crossing,5,42,8
gradcam-055c762a691833f9f222,population-8caf41f0460cebd86e1607bc,survface,survface:unknown_unknown_probe:distractors_1885,adaface-4df25b75e065b0b9ed43,pq,pq_512_m16_b8,pq_reconstruction_cosine,0.1,False,frozen_origin,0.1734610199928283,False,True,False,True,True,0.9446822009870348,True,threshold_crossing,6,42,8
gradcam-38b8eac3eb204295e326,population-8caf41f0460cebd86e1607bc,survface,survface:unknown_unknown_probe:distractors_642,adaface-4df25b75e065b0b9ed43,pq,pq_512_m16_b8,pq_reconstruction_cosine,0.1,False,frozen_origin,0.1627259850502014,False,True,False,True,True,0.9407303506642596,True,threshold_crossing,7,42,8
gradcam-1309511d8d3b88442cfe,population-8caf41f0460cebd86e1607bc,survface,survface:registered_probe:5061_cam2_4,adaface-4df25b75e065b0b9ed43,pq,pq_512_m16_b8,pq_reconstruction_cosine,0.1,True,frozen_origin,-0.0892381072044372,True,True,False,True,True,0.9368164210310624,True,threshold_crossing,8,42,8
gradcam-35c6a5f5454b64dfaaee,population-8caf41f0460cebd86e1607bc,survface,survface:unknown_unknown_probe:distractors_2713,adaface-4df25b75e065b0b9ed43,pq,pq_512_m32_b8,pq_reconstruction_cosine,0.01,False,frozen_origin,0.0840112268924713,True,False,False,True,True,1.003734996548191,True,high_error,1,42,8
gradcam-3d605eb3691cef5e0b98,population-8caf41f0460cebd86e1607bc,survface,survface:unknown_unknown_probe:distractors_3617,adaface-4df25b75e065b0b9ed43,pq,pq_512_m32_b8,pq_reconstruction_cosine,0.01,False,frozen_origin,0.0744358599185943,True,False,False,True,True,1.0033882760127129,True,high_error,2,42,8
gradcam-628ab27cdfbc59947267,population-8caf41f0460cebd86e1607bc,survface,survface:registered_probe:5293_25,adaface-4df25b75e065b0b9ed43,pq,pq_512_m32_b8,pq_reconstruction_cosine,0.01,True,frozen_origin,-0.2823441624641418,True,False,False,True,True,1.0008080399999646,True,high_error,3,42,8
gradcam-c84ad34941de7e75e515,population-8caf41f0460cebd86e1607bc,survface,survface:unknown_unknown_probe:2756_cam4_1,adaface-4df25b75e065b0b9ed43,pq,pq_512_m32_b8,pq_reconstruction_cosine,0.01,False,frozen_origin,0.0778238922357559,True,False,False,True,True,0.9981442089504234,True,high_error,4,42,8
gradcam-bcadb1b2a5c11534119d,population-8caf41f0460cebd86e1607bc,survface,survface:unknown_unknown_probe:distractors_2579,adaface-4df25b75e065b0b9ed43,pq,pq_512_m32_b8,pq_reconstruction_cosine,0.01,False,frozen_origin,0.0993223786354065,True,False,False,True,True,0.991841988505416,True,high_error,5,42,8
gradcam-33fc65e4d22dea3c5d80,population-8caf41f0460cebd86e1607bc,survface,survface:registered_probe:5241_39,adaface-4df25b75e065b0b9ed43,pq,pq_512_m32_b8,pq_reconstruction_cosine,0.01,True,frozen_origin,-0.0783025026321411,True,False,False,True,True,0.987785191955968,True,high_error,6,42,8
gradcam-1a856e84634c295586c7,population-8caf41f0460cebd86e1607bc,survface,survface:registered_probe:5244_28,adaface-4df25b75e065b0b9ed43,pq,pq_512_m32_b8,pq_reconstruction_cosine,0.01,True,frozen_origin,-0.154261827468872,True,False,False,True,True,0.9867324738129676,True,high_error,7,42,8
gradcam-78853e66d287657dc750,population-8caf41f0460cebd86e1607bc,survface,survface:unknown_unknown_probe:distractors_3849,adaface-4df25b75e065b0b9ed43,pq,pq_512_m32_b8,pq_reconstruction_cosine,0.01,False,frozen_origin,-0.1070268452167511,True,False,False,True,True,0.9811841691267604,True,high_error,8,42,8
gradcam-34cdcfcad5db0fb985bb,population-8caf41f0460cebd86e1607bc,survface,survface:registered_probe:2973_cam3_1,adaface-4df25b75e065b0b9ed43,pq,pq_512_m32_b8,pq_reconstruction_cosine,0.01,True,frozen_origin,0.0095008909702301,False,False,False,True,True,1.04989242584704,True,rank_flip,1,42,8
gradcam-f573df76251d0311fd86,population-8caf41f0460cebd86e1607bc,survface,survface:unknown_unknown_probe:4245_cam2_1,adaface-4df25b75e065b0b9ed43,pq,pq_512_m32_b8,pq_reconstruction_cosine,0.01,False,frozen_origin,0.0575942397117614,False,False,False,True,True,1.0416060901325446,True,rank_flip,2,42,8
gradcam-e9415f49a0ac0ab9212b,population-8caf41f0460cebd86e1607bc,survface,survface:registered_probe:5244_22,adaface-4df25b75e065b0b9ed43,pq,pq_512_m32_b8,pq_reconstruction_cosine,0.01,True,frozen_origin,-0.1398199498653412,False,False,False,True,True,1.0170468647934685,True,rank_flip,3,42,8
gradcam-e707dd8f3416bf88ea66,population-8caf41f0460cebd86e1607bc,survface,survface:unknown_unknown_probe:distractors_1673,adaface-4df25b75e065b0b9ed43,pq,pq_512_m32_b8,pq_reconstruction_cosine,0.01,False,frozen_origin,0.1080471873283386,False,False,False,True,True,1.005594445922693,True,rank_flip,4,42,8
gradcam-2de298f93eb6afcd3368,population-8caf41f0460cebd86e1607bc,survface,survface:unknown_unknown_probe:2721_cam1_1,adaface-4df25b75e065b0b9ed43,pq,pq_512_m32_b8,pq_reconstruction_cosine,0.01,False,frozen_origin,0.0742929279804229,False,False,False,True,True,1.002152910156271,True,rank_flip,5,42,8
gradcam-9d35bb17aafcc790060e,population-8caf41f0460cebd86e1607bc,survface,survface:unknown_unknown_probe:distractors_2318,adaface-4df25b75e065b0b9ed43,pq,pq_512_m32_b8,pq_reconstruction_cosine,0.01,False,frozen_origin,0.1055473387241363,False,False,False,True,True,1.0015464425749088,True,rank_flip,6,42,8
gradcam-2093fce8e48e3200c867,population-8caf41f0460cebd86e1607bc,survface,survface:unknown_unknown_probe:698_cam2_1,adaface-4df25b75e065b0b9ed43,pq,pq_512_m32_b8,pq_reconstruction_cosine,0.01,False,frozen_origin,0.0595106184482574,False,False,False,True,True,0.9987903923360416,True,rank_flip,7,42,8
gradcam-7f73cb58d530ea639be2,population-8caf41f0460cebd86e1607bc,survface,survface:registered_probe:8645_cam2_17,adaface-4df25b75e065b0b9ed43,pq,pq_512_m32_b8,pq_reconstruction_cosine,0.01,True,frozen_origin,0.0482004880905151,False,False,False,True,True,0.9930152635297962,True,rank_flip,8,42,8
gradcam-9c8937b0ea53118e0496,population-8caf41f0460cebd86e1607bc,survface,survface:registered_probe:5852_cam2_3,adaface-4df25b75e065b0b9ed43,pq,pq_512_m32_b8,pq_reconstruction_cosine,0.01,True,frozen_origin,0.006573736667633,True,False,False,True,True,0.4404688658208069,True,stable,1,42,8
gradcam-9f0eaa0613814d2318c1,population-8caf41f0460cebd86e1607bc,survface,survface:unknown_unknown_probe:5851_cam1_46,adaface-4df25b75e065b0b9ed43,pq,pq_512_m32_b8,pq_reconstruction_cosine,0.01,False,frozen_origin,-0.0045219659805297,True,False,False,True,True,0.4421305119374465,True,stable,2,42,8
gradcam-a069ee464a860ece1586,population-8caf41f0460cebd86e1607bc,survface,survface:registered_probe:5647_cam1_47,adaface-4df25b75e065b0b9ed43,pq,pq_512_m32_b8,pq_reconstruction_cosine,0.01,True,frozen_origin,-0.0349304676055908,True,False,False,True,True,0.4424051290552753,True,stable,3,42,8
gradcam-a3ec6e911db1968c3dac,population-8caf41f0460cebd86e1607bc,survface,survface:unknown_unknown_probe:5872_cam1_51,adaface-4df25b75e065b0b9ed43,pq,pq_512_m32_b8,pq_reconstruction_cosine,0.01,False,frozen_origin,-0.0387961864471435,True,False,False,True,True,0.442967468456078,True,stable,4,42,8
gradcam-feac71be003e51c7be8d,population-8caf41f0460cebd86e1607bc,survface,survface:unknown_unknown_probe:5784_cam1_36,adaface-4df25b75e065b0b9ed43,pq,pq_512_m32_b8,pq_reconstruction_cosine,0.01,False,frozen_origin,-0.0320541858673095,True,False,False,True,True,0.4433703734880119,True,stable,5,42,8
gradcam-1bf0b41f3ded36385f0f,population-8caf41f0460cebd86e1607bc,survface,survface:registered_probe:5647_cam1_240,adaface-4df25b75e065b0b9ed43,pq,pq_512_m32_b8,pq_reconstruction_cosine,0.01,True,frozen_origin,-0.0182747840881347,True,False,False,True,True,0.4446782417148991,True,stable,6,42,8
gradcam-987f5d4b1ba5212a600e,population-8caf41f0460cebd86e1607bc,survface,survface:registered_probe:5657_cam1_49,adaface-4df25b75e065b0b9ed43,pq,pq_512_m32_b8,pq_reconstruction_cosine,0.01,True,frozen_origin,-0.030603289604187,True,False,False,True,True,0.4466247376402293,True,stable,7,42,8
gradcam-a4d1e29a22a9434c6944,population-8caf41f0460cebd86e1607bc,survface,survface:registered_probe:5789_cam1_5,adaface-4df25b75e065b0b9ed43,pq,pq_512_m32_b8,pq_reconstruction_cosine,0.01,True,frozen_origin,0.0246033668518066,True,False,False,True,True,0.4468916581746551,True,stable,8,42,8
gradcam-b132daeb2fe73a8e8c75,population-8caf41f0460cebd86e1607bc,survface,survface:unknown_unknown_probe:4821_cam2_5,adaface-4df25b75e065b0b9ed43,pq,pq_512_m32_b8,pq_reconstruction_cosine,0.01,False,frozen_origin,-0.1666849851608276,True,True,False,True,True,0.8582345697040052,True,threshold_crossing,1,42,8
gradcam-ad0fa7819a492eebe6fd,population-8caf41f0460cebd86e1607bc,survface,survface:unknown_unknown_probe:distractors_4002,adaface-4df25b75e065b0b9ed43,pq,pq_512_m32_b8,pq_reconstruction_cosine,0.01,False,frozen_origin,0.0092381834983825,False,True,False,True,True,0.7735680961527381,True,threshold_crossing,2,42,8
gradcam-dd936b54e1c84df81ff8,population-8caf41f0460cebd86e1607bc,survface,survface:registered_probe:2123_cam1_1,adaface-4df25b75e065b0b9ed43,pq,pq_512_m32_b8,pq_reconstruction_cosine,0.01,True,frozen_origin,-0.1619070172309875,True,True,False,True,True,0.7729430622072015,True,threshold_crossing,3,42,8
gradcam-d876edac2b51f2d22dd9,population-8caf41f0460cebd86e1607bc,survface,survface:unknown_unknown_probe:4754_cam2_2,adaface-4df25b75e065b0b9ed43,pq,pq_512_m32_b8,pq_reconstruction_cosine,0.01,False,frozen_origin,-0.0250555276870727,False,True,False,True,True,0.7415639460702186,True,threshold_crossing,4,42,8
gradcam-542003c5ebf3c415cd63,population-8caf41f0460cebd86e1607bc,survface,survface:registered_probe:9155_cam3_16,adaface-4df25b75e065b0b9ed43,pq,pq_512_m32_b8,pq_reconstruction_cosine,0.01,True,frozen_origin,-0.0622081160545349,False,True,False,True,True,0.7357657155837676,True,threshold_crossing,5,42,8
gradcam-bd6d825ae32aed2038e8,population-8caf41f0460cebd86e1607bc,survface,survface:registered_probe:5462_cam1_2,adaface-4df25b75e065b0b9ed43,pq,pq_512_m32_b8,pq_reconstruction_cosine,0.01,True,frozen_origin,-0.1119974851608276,True,True,False,True,True,0.7323037913622137,True,threshold_crossing,6,42,8
gradcam-1c14911e55cc0c4a2fa0,population-8caf41f0460cebd86e1607bc,survface,survface:unknown_unknown_probe:10448_cam2_21,adaface-4df25b75e065b0b9ed43,pq,pq_512_m32_b8,pq_reconstruction_cosine,0.01,False,frozen_origin,0.0547886490821838,True,True,False,True,True,0.7253313084541609,True,threshold_crossing,7,42,8
gradcam-6000b90bda3b750cce31,population-8caf41f0460cebd86e1607bc,survface,survface:registered_probe:5462_cam1_6,adaface-4df25b75e065b0b9ed43,pq,pq_512_m32_b8,pq_reconstruction_cosine,0.01,True,frozen_origin,-0.0612009167671203,True,True,False,True,True,0.7205918555521215,True,threshold_crossing,8,42,8
gradcam-603821611bbfe1fb1385,population-8caf41f0460cebd86e1607bc,survface,survface:unknown_unknown_probe:distractors_2713,adaface-4df25b75e065b0b9ed43,pq,pq_512_m32_b8,pq_reconstruction_cosine,0.1,False,frozen_origin,0.0840112268924713,True,False,False,True,True,1.003734996548191,True,high_error,1,42,8
gradcam-96e9726900b6de97b38b,population-8caf41f0460cebd86e1607bc,survface,survface:unknown_unknown_probe:distractors_3617,adaface-4df25b75e065b0b9ed43,pq,pq_512_m32_b8,pq_reconstruction_cosine,0.1,False,frozen_origin,0.0744358599185943,True,False,False,True,True,1.0033882760127129,True,high_error,2,42,8
gradcam-5481a8b8218ca5c82aa1,population-8caf41f0460cebd86e1607bc,survface,survface:registered_probe:5293_25,adaface-4df25b75e065b0b9ed43,pq,pq_512_m32_b8,pq_reconstruction_cosine,0.1,True,frozen_origin,-0.2823441624641418,True,False,False,True,True,1.0008080399999646,True,high_error,3,42,8
gradcam-d19531390102449e7aa5,population-8caf41f0460cebd86e1607bc,survface,survface:unknown_unknown_probe:2756_cam4_1,adaface-4df25b75e065b0b9ed43,pq,pq_512_m32_b8,pq_reconstruction_cosine,0.1,False,frozen_origin,0.0778238922357559,True,False,False,True,True,0.9981442089504234,True,high_error,4,42,8
gradcam-c906cef9e160bc412825,population-8caf41f0460cebd86e1607bc,survface,survface:unknown_unknown_probe:distractors_2579,adaface-4df25b75e065b0b9ed43,pq,pq_512_m32_b8,pq_reconstruction_cosine,0.1,False,frozen_origin,0.0993223786354065,True,False,False,True,True,0.991841988505416,True,high_error,5,42,8
gradcam-9028ffa52b025227c2e9,population-8caf41f0460cebd86e1607bc,survface,survface:registered_probe:5241_39,adaface-4df25b75e065b0b9ed43,pq,pq_512_m32_b8,pq_reconstruction_cosine,0.1,True,frozen_origin,-0.0783025026321411,True,False,False,True,True,0.987785191955968,True,high_error,6,42,8
gradcam-b211b3d2b0c97e75a48b,population-8caf41f0460cebd86e1607bc,survface,survface:registered_probe:5244_28,adaface-4df25b75e065b0b9ed43,pq,pq_512_m32_b8,pq_reconstruction_cosine,0.1,True,frozen_origin,-0.154261827468872,True,False,False,True,True,0.9867324738129676,True,high_error,7,42,8
gradcam-4bd4c33217d0b3a835d7,population-8caf41f0460cebd86e1607bc,survface,survface:unknown_unknown_probe:distractors_3849,adaface-4df25b75e065b0b9ed43,pq,pq_512_m32_b8,pq_reconstruction_cosine,0.1,False,frozen_origin,-0.1070268452167511,True,False,False,True,True,0.9811841691267604,True,high_error,8,42,8
gradcam-c47bef81f9877fd74523,population-8caf41f0460cebd86e1607bc,survface,survface:registered_probe:2973_cam3_1,adaface-4df25b75e065b0b9ed43,pq,pq_512_m32_b8,pq_reconstruction_cosine,0.1,True,frozen_origin,0.0095008909702301,False,False,False,True,True,1.04989242584704,True,rank_flip,1,42,8
gradcam-4b855cfe8e60ee6fe438,population-8caf41f0460cebd86e1607bc,survface,survface:unknown_unknown_probe:4245_cam2_1,adaface-4df25b75e065b0b9ed43,pq,pq_512_m32_b8,pq_reconstruction_cosine,0.1,False,frozen_origin,0.0575942397117614,False,False,False,True,True,1.0416060901325446,True,rank_flip,2,42,8
gradcam-213bc9bf33f66b9964aa,population-8caf41f0460cebd86e1607bc,survface,survface:registered_probe:5244_22,adaface-4df25b75e065b0b9ed43,pq,pq_512_m32_b8,pq_reconstruction_cosine,0.1,True,frozen_origin,-0.1398199498653412,False,False,False,True,True,1.0170468647934685,True,rank_flip,3,42,8
gradcam-4cdf34304568647ee6fa,population-8caf41f0460cebd86e1607bc,survface,survface:unknown_unknown_probe:distractors_1673,adaface-4df25b75e065b0b9ed43,pq,pq_512_m32_b8,pq_reconstruction_cosine,0.1,False,frozen_origin,0.1080471873283386,False,False,False,True,True,1.005594445922693,True,rank_flip,4,42,8
gradcam-43fba94b86872f71ceab,population-8caf41f0460cebd86e1607bc,survface,survface:unknown_unknown_probe:2721_cam1_1,adaface-4df25b75e065b0b9ed43,pq,pq_512_m32_b8,pq_reconstruction_cosine,0.1,False,frozen_origin,0.0742929279804229,False,False,False,True,True,1.002152910156271,True,rank_flip,5,42,8
gradcam-90669762555bba5db786,population-8caf41f0460cebd86e1607bc,survface,survface:unknown_unknown_probe:distractors_2318,adaface-4df25b75e065b0b9ed43,pq,pq_512_m32_b8,pq_reconstruction_cosine,0.1,False,frozen_origin,0.1055473387241363,False,False,False,True,True,1.0015464425749088,True,rank_flip,6,42,8
gradcam-0003613bb05bfd617867,population-8caf41f0460cebd86e1607bc,survface,survface:unknown_unknown_probe:698_cam2_1,adaface-4df25b75e065b0b9ed43,pq,pq_512_m32_b8,pq_reconstruction_cosine,0.1,False,frozen_origin,0.0595106184482574,False,False,False,True,True,0.9987903923360416,True,rank_flip,7,42,8
gradcam-c68138c57732d5d15ba2,population-8caf41f0460cebd86e1607bc,survface,survface:registered_probe:8645_cam2_17,adaface-4df25b75e065b0b9ed43,pq,pq_512_m32_b8,pq_reconstruction_cosine,0.1,True,frozen_origin,0.0482004880905151,False,False,False,True,True,0.9930152635297962,True,rank_flip,8,42,8
gradcam-6e81ed207402dcfff933,population-8caf41f0460cebd86e1607bc,survface,survface:registered_probe:5852_cam2_3,adaface-4df25b75e065b0b9ed43,pq,pq_512_m32_b8,pq_reconstruction_cosine,0.1,True,frozen_origin,0.006573736667633,True,False,False,True,True,0.4404688658208069,True,stable,1,42,8
gradcam-18dffea81bac37f2748e,population-8caf41f0460cebd86e1607bc,survface,survface:unknown_unknown_probe:5851_cam1_46,adaface-4df25b75e065b0b9ed43,pq,pq_512_m32_b8,pq_reconstruction_cosine,0.1,False,frozen_origin,-0.0045219659805297,True,False,False,True,True,0.4421305119374465,True,stable,2,42,8
gradcam-b348cdb0c7bfa71be7f8,population-8caf41f0460cebd86e1607bc,survface,survface:registered_probe:5647_cam1_47,adaface-4df25b75e065b0b9ed43,pq,pq_512_m32_b8,pq_reconstruction_cosine,0.1,True,frozen_origin,-0.0349304676055908,True,False,False,True,True,0.4424051290552753,True,stable,3,42,8
gradcam-f42ae67457e1b46360ca,population-8caf41f0460cebd86e1607bc,survface,survface:unknown_unknown_probe:5872_cam1_51,adaface-4df25b75e065b0b9ed43,pq,pq_512_m32_b8,pq_reconstruction_cosine,0.1,False,frozen_origin,-0.0387961864471435,True,False,False,True,True,0.442967468456078,True,stable,4,42,8
gradcam-4a24eefc6b940517aa65,population-8caf41f0460cebd86e1607bc,survface,survface:unknown_unknown_probe:5784_cam1_36,adaface-4df25b75e065b0b9ed43,pq,pq_512_m32_b8,pq_reconstruction_cosine,0.1,False,frozen_origin,-0.0320541858673095,True,False,False,True,True,0.4433703734880119,True,stable,5,42,8
gradcam-f5cfaf3b91e22ed0e36c,population-8caf41f0460cebd86e1607bc,survface,survface:registered_probe:5647_cam1_240,adaface-4df25b75e065b0b9ed43,pq,pq_512_m32_b8,pq_reconstruction_cosine,0.1,True,frozen_origin,-0.0182747840881347,True,False,False,True,True,0.4446782417148991,True,stable,6,42,8
gradcam-d45817dbc45a0cf24bf3,population-8caf41f0460cebd86e1607bc,survface,survface:registered_probe:5657_cam1_49,adaface-4df25b75e065b0b9ed43,pq,pq_512_m32_b8,pq_reconstruction_cosine,0.1,True,frozen_origin,-0.030603289604187,True,False,False,True,True,0.4466247376402293,True,stable,7,42,8
gradcam-7b0483f32ff042460f3b,population-8caf41f0460cebd86e1607bc,survface,survface:registered_probe:5789_cam1_5,adaface-4df25b75e065b0b9ed43,pq,pq_512_m32_b8,pq_reconstruction_cosine,0.1,True,frozen_origin,0.0246033668518066,True,False,False,True,True,0.4468916581746551,True,stable,8,42,8
gradcam-1befaef7bc19c254e783,population-8caf41f0460cebd86e1607bc,survface,survface:unknown_unknown_probe:1346_cam1_1,adaface-4df25b75e065b0b9ed43,pq,pq_512_m32_b8,pq_reconstruction_cosine,0.1,False,frozen_origin,-0.2778084278106689,True,True,False,True,True,0.8800805859468889,True,threshold_crossing,1,42,8
gradcam-9e437fe77a4eaab49cea,population-8caf41f0460cebd86e1607bc,survface,survface:unknown_unknown_probe:4821_cam2_5,adaface-4df25b75e065b0b9ed43,pq,pq_512_m32_b8,pq_reconstruction_cosine,0.1,False,frozen_origin,-0.1666849851608276,True,True,False,True,True,0.8582345697040052,True,threshold_crossing,2,42,8
gradcam-88ee46900dedc2a449bb,population-8caf41f0460cebd86e1607bc,survface,survface:registered_probe:5227_16,adaface-4df25b75e065b0b9ed43,pq,pq_512_m32_b8,pq_reconstruction_cosine,0.1,True,frozen_origin,-0.1513347625732422,True,True,False,True,True,0.849629801950042,True,threshold_crossing,3,42,8
gradcam-1051cb8d5b62c97340a0,population-8caf41f0460cebd86e1607bc,survface,survface:registered_probe:5225_16,adaface-4df25b75e065b0b9ed43,pq,pq_512_m32_b8,pq_reconstruction_cosine,0.1,True,frozen_origin,-0.1627337336540222,True,True,False,True,True,0.829239868949543,True,threshold_crossing,4,42,8
gradcam-0e973fe403ef2a2c3881,population-8caf41f0460cebd86e1607bc,survface,survface:registered_probe:5061_cam2_4,adaface-4df25b75e065b0b9ed43,pq,pq_512_m32_b8,pq_reconstruction_cosine,0.1,True,frozen_origin,-0.2542394995689392,True,True,False,True,True,0.8197244848034164,True,threshold_crossing,5,42,8
gradcam-860dc4d91b26dcfd5504,population-8caf41f0460cebd86e1607bc,survface,survface:unknown_unknown_probe:9512_cam4_22,adaface-4df25b75e065b0b9ed43,pq,pq_512_m32_b8,pq_reconstruction_cosine,0.1,False,frozen_origin,0.0738894939422607,True,True,False,True,True,0.7931062347887243,True,threshold_crossing,6,42,8
gradcam-b5bb4617a54f0036cb5f,population-8caf41f0460cebd86e1607bc,survface,survface:registered_probe:5578_cam2_148,adaface-4df25b75e065b0b9ed43,pq,pq_512_m32_b8,pq_reconstruction_cosine,0.1,True,frozen_origin,-0.0667548179626464,True,True,False,True,True,0.7553470495473945,True,threshold_crossing,7,42,8
gradcam-2a1c6bc6e03adcef1b37,population-8caf41f0460cebd86e1607bc,survface,survface:unknown_unknown_probe:8801_cam2_33,adaface-4df25b75e065b0b9ed43,pq,pq_512_m32_b8,pq_reconstruction_cosine,0.1,False,frozen_origin,0.0602509975433349,True,True,False,True,True,0.7522971668317192,True,threshold_crossing,8,42,8
gradcam-66d0cfd05c41c2b825b3,population-8caf41f0460cebd86e1607bc,survface,survface:registered_probe:5244_28,adaface-4df25b75e065b0b9ed43,pq,pq_512_m64_b8,pq_reconstruction_cosine,0.01,True,frozen_origin,-0.1227765083312988,True,False,False,True,True,0.7423631841922587,True,high_error,1,42,8
gradcam-1d28533885e616c0eb57,population-8caf41f0460cebd86e1607bc,survface,survface:registered_probe:5244_22,adaface-4df25b75e065b0b9ed43,pq,pq_512_m64_b8,pq_reconstruction_cosine,0.01,True,frozen_origin,-0.1375099420547485,True,False,False,True,True,0.726741670817736,True,high_error,2,42,8
gradcam-8bd66058b7fde0ae62e0,population-8caf41f0460cebd86e1607bc,survface,survface:registered_probe:5206_33,adaface-4df25b75e065b0b9ed43,pq,pq_512_m64_b8,pq_reconstruction_cosine,0.01,True,frozen_origin,-0.0203762054443359,True,False,False,True,True,0.7260682656545112,True,high_error,3,42,8
gradcam-ede52291efc2c23dae3a,population-8caf41f0460cebd86e1607bc,survface,survface:registered_probe:8645_cam2_17,adaface-4df25b75e065b0b9ed43,pq,pq_512_m64_b8,pq_reconstruction_cosine,0.01,True,frozen_origin,0.0266566574573516,True,False,False,True,True,0.7233929982088119,True,high_error,4,42,8
gradcam-9f4c349152432cf065ce,population-8caf41f0460cebd86e1607bc,survface,survface:registered_probe:2396_cam2_1,adaface-4df25b75e065b0b9ed43,pq,pq_512_m64_b8,pq_reconstruction_cosine,0.01,True,frozen_origin,-0.032282680273056,True,False,False,True,True,0.7231012477010237,True,high_error,5,42,8
gradcam-2513dd80f0b0637b3e62,population-8caf41f0460cebd86e1607bc,survface,survface:unknown_unknown_probe:distractors_2318,adaface-4df25b75e065b0b9ed43,pq,pq_512_m64_b8,pq_reconstruction_cosine,0.01,False,frozen_origin,0.0248110592365264,True,False,False,True,True,0.7213748870982103,True,high_error,6,42,8
gradcam-d968ee5c05ddcef941b2,population-8caf41f0460cebd86e1607bc,survface,survface:registered_probe:8425_cam2_2,adaface-4df25b75e065b0b9ed43,pq,pq_512_m64_b8,pq_reconstruction_cosine,0.01,True,frozen_origin,-0.0012076199054718,True,False,False,True,True,0.7115335760348009,True,high_error,7,42,8
gradcam-cb645e7bc2a2c9d741de,population-8caf41f0460cebd86e1607bc,survface,survface:registered_probe:5241_36,adaface-4df25b75e065b0b9ed43,pq,pq_512_m64_b8,pq_reconstruction_cosine,0.01,True,frozen_origin,-0.1056160628795623,True,False,False,True,True,0.7091146234983126,True,high_error,8,42,8
gradcam-d4bef9b79639e2185600,population-8caf41f0460cebd86e1607bc,survface,survface:unknown_unknown_probe:distractors_2579,adaface-4df25b75e065b0b9ed43,pq,pq_512_m64_b8,pq_reconstruction_cosine,0.01,False,frozen_origin,0.075518250465393,False,False,False,True,True,0.749077317011788,True,rank_flip,1,42,8
gradcam-ed36d58a666adcec1124,population-8caf41f0460cebd86e1607bc,survface,survface:registered_probe:2973_cam3_1,adaface-4df25b75e065b0b9ed43,pq,pq_512_m64_b8,pq_reconstruction_cosine,0.01,True,frozen_origin,-0.0317037999629974,False,False,False,True,True,0.7487860796300433,True,rank_flip,2,42,8
gradcam-9c443e6ee4c084f65933,population-8caf41f0460cebd86e1607bc,survface,survface:unknown_unknown_probe:4245_cam2_1,adaface-4df25b75e065b0b9ed43,pq,pq_512_m64_b8,pq_reconstruction_cosine,0.01,False,frozen_origin,0.0026355385780334,False,False,False,True,True,0.7482086743720562,True,rank_flip,3,42,8
gradcam-73c9c3e4453a980609af,population-8caf41f0460cebd86e1607bc,survface,survface:registered_probe:9740_cam2_62,adaface-4df25b75e065b0b9ed43,pq,pq_512_m64_b8,pq_reconstruction_cosine,0.01,True,frozen_origin,0.0339844673871994,False,False,False,True,True,0.7253473254907815,True,rank_flip,4,42,8
gradcam-b5f9dc32cc0e5459f6c7,population-8caf41f0460cebd86e1607bc,survface,survface:unknown_unknown_probe:698_cam2_1,adaface-4df25b75e065b0b9ed43,pq,pq_512_m64_b8,pq_reconstruction_cosine,0.01,False,frozen_origin,0.0163269937038421,False,False,False,True,True,0.7247384497784173,True,rank_flip,5,42,8
gradcam-c7981227034f48456247,population-8caf41f0460cebd86e1607bc,survface,survface:registered_probe:595_cam1_1,adaface-4df25b75e065b0b9ed43,pq,pq_512_m64_b8,pq_reconstruction_cosine,0.01,True,frozen_origin,-0.0118112415075302,False,False,False,True,True,0.7246053883375093,True,rank_flip,6,42,8
gradcam-fde8720eddb3a190de17,population-8caf41f0460cebd86e1607bc,survface,survface:unknown_unknown_probe:distractors_2460,adaface-4df25b75e065b0b9ed43,pq,pq_512_m64_b8,pq_reconstruction_cosine,0.01,False,frozen_origin,0.0420877635478973,False,False,False,True,True,0.7223378026400561,True,rank_flip,7,42,8
gradcam-67a0d500fced4066efb2,population-8caf41f0460cebd86e1607bc,survface,survface:unknown_unknown_probe:distractors_5421,adaface-4df25b75e065b0b9ed43,pq,pq_512_m64_b8,pq_reconstruction_cosine,0.01,False,frozen_origin,0.0289574861526489,False,False,False,True,True,0.7187781030610927,True,rank_flip,8,42,8
gradcam-e4ef3dd55c089d3a7a99,population-8caf41f0460cebd86e1607bc,survface,survface:registered_probe:5647_cam1_262,adaface-4df25b75e065b0b9ed43,pq,pq_512_m64_b8,pq_reconstruction_cosine,0.01,True,frozen_origin,-0.0406719446182251,True,False,False,True,True,0.3652284097900204,True,stable,1,42,8
gradcam-0c2efbac86a6bcb4cf0a,population-8caf41f0460cebd86e1607bc,survface,survface:unknown_unknown_probe:5783_cam1_3,adaface-4df25b75e065b0b9ed43,pq,pq_512_m64_b8,pq_reconstruction_cosine,0.01,False,frozen_origin,-0.0707815885543823,True,False,False,True,True,0.3682419072101738,True,stable,2,42,8
gradcam-a8787adc525dcf75266f,population-8caf41f0460cebd86e1607bc,survface,survface:unknown_unknown_probe:5762_cam1_128,adaface-4df25b75e065b0b9ed43,pq,pq_512_m64_b8,pq_reconstruction_cosine,0.01,False,frozen_origin,-0.0517967939376831,True,False,False,True,True,0.3685471285438887,True,stable,3,42,8
gradcam-10989111f13588810fcb,population-8caf41f0460cebd86e1607bc,survface,survface:registered_probe:5647_cam1_240,adaface-4df25b75e065b0b9ed43,pq,pq_512_m64_b8,pq_reconstruction_cosine,0.01,True,frozen_origin,-0.0568083524703979,True,False,False,True,True,0.3686375637951339,True,stable,4,42,8
gradcam-a85ca2c7ea90089b9864,population-8caf41f0460cebd86e1607bc,survface,survface:registered_probe:5647_cam1_260,adaface-4df25b75e065b0b9ed43,pq,pq_512_m64_b8,pq_reconstruction_cosine,0.01,True,frozen_origin,-0.0379124879837036,True,False,False,True,True,0.3694603245996488,True,stable,5,42,8
gradcam-9a0f46e379746fffea0a,population-8caf41f0460cebd86e1607bc,survface,survface:unknown_unknown_probe:5872_cam1_51,adaface-4df25b75e065b0b9ed43,pq,pq_512_m64_b8,pq_reconstruction_cosine,0.01,False,frozen_origin,-0.0466612577438354,True,False,False,True,True,0.3703867556227563,True,stable,6,42,8
gradcam-f5288ec1fb8a059238db,population-8caf41f0460cebd86e1607bc,survface,survface:unknown_unknown_probe:8826_cam2_18,adaface-4df25b75e065b0b9ed43,pq,pq_512_m64_b8,pq_reconstruction_cosine,0.01,False,frozen_origin,-0.0439026951789855,True,False,False,True,True,0.3709872498989002,True,stable,7,42,8
gradcam-6f6ec6585380373cb657,population-8caf41f0460cebd86e1607bc,survface,survface:registered_probe:5647_cam1_47,adaface-4df25b75e065b0b9ed43,pq,pq_512_m64_b8,pq_reconstruction_cosine,0.01,True,frozen_origin,-0.0713900923728942,True,False,False,True,True,0.3757712703114051,True,stable,8,42,8
gradcam-46bf2c82f46404bec4c3,population-8caf41f0460cebd86e1607bc,survface,survface:unknown_unknown_probe:4821_cam2_5,adaface-4df25b75e065b0b9ed43,pq,pq_512_m64_b8,pq_reconstruction_cosine,0.01,False,frozen_origin,-0.1788945794105529,True,True,False,True,True,0.6090143963760187,True,threshold_crossing,1,42,8
gradcam-d8953b7ee40ba4fbf436,population-8caf41f0460cebd86e1607bc,survface,survface:unknown_unknown_probe:4754_cam2_2,adaface-4df25b75e065b0b9ed43,pq,pq_512_m64_b8,pq_reconstruction_cosine,0.01,False,frozen_origin,-0.1463796496391296,True,True,False,True,True,0.5878887732697485,True,threshold_crossing,2,42,8
gradcam-542435cb7112db10a771,population-8caf41f0460cebd86e1607bc,survface,survface:registered_probe:9155_cam3_16,adaface-4df25b75e065b0b9ed43,pq,pq_512_m64_b8,pq_reconstruction_cosine,0.01,True,frozen_origin,-0.1868568658828735,True,True,False,True,True,0.5831315238133356,True,threshold_crossing,3,42,8
gradcam-5808cedbf2a80172ae47,population-8caf41f0460cebd86e1607bc,survface,survface:registered_probe:5462_cam1_6,adaface-4df25b75e065b0b9ed43,pq,pq_512_m64_b8,pq_reconstruction_cosine,0.01,True,frozen_origin,-0.0948387384414672,True,True,False,True,True,0.5513857909341775,True,threshold_crossing,4,42,8
gradcam-daf147a35655dd7e6126,population-8caf41f0460cebd86e1607bc,survface,survface:unknown_unknown_probe:distractors_5557,adaface-4df25b75e065b0b9ed43,pq,pq_512_m64_b8,pq_reconstruction_cosine,0.01,False,frozen_origin,-0.1418794989585876,True,True,False,True,True,0.5458726058153497,True,threshold_crossing,5,42,8
gradcam-237fcc123d319345b3ce,population-8caf41f0460cebd86e1607bc,survface,survface:unknown_unknown_probe:513_cam3_1,adaface-4df25b75e065b0b9ed43,pq,pq_512_m64_b8,pq_reconstruction_cosine,0.01,False,frozen_origin,-0.1317362189292907,True,True,False,True,True,0.5435058275575972,True,threshold_crossing,6,42,8
gradcam-9208cf8760be459a4870,population-8caf41f0460cebd86e1607bc,survface,survface:registered_probe:5462_cam1_4,adaface-4df25b75e065b0b9ed43,pq,pq_512_m64_b8,pq_reconstruction_cosine,0.01,True,frozen_origin,-0.1216316819190979,True,True,False,True,True,0.5388245246934765,True,threshold_crossing,7,42,8
gradcam-467e17bbf7ca2a9af05d,population-8caf41f0460cebd86e1607bc,survface,survface:registered_probe:5462_cam1_2,adaface-4df25b75e065b0b9ed43,pq,pq_512_m64_b8,pq_reconstruction_cosine,0.01,True,frozen_origin,-0.1249319314956665,True,True,False,True,True,0.5345486069490434,True,threshold_crossing,8,42,8
gradcam-25734a7d6cfc6da5503e,population-8caf41f0460cebd86e1607bc,survface,survface:registered_probe:5244_28,adaface-4df25b75e065b0b9ed43,pq,pq_512_m64_b8,pq_reconstruction_cosine,0.1,True,frozen_origin,-0.1227765083312988,True,False,False,True,True,0.7423631841922587,True,high_error,1,42,8
gradcam-bea5271268e4977ce4e7,population-8caf41f0460cebd86e1607bc,survface,survface:registered_probe:5244_22,adaface-4df25b75e065b0b9ed43,pq,pq_512_m64_b8,pq_reconstruction_cosine,0.1,True,frozen_origin,-0.1375099420547485,True,False,False,True,True,0.726741670817736,True,high_error,2,42,8
gradcam-76b32841b9e7ad03f1b1,population-8caf41f0460cebd86e1607bc,survface,survface:registered_probe:5206_33,adaface-4df25b75e065b0b9ed43,pq,pq_512_m64_b8,pq_reconstruction_cosine,0.1,True,frozen_origin,-0.0203762054443359,True,False,False,True,True,0.7260682656545112,True,high_error,3,42,8
gradcam-c91fa90ca336c7363e0f,population-8caf41f0460cebd86e1607bc,survface,survface:registered_probe:8645_cam2_17,adaface-4df25b75e065b0b9ed43,pq,pq_512_m64_b8,pq_reconstruction_cosine,0.1,True,frozen_origin,0.0266566574573516,True,False,False,True,True,0.7233929982088119,True,high_error,4,42,8
gradcam-2b61d74a91802db91892,population-8caf41f0460cebd86e1607bc,survface,survface:registered_probe:2396_cam2_1,adaface-4df25b75e065b0b9ed43,pq,pq_512_m64_b8,pq_reconstruction_cosine,0.1,True,frozen_origin,-0.032282680273056,True,False,False,True,True,0.7231012477010237,True,high_error,5,42,8
gradcam-0c979069dedf022c082d,population-8caf41f0460cebd86e1607bc,survface,survface:unknown_unknown_probe:distractors_2318,adaface-4df25b75e065b0b9ed43,pq,pq_512_m64_b8,pq_reconstruction_cosine,0.1,False,frozen_origin,0.0248110592365264,True,False,False,True,True,0.7213748870982103,True,high_error,6,42,8
gradcam-7da6c6bcc041dd765d47,population-8caf41f0460cebd86e1607bc,survface,survface:registered_probe:8425_cam2_2,adaface-4df25b75e065b0b9ed43,pq,pq_512_m64_b8,pq_reconstruction_cosine,0.1,True,frozen_origin,-0.0012076199054718,True,False,False,True,True,0.7115335760348009,True,high_error,7,42,8
gradcam-242286088d3225b99f06,population-8caf41f0460cebd86e1607bc,survface,survface:registered_probe:5241_36,adaface-4df25b75e065b0b9ed43,pq,pq_512_m64_b8,pq_reconstruction_cosine,0.1,True,frozen_origin,-0.1056160628795623,True,False,False,True,True,0.7091146234983126,True,high_error,8,42,8
gradcam-b9da574e912b99ddc737,population-8caf41f0460cebd86e1607bc,survface,survface:unknown_unknown_probe:distractors_2579,adaface-4df25b75e065b0b9ed43,pq,pq_512_m64_b8,pq_reconstruction_cosine,0.1,False,frozen_origin,0.075518250465393,False,False,False,True,True,0.749077317011788,True,rank_flip,1,42,8
gradcam-c74ea62a24ce61e61c23,population-8caf41f0460cebd86e1607bc,survface,survface:registered_probe:2973_cam3_1,adaface-4df25b75e065b0b9ed43,pq,pq_512_m64_b8,pq_reconstruction_cosine,0.1,True,frozen_origin,-0.0317037999629974,False,False,False,True,True,0.7487860796300433,True,rank_flip,2,42,8
gradcam-d06ca419c8e14f91ffb9,population-8caf41f0460cebd86e1607bc,survface,survface:unknown_unknown_probe:4245_cam2_1,adaface-4df25b75e065b0b9ed43,pq,pq_512_m64_b8,pq_reconstruction_cosine,0.1,False,frozen_origin,0.0026355385780334,False,False,False,True,True,0.7482086743720562,True,rank_flip,3,42,8
gradcam-33b885a33856c6c169f6,population-8caf41f0460cebd86e1607bc,survface,survface:registered_probe:9740_cam2_62,adaface-4df25b75e065b0b9ed43,pq,pq_512_m64_b8,pq_reconstruction_cosine,0.1,True,frozen_origin,0.0339844673871994,False,False,False,True,True,0.7253473254907815,True,rank_flip,4,42,8
gradcam-f168dfe6b62b7842d637,population-8caf41f0460cebd86e1607bc,survface,survface:unknown_unknown_probe:698_cam2_1,adaface-4df25b75e065b0b9ed43,pq,pq_512_m64_b8,pq_reconstruction_cosine,0.1,False,frozen_origin,0.0163269937038421,False,False,False,True,True,0.7247384497784173,True,rank_flip,5,42,8
gradcam-5a6a706ab1a1d9afe97c,population-8caf41f0460cebd86e1607bc,survface,survface:registered_probe:595_cam1_1,adaface-4df25b75e065b0b9ed43,pq,pq_512_m64_b8,pq_reconstruction_cosine,0.1,True,frozen_origin,-0.0118112415075302,False,False,False,True,True,0.7246053883375093,True,rank_flip,6,42,8
gradcam-c2e2ad0348348582e06b,population-8caf41f0460cebd86e1607bc,survface,survface:unknown_unknown_probe:distractors_2460,adaface-4df25b75e065b0b9ed43,pq,pq_512_m64_b8,pq_reconstruction_cosine,0.1,False,frozen_origin,0.0420877635478973,False,False,False,True,True,0.7223378026400561,True,rank_flip,7,42,8
gradcam-b655bca24512e3296838,population-8caf41f0460cebd86e1607bc,survface,survface:unknown_unknown_probe:distractors_5421,adaface-4df25b75e065b0b9ed43,pq,pq_512_m64_b8,pq_reconstruction_cosine,0.1,False,frozen_origin,0.0289574861526489,False,False,False,True,True,0.7187781030610927,True,rank_flip,8,42,8
gradcam-cb7eef5080956894c190,population-8caf41f0460cebd86e1607bc,survface,survface:registered_probe:5852_cam2_3,adaface-4df25b75e065b0b9ed43,pq,pq_512_m64_b8,pq_reconstruction_cosine,0.1,True,frozen_origin,-0.0494462847709655,True,False,False,True,True,0.3589572947134818,True,stable,1,42,8
gradcam-0b85cde6afd1c4273b52,population-8caf41f0460cebd86e1607bc,survface,survface:registered_probe:5647_cam1_213,adaface-4df25b75e065b0b9ed43,pq,pq_512_m64_b8,pq_reconstruction_cosine,0.1,True,frozen_origin,-0.0661193132400512,True,False,False,True,True,0.3597740210314006,True,stable,2,42,8
gradcam-d8f18c1436d4e92cc511,population-8caf41f0460cebd86e1607bc,survface,survface:unknown_unknown_probe:5691_cam2_2,adaface-4df25b75e065b0b9ed43,pq,pq_512_m64_b8,pq_reconstruction_cosine,0.1,False,frozen_origin,-0.0606964826583862,True,False,False,True,True,0.3619205743227395,True,stable,3,42,8
gradcam-53827a6fe0789a915731,population-8caf41f0460cebd86e1607bc,survface,survface:registered_probe:5647_cam1_96,adaface-4df25b75e065b0b9ed43,pq,pq_512_m64_b8,pq_reconstruction_cosine,0.1,True,frozen_origin,-0.0600548982620239,True,False,False,True,True,0.3648879033341476,True,stable,4,42,8
gradcam-0e638512c1dfa6536765,population-8caf41f0460cebd86e1607bc,survface,survface:registered_probe:5821_cam1_110,adaface-4df25b75e065b0b9ed43,pq,pq_512_m64_b8,pq_reconstruction_cosine,0.1,True,frozen_origin,-0.0578189492225647,True,False,False,True,True,0.3649282586725737,True,stable,5,42,8
gradcam-dd0c8941f31b09e9439a,population-8caf41f0460cebd86e1607bc,survface,survface:registered_probe:5647_cam1_262,adaface-4df25b75e065b0b9ed43,pq,pq_512_m64_b8,pq_reconstruction_cosine,0.1,True,frozen_origin,-0.0406719446182251,True,False,False,True,True,0.3652284097900204,True,stable,6,42,8
gradcam-217cb1fb6d599459d6cf,population-8caf41f0460cebd86e1607bc,survface,survface:unknown_unknown_probe:10216_cam1_14,adaface-4df25b75e065b0b9ed43,pq,pq_512_m64_b8,pq_reconstruction_cosine,0.1,False,frozen_origin,-0.0425795912742614,True,False,False,True,True,0.3662932940151502,True,stable,7,42,8
gradcam-dd7794da89675cc6d4fb,population-8caf41f0460cebd86e1607bc,survface,survface:registered_probe:5647_cam1_215,adaface-4df25b75e065b0b9ed43,pq,pq_512_m64_b8,pq_reconstruction_cosine,0.1,True,frozen_origin,-0.0769302248954773,True,False,False,True,True,0.3665612395979343,True,stable,8,42,8
gradcam-0266b3f7183265329eb7,population-8caf41f0460cebd86e1607bc,survface,survface:unknown_unknown_probe:1346_cam1_1,adaface-4df25b75e065b0b9ed43,pq,pq_512_m64_b8,pq_reconstruction_cosine,0.1,False,frozen_origin,-0.1568164825439453,True,True,False,True,True,0.6476720686843117,True,threshold_crossing,1,42,8
gradcam-e80fa80e44ceb9f21ff6,population-8caf41f0460cebd86e1607bc,survface,survface:registered_probe:5227_16,adaface-4df25b75e065b0b9ed43,pq,pq_512_m64_b8,pq_reconstruction_cosine,0.1,True,frozen_origin,-0.1635699272155761,True,True,False,True,True,0.6333733004625594,True,threshold_crossing,2,42,8
gradcam-314c68281d8b3cd83195,population-8caf41f0460cebd86e1607bc,survface,survface:registered_probe:5225_16,adaface-4df25b75e065b0b9ed43,pq,pq_512_m64_b8,pq_reconstruction_cosine,0.1,True,frozen_origin,-0.1283403038978576,True,True,False,True,True,0.6123801855431498,True,threshold_crossing,3,42,8
gradcam-da1f44760c546064b302,population-8caf41f0460cebd86e1607bc,survface,survface:unknown_unknown_probe:4821_cam2_5,adaface-4df25b75e065b0b9ed43,pq,pq_512_m64_b8,pq_reconstruction_cosine,0.1,False,frozen_origin,-0.1788945794105529,True,True,False,True,True,0.6090143963760187,True,threshold_crossing,4,42,8
gradcam-1ad18ed7b8a3b56a48c8,population-8caf41f0460cebd86e1607bc,survface,survface:unknown_unknown_probe:4754_cam2_2,adaface-4df25b75e065b0b9ed43,pq,pq_512_m64_b8,pq_reconstruction_cosine,0.1,False,frozen_origin,-0.1463796496391296,True,True,False,True,True,0.5878887732697485,True,threshold_crossing,5,42,8
gradcam-5a154ea0707ba539aeee,population-8caf41f0460cebd86e1607bc,survface,survface:unknown_unknown_probe:distractors_4002,adaface-4df25b75e065b0b9ed43,pq,pq_512_m64_b8,pq_reconstruction_cosine,0.1,False,frozen_origin,-0.0926060676574707,True,True,False,True,True,0.5875292430680102,True,threshold_crossing,6,42,8
gradcam-09523592da437902fc51,population-8caf41f0460cebd86e1607bc,survface,survface:registered_probe:9155_cam3_16,adaface-4df25b75e065b0b9ed43,pq,pq_512_m64_b8,pq_reconstruction_cosine,0.1,True,frozen_origin,-0.1868568658828735,True,True,False,True,True,0.5831315238133356,True,threshold_crossing,7,42,8
gradcam-4bbfd6e28af71bb7e6c4,population-8caf41f0460cebd86e1607bc,survface,survface:registered_probe:2022_cam2_1,adaface-4df25b75e065b0b9ed43,pq,pq_512_m64_b8,pq_reconstruction_cosine,0.1,True,frozen_origin,-0.1496655344963073,True,True,False,True,True,0.5712257944103043,True,threshold_crossing,8,42,8
gradcam-51d07b10ca5e0bd27a4e,population-8caf41f0460cebd86e1607bc,survface,survface:unknown_unknown_probe:2721_cam1_1,adaface-4df25b75e065b0b9ed43,pq,pq_512_m8_b8,pq_reconstruction_cosine,0.01,False,frozen_origin,0.3087592124938965,True,False,False,True,True,1.3225981283213524,True,high_error,1,42,8
gradcam-03a5863509531dfdff92,population-8caf41f0460cebd86e1607bc,survface,survface:registered_probe:5244_22,adaface-4df25b75e065b0b9ed43,pq,pq_512_m8_b8,pq_reconstruction_cosine,0.01,True,frozen_origin,-0.026135116815567,True,False,False,True,True,1.2984711471409172,True,high_error,2,42,8
gradcam-49ee7b33468ea4310987,population-8caf41f0460cebd86e1607bc,survface,survface:registered_probe:5293_25,adaface-4df25b75e065b0b9ed43,pq,pq_512_m8_b8,pq_reconstruction_cosine,0.01,True,frozen_origin,-0.1024768948554992,True,False,False,True,True,1.2938267077073506,True,high_error,3,42,8
gradcam-bc3a30d14a14b07ea05e,population-8caf41f0460cebd86e1607bc,survface,survface:unknown_unknown_probe:10556_cam3_48,adaface-4df25b75e065b0b9ed43,pq,pq_512_m8_b8,pq_reconstruction_cosine,0.01,False,frozen_origin,0.186502993106842,True,False,False,True,True,1.2681364975334304,True,high_error,4,42,8
gradcam-0ca01e23a7ef92526e4f,population-8caf41f0460cebd86e1607bc,survface,survface:unknown_unknown_probe:distractors_11592,adaface-4df25b75e065b0b9ed43,pq,pq_512_m8_b8,pq_reconstruction_cosine,0.01,False,frozen_origin,0.1879656016826629,True,False,False,True,True,1.2591465304941014,True,high_error,5,42,8
gradcam-262243455561c8c27751,population-8caf41f0460cebd86e1607bc,survface,survface:unknown_unknown_probe:10106_cam2_125,adaface-4df25b75e065b0b9ed43,pq,pq_512_m8_b8,pq_reconstruction_cosine,0.01,False,frozen_origin,0.293851226568222,True,False,False,True,True,1.2558123826758325,True,high_error,6,42,8
gradcam-07b947da86c23b365539,population-8caf41f0460cebd86e1607bc,survface,survface:unknown_unknown_probe:2704_cam2_1,adaface-4df25b75e065b0b9ed43,pq,pq_512_m8_b8,pq_reconstruction_cosine,0.01,False,frozen_origin,0.3692734241485595,True,False,False,True,True,1.2503323630879069,True,high_error,7,42,8
gradcam-6ed433331cfa69d5e54b,population-8caf41f0460cebd86e1607bc,survface,survface:unknown_unknown_probe:417_cam1_1,adaface-4df25b75e065b0b9ed43,pq,pq_512_m8_b8,pq_reconstruction_cosine,0.01,False,frozen_origin,0.2407078742980957,True,False,False,True,True,1.2463980145424411,True,high_error,8,42,8
gradcam-d50dec5483470310cee7,population-8caf41f0460cebd86e1607bc,survface,survface:registered_probe:2973_cam3_1,adaface-4df25b75e065b0b9ed43,pq,pq_512_m8_b8,pq_reconstruction_cosine,0.01,True,frozen_origin,0.2089407444000244,False,False,False,True,True,1.3773378846013091,True,rank_flip,1,42,8
gradcam-78db7f462cba1e9f7d3c,population-8caf41f0460cebd86e1607bc,survface,survface:unknown_unknown_probe:distractors_2318,adaface-4df25b75e065b0b9ed43,pq,pq_512_m8_b8,pq_reconstruction_cosine,0.01,False,frozen_origin,0.2576032876968384,False,False,False,True,True,1.3616459670893188,True,rank_flip,2,42,8
gradcam-aa9b09d3ac2d121e75de,population-8caf41f0460cebd86e1607bc,survface,survface:unknown_unknown_probe:4245_cam2_1,adaface-4df25b75e065b0b9ed43,pq,pq_512_m8_b8,pq_reconstruction_cosine,0.01,False,frozen_origin,0.3140530884265899,False,False,False,True,True,1.3375615272119754,True,rank_flip,3,42,8
gradcam-15da87f06ab7af7e112d,population-8caf41f0460cebd86e1607bc,survface,survface:registered_probe:2396_cam2_1,adaface-4df25b75e065b0b9ed43,pq,pq_512_m8_b8,pq_reconstruction_cosine,0.01,True,frozen_origin,0.1646942198276519,False,False,False,True,True,1.3317983432050846,True,rank_flip,4,42,8
gradcam-e7914b6293d5f6c43563,population-8caf41f0460cebd86e1607bc,survface,survface:unknown_unknown_probe:distractors_231,adaface-4df25b75e065b0b9ed43,pq,pq_512_m8_b8,pq_reconstruction_cosine,0.01,False,frozen_origin,0.2075779438018798,False,False,False,True,True,1.3269822402043827,True,rank_flip,5,42,8
gradcam-736def2f27d2d2eb06cc,population-8caf41f0460cebd86e1607bc,survface,survface:unknown_unknown_probe:distractors_1673,adaface-4df25b75e065b0b9ed43,pq,pq_512_m8_b8,pq_reconstruction_cosine,0.01,False,frozen_origin,0.2150601744651794,False,False,False,True,True,1.3262553009503817,True,rank_flip,6,42,8
gradcam-25723065220998b10121,population-8caf41f0460cebd86e1607bc,survface,survface:unknown_unknown_probe:2667_cam2_1,adaface-4df25b75e065b0b9ed43,pq,pq_512_m8_b8,pq_reconstruction_cosine,0.01,False,frozen_origin,0.222679853439331,False,False,False,True,True,1.3160910218633126,True,rank_flip,7,42,8
gradcam-bc866bcce91164a1de08,population-8caf41f0460cebd86e1607bc,survface,survface:unknown_unknown_probe:10003_cam3_32,adaface-4df25b75e065b0b9ed43,pq,pq_512_m8_b8,pq_reconstruction_cosine,0.01,False,frozen_origin,0.1704648435115814,False,False,False,True,True,1.3119473236988992,True,rank_flip,8,42,8
gradcam-7da30eed0dfb19a58f2d,population-8caf41f0460cebd86e1607bc,survface,survface:registered_probe:5789_cam1_26,adaface-4df25b75e065b0b9ed43,pq,pq_512_m8_b8,pq_reconstruction_cosine,0.01,True,frozen_origin,0.1163455843925476,True,False,False,True,True,0.4577565593941192,True,stable,1,42,8
gradcam-6e81717f735a19cbb73f,population-8caf41f0460cebd86e1607bc,survface,survface:unknown_unknown_probe:5691_cam2_2,adaface-4df25b75e065b0b9ed43,pq,pq_512_m8_b8,pq_reconstruction_cosine,0.01,False,frozen_origin,0.0959096550941467,True,False,False,True,True,0.4627139382819893,True,stable,2,42,8
gradcam-b1db8b4d6d1ad7d8cf6e,population-8caf41f0460cebd86e1607bc,survface,survface:registered_probe:5647_cam1_47,adaface-4df25b75e065b0b9ed43,pq,pq_512_m8_b8,pq_reconstruction_cosine,0.01,True,frozen_origin,0.0543824434280395,True,False,False,True,True,0.4631379176763697,True,stable,3,42,8
gradcam-c87786fafcd824540a1b,population-8caf41f0460cebd86e1607bc,survface,survface:registered_probe:5789_cam1_5,adaface-4df25b75e065b0b9ed43,pq,pq_512_m8_b8,pq_reconstruction_cosine,0.01,True,frozen_origin,0.1016114354133606,True,False,False,True,True,0.4632509488964901,True,stable,4,42,8
gradcam-3cb00bd2d069dffe4da9,population-8caf41f0460cebd86e1607bc,survface,survface:registered_probe:5852_cam2_3,adaface-4df25b75e065b0b9ed43,pq,pq_512_m8_b8,pq_reconstruction_cosine,0.01,True,frozen_origin,0.0936958789825439,True,False,False,True,True,0.4693666170562337,True,stable,5,42,8
gradcam-e16742bcb2d7a23e7bae,population-8caf41f0460cebd86e1607bc,survface,survface:registered_probe:5647_cam1_249,adaface-4df25b75e065b0b9ed43,pq,pq_512_m8_b8,pq_reconstruction_cosine,0.01,True,frozen_origin,0.0586966872215271,True,False,False,True,True,0.4698279505350819,True,stable,6,42,8
gradcam-258de337d8121a99c795,population-8caf41f0460cebd86e1607bc,survface,survface:registered_probe:5716_cam2_13,adaface-4df25b75e065b0b9ed43,pq,pq_512_m8_b8,pq_reconstruction_cosine,0.01,True,frozen_origin,0.1236317753791809,True,False,False,True,True,0.4709491967728583,True,stable,7,42,8
gradcam-e1877802b7b96fe54492,population-8caf41f0460cebd86e1607bc,survface,survface:unknown_unknown_probe:5762_cam1_116,adaface-4df25b75e065b0b9ed43,pq,pq_512_m8_b8,pq_reconstruction_cosine,0.01,False,frozen_origin,0.1071447730064392,True,False,False,True,True,0.4727124882422002,True,stable,8,42,8
gradcam-87781fe29b6e04d8fbe0,population-8caf41f0460cebd86e1607bc,survface,survface:unknown_unknown_probe:distractors_5431,adaface-4df25b75e065b0b9ed43,pq,pq_512_m8_b8,pq_reconstruction_cosine,0.01,False,frozen_origin,0.4067018330097198,False,True,False,True,True,1.153578875922988,True,threshold_crossing,1,42,8
gradcam-fcbe6b6c953af3847773,population-8caf41f0460cebd86e1607bc,survface,survface:unknown_unknown_probe:2098_cam2_1,adaface-4df25b75e065b0b9ed43,pq,pq_512_m8_b8,pq_reconstruction_cosine,0.01,False,frozen_origin,0.5510801076889038,False,True,False,True,True,1.1488377796858,True,threshold_crossing,2,42,8
gradcam-c47266286e93a82883ca,population-8caf41f0460cebd86e1607bc,survface,survface:unknown_unknown_probe:distractors_3013,adaface-4df25b75e065b0b9ed43,pq,pq_512_m8_b8,pq_reconstruction_cosine,0.01,False,frozen_origin,0.1668400764465332,True,True,False,True,True,1.141920098253593,True,threshold_crossing,3,42,8
gradcam-aa106d68b9922c2f5a1b,population-8caf41f0460cebd86e1607bc,survface,survface:registered_probe:535_cam1_1,adaface-4df25b75e065b0b9ed43,pq,pq_512_m8_b8,pq_reconstruction_cosine,0.01,True,frozen_origin,0.5239405632019043,False,True,False,True,True,1.1386704524240807,True,threshold_crossing,4,42,8
gradcam-d1b98cc6cc3d6bbfdd10,population-8caf41f0460cebd86e1607bc,survface,survface:unknown_unknown_probe:9459_cam3_45,adaface-4df25b75e065b0b9ed43,pq,pq_512_m8_b8,pq_reconstruction_cosine,0.01,False,frozen_origin,0.4629753828048706,False,True,False,True,True,1.1260950081241148,True,threshold_crossing,5,42,8
gradcam-51e19f2df7301a3cf0a3,population-8caf41f0460cebd86e1607bc,survface,survface:registered_probe:8351_cam1_22,adaface-4df25b75e065b0b9ed43,pq,pq_512_m8_b8,pq_reconstruction_cosine,0.01,True,frozen_origin,0.4952483177185058,False,True,False,True,True,1.122174018245923,True,threshold_crossing,6,42,8
gradcam-5d56eb88914439dfaf80,population-8caf41f0460cebd86e1607bc,survface,survface:unknown_unknown_probe:distractors_2049,adaface-4df25b75e065b0b9ed43,pq,pq_512_m8_b8,pq_reconstruction_cosine,0.01,False,frozen_origin,0.4942736625671386,True,True,False,True,True,1.1155700011806728,True,threshold_crossing,7,42,8
gradcam-993d80981042f38ef187,population-8caf41f0460cebd86e1607bc,survface,survface:unknown_unknown_probe:distractors_11316,adaface-4df25b75e065b0b9ed43,pq,pq_512_m8_b8,pq_reconstruction_cosine,0.01,False,frozen_origin,0.5108433365821838,False,True,False,True,True,1.1073931885815056,True,threshold_crossing,8,42,8
gradcam-f2261493565de993557a,population-8caf41f0460cebd86e1607bc,survface,survface:unknown_unknown_probe:2721_cam1_1,adaface-4df25b75e065b0b9ed43,pq,pq_512_m8_b8,pq_reconstruction_cosine,0.1,False,frozen_origin,0.3087592124938965,True,False,False,True,True,1.3225981283213524,True,high_error,1,42,8
gradcam-dc43c9e16fd45f344366,population-8caf41f0460cebd86e1607bc,survface,survface:registered_probe:5244_22,adaface-4df25b75e065b0b9ed43,pq,pq_512_m8_b8,pq_reconstruction_cosine,0.1,True,frozen_origin,-0.026135116815567,True,False,False,True,True,1.2984711471409172,True,high_error,2,42,8
gradcam-f8d2de9f97d6da0a79ca,population-8caf41f0460cebd86e1607bc,survface,survface:registered_probe:5293_25,adaface-4df25b75e065b0b9ed43,pq,pq_512_m8_b8,pq_reconstruction_cosine,0.1,True,frozen_origin,-0.1024768948554992,True,False,False,True,True,1.2938267077073506,True,high_error,3,42,8
gradcam-a620fbe0c15d0669a273,population-8caf41f0460cebd86e1607bc,survface,survface:unknown_unknown_probe:10556_cam3_48,adaface-4df25b75e065b0b9ed43,pq,pq_512_m8_b8,pq_reconstruction_cosine,0.1,False,frozen_origin,0.186502993106842,True,False,False,True,True,1.2681364975334304,True,high_error,4,42,8
gradcam-4ab14fe6e9b29dc90fd1,population-8caf41f0460cebd86e1607bc,survface,survface:unknown_unknown_probe:distractors_11592,adaface-4df25b75e065b0b9ed43,pq,pq_512_m8_b8,pq_reconstruction_cosine,0.1,False,frozen_origin,0.1879656016826629,True,False,False,True,True,1.2591465304941014,True,high_error,5,42,8
gradcam-eb8e77361846b7fcc1d5,population-8caf41f0460cebd86e1607bc,survface,survface:unknown_unknown_probe:10106_cam2_125,adaface-4df25b75e065b0b9ed43,pq,pq_512_m8_b8,pq_reconstruction_cosine,0.1,False,frozen_origin,0.293851226568222,True,False,False,True,True,1.2558123826758325,True,high_error,6,42,8
gradcam-2c6d6f41699050fd7bde,population-8caf41f0460cebd86e1607bc,survface,survface:unknown_unknown_probe:2704_cam2_1,adaface-4df25b75e065b0b9ed43,pq,pq_512_m8_b8,pq_reconstruction_cosine,0.1,False,frozen_origin,0.3692734241485595,True,False,False,True,True,1.2503323630879069,True,high_error,7,42,8
gradcam-70563c0bbe94de4e5167,population-8caf41f0460cebd86e1607bc,survface,survface:unknown_unknown_probe:417_cam1_1,adaface-4df25b75e065b0b9ed43,pq,pq_512_m8_b8,pq_reconstruction_cosine,0.1,False,frozen_origin,0.2407078742980957,True,False,False,True,True,1.2463980145424411,True,high_error,8,42,8
gradcam-4596ca1219ac40efa358,population-8caf41f0460cebd86e1607bc,survface,survface:registered_probe:2973_cam3_1,adaface-4df25b75e065b0b9ed43,pq,pq_512_m8_b8,pq_reconstruction_cosine,0.1,True,frozen_origin,0.2089407444000244,False,False,False,True,True,1.3773378846013091,True,rank_flip,1,42,8
gradcam-2b6d803570e3d3c85302,population-8caf41f0460cebd86e1607bc,survface,survface:unknown_unknown_probe:distractors_2318,adaface-4df25b75e065b0b9ed43,pq,pq_512_m8_b8,pq_reconstruction_cosine,0.1,False,frozen_origin,0.2576032876968384,False,False,False,True,True,1.3616459670893188,True,rank_flip,2,42,8
gradcam-8ec54ae5d04272d6c24a,population-8caf41f0460cebd86e1607bc,survface,survface:unknown_unknown_probe:4245_cam2_1,adaface-4df25b75e065b0b9ed43,pq,pq_512_m8_b8,pq_reconstruction_cosine,0.1,False,frozen_origin,0.3140530884265899,False,False,False,True,True,1.3375615272119754,True,rank_flip,3,42,8
gradcam-0745cfd05ea2e911f965,population-8caf41f0460cebd86e1607bc,survface,survface:registered_probe:2396_cam2_1,adaface-4df25b75e065b0b9ed43,pq,pq_512_m8_b8,pq_reconstruction_cosine,0.1,True,frozen_origin,0.1646942198276519,False,False,False,True,True,1.3317983432050846,True,rank_flip,4,42,8
gradcam-2ea50f2c71fd3170348f,population-8caf41f0460cebd86e1607bc,survface,survface:unknown_unknown_probe:distractors_231,adaface-4df25b75e065b0b9ed43,pq,pq_512_m8_b8,pq_reconstruction_cosine,0.1,False,frozen_origin,0.2075779438018798,False,False,False,True,True,1.3269822402043827,True,rank_flip,5,42,8
gradcam-45fcfcab68bb486896f8,population-8caf41f0460cebd86e1607bc,survface,survface:unknown_unknown_probe:distractors_1673,adaface-4df25b75e065b0b9ed43,pq,pq_512_m8_b8,pq_reconstruction_cosine,0.1,False,frozen_origin,0.2150601744651794,False,False,False,True,True,1.3262553009503817,True,rank_flip,6,42,8
gradcam-0a815bb79d5fc7106cc8,population-8caf41f0460cebd86e1607bc,survface,survface:unknown_unknown_probe:2667_cam2_1,adaface-4df25b75e065b0b9ed43,pq,pq_512_m8_b8,pq_reconstruction_cosine,0.1,False,frozen_origin,0.222679853439331,False,False,False,True,True,1.3160910218633126,True,rank_flip,7,42,8
gradcam-fc98b93dfd394d33146f,population-8caf41f0460cebd86e1607bc,survface,survface:unknown_unknown_probe:10003_cam3_32,adaface-4df25b75e065b0b9ed43,pq,pq_512_m8_b8,pq_reconstruction_cosine,0.1,False,frozen_origin,0.1704648435115814,False,False,False,True,True,1.3119473236988992,True,rank_flip,8,42,8
gradcam-bdfd9aa23d1320b06a3d,population-8caf41f0460cebd86e1607bc,survface,survface:unknown_unknown_probe:10216_cam2_15,adaface-4df25b75e065b0b9ed43,pq,pq_512_m8_b8,pq_reconstruction_cosine,0.1,False,frozen_origin,0.1627724766731262,True,False,False,True,True,0.4450206245079328,True,stable,1,42,8
gradcam-c6bdceac5f26c69bf634,population-8caf41f0460cebd86e1607bc,survface,survface:registered_probe:5789_cam1_26,adaface-4df25b75e065b0b9ed43,pq,pq_512_m8_b8,pq_reconstruction_cosine,0.1,True,frozen_origin,0.1163455843925476,True,False,False,True,True,0.4577565593941192,True,stable,2,42,8
gradcam-a63dbdacb1d3c2dadf4b,population-8caf41f0460cebd86e1607bc,survface,survface:unknown_unknown_probe:5691_cam2_2,adaface-4df25b75e065b0b9ed43,pq,pq_512_m8_b8,pq_reconstruction_cosine,0.1,False,frozen_origin,0.0959096550941467,True,False,False,True,True,0.4627139382819893,True,stable,3,42,8
gradcam-3bb3d4f9e920fd445c2d,population-8caf41f0460cebd86e1607bc,survface,survface:registered_probe:5647_cam1_47,adaface-4df25b75e065b0b9ed43,pq,pq_512_m8_b8,pq_reconstruction_cosine,0.1,True,frozen_origin,0.0543824434280395,True,False,False,True,True,0.4631379176763697,True,stable,4,42,8
gradcam-0bba3b8537336f21a6c5,population-8caf41f0460cebd86e1607bc,survface,survface:registered_probe:5789_cam1_5,adaface-4df25b75e065b0b9ed43,pq,pq_512_m8_b8,pq_reconstruction_cosine,0.1,True,frozen_origin,0.1016114354133606,True,False,False,True,True,0.4632509488964901,True,stable,5,42,8
gradcam-851e051a47cdd95a6ffa,population-8caf41f0460cebd86e1607bc,survface,survface:registered_probe:5852_cam2_3,adaface-4df25b75e065b0b9ed43,pq,pq_512_m8_b8,pq_reconstruction_cosine,0.1,True,frozen_origin,0.0936958789825439,True,False,False,True,True,0.4693666170562337,True,stable,6,42,8
gradcam-5d42f16956aac160d597,population-8caf41f0460cebd86e1607bc,survface,survface:registered_probe:5647_cam1_249,adaface-4df25b75e065b0b9ed43,pq,pq_512_m8_b8,pq_reconstruction_cosine,0.1,True,frozen_origin,0.0586966872215271,True,False,False,True,True,0.4698279505350819,True,stable,7,42,8
gradcam-08149d7bcf0eea45d2af,population-8caf41f0460cebd86e1607bc,survface,survface:registered_probe:5716_cam2_13,adaface-4df25b75e065b0b9ed43,pq,pq_512_m8_b8,pq_reconstruction_cosine,0.1,True,frozen_origin,0.1236317753791809,True,False,False,True,True,0.4709491967728583,True,stable,8,42,8
gradcam-83bfe5d0b12cb798af57,population-8caf41f0460cebd86e1607bc,survface,survface:registered_probe:8645_cam2_15,adaface-4df25b75e065b0b9ed43,pq,pq_512_m8_b8,pq_reconstruction_cosine,0.1,True,frozen_origin,0.460889607667923,False,True,False,True,True,1.231745100608097,True,threshold_crossing,1,42,8
gradcam-0dbcf792a25870dd44ce,population-8caf41f0460cebd86e1607bc,survface,survface:unknown_unknown_probe:9062_cam2_57,adaface-4df25b75e065b0b9ed43,pq,pq_512_m8_b8,pq_reconstruction_cosine,0.1,False,frozen_origin,0.4439448714256286,False,True,False,True,True,1.1719569572014688,True,threshold_crossing,2,42,8
gradcam-e84e558de08fcbed06b6,population-8caf41f0460cebd86e1607bc,survface,survface:unknown_unknown_probe:10181_cam2_49,adaface-4df25b75e065b0b9ed43,pq,pq_512_m8_b8,pq_reconstruction_cosine,0.1,False,frozen_origin,0.4806197881698608,False,True,False,True,True,1.1694842446753144,True,threshold_crossing,3,42,8
gradcam-bd51c50e882898924341,population-8caf41f0460cebd86e1607bc,survface,survface:registered_probe:844_cam2_1,adaface-4df25b75e065b0b9ed43,pq,pq_512_m8_b8,pq_reconstruction_cosine,0.1,True,frozen_origin,0.1219211816787719,True,True,False,True,True,1.155593194928795,True,threshold_crossing,4,42,8
gradcam-7adae27986b079306fb4,population-8caf41f0460cebd86e1607bc,survface,survface:unknown_unknown_probe:distractors_5431,adaface-4df25b75e065b0b9ed43,pq,pq_512_m8_b8,pq_reconstruction_cosine,0.1,False,frozen_origin,0.4067018330097198,False,True,False,True,True,1.153578875922988,True,threshold_crossing,5,42,8
gradcam-71af8c7b13ffaf882ac6,population-8caf41f0460cebd86e1607bc,survface,survface:registered_probe:4686_cam2_1,adaface-4df25b75e065b0b9ed43,pq,pq_512_m8_b8,pq_reconstruction_cosine,0.1,True,frozen_origin,0.3940404057502746,False,True,False,True,True,1.153063546044748,True,threshold_crossing,6,42,8
gradcam-6c9712d89bd113d2b9b4,population-8caf41f0460cebd86e1607bc,survface,survface:registered_probe:8351_cam1_27,adaface-4df25b75e065b0b9ed43,pq,pq_512_m8_b8,pq_reconstruction_cosine,0.1,True,frozen_origin,0.4332956969738006,False,True,False,True,True,1.1513974500007929,True,threshold_crossing,7,42,8
gradcam-0d32c558fb29015bb283,population-8caf41f0460cebd86e1607bc,survface,survface:unknown_unknown_probe:2098_cam2_1,adaface-4df25b75e065b0b9ed43,pq,pq_512_m8_b8,pq_reconstruction_cosine,0.1,False,frozen_origin,0.5510801076889038,False,True,False,True,True,1.1488377796858,True,threshold_crossing,8,42,8
